task_id,stage_label,split_index,regime_id,regime_weights,shift_type,recurrence_of,parameter_distance,num_events,split,sequence_id,source
0,A_1_initial,0,A_1,"{""A_1"":1.0}",initial,,0.0,64,train,task_00_train_00000,stream
0,A_1_initial,1,A_1,"{""A_1"":1.0}",initial,,0.0,64,train,task_00_train_00001,stream
0,A_1_initial,2,A_1,"{""A_1"":1.0}",initial,,0.0,64,train,task_00_train_00002,stream
0,A_1_initial,3,A_1,"{""A_1"":1.0}",initial,,0.0,64,train,task_00_train_00003,stream
0,A_1_initial,4,A_1,"{""A_1"":1.0}",initial,,0.0,64,train,task_00_train_00004,stream
0,A_1_initial,5,A_1,"{""A_1"":1.0}",initial,,0.0,64,train,task_00_train_00005,stream
0,A_1_initial,6,A_1,"{""A_1"":1.0}",initial,,0.0,64,train,task_00_train_00006,stream
0,A_1_initial,7,A_1,"{""A_1"":1.0}",initial,,0.0,64,train,task_00_train_00007,stream
0,A_1_initial,8,A_1,"{""A_1"":1.0}",initial,,0.0,64,train,task_00_train_00008,stream
0,A_1_initial,9,A_1,"{""A_1"":1.0}",initial,,0.0,64,train,task_00_train_00009,stream
0,A_1_initial,10,A_1,"{""A_1"":1.0}",initial,,0.0,64,train,task_00_train_00010,stream
0,A_1_initial,11,A_1,"{""A_1"":1.0}",initial,,0.0,64,train,task_00_train_00011,stream
0,A_1_initial,12,A_1,"{""A_1"":1.0}",initial,,0.0,64,train,task_00_train_00012,stream
0,A_1_initial,13,A_1,"{""A_1"":1.0}",initial,,0.0,64,train,task_00_train_00013,stream
0,A_1_initial,14,A_1,"{""A_1"":1.0}",initial,,0.0,64,train,task_00_train_00014,stream
0,A_1_initial,15,A_1,"{""A_1"":1.0}",initial,,0.0,64,train,task_00_train_00015,stream
0,A_1_initial,16,A_1,"{""A_1"":1.0}",initial,,0.0,64,train,task_00_train_00016,stream
0,A_1_initial,17,A_1,"{""A_1"":1.0}",initial,,0.0,64,train,task_00_train_00017,stream
0,A_1_initial,18,A_1,"{""A_1"":1.0}",initial,,0.0,64,train,task_00_train_00018,stream
0,A_1_initial,19,A_1,"{""A_1"":1.0}",initial,,0.0,64,train,task_00_train_00019,stream
0,A_1_initial,20,A_1,"{""A_1"":1.0}",initial,,0.0,64,train,task_00_train_00020,stream
0,A_1_initial,21,A_1,"{""A_1"":1.0}",initial,,0.0,64,train,task_00_train_00021,stream
0,A_1_initial,22,A_1,"{""A_1"":1.0}",initial,,0.0,64,train,task_00_train_00022,stream
0,A_1_initial,23,A_1,"{""A_1"":1.0}",initial,,0.0,64,train,task_00_train_00023,stream
0,A_1_initial,24,A_1,"{""A_1"":1.0}",initial,,0.0,64,train,task_00_train_00024,stream
0,A_1_initial,25,A_1,"{""A_1"":1.0}",initial,,0.0,64,train,task_00_train_00025,stream
0,A_1_initial,26,A_1,"{""A_1"":1.0}",initial,,0.0,64,train,task_00_train_00026,stream
0,A_1_initial,27,A_1,"{""A_1"":1.0}",initial,,0.0,64,train,task_00_train_00027,stream
0,A_1_initial,28,A_1,"{""A_1"":1.0}",initial,,0.0,64,train,task_00_train_00028,stream
0,A_1_initial,29,A_1,"{""A_1"":1.0}",initial,,0.0,64,train,task_00_train_00029,stream
0,A_1_initial,30,A_1,"{""A_1"":1.0}",initial,,0.0,64,train,task_00_train_00030,stream
0,A_1_initial,31,A_1,"{""A_1"":1.0}",initial,,0.0,64,train,task_00_train_00031,stream
0,A_1_initial,32,A_1,"{""A_1"":1.0}",initial,,0.0,64,train,task_00_train_00032,stream
0,A_1_initial,33,A_1,"{""A_1"":1.0}",initial,,0.0,64,train,task_00_train_00033,stream
0,A_1_initial,34,A_1,"{""A_1"":1.0}",initial,,0.0,64,train,task_00_train_00034,stream
0,A_1_initial,35,A_1,"{""A_1"":1.0}",initial,,0.0,64,train,task_00_train_00035,stream
0,A_1_initial,36,A_1,"{""A_1"":1.0}",initial,,0.0,64,train,task_00_train_00036,stream
0,A_1_initial,37,A_1,"{""A_1"":1.0}",initial,,0.0,64,train,task_00_train_00037,stream
0,A_1_initial,38,A_1,"{""A_1"":1.0}",initial,,0.0,64,train,task_00_train_00038,stream
0,A_1_initial,39,A_1,"{""A_1"":1.0}",initial,,0.0,64,train,task_00_train_00039,stream
0,A_1_initial,40,A_1,"{""A_1"":1.0}",initial,,0.0,64,train,task_00_train_00040,stream
0,A_1_initial,41,A_1,"{""A_1"":1.0}",initial,,0.0,64,train,task_00_train_00041,stream
0,A_1_initial,42,A_1,"{""A_1"":1.0}",initial,,0.0,64,train,task_00_train_00042,stream
0,A_1_initial,43,A_1,"{""A_1"":1.0}",initial,,0.0,64,train,task_00_train_00043,stream
0,A_1_initial,44,A_1,"{""A_1"":1.0}",initial,,0.0,64,train,task_00_train_00044,stream
0,A_1_initial,45,A_1,"{""A_1"":1.0}",initial,,0.0,64,train,task_00_train_00045,stream
0,A_1_initial,46,A_1,"{""A_1"":1.0}",initial,,0.0,64,train,task_00_train_00046,stream
0,A_1_initial,47,A_1,"{""A_1"":1.0}",initial,,0.0,64,train,task_00_train_00047,stream
0,A_1_initial,48,A_1,"{""A_1"":1.0}",initial,,0.0,64,train,task_00_train_00048,stream
0,A_1_initial,49,A_1,"{""A_1"":1.0}",initial,,0.0,64,train,task_00_train_00049,stream
0,A_1_initial,50,A_1,"{""A_1"":1.0}",initial,,0.0,64,train,task_00_train_00050,stream
0,A_1_initial,51,A_1,"{""A_1"":1.0}",initial,,0.0,64,train,task_00_train_00051,stream
0,A_1_initial,52,A_1,"{""A_1"":1.0}",initial,,0.0,64,train,task_00_train_00052,stream
0,A_1_initial,53,A_1,"{""A_1"":1.0}",initial,,0.0,64,train,task_00_train_00053,stream
0,A_1_initial,54,A_1,"{""A_1"":1.0}",initial,,0.0,64,train,task_00_train_00054,stream
0,A_1_initial,55,A_1,"{""A_1"":1.0}",initial,,0.0,64,train,task_00_train_00055,stream
0,A_1_initial,56,A_1,"{""A_1"":1.0}",initial,,0.0,64,train,task_00_train_00056,stream
0,A_1_initial,57,A_1,"{""A_1"":1.0}",initial,,0.0,64,train,task_00_train_00057,stream
0,A_1_initial,58,A_1,"{""A_1"":1.0}",initial,,0.0,64,train,task_00_train_00058,stream
0,A_1_initial,59,A_1,"{""A_1"":1.0}",initial,,0.0,64,train,task_00_train_00059,stream
0,A_1_initial,60,A_1,"{""A_1"":1.0}",initial,,0.0,64,train,task_00_train_00060,stream
0,A_1_initial,61,A_1,"{""A_1"":1.0}",initial,,0.0,64,train,task_00_train_00061,stream
0,A_1_initial,62,A_1,"{""A_1"":1.0}",initial,,0.0,64,train,task_00_train_00062,stream
0,A_1_initial,63,A_1,"{""A_1"":1.0}",initial,,0.0,64,train,task_00_train_00063,stream
0,A_1_initial,64,A_1,"{""A_1"":1.0}",initial,,0.0,64,train,task_00_train_00064,stream
0,A_1_initial,65,A_1,"{""A_1"":1.0}",initial,,0.0,64,train,task_00_train_00065,stream
0,A_1_initial,66,A_1,"{""A_1"":1.0}",initial,,0.0,64,train,task_00_train_00066,stream
0,A_1_initial,67,A_1,"{""A_1"":1.0}",initial,,0.0,64,train,task_00_train_00067,stream
0,A_1_initial,68,A_1,"{""A_1"":1.0}",initial,,0.0,64,train,task_00_train_00068,stream
0,A_1_initial,69,A_1,"{""A_1"":1.0}",initial,,0.0,64,train,task_00_train_00069,stream
0,A_1_initial,70,A_1,"{""A_1"":1.0}",initial,,0.0,64,train,task_00_train_00070,stream
0,A_1_initial,71,A_1,"{""A_1"":1.0}",initial,,0.0,64,train,task_00_train_00071,stream
0,A_1_initial,72,A_1,"{""A_1"":1.0}",initial,,0.0,64,train,task_00_train_00072,stream
0,A_1_initial,73,A_1,"{""A_1"":1.0}",initial,,0.0,64,train,task_00_train_00073,stream
0,A_1_initial,74,A_1,"{""A_1"":1.0}",initial,,0.0,64,train,task_00_train_00074,stream
0,A_1_initial,75,A_1,"{""A_1"":1.0}",initial,,0.0,64,train,task_00_train_00075,stream
0,A_1_initial,76,A_1,"{""A_1"":1.0}",initial,,0.0,64,train,task_00_train_00076,stream
0,A_1_initial,77,A_1,"{""A_1"":1.0}",initial,,0.0,64,train,task_00_train_00077,stream
0,A_1_initial,78,A_1,"{""A_1"":1.0}",initial,,0.0,64,train,task_00_train_00078,stream
0,A_1_initial,79,A_1,"{""A_1"":1.0}",initial,,0.0,64,train,task_00_train_00079,stream
0,A_1_initial,80,A_1,"{""A_1"":1.0}",initial,,0.0,64,train,task_00_train_00080,stream
0,A_1_initial,81,A_1,"{""A_1"":1.0}",initial,,0.0,64,train,task_00_train_00081,stream
0,A_1_initial,82,A_1,"{""A_1"":1.0}",initial,,0.0,64,train,task_00_train_00082,stream
0,A_1_initial,83,A_1,"{""A_1"":1.0}",initial,,0.0,64,train,task_00_train_00083,stream
0,A_1_initial,84,A_1,"{""A_1"":1.0}",initial,,0.0,64,train,task_00_train_00084,stream
0,A_1_initial,85,A_1,"{""A_1"":1.0}",initial,,0.0,64,train,task_00_train_00085,stream
0,A_1_initial,86,A_1,"{""A_1"":1.0}",initial,,0.0,64,train,task_00_train_00086,stream
0,A_1_initial,87,A_1,"{""A_1"":1.0}",initial,,0.0,64,train,task_00_train_00087,stream
0,A_1_initial,88,A_1,"{""A_1"":1.0}",initial,,0.0,64,train,task_00_train_00088,stream
0,A_1_initial,89,A_1,"{""A_1"":1.0}",initial,,0.0,64,train,task_00_train_00089,stream
0,A_1_initial,90,A_1,"{""A_1"":1.0}",initial,,0.0,64,train,task_00_train_00090,stream
0,A_1_initial,91,A_1,"{""A_1"":1.0}",initial,,0.0,64,train,task_00_train_00091,stream
0,A_1_initial,92,A_1,"{""A_1"":1.0}",initial,,0.0,64,train,task_00_train_00092,stream
0,A_1_initial,93,A_1,"{""A_1"":1.0}",initial,,0.0,64,train,task_00_train_00093,stream
0,A_1_initial,94,A_1,"{""A_1"":1.0}",initial,,0.0,64,train,task_00_train_00094,stream
0,A_1_initial,95,A_1,"{""A_1"":1.0}",initial,,0.0,64,train,task_00_train_00095,stream
0,A_1_initial,96,A_1,"{""A_1"":1.0}",initial,,0.0,64,train,task_00_train_00096,stream
0,A_1_initial,97,A_1,"{""A_1"":1.0}",initial,,0.0,64,train,task_00_train_00097,stream
0,A_1_initial,98,A_1,"{""A_1"":1.0}",initial,,0.0,64,train,task_00_train_00098,stream
0,A_1_initial,99,A_1,"{""A_1"":1.0}",initial,,0.0,64,train,task_00_train_00099,stream
0,A_1_initial,100,A_1,"{""A_1"":1.0}",initial,,0.0,64,train,task_00_train_00100,stream
0,A_1_initial,101,A_1,"{""A_1"":1.0}",initial,,0.0,64,train,task_00_train_00101,stream
0,A_1_initial,102,A_1,"{""A_1"":1.0}",initial,,0.0,64,train,task_00_train_00102,stream
0,A_1_initial,103,A_1,"{""A_1"":1.0}",initial,,0.0,64,train,task_00_train_00103,stream
0,A_1_initial,104,A_1,"{""A_1"":1.0}",initial,,0.0,64,train,task_00_train_00104,stream
0,A_1_initial,105,A_1,"{""A_1"":1.0}",initial,,0.0,64,train,task_00_train_00105,stream
0,A_1_initial,106,A_1,"{""A_1"":1.0}",initial,,0.0,64,train,task_00_train_00106,stream
0,A_1_initial,107,A_1,"{""A_1"":1.0}",initial,,0.0,64,train,task_00_train_00107,stream
0,A_1_initial,108,A_1,"{""A_1"":1.0}",initial,,0.0,64,train,task_00_train_00108,stream
0,A_1_initial,109,A_1,"{""A_1"":1.0}",initial,,0.0,64,train,task_00_train_00109,stream
0,A_1_initial,110,A_1,"{""A_1"":1.0}",initial,,0.0,64,train,task_00_train_00110,stream
0,A_1_initial,111,A_1,"{""A_1"":1.0}",initial,,0.0,64,train,task_00_train_00111,stream
0,A_1_initial,112,A_1,"{""A_1"":1.0}",initial,,0.0,64,train,task_00_train_00112,stream
0,A_1_initial,113,A_1,"{""A_1"":1.0}",initial,,0.0,64,train,task_00_train_00113,stream
0,A_1_initial,114,A_1,"{""A_1"":1.0}",initial,,0.0,64,train,task_00_train_00114,stream
0,A_1_initial,115,A_1,"{""A_1"":1.0}",initial,,0.0,64,train,task_00_train_00115,stream
0,A_1_initial,116,A_1,"{""A_1"":1.0}",initial,,0.0,64,train,task_00_train_00116,stream
0,A_1_initial,117,A_1,"{""A_1"":1.0}",initial,,0.0,64,train,task_00_train_00117,stream
0,A_1_initial,118,A_1,"{""A_1"":1.0}",initial,,0.0,64,train,task_00_train_00118,stream
0,A_1_initial,119,A_1,"{""A_1"":1.0}",initial,,0.0,64,train,task_00_train_00119,stream
0,A_1_initial,120,A_1,"{""A_1"":1.0}",initial,,0.0,64,train,task_00_train_00120,stream
0,A_1_initial,121,A_1,"{""A_1"":1.0}",initial,,0.0,64,train,task_00_train_00121,stream
0,A_1_initial,122,A_1,"{""A_1"":1.0}",initial,,0.0,64,train,task_00_train_00122,stream
0,A_1_initial,123,A_1,"{""A_1"":1.0}",initial,,0.0,64,train,task_00_train_00123,stream
0,A_1_initial,124,A_1,"{""A_1"":1.0}",initial,,0.0,64,train,task_00_train_00124,stream
0,A_1_initial,125,A_1,"{""A_1"":1.0}",initial,,0.0,64,train,task_00_train_00125,stream
0,A_1_initial,126,A_1,"{""A_1"":1.0}",initial,,0.0,64,train,task_00_train_00126,stream
0,A_1_initial,127,A_1,"{""A_1"":1.0}",initial,,0.0,64,train,task_00_train_00127,stream
0,A_1_initial,0,A_1,"{""A_1"":1.0}",initial,,0.0,64,val,task_00_val_00000,stream
0,A_1_initial,1,A_1,"{""A_1"":1.0}",initial,,0.0,64,val,task_00_val_00001,stream
0,A_1_initial,2,A_1,"{""A_1"":1.0}",initial,,0.0,64,val,task_00_val_00002,stream
0,A_1_initial,3,A_1,"{""A_1"":1.0}",initial,,0.0,64,val,task_00_val_00003,stream
0,A_1_initial,4,A_1,"{""A_1"":1.0}",initial,,0.0,64,val,task_00_val_00004,stream
0,A_1_initial,5,A_1,"{""A_1"":1.0}",initial,,0.0,64,val,task_00_val_00005,stream
0,A_1_initial,6,A_1,"{""A_1"":1.0}",initial,,0.0,64,val,task_00_val_00006,stream
0,A_1_initial,7,A_1,"{""A_1"":1.0}",initial,,0.0,64,val,task_00_val_00007,stream
0,A_1_initial,8,A_1,"{""A_1"":1.0}",initial,,0.0,64,val,task_00_val_00008,stream
0,A_1_initial,9,A_1,"{""A_1"":1.0}",initial,,0.0,64,val,task_00_val_00009,stream
0,A_1_initial,10,A_1,"{""A_1"":1.0}",initial,,0.0,64,val,task_00_val_00010,stream
0,A_1_initial,11,A_1,"{""A_1"":1.0}",initial,,0.0,64,val,task_00_val_00011,stream
0,A_1_initial,12,A_1,"{""A_1"":1.0}",initial,,0.0,64,val,task_00_val_00012,stream
0,A_1_initial,13,A_1,"{""A_1"":1.0}",initial,,0.0,64,val,task_00_val_00013,stream
0,A_1_initial,14,A_1,"{""A_1"":1.0}",initial,,0.0,64,val,task_00_val_00014,stream
0,A_1_initial,15,A_1,"{""A_1"":1.0}",initial,,0.0,64,val,task_00_val_00015,stream
0,A_1_initial,16,A_1,"{""A_1"":1.0}",initial,,0.0,64,val,task_00_val_00016,stream
0,A_1_initial,17,A_1,"{""A_1"":1.0}",initial,,0.0,64,val,task_00_val_00017,stream
0,A_1_initial,18,A_1,"{""A_1"":1.0}",initial,,0.0,64,val,task_00_val_00018,stream
0,A_1_initial,19,A_1,"{""A_1"":1.0}",initial,,0.0,64,val,task_00_val_00019,stream
0,A_1_initial,20,A_1,"{""A_1"":1.0}",initial,,0.0,64,val,task_00_val_00020,stream
0,A_1_initial,21,A_1,"{""A_1"":1.0}",initial,,0.0,64,val,task_00_val_00021,stream
0,A_1_initial,22,A_1,"{""A_1"":1.0}",initial,,0.0,64,val,task_00_val_00022,stream
0,A_1_initial,23,A_1,"{""A_1"":1.0}",initial,,0.0,64,val,task_00_val_00023,stream
0,A_1_initial,24,A_1,"{""A_1"":1.0}",initial,,0.0,64,val,task_00_val_00024,stream
0,A_1_initial,25,A_1,"{""A_1"":1.0}",initial,,0.0,64,val,task_00_val_00025,stream
0,A_1_initial,26,A_1,"{""A_1"":1.0}",initial,,0.0,64,val,task_00_val_00026,stream
0,A_1_initial,27,A_1,"{""A_1"":1.0}",initial,,0.0,64,val,task_00_val_00027,stream
0,A_1_initial,28,A_1,"{""A_1"":1.0}",initial,,0.0,64,val,task_00_val_00028,stream
0,A_1_initial,29,A_1,"{""A_1"":1.0}",initial,,0.0,64,val,task_00_val_00029,stream
0,A_1_initial,30,A_1,"{""A_1"":1.0}",initial,,0.0,64,val,task_00_val_00030,stream
0,A_1_initial,31,A_1,"{""A_1"":1.0}",initial,,0.0,64,val,task_00_val_00031,stream
0,A_1_initial,0,A_1,"{""A_1"":1.0}",initial,,0.0,64,test,task_00_test_00000,stream
0,A_1_initial,1,A_1,"{""A_1"":1.0}",initial,,0.0,64,test,task_00_test_00001,stream
0,A_1_initial,2,A_1,"{""A_1"":1.0}",initial,,0.0,64,test,task_00_test_00002,stream
0,A_1_initial,3,A_1,"{""A_1"":1.0}",initial,,0.0,64,test,task_00_test_00003,stream
0,A_1_initial,4,A_1,"{""A_1"":1.0}",initial,,0.0,64,test,task_00_test_00004,stream
0,A_1_initial,5,A_1,"{""A_1"":1.0}",initial,,0.0,64,test,task_00_test_00005,stream
0,A_1_initial,6,A_1,"{""A_1"":1.0}",initial,,0.0,64,test,task_00_test_00006,stream
0,A_1_initial,7,A_1,"{""A_1"":1.0}",initial,,0.0,64,test,task_00_test_00007,stream
0,A_1_initial,8,A_1,"{""A_1"":1.0}",initial,,0.0,64,test,task_00_test_00008,stream
0,A_1_initial,9,A_1,"{""A_1"":1.0}",initial,,0.0,64,test,task_00_test_00009,stream
0,A_1_initial,10,A_1,"{""A_1"":1.0}",initial,,0.0,64,test,task_00_test_00010,stream
0,A_1_initial,11,A_1,"{""A_1"":1.0}",initial,,0.0,64,test,task_00_test_00011,stream
0,A_1_initial,12,A_1,"{""A_1"":1.0}",initial,,0.0,64,test,task_00_test_00012,stream
0,A_1_initial,13,A_1,"{""A_1"":1.0}",initial,,0.0,64,test,task_00_test_00013,stream
0,A_1_initial,14,A_1,"{""A_1"":1.0}",initial,,0.0,64,test,task_00_test_00014,stream
0,A_1_initial,15,A_1,"{""A_1"":1.0}",initial,,0.0,64,test,task_00_test_00015,stream
0,A_1_initial,16,A_1,"{""A_1"":1.0}",initial,,0.0,64,test,task_00_test_00016,stream
0,A_1_initial,17,A_1,"{""A_1"":1.0}",initial,,0.0,64,test,task_00_test_00017,stream
0,A_1_initial,18,A_1,"{""A_1"":1.0}",initial,,0.0,64,test,task_00_test_00018,stream
0,A_1_initial,19,A_1,"{""A_1"":1.0}",initial,,0.0,64,test,task_00_test_00019,stream
0,A_1_initial,20,A_1,"{""A_1"":1.0}",initial,,0.0,64,test,task_00_test_00020,stream
0,A_1_initial,21,A_1,"{""A_1"":1.0}",initial,,0.0,64,test,task_00_test_00021,stream
0,A_1_initial,22,A_1,"{""A_1"":1.0}",initial,,0.0,64,test,task_00_test_00022,stream
0,A_1_initial,23,A_1,"{""A_1"":1.0}",initial,,0.0,64,test,task_00_test_00023,stream
0,A_1_initial,24,A_1,"{""A_1"":1.0}",initial,,0.0,64,test,task_00_test_00024,stream
0,A_1_initial,25,A_1,"{""A_1"":1.0}",initial,,0.0,64,test,task_00_test_00025,stream
0,A_1_initial,26,A_1,"{""A_1"":1.0}",initial,,0.0,64,test,task_00_test_00026,stream
0,A_1_initial,27,A_1,"{""A_1"":1.0}",initial,,0.0,64,test,task_00_test_00027,stream
0,A_1_initial,28,A_1,"{""A_1"":1.0}",initial,,0.0,64,test,task_00_test_00028,stream
0,A_1_initial,29,A_1,"{""A_1"":1.0}",initial,,0.0,64,test,task_00_test_00029,stream
0,A_1_initial,30,A_1,"{""A_1"":1.0}",initial,,0.0,64,test,task_00_test_00030,stream
0,A_1_initial,31,A_1,"{""A_1"":1.0}",initial,,0.0,64,test,task_00_test_00031,stream
1,B_1_novel,0,B_1,"{""B_1"":1.0}",novel,,0.0,64,train,task_01_train_00000,stream
1,B_1_novel,1,B_1,"{""B_1"":1.0}",novel,,0.0,64,train,task_01_train_00001,stream
1,B_1_novel,2,B_1,"{""B_1"":1.0}",novel,,0.0,64,train,task_01_train_00002,stream
1,B_1_novel,3,B_1,"{""B_1"":1.0}",novel,,0.0,64,train,task_01_train_00003,stream
1,B_1_novel,4,B_1,"{""B_1"":1.0}",novel,,0.0,64,train,task_01_train_00004,stream
1,B_1_novel,5,B_1,"{""B_1"":1.0}",novel,,0.0,64,train,task_01_train_00005,stream
1,B_1_novel,6,B_1,"{""B_1"":1.0}",novel,,0.0,64,train,task_01_train_00006,stream
1,B_1_novel,7,B_1,"{""B_1"":1.0}",novel,,0.0,64,train,task_01_train_00007,stream
1,B_1_novel,8,B_1,"{""B_1"":1.0}",novel,,0.0,64,train,task_01_train_00008,stream
1,B_1_novel,9,B_1,"{""B_1"":1.0}",novel,,0.0,64,train,task_01_train_00009,stream
1,B_1_novel,10,B_1,"{""B_1"":1.0}",novel,,0.0,64,train,task_01_train_00010,stream
1,B_1_novel,11,B_1,"{""B_1"":1.0}",novel,,0.0,64,train,task_01_train_00011,stream
1,B_1_novel,12,B_1,"{""B_1"":1.0}",novel,,0.0,64,train,task_01_train_00012,stream
1,B_1_novel,13,B_1,"{""B_1"":1.0}",novel,,0.0,64,train,task_01_train_00013,stream
1,B_1_novel,14,B_1,"{""B_1"":1.0}",novel,,0.0,64,train,task_01_train_00014,stream
1,B_1_novel,15,B_1,"{""B_1"":1.0}",novel,,0.0,64,train,task_01_train_00015,stream
1,B_1_novel,16,B_1,"{""B_1"":1.0}",novel,,0.0,64,train,task_01_train_00016,stream
1,B_1_novel,17,B_1,"{""B_1"":1.0}",novel,,0.0,64,train,task_01_train_00017,stream
1,B_1_novel,18,B_1,"{""B_1"":1.0}",novel,,0.0,64,train,task_01_train_00018,stream
1,B_1_novel,19,B_1,"{""B_1"":1.0}",novel,,0.0,64,train,task_01_train_00019,stream
1,B_1_novel,20,B_1,"{""B_1"":1.0}",novel,,0.0,64,train,task_01_train_00020,stream
1,B_1_novel,21,B_1,"{""B_1"":1.0}",novel,,0.0,64,train,task_01_train_00021,stream
1,B_1_novel,22,B_1,"{""B_1"":1.0}",novel,,0.0,64,train,task_01_train_00022,stream
1,B_1_novel,23,B_1,"{""B_1"":1.0}",novel,,0.0,64,train,task_01_train_00023,stream
1,B_1_novel,24,B_1,"{""B_1"":1.0}",novel,,0.0,64,train,task_01_train_00024,stream
1,B_1_novel,25,B_1,"{""B_1"":1.0}",novel,,0.0,64,train,task_01_train_00025,stream
1,B_1_novel,26,B_1,"{""B_1"":1.0}",novel,,0.0,64,train,task_01_train_00026,stream
1,B_1_novel,27,B_1,"{""B_1"":1.0}",novel,,0.0,64,train,task_01_train_00027,stream
1,B_1_novel,28,B_1,"{""B_1"":1.0}",novel,,0.0,64,train,task_01_train_00028,stream
1,B_1_novel,29,B_1,"{""B_1"":1.0}",novel,,0.0,64,train,task_01_train_00029,stream
1,B_1_novel,30,B_1,"{""B_1"":1.0}",novel,,0.0,64,train,task_01_train_00030,stream
1,B_1_novel,31,B_1,"{""B_1"":1.0}",novel,,0.0,64,train,task_01_train_00031,stream
1,B_1_novel,32,B_1,"{""B_1"":1.0}",novel,,0.0,64,train,task_01_train_00032,stream
1,B_1_novel,33,B_1,"{""B_1"":1.0}",novel,,0.0,64,train,task_01_train_00033,stream
1,B_1_novel,34,B_1,"{""B_1"":1.0}",novel,,0.0,64,train,task_01_train_00034,stream
1,B_1_novel,35,B_1,"{""B_1"":1.0}",novel,,0.0,64,train,task_01_train_00035,stream
1,B_1_novel,36,B_1,"{""B_1"":1.0}",novel,,0.0,64,train,task_01_train_00036,stream
1,B_1_novel,37,B_1,"{""B_1"":1.0}",novel,,0.0,64,train,task_01_train_00037,stream
1,B_1_novel,38,B_1,"{""B_1"":1.0}",novel,,0.0,64,train,task_01_train_00038,stream
1,B_1_novel,39,B_1,"{""B_1"":1.0}",novel,,0.0,64,train,task_01_train_00039,stream
1,B_1_novel,40,B_1,"{""B_1"":1.0}",novel,,0.0,64,train,task_01_train_00040,stream
1,B_1_novel,41,B_1,"{""B_1"":1.0}",novel,,0.0,64,train,task_01_train_00041,stream
1,B_1_novel,42,B_1,"{""B_1"":1.0}",novel,,0.0,64,train,task_01_train_00042,stream
1,B_1_novel,43,B_1,"{""B_1"":1.0}",novel,,0.0,64,train,task_01_train_00043,stream
1,B_1_novel,44,B_1,"{""B_1"":1.0}",novel,,0.0,64,train,task_01_train_00044,stream
1,B_1_novel,45,B_1,"{""B_1"":1.0}",novel,,0.0,64,train,task_01_train_00045,stream
1,B_1_novel,46,B_1,"{""B_1"":1.0}",novel,,0.0,64,train,task_01_train_00046,stream
1,B_1_novel,47,B_1,"{""B_1"":1.0}",novel,,0.0,64,train,task_01_train_00047,stream
1,B_1_novel,48,B_1,"{""B_1"":1.0}",novel,,0.0,64,train,task_01_train_00048,stream
1,B_1_novel,49,B_1,"{""B_1"":1.0}",novel,,0.0,64,train,task_01_train_00049,stream
1,B_1_novel,50,B_1,"{""B_1"":1.0}",novel,,0.0,64,train,task_01_train_00050,stream
1,B_1_novel,51,B_1,"{""B_1"":1.0}",novel,,0.0,64,train,task_01_train_00051,stream
1,B_1_novel,52,B_1,"{""B_1"":1.0}",novel,,0.0,64,train,task_01_train_00052,stream
1,B_1_novel,53,B_1,"{""B_1"":1.0}",novel,,0.0,64,train,task_01_train_00053,stream
1,B_1_novel,54,B_1,"{""B_1"":1.0}",novel,,0.0,64,train,task_01_train_00054,stream
1,B_1_novel,55,B_1,"{""B_1"":1.0}",novel,,0.0,64,train,task_01_train_00055,stream
1,B_1_novel,56,B_1,"{""B_1"":1.0}",novel,,0.0,64,train,task_01_train_00056,stream
1,B_1_novel,57,B_1,"{""B_1"":1.0}",novel,,0.0,64,train,task_01_train_00057,stream
1,B_1_novel,58,B_1,"{""B_1"":1.0}",novel,,0.0,64,train,task_01_train_00058,stream
1,B_1_novel,59,B_1,"{""B_1"":1.0}",novel,,0.0,64,train,task_01_train_00059,stream
1,B_1_novel,60,B_1,"{""B_1"":1.0}",novel,,0.0,64,train,task_01_train_00060,stream
1,B_1_novel,61,B_1,"{""B_1"":1.0}",novel,,0.0,64,train,task_01_train_00061,stream
1,B_1_novel,62,B_1,"{""B_1"":1.0}",novel,,0.0,64,train,task_01_train_00062,stream
1,B_1_novel,63,B_1,"{""B_1"":1.0}",novel,,0.0,64,train,task_01_train_00063,stream
1,B_1_novel,64,B_1,"{""B_1"":1.0}",novel,,0.0,64,train,task_01_train_00064,stream
1,B_1_novel,65,B_1,"{""B_1"":1.0}",novel,,0.0,64,train,task_01_train_00065,stream
1,B_1_novel,66,B_1,"{""B_1"":1.0}",novel,,0.0,64,train,task_01_train_00066,stream
1,B_1_novel,67,B_1,"{""B_1"":1.0}",novel,,0.0,64,train,task_01_train_00067,stream
1,B_1_novel,68,B_1,"{""B_1"":1.0}",novel,,0.0,64,train,task_01_train_00068,stream
1,B_1_novel,69,B_1,"{""B_1"":1.0}",novel,,0.0,64,train,task_01_train_00069,stream
1,B_1_novel,70,B_1,"{""B_1"":1.0}",novel,,0.0,64,train,task_01_train_00070,stream
1,B_1_novel,71,B_1,"{""B_1"":1.0}",novel,,0.0,64,train,task_01_train_00071,stream
1,B_1_novel,72,B_1,"{""B_1"":1.0}",novel,,0.0,64,train,task_01_train_00072,stream
1,B_1_novel,73,B_1,"{""B_1"":1.0}",novel,,0.0,64,train,task_01_train_00073,stream
1,B_1_novel,74,B_1,"{""B_1"":1.0}",novel,,0.0,64,train,task_01_train_00074,stream
1,B_1_novel,75,B_1,"{""B_1"":1.0}",novel,,0.0,64,train,task_01_train_00075,stream
1,B_1_novel,76,B_1,"{""B_1"":1.0}",novel,,0.0,64,train,task_01_train_00076,stream
1,B_1_novel,77,B_1,"{""B_1"":1.0}",novel,,0.0,64,train,task_01_train_00077,stream
1,B_1_novel,78,B_1,"{""B_1"":1.0}",novel,,0.0,64,train,task_01_train_00078,stream
1,B_1_novel,79,B_1,"{""B_1"":1.0}",novel,,0.0,64,train,task_01_train_00079,stream
1,B_1_novel,80,B_1,"{""B_1"":1.0}",novel,,0.0,64,train,task_01_train_00080,stream
1,B_1_novel,81,B_1,"{""B_1"":1.0}",novel,,0.0,64,train,task_01_train_00081,stream
1,B_1_novel,82,B_1,"{""B_1"":1.0}",novel,,0.0,64,train,task_01_train_00082,stream
1,B_1_novel,83,B_1,"{""B_1"":1.0}",novel,,0.0,64,train,task_01_train_00083,stream
1,B_1_novel,84,B_1,"{""B_1"":1.0}",novel,,0.0,64,train,task_01_train_00084,stream
1,B_1_novel,85,B_1,"{""B_1"":1.0}",novel,,0.0,64,train,task_01_train_00085,stream
1,B_1_novel,86,B_1,"{""B_1"":1.0}",novel,,0.0,64,train,task_01_train_00086,stream
1,B_1_novel,87,B_1,"{""B_1"":1.0}",novel,,0.0,64,train,task_01_train_00087,stream
1,B_1_novel,88,B_1,"{""B_1"":1.0}",novel,,0.0,64,train,task_01_train_00088,stream
1,B_1_novel,89,B_1,"{""B_1"":1.0}",novel,,0.0,64,train,task_01_train_00089,stream
1,B_1_novel,90,B_1,"{""B_1"":1.0}",novel,,0.0,64,train,task_01_train_00090,stream
1,B_1_novel,91,B_1,"{""B_1"":1.0}",novel,,0.0,64,train,task_01_train_00091,stream
1,B_1_novel,92,B_1,"{""B_1"":1.0}",novel,,0.0,64,train,task_01_train_00092,stream
1,B_1_novel,93,B_1,"{""B_1"":1.0}",novel,,0.0,64,train,task_01_train_00093,stream
1,B_1_novel,94,B_1,"{""B_1"":1.0}",novel,,0.0,64,train,task_01_train_00094,stream
1,B_1_novel,95,B_1,"{""B_1"":1.0}",novel,,0.0,64,train,task_01_train_00095,stream
1,B_1_novel,96,B_1,"{""B_1"":1.0}",novel,,0.0,64,train,task_01_train_00096,stream
1,B_1_novel,97,B_1,"{""B_1"":1.0}",novel,,0.0,64,train,task_01_train_00097,stream
1,B_1_novel,98,B_1,"{""B_1"":1.0}",novel,,0.0,64,train,task_01_train_00098,stream
1,B_1_novel,99,B_1,"{""B_1"":1.0}",novel,,0.0,64,train,task_01_train_00099,stream
1,B_1_novel,100,B_1,"{""B_1"":1.0}",novel,,0.0,64,train,task_01_train_00100,stream
1,B_1_novel,101,B_1,"{""B_1"":1.0}",novel,,0.0,64,train,task_01_train_00101,stream
1,B_1_novel,102,B_1,"{""B_1"":1.0}",novel,,0.0,64,train,task_01_train_00102,stream
1,B_1_novel,103,B_1,"{""B_1"":1.0}",novel,,0.0,64,train,task_01_train_00103,stream
1,B_1_novel,104,B_1,"{""B_1"":1.0}",novel,,0.0,64,train,task_01_train_00104,stream
1,B_1_novel,105,B_1,"{""B_1"":1.0}",novel,,0.0,64,train,task_01_train_00105,stream
1,B_1_novel,106,B_1,"{""B_1"":1.0}",novel,,0.0,64,train,task_01_train_00106,stream
1,B_1_novel,107,B_1,"{""B_1"":1.0}",novel,,0.0,64,train,task_01_train_00107,stream
1,B_1_novel,108,B_1,"{""B_1"":1.0}",novel,,0.0,64,train,task_01_train_00108,stream
1,B_1_novel,109,B_1,"{""B_1"":1.0}",novel,,0.0,64,train,task_01_train_00109,stream
1,B_1_novel,110,B_1,"{""B_1"":1.0}",novel,,0.0,64,train,task_01_train_00110,stream
1,B_1_novel,111,B_1,"{""B_1"":1.0}",novel,,0.0,64,train,task_01_train_00111,stream
1,B_1_novel,112,B_1,"{""B_1"":1.0}",novel,,0.0,64,train,task_01_train_00112,stream
1,B_1_novel,113,B_1,"{""B_1"":1.0}",novel,,0.0,64,train,task_01_train_00113,stream
1,B_1_novel,114,B_1,"{""B_1"":1.0}",novel,,0.0,64,train,task_01_train_00114,stream
1,B_1_novel,115,B_1,"{""B_1"":1.0}",novel,,0.0,64,train,task_01_train_00115,stream
1,B_1_novel,116,B_1,"{""B_1"":1.0}",novel,,0.0,64,train,task_01_train_00116,stream
1,B_1_novel,117,B_1,"{""B_1"":1.0}",novel,,0.0,64,train,task_01_train_00117,stream
1,B_1_novel,118,B_1,"{""B_1"":1.0}",novel,,0.0,64,train,task_01_train_00118,stream
1,B_1_novel,119,B_1,"{""B_1"":1.0}",novel,,0.0,64,train,task_01_train_00119,stream
1,B_1_novel,120,B_1,"{""B_1"":1.0}",novel,,0.0,64,train,task_01_train_00120,stream
1,B_1_novel,121,B_1,"{""B_1"":1.0}",novel,,0.0,64,train,task_01_train_00121,stream
1,B_1_novel,122,B_1,"{""B_1"":1.0}",novel,,0.0,64,train,task_01_train_00122,stream
1,B_1_novel,123,B_1,"{""B_1"":1.0}",novel,,0.0,64,train,task_01_train_00123,stream
1,B_1_novel,124,B_1,"{""B_1"":1.0}",novel,,0.0,64,train,task_01_train_00124,stream
1,B_1_novel,125,B_1,"{""B_1"":1.0}",novel,,0.0,64,train,task_01_train_00125,stream
1,B_1_novel,126,B_1,"{""B_1"":1.0}",novel,,0.0,64,train,task_01_train_00126,stream
1,B_1_novel,127,B_1,"{""B_1"":1.0}",novel,,0.0,64,train,task_01_train_00127,stream
1,B_1_novel,0,B_1,"{""B_1"":1.0}",novel,,0.0,64,val,task_01_val_00000,stream
1,B_1_novel,1,B_1,"{""B_1"":1.0}",novel,,0.0,64,val,task_01_val_00001,stream
1,B_1_novel,2,B_1,"{""B_1"":1.0}",novel,,0.0,64,val,task_01_val_00002,stream
1,B_1_novel,3,B_1,"{""B_1"":1.0}",novel,,0.0,64,val,task_01_val_00003,stream
1,B_1_novel,4,B_1,"{""B_1"":1.0}",novel,,0.0,64,val,task_01_val_00004,stream
1,B_1_novel,5,B_1,"{""B_1"":1.0}",novel,,0.0,64,val,task_01_val_00005,stream
1,B_1_novel,6,B_1,"{""B_1"":1.0}",novel,,0.0,64,val,task_01_val_00006,stream
1,B_1_novel,7,B_1,"{""B_1"":1.0}",novel,,0.0,64,val,task_01_val_00007,stream
1,B_1_novel,8,B_1,"{""B_1"":1.0}",novel,,0.0,64,val,task_01_val_00008,stream
1,B_1_novel,9,B_1,"{""B_1"":1.0}",novel,,0.0,64,val,task_01_val_00009,stream
1,B_1_novel,10,B_1,"{""B_1"":1.0}",novel,,0.0,64,val,task_01_val_00010,stream
1,B_1_novel,11,B_1,"{""B_1"":1.0}",novel,,0.0,64,val,task_01_val_00011,stream
1,B_1_novel,12,B_1,"{""B_1"":1.0}",novel,,0.0,64,val,task_01_val_00012,stream
1,B_1_novel,13,B_1,"{""B_1"":1.0}",novel,,0.0,64,val,task_01_val_00013,stream
1,B_1_novel,14,B_1,"{""B_1"":1.0}",novel,,0.0,64,val,task_01_val_00014,stream
1,B_1_novel,15,B_1,"{""B_1"":1.0}",novel,,0.0,64,val,task_01_val_00015,stream
1,B_1_novel,16,B_1,"{""B_1"":1.0}",novel,,0.0,64,val,task_01_val_00016,stream
1,B_1_novel,17,B_1,"{""B_1"":1.0}",novel,,0.0,64,val,task_01_val_00017,stream
1,B_1_novel,18,B_1,"{""B_1"":1.0}",novel,,0.0,64,val,task_01_val_00018,stream
1,B_1_novel,19,B_1,"{""B_1"":1.0}",novel,,0.0,64,val,task_01_val_00019,stream
1,B_1_novel,20,B_1,"{""B_1"":1.0}",novel,,0.0,64,val,task_01_val_00020,stream
1,B_1_novel,21,B_1,"{""B_1"":1.0}",novel,,0.0,64,val,task_01_val_00021,stream
1,B_1_novel,22,B_1,"{""B_1"":1.0}",novel,,0.0,64,val,task_01_val_00022,stream
1,B_1_novel,23,B_1,"{""B_1"":1.0}",novel,,0.0,64,val,task_01_val_00023,stream
1,B_1_novel,24,B_1,"{""B_1"":1.0}",novel,,0.0,64,val,task_01_val_00024,stream
1,B_1_novel,25,B_1,"{""B_1"":1.0}",novel,,0.0,64,val,task_01_val_00025,stream
1,B_1_novel,26,B_1,"{""B_1"":1.0}",novel,,0.0,64,val,task_01_val_00026,stream
1,B_1_novel,27,B_1,"{""B_1"":1.0}",novel,,0.0,64,val,task_01_val_00027,stream
1,B_1_novel,28,B_1,"{""B_1"":1.0}",novel,,0.0,64,val,task_01_val_00028,stream
1,B_1_novel,29,B_1,"{""B_1"":1.0}",novel,,0.0,64,val,task_01_val_00029,stream
1,B_1_novel,30,B_1,"{""B_1"":1.0}",novel,,0.0,64,val,task_01_val_00030,stream
1,B_1_novel,31,B_1,"{""B_1"":1.0}",novel,,0.0,64,val,task_01_val_00031,stream
1,B_1_novel,0,B_1,"{""B_1"":1.0}",novel,,0.0,64,test,task_01_test_00000,stream
1,B_1_novel,1,B_1,"{""B_1"":1.0}",novel,,0.0,64,test,task_01_test_00001,stream
1,B_1_novel,2,B_1,"{""B_1"":1.0}",novel,,0.0,64,test,task_01_test_00002,stream
1,B_1_novel,3,B_1,"{""B_1"":1.0}",novel,,0.0,64,test,task_01_test_00003,stream
1,B_1_novel,4,B_1,"{""B_1"":1.0}",novel,,0.0,64,test,task_01_test_00004,stream
1,B_1_novel,5,B_1,"{""B_1"":1.0}",novel,,0.0,64,test,task_01_test_00005,stream
1,B_1_novel,6,B_1,"{""B_1"":1.0}",novel,,0.0,64,test,task_01_test_00006,stream
1,B_1_novel,7,B_1,"{""B_1"":1.0}",novel,,0.0,64,test,task_01_test_00007,stream
1,B_1_novel,8,B_1,"{""B_1"":1.0}",novel,,0.0,64,test,task_01_test_00008,stream
1,B_1_novel,9,B_1,"{""B_1"":1.0}",novel,,0.0,64,test,task_01_test_00009,stream
1,B_1_novel,10,B_1,"{""B_1"":1.0}",novel,,0.0,64,test,task_01_test_00010,stream
1,B_1_novel,11,B_1,"{""B_1"":1.0}",novel,,0.0,64,test,task_01_test_00011,stream
1,B_1_novel,12,B_1,"{""B_1"":1.0}",novel,,0.0,64,test,task_01_test_00012,stream
1,B_1_novel,13,B_1,"{""B_1"":1.0}",novel,,0.0,64,test,task_01_test_00013,stream
1,B_1_novel,14,B_1,"{""B_1"":1.0}",novel,,0.0,64,test,task_01_test_00014,stream
1,B_1_novel,15,B_1,"{""B_1"":1.0}",novel,,0.0,64,test,task_01_test_00015,stream
1,B_1_novel,16,B_1,"{""B_1"":1.0}",novel,,0.0,64,test,task_01_test_00016,stream
1,B_1_novel,17,B_1,"{""B_1"":1.0}",novel,,0.0,64,test,task_01_test_00017,stream
1,B_1_novel,18,B_1,"{""B_1"":1.0}",novel,,0.0,64,test,task_01_test_00018,stream
1,B_1_novel,19,B_1,"{""B_1"":1.0}",novel,,0.0,64,test,task_01_test_00019,stream
1,B_1_novel,20,B_1,"{""B_1"":1.0}",novel,,0.0,64,test,task_01_test_00020,stream
1,B_1_novel,21,B_1,"{""B_1"":1.0}",novel,,0.0,64,test,task_01_test_00021,stream
1,B_1_novel,22,B_1,"{""B_1"":1.0}",novel,,0.0,64,test,task_01_test_00022,stream
1,B_1_novel,23,B_1,"{""B_1"":1.0}",novel,,0.0,64,test,task_01_test_00023,stream
1,B_1_novel,24,B_1,"{""B_1"":1.0}",novel,,0.0,64,test,task_01_test_00024,stream
1,B_1_novel,25,B_1,"{""B_1"":1.0}",novel,,0.0,64,test,task_01_test_00025,stream
1,B_1_novel,26,B_1,"{""B_1"":1.0}",novel,,0.0,64,test,task_01_test_00026,stream
1,B_1_novel,27,B_1,"{""B_1"":1.0}",novel,,0.0,64,test,task_01_test_00027,stream
1,B_1_novel,28,B_1,"{""B_1"":1.0}",novel,,0.0,64,test,task_01_test_00028,stream
1,B_1_novel,29,B_1,"{""B_1"":1.0}",novel,,0.0,64,test,task_01_test_00029,stream
1,B_1_novel,30,B_1,"{""B_1"":1.0}",novel,,0.0,64,test,task_01_test_00030,stream
1,B_1_novel,31,B_1,"{""B_1"":1.0}",novel,,0.0,64,test,task_01_test_00031,stream
2,C_1_novel,0,C_1,"{""C_1"":1.0}",novel,,0.0,64,train,task_02_train_00000,stream
2,C_1_novel,1,C_1,"{""C_1"":1.0}",novel,,0.0,64,train,task_02_train_00001,stream
2,C_1_novel,2,C_1,"{""C_1"":1.0}",novel,,0.0,64,train,task_02_train_00002,stream
2,C_1_novel,3,C_1,"{""C_1"":1.0}",novel,,0.0,64,train,task_02_train_00003,stream
2,C_1_novel,4,C_1,"{""C_1"":1.0}",novel,,0.0,64,train,task_02_train_00004,stream
2,C_1_novel,5,C_1,"{""C_1"":1.0}",novel,,0.0,64,train,task_02_train_00005,stream
2,C_1_novel,6,C_1,"{""C_1"":1.0}",novel,,0.0,64,train,task_02_train_00006,stream
2,C_1_novel,7,C_1,"{""C_1"":1.0}",novel,,0.0,64,train,task_02_train_00007,stream
2,C_1_novel,8,C_1,"{""C_1"":1.0}",novel,,0.0,64,train,task_02_train_00008,stream
2,C_1_novel,9,C_1,"{""C_1"":1.0}",novel,,0.0,64,train,task_02_train_00009,stream
2,C_1_novel,10,C_1,"{""C_1"":1.0}",novel,,0.0,64,train,task_02_train_00010,stream
2,C_1_novel,11,C_1,"{""C_1"":1.0}",novel,,0.0,64,train,task_02_train_00011,stream
2,C_1_novel,12,C_1,"{""C_1"":1.0}",novel,,0.0,64,train,task_02_train_00012,stream
2,C_1_novel,13,C_1,"{""C_1"":1.0}",novel,,0.0,64,train,task_02_train_00013,stream
2,C_1_novel,14,C_1,"{""C_1"":1.0}",novel,,0.0,64,train,task_02_train_00014,stream
2,C_1_novel,15,C_1,"{""C_1"":1.0}",novel,,0.0,64,train,task_02_train_00015,stream
2,C_1_novel,16,C_1,"{""C_1"":1.0}",novel,,0.0,64,train,task_02_train_00016,stream
2,C_1_novel,17,C_1,"{""C_1"":1.0}",novel,,0.0,64,train,task_02_train_00017,stream
2,C_1_novel,18,C_1,"{""C_1"":1.0}",novel,,0.0,64,train,task_02_train_00018,stream
2,C_1_novel,19,C_1,"{""C_1"":1.0}",novel,,0.0,64,train,task_02_train_00019,stream
2,C_1_novel,20,C_1,"{""C_1"":1.0}",novel,,0.0,64,train,task_02_train_00020,stream
2,C_1_novel,21,C_1,"{""C_1"":1.0}",novel,,0.0,64,train,task_02_train_00021,stream
2,C_1_novel,22,C_1,"{""C_1"":1.0}",novel,,0.0,64,train,task_02_train_00022,stream
2,C_1_novel,23,C_1,"{""C_1"":1.0}",novel,,0.0,64,train,task_02_train_00023,stream
2,C_1_novel,24,C_1,"{""C_1"":1.0}",novel,,0.0,64,train,task_02_train_00024,stream
2,C_1_novel,25,C_1,"{""C_1"":1.0}",novel,,0.0,64,train,task_02_train_00025,stream
2,C_1_novel,26,C_1,"{""C_1"":1.0}",novel,,0.0,64,train,task_02_train_00026,stream
2,C_1_novel,27,C_1,"{""C_1"":1.0}",novel,,0.0,64,train,task_02_train_00027,stream
2,C_1_novel,28,C_1,"{""C_1"":1.0}",novel,,0.0,64,train,task_02_train_00028,stream
2,C_1_novel,29,C_1,"{""C_1"":1.0}",novel,,0.0,64,train,task_02_train_00029,stream
2,C_1_novel,30,C_1,"{""C_1"":1.0}",novel,,0.0,64,train,task_02_train_00030,stream
2,C_1_novel,31,C_1,"{""C_1"":1.0}",novel,,0.0,64,train,task_02_train_00031,stream
2,C_1_novel,32,C_1,"{""C_1"":1.0}",novel,,0.0,64,train,task_02_train_00032,stream
2,C_1_novel,33,C_1,"{""C_1"":1.0}",novel,,0.0,64,train,task_02_train_00033,stream
2,C_1_novel,34,C_1,"{""C_1"":1.0}",novel,,0.0,64,train,task_02_train_00034,stream
2,C_1_novel,35,C_1,"{""C_1"":1.0}",novel,,0.0,64,train,task_02_train_00035,stream
2,C_1_novel,36,C_1,"{""C_1"":1.0}",novel,,0.0,64,train,task_02_train_00036,stream
2,C_1_novel,37,C_1,"{""C_1"":1.0}",novel,,0.0,64,train,task_02_train_00037,stream
2,C_1_novel,38,C_1,"{""C_1"":1.0}",novel,,0.0,64,train,task_02_train_00038,stream
2,C_1_novel,39,C_1,"{""C_1"":1.0}",novel,,0.0,64,train,task_02_train_00039,stream
2,C_1_novel,40,C_1,"{""C_1"":1.0}",novel,,0.0,64,train,task_02_train_00040,stream
2,C_1_novel,41,C_1,"{""C_1"":1.0}",novel,,0.0,64,train,task_02_train_00041,stream
2,C_1_novel,42,C_1,"{""C_1"":1.0}",novel,,0.0,64,train,task_02_train_00042,stream
2,C_1_novel,43,C_1,"{""C_1"":1.0}",novel,,0.0,64,train,task_02_train_00043,stream
2,C_1_novel,44,C_1,"{""C_1"":1.0}",novel,,0.0,64,train,task_02_train_00044,stream
2,C_1_novel,45,C_1,"{""C_1"":1.0}",novel,,0.0,64,train,task_02_train_00045,stream
2,C_1_novel,46,C_1,"{""C_1"":1.0}",novel,,0.0,64,train,task_02_train_00046,stream
2,C_1_novel,47,C_1,"{""C_1"":1.0}",novel,,0.0,64,train,task_02_train_00047,stream
2,C_1_novel,48,C_1,"{""C_1"":1.0}",novel,,0.0,64,train,task_02_train_00048,stream
2,C_1_novel,49,C_1,"{""C_1"":1.0}",novel,,0.0,64,train,task_02_train_00049,stream
2,C_1_novel,50,C_1,"{""C_1"":1.0}",novel,,0.0,64,train,task_02_train_00050,stream
2,C_1_novel,51,C_1,"{""C_1"":1.0}",novel,,0.0,64,train,task_02_train_00051,stream
2,C_1_novel,52,C_1,"{""C_1"":1.0}",novel,,0.0,64,train,task_02_train_00052,stream
2,C_1_novel,53,C_1,"{""C_1"":1.0}",novel,,0.0,64,train,task_02_train_00053,stream
2,C_1_novel,54,C_1,"{""C_1"":1.0}",novel,,0.0,64,train,task_02_train_00054,stream
2,C_1_novel,55,C_1,"{""C_1"":1.0}",novel,,0.0,64,train,task_02_train_00055,stream
2,C_1_novel,56,C_1,"{""C_1"":1.0}",novel,,0.0,64,train,task_02_train_00056,stream
2,C_1_novel,57,C_1,"{""C_1"":1.0}",novel,,0.0,64,train,task_02_train_00057,stream
2,C_1_novel,58,C_1,"{""C_1"":1.0}",novel,,0.0,64,train,task_02_train_00058,stream
2,C_1_novel,59,C_1,"{""C_1"":1.0}",novel,,0.0,64,train,task_02_train_00059,stream
2,C_1_novel,60,C_1,"{""C_1"":1.0}",novel,,0.0,64,train,task_02_train_00060,stream
2,C_1_novel,61,C_1,"{""C_1"":1.0}",novel,,0.0,64,train,task_02_train_00061,stream
2,C_1_novel,62,C_1,"{""C_1"":1.0}",novel,,0.0,64,train,task_02_train_00062,stream
2,C_1_novel,63,C_1,"{""C_1"":1.0}",novel,,0.0,64,train,task_02_train_00063,stream
2,C_1_novel,64,C_1,"{""C_1"":1.0}",novel,,0.0,64,train,task_02_train_00064,stream
2,C_1_novel,65,C_1,"{""C_1"":1.0}",novel,,0.0,64,train,task_02_train_00065,stream
2,C_1_novel,66,C_1,"{""C_1"":1.0}",novel,,0.0,64,train,task_02_train_00066,stream
2,C_1_novel,67,C_1,"{""C_1"":1.0}",novel,,0.0,64,train,task_02_train_00067,stream
2,C_1_novel,68,C_1,"{""C_1"":1.0}",novel,,0.0,64,train,task_02_train_00068,stream
2,C_1_novel,69,C_1,"{""C_1"":1.0}",novel,,0.0,64,train,task_02_train_00069,stream
2,C_1_novel,70,C_1,"{""C_1"":1.0}",novel,,0.0,64,train,task_02_train_00070,stream
2,C_1_novel,71,C_1,"{""C_1"":1.0}",novel,,0.0,64,train,task_02_train_00071,stream
2,C_1_novel,72,C_1,"{""C_1"":1.0}",novel,,0.0,64,train,task_02_train_00072,stream
2,C_1_novel,73,C_1,"{""C_1"":1.0}",novel,,0.0,64,train,task_02_train_00073,stream
2,C_1_novel,74,C_1,"{""C_1"":1.0}",novel,,0.0,64,train,task_02_train_00074,stream
2,C_1_novel,75,C_1,"{""C_1"":1.0}",novel,,0.0,64,train,task_02_train_00075,stream
2,C_1_novel,76,C_1,"{""C_1"":1.0}",novel,,0.0,64,train,task_02_train_00076,stream
2,C_1_novel,77,C_1,"{""C_1"":1.0}",novel,,0.0,64,train,task_02_train_00077,stream
2,C_1_novel,78,C_1,"{""C_1"":1.0}",novel,,0.0,64,train,task_02_train_00078,stream
2,C_1_novel,79,C_1,"{""C_1"":1.0}",novel,,0.0,64,train,task_02_train_00079,stream
2,C_1_novel,80,C_1,"{""C_1"":1.0}",novel,,0.0,64,train,task_02_train_00080,stream
2,C_1_novel,81,C_1,"{""C_1"":1.0}",novel,,0.0,64,train,task_02_train_00081,stream
2,C_1_novel,82,C_1,"{""C_1"":1.0}",novel,,0.0,64,train,task_02_train_00082,stream
2,C_1_novel,83,C_1,"{""C_1"":1.0}",novel,,0.0,64,train,task_02_train_00083,stream
2,C_1_novel,84,C_1,"{""C_1"":1.0}",novel,,0.0,64,train,task_02_train_00084,stream
2,C_1_novel,85,C_1,"{""C_1"":1.0}",novel,,0.0,64,train,task_02_train_00085,stream
2,C_1_novel,86,C_1,"{""C_1"":1.0}",novel,,0.0,64,train,task_02_train_00086,stream
2,C_1_novel,87,C_1,"{""C_1"":1.0}",novel,,0.0,64,train,task_02_train_00087,stream
2,C_1_novel,88,C_1,"{""C_1"":1.0}",novel,,0.0,64,train,task_02_train_00088,stream
2,C_1_novel,89,C_1,"{""C_1"":1.0}",novel,,0.0,64,train,task_02_train_00089,stream
2,C_1_novel,90,C_1,"{""C_1"":1.0}",novel,,0.0,64,train,task_02_train_00090,stream
2,C_1_novel,91,C_1,"{""C_1"":1.0}",novel,,0.0,64,train,task_02_train_00091,stream
2,C_1_novel,92,C_1,"{""C_1"":1.0}",novel,,0.0,64,train,task_02_train_00092,stream
2,C_1_novel,93,C_1,"{""C_1"":1.0}",novel,,0.0,64,train,task_02_train_00093,stream
2,C_1_novel,94,C_1,"{""C_1"":1.0}",novel,,0.0,64,train,task_02_train_00094,stream
2,C_1_novel,95,C_1,"{""C_1"":1.0}",novel,,0.0,64,train,task_02_train_00095,stream
2,C_1_novel,96,C_1,"{""C_1"":1.0}",novel,,0.0,64,train,task_02_train_00096,stream
2,C_1_novel,97,C_1,"{""C_1"":1.0}",novel,,0.0,64,train,task_02_train_00097,stream
2,C_1_novel,98,C_1,"{""C_1"":1.0}",novel,,0.0,64,train,task_02_train_00098,stream
2,C_1_novel,99,C_1,"{""C_1"":1.0}",novel,,0.0,64,train,task_02_train_00099,stream
2,C_1_novel,100,C_1,"{""C_1"":1.0}",novel,,0.0,64,train,task_02_train_00100,stream
2,C_1_novel,101,C_1,"{""C_1"":1.0}",novel,,0.0,64,train,task_02_train_00101,stream
2,C_1_novel,102,C_1,"{""C_1"":1.0}",novel,,0.0,64,train,task_02_train_00102,stream
2,C_1_novel,103,C_1,"{""C_1"":1.0}",novel,,0.0,64,train,task_02_train_00103,stream
2,C_1_novel,104,C_1,"{""C_1"":1.0}",novel,,0.0,64,train,task_02_train_00104,stream
2,C_1_novel,105,C_1,"{""C_1"":1.0}",novel,,0.0,64,train,task_02_train_00105,stream
2,C_1_novel,106,C_1,"{""C_1"":1.0}",novel,,0.0,64,train,task_02_train_00106,stream
2,C_1_novel,107,C_1,"{""C_1"":1.0}",novel,,0.0,64,train,task_02_train_00107,stream
2,C_1_novel,108,C_1,"{""C_1"":1.0}",novel,,0.0,64,train,task_02_train_00108,stream
2,C_1_novel,109,C_1,"{""C_1"":1.0}",novel,,0.0,64,train,task_02_train_00109,stream
2,C_1_novel,110,C_1,"{""C_1"":1.0}",novel,,0.0,64,train,task_02_train_00110,stream
2,C_1_novel,111,C_1,"{""C_1"":1.0}",novel,,0.0,64,train,task_02_train_00111,stream
2,C_1_novel,112,C_1,"{""C_1"":1.0}",novel,,0.0,64,train,task_02_train_00112,stream
2,C_1_novel,113,C_1,"{""C_1"":1.0}",novel,,0.0,64,train,task_02_train_00113,stream
2,C_1_novel,114,C_1,"{""C_1"":1.0}",novel,,0.0,64,train,task_02_train_00114,stream
2,C_1_novel,115,C_1,"{""C_1"":1.0}",novel,,0.0,64,train,task_02_train_00115,stream
2,C_1_novel,116,C_1,"{""C_1"":1.0}",novel,,0.0,64,train,task_02_train_00116,stream
2,C_1_novel,117,C_1,"{""C_1"":1.0}",novel,,0.0,64,train,task_02_train_00117,stream
2,C_1_novel,118,C_1,"{""C_1"":1.0}",novel,,0.0,64,train,task_02_train_00118,stream
2,C_1_novel,119,C_1,"{""C_1"":1.0}",novel,,0.0,64,train,task_02_train_00119,stream
2,C_1_novel,120,C_1,"{""C_1"":1.0}",novel,,0.0,64,train,task_02_train_00120,stream
2,C_1_novel,121,C_1,"{""C_1"":1.0}",novel,,0.0,64,train,task_02_train_00121,stream
2,C_1_novel,122,C_1,"{""C_1"":1.0}",novel,,0.0,64,train,task_02_train_00122,stream
2,C_1_novel,123,C_1,"{""C_1"":1.0}",novel,,0.0,64,train,task_02_train_00123,stream
2,C_1_novel,124,C_1,"{""C_1"":1.0}",novel,,0.0,64,train,task_02_train_00124,stream
2,C_1_novel,125,C_1,"{""C_1"":1.0}",novel,,0.0,64,train,task_02_train_00125,stream
2,C_1_novel,126,C_1,"{""C_1"":1.0}",novel,,0.0,64,train,task_02_train_00126,stream
2,C_1_novel,127,C_1,"{""C_1"":1.0}",novel,,0.0,64,train,task_02_train_00127,stream
2,C_1_novel,0,C_1,"{""C_1"":1.0}",novel,,0.0,64,val,task_02_val_00000,stream
2,C_1_novel,1,C_1,"{""C_1"":1.0}",novel,,0.0,64,val,task_02_val_00001,stream
2,C_1_novel,2,C_1,"{""C_1"":1.0}",novel,,0.0,64,val,task_02_val_00002,stream
2,C_1_novel,3,C_1,"{""C_1"":1.0}",novel,,0.0,64,val,task_02_val_00003,stream
2,C_1_novel,4,C_1,"{""C_1"":1.0}",novel,,0.0,64,val,task_02_val_00004,stream
2,C_1_novel,5,C_1,"{""C_1"":1.0}",novel,,0.0,64,val,task_02_val_00005,stream
2,C_1_novel,6,C_1,"{""C_1"":1.0}",novel,,0.0,64,val,task_02_val_00006,stream
2,C_1_novel,7,C_1,"{""C_1"":1.0}",novel,,0.0,64,val,task_02_val_00007,stream
2,C_1_novel,8,C_1,"{""C_1"":1.0}",novel,,0.0,64,val,task_02_val_00008,stream
2,C_1_novel,9,C_1,"{""C_1"":1.0}",novel,,0.0,64,val,task_02_val_00009,stream
2,C_1_novel,10,C_1,"{""C_1"":1.0}",novel,,0.0,64,val,task_02_val_00010,stream
2,C_1_novel,11,C_1,"{""C_1"":1.0}",novel,,0.0,64,val,task_02_val_00011,stream
2,C_1_novel,12,C_1,"{""C_1"":1.0}",novel,,0.0,64,val,task_02_val_00012,stream
2,C_1_novel,13,C_1,"{""C_1"":1.0}",novel,,0.0,64,val,task_02_val_00013,stream
2,C_1_novel,14,C_1,"{""C_1"":1.0}",novel,,0.0,64,val,task_02_val_00014,stream
2,C_1_novel,15,C_1,"{""C_1"":1.0}",novel,,0.0,64,val,task_02_val_00015,stream
2,C_1_novel,16,C_1,"{""C_1"":1.0}",novel,,0.0,64,val,task_02_val_00016,stream
2,C_1_novel,17,C_1,"{""C_1"":1.0}",novel,,0.0,64,val,task_02_val_00017,stream
2,C_1_novel,18,C_1,"{""C_1"":1.0}",novel,,0.0,64,val,task_02_val_00018,stream
2,C_1_novel,19,C_1,"{""C_1"":1.0}",novel,,0.0,64,val,task_02_val_00019,stream
2,C_1_novel,20,C_1,"{""C_1"":1.0}",novel,,0.0,64,val,task_02_val_00020,stream
2,C_1_novel,21,C_1,"{""C_1"":1.0}",novel,,0.0,64,val,task_02_val_00021,stream
2,C_1_novel,22,C_1,"{""C_1"":1.0}",novel,,0.0,64,val,task_02_val_00022,stream
2,C_1_novel,23,C_1,"{""C_1"":1.0}",novel,,0.0,64,val,task_02_val_00023,stream
2,C_1_novel,24,C_1,"{""C_1"":1.0}",novel,,0.0,64,val,task_02_val_00024,stream
2,C_1_novel,25,C_1,"{""C_1"":1.0}",novel,,0.0,64,val,task_02_val_00025,stream
2,C_1_novel,26,C_1,"{""C_1"":1.0}",novel,,0.0,64,val,task_02_val_00026,stream
2,C_1_novel,27,C_1,"{""C_1"":1.0}",novel,,0.0,64,val,task_02_val_00027,stream
2,C_1_novel,28,C_1,"{""C_1"":1.0}",novel,,0.0,64,val,task_02_val_00028,stream
2,C_1_novel,29,C_1,"{""C_1"":1.0}",novel,,0.0,64,val,task_02_val_00029,stream
2,C_1_novel,30,C_1,"{""C_1"":1.0}",novel,,0.0,64,val,task_02_val_00030,stream
2,C_1_novel,31,C_1,"{""C_1"":1.0}",novel,,0.0,64,val,task_02_val_00031,stream
2,C_1_novel,0,C_1,"{""C_1"":1.0}",novel,,0.0,64,test,task_02_test_00000,stream
2,C_1_novel,1,C_1,"{""C_1"":1.0}",novel,,0.0,64,test,task_02_test_00001,stream
2,C_1_novel,2,C_1,"{""C_1"":1.0}",novel,,0.0,64,test,task_02_test_00002,stream
2,C_1_novel,3,C_1,"{""C_1"":1.0}",novel,,0.0,64,test,task_02_test_00003,stream
2,C_1_novel,4,C_1,"{""C_1"":1.0}",novel,,0.0,64,test,task_02_test_00004,stream
2,C_1_novel,5,C_1,"{""C_1"":1.0}",novel,,0.0,64,test,task_02_test_00005,stream
2,C_1_novel,6,C_1,"{""C_1"":1.0}",novel,,0.0,64,test,task_02_test_00006,stream
2,C_1_novel,7,C_1,"{""C_1"":1.0}",novel,,0.0,64,test,task_02_test_00007,stream
2,C_1_novel,8,C_1,"{""C_1"":1.0}",novel,,0.0,64,test,task_02_test_00008,stream
2,C_1_novel,9,C_1,"{""C_1"":1.0}",novel,,0.0,64,test,task_02_test_00009,stream
2,C_1_novel,10,C_1,"{""C_1"":1.0}",novel,,0.0,64,test,task_02_test_00010,stream
2,C_1_novel,11,C_1,"{""C_1"":1.0}",novel,,0.0,64,test,task_02_test_00011,stream
2,C_1_novel,12,C_1,"{""C_1"":1.0}",novel,,0.0,64,test,task_02_test_00012,stream
2,C_1_novel,13,C_1,"{""C_1"":1.0}",novel,,0.0,64,test,task_02_test_00013,stream
2,C_1_novel,14,C_1,"{""C_1"":1.0}",novel,,0.0,64,test,task_02_test_00014,stream
2,C_1_novel,15,C_1,"{""C_1"":1.0}",novel,,0.0,64,test,task_02_test_00015,stream
2,C_1_novel,16,C_1,"{""C_1"":1.0}",novel,,0.0,64,test,task_02_test_00016,stream
2,C_1_novel,17,C_1,"{""C_1"":1.0}",novel,,0.0,64,test,task_02_test_00017,stream
2,C_1_novel,18,C_1,"{""C_1"":1.0}",novel,,0.0,64,test,task_02_test_00018,stream
2,C_1_novel,19,C_1,"{""C_1"":1.0}",novel,,0.0,64,test,task_02_test_00019,stream
2,C_1_novel,20,C_1,"{""C_1"":1.0}",novel,,0.0,64,test,task_02_test_00020,stream
2,C_1_novel,21,C_1,"{""C_1"":1.0}",novel,,0.0,64,test,task_02_test_00021,stream
2,C_1_novel,22,C_1,"{""C_1"":1.0}",novel,,0.0,64,test,task_02_test_00022,stream
2,C_1_novel,23,C_1,"{""C_1"":1.0}",novel,,0.0,64,test,task_02_test_00023,stream
2,C_1_novel,24,C_1,"{""C_1"":1.0}",novel,,0.0,64,test,task_02_test_00024,stream
2,C_1_novel,25,C_1,"{""C_1"":1.0}",novel,,0.0,64,test,task_02_test_00025,stream
2,C_1_novel,26,C_1,"{""C_1"":1.0}",novel,,0.0,64,test,task_02_test_00026,stream
2,C_1_novel,27,C_1,"{""C_1"":1.0}",novel,,0.0,64,test,task_02_test_00027,stream
2,C_1_novel,28,C_1,"{""C_1"":1.0}",novel,,0.0,64,test,task_02_test_00028,stream
2,C_1_novel,29,C_1,"{""C_1"":1.0}",novel,,0.0,64,test,task_02_test_00029,stream
2,C_1_novel,30,C_1,"{""C_1"":1.0}",novel,,0.0,64,test,task_02_test_00030,stream
2,C_1_novel,31,C_1,"{""C_1"":1.0}",novel,,0.0,64,test,task_02_test_00031,stream
3,A_1_exact_recurrence,0,A_1,"{""A_1"":1.0}",exact_recurrence,A_1,0.0,64,train,task_03_train_00000,stream
3,A_1_exact_recurrence,1,A_1,"{""A_1"":1.0}",exact_recurrence,A_1,0.0,64,train,task_03_train_00001,stream
3,A_1_exact_recurrence,2,A_1,"{""A_1"":1.0}",exact_recurrence,A_1,0.0,64,train,task_03_train_00002,stream
3,A_1_exact_recurrence,3,A_1,"{""A_1"":1.0}",exact_recurrence,A_1,0.0,64,train,task_03_train_00003,stream
3,A_1_exact_recurrence,4,A_1,"{""A_1"":1.0}",exact_recurrence,A_1,0.0,64,train,task_03_train_00004,stream
3,A_1_exact_recurrence,5,A_1,"{""A_1"":1.0}",exact_recurrence,A_1,0.0,64,train,task_03_train_00005,stream
3,A_1_exact_recurrence,6,A_1,"{""A_1"":1.0}",exact_recurrence,A_1,0.0,64,train,task_03_train_00006,stream
3,A_1_exact_recurrence,7,A_1,"{""A_1"":1.0}",exact_recurrence,A_1,0.0,64,train,task_03_train_00007,stream
3,A_1_exact_recurrence,8,A_1,"{""A_1"":1.0}",exact_recurrence,A_1,0.0,64,train,task_03_train_00008,stream
3,A_1_exact_recurrence,9,A_1,"{""A_1"":1.0}",exact_recurrence,A_1,0.0,64,train,task_03_train_00009,stream
3,A_1_exact_recurrence,10,A_1,"{""A_1"":1.0}",exact_recurrence,A_1,0.0,64,train,task_03_train_00010,stream
3,A_1_exact_recurrence,11,A_1,"{""A_1"":1.0}",exact_recurrence,A_1,0.0,64,train,task_03_train_00011,stream
3,A_1_exact_recurrence,12,A_1,"{""A_1"":1.0}",exact_recurrence,A_1,0.0,64,train,task_03_train_00012,stream
3,A_1_exact_recurrence,13,A_1,"{""A_1"":1.0}",exact_recurrence,A_1,0.0,64,train,task_03_train_00013,stream
3,A_1_exact_recurrence,14,A_1,"{""A_1"":1.0}",exact_recurrence,A_1,0.0,64,train,task_03_train_00014,stream
3,A_1_exact_recurrence,15,A_1,"{""A_1"":1.0}",exact_recurrence,A_1,0.0,64,train,task_03_train_00015,stream
3,A_1_exact_recurrence,16,A_1,"{""A_1"":1.0}",exact_recurrence,A_1,0.0,64,train,task_03_train_00016,stream
3,A_1_exact_recurrence,17,A_1,"{""A_1"":1.0}",exact_recurrence,A_1,0.0,64,train,task_03_train_00017,stream
3,A_1_exact_recurrence,18,A_1,"{""A_1"":1.0}",exact_recurrence,A_1,0.0,64,train,task_03_train_00018,stream
3,A_1_exact_recurrence,19,A_1,"{""A_1"":1.0}",exact_recurrence,A_1,0.0,64,train,task_03_train_00019,stream
3,A_1_exact_recurrence,20,A_1,"{""A_1"":1.0}",exact_recurrence,A_1,0.0,64,train,task_03_train_00020,stream
3,A_1_exact_recurrence,21,A_1,"{""A_1"":1.0}",exact_recurrence,A_1,0.0,64,train,task_03_train_00021,stream
3,A_1_exact_recurrence,22,A_1,"{""A_1"":1.0}",exact_recurrence,A_1,0.0,64,train,task_03_train_00022,stream
3,A_1_exact_recurrence,23,A_1,"{""A_1"":1.0}",exact_recurrence,A_1,0.0,64,train,task_03_train_00023,stream
3,A_1_exact_recurrence,24,A_1,"{""A_1"":1.0}",exact_recurrence,A_1,0.0,64,train,task_03_train_00024,stream
3,A_1_exact_recurrence,25,A_1,"{""A_1"":1.0}",exact_recurrence,A_1,0.0,64,train,task_03_train_00025,stream
3,A_1_exact_recurrence,26,A_1,"{""A_1"":1.0}",exact_recurrence,A_1,0.0,64,train,task_03_train_00026,stream
3,A_1_exact_recurrence,27,A_1,"{""A_1"":1.0}",exact_recurrence,A_1,0.0,64,train,task_03_train_00027,stream
3,A_1_exact_recurrence,28,A_1,"{""A_1"":1.0}",exact_recurrence,A_1,0.0,64,train,task_03_train_00028,stream
3,A_1_exact_recurrence,29,A_1,"{""A_1"":1.0}",exact_recurrence,A_1,0.0,64,train,task_03_train_00029,stream
3,A_1_exact_recurrence,30,A_1,"{""A_1"":1.0}",exact_recurrence,A_1,0.0,64,train,task_03_train_00030,stream
3,A_1_exact_recurrence,31,A_1,"{""A_1"":1.0}",exact_recurrence,A_1,0.0,64,train,task_03_train_00031,stream
3,A_1_exact_recurrence,32,A_1,"{""A_1"":1.0}",exact_recurrence,A_1,0.0,64,train,task_03_train_00032,stream
3,A_1_exact_recurrence,33,A_1,"{""A_1"":1.0}",exact_recurrence,A_1,0.0,64,train,task_03_train_00033,stream
3,A_1_exact_recurrence,34,A_1,"{""A_1"":1.0}",exact_recurrence,A_1,0.0,64,train,task_03_train_00034,stream
3,A_1_exact_recurrence,35,A_1,"{""A_1"":1.0}",exact_recurrence,A_1,0.0,64,train,task_03_train_00035,stream
3,A_1_exact_recurrence,36,A_1,"{""A_1"":1.0}",exact_recurrence,A_1,0.0,64,train,task_03_train_00036,stream
3,A_1_exact_recurrence,37,A_1,"{""A_1"":1.0}",exact_recurrence,A_1,0.0,64,train,task_03_train_00037,stream
3,A_1_exact_recurrence,38,A_1,"{""A_1"":1.0}",exact_recurrence,A_1,0.0,64,train,task_03_train_00038,stream
3,A_1_exact_recurrence,39,A_1,"{""A_1"":1.0}",exact_recurrence,A_1,0.0,64,train,task_03_train_00039,stream
3,A_1_exact_recurrence,40,A_1,"{""A_1"":1.0}",exact_recurrence,A_1,0.0,64,train,task_03_train_00040,stream
3,A_1_exact_recurrence,41,A_1,"{""A_1"":1.0}",exact_recurrence,A_1,0.0,64,train,task_03_train_00041,stream
3,A_1_exact_recurrence,42,A_1,"{""A_1"":1.0}",exact_recurrence,A_1,0.0,64,train,task_03_train_00042,stream
3,A_1_exact_recurrence,43,A_1,"{""A_1"":1.0}",exact_recurrence,A_1,0.0,64,train,task_03_train_00043,stream
3,A_1_exact_recurrence,44,A_1,"{""A_1"":1.0}",exact_recurrence,A_1,0.0,64,train,task_03_train_00044,stream
3,A_1_exact_recurrence,45,A_1,"{""A_1"":1.0}",exact_recurrence,A_1,0.0,64,train,task_03_train_00045,stream
3,A_1_exact_recurrence,46,A_1,"{""A_1"":1.0}",exact_recurrence,A_1,0.0,64,train,task_03_train_00046,stream
3,A_1_exact_recurrence,47,A_1,"{""A_1"":1.0}",exact_recurrence,A_1,0.0,64,train,task_03_train_00047,stream
3,A_1_exact_recurrence,48,A_1,"{""A_1"":1.0}",exact_recurrence,A_1,0.0,64,train,task_03_train_00048,stream
3,A_1_exact_recurrence,49,A_1,"{""A_1"":1.0}",exact_recurrence,A_1,0.0,64,train,task_03_train_00049,stream
3,A_1_exact_recurrence,50,A_1,"{""A_1"":1.0}",exact_recurrence,A_1,0.0,64,train,task_03_train_00050,stream
3,A_1_exact_recurrence,51,A_1,"{""A_1"":1.0}",exact_recurrence,A_1,0.0,64,train,task_03_train_00051,stream
3,A_1_exact_recurrence,52,A_1,"{""A_1"":1.0}",exact_recurrence,A_1,0.0,64,train,task_03_train_00052,stream
3,A_1_exact_recurrence,53,A_1,"{""A_1"":1.0}",exact_recurrence,A_1,0.0,64,train,task_03_train_00053,stream
3,A_1_exact_recurrence,54,A_1,"{""A_1"":1.0}",exact_recurrence,A_1,0.0,64,train,task_03_train_00054,stream
3,A_1_exact_recurrence,55,A_1,"{""A_1"":1.0}",exact_recurrence,A_1,0.0,64,train,task_03_train_00055,stream
3,A_1_exact_recurrence,56,A_1,"{""A_1"":1.0}",exact_recurrence,A_1,0.0,64,train,task_03_train_00056,stream
3,A_1_exact_recurrence,57,A_1,"{""A_1"":1.0}",exact_recurrence,A_1,0.0,64,train,task_03_train_00057,stream
3,A_1_exact_recurrence,58,A_1,"{""A_1"":1.0}",exact_recurrence,A_1,0.0,64,train,task_03_train_00058,stream
3,A_1_exact_recurrence,59,A_1,"{""A_1"":1.0}",exact_recurrence,A_1,0.0,64,train,task_03_train_00059,stream
3,A_1_exact_recurrence,60,A_1,"{""A_1"":1.0}",exact_recurrence,A_1,0.0,64,train,task_03_train_00060,stream
3,A_1_exact_recurrence,61,A_1,"{""A_1"":1.0}",exact_recurrence,A_1,0.0,64,train,task_03_train_00061,stream
3,A_1_exact_recurrence,62,A_1,"{""A_1"":1.0}",exact_recurrence,A_1,0.0,64,train,task_03_train_00062,stream
3,A_1_exact_recurrence,63,A_1,"{""A_1"":1.0}",exact_recurrence,A_1,0.0,64,train,task_03_train_00063,stream
3,A_1_exact_recurrence,64,A_1,"{""A_1"":1.0}",exact_recurrence,A_1,0.0,64,train,task_03_train_00064,stream
3,A_1_exact_recurrence,65,A_1,"{""A_1"":1.0}",exact_recurrence,A_1,0.0,64,train,task_03_train_00065,stream
3,A_1_exact_recurrence,66,A_1,"{""A_1"":1.0}",exact_recurrence,A_1,0.0,64,train,task_03_train_00066,stream
3,A_1_exact_recurrence,67,A_1,"{""A_1"":1.0}",exact_recurrence,A_1,0.0,64,train,task_03_train_00067,stream
3,A_1_exact_recurrence,68,A_1,"{""A_1"":1.0}",exact_recurrence,A_1,0.0,64,train,task_03_train_00068,stream
3,A_1_exact_recurrence,69,A_1,"{""A_1"":1.0}",exact_recurrence,A_1,0.0,64,train,task_03_train_00069,stream
3,A_1_exact_recurrence,70,A_1,"{""A_1"":1.0}",exact_recurrence,A_1,0.0,64,train,task_03_train_00070,stream
3,A_1_exact_recurrence,71,A_1,"{""A_1"":1.0}",exact_recurrence,A_1,0.0,64,train,task_03_train_00071,stream
3,A_1_exact_recurrence,72,A_1,"{""A_1"":1.0}",exact_recurrence,A_1,0.0,64,train,task_03_train_00072,stream
3,A_1_exact_recurrence,73,A_1,"{""A_1"":1.0}",exact_recurrence,A_1,0.0,64,train,task_03_train_00073,stream
3,A_1_exact_recurrence,74,A_1,"{""A_1"":1.0}",exact_recurrence,A_1,0.0,64,train,task_03_train_00074,stream
3,A_1_exact_recurrence,75,A_1,"{""A_1"":1.0}",exact_recurrence,A_1,0.0,64,train,task_03_train_00075,stream
3,A_1_exact_recurrence,76,A_1,"{""A_1"":1.0}",exact_recurrence,A_1,0.0,64,train,task_03_train_00076,stream
3,A_1_exact_recurrence,77,A_1,"{""A_1"":1.0}",exact_recurrence,A_1,0.0,64,train,task_03_train_00077,stream
3,A_1_exact_recurrence,78,A_1,"{""A_1"":1.0}",exact_recurrence,A_1,0.0,64,train,task_03_train_00078,stream
3,A_1_exact_recurrence,79,A_1,"{""A_1"":1.0}",exact_recurrence,A_1,0.0,64,train,task_03_train_00079,stream
3,A_1_exact_recurrence,80,A_1,"{""A_1"":1.0}",exact_recurrence,A_1,0.0,64,train,task_03_train_00080,stream
3,A_1_exact_recurrence,81,A_1,"{""A_1"":1.0}",exact_recurrence,A_1,0.0,64,train,task_03_train_00081,stream
3,A_1_exact_recurrence,82,A_1,"{""A_1"":1.0}",exact_recurrence,A_1,0.0,64,train,task_03_train_00082,stream
3,A_1_exact_recurrence,83,A_1,"{""A_1"":1.0}",exact_recurrence,A_1,0.0,64,train,task_03_train_00083,stream
3,A_1_exact_recurrence,84,A_1,"{""A_1"":1.0}",exact_recurrence,A_1,0.0,64,train,task_03_train_00084,stream
3,A_1_exact_recurrence,85,A_1,"{""A_1"":1.0}",exact_recurrence,A_1,0.0,64,train,task_03_train_00085,stream
3,A_1_exact_recurrence,86,A_1,"{""A_1"":1.0}",exact_recurrence,A_1,0.0,64,train,task_03_train_00086,stream
3,A_1_exact_recurrence,87,A_1,"{""A_1"":1.0}",exact_recurrence,A_1,0.0,64,train,task_03_train_00087,stream
3,A_1_exact_recurrence,88,A_1,"{""A_1"":1.0}",exact_recurrence,A_1,0.0,64,train,task_03_train_00088,stream
3,A_1_exact_recurrence,89,A_1,"{""A_1"":1.0}",exact_recurrence,A_1,0.0,64,train,task_03_train_00089,stream
3,A_1_exact_recurrence,90,A_1,"{""A_1"":1.0}",exact_recurrence,A_1,0.0,64,train,task_03_train_00090,stream
3,A_1_exact_recurrence,91,A_1,"{""A_1"":1.0}",exact_recurrence,A_1,0.0,64,train,task_03_train_00091,stream
3,A_1_exact_recurrence,92,A_1,"{""A_1"":1.0}",exact_recurrence,A_1,0.0,64,train,task_03_train_00092,stream
3,A_1_exact_recurrence,93,A_1,"{""A_1"":1.0}",exact_recurrence,A_1,0.0,64,train,task_03_train_00093,stream
3,A_1_exact_recurrence,94,A_1,"{""A_1"":1.0}",exact_recurrence,A_1,0.0,64,train,task_03_train_00094,stream
3,A_1_exact_recurrence,95,A_1,"{""A_1"":1.0}",exact_recurrence,A_1,0.0,64,train,task_03_train_00095,stream
3,A_1_exact_recurrence,96,A_1,"{""A_1"":1.0}",exact_recurrence,A_1,0.0,64,train,task_03_train_00096,stream
3,A_1_exact_recurrence,97,A_1,"{""A_1"":1.0}",exact_recurrence,A_1,0.0,64,train,task_03_train_00097,stream
3,A_1_exact_recurrence,98,A_1,"{""A_1"":1.0}",exact_recurrence,A_1,0.0,64,train,task_03_train_00098,stream
3,A_1_exact_recurrence,99,A_1,"{""A_1"":1.0}",exact_recurrence,A_1,0.0,64,train,task_03_train_00099,stream
3,A_1_exact_recurrence,100,A_1,"{""A_1"":1.0}",exact_recurrence,A_1,0.0,64,train,task_03_train_00100,stream
3,A_1_exact_recurrence,101,A_1,"{""A_1"":1.0}",exact_recurrence,A_1,0.0,64,train,task_03_train_00101,stream
3,A_1_exact_recurrence,102,A_1,"{""A_1"":1.0}",exact_recurrence,A_1,0.0,64,train,task_03_train_00102,stream
3,A_1_exact_recurrence,103,A_1,"{""A_1"":1.0}",exact_recurrence,A_1,0.0,64,train,task_03_train_00103,stream
3,A_1_exact_recurrence,104,A_1,"{""A_1"":1.0}",exact_recurrence,A_1,0.0,64,train,task_03_train_00104,stream
3,A_1_exact_recurrence,105,A_1,"{""A_1"":1.0}",exact_recurrence,A_1,0.0,64,train,task_03_train_00105,stream
3,A_1_exact_recurrence,106,A_1,"{""A_1"":1.0}",exact_recurrence,A_1,0.0,64,train,task_03_train_00106,stream
3,A_1_exact_recurrence,107,A_1,"{""A_1"":1.0}",exact_recurrence,A_1,0.0,64,train,task_03_train_00107,stream
3,A_1_exact_recurrence,108,A_1,"{""A_1"":1.0}",exact_recurrence,A_1,0.0,64,train,task_03_train_00108,stream
3,A_1_exact_recurrence,109,A_1,"{""A_1"":1.0}",exact_recurrence,A_1,0.0,64,train,task_03_train_00109,stream
3,A_1_exact_recurrence,110,A_1,"{""A_1"":1.0}",exact_recurrence,A_1,0.0,64,train,task_03_train_00110,stream
3,A_1_exact_recurrence,111,A_1,"{""A_1"":1.0}",exact_recurrence,A_1,0.0,64,train,task_03_train_00111,stream
3,A_1_exact_recurrence,112,A_1,"{""A_1"":1.0}",exact_recurrence,A_1,0.0,64,train,task_03_train_00112,stream
3,A_1_exact_recurrence,113,A_1,"{""A_1"":1.0}",exact_recurrence,A_1,0.0,64,train,task_03_train_00113,stream
3,A_1_exact_recurrence,114,A_1,"{""A_1"":1.0}",exact_recurrence,A_1,0.0,64,train,task_03_train_00114,stream
3,A_1_exact_recurrence,115,A_1,"{""A_1"":1.0}",exact_recurrence,A_1,0.0,64,train,task_03_train_00115,stream
3,A_1_exact_recurrence,116,A_1,"{""A_1"":1.0}",exact_recurrence,A_1,0.0,64,train,task_03_train_00116,stream
3,A_1_exact_recurrence,117,A_1,"{""A_1"":1.0}",exact_recurrence,A_1,0.0,64,train,task_03_train_00117,stream
3,A_1_exact_recurrence,118,A_1,"{""A_1"":1.0}",exact_recurrence,A_1,0.0,64,train,task_03_train_00118,stream
3,A_1_exact_recurrence,119,A_1,"{""A_1"":1.0}",exact_recurrence,A_1,0.0,64,train,task_03_train_00119,stream
3,A_1_exact_recurrence,120,A_1,"{""A_1"":1.0}",exact_recurrence,A_1,0.0,64,train,task_03_train_00120,stream
3,A_1_exact_recurrence,121,A_1,"{""A_1"":1.0}",exact_recurrence,A_1,0.0,64,train,task_03_train_00121,stream
3,A_1_exact_recurrence,122,A_1,"{""A_1"":1.0}",exact_recurrence,A_1,0.0,64,train,task_03_train_00122,stream
3,A_1_exact_recurrence,123,A_1,"{""A_1"":1.0}",exact_recurrence,A_1,0.0,64,train,task_03_train_00123,stream
3,A_1_exact_recurrence,124,A_1,"{""A_1"":1.0}",exact_recurrence,A_1,0.0,64,train,task_03_train_00124,stream
3,A_1_exact_recurrence,125,A_1,"{""A_1"":1.0}",exact_recurrence,A_1,0.0,64,train,task_03_train_00125,stream
3,A_1_exact_recurrence,126,A_1,"{""A_1"":1.0}",exact_recurrence,A_1,0.0,64,train,task_03_train_00126,stream
3,A_1_exact_recurrence,127,A_1,"{""A_1"":1.0}",exact_recurrence,A_1,0.0,64,train,task_03_train_00127,stream
3,A_1_exact_recurrence,0,A_1,"{""A_1"":1.0}",exact_recurrence,A_1,0.0,64,val,task_03_val_00000,stream
3,A_1_exact_recurrence,1,A_1,"{""A_1"":1.0}",exact_recurrence,A_1,0.0,64,val,task_03_val_00001,stream
3,A_1_exact_recurrence,2,A_1,"{""A_1"":1.0}",exact_recurrence,A_1,0.0,64,val,task_03_val_00002,stream
3,A_1_exact_recurrence,3,A_1,"{""A_1"":1.0}",exact_recurrence,A_1,0.0,64,val,task_03_val_00003,stream
3,A_1_exact_recurrence,4,A_1,"{""A_1"":1.0}",exact_recurrence,A_1,0.0,64,val,task_03_val_00004,stream
3,A_1_exact_recurrence,5,A_1,"{""A_1"":1.0}",exact_recurrence,A_1,0.0,64,val,task_03_val_00005,stream
3,A_1_exact_recurrence,6,A_1,"{""A_1"":1.0}",exact_recurrence,A_1,0.0,64,val,task_03_val_00006,stream
3,A_1_exact_recurrence,7,A_1,"{""A_1"":1.0}",exact_recurrence,A_1,0.0,64,val,task_03_val_00007,stream
3,A_1_exact_recurrence,8,A_1,"{""A_1"":1.0}",exact_recurrence,A_1,0.0,64,val,task_03_val_00008,stream
3,A_1_exact_recurrence,9,A_1,"{""A_1"":1.0}",exact_recurrence,A_1,0.0,64,val,task_03_val_00009,stream
3,A_1_exact_recurrence,10,A_1,"{""A_1"":1.0}",exact_recurrence,A_1,0.0,64,val,task_03_val_00010,stream
3,A_1_exact_recurrence,11,A_1,"{""A_1"":1.0}",exact_recurrence,A_1,0.0,64,val,task_03_val_00011,stream
3,A_1_exact_recurrence,12,A_1,"{""A_1"":1.0}",exact_recurrence,A_1,0.0,64,val,task_03_val_00012,stream
3,A_1_exact_recurrence,13,A_1,"{""A_1"":1.0}",exact_recurrence,A_1,0.0,64,val,task_03_val_00013,stream
3,A_1_exact_recurrence,14,A_1,"{""A_1"":1.0}",exact_recurrence,A_1,0.0,64,val,task_03_val_00014,stream
3,A_1_exact_recurrence,15,A_1,"{""A_1"":1.0}",exact_recurrence,A_1,0.0,64,val,task_03_val_00015,stream
3,A_1_exact_recurrence,16,A_1,"{""A_1"":1.0}",exact_recurrence,A_1,0.0,64,val,task_03_val_00016,stream
3,A_1_exact_recurrence,17,A_1,"{""A_1"":1.0}",exact_recurrence,A_1,0.0,64,val,task_03_val_00017,stream
3,A_1_exact_recurrence,18,A_1,"{""A_1"":1.0}",exact_recurrence,A_1,0.0,64,val,task_03_val_00018,stream
3,A_1_exact_recurrence,19,A_1,"{""A_1"":1.0}",exact_recurrence,A_1,0.0,64,val,task_03_val_00019,stream
3,A_1_exact_recurrence,20,A_1,"{""A_1"":1.0}",exact_recurrence,A_1,0.0,64,val,task_03_val_00020,stream
3,A_1_exact_recurrence,21,A_1,"{""A_1"":1.0}",exact_recurrence,A_1,0.0,64,val,task_03_val_00021,stream
3,A_1_exact_recurrence,22,A_1,"{""A_1"":1.0}",exact_recurrence,A_1,0.0,64,val,task_03_val_00022,stream
3,A_1_exact_recurrence,23,A_1,"{""A_1"":1.0}",exact_recurrence,A_1,0.0,64,val,task_03_val_00023,stream
3,A_1_exact_recurrence,24,A_1,"{""A_1"":1.0}",exact_recurrence,A_1,0.0,64,val,task_03_val_00024,stream
3,A_1_exact_recurrence,25,A_1,"{""A_1"":1.0}",exact_recurrence,A_1,0.0,64,val,task_03_val_00025,stream
3,A_1_exact_recurrence,26,A_1,"{""A_1"":1.0}",exact_recurrence,A_1,0.0,64,val,task_03_val_00026,stream
3,A_1_exact_recurrence,27,A_1,"{""A_1"":1.0}",exact_recurrence,A_1,0.0,64,val,task_03_val_00027,stream
3,A_1_exact_recurrence,28,A_1,"{""A_1"":1.0}",exact_recurrence,A_1,0.0,64,val,task_03_val_00028,stream
3,A_1_exact_recurrence,29,A_1,"{""A_1"":1.0}",exact_recurrence,A_1,0.0,64,val,task_03_val_00029,stream
3,A_1_exact_recurrence,30,A_1,"{""A_1"":1.0}",exact_recurrence,A_1,0.0,64,val,task_03_val_00030,stream
3,A_1_exact_recurrence,31,A_1,"{""A_1"":1.0}",exact_recurrence,A_1,0.0,64,val,task_03_val_00031,stream
3,A_1_exact_recurrence,0,A_1,"{""A_1"":1.0}",exact_recurrence,A_1,0.0,64,test,task_03_test_00000,stream
3,A_1_exact_recurrence,1,A_1,"{""A_1"":1.0}",exact_recurrence,A_1,0.0,64,test,task_03_test_00001,stream
3,A_1_exact_recurrence,2,A_1,"{""A_1"":1.0}",exact_recurrence,A_1,0.0,64,test,task_03_test_00002,stream
3,A_1_exact_recurrence,3,A_1,"{""A_1"":1.0}",exact_recurrence,A_1,0.0,64,test,task_03_test_00003,stream
3,A_1_exact_recurrence,4,A_1,"{""A_1"":1.0}",exact_recurrence,A_1,0.0,64,test,task_03_test_00004,stream
3,A_1_exact_recurrence,5,A_1,"{""A_1"":1.0}",exact_recurrence,A_1,0.0,64,test,task_03_test_00005,stream
3,A_1_exact_recurrence,6,A_1,"{""A_1"":1.0}",exact_recurrence,A_1,0.0,64,test,task_03_test_00006,stream
3,A_1_exact_recurrence,7,A_1,"{""A_1"":1.0}",exact_recurrence,A_1,0.0,64,test,task_03_test_00007,stream
3,A_1_exact_recurrence,8,A_1,"{""A_1"":1.0}",exact_recurrence,A_1,0.0,64,test,task_03_test_00008,stream
3,A_1_exact_recurrence,9,A_1,"{""A_1"":1.0}",exact_recurrence,A_1,0.0,64,test,task_03_test_00009,stream
3,A_1_exact_recurrence,10,A_1,"{""A_1"":1.0}",exact_recurrence,A_1,0.0,64,test,task_03_test_00010,stream
3,A_1_exact_recurrence,11,A_1,"{""A_1"":1.0}",exact_recurrence,A_1,0.0,64,test,task_03_test_00011,stream
3,A_1_exact_recurrence,12,A_1,"{""A_1"":1.0}",exact_recurrence,A_1,0.0,64,test,task_03_test_00012,stream
3,A_1_exact_recurrence,13,A_1,"{""A_1"":1.0}",exact_recurrence,A_1,0.0,64,test,task_03_test_00013,stream
3,A_1_exact_recurrence,14,A_1,"{""A_1"":1.0}",exact_recurrence,A_1,0.0,64,test,task_03_test_00014,stream
3,A_1_exact_recurrence,15,A_1,"{""A_1"":1.0}",exact_recurrence,A_1,0.0,64,test,task_03_test_00015,stream
3,A_1_exact_recurrence,16,A_1,"{""A_1"":1.0}",exact_recurrence,A_1,0.0,64,test,task_03_test_00016,stream
3,A_1_exact_recurrence,17,A_1,"{""A_1"":1.0}",exact_recurrence,A_1,0.0,64,test,task_03_test_00017,stream
3,A_1_exact_recurrence,18,A_1,"{""A_1"":1.0}",exact_recurrence,A_1,0.0,64,test,task_03_test_00018,stream
3,A_1_exact_recurrence,19,A_1,"{""A_1"":1.0}",exact_recurrence,A_1,0.0,64,test,task_03_test_00019,stream
3,A_1_exact_recurrence,20,A_1,"{""A_1"":1.0}",exact_recurrence,A_1,0.0,64,test,task_03_test_00020,stream
3,A_1_exact_recurrence,21,A_1,"{""A_1"":1.0}",exact_recurrence,A_1,0.0,64,test,task_03_test_00021,stream
3,A_1_exact_recurrence,22,A_1,"{""A_1"":1.0}",exact_recurrence,A_1,0.0,64,test,task_03_test_00022,stream
3,A_1_exact_recurrence,23,A_1,"{""A_1"":1.0}",exact_recurrence,A_1,0.0,64,test,task_03_test_00023,stream
3,A_1_exact_recurrence,24,A_1,"{""A_1"":1.0}",exact_recurrence,A_1,0.0,64,test,task_03_test_00024,stream
3,A_1_exact_recurrence,25,A_1,"{""A_1"":1.0}",exact_recurrence,A_1,0.0,64,test,task_03_test_00025,stream
3,A_1_exact_recurrence,26,A_1,"{""A_1"":1.0}",exact_recurrence,A_1,0.0,64,test,task_03_test_00026,stream
3,A_1_exact_recurrence,27,A_1,"{""A_1"":1.0}",exact_recurrence,A_1,0.0,64,test,task_03_test_00027,stream
3,A_1_exact_recurrence,28,A_1,"{""A_1"":1.0}",exact_recurrence,A_1,0.0,64,test,task_03_test_00028,stream
3,A_1_exact_recurrence,29,A_1,"{""A_1"":1.0}",exact_recurrence,A_1,0.0,64,test,task_03_test_00029,stream
3,A_1_exact_recurrence,30,A_1,"{""A_1"":1.0}",exact_recurrence,A_1,0.0,64,test,task_03_test_00030,stream
3,A_1_exact_recurrence,31,A_1,"{""A_1"":1.0}",exact_recurrence,A_1,0.0,64,test,task_03_test_00031,stream
4,D_1_novel,0,D_1,"{""D_1"":1.0}",novel,,0.0,64,train,task_04_train_00000,stream
4,D_1_novel,1,D_1,"{""D_1"":1.0}",novel,,0.0,64,train,task_04_train_00001,stream
4,D_1_novel,2,D_1,"{""D_1"":1.0}",novel,,0.0,64,train,task_04_train_00002,stream
4,D_1_novel,3,D_1,"{""D_1"":1.0}",novel,,0.0,64,train,task_04_train_00003,stream
4,D_1_novel,4,D_1,"{""D_1"":1.0}",novel,,0.0,64,train,task_04_train_00004,stream
4,D_1_novel,5,D_1,"{""D_1"":1.0}",novel,,0.0,64,train,task_04_train_00005,stream
4,D_1_novel,6,D_1,"{""D_1"":1.0}",novel,,0.0,64,train,task_04_train_00006,stream
4,D_1_novel,7,D_1,"{""D_1"":1.0}",novel,,0.0,64,train,task_04_train_00007,stream
4,D_1_novel,8,D_1,"{""D_1"":1.0}",novel,,0.0,64,train,task_04_train_00008,stream
4,D_1_novel,9,D_1,"{""D_1"":1.0}",novel,,0.0,64,train,task_04_train_00009,stream
4,D_1_novel,10,D_1,"{""D_1"":1.0}",novel,,0.0,64,train,task_04_train_00010,stream
4,D_1_novel,11,D_1,"{""D_1"":1.0}",novel,,0.0,64,train,task_04_train_00011,stream
4,D_1_novel,12,D_1,"{""D_1"":1.0}",novel,,0.0,64,train,task_04_train_00012,stream
4,D_1_novel,13,D_1,"{""D_1"":1.0}",novel,,0.0,64,train,task_04_train_00013,stream
4,D_1_novel,14,D_1,"{""D_1"":1.0}",novel,,0.0,64,train,task_04_train_00014,stream
4,D_1_novel,15,D_1,"{""D_1"":1.0}",novel,,0.0,64,train,task_04_train_00015,stream
4,D_1_novel,16,D_1,"{""D_1"":1.0}",novel,,0.0,64,train,task_04_train_00016,stream
4,D_1_novel,17,D_1,"{""D_1"":1.0}",novel,,0.0,64,train,task_04_train_00017,stream
4,D_1_novel,18,D_1,"{""D_1"":1.0}",novel,,0.0,64,train,task_04_train_00018,stream
4,D_1_novel,19,D_1,"{""D_1"":1.0}",novel,,0.0,64,train,task_04_train_00019,stream
4,D_1_novel,20,D_1,"{""D_1"":1.0}",novel,,0.0,64,train,task_04_train_00020,stream
4,D_1_novel,21,D_1,"{""D_1"":1.0}",novel,,0.0,64,train,task_04_train_00021,stream
4,D_1_novel,22,D_1,"{""D_1"":1.0}",novel,,0.0,64,train,task_04_train_00022,stream
4,D_1_novel,23,D_1,"{""D_1"":1.0}",novel,,0.0,64,train,task_04_train_00023,stream
4,D_1_novel,24,D_1,"{""D_1"":1.0}",novel,,0.0,64,train,task_04_train_00024,stream
4,D_1_novel,25,D_1,"{""D_1"":1.0}",novel,,0.0,64,train,task_04_train_00025,stream
4,D_1_novel,26,D_1,"{""D_1"":1.0}",novel,,0.0,64,train,task_04_train_00026,stream
4,D_1_novel,27,D_1,"{""D_1"":1.0}",novel,,0.0,64,train,task_04_train_00027,stream
4,D_1_novel,28,D_1,"{""D_1"":1.0}",novel,,0.0,64,train,task_04_train_00028,stream
4,D_1_novel,29,D_1,"{""D_1"":1.0}",novel,,0.0,64,train,task_04_train_00029,stream
4,D_1_novel,30,D_1,"{""D_1"":1.0}",novel,,0.0,64,train,task_04_train_00030,stream
4,D_1_novel,31,D_1,"{""D_1"":1.0}",novel,,0.0,64,train,task_04_train_00031,stream
4,D_1_novel,32,D_1,"{""D_1"":1.0}",novel,,0.0,64,train,task_04_train_00032,stream
4,D_1_novel,33,D_1,"{""D_1"":1.0}",novel,,0.0,64,train,task_04_train_00033,stream
4,D_1_novel,34,D_1,"{""D_1"":1.0}",novel,,0.0,64,train,task_04_train_00034,stream
4,D_1_novel,35,D_1,"{""D_1"":1.0}",novel,,0.0,64,train,task_04_train_00035,stream
4,D_1_novel,36,D_1,"{""D_1"":1.0}",novel,,0.0,64,train,task_04_train_00036,stream
4,D_1_novel,37,D_1,"{""D_1"":1.0}",novel,,0.0,64,train,task_04_train_00037,stream
4,D_1_novel,38,D_1,"{""D_1"":1.0}",novel,,0.0,64,train,task_04_train_00038,stream
4,D_1_novel,39,D_1,"{""D_1"":1.0}",novel,,0.0,64,train,task_04_train_00039,stream
4,D_1_novel,40,D_1,"{""D_1"":1.0}",novel,,0.0,64,train,task_04_train_00040,stream
4,D_1_novel,41,D_1,"{""D_1"":1.0}",novel,,0.0,64,train,task_04_train_00041,stream
4,D_1_novel,42,D_1,"{""D_1"":1.0}",novel,,0.0,64,train,task_04_train_00042,stream
4,D_1_novel,43,D_1,"{""D_1"":1.0}",novel,,0.0,64,train,task_04_train_00043,stream
4,D_1_novel,44,D_1,"{""D_1"":1.0}",novel,,0.0,64,train,task_04_train_00044,stream
4,D_1_novel,45,D_1,"{""D_1"":1.0}",novel,,0.0,64,train,task_04_train_00045,stream
4,D_1_novel,46,D_1,"{""D_1"":1.0}",novel,,0.0,64,train,task_04_train_00046,stream
4,D_1_novel,47,D_1,"{""D_1"":1.0}",novel,,0.0,64,train,task_04_train_00047,stream
4,D_1_novel,48,D_1,"{""D_1"":1.0}",novel,,0.0,64,train,task_04_train_00048,stream
4,D_1_novel,49,D_1,"{""D_1"":1.0}",novel,,0.0,64,train,task_04_train_00049,stream
4,D_1_novel,50,D_1,"{""D_1"":1.0}",novel,,0.0,64,train,task_04_train_00050,stream
4,D_1_novel,51,D_1,"{""D_1"":1.0}",novel,,0.0,64,train,task_04_train_00051,stream
4,D_1_novel,52,D_1,"{""D_1"":1.0}",novel,,0.0,64,train,task_04_train_00052,stream
4,D_1_novel,53,D_1,"{""D_1"":1.0}",novel,,0.0,64,train,task_04_train_00053,stream
4,D_1_novel,54,D_1,"{""D_1"":1.0}",novel,,0.0,64,train,task_04_train_00054,stream
4,D_1_novel,55,D_1,"{""D_1"":1.0}",novel,,0.0,64,train,task_04_train_00055,stream
4,D_1_novel,56,D_1,"{""D_1"":1.0}",novel,,0.0,64,train,task_04_train_00056,stream
4,D_1_novel,57,D_1,"{""D_1"":1.0}",novel,,0.0,64,train,task_04_train_00057,stream
4,D_1_novel,58,D_1,"{""D_1"":1.0}",novel,,0.0,64,train,task_04_train_00058,stream
4,D_1_novel,59,D_1,"{""D_1"":1.0}",novel,,0.0,64,train,task_04_train_00059,stream
4,D_1_novel,60,D_1,"{""D_1"":1.0}",novel,,0.0,64,train,task_04_train_00060,stream
4,D_1_novel,61,D_1,"{""D_1"":1.0}",novel,,0.0,64,train,task_04_train_00061,stream
4,D_1_novel,62,D_1,"{""D_1"":1.0}",novel,,0.0,64,train,task_04_train_00062,stream
4,D_1_novel,63,D_1,"{""D_1"":1.0}",novel,,0.0,64,train,task_04_train_00063,stream
4,D_1_novel,64,D_1,"{""D_1"":1.0}",novel,,0.0,64,train,task_04_train_00064,stream
4,D_1_novel,65,D_1,"{""D_1"":1.0}",novel,,0.0,64,train,task_04_train_00065,stream
4,D_1_novel,66,D_1,"{""D_1"":1.0}",novel,,0.0,64,train,task_04_train_00066,stream
4,D_1_novel,67,D_1,"{""D_1"":1.0}",novel,,0.0,64,train,task_04_train_00067,stream
4,D_1_novel,68,D_1,"{""D_1"":1.0}",novel,,0.0,64,train,task_04_train_00068,stream
4,D_1_novel,69,D_1,"{""D_1"":1.0}",novel,,0.0,64,train,task_04_train_00069,stream
4,D_1_novel,70,D_1,"{""D_1"":1.0}",novel,,0.0,64,train,task_04_train_00070,stream
4,D_1_novel,71,D_1,"{""D_1"":1.0}",novel,,0.0,64,train,task_04_train_00071,stream
4,D_1_novel,72,D_1,"{""D_1"":1.0}",novel,,0.0,64,train,task_04_train_00072,stream
4,D_1_novel,73,D_1,"{""D_1"":1.0}",novel,,0.0,64,train,task_04_train_00073,stream
4,D_1_novel,74,D_1,"{""D_1"":1.0}",novel,,0.0,64,train,task_04_train_00074,stream
4,D_1_novel,75,D_1,"{""D_1"":1.0}",novel,,0.0,64,train,task_04_train_00075,stream
4,D_1_novel,76,D_1,"{""D_1"":1.0}",novel,,0.0,64,train,task_04_train_00076,stream
4,D_1_novel,77,D_1,"{""D_1"":1.0}",novel,,0.0,64,train,task_04_train_00077,stream
4,D_1_novel,78,D_1,"{""D_1"":1.0}",novel,,0.0,64,train,task_04_train_00078,stream
4,D_1_novel,79,D_1,"{""D_1"":1.0}",novel,,0.0,64,train,task_04_train_00079,stream
4,D_1_novel,80,D_1,"{""D_1"":1.0}",novel,,0.0,64,train,task_04_train_00080,stream
4,D_1_novel,81,D_1,"{""D_1"":1.0}",novel,,0.0,64,train,task_04_train_00081,stream
4,D_1_novel,82,D_1,"{""D_1"":1.0}",novel,,0.0,64,train,task_04_train_00082,stream
4,D_1_novel,83,D_1,"{""D_1"":1.0}",novel,,0.0,64,train,task_04_train_00083,stream
4,D_1_novel,84,D_1,"{""D_1"":1.0}",novel,,0.0,64,train,task_04_train_00084,stream
4,D_1_novel,85,D_1,"{""D_1"":1.0}",novel,,0.0,64,train,task_04_train_00085,stream
4,D_1_novel,86,D_1,"{""D_1"":1.0}",novel,,0.0,64,train,task_04_train_00086,stream
4,D_1_novel,87,D_1,"{""D_1"":1.0}",novel,,0.0,64,train,task_04_train_00087,stream
4,D_1_novel,88,D_1,"{""D_1"":1.0}",novel,,0.0,64,train,task_04_train_00088,stream
4,D_1_novel,89,D_1,"{""D_1"":1.0}",novel,,0.0,64,train,task_04_train_00089,stream
4,D_1_novel,90,D_1,"{""D_1"":1.0}",novel,,0.0,64,train,task_04_train_00090,stream
4,D_1_novel,91,D_1,"{""D_1"":1.0}",novel,,0.0,64,train,task_04_train_00091,stream
4,D_1_novel,92,D_1,"{""D_1"":1.0}",novel,,0.0,64,train,task_04_train_00092,stream
4,D_1_novel,93,D_1,"{""D_1"":1.0}",novel,,0.0,64,train,task_04_train_00093,stream
4,D_1_novel,94,D_1,"{""D_1"":1.0}",novel,,0.0,64,train,task_04_train_00094,stream
4,D_1_novel,95,D_1,"{""D_1"":1.0}",novel,,0.0,64,train,task_04_train_00095,stream
4,D_1_novel,96,D_1,"{""D_1"":1.0}",novel,,0.0,64,train,task_04_train_00096,stream
4,D_1_novel,97,D_1,"{""D_1"":1.0}",novel,,0.0,64,train,task_04_train_00097,stream
4,D_1_novel,98,D_1,"{""D_1"":1.0}",novel,,0.0,64,train,task_04_train_00098,stream
4,D_1_novel,99,D_1,"{""D_1"":1.0}",novel,,0.0,64,train,task_04_train_00099,stream
4,D_1_novel,100,D_1,"{""D_1"":1.0}",novel,,0.0,64,train,task_04_train_00100,stream
4,D_1_novel,101,D_1,"{""D_1"":1.0}",novel,,0.0,64,train,task_04_train_00101,stream
4,D_1_novel,102,D_1,"{""D_1"":1.0}",novel,,0.0,64,train,task_04_train_00102,stream
4,D_1_novel,103,D_1,"{""D_1"":1.0}",novel,,0.0,64,train,task_04_train_00103,stream
4,D_1_novel,104,D_1,"{""D_1"":1.0}",novel,,0.0,64,train,task_04_train_00104,stream
4,D_1_novel,105,D_1,"{""D_1"":1.0}",novel,,0.0,64,train,task_04_train_00105,stream
4,D_1_novel,106,D_1,"{""D_1"":1.0}",novel,,0.0,64,train,task_04_train_00106,stream
4,D_1_novel,107,D_1,"{""D_1"":1.0}",novel,,0.0,64,train,task_04_train_00107,stream
4,D_1_novel,108,D_1,"{""D_1"":1.0}",novel,,0.0,64,train,task_04_train_00108,stream
4,D_1_novel,109,D_1,"{""D_1"":1.0}",novel,,0.0,64,train,task_04_train_00109,stream
4,D_1_novel,110,D_1,"{""D_1"":1.0}",novel,,0.0,64,train,task_04_train_00110,stream
4,D_1_novel,111,D_1,"{""D_1"":1.0}",novel,,0.0,64,train,task_04_train_00111,stream
4,D_1_novel,112,D_1,"{""D_1"":1.0}",novel,,0.0,64,train,task_04_train_00112,stream
4,D_1_novel,113,D_1,"{""D_1"":1.0}",novel,,0.0,64,train,task_04_train_00113,stream
4,D_1_novel,114,D_1,"{""D_1"":1.0}",novel,,0.0,64,train,task_04_train_00114,stream
4,D_1_novel,115,D_1,"{""D_1"":1.0}",novel,,0.0,64,train,task_04_train_00115,stream
4,D_1_novel,116,D_1,"{""D_1"":1.0}",novel,,0.0,64,train,task_04_train_00116,stream
4,D_1_novel,117,D_1,"{""D_1"":1.0}",novel,,0.0,64,train,task_04_train_00117,stream
4,D_1_novel,118,D_1,"{""D_1"":1.0}",novel,,0.0,64,train,task_04_train_00118,stream
4,D_1_novel,119,D_1,"{""D_1"":1.0}",novel,,0.0,64,train,task_04_train_00119,stream
4,D_1_novel,120,D_1,"{""D_1"":1.0}",novel,,0.0,64,train,task_04_train_00120,stream
4,D_1_novel,121,D_1,"{""D_1"":1.0}",novel,,0.0,64,train,task_04_train_00121,stream
4,D_1_novel,122,D_1,"{""D_1"":1.0}",novel,,0.0,64,train,task_04_train_00122,stream
4,D_1_novel,123,D_1,"{""D_1"":1.0}",novel,,0.0,64,train,task_04_train_00123,stream
4,D_1_novel,124,D_1,"{""D_1"":1.0}",novel,,0.0,64,train,task_04_train_00124,stream
4,D_1_novel,125,D_1,"{""D_1"":1.0}",novel,,0.0,64,train,task_04_train_00125,stream
4,D_1_novel,126,D_1,"{""D_1"":1.0}",novel,,0.0,64,train,task_04_train_00126,stream
4,D_1_novel,127,D_1,"{""D_1"":1.0}",novel,,0.0,64,train,task_04_train_00127,stream
4,D_1_novel,0,D_1,"{""D_1"":1.0}",novel,,0.0,64,val,task_04_val_00000,stream
4,D_1_novel,1,D_1,"{""D_1"":1.0}",novel,,0.0,64,val,task_04_val_00001,stream
4,D_1_novel,2,D_1,"{""D_1"":1.0}",novel,,0.0,64,val,task_04_val_00002,stream
4,D_1_novel,3,D_1,"{""D_1"":1.0}",novel,,0.0,64,val,task_04_val_00003,stream
4,D_1_novel,4,D_1,"{""D_1"":1.0}",novel,,0.0,64,val,task_04_val_00004,stream
4,D_1_novel,5,D_1,"{""D_1"":1.0}",novel,,0.0,64,val,task_04_val_00005,stream
4,D_1_novel,6,D_1,"{""D_1"":1.0}",novel,,0.0,64,val,task_04_val_00006,stream
4,D_1_novel,7,D_1,"{""D_1"":1.0}",novel,,0.0,64,val,task_04_val_00007,stream
4,D_1_novel,8,D_1,"{""D_1"":1.0}",novel,,0.0,64,val,task_04_val_00008,stream
4,D_1_novel,9,D_1,"{""D_1"":1.0}",novel,,0.0,64,val,task_04_val_00009,stream
4,D_1_novel,10,D_1,"{""D_1"":1.0}",novel,,0.0,64,val,task_04_val_00010,stream
4,D_1_novel,11,D_1,"{""D_1"":1.0}",novel,,0.0,64,val,task_04_val_00011,stream
4,D_1_novel,12,D_1,"{""D_1"":1.0}",novel,,0.0,64,val,task_04_val_00012,stream
4,D_1_novel,13,D_1,"{""D_1"":1.0}",novel,,0.0,64,val,task_04_val_00013,stream
4,D_1_novel,14,D_1,"{""D_1"":1.0}",novel,,0.0,64,val,task_04_val_00014,stream
4,D_1_novel,15,D_1,"{""D_1"":1.0}",novel,,0.0,64,val,task_04_val_00015,stream
4,D_1_novel,16,D_1,"{""D_1"":1.0}",novel,,0.0,64,val,task_04_val_00016,stream
4,D_1_novel,17,D_1,"{""D_1"":1.0}",novel,,0.0,64,val,task_04_val_00017,stream
4,D_1_novel,18,D_1,"{""D_1"":1.0}",novel,,0.0,64,val,task_04_val_00018,stream
4,D_1_novel,19,D_1,"{""D_1"":1.0}",novel,,0.0,64,val,task_04_val_00019,stream
4,D_1_novel,20,D_1,"{""D_1"":1.0}",novel,,0.0,64,val,task_04_val_00020,stream
4,D_1_novel,21,D_1,"{""D_1"":1.0}",novel,,0.0,64,val,task_04_val_00021,stream
4,D_1_novel,22,D_1,"{""D_1"":1.0}",novel,,0.0,64,val,task_04_val_00022,stream
4,D_1_novel,23,D_1,"{""D_1"":1.0}",novel,,0.0,64,val,task_04_val_00023,stream
4,D_1_novel,24,D_1,"{""D_1"":1.0}",novel,,0.0,64,val,task_04_val_00024,stream
4,D_1_novel,25,D_1,"{""D_1"":1.0}",novel,,0.0,64,val,task_04_val_00025,stream
4,D_1_novel,26,D_1,"{""D_1"":1.0}",novel,,0.0,64,val,task_04_val_00026,stream
4,D_1_novel,27,D_1,"{""D_1"":1.0}",novel,,0.0,64,val,task_04_val_00027,stream
4,D_1_novel,28,D_1,"{""D_1"":1.0}",novel,,0.0,64,val,task_04_val_00028,stream
4,D_1_novel,29,D_1,"{""D_1"":1.0}",novel,,0.0,64,val,task_04_val_00029,stream
4,D_1_novel,30,D_1,"{""D_1"":1.0}",novel,,0.0,64,val,task_04_val_00030,stream
4,D_1_novel,31,D_1,"{""D_1"":1.0}",novel,,0.0,64,val,task_04_val_00031,stream
4,D_1_novel,0,D_1,"{""D_1"":1.0}",novel,,0.0,64,test,task_04_test_00000,stream
4,D_1_novel,1,D_1,"{""D_1"":1.0}",novel,,0.0,64,test,task_04_test_00001,stream
4,D_1_novel,2,D_1,"{""D_1"":1.0}",novel,,0.0,64,test,task_04_test_00002,stream
4,D_1_novel,3,D_1,"{""D_1"":1.0}",novel,,0.0,64,test,task_04_test_00003,stream
4,D_1_novel,4,D_1,"{""D_1"":1.0}",novel,,0.0,64,test,task_04_test_00004,stream
4,D_1_novel,5,D_1,"{""D_1"":1.0}",novel,,0.0,64,test,task_04_test_00005,stream
4,D_1_novel,6,D_1,"{""D_1"":1.0}",novel,,0.0,64,test,task_04_test_00006,stream
4,D_1_novel,7,D_1,"{""D_1"":1.0}",novel,,0.0,64,test,task_04_test_00007,stream
4,D_1_novel,8,D_1,"{""D_1"":1.0}",novel,,0.0,64,test,task_04_test_00008,stream
4,D_1_novel,9,D_1,"{""D_1"":1.0}",novel,,0.0,64,test,task_04_test_00009,stream
4,D_1_novel,10,D_1,"{""D_1"":1.0}",novel,,0.0,64,test,task_04_test_00010,stream
4,D_1_novel,11,D_1,"{""D_1"":1.0}",novel,,0.0,64,test,task_04_test_00011,stream
4,D_1_novel,12,D_1,"{""D_1"":1.0}",novel,,0.0,64,test,task_04_test_00012,stream
4,D_1_novel,13,D_1,"{""D_1"":1.0}",novel,,0.0,64,test,task_04_test_00013,stream
4,D_1_novel,14,D_1,"{""D_1"":1.0}",novel,,0.0,64,test,task_04_test_00014,stream
4,D_1_novel,15,D_1,"{""D_1"":1.0}",novel,,0.0,64,test,task_04_test_00015,stream
4,D_1_novel,16,D_1,"{""D_1"":1.0}",novel,,0.0,64,test,task_04_test_00016,stream
4,D_1_novel,17,D_1,"{""D_1"":1.0}",novel,,0.0,64,test,task_04_test_00017,stream
4,D_1_novel,18,D_1,"{""D_1"":1.0}",novel,,0.0,64,test,task_04_test_00018,stream
4,D_1_novel,19,D_1,"{""D_1"":1.0}",novel,,0.0,64,test,task_04_test_00019,stream
4,D_1_novel,20,D_1,"{""D_1"":1.0}",novel,,0.0,64,test,task_04_test_00020,stream
4,D_1_novel,21,D_1,"{""D_1"":1.0}",novel,,0.0,64,test,task_04_test_00021,stream
4,D_1_novel,22,D_1,"{""D_1"":1.0}",novel,,0.0,64,test,task_04_test_00022,stream
4,D_1_novel,23,D_1,"{""D_1"":1.0}",novel,,0.0,64,test,task_04_test_00023,stream
4,D_1_novel,24,D_1,"{""D_1"":1.0}",novel,,0.0,64,test,task_04_test_00024,stream
4,D_1_novel,25,D_1,"{""D_1"":1.0}",novel,,0.0,64,test,task_04_test_00025,stream
4,D_1_novel,26,D_1,"{""D_1"":1.0}",novel,,0.0,64,test,task_04_test_00026,stream
4,D_1_novel,27,D_1,"{""D_1"":1.0}",novel,,0.0,64,test,task_04_test_00027,stream
4,D_1_novel,28,D_1,"{""D_1"":1.0}",novel,,0.0,64,test,task_04_test_00028,stream
4,D_1_novel,29,D_1,"{""D_1"":1.0}",novel,,0.0,64,test,task_04_test_00029,stream
4,D_1_novel,30,D_1,"{""D_1"":1.0}",novel,,0.0,64,test,task_04_test_00030,stream
4,D_1_novel,31,D_1,"{""D_1"":1.0}",novel,,0.0,64,test,task_04_test_00031,stream
5,B_prime_1_near_recurrence,0,B_prime_1,"{""B_prime_1"":1.0}",near_recurrence,B_1,0.08417032986813534,64,train,task_05_train_00000,stream
5,B_prime_1_near_recurrence,1,B_prime_1,"{""B_prime_1"":1.0}",near_recurrence,B_1,0.08417032986813534,64,train,task_05_train_00001,stream
5,B_prime_1_near_recurrence,2,B_prime_1,"{""B_prime_1"":1.0}",near_recurrence,B_1,0.08417032986813534,64,train,task_05_train_00002,stream
5,B_prime_1_near_recurrence,3,B_prime_1,"{""B_prime_1"":1.0}",near_recurrence,B_1,0.08417032986813534,64,train,task_05_train_00003,stream
5,B_prime_1_near_recurrence,4,B_prime_1,"{""B_prime_1"":1.0}",near_recurrence,B_1,0.08417032986813534,64,train,task_05_train_00004,stream
5,B_prime_1_near_recurrence,5,B_prime_1,"{""B_prime_1"":1.0}",near_recurrence,B_1,0.08417032986813534,64,train,task_05_train_00005,stream
5,B_prime_1_near_recurrence,6,B_prime_1,"{""B_prime_1"":1.0}",near_recurrence,B_1,0.08417032986813534,64,train,task_05_train_00006,stream
5,B_prime_1_near_recurrence,7,B_prime_1,"{""B_prime_1"":1.0}",near_recurrence,B_1,0.08417032986813534,64,train,task_05_train_00007,stream
5,B_prime_1_near_recurrence,8,B_prime_1,"{""B_prime_1"":1.0}",near_recurrence,B_1,0.08417032986813534,64,train,task_05_train_00008,stream
5,B_prime_1_near_recurrence,9,B_prime_1,"{""B_prime_1"":1.0}",near_recurrence,B_1,0.08417032986813534,64,train,task_05_train_00009,stream
5,B_prime_1_near_recurrence,10,B_prime_1,"{""B_prime_1"":1.0}",near_recurrence,B_1,0.08417032986813534,64,train,task_05_train_00010,stream
5,B_prime_1_near_recurrence,11,B_prime_1,"{""B_prime_1"":1.0}",near_recurrence,B_1,0.08417032986813534,64,train,task_05_train_00011,stream
5,B_prime_1_near_recurrence,12,B_prime_1,"{""B_prime_1"":1.0}",near_recurrence,B_1,0.08417032986813534,64,train,task_05_train_00012,stream
5,B_prime_1_near_recurrence,13,B_prime_1,"{""B_prime_1"":1.0}",near_recurrence,B_1,0.08417032986813534,64,train,task_05_train_00013,stream
5,B_prime_1_near_recurrence,14,B_prime_1,"{""B_prime_1"":1.0}",near_recurrence,B_1,0.08417032986813534,64,train,task_05_train_00014,stream
5,B_prime_1_near_recurrence,15,B_prime_1,"{""B_prime_1"":1.0}",near_recurrence,B_1,0.08417032986813534,64,train,task_05_train_00015,stream
5,B_prime_1_near_recurrence,16,B_prime_1,"{""B_prime_1"":1.0}",near_recurrence,B_1,0.08417032986813534,64,train,task_05_train_00016,stream
5,B_prime_1_near_recurrence,17,B_prime_1,"{""B_prime_1"":1.0}",near_recurrence,B_1,0.08417032986813534,64,train,task_05_train_00017,stream
5,B_prime_1_near_recurrence,18,B_prime_1,"{""B_prime_1"":1.0}",near_recurrence,B_1,0.08417032986813534,64,train,task_05_train_00018,stream
5,B_prime_1_near_recurrence,19,B_prime_1,"{""B_prime_1"":1.0}",near_recurrence,B_1,0.08417032986813534,64,train,task_05_train_00019,stream
5,B_prime_1_near_recurrence,20,B_prime_1,"{""B_prime_1"":1.0}",near_recurrence,B_1,0.08417032986813534,64,train,task_05_train_00020,stream
5,B_prime_1_near_recurrence,21,B_prime_1,"{""B_prime_1"":1.0}",near_recurrence,B_1,0.08417032986813534,64,train,task_05_train_00021,stream
5,B_prime_1_near_recurrence,22,B_prime_1,"{""B_prime_1"":1.0}",near_recurrence,B_1,0.08417032986813534,64,train,task_05_train_00022,stream
5,B_prime_1_near_recurrence,23,B_prime_1,"{""B_prime_1"":1.0}",near_recurrence,B_1,0.08417032986813534,64,train,task_05_train_00023,stream
5,B_prime_1_near_recurrence,24,B_prime_1,"{""B_prime_1"":1.0}",near_recurrence,B_1,0.08417032986813534,64,train,task_05_train_00024,stream
5,B_prime_1_near_recurrence,25,B_prime_1,"{""B_prime_1"":1.0}",near_recurrence,B_1,0.08417032986813534,64,train,task_05_train_00025,stream
5,B_prime_1_near_recurrence,26,B_prime_1,"{""B_prime_1"":1.0}",near_recurrence,B_1,0.08417032986813534,64,train,task_05_train_00026,stream
5,B_prime_1_near_recurrence,27,B_prime_1,"{""B_prime_1"":1.0}",near_recurrence,B_1,0.08417032986813534,64,train,task_05_train_00027,stream
5,B_prime_1_near_recurrence,28,B_prime_1,"{""B_prime_1"":1.0}",near_recurrence,B_1,0.08417032986813534,64,train,task_05_train_00028,stream
5,B_prime_1_near_recurrence,29,B_prime_1,"{""B_prime_1"":1.0}",near_recurrence,B_1,0.08417032986813534,64,train,task_05_train_00029,stream
5,B_prime_1_near_recurrence,30,B_prime_1,"{""B_prime_1"":1.0}",near_recurrence,B_1,0.08417032986813534,64,train,task_05_train_00030,stream
5,B_prime_1_near_recurrence,31,B_prime_1,"{""B_prime_1"":1.0}",near_recurrence,B_1,0.08417032986813534,64,train,task_05_train_00031,stream
5,B_prime_1_near_recurrence,32,B_prime_1,"{""B_prime_1"":1.0}",near_recurrence,B_1,0.08417032986813534,64,train,task_05_train_00032,stream
5,B_prime_1_near_recurrence,33,B_prime_1,"{""B_prime_1"":1.0}",near_recurrence,B_1,0.08417032986813534,64,train,task_05_train_00033,stream
5,B_prime_1_near_recurrence,34,B_prime_1,"{""B_prime_1"":1.0}",near_recurrence,B_1,0.08417032986813534,64,train,task_05_train_00034,stream
5,B_prime_1_near_recurrence,35,B_prime_1,"{""B_prime_1"":1.0}",near_recurrence,B_1,0.08417032986813534,64,train,task_05_train_00035,stream
5,B_prime_1_near_recurrence,36,B_prime_1,"{""B_prime_1"":1.0}",near_recurrence,B_1,0.08417032986813534,64,train,task_05_train_00036,stream
5,B_prime_1_near_recurrence,37,B_prime_1,"{""B_prime_1"":1.0}",near_recurrence,B_1,0.08417032986813534,64,train,task_05_train_00037,stream
5,B_prime_1_near_recurrence,38,B_prime_1,"{""B_prime_1"":1.0}",near_recurrence,B_1,0.08417032986813534,64,train,task_05_train_00038,stream
5,B_prime_1_near_recurrence,39,B_prime_1,"{""B_prime_1"":1.0}",near_recurrence,B_1,0.08417032986813534,64,train,task_05_train_00039,stream
5,B_prime_1_near_recurrence,40,B_prime_1,"{""B_prime_1"":1.0}",near_recurrence,B_1,0.08417032986813534,64,train,task_05_train_00040,stream
5,B_prime_1_near_recurrence,41,B_prime_1,"{""B_prime_1"":1.0}",near_recurrence,B_1,0.08417032986813534,64,train,task_05_train_00041,stream
5,B_prime_1_near_recurrence,42,B_prime_1,"{""B_prime_1"":1.0}",near_recurrence,B_1,0.08417032986813534,64,train,task_05_train_00042,stream
5,B_prime_1_near_recurrence,43,B_prime_1,"{""B_prime_1"":1.0}",near_recurrence,B_1,0.08417032986813534,64,train,task_05_train_00043,stream
5,B_prime_1_near_recurrence,44,B_prime_1,"{""B_prime_1"":1.0}",near_recurrence,B_1,0.08417032986813534,64,train,task_05_train_00044,stream
5,B_prime_1_near_recurrence,45,B_prime_1,"{""B_prime_1"":1.0}",near_recurrence,B_1,0.08417032986813534,64,train,task_05_train_00045,stream
5,B_prime_1_near_recurrence,46,B_prime_1,"{""B_prime_1"":1.0}",near_recurrence,B_1,0.08417032986813534,64,train,task_05_train_00046,stream
5,B_prime_1_near_recurrence,47,B_prime_1,"{""B_prime_1"":1.0}",near_recurrence,B_1,0.08417032986813534,64,train,task_05_train_00047,stream
5,B_prime_1_near_recurrence,48,B_prime_1,"{""B_prime_1"":1.0}",near_recurrence,B_1,0.08417032986813534,64,train,task_05_train_00048,stream
5,B_prime_1_near_recurrence,49,B_prime_1,"{""B_prime_1"":1.0}",near_recurrence,B_1,0.08417032986813534,64,train,task_05_train_00049,stream
5,B_prime_1_near_recurrence,50,B_prime_1,"{""B_prime_1"":1.0}",near_recurrence,B_1,0.08417032986813534,64,train,task_05_train_00050,stream
5,B_prime_1_near_recurrence,51,B_prime_1,"{""B_prime_1"":1.0}",near_recurrence,B_1,0.08417032986813534,64,train,task_05_train_00051,stream
5,B_prime_1_near_recurrence,52,B_prime_1,"{""B_prime_1"":1.0}",near_recurrence,B_1,0.08417032986813534,64,train,task_05_train_00052,stream
5,B_prime_1_near_recurrence,53,B_prime_1,"{""B_prime_1"":1.0}",near_recurrence,B_1,0.08417032986813534,64,train,task_05_train_00053,stream
5,B_prime_1_near_recurrence,54,B_prime_1,"{""B_prime_1"":1.0}",near_recurrence,B_1,0.08417032986813534,64,train,task_05_train_00054,stream
5,B_prime_1_near_recurrence,55,B_prime_1,"{""B_prime_1"":1.0}",near_recurrence,B_1,0.08417032986813534,64,train,task_05_train_00055,stream
5,B_prime_1_near_recurrence,56,B_prime_1,"{""B_prime_1"":1.0}",near_recurrence,B_1,0.08417032986813534,64,train,task_05_train_00056,stream
5,B_prime_1_near_recurrence,57,B_prime_1,"{""B_prime_1"":1.0}",near_recurrence,B_1,0.08417032986813534,64,train,task_05_train_00057,stream
5,B_prime_1_near_recurrence,58,B_prime_1,"{""B_prime_1"":1.0}",near_recurrence,B_1,0.08417032986813534,64,train,task_05_train_00058,stream
5,B_prime_1_near_recurrence,59,B_prime_1,"{""B_prime_1"":1.0}",near_recurrence,B_1,0.08417032986813534,64,train,task_05_train_00059,stream
5,B_prime_1_near_recurrence,60,B_prime_1,"{""B_prime_1"":1.0}",near_recurrence,B_1,0.08417032986813534,64,train,task_05_train_00060,stream
5,B_prime_1_near_recurrence,61,B_prime_1,"{""B_prime_1"":1.0}",near_recurrence,B_1,0.08417032986813534,64,train,task_05_train_00061,stream
5,B_prime_1_near_recurrence,62,B_prime_1,"{""B_prime_1"":1.0}",near_recurrence,B_1,0.08417032986813534,64,train,task_05_train_00062,stream
5,B_prime_1_near_recurrence,63,B_prime_1,"{""B_prime_1"":1.0}",near_recurrence,B_1,0.08417032986813534,64,train,task_05_train_00063,stream
5,B_prime_1_near_recurrence,64,B_prime_1,"{""B_prime_1"":1.0}",near_recurrence,B_1,0.08417032986813534,64,train,task_05_train_00064,stream
5,B_prime_1_near_recurrence,65,B_prime_1,"{""B_prime_1"":1.0}",near_recurrence,B_1,0.08417032986813534,64,train,task_05_train_00065,stream
5,B_prime_1_near_recurrence,66,B_prime_1,"{""B_prime_1"":1.0}",near_recurrence,B_1,0.08417032986813534,64,train,task_05_train_00066,stream
5,B_prime_1_near_recurrence,67,B_prime_1,"{""B_prime_1"":1.0}",near_recurrence,B_1,0.08417032986813534,64,train,task_05_train_00067,stream
5,B_prime_1_near_recurrence,68,B_prime_1,"{""B_prime_1"":1.0}",near_recurrence,B_1,0.08417032986813534,64,train,task_05_train_00068,stream
5,B_prime_1_near_recurrence,69,B_prime_1,"{""B_prime_1"":1.0}",near_recurrence,B_1,0.08417032986813534,64,train,task_05_train_00069,stream
5,B_prime_1_near_recurrence,70,B_prime_1,"{""B_prime_1"":1.0}",near_recurrence,B_1,0.08417032986813534,64,train,task_05_train_00070,stream
5,B_prime_1_near_recurrence,71,B_prime_1,"{""B_prime_1"":1.0}",near_recurrence,B_1,0.08417032986813534,64,train,task_05_train_00071,stream
5,B_prime_1_near_recurrence,72,B_prime_1,"{""B_prime_1"":1.0}",near_recurrence,B_1,0.08417032986813534,64,train,task_05_train_00072,stream
5,B_prime_1_near_recurrence,73,B_prime_1,"{""B_prime_1"":1.0}",near_recurrence,B_1,0.08417032986813534,64,train,task_05_train_00073,stream
5,B_prime_1_near_recurrence,74,B_prime_1,"{""B_prime_1"":1.0}",near_recurrence,B_1,0.08417032986813534,64,train,task_05_train_00074,stream
5,B_prime_1_near_recurrence,75,B_prime_1,"{""B_prime_1"":1.0}",near_recurrence,B_1,0.08417032986813534,64,train,task_05_train_00075,stream
5,B_prime_1_near_recurrence,76,B_prime_1,"{""B_prime_1"":1.0}",near_recurrence,B_1,0.08417032986813534,64,train,task_05_train_00076,stream
5,B_prime_1_near_recurrence,77,B_prime_1,"{""B_prime_1"":1.0}",near_recurrence,B_1,0.08417032986813534,64,train,task_05_train_00077,stream
5,B_prime_1_near_recurrence,78,B_prime_1,"{""B_prime_1"":1.0}",near_recurrence,B_1,0.08417032986813534,64,train,task_05_train_00078,stream
5,B_prime_1_near_recurrence,79,B_prime_1,"{""B_prime_1"":1.0}",near_recurrence,B_1,0.08417032986813534,64,train,task_05_train_00079,stream
5,B_prime_1_near_recurrence,80,B_prime_1,"{""B_prime_1"":1.0}",near_recurrence,B_1,0.08417032986813534,64,train,task_05_train_00080,stream
5,B_prime_1_near_recurrence,81,B_prime_1,"{""B_prime_1"":1.0}",near_recurrence,B_1,0.08417032986813534,64,train,task_05_train_00081,stream
5,B_prime_1_near_recurrence,82,B_prime_1,"{""B_prime_1"":1.0}",near_recurrence,B_1,0.08417032986813534,64,train,task_05_train_00082,stream
5,B_prime_1_near_recurrence,83,B_prime_1,"{""B_prime_1"":1.0}",near_recurrence,B_1,0.08417032986813534,64,train,task_05_train_00083,stream
5,B_prime_1_near_recurrence,84,B_prime_1,"{""B_prime_1"":1.0}",near_recurrence,B_1,0.08417032986813534,64,train,task_05_train_00084,stream
5,B_prime_1_near_recurrence,85,B_prime_1,"{""B_prime_1"":1.0}",near_recurrence,B_1,0.08417032986813534,64,train,task_05_train_00085,stream
5,B_prime_1_near_recurrence,86,B_prime_1,"{""B_prime_1"":1.0}",near_recurrence,B_1,0.08417032986813534,64,train,task_05_train_00086,stream
5,B_prime_1_near_recurrence,87,B_prime_1,"{""B_prime_1"":1.0}",near_recurrence,B_1,0.08417032986813534,64,train,task_05_train_00087,stream
5,B_prime_1_near_recurrence,88,B_prime_1,"{""B_prime_1"":1.0}",near_recurrence,B_1,0.08417032986813534,64,train,task_05_train_00088,stream
5,B_prime_1_near_recurrence,89,B_prime_1,"{""B_prime_1"":1.0}",near_recurrence,B_1,0.08417032986813534,64,train,task_05_train_00089,stream
5,B_prime_1_near_recurrence,90,B_prime_1,"{""B_prime_1"":1.0}",near_recurrence,B_1,0.08417032986813534,64,train,task_05_train_00090,stream
5,B_prime_1_near_recurrence,91,B_prime_1,"{""B_prime_1"":1.0}",near_recurrence,B_1,0.08417032986813534,64,train,task_05_train_00091,stream
5,B_prime_1_near_recurrence,92,B_prime_1,"{""B_prime_1"":1.0}",near_recurrence,B_1,0.08417032986813534,64,train,task_05_train_00092,stream
5,B_prime_1_near_recurrence,93,B_prime_1,"{""B_prime_1"":1.0}",near_recurrence,B_1,0.08417032986813534,64,train,task_05_train_00093,stream
5,B_prime_1_near_recurrence,94,B_prime_1,"{""B_prime_1"":1.0}",near_recurrence,B_1,0.08417032986813534,64,train,task_05_train_00094,stream
5,B_prime_1_near_recurrence,95,B_prime_1,"{""B_prime_1"":1.0}",near_recurrence,B_1,0.08417032986813534,64,train,task_05_train_00095,stream
5,B_prime_1_near_recurrence,96,B_prime_1,"{""B_prime_1"":1.0}",near_recurrence,B_1,0.08417032986813534,64,train,task_05_train_00096,stream
5,B_prime_1_near_recurrence,97,B_prime_1,"{""B_prime_1"":1.0}",near_recurrence,B_1,0.08417032986813534,64,train,task_05_train_00097,stream
5,B_prime_1_near_recurrence,98,B_prime_1,"{""B_prime_1"":1.0}",near_recurrence,B_1,0.08417032986813534,64,train,task_05_train_00098,stream
5,B_prime_1_near_recurrence,99,B_prime_1,"{""B_prime_1"":1.0}",near_recurrence,B_1,0.08417032986813534,64,train,task_05_train_00099,stream
5,B_prime_1_near_recurrence,100,B_prime_1,"{""B_prime_1"":1.0}",near_recurrence,B_1,0.08417032986813534,64,train,task_05_train_00100,stream
5,B_prime_1_near_recurrence,101,B_prime_1,"{""B_prime_1"":1.0}",near_recurrence,B_1,0.08417032986813534,64,train,task_05_train_00101,stream
5,B_prime_1_near_recurrence,102,B_prime_1,"{""B_prime_1"":1.0}",near_recurrence,B_1,0.08417032986813534,64,train,task_05_train_00102,stream
5,B_prime_1_near_recurrence,103,B_prime_1,"{""B_prime_1"":1.0}",near_recurrence,B_1,0.08417032986813534,64,train,task_05_train_00103,stream
5,B_prime_1_near_recurrence,104,B_prime_1,"{""B_prime_1"":1.0}",near_recurrence,B_1,0.08417032986813534,64,train,task_05_train_00104,stream
5,B_prime_1_near_recurrence,105,B_prime_1,"{""B_prime_1"":1.0}",near_recurrence,B_1,0.08417032986813534,64,train,task_05_train_00105,stream
5,B_prime_1_near_recurrence,106,B_prime_1,"{""B_prime_1"":1.0}",near_recurrence,B_1,0.08417032986813534,64,train,task_05_train_00106,stream
5,B_prime_1_near_recurrence,107,B_prime_1,"{""B_prime_1"":1.0}",near_recurrence,B_1,0.08417032986813534,64,train,task_05_train_00107,stream
5,B_prime_1_near_recurrence,108,B_prime_1,"{""B_prime_1"":1.0}",near_recurrence,B_1,0.08417032986813534,64,train,task_05_train_00108,stream
5,B_prime_1_near_recurrence,109,B_prime_1,"{""B_prime_1"":1.0}",near_recurrence,B_1,0.08417032986813534,64,train,task_05_train_00109,stream
5,B_prime_1_near_recurrence,110,B_prime_1,"{""B_prime_1"":1.0}",near_recurrence,B_1,0.08417032986813534,64,train,task_05_train_00110,stream
5,B_prime_1_near_recurrence,111,B_prime_1,"{""B_prime_1"":1.0}",near_recurrence,B_1,0.08417032986813534,64,train,task_05_train_00111,stream
5,B_prime_1_near_recurrence,112,B_prime_1,"{""B_prime_1"":1.0}",near_recurrence,B_1,0.08417032986813534,64,train,task_05_train_00112,stream
5,B_prime_1_near_recurrence,113,B_prime_1,"{""B_prime_1"":1.0}",near_recurrence,B_1,0.08417032986813534,64,train,task_05_train_00113,stream
5,B_prime_1_near_recurrence,114,B_prime_1,"{""B_prime_1"":1.0}",near_recurrence,B_1,0.08417032986813534,64,train,task_05_train_00114,stream
5,B_prime_1_near_recurrence,115,B_prime_1,"{""B_prime_1"":1.0}",near_recurrence,B_1,0.08417032986813534,64,train,task_05_train_00115,stream
5,B_prime_1_near_recurrence,116,B_prime_1,"{""B_prime_1"":1.0}",near_recurrence,B_1,0.08417032986813534,64,train,task_05_train_00116,stream
5,B_prime_1_near_recurrence,117,B_prime_1,"{""B_prime_1"":1.0}",near_recurrence,B_1,0.08417032986813534,64,train,task_05_train_00117,stream
5,B_prime_1_near_recurrence,118,B_prime_1,"{""B_prime_1"":1.0}",near_recurrence,B_1,0.08417032986813534,64,train,task_05_train_00118,stream
5,B_prime_1_near_recurrence,119,B_prime_1,"{""B_prime_1"":1.0}",near_recurrence,B_1,0.08417032986813534,64,train,task_05_train_00119,stream
5,B_prime_1_near_recurrence,120,B_prime_1,"{""B_prime_1"":1.0}",near_recurrence,B_1,0.08417032986813534,64,train,task_05_train_00120,stream
5,B_prime_1_near_recurrence,121,B_prime_1,"{""B_prime_1"":1.0}",near_recurrence,B_1,0.08417032986813534,64,train,task_05_train_00121,stream
5,B_prime_1_near_recurrence,122,B_prime_1,"{""B_prime_1"":1.0}",near_recurrence,B_1,0.08417032986813534,64,train,task_05_train_00122,stream
5,B_prime_1_near_recurrence,123,B_prime_1,"{""B_prime_1"":1.0}",near_recurrence,B_1,0.08417032986813534,64,train,task_05_train_00123,stream
5,B_prime_1_near_recurrence,124,B_prime_1,"{""B_prime_1"":1.0}",near_recurrence,B_1,0.08417032986813534,64,train,task_05_train_00124,stream
5,B_prime_1_near_recurrence,125,B_prime_1,"{""B_prime_1"":1.0}",near_recurrence,B_1,0.08417032986813534,64,train,task_05_train_00125,stream
5,B_prime_1_near_recurrence,126,B_prime_1,"{""B_prime_1"":1.0}",near_recurrence,B_1,0.08417032986813534,64,train,task_05_train_00126,stream
5,B_prime_1_near_recurrence,127,B_prime_1,"{""B_prime_1"":1.0}",near_recurrence,B_1,0.08417032986813534,64,train,task_05_train_00127,stream
5,B_prime_1_near_recurrence,0,B_prime_1,"{""B_prime_1"":1.0}",near_recurrence,B_1,0.08417032986813534,64,val,task_05_val_00000,stream
5,B_prime_1_near_recurrence,1,B_prime_1,"{""B_prime_1"":1.0}",near_recurrence,B_1,0.08417032986813534,64,val,task_05_val_00001,stream
5,B_prime_1_near_recurrence,2,B_prime_1,"{""B_prime_1"":1.0}",near_recurrence,B_1,0.08417032986813534,64,val,task_05_val_00002,stream
5,B_prime_1_near_recurrence,3,B_prime_1,"{""B_prime_1"":1.0}",near_recurrence,B_1,0.08417032986813534,64,val,task_05_val_00003,stream
5,B_prime_1_near_recurrence,4,B_prime_1,"{""B_prime_1"":1.0}",near_recurrence,B_1,0.08417032986813534,64,val,task_05_val_00004,stream
5,B_prime_1_near_recurrence,5,B_prime_1,"{""B_prime_1"":1.0}",near_recurrence,B_1,0.08417032986813534,64,val,task_05_val_00005,stream
5,B_prime_1_near_recurrence,6,B_prime_1,"{""B_prime_1"":1.0}",near_recurrence,B_1,0.08417032986813534,64,val,task_05_val_00006,stream
5,B_prime_1_near_recurrence,7,B_prime_1,"{""B_prime_1"":1.0}",near_recurrence,B_1,0.08417032986813534,64,val,task_05_val_00007,stream
5,B_prime_1_near_recurrence,8,B_prime_1,"{""B_prime_1"":1.0}",near_recurrence,B_1,0.08417032986813534,64,val,task_05_val_00008,stream
5,B_prime_1_near_recurrence,9,B_prime_1,"{""B_prime_1"":1.0}",near_recurrence,B_1,0.08417032986813534,64,val,task_05_val_00009,stream
5,B_prime_1_near_recurrence,10,B_prime_1,"{""B_prime_1"":1.0}",near_recurrence,B_1,0.08417032986813534,64,val,task_05_val_00010,stream
5,B_prime_1_near_recurrence,11,B_prime_1,"{""B_prime_1"":1.0}",near_recurrence,B_1,0.08417032986813534,64,val,task_05_val_00011,stream
5,B_prime_1_near_recurrence,12,B_prime_1,"{""B_prime_1"":1.0}",near_recurrence,B_1,0.08417032986813534,64,val,task_05_val_00012,stream
5,B_prime_1_near_recurrence,13,B_prime_1,"{""B_prime_1"":1.0}",near_recurrence,B_1,0.08417032986813534,64,val,task_05_val_00013,stream
5,B_prime_1_near_recurrence,14,B_prime_1,"{""B_prime_1"":1.0}",near_recurrence,B_1,0.08417032986813534,64,val,task_05_val_00014,stream
5,B_prime_1_near_recurrence,15,B_prime_1,"{""B_prime_1"":1.0}",near_recurrence,B_1,0.08417032986813534,64,val,task_05_val_00015,stream
5,B_prime_1_near_recurrence,16,B_prime_1,"{""B_prime_1"":1.0}",near_recurrence,B_1,0.08417032986813534,64,val,task_05_val_00016,stream
5,B_prime_1_near_recurrence,17,B_prime_1,"{""B_prime_1"":1.0}",near_recurrence,B_1,0.08417032986813534,64,val,task_05_val_00017,stream
5,B_prime_1_near_recurrence,18,B_prime_1,"{""B_prime_1"":1.0}",near_recurrence,B_1,0.08417032986813534,64,val,task_05_val_00018,stream
5,B_prime_1_near_recurrence,19,B_prime_1,"{""B_prime_1"":1.0}",near_recurrence,B_1,0.08417032986813534,64,val,task_05_val_00019,stream
5,B_prime_1_near_recurrence,20,B_prime_1,"{""B_prime_1"":1.0}",near_recurrence,B_1,0.08417032986813534,64,val,task_05_val_00020,stream
5,B_prime_1_near_recurrence,21,B_prime_1,"{""B_prime_1"":1.0}",near_recurrence,B_1,0.08417032986813534,64,val,task_05_val_00021,stream
5,B_prime_1_near_recurrence,22,B_prime_1,"{""B_prime_1"":1.0}",near_recurrence,B_1,0.08417032986813534,64,val,task_05_val_00022,stream
5,B_prime_1_near_recurrence,23,B_prime_1,"{""B_prime_1"":1.0}",near_recurrence,B_1,0.08417032986813534,64,val,task_05_val_00023,stream
5,B_prime_1_near_recurrence,24,B_prime_1,"{""B_prime_1"":1.0}",near_recurrence,B_1,0.08417032986813534,64,val,task_05_val_00024,stream
5,B_prime_1_near_recurrence,25,B_prime_1,"{""B_prime_1"":1.0}",near_recurrence,B_1,0.08417032986813534,64,val,task_05_val_00025,stream
5,B_prime_1_near_recurrence,26,B_prime_1,"{""B_prime_1"":1.0}",near_recurrence,B_1,0.08417032986813534,64,val,task_05_val_00026,stream
5,B_prime_1_near_recurrence,27,B_prime_1,"{""B_prime_1"":1.0}",near_recurrence,B_1,0.08417032986813534,64,val,task_05_val_00027,stream
5,B_prime_1_near_recurrence,28,B_prime_1,"{""B_prime_1"":1.0}",near_recurrence,B_1,0.08417032986813534,64,val,task_05_val_00028,stream
5,B_prime_1_near_recurrence,29,B_prime_1,"{""B_prime_1"":1.0}",near_recurrence,B_1,0.08417032986813534,64,val,task_05_val_00029,stream
5,B_prime_1_near_recurrence,30,B_prime_1,"{""B_prime_1"":1.0}",near_recurrence,B_1,0.08417032986813534,64,val,task_05_val_00030,stream
5,B_prime_1_near_recurrence,31,B_prime_1,"{""B_prime_1"":1.0}",near_recurrence,B_1,0.08417032986813534,64,val,task_05_val_00031,stream
5,B_prime_1_near_recurrence,0,B_prime_1,"{""B_prime_1"":1.0}",near_recurrence,B_1,0.08417032986813534,64,test,task_05_test_00000,stream
5,B_prime_1_near_recurrence,1,B_prime_1,"{""B_prime_1"":1.0}",near_recurrence,B_1,0.08417032986813534,64,test,task_05_test_00001,stream
5,B_prime_1_near_recurrence,2,B_prime_1,"{""B_prime_1"":1.0}",near_recurrence,B_1,0.08417032986813534,64,test,task_05_test_00002,stream
5,B_prime_1_near_recurrence,3,B_prime_1,"{""B_prime_1"":1.0}",near_recurrence,B_1,0.08417032986813534,64,test,task_05_test_00003,stream
5,B_prime_1_near_recurrence,4,B_prime_1,"{""B_prime_1"":1.0}",near_recurrence,B_1,0.08417032986813534,64,test,task_05_test_00004,stream
5,B_prime_1_near_recurrence,5,B_prime_1,"{""B_prime_1"":1.0}",near_recurrence,B_1,0.08417032986813534,64,test,task_05_test_00005,stream
5,B_prime_1_near_recurrence,6,B_prime_1,"{""B_prime_1"":1.0}",near_recurrence,B_1,0.08417032986813534,64,test,task_05_test_00006,stream
5,B_prime_1_near_recurrence,7,B_prime_1,"{""B_prime_1"":1.0}",near_recurrence,B_1,0.08417032986813534,64,test,task_05_test_00007,stream
5,B_prime_1_near_recurrence,8,B_prime_1,"{""B_prime_1"":1.0}",near_recurrence,B_1,0.08417032986813534,64,test,task_05_test_00008,stream
5,B_prime_1_near_recurrence,9,B_prime_1,"{""B_prime_1"":1.0}",near_recurrence,B_1,0.08417032986813534,64,test,task_05_test_00009,stream
5,B_prime_1_near_recurrence,10,B_prime_1,"{""B_prime_1"":1.0}",near_recurrence,B_1,0.08417032986813534,64,test,task_05_test_00010,stream
5,B_prime_1_near_recurrence,11,B_prime_1,"{""B_prime_1"":1.0}",near_recurrence,B_1,0.08417032986813534,64,test,task_05_test_00011,stream
5,B_prime_1_near_recurrence,12,B_prime_1,"{""B_prime_1"":1.0}",near_recurrence,B_1,0.08417032986813534,64,test,task_05_test_00012,stream
5,B_prime_1_near_recurrence,13,B_prime_1,"{""B_prime_1"":1.0}",near_recurrence,B_1,0.08417032986813534,64,test,task_05_test_00013,stream
5,B_prime_1_near_recurrence,14,B_prime_1,"{""B_prime_1"":1.0}",near_recurrence,B_1,0.08417032986813534,64,test,task_05_test_00014,stream
5,B_prime_1_near_recurrence,15,B_prime_1,"{""B_prime_1"":1.0}",near_recurrence,B_1,0.08417032986813534,64,test,task_05_test_00015,stream
5,B_prime_1_near_recurrence,16,B_prime_1,"{""B_prime_1"":1.0}",near_recurrence,B_1,0.08417032986813534,64,test,task_05_test_00016,stream
5,B_prime_1_near_recurrence,17,B_prime_1,"{""B_prime_1"":1.0}",near_recurrence,B_1,0.08417032986813534,64,test,task_05_test_00017,stream
5,B_prime_1_near_recurrence,18,B_prime_1,"{""B_prime_1"":1.0}",near_recurrence,B_1,0.08417032986813534,64,test,task_05_test_00018,stream
5,B_prime_1_near_recurrence,19,B_prime_1,"{""B_prime_1"":1.0}",near_recurrence,B_1,0.08417032986813534,64,test,task_05_test_00019,stream
5,B_prime_1_near_recurrence,20,B_prime_1,"{""B_prime_1"":1.0}",near_recurrence,B_1,0.08417032986813534,64,test,task_05_test_00020,stream
5,B_prime_1_near_recurrence,21,B_prime_1,"{""B_prime_1"":1.0}",near_recurrence,B_1,0.08417032986813534,64,test,task_05_test_00021,stream
5,B_prime_1_near_recurrence,22,B_prime_1,"{""B_prime_1"":1.0}",near_recurrence,B_1,0.08417032986813534,64,test,task_05_test_00022,stream
5,B_prime_1_near_recurrence,23,B_prime_1,"{""B_prime_1"":1.0}",near_recurrence,B_1,0.08417032986813534,64,test,task_05_test_00023,stream
5,B_prime_1_near_recurrence,24,B_prime_1,"{""B_prime_1"":1.0}",near_recurrence,B_1,0.08417032986813534,64,test,task_05_test_00024,stream
5,B_prime_1_near_recurrence,25,B_prime_1,"{""B_prime_1"":1.0}",near_recurrence,B_1,0.08417032986813534,64,test,task_05_test_00025,stream
5,B_prime_1_near_recurrence,26,B_prime_1,"{""B_prime_1"":1.0}",near_recurrence,B_1,0.08417032986813534,64,test,task_05_test_00026,stream
5,B_prime_1_near_recurrence,27,B_prime_1,"{""B_prime_1"":1.0}",near_recurrence,B_1,0.08417032986813534,64,test,task_05_test_00027,stream
5,B_prime_1_near_recurrence,28,B_prime_1,"{""B_prime_1"":1.0}",near_recurrence,B_1,0.08417032986813534,64,test,task_05_test_00028,stream
5,B_prime_1_near_recurrence,29,B_prime_1,"{""B_prime_1"":1.0}",near_recurrence,B_1,0.08417032986813534,64,test,task_05_test_00029,stream
5,B_prime_1_near_recurrence,30,B_prime_1,"{""B_prime_1"":1.0}",near_recurrence,B_1,0.08417032986813534,64,test,task_05_test_00030,stream
5,B_prime_1_near_recurrence,31,B_prime_1,"{""B_prime_1"":1.0}",near_recurrence,B_1,0.08417032986813534,64,test,task_05_test_00031,stream
6,A_2_specialization,0,A_2,"{""A_2"":1.0}",specialization,A_1,0.12175143297091023,64,train,task_06_train_00000,stream
6,A_2_specialization,1,A_2,"{""A_2"":1.0}",specialization,A_1,0.12175143297091023,64,train,task_06_train_00001,stream
6,A_2_specialization,2,A_2,"{""A_2"":1.0}",specialization,A_1,0.12175143297091023,64,train,task_06_train_00002,stream
6,A_2_specialization,3,A_2,"{""A_2"":1.0}",specialization,A_1,0.12175143297091023,64,train,task_06_train_00003,stream
6,A_2_specialization,4,A_2,"{""A_2"":1.0}",specialization,A_1,0.12175143297091023,64,train,task_06_train_00004,stream
6,A_2_specialization,5,A_2,"{""A_2"":1.0}",specialization,A_1,0.12175143297091023,64,train,task_06_train_00005,stream
6,A_2_specialization,6,A_2,"{""A_2"":1.0}",specialization,A_1,0.12175143297091023,64,train,task_06_train_00006,stream
6,A_2_specialization,7,A_2,"{""A_2"":1.0}",specialization,A_1,0.12175143297091023,64,train,task_06_train_00007,stream
6,A_2_specialization,8,A_2,"{""A_2"":1.0}",specialization,A_1,0.12175143297091023,64,train,task_06_train_00008,stream
6,A_2_specialization,9,A_2,"{""A_2"":1.0}",specialization,A_1,0.12175143297091023,64,train,task_06_train_00009,stream
6,A_2_specialization,10,A_2,"{""A_2"":1.0}",specialization,A_1,0.12175143297091023,64,train,task_06_train_00010,stream
6,A_2_specialization,11,A_2,"{""A_2"":1.0}",specialization,A_1,0.12175143297091023,64,train,task_06_train_00011,stream
6,A_2_specialization,12,A_2,"{""A_2"":1.0}",specialization,A_1,0.12175143297091023,64,train,task_06_train_00012,stream
6,A_2_specialization,13,A_2,"{""A_2"":1.0}",specialization,A_1,0.12175143297091023,64,train,task_06_train_00013,stream
6,A_2_specialization,14,A_2,"{""A_2"":1.0}",specialization,A_1,0.12175143297091023,64,train,task_06_train_00014,stream
6,A_2_specialization,15,A_2,"{""A_2"":1.0}",specialization,A_1,0.12175143297091023,64,train,task_06_train_00015,stream
6,A_2_specialization,16,A_2,"{""A_2"":1.0}",specialization,A_1,0.12175143297091023,64,train,task_06_train_00016,stream
6,A_2_specialization,17,A_2,"{""A_2"":1.0}",specialization,A_1,0.12175143297091023,64,train,task_06_train_00017,stream
6,A_2_specialization,18,A_2,"{""A_2"":1.0}",specialization,A_1,0.12175143297091023,64,train,task_06_train_00018,stream
6,A_2_specialization,19,A_2,"{""A_2"":1.0}",specialization,A_1,0.12175143297091023,64,train,task_06_train_00019,stream
6,A_2_specialization,20,A_2,"{""A_2"":1.0}",specialization,A_1,0.12175143297091023,64,train,task_06_train_00020,stream
6,A_2_specialization,21,A_2,"{""A_2"":1.0}",specialization,A_1,0.12175143297091023,64,train,task_06_train_00021,stream
6,A_2_specialization,22,A_2,"{""A_2"":1.0}",specialization,A_1,0.12175143297091023,64,train,task_06_train_00022,stream
6,A_2_specialization,23,A_2,"{""A_2"":1.0}",specialization,A_1,0.12175143297091023,64,train,task_06_train_00023,stream
6,A_2_specialization,24,A_2,"{""A_2"":1.0}",specialization,A_1,0.12175143297091023,64,train,task_06_train_00024,stream
6,A_2_specialization,25,A_2,"{""A_2"":1.0}",specialization,A_1,0.12175143297091023,64,train,task_06_train_00025,stream
6,A_2_specialization,26,A_2,"{""A_2"":1.0}",specialization,A_1,0.12175143297091023,64,train,task_06_train_00026,stream
6,A_2_specialization,27,A_2,"{""A_2"":1.0}",specialization,A_1,0.12175143297091023,64,train,task_06_train_00027,stream
6,A_2_specialization,28,A_2,"{""A_2"":1.0}",specialization,A_1,0.12175143297091023,64,train,task_06_train_00028,stream
6,A_2_specialization,29,A_2,"{""A_2"":1.0}",specialization,A_1,0.12175143297091023,64,train,task_06_train_00029,stream
6,A_2_specialization,30,A_2,"{""A_2"":1.0}",specialization,A_1,0.12175143297091023,64,train,task_06_train_00030,stream
6,A_2_specialization,31,A_2,"{""A_2"":1.0}",specialization,A_1,0.12175143297091023,64,train,task_06_train_00031,stream
6,A_2_specialization,32,A_2,"{""A_2"":1.0}",specialization,A_1,0.12175143297091023,64,train,task_06_train_00032,stream
6,A_2_specialization,33,A_2,"{""A_2"":1.0}",specialization,A_1,0.12175143297091023,64,train,task_06_train_00033,stream
6,A_2_specialization,34,A_2,"{""A_2"":1.0}",specialization,A_1,0.12175143297091023,64,train,task_06_train_00034,stream
6,A_2_specialization,35,A_2,"{""A_2"":1.0}",specialization,A_1,0.12175143297091023,64,train,task_06_train_00035,stream
6,A_2_specialization,36,A_2,"{""A_2"":1.0}",specialization,A_1,0.12175143297091023,64,train,task_06_train_00036,stream
6,A_2_specialization,37,A_2,"{""A_2"":1.0}",specialization,A_1,0.12175143297091023,64,train,task_06_train_00037,stream
6,A_2_specialization,38,A_2,"{""A_2"":1.0}",specialization,A_1,0.12175143297091023,64,train,task_06_train_00038,stream
6,A_2_specialization,39,A_2,"{""A_2"":1.0}",specialization,A_1,0.12175143297091023,64,train,task_06_train_00039,stream
6,A_2_specialization,40,A_2,"{""A_2"":1.0}",specialization,A_1,0.12175143297091023,64,train,task_06_train_00040,stream
6,A_2_specialization,41,A_2,"{""A_2"":1.0}",specialization,A_1,0.12175143297091023,64,train,task_06_train_00041,stream
6,A_2_specialization,42,A_2,"{""A_2"":1.0}",specialization,A_1,0.12175143297091023,64,train,task_06_train_00042,stream
6,A_2_specialization,43,A_2,"{""A_2"":1.0}",specialization,A_1,0.12175143297091023,64,train,task_06_train_00043,stream
6,A_2_specialization,44,A_2,"{""A_2"":1.0}",specialization,A_1,0.12175143297091023,64,train,task_06_train_00044,stream
6,A_2_specialization,45,A_2,"{""A_2"":1.0}",specialization,A_1,0.12175143297091023,64,train,task_06_train_00045,stream
6,A_2_specialization,46,A_2,"{""A_2"":1.0}",specialization,A_1,0.12175143297091023,64,train,task_06_train_00046,stream
6,A_2_specialization,47,A_2,"{""A_2"":1.0}",specialization,A_1,0.12175143297091023,64,train,task_06_train_00047,stream
6,A_2_specialization,48,A_2,"{""A_2"":1.0}",specialization,A_1,0.12175143297091023,64,train,task_06_train_00048,stream
6,A_2_specialization,49,A_2,"{""A_2"":1.0}",specialization,A_1,0.12175143297091023,64,train,task_06_train_00049,stream
6,A_2_specialization,50,A_2,"{""A_2"":1.0}",specialization,A_1,0.12175143297091023,64,train,task_06_train_00050,stream
6,A_2_specialization,51,A_2,"{""A_2"":1.0}",specialization,A_1,0.12175143297091023,64,train,task_06_train_00051,stream
6,A_2_specialization,52,A_2,"{""A_2"":1.0}",specialization,A_1,0.12175143297091023,64,train,task_06_train_00052,stream
6,A_2_specialization,53,A_2,"{""A_2"":1.0}",specialization,A_1,0.12175143297091023,64,train,task_06_train_00053,stream
6,A_2_specialization,54,A_2,"{""A_2"":1.0}",specialization,A_1,0.12175143297091023,64,train,task_06_train_00054,stream
6,A_2_specialization,55,A_2,"{""A_2"":1.0}",specialization,A_1,0.12175143297091023,64,train,task_06_train_00055,stream
6,A_2_specialization,56,A_2,"{""A_2"":1.0}",specialization,A_1,0.12175143297091023,64,train,task_06_train_00056,stream
6,A_2_specialization,57,A_2,"{""A_2"":1.0}",specialization,A_1,0.12175143297091023,64,train,task_06_train_00057,stream
6,A_2_specialization,58,A_2,"{""A_2"":1.0}",specialization,A_1,0.12175143297091023,64,train,task_06_train_00058,stream
6,A_2_specialization,59,A_2,"{""A_2"":1.0}",specialization,A_1,0.12175143297091023,64,train,task_06_train_00059,stream
6,A_2_specialization,60,A_2,"{""A_2"":1.0}",specialization,A_1,0.12175143297091023,64,train,task_06_train_00060,stream
6,A_2_specialization,61,A_2,"{""A_2"":1.0}",specialization,A_1,0.12175143297091023,64,train,task_06_train_00061,stream
6,A_2_specialization,62,A_2,"{""A_2"":1.0}",specialization,A_1,0.12175143297091023,64,train,task_06_train_00062,stream
6,A_2_specialization,63,A_2,"{""A_2"":1.0}",specialization,A_1,0.12175143297091023,64,train,task_06_train_00063,stream
6,A_2_specialization,64,A_2,"{""A_2"":1.0}",specialization,A_1,0.12175143297091023,64,train,task_06_train_00064,stream
6,A_2_specialization,65,A_2,"{""A_2"":1.0}",specialization,A_1,0.12175143297091023,64,train,task_06_train_00065,stream
6,A_2_specialization,66,A_2,"{""A_2"":1.0}",specialization,A_1,0.12175143297091023,64,train,task_06_train_00066,stream
6,A_2_specialization,67,A_2,"{""A_2"":1.0}",specialization,A_1,0.12175143297091023,64,train,task_06_train_00067,stream
6,A_2_specialization,68,A_2,"{""A_2"":1.0}",specialization,A_1,0.12175143297091023,64,train,task_06_train_00068,stream
6,A_2_specialization,69,A_2,"{""A_2"":1.0}",specialization,A_1,0.12175143297091023,64,train,task_06_train_00069,stream
6,A_2_specialization,70,A_2,"{""A_2"":1.0}",specialization,A_1,0.12175143297091023,64,train,task_06_train_00070,stream
6,A_2_specialization,71,A_2,"{""A_2"":1.0}",specialization,A_1,0.12175143297091023,64,train,task_06_train_00071,stream
6,A_2_specialization,72,A_2,"{""A_2"":1.0}",specialization,A_1,0.12175143297091023,64,train,task_06_train_00072,stream
6,A_2_specialization,73,A_2,"{""A_2"":1.0}",specialization,A_1,0.12175143297091023,64,train,task_06_train_00073,stream
6,A_2_specialization,74,A_2,"{""A_2"":1.0}",specialization,A_1,0.12175143297091023,64,train,task_06_train_00074,stream
6,A_2_specialization,75,A_2,"{""A_2"":1.0}",specialization,A_1,0.12175143297091023,64,train,task_06_train_00075,stream
6,A_2_specialization,76,A_2,"{""A_2"":1.0}",specialization,A_1,0.12175143297091023,64,train,task_06_train_00076,stream
6,A_2_specialization,77,A_2,"{""A_2"":1.0}",specialization,A_1,0.12175143297091023,64,train,task_06_train_00077,stream
6,A_2_specialization,78,A_2,"{""A_2"":1.0}",specialization,A_1,0.12175143297091023,64,train,task_06_train_00078,stream
6,A_2_specialization,79,A_2,"{""A_2"":1.0}",specialization,A_1,0.12175143297091023,64,train,task_06_train_00079,stream
6,A_2_specialization,80,A_2,"{""A_2"":1.0}",specialization,A_1,0.12175143297091023,64,train,task_06_train_00080,stream
6,A_2_specialization,81,A_2,"{""A_2"":1.0}",specialization,A_1,0.12175143297091023,64,train,task_06_train_00081,stream
6,A_2_specialization,82,A_2,"{""A_2"":1.0}",specialization,A_1,0.12175143297091023,64,train,task_06_train_00082,stream
6,A_2_specialization,83,A_2,"{""A_2"":1.0}",specialization,A_1,0.12175143297091023,64,train,task_06_train_00083,stream
6,A_2_specialization,84,A_2,"{""A_2"":1.0}",specialization,A_1,0.12175143297091023,64,train,task_06_train_00084,stream
6,A_2_specialization,85,A_2,"{""A_2"":1.0}",specialization,A_1,0.12175143297091023,64,train,task_06_train_00085,stream
6,A_2_specialization,86,A_2,"{""A_2"":1.0}",specialization,A_1,0.12175143297091023,64,train,task_06_train_00086,stream
6,A_2_specialization,87,A_2,"{""A_2"":1.0}",specialization,A_1,0.12175143297091023,64,train,task_06_train_00087,stream
6,A_2_specialization,88,A_2,"{""A_2"":1.0}",specialization,A_1,0.12175143297091023,64,train,task_06_train_00088,stream
6,A_2_specialization,89,A_2,"{""A_2"":1.0}",specialization,A_1,0.12175143297091023,64,train,task_06_train_00089,stream
6,A_2_specialization,90,A_2,"{""A_2"":1.0}",specialization,A_1,0.12175143297091023,64,train,task_06_train_00090,stream
6,A_2_specialization,91,A_2,"{""A_2"":1.0}",specialization,A_1,0.12175143297091023,64,train,task_06_train_00091,stream
6,A_2_specialization,92,A_2,"{""A_2"":1.0}",specialization,A_1,0.12175143297091023,64,train,task_06_train_00092,stream
6,A_2_specialization,93,A_2,"{""A_2"":1.0}",specialization,A_1,0.12175143297091023,64,train,task_06_train_00093,stream
6,A_2_specialization,94,A_2,"{""A_2"":1.0}",specialization,A_1,0.12175143297091023,64,train,task_06_train_00094,stream
6,A_2_specialization,95,A_2,"{""A_2"":1.0}",specialization,A_1,0.12175143297091023,64,train,task_06_train_00095,stream
6,A_2_specialization,96,A_2,"{""A_2"":1.0}",specialization,A_1,0.12175143297091023,64,train,task_06_train_00096,stream
6,A_2_specialization,97,A_2,"{""A_2"":1.0}",specialization,A_1,0.12175143297091023,64,train,task_06_train_00097,stream
6,A_2_specialization,98,A_2,"{""A_2"":1.0}",specialization,A_1,0.12175143297091023,64,train,task_06_train_00098,stream
6,A_2_specialization,99,A_2,"{""A_2"":1.0}",specialization,A_1,0.12175143297091023,64,train,task_06_train_00099,stream
6,A_2_specialization,100,A_2,"{""A_2"":1.0}",specialization,A_1,0.12175143297091023,64,train,task_06_train_00100,stream
6,A_2_specialization,101,A_2,"{""A_2"":1.0}",specialization,A_1,0.12175143297091023,64,train,task_06_train_00101,stream
6,A_2_specialization,102,A_2,"{""A_2"":1.0}",specialization,A_1,0.12175143297091023,64,train,task_06_train_00102,stream
6,A_2_specialization,103,A_2,"{""A_2"":1.0}",specialization,A_1,0.12175143297091023,64,train,task_06_train_00103,stream
6,A_2_specialization,104,A_2,"{""A_2"":1.0}",specialization,A_1,0.12175143297091023,64,train,task_06_train_00104,stream
6,A_2_specialization,105,A_2,"{""A_2"":1.0}",specialization,A_1,0.12175143297091023,64,train,task_06_train_00105,stream
6,A_2_specialization,106,A_2,"{""A_2"":1.0}",specialization,A_1,0.12175143297091023,64,train,task_06_train_00106,stream
6,A_2_specialization,107,A_2,"{""A_2"":1.0}",specialization,A_1,0.12175143297091023,64,train,task_06_train_00107,stream
6,A_2_specialization,108,A_2,"{""A_2"":1.0}",specialization,A_1,0.12175143297091023,64,train,task_06_train_00108,stream
6,A_2_specialization,109,A_2,"{""A_2"":1.0}",specialization,A_1,0.12175143297091023,64,train,task_06_train_00109,stream
6,A_2_specialization,110,A_2,"{""A_2"":1.0}",specialization,A_1,0.12175143297091023,64,train,task_06_train_00110,stream
6,A_2_specialization,111,A_2,"{""A_2"":1.0}",specialization,A_1,0.12175143297091023,64,train,task_06_train_00111,stream
6,A_2_specialization,112,A_2,"{""A_2"":1.0}",specialization,A_1,0.12175143297091023,64,train,task_06_train_00112,stream
6,A_2_specialization,113,A_2,"{""A_2"":1.0}",specialization,A_1,0.12175143297091023,64,train,task_06_train_00113,stream
6,A_2_specialization,114,A_2,"{""A_2"":1.0}",specialization,A_1,0.12175143297091023,64,train,task_06_train_00114,stream
6,A_2_specialization,115,A_2,"{""A_2"":1.0}",specialization,A_1,0.12175143297091023,64,train,task_06_train_00115,stream
6,A_2_specialization,116,A_2,"{""A_2"":1.0}",specialization,A_1,0.12175143297091023,64,train,task_06_train_00116,stream
6,A_2_specialization,117,A_2,"{""A_2"":1.0}",specialization,A_1,0.12175143297091023,64,train,task_06_train_00117,stream
6,A_2_specialization,118,A_2,"{""A_2"":1.0}",specialization,A_1,0.12175143297091023,64,train,task_06_train_00118,stream
6,A_2_specialization,119,A_2,"{""A_2"":1.0}",specialization,A_1,0.12175143297091023,64,train,task_06_train_00119,stream
6,A_2_specialization,120,A_2,"{""A_2"":1.0}",specialization,A_1,0.12175143297091023,64,train,task_06_train_00120,stream
6,A_2_specialization,121,A_2,"{""A_2"":1.0}",specialization,A_1,0.12175143297091023,64,train,task_06_train_00121,stream
6,A_2_specialization,122,A_2,"{""A_2"":1.0}",specialization,A_1,0.12175143297091023,64,train,task_06_train_00122,stream
6,A_2_specialization,123,A_2,"{""A_2"":1.0}",specialization,A_1,0.12175143297091023,64,train,task_06_train_00123,stream
6,A_2_specialization,124,A_2,"{""A_2"":1.0}",specialization,A_1,0.12175143297091023,64,train,task_06_train_00124,stream
6,A_2_specialization,125,A_2,"{""A_2"":1.0}",specialization,A_1,0.12175143297091023,64,train,task_06_train_00125,stream
6,A_2_specialization,126,A_2,"{""A_2"":1.0}",specialization,A_1,0.12175143297091023,64,train,task_06_train_00126,stream
6,A_2_specialization,127,A_2,"{""A_2"":1.0}",specialization,A_1,0.12175143297091023,64,train,task_06_train_00127,stream
6,A_2_specialization,0,A_2,"{""A_2"":1.0}",specialization,A_1,0.12175143297091023,64,val,task_06_val_00000,stream
6,A_2_specialization,1,A_2,"{""A_2"":1.0}",specialization,A_1,0.12175143297091023,64,val,task_06_val_00001,stream
6,A_2_specialization,2,A_2,"{""A_2"":1.0}",specialization,A_1,0.12175143297091023,64,val,task_06_val_00002,stream
6,A_2_specialization,3,A_2,"{""A_2"":1.0}",specialization,A_1,0.12175143297091023,64,val,task_06_val_00003,stream
6,A_2_specialization,4,A_2,"{""A_2"":1.0}",specialization,A_1,0.12175143297091023,64,val,task_06_val_00004,stream
6,A_2_specialization,5,A_2,"{""A_2"":1.0}",specialization,A_1,0.12175143297091023,64,val,task_06_val_00005,stream
6,A_2_specialization,6,A_2,"{""A_2"":1.0}",specialization,A_1,0.12175143297091023,64,val,task_06_val_00006,stream
6,A_2_specialization,7,A_2,"{""A_2"":1.0}",specialization,A_1,0.12175143297091023,64,val,task_06_val_00007,stream
6,A_2_specialization,8,A_2,"{""A_2"":1.0}",specialization,A_1,0.12175143297091023,64,val,task_06_val_00008,stream
6,A_2_specialization,9,A_2,"{""A_2"":1.0}",specialization,A_1,0.12175143297091023,64,val,task_06_val_00009,stream
6,A_2_specialization,10,A_2,"{""A_2"":1.0}",specialization,A_1,0.12175143297091023,64,val,task_06_val_00010,stream
6,A_2_specialization,11,A_2,"{""A_2"":1.0}",specialization,A_1,0.12175143297091023,64,val,task_06_val_00011,stream
6,A_2_specialization,12,A_2,"{""A_2"":1.0}",specialization,A_1,0.12175143297091023,64,val,task_06_val_00012,stream
6,A_2_specialization,13,A_2,"{""A_2"":1.0}",specialization,A_1,0.12175143297091023,64,val,task_06_val_00013,stream
6,A_2_specialization,14,A_2,"{""A_2"":1.0}",specialization,A_1,0.12175143297091023,64,val,task_06_val_00014,stream
6,A_2_specialization,15,A_2,"{""A_2"":1.0}",specialization,A_1,0.12175143297091023,64,val,task_06_val_00015,stream
6,A_2_specialization,16,A_2,"{""A_2"":1.0}",specialization,A_1,0.12175143297091023,64,val,task_06_val_00016,stream
6,A_2_specialization,17,A_2,"{""A_2"":1.0}",specialization,A_1,0.12175143297091023,64,val,task_06_val_00017,stream
6,A_2_specialization,18,A_2,"{""A_2"":1.0}",specialization,A_1,0.12175143297091023,64,val,task_06_val_00018,stream
6,A_2_specialization,19,A_2,"{""A_2"":1.0}",specialization,A_1,0.12175143297091023,64,val,task_06_val_00019,stream
6,A_2_specialization,20,A_2,"{""A_2"":1.0}",specialization,A_1,0.12175143297091023,64,val,task_06_val_00020,stream
6,A_2_specialization,21,A_2,"{""A_2"":1.0}",specialization,A_1,0.12175143297091023,64,val,task_06_val_00021,stream
6,A_2_specialization,22,A_2,"{""A_2"":1.0}",specialization,A_1,0.12175143297091023,64,val,task_06_val_00022,stream
6,A_2_specialization,23,A_2,"{""A_2"":1.0}",specialization,A_1,0.12175143297091023,64,val,task_06_val_00023,stream
6,A_2_specialization,24,A_2,"{""A_2"":1.0}",specialization,A_1,0.12175143297091023,64,val,task_06_val_00024,stream
6,A_2_specialization,25,A_2,"{""A_2"":1.0}",specialization,A_1,0.12175143297091023,64,val,task_06_val_00025,stream
6,A_2_specialization,26,A_2,"{""A_2"":1.0}",specialization,A_1,0.12175143297091023,64,val,task_06_val_00026,stream
6,A_2_specialization,27,A_2,"{""A_2"":1.0}",specialization,A_1,0.12175143297091023,64,val,task_06_val_00027,stream
6,A_2_specialization,28,A_2,"{""A_2"":1.0}",specialization,A_1,0.12175143297091023,64,val,task_06_val_00028,stream
6,A_2_specialization,29,A_2,"{""A_2"":1.0}",specialization,A_1,0.12175143297091023,64,val,task_06_val_00029,stream
6,A_2_specialization,30,A_2,"{""A_2"":1.0}",specialization,A_1,0.12175143297091023,64,val,task_06_val_00030,stream
6,A_2_specialization,31,A_2,"{""A_2"":1.0}",specialization,A_1,0.12175143297091023,64,val,task_06_val_00031,stream
6,A_2_specialization,0,A_2,"{""A_2"":1.0}",specialization,A_1,0.12175143297091023,64,test,task_06_test_00000,stream
6,A_2_specialization,1,A_2,"{""A_2"":1.0}",specialization,A_1,0.12175143297091023,64,test,task_06_test_00001,stream
6,A_2_specialization,2,A_2,"{""A_2"":1.0}",specialization,A_1,0.12175143297091023,64,test,task_06_test_00002,stream
6,A_2_specialization,3,A_2,"{""A_2"":1.0}",specialization,A_1,0.12175143297091023,64,test,task_06_test_00003,stream
6,A_2_specialization,4,A_2,"{""A_2"":1.0}",specialization,A_1,0.12175143297091023,64,test,task_06_test_00004,stream
6,A_2_specialization,5,A_2,"{""A_2"":1.0}",specialization,A_1,0.12175143297091023,64,test,task_06_test_00005,stream
6,A_2_specialization,6,A_2,"{""A_2"":1.0}",specialization,A_1,0.12175143297091023,64,test,task_06_test_00006,stream
6,A_2_specialization,7,A_2,"{""A_2"":1.0}",specialization,A_1,0.12175143297091023,64,test,task_06_test_00007,stream
6,A_2_specialization,8,A_2,"{""A_2"":1.0}",specialization,A_1,0.12175143297091023,64,test,task_06_test_00008,stream
6,A_2_specialization,9,A_2,"{""A_2"":1.0}",specialization,A_1,0.12175143297091023,64,test,task_06_test_00009,stream
6,A_2_specialization,10,A_2,"{""A_2"":1.0}",specialization,A_1,0.12175143297091023,64,test,task_06_test_00010,stream
6,A_2_specialization,11,A_2,"{""A_2"":1.0}",specialization,A_1,0.12175143297091023,64,test,task_06_test_00011,stream
6,A_2_specialization,12,A_2,"{""A_2"":1.0}",specialization,A_1,0.12175143297091023,64,test,task_06_test_00012,stream
6,A_2_specialization,13,A_2,"{""A_2"":1.0}",specialization,A_1,0.12175143297091023,64,test,task_06_test_00013,stream
6,A_2_specialization,14,A_2,"{""A_2"":1.0}",specialization,A_1,0.12175143297091023,64,test,task_06_test_00014,stream
6,A_2_specialization,15,A_2,"{""A_2"":1.0}",specialization,A_1,0.12175143297091023,64,test,task_06_test_00015,stream
6,A_2_specialization,16,A_2,"{""A_2"":1.0}",specialization,A_1,0.12175143297091023,64,test,task_06_test_00016,stream
6,A_2_specialization,17,A_2,"{""A_2"":1.0}",specialization,A_1,0.12175143297091023,64,test,task_06_test_00017,stream
6,A_2_specialization,18,A_2,"{""A_2"":1.0}",specialization,A_1,0.12175143297091023,64,test,task_06_test_00018,stream
6,A_2_specialization,19,A_2,"{""A_2"":1.0}",specialization,A_1,0.12175143297091023,64,test,task_06_test_00019,stream
6,A_2_specialization,20,A_2,"{""A_2"":1.0}",specialization,A_1,0.12175143297091023,64,test,task_06_test_00020,stream
6,A_2_specialization,21,A_2,"{""A_2"":1.0}",specialization,A_1,0.12175143297091023,64,test,task_06_test_00021,stream
6,A_2_specialization,22,A_2,"{""A_2"":1.0}",specialization,A_1,0.12175143297091023,64,test,task_06_test_00022,stream
6,A_2_specialization,23,A_2,"{""A_2"":1.0}",specialization,A_1,0.12175143297091023,64,test,task_06_test_00023,stream
6,A_2_specialization,24,A_2,"{""A_2"":1.0}",specialization,A_1,0.12175143297091023,64,test,task_06_test_00024,stream
6,A_2_specialization,25,A_2,"{""A_2"":1.0}",specialization,A_1,0.12175143297091023,64,test,task_06_test_00025,stream
6,A_2_specialization,26,A_2,"{""A_2"":1.0}",specialization,A_1,0.12175143297091023,64,test,task_06_test_00026,stream
6,A_2_specialization,27,A_2,"{""A_2"":1.0}",specialization,A_1,0.12175143297091023,64,test,task_06_test_00027,stream
6,A_2_specialization,28,A_2,"{""A_2"":1.0}",specialization,A_1,0.12175143297091023,64,test,task_06_test_00028,stream
6,A_2_specialization,29,A_2,"{""A_2"":1.0}",specialization,A_1,0.12175143297091023,64,test,task_06_test_00029,stream
6,A_2_specialization,30,A_2,"{""A_2"":1.0}",specialization,A_1,0.12175143297091023,64,test,task_06_test_00030,stream
6,A_2_specialization,31,A_2,"{""A_2"":1.0}",specialization,A_1,0.12175143297091023,64,test,task_06_test_00031,stream
7,E_1_novel,0,E_1,"{""E_1"":1.0}",novel,,0.0,64,train,task_07_train_00000,stream
7,E_1_novel,1,E_1,"{""E_1"":1.0}",novel,,0.0,64,train,task_07_train_00001,stream
7,E_1_novel,2,E_1,"{""E_1"":1.0}",novel,,0.0,64,train,task_07_train_00002,stream
7,E_1_novel,3,E_1,"{""E_1"":1.0}",novel,,0.0,64,train,task_07_train_00003,stream
7,E_1_novel,4,E_1,"{""E_1"":1.0}",novel,,0.0,64,train,task_07_train_00004,stream
7,E_1_novel,5,E_1,"{""E_1"":1.0}",novel,,0.0,64,train,task_07_train_00005,stream
7,E_1_novel,6,E_1,"{""E_1"":1.0}",novel,,0.0,64,train,task_07_train_00006,stream
7,E_1_novel,7,E_1,"{""E_1"":1.0}",novel,,0.0,64,train,task_07_train_00007,stream
7,E_1_novel,8,E_1,"{""E_1"":1.0}",novel,,0.0,64,train,task_07_train_00008,stream
7,E_1_novel,9,E_1,"{""E_1"":1.0}",novel,,0.0,64,train,task_07_train_00009,stream
7,E_1_novel,10,E_1,"{""E_1"":1.0}",novel,,0.0,64,train,task_07_train_00010,stream
7,E_1_novel,11,E_1,"{""E_1"":1.0}",novel,,0.0,64,train,task_07_train_00011,stream
7,E_1_novel,12,E_1,"{""E_1"":1.0}",novel,,0.0,64,train,task_07_train_00012,stream
7,E_1_novel,13,E_1,"{""E_1"":1.0}",novel,,0.0,64,train,task_07_train_00013,stream
7,E_1_novel,14,E_1,"{""E_1"":1.0}",novel,,0.0,64,train,task_07_train_00014,stream
7,E_1_novel,15,E_1,"{""E_1"":1.0}",novel,,0.0,64,train,task_07_train_00015,stream
7,E_1_novel,16,E_1,"{""E_1"":1.0}",novel,,0.0,64,train,task_07_train_00016,stream
7,E_1_novel,17,E_1,"{""E_1"":1.0}",novel,,0.0,64,train,task_07_train_00017,stream
7,E_1_novel,18,E_1,"{""E_1"":1.0}",novel,,0.0,64,train,task_07_train_00018,stream
7,E_1_novel,19,E_1,"{""E_1"":1.0}",novel,,0.0,64,train,task_07_train_00019,stream
7,E_1_novel,20,E_1,"{""E_1"":1.0}",novel,,0.0,64,train,task_07_train_00020,stream
7,E_1_novel,21,E_1,"{""E_1"":1.0}",novel,,0.0,64,train,task_07_train_00021,stream
7,E_1_novel,22,E_1,"{""E_1"":1.0}",novel,,0.0,64,train,task_07_train_00022,stream
7,E_1_novel,23,E_1,"{""E_1"":1.0}",novel,,0.0,64,train,task_07_train_00023,stream
7,E_1_novel,24,E_1,"{""E_1"":1.0}",novel,,0.0,64,train,task_07_train_00024,stream
7,E_1_novel,25,E_1,"{""E_1"":1.0}",novel,,0.0,64,train,task_07_train_00025,stream
7,E_1_novel,26,E_1,"{""E_1"":1.0}",novel,,0.0,64,train,task_07_train_00026,stream
7,E_1_novel,27,E_1,"{""E_1"":1.0}",novel,,0.0,64,train,task_07_train_00027,stream
7,E_1_novel,28,E_1,"{""E_1"":1.0}",novel,,0.0,64,train,task_07_train_00028,stream
7,E_1_novel,29,E_1,"{""E_1"":1.0}",novel,,0.0,64,train,task_07_train_00029,stream
7,E_1_novel,30,E_1,"{""E_1"":1.0}",novel,,0.0,64,train,task_07_train_00030,stream
7,E_1_novel,31,E_1,"{""E_1"":1.0}",novel,,0.0,64,train,task_07_train_00031,stream
7,E_1_novel,32,E_1,"{""E_1"":1.0}",novel,,0.0,64,train,task_07_train_00032,stream
7,E_1_novel,33,E_1,"{""E_1"":1.0}",novel,,0.0,64,train,task_07_train_00033,stream
7,E_1_novel,34,E_1,"{""E_1"":1.0}",novel,,0.0,64,train,task_07_train_00034,stream
7,E_1_novel,35,E_1,"{""E_1"":1.0}",novel,,0.0,64,train,task_07_train_00035,stream
7,E_1_novel,36,E_1,"{""E_1"":1.0}",novel,,0.0,64,train,task_07_train_00036,stream
7,E_1_novel,37,E_1,"{""E_1"":1.0}",novel,,0.0,64,train,task_07_train_00037,stream
7,E_1_novel,38,E_1,"{""E_1"":1.0}",novel,,0.0,64,train,task_07_train_00038,stream
7,E_1_novel,39,E_1,"{""E_1"":1.0}",novel,,0.0,64,train,task_07_train_00039,stream
7,E_1_novel,40,E_1,"{""E_1"":1.0}",novel,,0.0,64,train,task_07_train_00040,stream
7,E_1_novel,41,E_1,"{""E_1"":1.0}",novel,,0.0,64,train,task_07_train_00041,stream
7,E_1_novel,42,E_1,"{""E_1"":1.0}",novel,,0.0,64,train,task_07_train_00042,stream
7,E_1_novel,43,E_1,"{""E_1"":1.0}",novel,,0.0,64,train,task_07_train_00043,stream
7,E_1_novel,44,E_1,"{""E_1"":1.0}",novel,,0.0,64,train,task_07_train_00044,stream
7,E_1_novel,45,E_1,"{""E_1"":1.0}",novel,,0.0,64,train,task_07_train_00045,stream
7,E_1_novel,46,E_1,"{""E_1"":1.0}",novel,,0.0,64,train,task_07_train_00046,stream
7,E_1_novel,47,E_1,"{""E_1"":1.0}",novel,,0.0,64,train,task_07_train_00047,stream
7,E_1_novel,48,E_1,"{""E_1"":1.0}",novel,,0.0,64,train,task_07_train_00048,stream
7,E_1_novel,49,E_1,"{""E_1"":1.0}",novel,,0.0,64,train,task_07_train_00049,stream
7,E_1_novel,50,E_1,"{""E_1"":1.0}",novel,,0.0,64,train,task_07_train_00050,stream
7,E_1_novel,51,E_1,"{""E_1"":1.0}",novel,,0.0,64,train,task_07_train_00051,stream
7,E_1_novel,52,E_1,"{""E_1"":1.0}",novel,,0.0,64,train,task_07_train_00052,stream
7,E_1_novel,53,E_1,"{""E_1"":1.0}",novel,,0.0,64,train,task_07_train_00053,stream
7,E_1_novel,54,E_1,"{""E_1"":1.0}",novel,,0.0,64,train,task_07_train_00054,stream
7,E_1_novel,55,E_1,"{""E_1"":1.0}",novel,,0.0,64,train,task_07_train_00055,stream
7,E_1_novel,56,E_1,"{""E_1"":1.0}",novel,,0.0,64,train,task_07_train_00056,stream
7,E_1_novel,57,E_1,"{""E_1"":1.0}",novel,,0.0,64,train,task_07_train_00057,stream
7,E_1_novel,58,E_1,"{""E_1"":1.0}",novel,,0.0,64,train,task_07_train_00058,stream
7,E_1_novel,59,E_1,"{""E_1"":1.0}",novel,,0.0,64,train,task_07_train_00059,stream
7,E_1_novel,60,E_1,"{""E_1"":1.0}",novel,,0.0,64,train,task_07_train_00060,stream
7,E_1_novel,61,E_1,"{""E_1"":1.0}",novel,,0.0,64,train,task_07_train_00061,stream
7,E_1_novel,62,E_1,"{""E_1"":1.0}",novel,,0.0,64,train,task_07_train_00062,stream
7,E_1_novel,63,E_1,"{""E_1"":1.0}",novel,,0.0,64,train,task_07_train_00063,stream
7,E_1_novel,64,E_1,"{""E_1"":1.0}",novel,,0.0,64,train,task_07_train_00064,stream
7,E_1_novel,65,E_1,"{""E_1"":1.0}",novel,,0.0,64,train,task_07_train_00065,stream
7,E_1_novel,66,E_1,"{""E_1"":1.0}",novel,,0.0,64,train,task_07_train_00066,stream
7,E_1_novel,67,E_1,"{""E_1"":1.0}",novel,,0.0,64,train,task_07_train_00067,stream
7,E_1_novel,68,E_1,"{""E_1"":1.0}",novel,,0.0,64,train,task_07_train_00068,stream
7,E_1_novel,69,E_1,"{""E_1"":1.0}",novel,,0.0,64,train,task_07_train_00069,stream
7,E_1_novel,70,E_1,"{""E_1"":1.0}",novel,,0.0,64,train,task_07_train_00070,stream
7,E_1_novel,71,E_1,"{""E_1"":1.0}",novel,,0.0,64,train,task_07_train_00071,stream
7,E_1_novel,72,E_1,"{""E_1"":1.0}",novel,,0.0,64,train,task_07_train_00072,stream
7,E_1_novel,73,E_1,"{""E_1"":1.0}",novel,,0.0,64,train,task_07_train_00073,stream
7,E_1_novel,74,E_1,"{""E_1"":1.0}",novel,,0.0,64,train,task_07_train_00074,stream
7,E_1_novel,75,E_1,"{""E_1"":1.0}",novel,,0.0,64,train,task_07_train_00075,stream
7,E_1_novel,76,E_1,"{""E_1"":1.0}",novel,,0.0,64,train,task_07_train_00076,stream
7,E_1_novel,77,E_1,"{""E_1"":1.0}",novel,,0.0,64,train,task_07_train_00077,stream
7,E_1_novel,78,E_1,"{""E_1"":1.0}",novel,,0.0,64,train,task_07_train_00078,stream
7,E_1_novel,79,E_1,"{""E_1"":1.0}",novel,,0.0,64,train,task_07_train_00079,stream
7,E_1_novel,80,E_1,"{""E_1"":1.0}",novel,,0.0,64,train,task_07_train_00080,stream
7,E_1_novel,81,E_1,"{""E_1"":1.0}",novel,,0.0,64,train,task_07_train_00081,stream
7,E_1_novel,82,E_1,"{""E_1"":1.0}",novel,,0.0,64,train,task_07_train_00082,stream
7,E_1_novel,83,E_1,"{""E_1"":1.0}",novel,,0.0,64,train,task_07_train_00083,stream
7,E_1_novel,84,E_1,"{""E_1"":1.0}",novel,,0.0,64,train,task_07_train_00084,stream
7,E_1_novel,85,E_1,"{""E_1"":1.0}",novel,,0.0,64,train,task_07_train_00085,stream
7,E_1_novel,86,E_1,"{""E_1"":1.0}",novel,,0.0,64,train,task_07_train_00086,stream
7,E_1_novel,87,E_1,"{""E_1"":1.0}",novel,,0.0,64,train,task_07_train_00087,stream
7,E_1_novel,88,E_1,"{""E_1"":1.0}",novel,,0.0,64,train,task_07_train_00088,stream
7,E_1_novel,89,E_1,"{""E_1"":1.0}",novel,,0.0,64,train,task_07_train_00089,stream
7,E_1_novel,90,E_1,"{""E_1"":1.0}",novel,,0.0,64,train,task_07_train_00090,stream
7,E_1_novel,91,E_1,"{""E_1"":1.0}",novel,,0.0,64,train,task_07_train_00091,stream
7,E_1_novel,92,E_1,"{""E_1"":1.0}",novel,,0.0,64,train,task_07_train_00092,stream
7,E_1_novel,93,E_1,"{""E_1"":1.0}",novel,,0.0,64,train,task_07_train_00093,stream
7,E_1_novel,94,E_1,"{""E_1"":1.0}",novel,,0.0,64,train,task_07_train_00094,stream
7,E_1_novel,95,E_1,"{""E_1"":1.0}",novel,,0.0,64,train,task_07_train_00095,stream
7,E_1_novel,96,E_1,"{""E_1"":1.0}",novel,,0.0,64,train,task_07_train_00096,stream
7,E_1_novel,97,E_1,"{""E_1"":1.0}",novel,,0.0,64,train,task_07_train_00097,stream
7,E_1_novel,98,E_1,"{""E_1"":1.0}",novel,,0.0,64,train,task_07_train_00098,stream
7,E_1_novel,99,E_1,"{""E_1"":1.0}",novel,,0.0,64,train,task_07_train_00099,stream
7,E_1_novel,100,E_1,"{""E_1"":1.0}",novel,,0.0,64,train,task_07_train_00100,stream
7,E_1_novel,101,E_1,"{""E_1"":1.0}",novel,,0.0,64,train,task_07_train_00101,stream
7,E_1_novel,102,E_1,"{""E_1"":1.0}",novel,,0.0,64,train,task_07_train_00102,stream
7,E_1_novel,103,E_1,"{""E_1"":1.0}",novel,,0.0,64,train,task_07_train_00103,stream
7,E_1_novel,104,E_1,"{""E_1"":1.0}",novel,,0.0,64,train,task_07_train_00104,stream
7,E_1_novel,105,E_1,"{""E_1"":1.0}",novel,,0.0,64,train,task_07_train_00105,stream
7,E_1_novel,106,E_1,"{""E_1"":1.0}",novel,,0.0,64,train,task_07_train_00106,stream
7,E_1_novel,107,E_1,"{""E_1"":1.0}",novel,,0.0,64,train,task_07_train_00107,stream
7,E_1_novel,108,E_1,"{""E_1"":1.0}",novel,,0.0,64,train,task_07_train_00108,stream
7,E_1_novel,109,E_1,"{""E_1"":1.0}",novel,,0.0,64,train,task_07_train_00109,stream
7,E_1_novel,110,E_1,"{""E_1"":1.0}",novel,,0.0,64,train,task_07_train_00110,stream
7,E_1_novel,111,E_1,"{""E_1"":1.0}",novel,,0.0,64,train,task_07_train_00111,stream
7,E_1_novel,112,E_1,"{""E_1"":1.0}",novel,,0.0,64,train,task_07_train_00112,stream
7,E_1_novel,113,E_1,"{""E_1"":1.0}",novel,,0.0,64,train,task_07_train_00113,stream
7,E_1_novel,114,E_1,"{""E_1"":1.0}",novel,,0.0,64,train,task_07_train_00114,stream
7,E_1_novel,115,E_1,"{""E_1"":1.0}",novel,,0.0,64,train,task_07_train_00115,stream
7,E_1_novel,116,E_1,"{""E_1"":1.0}",novel,,0.0,64,train,task_07_train_00116,stream
7,E_1_novel,117,E_1,"{""E_1"":1.0}",novel,,0.0,64,train,task_07_train_00117,stream
7,E_1_novel,118,E_1,"{""E_1"":1.0}",novel,,0.0,64,train,task_07_train_00118,stream
7,E_1_novel,119,E_1,"{""E_1"":1.0}",novel,,0.0,64,train,task_07_train_00119,stream
7,E_1_novel,120,E_1,"{""E_1"":1.0}",novel,,0.0,64,train,task_07_train_00120,stream
7,E_1_novel,121,E_1,"{""E_1"":1.0}",novel,,0.0,64,train,task_07_train_00121,stream
7,E_1_novel,122,E_1,"{""E_1"":1.0}",novel,,0.0,64,train,task_07_train_00122,stream
7,E_1_novel,123,E_1,"{""E_1"":1.0}",novel,,0.0,64,train,task_07_train_00123,stream
7,E_1_novel,124,E_1,"{""E_1"":1.0}",novel,,0.0,64,train,task_07_train_00124,stream
7,E_1_novel,125,E_1,"{""E_1"":1.0}",novel,,0.0,64,train,task_07_train_00125,stream
7,E_1_novel,126,E_1,"{""E_1"":1.0}",novel,,0.0,64,train,task_07_train_00126,stream
7,E_1_novel,127,E_1,"{""E_1"":1.0}",novel,,0.0,64,train,task_07_train_00127,stream
7,E_1_novel,0,E_1,"{""E_1"":1.0}",novel,,0.0,64,val,task_07_val_00000,stream
7,E_1_novel,1,E_1,"{""E_1"":1.0}",novel,,0.0,64,val,task_07_val_00001,stream
7,E_1_novel,2,E_1,"{""E_1"":1.0}",novel,,0.0,64,val,task_07_val_00002,stream
7,E_1_novel,3,E_1,"{""E_1"":1.0}",novel,,0.0,64,val,task_07_val_00003,stream
7,E_1_novel,4,E_1,"{""E_1"":1.0}",novel,,0.0,64,val,task_07_val_00004,stream
7,E_1_novel,5,E_1,"{""E_1"":1.0}",novel,,0.0,64,val,task_07_val_00005,stream
7,E_1_novel,6,E_1,"{""E_1"":1.0}",novel,,0.0,64,val,task_07_val_00006,stream
7,E_1_novel,7,E_1,"{""E_1"":1.0}",novel,,0.0,64,val,task_07_val_00007,stream
7,E_1_novel,8,E_1,"{""E_1"":1.0}",novel,,0.0,64,val,task_07_val_00008,stream
7,E_1_novel,9,E_1,"{""E_1"":1.0}",novel,,0.0,64,val,task_07_val_00009,stream
7,E_1_novel,10,E_1,"{""E_1"":1.0}",novel,,0.0,64,val,task_07_val_00010,stream
7,E_1_novel,11,E_1,"{""E_1"":1.0}",novel,,0.0,64,val,task_07_val_00011,stream
7,E_1_novel,12,E_1,"{""E_1"":1.0}",novel,,0.0,64,val,task_07_val_00012,stream
7,E_1_novel,13,E_1,"{""E_1"":1.0}",novel,,0.0,64,val,task_07_val_00013,stream
7,E_1_novel,14,E_1,"{""E_1"":1.0}",novel,,0.0,64,val,task_07_val_00014,stream
7,E_1_novel,15,E_1,"{""E_1"":1.0}",novel,,0.0,64,val,task_07_val_00015,stream
7,E_1_novel,16,E_1,"{""E_1"":1.0}",novel,,0.0,64,val,task_07_val_00016,stream
7,E_1_novel,17,E_1,"{""E_1"":1.0}",novel,,0.0,64,val,task_07_val_00017,stream
7,E_1_novel,18,E_1,"{""E_1"":1.0}",novel,,0.0,64,val,task_07_val_00018,stream
7,E_1_novel,19,E_1,"{""E_1"":1.0}",novel,,0.0,64,val,task_07_val_00019,stream
7,E_1_novel,20,E_1,"{""E_1"":1.0}",novel,,0.0,64,val,task_07_val_00020,stream
7,E_1_novel,21,E_1,"{""E_1"":1.0}",novel,,0.0,64,val,task_07_val_00021,stream
7,E_1_novel,22,E_1,"{""E_1"":1.0}",novel,,0.0,64,val,task_07_val_00022,stream
7,E_1_novel,23,E_1,"{""E_1"":1.0}",novel,,0.0,64,val,task_07_val_00023,stream
7,E_1_novel,24,E_1,"{""E_1"":1.0}",novel,,0.0,64,val,task_07_val_00024,stream
7,E_1_novel,25,E_1,"{""E_1"":1.0}",novel,,0.0,64,val,task_07_val_00025,stream
7,E_1_novel,26,E_1,"{""E_1"":1.0}",novel,,0.0,64,val,task_07_val_00026,stream
7,E_1_novel,27,E_1,"{""E_1"":1.0}",novel,,0.0,64,val,task_07_val_00027,stream
7,E_1_novel,28,E_1,"{""E_1"":1.0}",novel,,0.0,64,val,task_07_val_00028,stream
7,E_1_novel,29,E_1,"{""E_1"":1.0}",novel,,0.0,64,val,task_07_val_00029,stream
7,E_1_novel,30,E_1,"{""E_1"":1.0}",novel,,0.0,64,val,task_07_val_00030,stream
7,E_1_novel,31,E_1,"{""E_1"":1.0}",novel,,0.0,64,val,task_07_val_00031,stream
7,E_1_novel,0,E_1,"{""E_1"":1.0}",novel,,0.0,64,test,task_07_test_00000,stream
7,E_1_novel,1,E_1,"{""E_1"":1.0}",novel,,0.0,64,test,task_07_test_00001,stream
7,E_1_novel,2,E_1,"{""E_1"":1.0}",novel,,0.0,64,test,task_07_test_00002,stream
7,E_1_novel,3,E_1,"{""E_1"":1.0}",novel,,0.0,64,test,task_07_test_00003,stream
7,E_1_novel,4,E_1,"{""E_1"":1.0}",novel,,0.0,64,test,task_07_test_00004,stream
7,E_1_novel,5,E_1,"{""E_1"":1.0}",novel,,0.0,64,test,task_07_test_00005,stream
7,E_1_novel,6,E_1,"{""E_1"":1.0}",novel,,0.0,64,test,task_07_test_00006,stream
7,E_1_novel,7,E_1,"{""E_1"":1.0}",novel,,0.0,64,test,task_07_test_00007,stream
7,E_1_novel,8,E_1,"{""E_1"":1.0}",novel,,0.0,64,test,task_07_test_00008,stream
7,E_1_novel,9,E_1,"{""E_1"":1.0}",novel,,0.0,64,test,task_07_test_00009,stream
7,E_1_novel,10,E_1,"{""E_1"":1.0}",novel,,0.0,64,test,task_07_test_00010,stream
7,E_1_novel,11,E_1,"{""E_1"":1.0}",novel,,0.0,64,test,task_07_test_00011,stream
7,E_1_novel,12,E_1,"{""E_1"":1.0}",novel,,0.0,64,test,task_07_test_00012,stream
7,E_1_novel,13,E_1,"{""E_1"":1.0}",novel,,0.0,64,test,task_07_test_00013,stream
7,E_1_novel,14,E_1,"{""E_1"":1.0}",novel,,0.0,64,test,task_07_test_00014,stream
7,E_1_novel,15,E_1,"{""E_1"":1.0}",novel,,0.0,64,test,task_07_test_00015,stream
7,E_1_novel,16,E_1,"{""E_1"":1.0}",novel,,0.0,64,test,task_07_test_00016,stream
7,E_1_novel,17,E_1,"{""E_1"":1.0}",novel,,0.0,64,test,task_07_test_00017,stream
7,E_1_novel,18,E_1,"{""E_1"":1.0}",novel,,0.0,64,test,task_07_test_00018,stream
7,E_1_novel,19,E_1,"{""E_1"":1.0}",novel,,0.0,64,test,task_07_test_00019,stream
7,E_1_novel,20,E_1,"{""E_1"":1.0}",novel,,0.0,64,test,task_07_test_00020,stream
7,E_1_novel,21,E_1,"{""E_1"":1.0}",novel,,0.0,64,test,task_07_test_00021,stream
7,E_1_novel,22,E_1,"{""E_1"":1.0}",novel,,0.0,64,test,task_07_test_00022,stream
7,E_1_novel,23,E_1,"{""E_1"":1.0}",novel,,0.0,64,test,task_07_test_00023,stream
7,E_1_novel,24,E_1,"{""E_1"":1.0}",novel,,0.0,64,test,task_07_test_00024,stream
7,E_1_novel,25,E_1,"{""E_1"":1.0}",novel,,0.0,64,test,task_07_test_00025,stream
7,E_1_novel,26,E_1,"{""E_1"":1.0}",novel,,0.0,64,test,task_07_test_00026,stream
7,E_1_novel,27,E_1,"{""E_1"":1.0}",novel,,0.0,64,test,task_07_test_00027,stream
7,E_1_novel,28,E_1,"{""E_1"":1.0}",novel,,0.0,64,test,task_07_test_00028,stream
7,E_1_novel,29,E_1,"{""E_1"":1.0}",novel,,0.0,64,test,task_07_test_00029,stream
7,E_1_novel,30,E_1,"{""E_1"":1.0}",novel,,0.0,64,test,task_07_test_00030,stream
7,E_1_novel,31,E_1,"{""E_1"":1.0}",novel,,0.0,64,test,task_07_test_00031,stream
8,A_1_long_gap_recurrence,0,A_1,"{""A_1"":1.0}",long_gap_recurrence,A_1,0.0,64,train,task_08_train_00000,stream
8,A_1_long_gap_recurrence,1,A_1,"{""A_1"":1.0}",long_gap_recurrence,A_1,0.0,64,train,task_08_train_00001,stream
8,A_1_long_gap_recurrence,2,A_1,"{""A_1"":1.0}",long_gap_recurrence,A_1,0.0,64,train,task_08_train_00002,stream
8,A_1_long_gap_recurrence,3,A_1,"{""A_1"":1.0}",long_gap_recurrence,A_1,0.0,64,train,task_08_train_00003,stream
8,A_1_long_gap_recurrence,4,A_1,"{""A_1"":1.0}",long_gap_recurrence,A_1,0.0,64,train,task_08_train_00004,stream
8,A_1_long_gap_recurrence,5,A_1,"{""A_1"":1.0}",long_gap_recurrence,A_1,0.0,64,train,task_08_train_00005,stream
8,A_1_long_gap_recurrence,6,A_1,"{""A_1"":1.0}",long_gap_recurrence,A_1,0.0,64,train,task_08_train_00006,stream
8,A_1_long_gap_recurrence,7,A_1,"{""A_1"":1.0}",long_gap_recurrence,A_1,0.0,64,train,task_08_train_00007,stream
8,A_1_long_gap_recurrence,8,A_1,"{""A_1"":1.0}",long_gap_recurrence,A_1,0.0,64,train,task_08_train_00008,stream
8,A_1_long_gap_recurrence,9,A_1,"{""A_1"":1.0}",long_gap_recurrence,A_1,0.0,64,train,task_08_train_00009,stream
8,A_1_long_gap_recurrence,10,A_1,"{""A_1"":1.0}",long_gap_recurrence,A_1,0.0,64,train,task_08_train_00010,stream
8,A_1_long_gap_recurrence,11,A_1,"{""A_1"":1.0}",long_gap_recurrence,A_1,0.0,64,train,task_08_train_00011,stream
8,A_1_long_gap_recurrence,12,A_1,"{""A_1"":1.0}",long_gap_recurrence,A_1,0.0,64,train,task_08_train_00012,stream
8,A_1_long_gap_recurrence,13,A_1,"{""A_1"":1.0}",long_gap_recurrence,A_1,0.0,64,train,task_08_train_00013,stream
8,A_1_long_gap_recurrence,14,A_1,"{""A_1"":1.0}",long_gap_recurrence,A_1,0.0,64,train,task_08_train_00014,stream
8,A_1_long_gap_recurrence,15,A_1,"{""A_1"":1.0}",long_gap_recurrence,A_1,0.0,64,train,task_08_train_00015,stream
8,A_1_long_gap_recurrence,16,A_1,"{""A_1"":1.0}",long_gap_recurrence,A_1,0.0,64,train,task_08_train_00016,stream
8,A_1_long_gap_recurrence,17,A_1,"{""A_1"":1.0}",long_gap_recurrence,A_1,0.0,64,train,task_08_train_00017,stream
8,A_1_long_gap_recurrence,18,A_1,"{""A_1"":1.0}",long_gap_recurrence,A_1,0.0,64,train,task_08_train_00018,stream
8,A_1_long_gap_recurrence,19,A_1,"{""A_1"":1.0}",long_gap_recurrence,A_1,0.0,64,train,task_08_train_00019,stream
8,A_1_long_gap_recurrence,20,A_1,"{""A_1"":1.0}",long_gap_recurrence,A_1,0.0,64,train,task_08_train_00020,stream
8,A_1_long_gap_recurrence,21,A_1,"{""A_1"":1.0}",long_gap_recurrence,A_1,0.0,64,train,task_08_train_00021,stream
8,A_1_long_gap_recurrence,22,A_1,"{""A_1"":1.0}",long_gap_recurrence,A_1,0.0,64,train,task_08_train_00022,stream
8,A_1_long_gap_recurrence,23,A_1,"{""A_1"":1.0}",long_gap_recurrence,A_1,0.0,64,train,task_08_train_00023,stream
8,A_1_long_gap_recurrence,24,A_1,"{""A_1"":1.0}",long_gap_recurrence,A_1,0.0,64,train,task_08_train_00024,stream
8,A_1_long_gap_recurrence,25,A_1,"{""A_1"":1.0}",long_gap_recurrence,A_1,0.0,64,train,task_08_train_00025,stream
8,A_1_long_gap_recurrence,26,A_1,"{""A_1"":1.0}",long_gap_recurrence,A_1,0.0,64,train,task_08_train_00026,stream
8,A_1_long_gap_recurrence,27,A_1,"{""A_1"":1.0}",long_gap_recurrence,A_1,0.0,64,train,task_08_train_00027,stream
8,A_1_long_gap_recurrence,28,A_1,"{""A_1"":1.0}",long_gap_recurrence,A_1,0.0,64,train,task_08_train_00028,stream
8,A_1_long_gap_recurrence,29,A_1,"{""A_1"":1.0}",long_gap_recurrence,A_1,0.0,64,train,task_08_train_00029,stream
8,A_1_long_gap_recurrence,30,A_1,"{""A_1"":1.0}",long_gap_recurrence,A_1,0.0,64,train,task_08_train_00030,stream
8,A_1_long_gap_recurrence,31,A_1,"{""A_1"":1.0}",long_gap_recurrence,A_1,0.0,64,train,task_08_train_00031,stream
8,A_1_long_gap_recurrence,32,A_1,"{""A_1"":1.0}",long_gap_recurrence,A_1,0.0,64,train,task_08_train_00032,stream
8,A_1_long_gap_recurrence,33,A_1,"{""A_1"":1.0}",long_gap_recurrence,A_1,0.0,64,train,task_08_train_00033,stream
8,A_1_long_gap_recurrence,34,A_1,"{""A_1"":1.0}",long_gap_recurrence,A_1,0.0,64,train,task_08_train_00034,stream
8,A_1_long_gap_recurrence,35,A_1,"{""A_1"":1.0}",long_gap_recurrence,A_1,0.0,64,train,task_08_train_00035,stream
8,A_1_long_gap_recurrence,36,A_1,"{""A_1"":1.0}",long_gap_recurrence,A_1,0.0,64,train,task_08_train_00036,stream
8,A_1_long_gap_recurrence,37,A_1,"{""A_1"":1.0}",long_gap_recurrence,A_1,0.0,64,train,task_08_train_00037,stream
8,A_1_long_gap_recurrence,38,A_1,"{""A_1"":1.0}",long_gap_recurrence,A_1,0.0,64,train,task_08_train_00038,stream
8,A_1_long_gap_recurrence,39,A_1,"{""A_1"":1.0}",long_gap_recurrence,A_1,0.0,64,train,task_08_train_00039,stream
8,A_1_long_gap_recurrence,40,A_1,"{""A_1"":1.0}",long_gap_recurrence,A_1,0.0,64,train,task_08_train_00040,stream
8,A_1_long_gap_recurrence,41,A_1,"{""A_1"":1.0}",long_gap_recurrence,A_1,0.0,64,train,task_08_train_00041,stream
8,A_1_long_gap_recurrence,42,A_1,"{""A_1"":1.0}",long_gap_recurrence,A_1,0.0,64,train,task_08_train_00042,stream
8,A_1_long_gap_recurrence,43,A_1,"{""A_1"":1.0}",long_gap_recurrence,A_1,0.0,64,train,task_08_train_00043,stream
8,A_1_long_gap_recurrence,44,A_1,"{""A_1"":1.0}",long_gap_recurrence,A_1,0.0,64,train,task_08_train_00044,stream
8,A_1_long_gap_recurrence,45,A_1,"{""A_1"":1.0}",long_gap_recurrence,A_1,0.0,64,train,task_08_train_00045,stream
8,A_1_long_gap_recurrence,46,A_1,"{""A_1"":1.0}",long_gap_recurrence,A_1,0.0,64,train,task_08_train_00046,stream
8,A_1_long_gap_recurrence,47,A_1,"{""A_1"":1.0}",long_gap_recurrence,A_1,0.0,64,train,task_08_train_00047,stream
8,A_1_long_gap_recurrence,48,A_1,"{""A_1"":1.0}",long_gap_recurrence,A_1,0.0,64,train,task_08_train_00048,stream
8,A_1_long_gap_recurrence,49,A_1,"{""A_1"":1.0}",long_gap_recurrence,A_1,0.0,64,train,task_08_train_00049,stream
8,A_1_long_gap_recurrence,50,A_1,"{""A_1"":1.0}",long_gap_recurrence,A_1,0.0,64,train,task_08_train_00050,stream
8,A_1_long_gap_recurrence,51,A_1,"{""A_1"":1.0}",long_gap_recurrence,A_1,0.0,64,train,task_08_train_00051,stream
8,A_1_long_gap_recurrence,52,A_1,"{""A_1"":1.0}",long_gap_recurrence,A_1,0.0,64,train,task_08_train_00052,stream
8,A_1_long_gap_recurrence,53,A_1,"{""A_1"":1.0}",long_gap_recurrence,A_1,0.0,64,train,task_08_train_00053,stream
8,A_1_long_gap_recurrence,54,A_1,"{""A_1"":1.0}",long_gap_recurrence,A_1,0.0,64,train,task_08_train_00054,stream
8,A_1_long_gap_recurrence,55,A_1,"{""A_1"":1.0}",long_gap_recurrence,A_1,0.0,64,train,task_08_train_00055,stream
8,A_1_long_gap_recurrence,56,A_1,"{""A_1"":1.0}",long_gap_recurrence,A_1,0.0,64,train,task_08_train_00056,stream
8,A_1_long_gap_recurrence,57,A_1,"{""A_1"":1.0}",long_gap_recurrence,A_1,0.0,64,train,task_08_train_00057,stream
8,A_1_long_gap_recurrence,58,A_1,"{""A_1"":1.0}",long_gap_recurrence,A_1,0.0,64,train,task_08_train_00058,stream
8,A_1_long_gap_recurrence,59,A_1,"{""A_1"":1.0}",long_gap_recurrence,A_1,0.0,64,train,task_08_train_00059,stream
8,A_1_long_gap_recurrence,60,A_1,"{""A_1"":1.0}",long_gap_recurrence,A_1,0.0,64,train,task_08_train_00060,stream
8,A_1_long_gap_recurrence,61,A_1,"{""A_1"":1.0}",long_gap_recurrence,A_1,0.0,64,train,task_08_train_00061,stream
8,A_1_long_gap_recurrence,62,A_1,"{""A_1"":1.0}",long_gap_recurrence,A_1,0.0,64,train,task_08_train_00062,stream
8,A_1_long_gap_recurrence,63,A_1,"{""A_1"":1.0}",long_gap_recurrence,A_1,0.0,64,train,task_08_train_00063,stream
8,A_1_long_gap_recurrence,64,A_1,"{""A_1"":1.0}",long_gap_recurrence,A_1,0.0,64,train,task_08_train_00064,stream
8,A_1_long_gap_recurrence,65,A_1,"{""A_1"":1.0}",long_gap_recurrence,A_1,0.0,64,train,task_08_train_00065,stream
8,A_1_long_gap_recurrence,66,A_1,"{""A_1"":1.0}",long_gap_recurrence,A_1,0.0,64,train,task_08_train_00066,stream
8,A_1_long_gap_recurrence,67,A_1,"{""A_1"":1.0}",long_gap_recurrence,A_1,0.0,64,train,task_08_train_00067,stream
8,A_1_long_gap_recurrence,68,A_1,"{""A_1"":1.0}",long_gap_recurrence,A_1,0.0,64,train,task_08_train_00068,stream
8,A_1_long_gap_recurrence,69,A_1,"{""A_1"":1.0}",long_gap_recurrence,A_1,0.0,64,train,task_08_train_00069,stream
8,A_1_long_gap_recurrence,70,A_1,"{""A_1"":1.0}",long_gap_recurrence,A_1,0.0,64,train,task_08_train_00070,stream
8,A_1_long_gap_recurrence,71,A_1,"{""A_1"":1.0}",long_gap_recurrence,A_1,0.0,64,train,task_08_train_00071,stream
8,A_1_long_gap_recurrence,72,A_1,"{""A_1"":1.0}",long_gap_recurrence,A_1,0.0,64,train,task_08_train_00072,stream
8,A_1_long_gap_recurrence,73,A_1,"{""A_1"":1.0}",long_gap_recurrence,A_1,0.0,64,train,task_08_train_00073,stream
8,A_1_long_gap_recurrence,74,A_1,"{""A_1"":1.0}",long_gap_recurrence,A_1,0.0,64,train,task_08_train_00074,stream
8,A_1_long_gap_recurrence,75,A_1,"{""A_1"":1.0}",long_gap_recurrence,A_1,0.0,64,train,task_08_train_00075,stream
8,A_1_long_gap_recurrence,76,A_1,"{""A_1"":1.0}",long_gap_recurrence,A_1,0.0,64,train,task_08_train_00076,stream
8,A_1_long_gap_recurrence,77,A_1,"{""A_1"":1.0}",long_gap_recurrence,A_1,0.0,64,train,task_08_train_00077,stream
8,A_1_long_gap_recurrence,78,A_1,"{""A_1"":1.0}",long_gap_recurrence,A_1,0.0,64,train,task_08_train_00078,stream
8,A_1_long_gap_recurrence,79,A_1,"{""A_1"":1.0}",long_gap_recurrence,A_1,0.0,64,train,task_08_train_00079,stream
8,A_1_long_gap_recurrence,80,A_1,"{""A_1"":1.0}",long_gap_recurrence,A_1,0.0,64,train,task_08_train_00080,stream
8,A_1_long_gap_recurrence,81,A_1,"{""A_1"":1.0}",long_gap_recurrence,A_1,0.0,64,train,task_08_train_00081,stream
8,A_1_long_gap_recurrence,82,A_1,"{""A_1"":1.0}",long_gap_recurrence,A_1,0.0,64,train,task_08_train_00082,stream
8,A_1_long_gap_recurrence,83,A_1,"{""A_1"":1.0}",long_gap_recurrence,A_1,0.0,64,train,task_08_train_00083,stream
8,A_1_long_gap_recurrence,84,A_1,"{""A_1"":1.0}",long_gap_recurrence,A_1,0.0,64,train,task_08_train_00084,stream
8,A_1_long_gap_recurrence,85,A_1,"{""A_1"":1.0}",long_gap_recurrence,A_1,0.0,64,train,task_08_train_00085,stream
8,A_1_long_gap_recurrence,86,A_1,"{""A_1"":1.0}",long_gap_recurrence,A_1,0.0,64,train,task_08_train_00086,stream
8,A_1_long_gap_recurrence,87,A_1,"{""A_1"":1.0}",long_gap_recurrence,A_1,0.0,64,train,task_08_train_00087,stream
8,A_1_long_gap_recurrence,88,A_1,"{""A_1"":1.0}",long_gap_recurrence,A_1,0.0,64,train,task_08_train_00088,stream
8,A_1_long_gap_recurrence,89,A_1,"{""A_1"":1.0}",long_gap_recurrence,A_1,0.0,64,train,task_08_train_00089,stream
8,A_1_long_gap_recurrence,90,A_1,"{""A_1"":1.0}",long_gap_recurrence,A_1,0.0,64,train,task_08_train_00090,stream
8,A_1_long_gap_recurrence,91,A_1,"{""A_1"":1.0}",long_gap_recurrence,A_1,0.0,64,train,task_08_train_00091,stream
8,A_1_long_gap_recurrence,92,A_1,"{""A_1"":1.0}",long_gap_recurrence,A_1,0.0,64,train,task_08_train_00092,stream
8,A_1_long_gap_recurrence,93,A_1,"{""A_1"":1.0}",long_gap_recurrence,A_1,0.0,64,train,task_08_train_00093,stream
8,A_1_long_gap_recurrence,94,A_1,"{""A_1"":1.0}",long_gap_recurrence,A_1,0.0,64,train,task_08_train_00094,stream
8,A_1_long_gap_recurrence,95,A_1,"{""A_1"":1.0}",long_gap_recurrence,A_1,0.0,64,train,task_08_train_00095,stream
8,A_1_long_gap_recurrence,96,A_1,"{""A_1"":1.0}",long_gap_recurrence,A_1,0.0,64,train,task_08_train_00096,stream
8,A_1_long_gap_recurrence,97,A_1,"{""A_1"":1.0}",long_gap_recurrence,A_1,0.0,64,train,task_08_train_00097,stream
8,A_1_long_gap_recurrence,98,A_1,"{""A_1"":1.0}",long_gap_recurrence,A_1,0.0,64,train,task_08_train_00098,stream
8,A_1_long_gap_recurrence,99,A_1,"{""A_1"":1.0}",long_gap_recurrence,A_1,0.0,64,train,task_08_train_00099,stream
8,A_1_long_gap_recurrence,100,A_1,"{""A_1"":1.0}",long_gap_recurrence,A_1,0.0,64,train,task_08_train_00100,stream
8,A_1_long_gap_recurrence,101,A_1,"{""A_1"":1.0}",long_gap_recurrence,A_1,0.0,64,train,task_08_train_00101,stream
8,A_1_long_gap_recurrence,102,A_1,"{""A_1"":1.0}",long_gap_recurrence,A_1,0.0,64,train,task_08_train_00102,stream
8,A_1_long_gap_recurrence,103,A_1,"{""A_1"":1.0}",long_gap_recurrence,A_1,0.0,64,train,task_08_train_00103,stream
8,A_1_long_gap_recurrence,104,A_1,"{""A_1"":1.0}",long_gap_recurrence,A_1,0.0,64,train,task_08_train_00104,stream
8,A_1_long_gap_recurrence,105,A_1,"{""A_1"":1.0}",long_gap_recurrence,A_1,0.0,64,train,task_08_train_00105,stream
8,A_1_long_gap_recurrence,106,A_1,"{""A_1"":1.0}",long_gap_recurrence,A_1,0.0,64,train,task_08_train_00106,stream
8,A_1_long_gap_recurrence,107,A_1,"{""A_1"":1.0}",long_gap_recurrence,A_1,0.0,64,train,task_08_train_00107,stream
8,A_1_long_gap_recurrence,108,A_1,"{""A_1"":1.0}",long_gap_recurrence,A_1,0.0,64,train,task_08_train_00108,stream
8,A_1_long_gap_recurrence,109,A_1,"{""A_1"":1.0}",long_gap_recurrence,A_1,0.0,64,train,task_08_train_00109,stream
8,A_1_long_gap_recurrence,110,A_1,"{""A_1"":1.0}",long_gap_recurrence,A_1,0.0,64,train,task_08_train_00110,stream
8,A_1_long_gap_recurrence,111,A_1,"{""A_1"":1.0}",long_gap_recurrence,A_1,0.0,64,train,task_08_train_00111,stream
8,A_1_long_gap_recurrence,112,A_1,"{""A_1"":1.0}",long_gap_recurrence,A_1,0.0,64,train,task_08_train_00112,stream
8,A_1_long_gap_recurrence,113,A_1,"{""A_1"":1.0}",long_gap_recurrence,A_1,0.0,64,train,task_08_train_00113,stream
8,A_1_long_gap_recurrence,114,A_1,"{""A_1"":1.0}",long_gap_recurrence,A_1,0.0,64,train,task_08_train_00114,stream
8,A_1_long_gap_recurrence,115,A_1,"{""A_1"":1.0}",long_gap_recurrence,A_1,0.0,64,train,task_08_train_00115,stream
8,A_1_long_gap_recurrence,116,A_1,"{""A_1"":1.0}",long_gap_recurrence,A_1,0.0,64,train,task_08_train_00116,stream
8,A_1_long_gap_recurrence,117,A_1,"{""A_1"":1.0}",long_gap_recurrence,A_1,0.0,64,train,task_08_train_00117,stream
8,A_1_long_gap_recurrence,118,A_1,"{""A_1"":1.0}",long_gap_recurrence,A_1,0.0,64,train,task_08_train_00118,stream
8,A_1_long_gap_recurrence,119,A_1,"{""A_1"":1.0}",long_gap_recurrence,A_1,0.0,64,train,task_08_train_00119,stream
8,A_1_long_gap_recurrence,120,A_1,"{""A_1"":1.0}",long_gap_recurrence,A_1,0.0,64,train,task_08_train_00120,stream
8,A_1_long_gap_recurrence,121,A_1,"{""A_1"":1.0}",long_gap_recurrence,A_1,0.0,64,train,task_08_train_00121,stream
8,A_1_long_gap_recurrence,122,A_1,"{""A_1"":1.0}",long_gap_recurrence,A_1,0.0,64,train,task_08_train_00122,stream
8,A_1_long_gap_recurrence,123,A_1,"{""A_1"":1.0}",long_gap_recurrence,A_1,0.0,64,train,task_08_train_00123,stream
8,A_1_long_gap_recurrence,124,A_1,"{""A_1"":1.0}",long_gap_recurrence,A_1,0.0,64,train,task_08_train_00124,stream
8,A_1_long_gap_recurrence,125,A_1,"{""A_1"":1.0}",long_gap_recurrence,A_1,0.0,64,train,task_08_train_00125,stream
8,A_1_long_gap_recurrence,126,A_1,"{""A_1"":1.0}",long_gap_recurrence,A_1,0.0,64,train,task_08_train_00126,stream
8,A_1_long_gap_recurrence,127,A_1,"{""A_1"":1.0}",long_gap_recurrence,A_1,0.0,64,train,task_08_train_00127,stream
8,A_1_long_gap_recurrence,0,A_1,"{""A_1"":1.0}",long_gap_recurrence,A_1,0.0,64,val,task_08_val_00000,stream
8,A_1_long_gap_recurrence,1,A_1,"{""A_1"":1.0}",long_gap_recurrence,A_1,0.0,64,val,task_08_val_00001,stream
8,A_1_long_gap_recurrence,2,A_1,"{""A_1"":1.0}",long_gap_recurrence,A_1,0.0,64,val,task_08_val_00002,stream
8,A_1_long_gap_recurrence,3,A_1,"{""A_1"":1.0}",long_gap_recurrence,A_1,0.0,64,val,task_08_val_00003,stream
8,A_1_long_gap_recurrence,4,A_1,"{""A_1"":1.0}",long_gap_recurrence,A_1,0.0,64,val,task_08_val_00004,stream
8,A_1_long_gap_recurrence,5,A_1,"{""A_1"":1.0}",long_gap_recurrence,A_1,0.0,64,val,task_08_val_00005,stream
8,A_1_long_gap_recurrence,6,A_1,"{""A_1"":1.0}",long_gap_recurrence,A_1,0.0,64,val,task_08_val_00006,stream
8,A_1_long_gap_recurrence,7,A_1,"{""A_1"":1.0}",long_gap_recurrence,A_1,0.0,64,val,task_08_val_00007,stream
8,A_1_long_gap_recurrence,8,A_1,"{""A_1"":1.0}",long_gap_recurrence,A_1,0.0,64,val,task_08_val_00008,stream
8,A_1_long_gap_recurrence,9,A_1,"{""A_1"":1.0}",long_gap_recurrence,A_1,0.0,64,val,task_08_val_00009,stream
8,A_1_long_gap_recurrence,10,A_1,"{""A_1"":1.0}",long_gap_recurrence,A_1,0.0,64,val,task_08_val_00010,stream
8,A_1_long_gap_recurrence,11,A_1,"{""A_1"":1.0}",long_gap_recurrence,A_1,0.0,64,val,task_08_val_00011,stream
8,A_1_long_gap_recurrence,12,A_1,"{""A_1"":1.0}",long_gap_recurrence,A_1,0.0,64,val,task_08_val_00012,stream
8,A_1_long_gap_recurrence,13,A_1,"{""A_1"":1.0}",long_gap_recurrence,A_1,0.0,64,val,task_08_val_00013,stream
8,A_1_long_gap_recurrence,14,A_1,"{""A_1"":1.0}",long_gap_recurrence,A_1,0.0,64,val,task_08_val_00014,stream
8,A_1_long_gap_recurrence,15,A_1,"{""A_1"":1.0}",long_gap_recurrence,A_1,0.0,64,val,task_08_val_00015,stream
8,A_1_long_gap_recurrence,16,A_1,"{""A_1"":1.0}",long_gap_recurrence,A_1,0.0,64,val,task_08_val_00016,stream
8,A_1_long_gap_recurrence,17,A_1,"{""A_1"":1.0}",long_gap_recurrence,A_1,0.0,64,val,task_08_val_00017,stream
8,A_1_long_gap_recurrence,18,A_1,"{""A_1"":1.0}",long_gap_recurrence,A_1,0.0,64,val,task_08_val_00018,stream
8,A_1_long_gap_recurrence,19,A_1,"{""A_1"":1.0}",long_gap_recurrence,A_1,0.0,64,val,task_08_val_00019,stream
8,A_1_long_gap_recurrence,20,A_1,"{""A_1"":1.0}",long_gap_recurrence,A_1,0.0,64,val,task_08_val_00020,stream
8,A_1_long_gap_recurrence,21,A_1,"{""A_1"":1.0}",long_gap_recurrence,A_1,0.0,64,val,task_08_val_00021,stream
8,A_1_long_gap_recurrence,22,A_1,"{""A_1"":1.0}",long_gap_recurrence,A_1,0.0,64,val,task_08_val_00022,stream
8,A_1_long_gap_recurrence,23,A_1,"{""A_1"":1.0}",long_gap_recurrence,A_1,0.0,64,val,task_08_val_00023,stream
8,A_1_long_gap_recurrence,24,A_1,"{""A_1"":1.0}",long_gap_recurrence,A_1,0.0,64,val,task_08_val_00024,stream
8,A_1_long_gap_recurrence,25,A_1,"{""A_1"":1.0}",long_gap_recurrence,A_1,0.0,64,val,task_08_val_00025,stream
8,A_1_long_gap_recurrence,26,A_1,"{""A_1"":1.0}",long_gap_recurrence,A_1,0.0,64,val,task_08_val_00026,stream
8,A_1_long_gap_recurrence,27,A_1,"{""A_1"":1.0}",long_gap_recurrence,A_1,0.0,64,val,task_08_val_00027,stream
8,A_1_long_gap_recurrence,28,A_1,"{""A_1"":1.0}",long_gap_recurrence,A_1,0.0,64,val,task_08_val_00028,stream
8,A_1_long_gap_recurrence,29,A_1,"{""A_1"":1.0}",long_gap_recurrence,A_1,0.0,64,val,task_08_val_00029,stream
8,A_1_long_gap_recurrence,30,A_1,"{""A_1"":1.0}",long_gap_recurrence,A_1,0.0,64,val,task_08_val_00030,stream
8,A_1_long_gap_recurrence,31,A_1,"{""A_1"":1.0}",long_gap_recurrence,A_1,0.0,64,val,task_08_val_00031,stream
8,A_1_long_gap_recurrence,0,A_1,"{""A_1"":1.0}",long_gap_recurrence,A_1,0.0,64,test,task_08_test_00000,stream
8,A_1_long_gap_recurrence,1,A_1,"{""A_1"":1.0}",long_gap_recurrence,A_1,0.0,64,test,task_08_test_00001,stream
8,A_1_long_gap_recurrence,2,A_1,"{""A_1"":1.0}",long_gap_recurrence,A_1,0.0,64,test,task_08_test_00002,stream
8,A_1_long_gap_recurrence,3,A_1,"{""A_1"":1.0}",long_gap_recurrence,A_1,0.0,64,test,task_08_test_00003,stream
8,A_1_long_gap_recurrence,4,A_1,"{""A_1"":1.0}",long_gap_recurrence,A_1,0.0,64,test,task_08_test_00004,stream
8,A_1_long_gap_recurrence,5,A_1,"{""A_1"":1.0}",long_gap_recurrence,A_1,0.0,64,test,task_08_test_00005,stream
8,A_1_long_gap_recurrence,6,A_1,"{""A_1"":1.0}",long_gap_recurrence,A_1,0.0,64,test,task_08_test_00006,stream
8,A_1_long_gap_recurrence,7,A_1,"{""A_1"":1.0}",long_gap_recurrence,A_1,0.0,64,test,task_08_test_00007,stream
8,A_1_long_gap_recurrence,8,A_1,"{""A_1"":1.0}",long_gap_recurrence,A_1,0.0,64,test,task_08_test_00008,stream
8,A_1_long_gap_recurrence,9,A_1,"{""A_1"":1.0}",long_gap_recurrence,A_1,0.0,64,test,task_08_test_00009,stream
8,A_1_long_gap_recurrence,10,A_1,"{""A_1"":1.0}",long_gap_recurrence,A_1,0.0,64,test,task_08_test_00010,stream
8,A_1_long_gap_recurrence,11,A_1,"{""A_1"":1.0}",long_gap_recurrence,A_1,0.0,64,test,task_08_test_00011,stream
8,A_1_long_gap_recurrence,12,A_1,"{""A_1"":1.0}",long_gap_recurrence,A_1,0.0,64,test,task_08_test_00012,stream
8,A_1_long_gap_recurrence,13,A_1,"{""A_1"":1.0}",long_gap_recurrence,A_1,0.0,64,test,task_08_test_00013,stream
8,A_1_long_gap_recurrence,14,A_1,"{""A_1"":1.0}",long_gap_recurrence,A_1,0.0,64,test,task_08_test_00014,stream
8,A_1_long_gap_recurrence,15,A_1,"{""A_1"":1.0}",long_gap_recurrence,A_1,0.0,64,test,task_08_test_00015,stream
8,A_1_long_gap_recurrence,16,A_1,"{""A_1"":1.0}",long_gap_recurrence,A_1,0.0,64,test,task_08_test_00016,stream
8,A_1_long_gap_recurrence,17,A_1,"{""A_1"":1.0}",long_gap_recurrence,A_1,0.0,64,test,task_08_test_00017,stream
8,A_1_long_gap_recurrence,18,A_1,"{""A_1"":1.0}",long_gap_recurrence,A_1,0.0,64,test,task_08_test_00018,stream
8,A_1_long_gap_recurrence,19,A_1,"{""A_1"":1.0}",long_gap_recurrence,A_1,0.0,64,test,task_08_test_00019,stream
8,A_1_long_gap_recurrence,20,A_1,"{""A_1"":1.0}",long_gap_recurrence,A_1,0.0,64,test,task_08_test_00020,stream
8,A_1_long_gap_recurrence,21,A_1,"{""A_1"":1.0}",long_gap_recurrence,A_1,0.0,64,test,task_08_test_00021,stream
8,A_1_long_gap_recurrence,22,A_1,"{""A_1"":1.0}",long_gap_recurrence,A_1,0.0,64,test,task_08_test_00022,stream
8,A_1_long_gap_recurrence,23,A_1,"{""A_1"":1.0}",long_gap_recurrence,A_1,0.0,64,test,task_08_test_00023,stream
8,A_1_long_gap_recurrence,24,A_1,"{""A_1"":1.0}",long_gap_recurrence,A_1,0.0,64,test,task_08_test_00024,stream
8,A_1_long_gap_recurrence,25,A_1,"{""A_1"":1.0}",long_gap_recurrence,A_1,0.0,64,test,task_08_test_00025,stream
8,A_1_long_gap_recurrence,26,A_1,"{""A_1"":1.0}",long_gap_recurrence,A_1,0.0,64,test,task_08_test_00026,stream
8,A_1_long_gap_recurrence,27,A_1,"{""A_1"":1.0}",long_gap_recurrence,A_1,0.0,64,test,task_08_test_00027,stream
8,A_1_long_gap_recurrence,28,A_1,"{""A_1"":1.0}",long_gap_recurrence,A_1,0.0,64,test,task_08_test_00028,stream
8,A_1_long_gap_recurrence,29,A_1,"{""A_1"":1.0}",long_gap_recurrence,A_1,0.0,64,test,task_08_test_00029,stream
8,A_1_long_gap_recurrence,30,A_1,"{""A_1"":1.0}",long_gap_recurrence,A_1,0.0,64,test,task_08_test_00030,stream
8,A_1_long_gap_recurrence,31,A_1,"{""A_1"":1.0}",long_gap_recurrence,A_1,0.0,64,test,task_08_test_00031,stream
9,E_B_mixture,0,B_1,"{""E_1"":0.7,""B_1"":0.3}",mixture,,0.0,64,train,task_09_train_00000,stream
9,E_B_mixture,1,B_1,"{""E_1"":0.7,""B_1"":0.3}",mixture,,0.0,64,train,task_09_train_00001,stream
9,E_B_mixture,2,B_1,"{""E_1"":0.7,""B_1"":0.3}",mixture,,0.0,64,train,task_09_train_00002,stream
9,E_B_mixture,3,B_1,"{""E_1"":0.7,""B_1"":0.3}",mixture,,0.0,64,train,task_09_train_00003,stream
9,E_B_mixture,4,E_1,"{""E_1"":0.7,""B_1"":0.3}",mixture,,0.0,64,train,task_09_train_00004,stream
9,E_B_mixture,5,E_1,"{""E_1"":0.7,""B_1"":0.3}",mixture,,0.0,64,train,task_09_train_00005,stream
9,E_B_mixture,6,B_1,"{""E_1"":0.7,""B_1"":0.3}",mixture,,0.0,64,train,task_09_train_00006,stream
9,E_B_mixture,7,B_1,"{""E_1"":0.7,""B_1"":0.3}",mixture,,0.0,64,train,task_09_train_00007,stream
9,E_B_mixture,8,E_1,"{""E_1"":0.7,""B_1"":0.3}",mixture,,0.0,64,train,task_09_train_00008,stream
9,E_B_mixture,9,E_1,"{""E_1"":0.7,""B_1"":0.3}",mixture,,0.0,64,train,task_09_train_00009,stream
9,E_B_mixture,10,E_1,"{""E_1"":0.7,""B_1"":0.3}",mixture,,0.0,64,train,task_09_train_00010,stream
9,E_B_mixture,11,B_1,"{""E_1"":0.7,""B_1"":0.3}",mixture,,0.0,64,train,task_09_train_00011,stream
9,E_B_mixture,12,E_1,"{""E_1"":0.7,""B_1"":0.3}",mixture,,0.0,64,train,task_09_train_00012,stream
9,E_B_mixture,13,E_1,"{""E_1"":0.7,""B_1"":0.3}",mixture,,0.0,64,train,task_09_train_00013,stream
9,E_B_mixture,14,E_1,"{""E_1"":0.7,""B_1"":0.3}",mixture,,0.0,64,train,task_09_train_00014,stream
9,E_B_mixture,15,E_1,"{""E_1"":0.7,""B_1"":0.3}",mixture,,0.0,64,train,task_09_train_00015,stream
9,E_B_mixture,16,B_1,"{""E_1"":0.7,""B_1"":0.3}",mixture,,0.0,64,train,task_09_train_00016,stream
9,E_B_mixture,17,B_1,"{""E_1"":0.7,""B_1"":0.3}",mixture,,0.0,64,train,task_09_train_00017,stream
9,E_B_mixture,18,B_1,"{""E_1"":0.7,""B_1"":0.3}",mixture,,0.0,64,train,task_09_train_00018,stream
9,E_B_mixture,19,E_1,"{""E_1"":0.7,""B_1"":0.3}",mixture,,0.0,64,train,task_09_train_00019,stream
9,E_B_mixture,20,E_1,"{""E_1"":0.7,""B_1"":0.3}",mixture,,0.0,64,train,task_09_train_00020,stream
9,E_B_mixture,21,B_1,"{""E_1"":0.7,""B_1"":0.3}",mixture,,0.0,64,train,task_09_train_00021,stream
9,E_B_mixture,22,E_1,"{""E_1"":0.7,""B_1"":0.3}",mixture,,0.0,64,train,task_09_train_00022,stream
9,E_B_mixture,23,E_1,"{""E_1"":0.7,""B_1"":0.3}",mixture,,0.0,64,train,task_09_train_00023,stream
9,E_B_mixture,24,E_1,"{""E_1"":0.7,""B_1"":0.3}",mixture,,0.0,64,train,task_09_train_00024,stream
9,E_B_mixture,25,B_1,"{""E_1"":0.7,""B_1"":0.3}",mixture,,0.0,64,train,task_09_train_00025,stream
9,E_B_mixture,26,B_1,"{""E_1"":0.7,""B_1"":0.3}",mixture,,0.0,64,train,task_09_train_00026,stream
9,E_B_mixture,27,B_1,"{""E_1"":0.7,""B_1"":0.3}",mixture,,0.0,64,train,task_09_train_00027,stream
9,E_B_mixture,28,E_1,"{""E_1"":0.7,""B_1"":0.3}",mixture,,0.0,64,train,task_09_train_00028,stream
9,E_B_mixture,29,E_1,"{""E_1"":0.7,""B_1"":0.3}",mixture,,0.0,64,train,task_09_train_00029,stream
9,E_B_mixture,30,B_1,"{""E_1"":0.7,""B_1"":0.3}",mixture,,0.0,64,train,task_09_train_00030,stream
9,E_B_mixture,31,E_1,"{""E_1"":0.7,""B_1"":0.3}",mixture,,0.0,64,train,task_09_train_00031,stream
9,E_B_mixture,32,B_1,"{""E_1"":0.7,""B_1"":0.3}",mixture,,0.0,64,train,task_09_train_00032,stream
9,E_B_mixture,33,E_1,"{""E_1"":0.7,""B_1"":0.3}",mixture,,0.0,64,train,task_09_train_00033,stream
9,E_B_mixture,34,B_1,"{""E_1"":0.7,""B_1"":0.3}",mixture,,0.0,64,train,task_09_train_00034,stream
9,E_B_mixture,35,E_1,"{""E_1"":0.7,""B_1"":0.3}",mixture,,0.0,64,train,task_09_train_00035,stream
9,E_B_mixture,36,E_1,"{""E_1"":0.7,""B_1"":0.3}",mixture,,0.0,64,train,task_09_train_00036,stream
9,E_B_mixture,37,E_1,"{""E_1"":0.7,""B_1"":0.3}",mixture,,0.0,64,train,task_09_train_00037,stream
9,E_B_mixture,38,E_1,"{""E_1"":0.7,""B_1"":0.3}",mixture,,0.0,64,train,task_09_train_00038,stream
9,E_B_mixture,39,B_1,"{""E_1"":0.7,""B_1"":0.3}",mixture,,0.0,64,train,task_09_train_00039,stream
9,E_B_mixture,40,B_1,"{""E_1"":0.7,""B_1"":0.3}",mixture,,0.0,64,train,task_09_train_00040,stream
9,E_B_mixture,41,B_1,"{""E_1"":0.7,""B_1"":0.3}",mixture,,0.0,64,train,task_09_train_00041,stream
9,E_B_mixture,42,E_1,"{""E_1"":0.7,""B_1"":0.3}",mixture,,0.0,64,train,task_09_train_00042,stream
9,E_B_mixture,43,E_1,"{""E_1"":0.7,""B_1"":0.3}",mixture,,0.0,64,train,task_09_train_00043,stream
9,E_B_mixture,44,E_1,"{""E_1"":0.7,""B_1"":0.3}",mixture,,0.0,64,train,task_09_train_00044,stream
9,E_B_mixture,45,E_1,"{""E_1"":0.7,""B_1"":0.3}",mixture,,0.0,64,train,task_09_train_00045,stream
9,E_B_mixture,46,E_1,"{""E_1"":0.7,""B_1"":0.3}",mixture,,0.0,64,train,task_09_train_00046,stream
9,E_B_mixture,47,E_1,"{""E_1"":0.7,""B_1"":0.3}",mixture,,0.0,64,train,task_09_train_00047,stream
9,E_B_mixture,48,B_1,"{""E_1"":0.7,""B_1"":0.3}",mixture,,0.0,64,train,task_09_train_00048,stream
9,E_B_mixture,49,E_1,"{""E_1"":0.7,""B_1"":0.3}",mixture,,0.0,64,train,task_09_train_00049,stream
9,E_B_mixture,50,B_1,"{""E_1"":0.7,""B_1"":0.3}",mixture,,0.0,64,train,task_09_train_00050,stream
9,E_B_mixture,51,E_1,"{""E_1"":0.7,""B_1"":0.3}",mixture,,0.0,64,train,task_09_train_00051,stream
9,E_B_mixture,52,E_1,"{""E_1"":0.7,""B_1"":0.3}",mixture,,0.0,64,train,task_09_train_00052,stream
9,E_B_mixture,53,E_1,"{""E_1"":0.7,""B_1"":0.3}",mixture,,0.0,64,train,task_09_train_00053,stream
9,E_B_mixture,54,E_1,"{""E_1"":0.7,""B_1"":0.3}",mixture,,0.0,64,train,task_09_train_00054,stream
9,E_B_mixture,55,E_1,"{""E_1"":0.7,""B_1"":0.3}",mixture,,0.0,64,train,task_09_train_00055,stream
9,E_B_mixture,56,E_1,"{""E_1"":0.7,""B_1"":0.3}",mixture,,0.0,64,train,task_09_train_00056,stream
9,E_B_mixture,57,E_1,"{""E_1"":0.7,""B_1"":0.3}",mixture,,0.0,64,train,task_09_train_00057,stream
9,E_B_mixture,58,B_1,"{""E_1"":0.7,""B_1"":0.3}",mixture,,0.0,64,train,task_09_train_00058,stream
9,E_B_mixture,59,B_1,"{""E_1"":0.7,""B_1"":0.3}",mixture,,0.0,64,train,task_09_train_00059,stream
9,E_B_mixture,60,E_1,"{""E_1"":0.7,""B_1"":0.3}",mixture,,0.0,64,train,task_09_train_00060,stream
9,E_B_mixture,61,B_1,"{""E_1"":0.7,""B_1"":0.3}",mixture,,0.0,64,train,task_09_train_00061,stream
9,E_B_mixture,62,E_1,"{""E_1"":0.7,""B_1"":0.3}",mixture,,0.0,64,train,task_09_train_00062,stream
9,E_B_mixture,63,B_1,"{""E_1"":0.7,""B_1"":0.3}",mixture,,0.0,64,train,task_09_train_00063,stream
9,E_B_mixture,64,E_1,"{""E_1"":0.7,""B_1"":0.3}",mixture,,0.0,64,train,task_09_train_00064,stream
9,E_B_mixture,65,B_1,"{""E_1"":0.7,""B_1"":0.3}",mixture,,0.0,64,train,task_09_train_00065,stream
9,E_B_mixture,66,E_1,"{""E_1"":0.7,""B_1"":0.3}",mixture,,0.0,64,train,task_09_train_00066,stream
9,E_B_mixture,67,B_1,"{""E_1"":0.7,""B_1"":0.3}",mixture,,0.0,64,train,task_09_train_00067,stream
9,E_B_mixture,68,B_1,"{""E_1"":0.7,""B_1"":0.3}",mixture,,0.0,64,train,task_09_train_00068,stream
9,E_B_mixture,69,E_1,"{""E_1"":0.7,""B_1"":0.3}",mixture,,0.0,64,train,task_09_train_00069,stream
9,E_B_mixture,70,E_1,"{""E_1"":0.7,""B_1"":0.3}",mixture,,0.0,64,train,task_09_train_00070,stream
9,E_B_mixture,71,E_1,"{""E_1"":0.7,""B_1"":0.3}",mixture,,0.0,64,train,task_09_train_00071,stream
9,E_B_mixture,72,B_1,"{""E_1"":0.7,""B_1"":0.3}",mixture,,0.0,64,train,task_09_train_00072,stream
9,E_B_mixture,73,E_1,"{""E_1"":0.7,""B_1"":0.3}",mixture,,0.0,64,train,task_09_train_00073,stream
9,E_B_mixture,74,B_1,"{""E_1"":0.7,""B_1"":0.3}",mixture,,0.0,64,train,task_09_train_00074,stream
9,E_B_mixture,75,B_1,"{""E_1"":0.7,""B_1"":0.3}",mixture,,0.0,64,train,task_09_train_00075,stream
9,E_B_mixture,76,E_1,"{""E_1"":0.7,""B_1"":0.3}",mixture,,0.0,64,train,task_09_train_00076,stream
9,E_B_mixture,77,E_1,"{""E_1"":0.7,""B_1"":0.3}",mixture,,0.0,64,train,task_09_train_00077,stream
9,E_B_mixture,78,E_1,"{""E_1"":0.7,""B_1"":0.3}",mixture,,0.0,64,train,task_09_train_00078,stream
9,E_B_mixture,79,E_1,"{""E_1"":0.7,""B_1"":0.3}",mixture,,0.0,64,train,task_09_train_00079,stream
9,E_B_mixture,80,E_1,"{""E_1"":0.7,""B_1"":0.3}",mixture,,0.0,64,train,task_09_train_00080,stream
9,E_B_mixture,81,E_1,"{""E_1"":0.7,""B_1"":0.3}",mixture,,0.0,64,train,task_09_train_00081,stream
9,E_B_mixture,82,E_1,"{""E_1"":0.7,""B_1"":0.3}",mixture,,0.0,64,train,task_09_train_00082,stream
9,E_B_mixture,83,E_1,"{""E_1"":0.7,""B_1"":0.3}",mixture,,0.0,64,train,task_09_train_00083,stream
9,E_B_mixture,84,B_1,"{""E_1"":0.7,""B_1"":0.3}",mixture,,0.0,64,train,task_09_train_00084,stream
9,E_B_mixture,85,E_1,"{""E_1"":0.7,""B_1"":0.3}",mixture,,0.0,64,train,task_09_train_00085,stream
9,E_B_mixture,86,B_1,"{""E_1"":0.7,""B_1"":0.3}",mixture,,0.0,64,train,task_09_train_00086,stream
9,E_B_mixture,87,E_1,"{""E_1"":0.7,""B_1"":0.3}",mixture,,0.0,64,train,task_09_train_00087,stream
9,E_B_mixture,88,B_1,"{""E_1"":0.7,""B_1"":0.3}",mixture,,0.0,64,train,task_09_train_00088,stream
9,E_B_mixture,89,E_1,"{""E_1"":0.7,""B_1"":0.3}",mixture,,0.0,64,train,task_09_train_00089,stream
9,E_B_mixture,90,B_1,"{""E_1"":0.7,""B_1"":0.3}",mixture,,0.0,64,train,task_09_train_00090,stream
9,E_B_mixture,91,E_1,"{""E_1"":0.7,""B_1"":0.3}",mixture,,0.0,64,train,task_09_train_00091,stream
9,E_B_mixture,92,B_1,"{""E_1"":0.7,""B_1"":0.3}",mixture,,0.0,64,train,task_09_train_00092,stream
9,E_B_mixture,93,B_1,"{""E_1"":0.7,""B_1"":0.3}",mixture,,0.0,64,train,task_09_train_00093,stream
9,E_B_mixture,94,E_1,"{""E_1"":0.7,""B_1"":0.3}",mixture,,0.0,64,train,task_09_train_00094,stream
9,E_B_mixture,95,E_1,"{""E_1"":0.7,""B_1"":0.3}",mixture,,0.0,64,train,task_09_train_00095,stream
9,E_B_mixture,96,E_1,"{""E_1"":0.7,""B_1"":0.3}",mixture,,0.0,64,train,task_09_train_00096,stream
9,E_B_mixture,97,E_1,"{""E_1"":0.7,""B_1"":0.3}",mixture,,0.0,64,train,task_09_train_00097,stream
9,E_B_mixture,98,E_1,"{""E_1"":0.7,""B_1"":0.3}",mixture,,0.0,64,train,task_09_train_00098,stream
9,E_B_mixture,99,E_1,"{""E_1"":0.7,""B_1"":0.3}",mixture,,0.0,64,train,task_09_train_00099,stream
9,E_B_mixture,100,B_1,"{""E_1"":0.7,""B_1"":0.3}",mixture,,0.0,64,train,task_09_train_00100,stream
9,E_B_mixture,101,E_1,"{""E_1"":0.7,""B_1"":0.3}",mixture,,0.0,64,train,task_09_train_00101,stream
9,E_B_mixture,102,E_1,"{""E_1"":0.7,""B_1"":0.3}",mixture,,0.0,64,train,task_09_train_00102,stream
9,E_B_mixture,103,E_1,"{""E_1"":0.7,""B_1"":0.3}",mixture,,0.0,64,train,task_09_train_00103,stream
9,E_B_mixture,104,B_1,"{""E_1"":0.7,""B_1"":0.3}",mixture,,0.0,64,train,task_09_train_00104,stream
9,E_B_mixture,105,E_1,"{""E_1"":0.7,""B_1"":0.3}",mixture,,0.0,64,train,task_09_train_00105,stream
9,E_B_mixture,106,E_1,"{""E_1"":0.7,""B_1"":0.3}",mixture,,0.0,64,train,task_09_train_00106,stream
9,E_B_mixture,107,E_1,"{""E_1"":0.7,""B_1"":0.3}",mixture,,0.0,64,train,task_09_train_00107,stream
9,E_B_mixture,108,B_1,"{""E_1"":0.7,""B_1"":0.3}",mixture,,0.0,64,train,task_09_train_00108,stream
9,E_B_mixture,109,B_1,"{""E_1"":0.7,""B_1"":0.3}",mixture,,0.0,64,train,task_09_train_00109,stream
9,E_B_mixture,110,E_1,"{""E_1"":0.7,""B_1"":0.3}",mixture,,0.0,64,train,task_09_train_00110,stream
9,E_B_mixture,111,E_1,"{""E_1"":0.7,""B_1"":0.3}",mixture,,0.0,64,train,task_09_train_00111,stream
9,E_B_mixture,112,E_1,"{""E_1"":0.7,""B_1"":0.3}",mixture,,0.0,64,train,task_09_train_00112,stream
9,E_B_mixture,113,E_1,"{""E_1"":0.7,""B_1"":0.3}",mixture,,0.0,64,train,task_09_train_00113,stream
9,E_B_mixture,114,E_1,"{""E_1"":0.7,""B_1"":0.3}",mixture,,0.0,64,train,task_09_train_00114,stream
9,E_B_mixture,115,E_1,"{""E_1"":0.7,""B_1"":0.3}",mixture,,0.0,64,train,task_09_train_00115,stream
9,E_B_mixture,116,B_1,"{""E_1"":0.7,""B_1"":0.3}",mixture,,0.0,64,train,task_09_train_00116,stream
9,E_B_mixture,117,B_1,"{""E_1"":0.7,""B_1"":0.3}",mixture,,0.0,64,train,task_09_train_00117,stream
9,E_B_mixture,118,E_1,"{""E_1"":0.7,""B_1"":0.3}",mixture,,0.0,64,train,task_09_train_00118,stream
9,E_B_mixture,119,E_1,"{""E_1"":0.7,""B_1"":0.3}",mixture,,0.0,64,train,task_09_train_00119,stream
9,E_B_mixture,120,E_1,"{""E_1"":0.7,""B_1"":0.3}",mixture,,0.0,64,train,task_09_train_00120,stream
9,E_B_mixture,121,E_1,"{""E_1"":0.7,""B_1"":0.3}",mixture,,0.0,64,train,task_09_train_00121,stream
9,E_B_mixture,122,B_1,"{""E_1"":0.7,""B_1"":0.3}",mixture,,0.0,64,train,task_09_train_00122,stream
9,E_B_mixture,123,E_1,"{""E_1"":0.7,""B_1"":0.3}",mixture,,0.0,64,train,task_09_train_00123,stream
9,E_B_mixture,124,E_1,"{""E_1"":0.7,""B_1"":0.3}",mixture,,0.0,64,train,task_09_train_00124,stream
9,E_B_mixture,125,E_1,"{""E_1"":0.7,""B_1"":0.3}",mixture,,0.0,64,train,task_09_train_00125,stream
9,E_B_mixture,126,B_1,"{""E_1"":0.7,""B_1"":0.3}",mixture,,0.0,64,train,task_09_train_00126,stream
9,E_B_mixture,127,E_1,"{""E_1"":0.7,""B_1"":0.3}",mixture,,0.0,64,train,task_09_train_00127,stream
9,E_B_mixture,0,E_1,"{""E_1"":0.7,""B_1"":0.3}",mixture,,0.0,64,val,task_09_val_00000,stream
9,E_B_mixture,1,B_1,"{""E_1"":0.7,""B_1"":0.3}",mixture,,0.0,64,val,task_09_val_00001,stream
9,E_B_mixture,2,E_1,"{""E_1"":0.7,""B_1"":0.3}",mixture,,0.0,64,val,task_09_val_00002,stream
9,E_B_mixture,3,E_1,"{""E_1"":0.7,""B_1"":0.3}",mixture,,0.0,64,val,task_09_val_00003,stream
9,E_B_mixture,4,E_1,"{""E_1"":0.7,""B_1"":0.3}",mixture,,0.0,64,val,task_09_val_00004,stream
9,E_B_mixture,5,E_1,"{""E_1"":0.7,""B_1"":0.3}",mixture,,0.0,64,val,task_09_val_00005,stream
9,E_B_mixture,6,E_1,"{""E_1"":0.7,""B_1"":0.3}",mixture,,0.0,64,val,task_09_val_00006,stream
9,E_B_mixture,7,E_1,"{""E_1"":0.7,""B_1"":0.3}",mixture,,0.0,64,val,task_09_val_00007,stream
9,E_B_mixture,8,B_1,"{""E_1"":0.7,""B_1"":0.3}",mixture,,0.0,64,val,task_09_val_00008,stream
9,E_B_mixture,9,E_1,"{""E_1"":0.7,""B_1"":0.3}",mixture,,0.0,64,val,task_09_val_00009,stream
9,E_B_mixture,10,E_1,"{""E_1"":0.7,""B_1"":0.3}",mixture,,0.0,64,val,task_09_val_00010,stream
9,E_B_mixture,11,E_1,"{""E_1"":0.7,""B_1"":0.3}",mixture,,0.0,64,val,task_09_val_00011,stream
9,E_B_mixture,12,E_1,"{""E_1"":0.7,""B_1"":0.3}",mixture,,0.0,64,val,task_09_val_00012,stream
9,E_B_mixture,13,E_1,"{""E_1"":0.7,""B_1"":0.3}",mixture,,0.0,64,val,task_09_val_00013,stream
9,E_B_mixture,14,E_1,"{""E_1"":0.7,""B_1"":0.3}",mixture,,0.0,64,val,task_09_val_00014,stream
9,E_B_mixture,15,E_1,"{""E_1"":0.7,""B_1"":0.3}",mixture,,0.0,64,val,task_09_val_00015,stream
9,E_B_mixture,16,E_1,"{""E_1"":0.7,""B_1"":0.3}",mixture,,0.0,64,val,task_09_val_00016,stream
9,E_B_mixture,17,B_1,"{""E_1"":0.7,""B_1"":0.3}",mixture,,0.0,64,val,task_09_val_00017,stream
9,E_B_mixture,18,E_1,"{""E_1"":0.7,""B_1"":0.3}",mixture,,0.0,64,val,task_09_val_00018,stream
9,E_B_mixture,19,E_1,"{""E_1"":0.7,""B_1"":0.3}",mixture,,0.0,64,val,task_09_val_00019,stream
9,E_B_mixture,20,B_1,"{""E_1"":0.7,""B_1"":0.3}",mixture,,0.0,64,val,task_09_val_00020,stream
9,E_B_mixture,21,E_1,"{""E_1"":0.7,""B_1"":0.3}",mixture,,0.0,64,val,task_09_val_00021,stream
9,E_B_mixture,22,E_1,"{""E_1"":0.7,""B_1"":0.3}",mixture,,0.0,64,val,task_09_val_00022,stream
9,E_B_mixture,23,B_1,"{""E_1"":0.7,""B_1"":0.3}",mixture,,0.0,64,val,task_09_val_00023,stream
9,E_B_mixture,24,E_1,"{""E_1"":0.7,""B_1"":0.3}",mixture,,0.0,64,val,task_09_val_00024,stream
9,E_B_mixture,25,E_1,"{""E_1"":0.7,""B_1"":0.3}",mixture,,0.0,64,val,task_09_val_00025,stream
9,E_B_mixture,26,E_1,"{""E_1"":0.7,""B_1"":0.3}",mixture,,0.0,64,val,task_09_val_00026,stream
9,E_B_mixture,27,E_1,"{""E_1"":0.7,""B_1"":0.3}",mixture,,0.0,64,val,task_09_val_00027,stream
9,E_B_mixture,28,E_1,"{""E_1"":0.7,""B_1"":0.3}",mixture,,0.0,64,val,task_09_val_00028,stream
9,E_B_mixture,29,E_1,"{""E_1"":0.7,""B_1"":0.3}",mixture,,0.0,64,val,task_09_val_00029,stream
9,E_B_mixture,30,E_1,"{""E_1"":0.7,""B_1"":0.3}",mixture,,0.0,64,val,task_09_val_00030,stream
9,E_B_mixture,31,E_1,"{""E_1"":0.7,""B_1"":0.3}",mixture,,0.0,64,val,task_09_val_00031,stream
9,E_B_mixture,0,B_1,"{""E_1"":0.7,""B_1"":0.3}",mixture,,0.0,64,test,task_09_test_00000,stream
9,E_B_mixture,1,E_1,"{""E_1"":0.7,""B_1"":0.3}",mixture,,0.0,64,test,task_09_test_00001,stream
9,E_B_mixture,2,E_1,"{""E_1"":0.7,""B_1"":0.3}",mixture,,0.0,64,test,task_09_test_00002,stream
9,E_B_mixture,3,B_1,"{""E_1"":0.7,""B_1"":0.3}",mixture,,0.0,64,test,task_09_test_00003,stream
9,E_B_mixture,4,E_1,"{""E_1"":0.7,""B_1"":0.3}",mixture,,0.0,64,test,task_09_test_00004,stream
9,E_B_mixture,5,B_1,"{""E_1"":0.7,""B_1"":0.3}",mixture,,0.0,64,test,task_09_test_00005,stream
9,E_B_mixture,6,E_1,"{""E_1"":0.7,""B_1"":0.3}",mixture,,0.0,64,test,task_09_test_00006,stream
9,E_B_mixture,7,E_1,"{""E_1"":0.7,""B_1"":0.3}",mixture,,0.0,64,test,task_09_test_00007,stream
9,E_B_mixture,8,B_1,"{""E_1"":0.7,""B_1"":0.3}",mixture,,0.0,64,test,task_09_test_00008,stream
9,E_B_mixture,9,E_1,"{""E_1"":0.7,""B_1"":0.3}",mixture,,0.0,64,test,task_09_test_00009,stream
9,E_B_mixture,10,E_1,"{""E_1"":0.7,""B_1"":0.3}",mixture,,0.0,64,test,task_09_test_00010,stream
9,E_B_mixture,11,B_1,"{""E_1"":0.7,""B_1"":0.3}",mixture,,0.0,64,test,task_09_test_00011,stream
9,E_B_mixture,12,E_1,"{""E_1"":0.7,""B_1"":0.3}",mixture,,0.0,64,test,task_09_test_00012,stream
9,E_B_mixture,13,B_1,"{""E_1"":0.7,""B_1"":0.3}",mixture,,0.0,64,test,task_09_test_00013,stream
9,E_B_mixture,14,E_1,"{""E_1"":0.7,""B_1"":0.3}",mixture,,0.0,64,test,task_09_test_00014,stream
9,E_B_mixture,15,E_1,"{""E_1"":0.7,""B_1"":0.3}",mixture,,0.0,64,test,task_09_test_00015,stream
9,E_B_mixture,16,B_1,"{""E_1"":0.7,""B_1"":0.3}",mixture,,0.0,64,test,task_09_test_00016,stream
9,E_B_mixture,17,E_1,"{""E_1"":0.7,""B_1"":0.3}",mixture,,0.0,64,test,task_09_test_00017,stream
9,E_B_mixture,18,B_1,"{""E_1"":0.7,""B_1"":0.3}",mixture,,0.0,64,test,task_09_test_00018,stream
9,E_B_mixture,19,E_1,"{""E_1"":0.7,""B_1"":0.3}",mixture,,0.0,64,test,task_09_test_00019,stream
9,E_B_mixture,20,E_1,"{""E_1"":0.7,""B_1"":0.3}",mixture,,0.0,64,test,task_09_test_00020,stream
9,E_B_mixture,21,E_1,"{""E_1"":0.7,""B_1"":0.3}",mixture,,0.0,64,test,task_09_test_00021,stream
9,E_B_mixture,22,E_1,"{""E_1"":0.7,""B_1"":0.3}",mixture,,0.0,64,test,task_09_test_00022,stream
9,E_B_mixture,23,E_1,"{""E_1"":0.7,""B_1"":0.3}",mixture,,0.0,64,test,task_09_test_00023,stream
9,E_B_mixture,24,E_1,"{""E_1"":0.7,""B_1"":0.3}",mixture,,0.0,64,test,task_09_test_00024,stream
9,E_B_mixture,25,E_1,"{""E_1"":0.7,""B_1"":0.3}",mixture,,0.0,64,test,task_09_test_00025,stream
9,E_B_mixture,26,B_1,"{""E_1"":0.7,""B_1"":0.3}",mixture,,0.0,64,test,task_09_test_00026,stream
9,E_B_mixture,27,E_1,"{""E_1"":0.7,""B_1"":0.3}",mixture,,0.0,64,test,task_09_test_00027,stream
9,E_B_mixture,28,E_1,"{""E_1"":0.7,""B_1"":0.3}",mixture,,0.0,64,test,task_09_test_00028,stream
9,E_B_mixture,29,E_1,"{""E_1"":0.7,""B_1"":0.3}",mixture,,0.0,64,test,task_09_test_00029,stream
9,E_B_mixture,30,E_1,"{""E_1"":0.7,""B_1"":0.3}",mixture,,0.0,64,test,task_09_test_00030,stream
9,E_B_mixture,31,E_1,"{""E_1"":0.7,""B_1"":0.3}",mixture,,0.0,64,test,task_09_test_00031,stream
anchor,frozen_anchor,0,A_1,"{""A_1"":1.0}",frozen_evaluation,,0.0,64,anchor,anchor_A_1_00000,anchor
anchor,frozen_anchor,1,A_1,"{""A_1"":1.0}",frozen_evaluation,,0.0,64,anchor,anchor_A_1_00001,anchor
anchor,frozen_anchor,2,A_1,"{""A_1"":1.0}",frozen_evaluation,,0.0,64,anchor,anchor_A_1_00002,anchor
anchor,frozen_anchor,3,A_1,"{""A_1"":1.0}",frozen_evaluation,,0.0,64,anchor,anchor_A_1_00003,anchor
anchor,frozen_anchor,4,A_1,"{""A_1"":1.0}",frozen_evaluation,,0.0,64,anchor,anchor_A_1_00004,anchor
anchor,frozen_anchor,5,A_1,"{""A_1"":1.0}",frozen_evaluation,,0.0,64,anchor,anchor_A_1_00005,anchor
anchor,frozen_anchor,6,A_1,"{""A_1"":1.0}",frozen_evaluation,,0.0,64,anchor,anchor_A_1_00006,anchor
anchor,frozen_anchor,7,A_1,"{""A_1"":1.0}",frozen_evaluation,,0.0,64,anchor,anchor_A_1_00007,anchor
anchor,frozen_anchor,8,A_1,"{""A_1"":1.0}",frozen_evaluation,,0.0,64,anchor,anchor_A_1_00008,anchor
anchor,frozen_anchor,9,A_1,"{""A_1"":1.0}",frozen_evaluation,,0.0,64,anchor,anchor_A_1_00009,anchor
anchor,frozen_anchor,10,A_1,"{""A_1"":1.0}",frozen_evaluation,,0.0,64,anchor,anchor_A_1_00010,anchor
anchor,frozen_anchor,11,A_1,"{""A_1"":1.0}",frozen_evaluation,,0.0,64,anchor,anchor_A_1_00011,anchor
anchor,frozen_anchor,12,A_1,"{""A_1"":1.0}",frozen_evaluation,,0.0,64,anchor,anchor_A_1_00012,anchor
anchor,frozen_anchor,13,A_1,"{""A_1"":1.0}",frozen_evaluation,,0.0,64,anchor,anchor_A_1_00013,anchor
anchor,frozen_anchor,14,A_1,"{""A_1"":1.0}",frozen_evaluation,,0.0,64,anchor,anchor_A_1_00014,anchor
anchor,frozen_anchor,15,A_1,"{""A_1"":1.0}",frozen_evaluation,,0.0,64,anchor,anchor_A_1_00015,anchor
anchor,frozen_anchor,16,A_1,"{""A_1"":1.0}",frozen_evaluation,,0.0,64,anchor,anchor_A_1_00016,anchor
anchor,frozen_anchor,17,A_1,"{""A_1"":1.0}",frozen_evaluation,,0.0,64,anchor,anchor_A_1_00017,anchor
anchor,frozen_anchor,18,A_1,"{""A_1"":1.0}",frozen_evaluation,,0.0,64,anchor,anchor_A_1_00018,anchor
anchor,frozen_anchor,19,A_1,"{""A_1"":1.0}",frozen_evaluation,,0.0,64,anchor,anchor_A_1_00019,anchor
anchor,frozen_anchor,20,A_1,"{""A_1"":1.0}",frozen_evaluation,,0.0,64,anchor,anchor_A_1_00020,anchor
anchor,frozen_anchor,21,A_1,"{""A_1"":1.0}",frozen_evaluation,,0.0,64,anchor,anchor_A_1_00021,anchor
anchor,frozen_anchor,22,A_1,"{""A_1"":1.0}",frozen_evaluation,,0.0,64,anchor,anchor_A_1_00022,anchor
anchor,frozen_anchor,23,A_1,"{""A_1"":1.0}",frozen_evaluation,,0.0,64,anchor,anchor_A_1_00023,anchor
anchor,frozen_anchor,24,A_1,"{""A_1"":1.0}",frozen_evaluation,,0.0,64,anchor,anchor_A_1_00024,anchor
anchor,frozen_anchor,25,A_1,"{""A_1"":1.0}",frozen_evaluation,,0.0,64,anchor,anchor_A_1_00025,anchor
anchor,frozen_anchor,26,A_1,"{""A_1"":1.0}",frozen_evaluation,,0.0,64,anchor,anchor_A_1_00026,anchor
anchor,frozen_anchor,27,A_1,"{""A_1"":1.0}",frozen_evaluation,,0.0,64,anchor,anchor_A_1_00027,anchor
anchor,frozen_anchor,28,A_1,"{""A_1"":1.0}",frozen_evaluation,,0.0,64,anchor,anchor_A_1_00028,anchor
anchor,frozen_anchor,29,A_1,"{""A_1"":1.0}",frozen_evaluation,,0.0,64,anchor,anchor_A_1_00029,anchor
anchor,frozen_anchor,30,A_1,"{""A_1"":1.0}",frozen_evaluation,,0.0,64,anchor,anchor_A_1_00030,anchor
anchor,frozen_anchor,31,A_1,"{""A_1"":1.0}",frozen_evaluation,,0.0,64,anchor,anchor_A_1_00031,anchor
anchor,frozen_anchor,32,A_1,"{""A_1"":1.0}",frozen_evaluation,,0.0,64,anchor,anchor_A_1_00032,anchor
anchor,frozen_anchor,33,A_1,"{""A_1"":1.0}",frozen_evaluation,,0.0,64,anchor,anchor_A_1_00033,anchor
anchor,frozen_anchor,34,A_1,"{""A_1"":1.0}",frozen_evaluation,,0.0,64,anchor,anchor_A_1_00034,anchor
anchor,frozen_anchor,35,A_1,"{""A_1"":1.0}",frozen_evaluation,,0.0,64,anchor,anchor_A_1_00035,anchor
anchor,frozen_anchor,36,A_1,"{""A_1"":1.0}",frozen_evaluation,,0.0,64,anchor,anchor_A_1_00036,anchor
anchor,frozen_anchor,37,A_1,"{""A_1"":1.0}",frozen_evaluation,,0.0,64,anchor,anchor_A_1_00037,anchor
anchor,frozen_anchor,38,A_1,"{""A_1"":1.0}",frozen_evaluation,,0.0,64,anchor,anchor_A_1_00038,anchor
anchor,frozen_anchor,39,A_1,"{""A_1"":1.0}",frozen_evaluation,,0.0,64,anchor,anchor_A_1_00039,anchor
anchor,frozen_anchor,40,A_1,"{""A_1"":1.0}",frozen_evaluation,,0.0,64,anchor,anchor_A_1_00040,anchor
anchor,frozen_anchor,41,A_1,"{""A_1"":1.0}",frozen_evaluation,,0.0,64,anchor,anchor_A_1_00041,anchor
anchor,frozen_anchor,42,A_1,"{""A_1"":1.0}",frozen_evaluation,,0.0,64,anchor,anchor_A_1_00042,anchor
anchor,frozen_anchor,43,A_1,"{""A_1"":1.0}",frozen_evaluation,,0.0,64,anchor,anchor_A_1_00043,anchor
anchor,frozen_anchor,44,A_1,"{""A_1"":1.0}",frozen_evaluation,,0.0,64,anchor,anchor_A_1_00044,anchor
anchor,frozen_anchor,45,A_1,"{""A_1"":1.0}",frozen_evaluation,,0.0,64,anchor,anchor_A_1_00045,anchor
anchor,frozen_anchor,46,A_1,"{""A_1"":1.0}",frozen_evaluation,,0.0,64,anchor,anchor_A_1_00046,anchor
anchor,frozen_anchor,47,A_1,"{""A_1"":1.0}",frozen_evaluation,,0.0,64,anchor,anchor_A_1_00047,anchor
anchor,frozen_anchor,48,A_1,"{""A_1"":1.0}",frozen_evaluation,,0.0,64,anchor,anchor_A_1_00048,anchor
anchor,frozen_anchor,49,A_1,"{""A_1"":1.0}",frozen_evaluation,,0.0,64,anchor,anchor_A_1_00049,anchor
anchor,frozen_anchor,50,A_1,"{""A_1"":1.0}",frozen_evaluation,,0.0,64,anchor,anchor_A_1_00050,anchor
anchor,frozen_anchor,51,A_1,"{""A_1"":1.0}",frozen_evaluation,,0.0,64,anchor,anchor_A_1_00051,anchor
anchor,frozen_anchor,52,A_1,"{""A_1"":1.0}",frozen_evaluation,,0.0,64,anchor,anchor_A_1_00052,anchor
anchor,frozen_anchor,53,A_1,"{""A_1"":1.0}",frozen_evaluation,,0.0,64,anchor,anchor_A_1_00053,anchor
anchor,frozen_anchor,54,A_1,"{""A_1"":1.0}",frozen_evaluation,,0.0,64,anchor,anchor_A_1_00054,anchor
anchor,frozen_anchor,55,A_1,"{""A_1"":1.0}",frozen_evaluation,,0.0,64,anchor,anchor_A_1_00055,anchor
anchor,frozen_anchor,56,A_1,"{""A_1"":1.0}",frozen_evaluation,,0.0,64,anchor,anchor_A_1_00056,anchor
anchor,frozen_anchor,57,A_1,"{""A_1"":1.0}",frozen_evaluation,,0.0,64,anchor,anchor_A_1_00057,anchor
anchor,frozen_anchor,58,A_1,"{""A_1"":1.0}",frozen_evaluation,,0.0,64,anchor,anchor_A_1_00058,anchor
anchor,frozen_anchor,59,A_1,"{""A_1"":1.0}",frozen_evaluation,,0.0,64,anchor,anchor_A_1_00059,anchor
anchor,frozen_anchor,60,A_1,"{""A_1"":1.0}",frozen_evaluation,,0.0,64,anchor,anchor_A_1_00060,anchor
anchor,frozen_anchor,61,A_1,"{""A_1"":1.0}",frozen_evaluation,,0.0,64,anchor,anchor_A_1_00061,anchor
anchor,frozen_anchor,62,A_1,"{""A_1"":1.0}",frozen_evaluation,,0.0,64,anchor,anchor_A_1_00062,anchor
anchor,frozen_anchor,63,A_1,"{""A_1"":1.0}",frozen_evaluation,,0.0,64,anchor,anchor_A_1_00063,anchor
anchor,frozen_anchor,0,B_1,"{""B_1"":1.0}",frozen_evaluation,,0.0,64,anchor,anchor_B_1_00000,anchor
anchor,frozen_anchor,1,B_1,"{""B_1"":1.0}",frozen_evaluation,,0.0,64,anchor,anchor_B_1_00001,anchor
anchor,frozen_anchor,2,B_1,"{""B_1"":1.0}",frozen_evaluation,,0.0,64,anchor,anchor_B_1_00002,anchor
anchor,frozen_anchor,3,B_1,"{""B_1"":1.0}",frozen_evaluation,,0.0,64,anchor,anchor_B_1_00003,anchor
anchor,frozen_anchor,4,B_1,"{""B_1"":1.0}",frozen_evaluation,,0.0,64,anchor,anchor_B_1_00004,anchor
anchor,frozen_anchor,5,B_1,"{""B_1"":1.0}",frozen_evaluation,,0.0,64,anchor,anchor_B_1_00005,anchor
anchor,frozen_anchor,6,B_1,"{""B_1"":1.0}",frozen_evaluation,,0.0,64,anchor,anchor_B_1_00006,anchor
anchor,frozen_anchor,7,B_1,"{""B_1"":1.0}",frozen_evaluation,,0.0,64,anchor,anchor_B_1_00007,anchor
anchor,frozen_anchor,8,B_1,"{""B_1"":1.0}",frozen_evaluation,,0.0,64,anchor,anchor_B_1_00008,anchor
anchor,frozen_anchor,9,B_1,"{""B_1"":1.0}",frozen_evaluation,,0.0,64,anchor,anchor_B_1_00009,anchor
anchor,frozen_anchor,10,B_1,"{""B_1"":1.0}",frozen_evaluation,,0.0,64,anchor,anchor_B_1_00010,anchor
anchor,frozen_anchor,11,B_1,"{""B_1"":1.0}",frozen_evaluation,,0.0,64,anchor,anchor_B_1_00011,anchor
anchor,frozen_anchor,12,B_1,"{""B_1"":1.0}",frozen_evaluation,,0.0,64,anchor,anchor_B_1_00012,anchor
anchor,frozen_anchor,13,B_1,"{""B_1"":1.0}",frozen_evaluation,,0.0,64,anchor,anchor_B_1_00013,anchor
anchor,frozen_anchor,14,B_1,"{""B_1"":1.0}",frozen_evaluation,,0.0,64,anchor,anchor_B_1_00014,anchor
anchor,frozen_anchor,15,B_1,"{""B_1"":1.0}",frozen_evaluation,,0.0,64,anchor,anchor_B_1_00015,anchor
anchor,frozen_anchor,16,B_1,"{""B_1"":1.0}",frozen_evaluation,,0.0,64,anchor,anchor_B_1_00016,anchor
anchor,frozen_anchor,17,B_1,"{""B_1"":1.0}",frozen_evaluation,,0.0,64,anchor,anchor_B_1_00017,anchor
anchor,frozen_anchor,18,B_1,"{""B_1"":1.0}",frozen_evaluation,,0.0,64,anchor,anchor_B_1_00018,anchor
anchor,frozen_anchor,19,B_1,"{""B_1"":1.0}",frozen_evaluation,,0.0,64,anchor,anchor_B_1_00019,anchor
anchor,frozen_anchor,20,B_1,"{""B_1"":1.0}",frozen_evaluation,,0.0,64,anchor,anchor_B_1_00020,anchor
anchor,frozen_anchor,21,B_1,"{""B_1"":1.0}",frozen_evaluation,,0.0,64,anchor,anchor_B_1_00021,anchor
anchor,frozen_anchor,22,B_1,"{""B_1"":1.0}",frozen_evaluation,,0.0,64,anchor,anchor_B_1_00022,anchor
anchor,frozen_anchor,23,B_1,"{""B_1"":1.0}",frozen_evaluation,,0.0,64,anchor,anchor_B_1_00023,anchor
anchor,frozen_anchor,24,B_1,"{""B_1"":1.0}",frozen_evaluation,,0.0,64,anchor,anchor_B_1_00024,anchor
anchor,frozen_anchor,25,B_1,"{""B_1"":1.0}",frozen_evaluation,,0.0,64,anchor,anchor_B_1_00025,anchor
anchor,frozen_anchor,26,B_1,"{""B_1"":1.0}",frozen_evaluation,,0.0,64,anchor,anchor_B_1_00026,anchor
anchor,frozen_anchor,27,B_1,"{""B_1"":1.0}",frozen_evaluation,,0.0,64,anchor,anchor_B_1_00027,anchor
anchor,frozen_anchor,28,B_1,"{""B_1"":1.0}",frozen_evaluation,,0.0,64,anchor,anchor_B_1_00028,anchor
anchor,frozen_anchor,29,B_1,"{""B_1"":1.0}",frozen_evaluation,,0.0,64,anchor,anchor_B_1_00029,anchor
anchor,frozen_anchor,30,B_1,"{""B_1"":1.0}",frozen_evaluation,,0.0,64,anchor,anchor_B_1_00030,anchor
anchor,frozen_anchor,31,B_1,"{""B_1"":1.0}",frozen_evaluation,,0.0,64,anchor,anchor_B_1_00031,anchor
anchor,frozen_anchor,32,B_1,"{""B_1"":1.0}",frozen_evaluation,,0.0,64,anchor,anchor_B_1_00032,anchor
anchor,frozen_anchor,33,B_1,"{""B_1"":1.0}",frozen_evaluation,,0.0,64,anchor,anchor_B_1_00033,anchor
anchor,frozen_anchor,34,B_1,"{""B_1"":1.0}",frozen_evaluation,,0.0,64,anchor,anchor_B_1_00034,anchor
anchor,frozen_anchor,35,B_1,"{""B_1"":1.0}",frozen_evaluation,,0.0,64,anchor,anchor_B_1_00035,anchor
anchor,frozen_anchor,36,B_1,"{""B_1"":1.0}",frozen_evaluation,,0.0,64,anchor,anchor_B_1_00036,anchor
anchor,frozen_anchor,37,B_1,"{""B_1"":1.0}",frozen_evaluation,,0.0,64,anchor,anchor_B_1_00037,anchor
anchor,frozen_anchor,38,B_1,"{""B_1"":1.0}",frozen_evaluation,,0.0,64,anchor,anchor_B_1_00038,anchor
anchor,frozen_anchor,39,B_1,"{""B_1"":1.0}",frozen_evaluation,,0.0,64,anchor,anchor_B_1_00039,anchor
anchor,frozen_anchor,40,B_1,"{""B_1"":1.0}",frozen_evaluation,,0.0,64,anchor,anchor_B_1_00040,anchor
anchor,frozen_anchor,41,B_1,"{""B_1"":1.0}",frozen_evaluation,,0.0,64,anchor,anchor_B_1_00041,anchor
anchor,frozen_anchor,42,B_1,"{""B_1"":1.0}",frozen_evaluation,,0.0,64,anchor,anchor_B_1_00042,anchor
anchor,frozen_anchor,43,B_1,"{""B_1"":1.0}",frozen_evaluation,,0.0,64,anchor,anchor_B_1_00043,anchor
anchor,frozen_anchor,44,B_1,"{""B_1"":1.0}",frozen_evaluation,,0.0,64,anchor,anchor_B_1_00044,anchor
anchor,frozen_anchor,45,B_1,"{""B_1"":1.0}",frozen_evaluation,,0.0,64,anchor,anchor_B_1_00045,anchor
anchor,frozen_anchor,46,B_1,"{""B_1"":1.0}",frozen_evaluation,,0.0,64,anchor,anchor_B_1_00046,anchor
anchor,frozen_anchor,47,B_1,"{""B_1"":1.0}",frozen_evaluation,,0.0,64,anchor,anchor_B_1_00047,anchor
anchor,frozen_anchor,48,B_1,"{""B_1"":1.0}",frozen_evaluation,,0.0,64,anchor,anchor_B_1_00048,anchor
anchor,frozen_anchor,49,B_1,"{""B_1"":1.0}",frozen_evaluation,,0.0,64,anchor,anchor_B_1_00049,anchor
anchor,frozen_anchor,50,B_1,"{""B_1"":1.0}",frozen_evaluation,,0.0,64,anchor,anchor_B_1_00050,anchor
anchor,frozen_anchor,51,B_1,"{""B_1"":1.0}",frozen_evaluation,,0.0,64,anchor,anchor_B_1_00051,anchor
anchor,frozen_anchor,52,B_1,"{""B_1"":1.0}",frozen_evaluation,,0.0,64,anchor,anchor_B_1_00052,anchor
anchor,frozen_anchor,53,B_1,"{""B_1"":1.0}",frozen_evaluation,,0.0,64,anchor,anchor_B_1_00053,anchor
anchor,frozen_anchor,54,B_1,"{""B_1"":1.0}",frozen_evaluation,,0.0,64,anchor,anchor_B_1_00054,anchor
anchor,frozen_anchor,55,B_1,"{""B_1"":1.0}",frozen_evaluation,,0.0,64,anchor,anchor_B_1_00055,anchor
anchor,frozen_anchor,56,B_1,"{""B_1"":1.0}",frozen_evaluation,,0.0,64,anchor,anchor_B_1_00056,anchor
anchor,frozen_anchor,57,B_1,"{""B_1"":1.0}",frozen_evaluation,,0.0,64,anchor,anchor_B_1_00057,anchor
anchor,frozen_anchor,58,B_1,"{""B_1"":1.0}",frozen_evaluation,,0.0,64,anchor,anchor_B_1_00058,anchor
anchor,frozen_anchor,59,B_1,"{""B_1"":1.0}",frozen_evaluation,,0.0,64,anchor,anchor_B_1_00059,anchor
anchor,frozen_anchor,60,B_1,"{""B_1"":1.0}",frozen_evaluation,,0.0,64,anchor,anchor_B_1_00060,anchor
anchor,frozen_anchor,61,B_1,"{""B_1"":1.0}",frozen_evaluation,,0.0,64,anchor,anchor_B_1_00061,anchor
anchor,frozen_anchor,62,B_1,"{""B_1"":1.0}",frozen_evaluation,,0.0,64,anchor,anchor_B_1_00062,anchor
anchor,frozen_anchor,63,B_1,"{""B_1"":1.0}",frozen_evaluation,,0.0,64,anchor,anchor_B_1_00063,anchor
anchor,frozen_anchor,0,C_1,"{""C_1"":1.0}",frozen_evaluation,,0.0,64,anchor,anchor_C_1_00000,anchor
anchor,frozen_anchor,1,C_1,"{""C_1"":1.0}",frozen_evaluation,,0.0,64,anchor,anchor_C_1_00001,anchor
anchor,frozen_anchor,2,C_1,"{""C_1"":1.0}",frozen_evaluation,,0.0,64,anchor,anchor_C_1_00002,anchor
anchor,frozen_anchor,3,C_1,"{""C_1"":1.0}",frozen_evaluation,,0.0,64,anchor,anchor_C_1_00003,anchor
anchor,frozen_anchor,4,C_1,"{""C_1"":1.0}",frozen_evaluation,,0.0,64,anchor,anchor_C_1_00004,anchor
anchor,frozen_anchor,5,C_1,"{""C_1"":1.0}",frozen_evaluation,,0.0,64,anchor,anchor_C_1_00005,anchor
anchor,frozen_anchor,6,C_1,"{""C_1"":1.0}",frozen_evaluation,,0.0,64,anchor,anchor_C_1_00006,anchor
anchor,frozen_anchor,7,C_1,"{""C_1"":1.0}",frozen_evaluation,,0.0,64,anchor,anchor_C_1_00007,anchor
anchor,frozen_anchor,8,C_1,"{""C_1"":1.0}",frozen_evaluation,,0.0,64,anchor,anchor_C_1_00008,anchor
anchor,frozen_anchor,9,C_1,"{""C_1"":1.0}",frozen_evaluation,,0.0,64,anchor,anchor_C_1_00009,anchor
anchor,frozen_anchor,10,C_1,"{""C_1"":1.0}",frozen_evaluation,,0.0,64,anchor,anchor_C_1_00010,anchor
anchor,frozen_anchor,11,C_1,"{""C_1"":1.0}",frozen_evaluation,,0.0,64,anchor,anchor_C_1_00011,anchor
anchor,frozen_anchor,12,C_1,"{""C_1"":1.0}",frozen_evaluation,,0.0,64,anchor,anchor_C_1_00012,anchor
anchor,frozen_anchor,13,C_1,"{""C_1"":1.0}",frozen_evaluation,,0.0,64,anchor,anchor_C_1_00013,anchor
anchor,frozen_anchor,14,C_1,"{""C_1"":1.0}",frozen_evaluation,,0.0,64,anchor,anchor_C_1_00014,anchor
anchor,frozen_anchor,15,C_1,"{""C_1"":1.0}",frozen_evaluation,,0.0,64,anchor,anchor_C_1_00015,anchor
anchor,frozen_anchor,16,C_1,"{""C_1"":1.0}",frozen_evaluation,,0.0,64,anchor,anchor_C_1_00016,anchor
anchor,frozen_anchor,17,C_1,"{""C_1"":1.0}",frozen_evaluation,,0.0,64,anchor,anchor_C_1_00017,anchor
anchor,frozen_anchor,18,C_1,"{""C_1"":1.0}",frozen_evaluation,,0.0,64,anchor,anchor_C_1_00018,anchor
anchor,frozen_anchor,19,C_1,"{""C_1"":1.0}",frozen_evaluation,,0.0,64,anchor,anchor_C_1_00019,anchor
anchor,frozen_anchor,20,C_1,"{""C_1"":1.0}",frozen_evaluation,,0.0,64,anchor,anchor_C_1_00020,anchor
anchor,frozen_anchor,21,C_1,"{""C_1"":1.0}",frozen_evaluation,,0.0,64,anchor,anchor_C_1_00021,anchor
anchor,frozen_anchor,22,C_1,"{""C_1"":1.0}",frozen_evaluation,,0.0,64,anchor,anchor_C_1_00022,anchor
anchor,frozen_anchor,23,C_1,"{""C_1"":1.0}",frozen_evaluation,,0.0,64,anchor,anchor_C_1_00023,anchor
anchor,frozen_anchor,24,C_1,"{""C_1"":1.0}",frozen_evaluation,,0.0,64,anchor,anchor_C_1_00024,anchor
anchor,frozen_anchor,25,C_1,"{""C_1"":1.0}",frozen_evaluation,,0.0,64,anchor,anchor_C_1_00025,anchor
anchor,frozen_anchor,26,C_1,"{""C_1"":1.0}",frozen_evaluation,,0.0,64,anchor,anchor_C_1_00026,anchor
anchor,frozen_anchor,27,C_1,"{""C_1"":1.0}",frozen_evaluation,,0.0,64,anchor,anchor_C_1_00027,anchor
anchor,frozen_anchor,28,C_1,"{""C_1"":1.0}",frozen_evaluation,,0.0,64,anchor,anchor_C_1_00028,anchor
anchor,frozen_anchor,29,C_1,"{""C_1"":1.0}",frozen_evaluation,,0.0,64,anchor,anchor_C_1_00029,anchor
anchor,frozen_anchor,30,C_1,"{""C_1"":1.0}",frozen_evaluation,,0.0,64,anchor,anchor_C_1_00030,anchor
anchor,frozen_anchor,31,C_1,"{""C_1"":1.0}",frozen_evaluation,,0.0,64,anchor,anchor_C_1_00031,anchor
anchor,frozen_anchor,32,C_1,"{""C_1"":1.0}",frozen_evaluation,,0.0,64,anchor,anchor_C_1_00032,anchor
anchor,frozen_anchor,33,C_1,"{""C_1"":1.0}",frozen_evaluation,,0.0,64,anchor,anchor_C_1_00033,anchor
anchor,frozen_anchor,34,C_1,"{""C_1"":1.0}",frozen_evaluation,,0.0,64,anchor,anchor_C_1_00034,anchor
anchor,frozen_anchor,35,C_1,"{""C_1"":1.0}",frozen_evaluation,,0.0,64,anchor,anchor_C_1_00035,anchor
anchor,frozen_anchor,36,C_1,"{""C_1"":1.0}",frozen_evaluation,,0.0,64,anchor,anchor_C_1_00036,anchor
anchor,frozen_anchor,37,C_1,"{""C_1"":1.0}",frozen_evaluation,,0.0,64,anchor,anchor_C_1_00037,anchor
anchor,frozen_anchor,38,C_1,"{""C_1"":1.0}",frozen_evaluation,,0.0,64,anchor,anchor_C_1_00038,anchor
anchor,frozen_anchor,39,C_1,"{""C_1"":1.0}",frozen_evaluation,,0.0,64,anchor,anchor_C_1_00039,anchor
anchor,frozen_anchor,40,C_1,"{""C_1"":1.0}",frozen_evaluation,,0.0,64,anchor,anchor_C_1_00040,anchor
anchor,frozen_anchor,41,C_1,"{""C_1"":1.0}",frozen_evaluation,,0.0,64,anchor,anchor_C_1_00041,anchor
anchor,frozen_anchor,42,C_1,"{""C_1"":1.0}",frozen_evaluation,,0.0,64,anchor,anchor_C_1_00042,anchor
anchor,frozen_anchor,43,C_1,"{""C_1"":1.0}",frozen_evaluation,,0.0,64,anchor,anchor_C_1_00043,anchor
anchor,frozen_anchor,44,C_1,"{""C_1"":1.0}",frozen_evaluation,,0.0,64,anchor,anchor_C_1_00044,anchor
anchor,frozen_anchor,45,C_1,"{""C_1"":1.0}",frozen_evaluation,,0.0,64,anchor,anchor_C_1_00045,anchor
anchor,frozen_anchor,46,C_1,"{""C_1"":1.0}",frozen_evaluation,,0.0,64,anchor,anchor_C_1_00046,anchor
anchor,frozen_anchor,47,C_1,"{""C_1"":1.0}",frozen_evaluation,,0.0,64,anchor,anchor_C_1_00047,anchor
anchor,frozen_anchor,48,C_1,"{""C_1"":1.0}",frozen_evaluation,,0.0,64,anchor,anchor_C_1_00048,anchor
anchor,frozen_anchor,49,C_1,"{""C_1"":1.0}",frozen_evaluation,,0.0,64,anchor,anchor_C_1_00049,anchor
anchor,frozen_anchor,50,C_1,"{""C_1"":1.0}",frozen_evaluation,,0.0,64,anchor,anchor_C_1_00050,anchor
anchor,frozen_anchor,51,C_1,"{""C_1"":1.0}",frozen_evaluation,,0.0,64,anchor,anchor_C_1_00051,anchor
anchor,frozen_anchor,52,C_1,"{""C_1"":1.0}",frozen_evaluation,,0.0,64,anchor,anchor_C_1_00052,anchor
anchor,frozen_anchor,53,C_1,"{""C_1"":1.0}",frozen_evaluation,,0.0,64,anchor,anchor_C_1_00053,anchor
anchor,frozen_anchor,54,C_1,"{""C_1"":1.0}",frozen_evaluation,,0.0,64,anchor,anchor_C_1_00054,anchor
anchor,frozen_anchor,55,C_1,"{""C_1"":1.0}",frozen_evaluation,,0.0,64,anchor,anchor_C_1_00055,anchor
anchor,frozen_anchor,56,C_1,"{""C_1"":1.0}",frozen_evaluation,,0.0,64,anchor,anchor_C_1_00056,anchor
anchor,frozen_anchor,57,C_1,"{""C_1"":1.0}",frozen_evaluation,,0.0,64,anchor,anchor_C_1_00057,anchor
anchor,frozen_anchor,58,C_1,"{""C_1"":1.0}",frozen_evaluation,,0.0,64,anchor,anchor_C_1_00058,anchor
anchor,frozen_anchor,59,C_1,"{""C_1"":1.0}",frozen_evaluation,,0.0,64,anchor,anchor_C_1_00059,anchor
anchor,frozen_anchor,60,C_1,"{""C_1"":1.0}",frozen_evaluation,,0.0,64,anchor,anchor_C_1_00060,anchor
anchor,frozen_anchor,61,C_1,"{""C_1"":1.0}",frozen_evaluation,,0.0,64,anchor,anchor_C_1_00061,anchor
anchor,frozen_anchor,62,C_1,"{""C_1"":1.0}",frozen_evaluation,,0.0,64,anchor,anchor_C_1_00062,anchor
anchor,frozen_anchor,63,C_1,"{""C_1"":1.0}",frozen_evaluation,,0.0,64,anchor,anchor_C_1_00063,anchor
anchor,frozen_anchor,0,D_1,"{""D_1"":1.0}",frozen_evaluation,,0.0,64,anchor,anchor_D_1_00000,anchor
anchor,frozen_anchor,1,D_1,"{""D_1"":1.0}",frozen_evaluation,,0.0,64,anchor,anchor_D_1_00001,anchor
anchor,frozen_anchor,2,D_1,"{""D_1"":1.0}",frozen_evaluation,,0.0,64,anchor,anchor_D_1_00002,anchor
anchor,frozen_anchor,3,D_1,"{""D_1"":1.0}",frozen_evaluation,,0.0,64,anchor,anchor_D_1_00003,anchor
anchor,frozen_anchor,4,D_1,"{""D_1"":1.0}",frozen_evaluation,,0.0,64,anchor,anchor_D_1_00004,anchor
anchor,frozen_anchor,5,D_1,"{""D_1"":1.0}",frozen_evaluation,,0.0,64,anchor,anchor_D_1_00005,anchor
anchor,frozen_anchor,6,D_1,"{""D_1"":1.0}",frozen_evaluation,,0.0,64,anchor,anchor_D_1_00006,anchor
anchor,frozen_anchor,7,D_1,"{""D_1"":1.0}",frozen_evaluation,,0.0,64,anchor,anchor_D_1_00007,anchor
anchor,frozen_anchor,8,D_1,"{""D_1"":1.0}",frozen_evaluation,,0.0,64,anchor,anchor_D_1_00008,anchor
anchor,frozen_anchor,9,D_1,"{""D_1"":1.0}",frozen_evaluation,,0.0,64,anchor,anchor_D_1_00009,anchor
anchor,frozen_anchor,10,D_1,"{""D_1"":1.0}",frozen_evaluation,,0.0,64,anchor,anchor_D_1_00010,anchor
anchor,frozen_anchor,11,D_1,"{""D_1"":1.0}",frozen_evaluation,,0.0,64,anchor,anchor_D_1_00011,anchor
anchor,frozen_anchor,12,D_1,"{""D_1"":1.0}",frozen_evaluation,,0.0,64,anchor,anchor_D_1_00012,anchor
anchor,frozen_anchor,13,D_1,"{""D_1"":1.0}",frozen_evaluation,,0.0,64,anchor,anchor_D_1_00013,anchor
anchor,frozen_anchor,14,D_1,"{""D_1"":1.0}",frozen_evaluation,,0.0,64,anchor,anchor_D_1_00014,anchor
anchor,frozen_anchor,15,D_1,"{""D_1"":1.0}",frozen_evaluation,,0.0,64,anchor,anchor_D_1_00015,anchor
anchor,frozen_anchor,16,D_1,"{""D_1"":1.0}",frozen_evaluation,,0.0,64,anchor,anchor_D_1_00016,anchor
anchor,frozen_anchor,17,D_1,"{""D_1"":1.0}",frozen_evaluation,,0.0,64,anchor,anchor_D_1_00017,anchor
anchor,frozen_anchor,18,D_1,"{""D_1"":1.0}",frozen_evaluation,,0.0,64,anchor,anchor_D_1_00018,anchor
anchor,frozen_anchor,19,D_1,"{""D_1"":1.0}",frozen_evaluation,,0.0,64,anchor,anchor_D_1_00019,anchor
anchor,frozen_anchor,20,D_1,"{""D_1"":1.0}",frozen_evaluation,,0.0,64,anchor,anchor_D_1_00020,anchor
anchor,frozen_anchor,21,D_1,"{""D_1"":1.0}",frozen_evaluation,,0.0,64,anchor,anchor_D_1_00021,anchor
anchor,frozen_anchor,22,D_1,"{""D_1"":1.0}",frozen_evaluation,,0.0,64,anchor,anchor_D_1_00022,anchor
anchor,frozen_anchor,23,D_1,"{""D_1"":1.0}",frozen_evaluation,,0.0,64,anchor,anchor_D_1_00023,anchor
anchor,frozen_anchor,24,D_1,"{""D_1"":1.0}",frozen_evaluation,,0.0,64,anchor,anchor_D_1_00024,anchor
anchor,frozen_anchor,25,D_1,"{""D_1"":1.0}",frozen_evaluation,,0.0,64,anchor,anchor_D_1_00025,anchor
anchor,frozen_anchor,26,D_1,"{""D_1"":1.0}",frozen_evaluation,,0.0,64,anchor,anchor_D_1_00026,anchor
anchor,frozen_anchor,27,D_1,"{""D_1"":1.0}",frozen_evaluation,,0.0,64,anchor,anchor_D_1_00027,anchor
anchor,frozen_anchor,28,D_1,"{""D_1"":1.0}",frozen_evaluation,,0.0,64,anchor,anchor_D_1_00028,anchor
anchor,frozen_anchor,29,D_1,"{""D_1"":1.0}",frozen_evaluation,,0.0,64,anchor,anchor_D_1_00029,anchor
anchor,frozen_anchor,30,D_1,"{""D_1"":1.0}",frozen_evaluation,,0.0,64,anchor,anchor_D_1_00030,anchor
anchor,frozen_anchor,31,D_1,"{""D_1"":1.0}",frozen_evaluation,,0.0,64,anchor,anchor_D_1_00031,anchor
anchor,frozen_anchor,32,D_1,"{""D_1"":1.0}",frozen_evaluation,,0.0,64,anchor,anchor_D_1_00032,anchor
anchor,frozen_anchor,33,D_1,"{""D_1"":1.0}",frozen_evaluation,,0.0,64,anchor,anchor_D_1_00033,anchor
anchor,frozen_anchor,34,D_1,"{""D_1"":1.0}",frozen_evaluation,,0.0,64,anchor,anchor_D_1_00034,anchor
anchor,frozen_anchor,35,D_1,"{""D_1"":1.0}",frozen_evaluation,,0.0,64,anchor,anchor_D_1_00035,anchor
anchor,frozen_anchor,36,D_1,"{""D_1"":1.0}",frozen_evaluation,,0.0,64,anchor,anchor_D_1_00036,anchor
anchor,frozen_anchor,37,D_1,"{""D_1"":1.0}",frozen_evaluation,,0.0,64,anchor,anchor_D_1_00037,anchor
anchor,frozen_anchor,38,D_1,"{""D_1"":1.0}",frozen_evaluation,,0.0,64,anchor,anchor_D_1_00038,anchor
anchor,frozen_anchor,39,D_1,"{""D_1"":1.0}",frozen_evaluation,,0.0,64,anchor,anchor_D_1_00039,anchor
anchor,frozen_anchor,40,D_1,"{""D_1"":1.0}",frozen_evaluation,,0.0,64,anchor,anchor_D_1_00040,anchor
anchor,frozen_anchor,41,D_1,"{""D_1"":1.0}",frozen_evaluation,,0.0,64,anchor,anchor_D_1_00041,anchor
anchor,frozen_anchor,42,D_1,"{""D_1"":1.0}",frozen_evaluation,,0.0,64,anchor,anchor_D_1_00042,anchor
anchor,frozen_anchor,43,D_1,"{""D_1"":1.0}",frozen_evaluation,,0.0,64,anchor,anchor_D_1_00043,anchor
anchor,frozen_anchor,44,D_1,"{""D_1"":1.0}",frozen_evaluation,,0.0,64,anchor,anchor_D_1_00044,anchor
anchor,frozen_anchor,45,D_1,"{""D_1"":1.0}",frozen_evaluation,,0.0,64,anchor,anchor_D_1_00045,anchor
anchor,frozen_anchor,46,D_1,"{""D_1"":1.0}",frozen_evaluation,,0.0,64,anchor,anchor_D_1_00046,anchor
anchor,frozen_anchor,47,D_1,"{""D_1"":1.0}",frozen_evaluation,,0.0,64,anchor,anchor_D_1_00047,anchor
anchor,frozen_anchor,48,D_1,"{""D_1"":1.0}",frozen_evaluation,,0.0,64,anchor,anchor_D_1_00048,anchor
anchor,frozen_anchor,49,D_1,"{""D_1"":1.0}",frozen_evaluation,,0.0,64,anchor,anchor_D_1_00049,anchor
anchor,frozen_anchor,50,D_1,"{""D_1"":1.0}",frozen_evaluation,,0.0,64,anchor,anchor_D_1_00050,anchor
anchor,frozen_anchor,51,D_1,"{""D_1"":1.0}",frozen_evaluation,,0.0,64,anchor,anchor_D_1_00051,anchor
anchor,frozen_anchor,52,D_1,"{""D_1"":1.0}",frozen_evaluation,,0.0,64,anchor,anchor_D_1_00052,anchor
anchor,frozen_anchor,53,D_1,"{""D_1"":1.0}",frozen_evaluation,,0.0,64,anchor,anchor_D_1_00053,anchor
anchor,frozen_anchor,54,D_1,"{""D_1"":1.0}",frozen_evaluation,,0.0,64,anchor,anchor_D_1_00054,anchor
anchor,frozen_anchor,55,D_1,"{""D_1"":1.0}",frozen_evaluation,,0.0,64,anchor,anchor_D_1_00055,anchor
anchor,frozen_anchor,56,D_1,"{""D_1"":1.0}",frozen_evaluation,,0.0,64,anchor,anchor_D_1_00056,anchor
anchor,frozen_anchor,57,D_1,"{""D_1"":1.0}",frozen_evaluation,,0.0,64,anchor,anchor_D_1_00057,anchor
anchor,frozen_anchor,58,D_1,"{""D_1"":1.0}",frozen_evaluation,,0.0,64,anchor,anchor_D_1_00058,anchor
anchor,frozen_anchor,59,D_1,"{""D_1"":1.0}",frozen_evaluation,,0.0,64,anchor,anchor_D_1_00059,anchor
anchor,frozen_anchor,60,D_1,"{""D_1"":1.0}",frozen_evaluation,,0.0,64,anchor,anchor_D_1_00060,anchor
anchor,frozen_anchor,61,D_1,"{""D_1"":1.0}",frozen_evaluation,,0.0,64,anchor,anchor_D_1_00061,anchor
anchor,frozen_anchor,62,D_1,"{""D_1"":1.0}",frozen_evaluation,,0.0,64,anchor,anchor_D_1_00062,anchor
anchor,frozen_anchor,63,D_1,"{""D_1"":1.0}",frozen_evaluation,,0.0,64,anchor,anchor_D_1_00063,anchor
anchor,frozen_anchor,0,E_1,"{""E_1"":1.0}",frozen_evaluation,,0.0,64,anchor,anchor_E_1_00000,anchor
anchor,frozen_anchor,1,E_1,"{""E_1"":1.0}",frozen_evaluation,,0.0,64,anchor,anchor_E_1_00001,anchor
anchor,frozen_anchor,2,E_1,"{""E_1"":1.0}",frozen_evaluation,,0.0,64,anchor,anchor_E_1_00002,anchor
anchor,frozen_anchor,3,E_1,"{""E_1"":1.0}",frozen_evaluation,,0.0,64,anchor,anchor_E_1_00003,anchor
anchor,frozen_anchor,4,E_1,"{""E_1"":1.0}",frozen_evaluation,,0.0,64,anchor,anchor_E_1_00004,anchor
anchor,frozen_anchor,5,E_1,"{""E_1"":1.0}",frozen_evaluation,,0.0,64,anchor,anchor_E_1_00005,anchor
anchor,frozen_anchor,6,E_1,"{""E_1"":1.0}",frozen_evaluation,,0.0,64,anchor,anchor_E_1_00006,anchor
anchor,frozen_anchor,7,E_1,"{""E_1"":1.0}",frozen_evaluation,,0.0,64,anchor,anchor_E_1_00007,anchor
anchor,frozen_anchor,8,E_1,"{""E_1"":1.0}",frozen_evaluation,,0.0,64,anchor,anchor_E_1_00008,anchor
anchor,frozen_anchor,9,E_1,"{""E_1"":1.0}",frozen_evaluation,,0.0,64,anchor,anchor_E_1_00009,anchor
anchor,frozen_anchor,10,E_1,"{""E_1"":1.0}",frozen_evaluation,,0.0,64,anchor,anchor_E_1_00010,anchor
anchor,frozen_anchor,11,E_1,"{""E_1"":1.0}",frozen_evaluation,,0.0,64,anchor,anchor_E_1_00011,anchor
anchor,frozen_anchor,12,E_1,"{""E_1"":1.0}",frozen_evaluation,,0.0,64,anchor,anchor_E_1_00012,anchor
anchor,frozen_anchor,13,E_1,"{""E_1"":1.0}",frozen_evaluation,,0.0,64,anchor,anchor_E_1_00013,anchor
anchor,frozen_anchor,14,E_1,"{""E_1"":1.0}",frozen_evaluation,,0.0,64,anchor,anchor_E_1_00014,anchor
anchor,frozen_anchor,15,E_1,"{""E_1"":1.0}",frozen_evaluation,,0.0,64,anchor,anchor_E_1_00015,anchor
anchor,frozen_anchor,16,E_1,"{""E_1"":1.0}",frozen_evaluation,,0.0,64,anchor,anchor_E_1_00016,anchor
anchor,frozen_anchor,17,E_1,"{""E_1"":1.0}",frozen_evaluation,,0.0,64,anchor,anchor_E_1_00017,anchor
anchor,frozen_anchor,18,E_1,"{""E_1"":1.0}",frozen_evaluation,,0.0,64,anchor,anchor_E_1_00018,anchor
anchor,frozen_anchor,19,E_1,"{""E_1"":1.0}",frozen_evaluation,,0.0,64,anchor,anchor_E_1_00019,anchor
anchor,frozen_anchor,20,E_1,"{""E_1"":1.0}",frozen_evaluation,,0.0,64,anchor,anchor_E_1_00020,anchor
anchor,frozen_anchor,21,E_1,"{""E_1"":1.0}",frozen_evaluation,,0.0,64,anchor,anchor_E_1_00021,anchor
anchor,frozen_anchor,22,E_1,"{""E_1"":1.0}",frozen_evaluation,,0.0,64,anchor,anchor_E_1_00022,anchor
anchor,frozen_anchor,23,E_1,"{""E_1"":1.0}",frozen_evaluation,,0.0,64,anchor,anchor_E_1_00023,anchor
anchor,frozen_anchor,24,E_1,"{""E_1"":1.0}",frozen_evaluation,,0.0,64,anchor,anchor_E_1_00024,anchor
anchor,frozen_anchor,25,E_1,"{""E_1"":1.0}",frozen_evaluation,,0.0,64,anchor,anchor_E_1_00025,anchor
anchor,frozen_anchor,26,E_1,"{""E_1"":1.0}",frozen_evaluation,,0.0,64,anchor,anchor_E_1_00026,anchor
anchor,frozen_anchor,27,E_1,"{""E_1"":1.0}",frozen_evaluation,,0.0,64,anchor,anchor_E_1_00027,anchor
anchor,frozen_anchor,28,E_1,"{""E_1"":1.0}",frozen_evaluation,,0.0,64,anchor,anchor_E_1_00028,anchor
anchor,frozen_anchor,29,E_1,"{""E_1"":1.0}",frozen_evaluation,,0.0,64,anchor,anchor_E_1_00029,anchor
anchor,frozen_anchor,30,E_1,"{""E_1"":1.0}",frozen_evaluation,,0.0,64,anchor,anchor_E_1_00030,anchor
anchor,frozen_anchor,31,E_1,"{""E_1"":1.0}",frozen_evaluation,,0.0,64,anchor,anchor_E_1_00031,anchor
anchor,frozen_anchor,32,E_1,"{""E_1"":1.0}",frozen_evaluation,,0.0,64,anchor,anchor_E_1_00032,anchor
anchor,frozen_anchor,33,E_1,"{""E_1"":1.0}",frozen_evaluation,,0.0,64,anchor,anchor_E_1_00033,anchor
anchor,frozen_anchor,34,E_1,"{""E_1"":1.0}",frozen_evaluation,,0.0,64,anchor,anchor_E_1_00034,anchor
anchor,frozen_anchor,35,E_1,"{""E_1"":1.0}",frozen_evaluation,,0.0,64,anchor,anchor_E_1_00035,anchor
anchor,frozen_anchor,36,E_1,"{""E_1"":1.0}",frozen_evaluation,,0.0,64,anchor,anchor_E_1_00036,anchor
anchor,frozen_anchor,37,E_1,"{""E_1"":1.0}",frozen_evaluation,,0.0,64,anchor,anchor_E_1_00037,anchor
anchor,frozen_anchor,38,E_1,"{""E_1"":1.0}",frozen_evaluation,,0.0,64,anchor,anchor_E_1_00038,anchor
anchor,frozen_anchor,39,E_1,"{""E_1"":1.0}",frozen_evaluation,,0.0,64,anchor,anchor_E_1_00039,anchor
anchor,frozen_anchor,40,E_1,"{""E_1"":1.0}",frozen_evaluation,,0.0,64,anchor,anchor_E_1_00040,anchor
anchor,frozen_anchor,41,E_1,"{""E_1"":1.0}",frozen_evaluation,,0.0,64,anchor,anchor_E_1_00041,anchor
anchor,frozen_anchor,42,E_1,"{""E_1"":1.0}",frozen_evaluation,,0.0,64,anchor,anchor_E_1_00042,anchor
anchor,frozen_anchor,43,E_1,"{""E_1"":1.0}",frozen_evaluation,,0.0,64,anchor,anchor_E_1_00043,anchor
anchor,frozen_anchor,44,E_1,"{""E_1"":1.0}",frozen_evaluation,,0.0,64,anchor,anchor_E_1_00044,anchor
anchor,frozen_anchor,45,E_1,"{""E_1"":1.0}",frozen_evaluation,,0.0,64,anchor,anchor_E_1_00045,anchor
anchor,frozen_anchor,46,E_1,"{""E_1"":1.0}",frozen_evaluation,,0.0,64,anchor,anchor_E_1_00046,anchor
anchor,frozen_anchor,47,E_1,"{""E_1"":1.0}",frozen_evaluation,,0.0,64,anchor,anchor_E_1_00047,anchor
anchor,frozen_anchor,48,E_1,"{""E_1"":1.0}",frozen_evaluation,,0.0,64,anchor,anchor_E_1_00048,anchor
anchor,frozen_anchor,49,E_1,"{""E_1"":1.0}",frozen_evaluation,,0.0,64,anchor,anchor_E_1_00049,anchor
anchor,frozen_anchor,50,E_1,"{""E_1"":1.0}",frozen_evaluation,,0.0,64,anchor,anchor_E_1_00050,anchor
anchor,frozen_anchor,51,E_1,"{""E_1"":1.0}",frozen_evaluation,,0.0,64,anchor,anchor_E_1_00051,anchor
anchor,frozen_anchor,52,E_1,"{""E_1"":1.0}",frozen_evaluation,,0.0,64,anchor,anchor_E_1_00052,anchor
anchor,frozen_anchor,53,E_1,"{""E_1"":1.0}",frozen_evaluation,,0.0,64,anchor,anchor_E_1_00053,anchor
anchor,frozen_anchor,54,E_1,"{""E_1"":1.0}",frozen_evaluation,,0.0,64,anchor,anchor_E_1_00054,anchor
anchor,frozen_anchor,55,E_1,"{""E_1"":1.0}",frozen_evaluation,,0.0,64,anchor,anchor_E_1_00055,anchor
anchor,frozen_anchor,56,E_1,"{""E_1"":1.0}",frozen_evaluation,,0.0,64,anchor,anchor_E_1_00056,anchor
anchor,frozen_anchor,57,E_1,"{""E_1"":1.0}",frozen_evaluation,,0.0,64,anchor,anchor_E_1_00057,anchor
anchor,frozen_anchor,58,E_1,"{""E_1"":1.0}",frozen_evaluation,,0.0,64,anchor,anchor_E_1_00058,anchor
anchor,frozen_anchor,59,E_1,"{""E_1"":1.0}",frozen_evaluation,,0.0,64,anchor,anchor_E_1_00059,anchor
anchor,frozen_anchor,60,E_1,"{""E_1"":1.0}",frozen_evaluation,,0.0,64,anchor,anchor_E_1_00060,anchor
anchor,frozen_anchor,61,E_1,"{""E_1"":1.0}",frozen_evaluation,,0.0,64,anchor,anchor_E_1_00061,anchor
anchor,frozen_anchor,62,E_1,"{""E_1"":1.0}",frozen_evaluation,,0.0,64,anchor,anchor_E_1_00062,anchor
anchor,frozen_anchor,63,E_1,"{""E_1"":1.0}",frozen_evaluation,,0.0,64,anchor,anchor_E_1_00063,anchor
anchor,frozen_anchor,0,B_prime_1,"{""B_prime_1"":1.0}",frozen_evaluation,,0.08417032986813534,64,anchor,anchor_B_prime_1_00000,anchor
anchor,frozen_anchor,1,B_prime_1,"{""B_prime_1"":1.0}",frozen_evaluation,,0.08417032986813534,64,anchor,anchor_B_prime_1_00001,anchor
anchor,frozen_anchor,2,B_prime_1,"{""B_prime_1"":1.0}",frozen_evaluation,,0.08417032986813534,64,anchor,anchor_B_prime_1_00002,anchor
anchor,frozen_anchor,3,B_prime_1,"{""B_prime_1"":1.0}",frozen_evaluation,,0.08417032986813534,64,anchor,anchor_B_prime_1_00003,anchor
anchor,frozen_anchor,4,B_prime_1,"{""B_prime_1"":1.0}",frozen_evaluation,,0.08417032986813534,64,anchor,anchor_B_prime_1_00004,anchor
anchor,frozen_anchor,5,B_prime_1,"{""B_prime_1"":1.0}",frozen_evaluation,,0.08417032986813534,64,anchor,anchor_B_prime_1_00005,anchor
anchor,frozen_anchor,6,B_prime_1,"{""B_prime_1"":1.0}",frozen_evaluation,,0.08417032986813534,64,anchor,anchor_B_prime_1_00006,anchor
anchor,frozen_anchor,7,B_prime_1,"{""B_prime_1"":1.0}",frozen_evaluation,,0.08417032986813534,64,anchor,anchor_B_prime_1_00007,anchor
anchor,frozen_anchor,8,B_prime_1,"{""B_prime_1"":1.0}",frozen_evaluation,,0.08417032986813534,64,anchor,anchor_B_prime_1_00008,anchor
anchor,frozen_anchor,9,B_prime_1,"{""B_prime_1"":1.0}",frozen_evaluation,,0.08417032986813534,64,anchor,anchor_B_prime_1_00009,anchor
anchor,frozen_anchor,10,B_prime_1,"{""B_prime_1"":1.0}",frozen_evaluation,,0.08417032986813534,64,anchor,anchor_B_prime_1_00010,anchor
anchor,frozen_anchor,11,B_prime_1,"{""B_prime_1"":1.0}",frozen_evaluation,,0.08417032986813534,64,anchor,anchor_B_prime_1_00011,anchor
anchor,frozen_anchor,12,B_prime_1,"{""B_prime_1"":1.0}",frozen_evaluation,,0.08417032986813534,64,anchor,anchor_B_prime_1_00012,anchor
anchor,frozen_anchor,13,B_prime_1,"{""B_prime_1"":1.0}",frozen_evaluation,,0.08417032986813534,64,anchor,anchor_B_prime_1_00013,anchor
anchor,frozen_anchor,14,B_prime_1,"{""B_prime_1"":1.0}",frozen_evaluation,,0.08417032986813534,64,anchor,anchor_B_prime_1_00014,anchor
anchor,frozen_anchor,15,B_prime_1,"{""B_prime_1"":1.0}",frozen_evaluation,,0.08417032986813534,64,anchor,anchor_B_prime_1_00015,anchor
anchor,frozen_anchor,16,B_prime_1,"{""B_prime_1"":1.0}",frozen_evaluation,,0.08417032986813534,64,anchor,anchor_B_prime_1_00016,anchor
anchor,frozen_anchor,17,B_prime_1,"{""B_prime_1"":1.0}",frozen_evaluation,,0.08417032986813534,64,anchor,anchor_B_prime_1_00017,anchor
anchor,frozen_anchor,18,B_prime_1,"{""B_prime_1"":1.0}",frozen_evaluation,,0.08417032986813534,64,anchor,anchor_B_prime_1_00018,anchor
anchor,frozen_anchor,19,B_prime_1,"{""B_prime_1"":1.0}",frozen_evaluation,,0.08417032986813534,64,anchor,anchor_B_prime_1_00019,anchor
anchor,frozen_anchor,20,B_prime_1,"{""B_prime_1"":1.0}",frozen_evaluation,,0.08417032986813534,64,anchor,anchor_B_prime_1_00020,anchor
anchor,frozen_anchor,21,B_prime_1,"{""B_prime_1"":1.0}",frozen_evaluation,,0.08417032986813534,64,anchor,anchor_B_prime_1_00021,anchor
anchor,frozen_anchor,22,B_prime_1,"{""B_prime_1"":1.0}",frozen_evaluation,,0.08417032986813534,64,anchor,anchor_B_prime_1_00022,anchor
anchor,frozen_anchor,23,B_prime_1,"{""B_prime_1"":1.0}",frozen_evaluation,,0.08417032986813534,64,anchor,anchor_B_prime_1_00023,anchor
anchor,frozen_anchor,24,B_prime_1,"{""B_prime_1"":1.0}",frozen_evaluation,,0.08417032986813534,64,anchor,anchor_B_prime_1_00024,anchor
anchor,frozen_anchor,25,B_prime_1,"{""B_prime_1"":1.0}",frozen_evaluation,,0.08417032986813534,64,anchor,anchor_B_prime_1_00025,anchor
anchor,frozen_anchor,26,B_prime_1,"{""B_prime_1"":1.0}",frozen_evaluation,,0.08417032986813534,64,anchor,anchor_B_prime_1_00026,anchor
anchor,frozen_anchor,27,B_prime_1,"{""B_prime_1"":1.0}",frozen_evaluation,,0.08417032986813534,64,anchor,anchor_B_prime_1_00027,anchor
anchor,frozen_anchor,28,B_prime_1,"{""B_prime_1"":1.0}",frozen_evaluation,,0.08417032986813534,64,anchor,anchor_B_prime_1_00028,anchor
anchor,frozen_anchor,29,B_prime_1,"{""B_prime_1"":1.0}",frozen_evaluation,,0.08417032986813534,64,anchor,anchor_B_prime_1_00029,anchor
anchor,frozen_anchor,30,B_prime_1,"{""B_prime_1"":1.0}",frozen_evaluation,,0.08417032986813534,64,anchor,anchor_B_prime_1_00030,anchor
anchor,frozen_anchor,31,B_prime_1,"{""B_prime_1"":1.0}",frozen_evaluation,,0.08417032986813534,64,anchor,anchor_B_prime_1_00031,anchor
anchor,frozen_anchor,32,B_prime_1,"{""B_prime_1"":1.0}",frozen_evaluation,,0.08417032986813534,64,anchor,anchor_B_prime_1_00032,anchor
anchor,frozen_anchor,33,B_prime_1,"{""B_prime_1"":1.0}",frozen_evaluation,,0.08417032986813534,64,anchor,anchor_B_prime_1_00033,anchor
anchor,frozen_anchor,34,B_prime_1,"{""B_prime_1"":1.0}",frozen_evaluation,,0.08417032986813534,64,anchor,anchor_B_prime_1_00034,anchor
anchor,frozen_anchor,35,B_prime_1,"{""B_prime_1"":1.0}",frozen_evaluation,,0.08417032986813534,64,anchor,anchor_B_prime_1_00035,anchor
anchor,frozen_anchor,36,B_prime_1,"{""B_prime_1"":1.0}",frozen_evaluation,,0.08417032986813534,64,anchor,anchor_B_prime_1_00036,anchor
anchor,frozen_anchor,37,B_prime_1,"{""B_prime_1"":1.0}",frozen_evaluation,,0.08417032986813534,64,anchor,anchor_B_prime_1_00037,anchor
anchor,frozen_anchor,38,B_prime_1,"{""B_prime_1"":1.0}",frozen_evaluation,,0.08417032986813534,64,anchor,anchor_B_prime_1_00038,anchor
anchor,frozen_anchor,39,B_prime_1,"{""B_prime_1"":1.0}",frozen_evaluation,,0.08417032986813534,64,anchor,anchor_B_prime_1_00039,anchor
anchor,frozen_anchor,40,B_prime_1,"{""B_prime_1"":1.0}",frozen_evaluation,,0.08417032986813534,64,anchor,anchor_B_prime_1_00040,anchor
anchor,frozen_anchor,41,B_prime_1,"{""B_prime_1"":1.0}",frozen_evaluation,,0.08417032986813534,64,anchor,anchor_B_prime_1_00041,anchor
anchor,frozen_anchor,42,B_prime_1,"{""B_prime_1"":1.0}",frozen_evaluation,,0.08417032986813534,64,anchor,anchor_B_prime_1_00042,anchor
anchor,frozen_anchor,43,B_prime_1,"{""B_prime_1"":1.0}",frozen_evaluation,,0.08417032986813534,64,anchor,anchor_B_prime_1_00043,anchor
anchor,frozen_anchor,44,B_prime_1,"{""B_prime_1"":1.0}",frozen_evaluation,,0.08417032986813534,64,anchor,anchor_B_prime_1_00044,anchor
anchor,frozen_anchor,45,B_prime_1,"{""B_prime_1"":1.0}",frozen_evaluation,,0.08417032986813534,64,anchor,anchor_B_prime_1_00045,anchor
anchor,frozen_anchor,46,B_prime_1,"{""B_prime_1"":1.0}",frozen_evaluation,,0.08417032986813534,64,anchor,anchor_B_prime_1_00046,anchor
anchor,frozen_anchor,47,B_prime_1,"{""B_prime_1"":1.0}",frozen_evaluation,,0.08417032986813534,64,anchor,anchor_B_prime_1_00047,anchor
anchor,frozen_anchor,48,B_prime_1,"{""B_prime_1"":1.0}",frozen_evaluation,,0.08417032986813534,64,anchor,anchor_B_prime_1_00048,anchor
anchor,frozen_anchor,49,B_prime_1,"{""B_prime_1"":1.0}",frozen_evaluation,,0.08417032986813534,64,anchor,anchor_B_prime_1_00049,anchor
anchor,frozen_anchor,50,B_prime_1,"{""B_prime_1"":1.0}",frozen_evaluation,,0.08417032986813534,64,anchor,anchor_B_prime_1_00050,anchor
anchor,frozen_anchor,51,B_prime_1,"{""B_prime_1"":1.0}",frozen_evaluation,,0.08417032986813534,64,anchor,anchor_B_prime_1_00051,anchor
anchor,frozen_anchor,52,B_prime_1,"{""B_prime_1"":1.0}",frozen_evaluation,,0.08417032986813534,64,anchor,anchor_B_prime_1_00052,anchor
anchor,frozen_anchor,53,B_prime_1,"{""B_prime_1"":1.0}",frozen_evaluation,,0.08417032986813534,64,anchor,anchor_B_prime_1_00053,anchor
anchor,frozen_anchor,54,B_prime_1,"{""B_prime_1"":1.0}",frozen_evaluation,,0.08417032986813534,64,anchor,anchor_B_prime_1_00054,anchor
anchor,frozen_anchor,55,B_prime_1,"{""B_prime_1"":1.0}",frozen_evaluation,,0.08417032986813534,64,anchor,anchor_B_prime_1_00055,anchor
anchor,frozen_anchor,56,B_prime_1,"{""B_prime_1"":1.0}",frozen_evaluation,,0.08417032986813534,64,anchor,anchor_B_prime_1_00056,anchor
anchor,frozen_anchor,57,B_prime_1,"{""B_prime_1"":1.0}",frozen_evaluation,,0.08417032986813534,64,anchor,anchor_B_prime_1_00057,anchor
anchor,frozen_anchor,58,B_prime_1,"{""B_prime_1"":1.0}",frozen_evaluation,,0.08417032986813534,64,anchor,anchor_B_prime_1_00058,anchor
anchor,frozen_anchor,59,B_prime_1,"{""B_prime_1"":1.0}",frozen_evaluation,,0.08417032986813534,64,anchor,anchor_B_prime_1_00059,anchor
anchor,frozen_anchor,60,B_prime_1,"{""B_prime_1"":1.0}",frozen_evaluation,,0.08417032986813534,64,anchor,anchor_B_prime_1_00060,anchor
anchor,frozen_anchor,61,B_prime_1,"{""B_prime_1"":1.0}",frozen_evaluation,,0.08417032986813534,64,anchor,anchor_B_prime_1_00061,anchor
anchor,frozen_anchor,62,B_prime_1,"{""B_prime_1"":1.0}",frozen_evaluation,,0.08417032986813534,64,anchor,anchor_B_prime_1_00062,anchor
anchor,frozen_anchor,63,B_prime_1,"{""B_prime_1"":1.0}",frozen_evaluation,,0.08417032986813534,64,anchor,anchor_B_prime_1_00063,anchor
anchor,frozen_anchor,0,A_2,"{""A_2"":1.0}",frozen_evaluation,,0.12175143297091023,64,anchor,anchor_A_2_00000,anchor
anchor,frozen_anchor,1,A_2,"{""A_2"":1.0}",frozen_evaluation,,0.12175143297091023,64,anchor,anchor_A_2_00001,anchor
anchor,frozen_anchor,2,A_2,"{""A_2"":1.0}",frozen_evaluation,,0.12175143297091023,64,anchor,anchor_A_2_00002,anchor
anchor,frozen_anchor,3,A_2,"{""A_2"":1.0}",frozen_evaluation,,0.12175143297091023,64,anchor,anchor_A_2_00003,anchor
anchor,frozen_anchor,4,A_2,"{""A_2"":1.0}",frozen_evaluation,,0.12175143297091023,64,anchor,anchor_A_2_00004,anchor
anchor,frozen_anchor,5,A_2,"{""A_2"":1.0}",frozen_evaluation,,0.12175143297091023,64,anchor,anchor_A_2_00005,anchor
anchor,frozen_anchor,6,A_2,"{""A_2"":1.0}",frozen_evaluation,,0.12175143297091023,64,anchor,anchor_A_2_00006,anchor
anchor,frozen_anchor,7,A_2,"{""A_2"":1.0}",frozen_evaluation,,0.12175143297091023,64,anchor,anchor_A_2_00007,anchor
anchor,frozen_anchor,8,A_2,"{""A_2"":1.0}",frozen_evaluation,,0.12175143297091023,64,anchor,anchor_A_2_00008,anchor
anchor,frozen_anchor,9,A_2,"{""A_2"":1.0}",frozen_evaluation,,0.12175143297091023,64,anchor,anchor_A_2_00009,anchor
anchor,frozen_anchor,10,A_2,"{""A_2"":1.0}",frozen_evaluation,,0.12175143297091023,64,anchor,anchor_A_2_00010,anchor
anchor,frozen_anchor,11,A_2,"{""A_2"":1.0}",frozen_evaluation,,0.12175143297091023,64,anchor,anchor_A_2_00011,anchor
anchor,frozen_anchor,12,A_2,"{""A_2"":1.0}",frozen_evaluation,,0.12175143297091023,64,anchor,anchor_A_2_00012,anchor
anchor,frozen_anchor,13,A_2,"{""A_2"":1.0}",frozen_evaluation,,0.12175143297091023,64,anchor,anchor_A_2_00013,anchor
anchor,frozen_anchor,14,A_2,"{""A_2"":1.0}",frozen_evaluation,,0.12175143297091023,64,anchor,anchor_A_2_00014,anchor
anchor,frozen_anchor,15,A_2,"{""A_2"":1.0}",frozen_evaluation,,0.12175143297091023,64,anchor,anchor_A_2_00015,anchor
anchor,frozen_anchor,16,A_2,"{""A_2"":1.0}",frozen_evaluation,,0.12175143297091023,64,anchor,anchor_A_2_00016,anchor
anchor,frozen_anchor,17,A_2,"{""A_2"":1.0}",frozen_evaluation,,0.12175143297091023,64,anchor,anchor_A_2_00017,anchor
anchor,frozen_anchor,18,A_2,"{""A_2"":1.0}",frozen_evaluation,,0.12175143297091023,64,anchor,anchor_A_2_00018,anchor
anchor,frozen_anchor,19,A_2,"{""A_2"":1.0}",frozen_evaluation,,0.12175143297091023,64,anchor,anchor_A_2_00019,anchor
anchor,frozen_anchor,20,A_2,"{""A_2"":1.0}",frozen_evaluation,,0.12175143297091023,64,anchor,anchor_A_2_00020,anchor
anchor,frozen_anchor,21,A_2,"{""A_2"":1.0}",frozen_evaluation,,0.12175143297091023,64,anchor,anchor_A_2_00021,anchor
anchor,frozen_anchor,22,A_2,"{""A_2"":1.0}",frozen_evaluation,,0.12175143297091023,64,anchor,anchor_A_2_00022,anchor
anchor,frozen_anchor,23,A_2,"{""A_2"":1.0}",frozen_evaluation,,0.12175143297091023,64,anchor,anchor_A_2_00023,anchor
anchor,frozen_anchor,24,A_2,"{""A_2"":1.0}",frozen_evaluation,,0.12175143297091023,64,anchor,anchor_A_2_00024,anchor
anchor,frozen_anchor,25,A_2,"{""A_2"":1.0}",frozen_evaluation,,0.12175143297091023,64,anchor,anchor_A_2_00025,anchor
anchor,frozen_anchor,26,A_2,"{""A_2"":1.0}",frozen_evaluation,,0.12175143297091023,64,anchor,anchor_A_2_00026,anchor
anchor,frozen_anchor,27,A_2,"{""A_2"":1.0}",frozen_evaluation,,0.12175143297091023,64,anchor,anchor_A_2_00027,anchor
anchor,frozen_anchor,28,A_2,"{""A_2"":1.0}",frozen_evaluation,,0.12175143297091023,64,anchor,anchor_A_2_00028,anchor
anchor,frozen_anchor,29,A_2,"{""A_2"":1.0}",frozen_evaluation,,0.12175143297091023,64,anchor,anchor_A_2_00029,anchor
anchor,frozen_anchor,30,A_2,"{""A_2"":1.0}",frozen_evaluation,,0.12175143297091023,64,anchor,anchor_A_2_00030,anchor
anchor,frozen_anchor,31,A_2,"{""A_2"":1.0}",frozen_evaluation,,0.12175143297091023,64,anchor,anchor_A_2_00031,anchor
anchor,frozen_anchor,32,A_2,"{""A_2"":1.0}",frozen_evaluation,,0.12175143297091023,64,anchor,anchor_A_2_00032,anchor
anchor,frozen_anchor,33,A_2,"{""A_2"":1.0}",frozen_evaluation,,0.12175143297091023,64,anchor,anchor_A_2_00033,anchor
anchor,frozen_anchor,34,A_2,"{""A_2"":1.0}",frozen_evaluation,,0.12175143297091023,64,anchor,anchor_A_2_00034,anchor
anchor,frozen_anchor,35,A_2,"{""A_2"":1.0}",frozen_evaluation,,0.12175143297091023,64,anchor,anchor_A_2_00035,anchor
anchor,frozen_anchor,36,A_2,"{""A_2"":1.0}",frozen_evaluation,,0.12175143297091023,64,anchor,anchor_A_2_00036,anchor
anchor,frozen_anchor,37,A_2,"{""A_2"":1.0}",frozen_evaluation,,0.12175143297091023,64,anchor,anchor_A_2_00037,anchor
anchor,frozen_anchor,38,A_2,"{""A_2"":1.0}",frozen_evaluation,,0.12175143297091023,64,anchor,anchor_A_2_00038,anchor
anchor,frozen_anchor,39,A_2,"{""A_2"":1.0}",frozen_evaluation,,0.12175143297091023,64,anchor,anchor_A_2_00039,anchor
anchor,frozen_anchor,40,A_2,"{""A_2"":1.0}",frozen_evaluation,,0.12175143297091023,64,anchor,anchor_A_2_00040,anchor
anchor,frozen_anchor,41,A_2,"{""A_2"":1.0}",frozen_evaluation,,0.12175143297091023,64,anchor,anchor_A_2_00041,anchor
anchor,frozen_anchor,42,A_2,"{""A_2"":1.0}",frozen_evaluation,,0.12175143297091023,64,anchor,anchor_A_2_00042,anchor
anchor,frozen_anchor,43,A_2,"{""A_2"":1.0}",frozen_evaluation,,0.12175143297091023,64,anchor,anchor_A_2_00043,anchor
anchor,frozen_anchor,44,A_2,"{""A_2"":1.0}",frozen_evaluation,,0.12175143297091023,64,anchor,anchor_A_2_00044,anchor
anchor,frozen_anchor,45,A_2,"{""A_2"":1.0}",frozen_evaluation,,0.12175143297091023,64,anchor,anchor_A_2_00045,anchor
anchor,frozen_anchor,46,A_2,"{""A_2"":1.0}",frozen_evaluation,,0.12175143297091023,64,anchor,anchor_A_2_00046,anchor
anchor,frozen_anchor,47,A_2,"{""A_2"":1.0}",frozen_evaluation,,0.12175143297091023,64,anchor,anchor_A_2_00047,anchor
anchor,frozen_anchor,48,A_2,"{""A_2"":1.0}",frozen_evaluation,,0.12175143297091023,64,anchor,anchor_A_2_00048,anchor
anchor,frozen_anchor,49,A_2,"{""A_2"":1.0}",frozen_evaluation,,0.12175143297091023,64,anchor,anchor_A_2_00049,anchor
anchor,frozen_anchor,50,A_2,"{""A_2"":1.0}",frozen_evaluation,,0.12175143297091023,64,anchor,anchor_A_2_00050,anchor
anchor,frozen_anchor,51,A_2,"{""A_2"":1.0}",frozen_evaluation,,0.12175143297091023,64,anchor,anchor_A_2_00051,anchor
anchor,frozen_anchor,52,A_2,"{""A_2"":1.0}",frozen_evaluation,,0.12175143297091023,64,anchor,anchor_A_2_00052,anchor
anchor,frozen_anchor,53,A_2,"{""A_2"":1.0}",frozen_evaluation,,0.12175143297091023,64,anchor,anchor_A_2_00053,anchor
anchor,frozen_anchor,54,A_2,"{""A_2"":1.0}",frozen_evaluation,,0.12175143297091023,64,anchor,anchor_A_2_00054,anchor
anchor,frozen_anchor,55,A_2,"{""A_2"":1.0}",frozen_evaluation,,0.12175143297091023,64,anchor,anchor_A_2_00055,anchor
anchor,frozen_anchor,56,A_2,"{""A_2"":1.0}",frozen_evaluation,,0.12175143297091023,64,anchor,anchor_A_2_00056,anchor
anchor,frozen_anchor,57,A_2,"{""A_2"":1.0}",frozen_evaluation,,0.12175143297091023,64,anchor,anchor_A_2_00057,anchor
anchor,frozen_anchor,58,A_2,"{""A_2"":1.0}",frozen_evaluation,,0.12175143297091023,64,anchor,anchor_A_2_00058,anchor
anchor,frozen_anchor,59,A_2,"{""A_2"":1.0}",frozen_evaluation,,0.12175143297091023,64,anchor,anchor_A_2_00059,anchor
anchor,frozen_anchor,60,A_2,"{""A_2"":1.0}",frozen_evaluation,,0.12175143297091023,64,anchor,anchor_A_2_00060,anchor
anchor,frozen_anchor,61,A_2,"{""A_2"":1.0}",frozen_evaluation,,0.12175143297091023,64,anchor,anchor_A_2_00061,anchor
anchor,frozen_anchor,62,A_2,"{""A_2"":1.0}",frozen_evaluation,,0.12175143297091023,64,anchor,anchor_A_2_00062,anchor
anchor,frozen_anchor,63,A_2,"{""A_2"":1.0}",frozen_evaluation,,0.12175143297091023,64,anchor,anchor_A_2_00063,anchor
anchor,frozen_anchor,0,X_transient,"{""X_transient"":1.0}",frozen_evaluation,,0.0,64,anchor,anchor_X_transient_00000,anchor
anchor,frozen_anchor,1,X_transient,"{""X_transient"":1.0}",frozen_evaluation,,0.0,64,anchor,anchor_X_transient_00001,anchor
anchor,frozen_anchor,2,X_transient,"{""X_transient"":1.0}",frozen_evaluation,,0.0,64,anchor,anchor_X_transient_00002,anchor
anchor,frozen_anchor,3,X_transient,"{""X_transient"":1.0}",frozen_evaluation,,0.0,64,anchor,anchor_X_transient_00003,anchor
anchor,frozen_anchor,4,X_transient,"{""X_transient"":1.0}",frozen_evaluation,,0.0,64,anchor,anchor_X_transient_00004,anchor
anchor,frozen_anchor,5,X_transient,"{""X_transient"":1.0}",frozen_evaluation,,0.0,64,anchor,anchor_X_transient_00005,anchor
anchor,frozen_anchor,6,X_transient,"{""X_transient"":1.0}",frozen_evaluation,,0.0,64,anchor,anchor_X_transient_00006,anchor
anchor,frozen_anchor,7,X_transient,"{""X_transient"":1.0}",frozen_evaluation,,0.0,64,anchor,anchor_X_transient_00007,anchor
anchor,frozen_anchor,8,X_transient,"{""X_transient"":1.0}",frozen_evaluation,,0.0,64,anchor,anchor_X_transient_00008,anchor
anchor,frozen_anchor,9,X_transient,"{""X_transient"":1.0}",frozen_evaluation,,0.0,64,anchor,anchor_X_transient_00009,anchor
anchor,frozen_anchor,10,X_transient,"{""X_transient"":1.0}",frozen_evaluation,,0.0,64,anchor,anchor_X_transient_00010,anchor
anchor,frozen_anchor,11,X_transient,"{""X_transient"":1.0}",frozen_evaluation,,0.0,64,anchor,anchor_X_transient_00011,anchor
anchor,frozen_anchor,12,X_transient,"{""X_transient"":1.0}",frozen_evaluation,,0.0,64,anchor,anchor_X_transient_00012,anchor
anchor,frozen_anchor,13,X_transient,"{""X_transient"":1.0}",frozen_evaluation,,0.0,64,anchor,anchor_X_transient_00013,anchor
anchor,frozen_anchor,14,X_transient,"{""X_transient"":1.0}",frozen_evaluation,,0.0,64,anchor,anchor_X_transient_00014,anchor
anchor,frozen_anchor,15,X_transient,"{""X_transient"":1.0}",frozen_evaluation,,0.0,64,anchor,anchor_X_transient_00015,anchor
anchor,frozen_anchor,16,X_transient,"{""X_transient"":1.0}",frozen_evaluation,,0.0,64,anchor,anchor_X_transient_00016,anchor
anchor,frozen_anchor,17,X_transient,"{""X_transient"":1.0}",frozen_evaluation,,0.0,64,anchor,anchor_X_transient_00017,anchor
anchor,frozen_anchor,18,X_transient,"{""X_transient"":1.0}",frozen_evaluation,,0.0,64,anchor,anchor_X_transient_00018,anchor
anchor,frozen_anchor,19,X_transient,"{""X_transient"":1.0}",frozen_evaluation,,0.0,64,anchor,anchor_X_transient_00019,anchor
anchor,frozen_anchor,20,X_transient,"{""X_transient"":1.0}",frozen_evaluation,,0.0,64,anchor,anchor_X_transient_00020,anchor
anchor,frozen_anchor,21,X_transient,"{""X_transient"":1.0}",frozen_evaluation,,0.0,64,anchor,anchor_X_transient_00021,anchor
anchor,frozen_anchor,22,X_transient,"{""X_transient"":1.0}",frozen_evaluation,,0.0,64,anchor,anchor_X_transient_00022,anchor
anchor,frozen_anchor,23,X_transient,"{""X_transient"":1.0}",frozen_evaluation,,0.0,64,anchor,anchor_X_transient_00023,anchor
anchor,frozen_anchor,24,X_transient,"{""X_transient"":1.0}",frozen_evaluation,,0.0,64,anchor,anchor_X_transient_00024,anchor
anchor,frozen_anchor,25,X_transient,"{""X_transient"":1.0}",frozen_evaluation,,0.0,64,anchor,anchor_X_transient_00025,anchor
anchor,frozen_anchor,26,X_transient,"{""X_transient"":1.0}",frozen_evaluation,,0.0,64,anchor,anchor_X_transient_00026,anchor
anchor,frozen_anchor,27,X_transient,"{""X_transient"":1.0}",frozen_evaluation,,0.0,64,anchor,anchor_X_transient_00027,anchor
anchor,frozen_anchor,28,X_transient,"{""X_transient"":1.0}",frozen_evaluation,,0.0,64,anchor,anchor_X_transient_00028,anchor
anchor,frozen_anchor,29,X_transient,"{""X_transient"":1.0}",frozen_evaluation,,0.0,64,anchor,anchor_X_transient_00029,anchor
anchor,frozen_anchor,30,X_transient,"{""X_transient"":1.0}",frozen_evaluation,,0.0,64,anchor,anchor_X_transient_00030,anchor
anchor,frozen_anchor,31,X_transient,"{""X_transient"":1.0}",frozen_evaluation,,0.0,64,anchor,anchor_X_transient_00031,anchor
anchor,frozen_anchor,32,X_transient,"{""X_transient"":1.0}",frozen_evaluation,,0.0,64,anchor,anchor_X_transient_00032,anchor
anchor,frozen_anchor,33,X_transient,"{""X_transient"":1.0}",frozen_evaluation,,0.0,64,anchor,anchor_X_transient_00033,anchor
anchor,frozen_anchor,34,X_transient,"{""X_transient"":1.0}",frozen_evaluation,,0.0,64,anchor,anchor_X_transient_00034,anchor
anchor,frozen_anchor,35,X_transient,"{""X_transient"":1.0}",frozen_evaluation,,0.0,64,anchor,anchor_X_transient_00035,anchor
anchor,frozen_anchor,36,X_transient,"{""X_transient"":1.0}",frozen_evaluation,,0.0,64,anchor,anchor_X_transient_00036,anchor
anchor,frozen_anchor,37,X_transient,"{""X_transient"":1.0}",frozen_evaluation,,0.0,64,anchor,anchor_X_transient_00037,anchor
anchor,frozen_anchor,38,X_transient,"{""X_transient"":1.0}",frozen_evaluation,,0.0,64,anchor,anchor_X_transient_00038,anchor
anchor,frozen_anchor,39,X_transient,"{""X_transient"":1.0}",frozen_evaluation,,0.0,64,anchor,anchor_X_transient_00039,anchor
anchor,frozen_anchor,40,X_transient,"{""X_transient"":1.0}",frozen_evaluation,,0.0,64,anchor,anchor_X_transient_00040,anchor
anchor,frozen_anchor,41,X_transient,"{""X_transient"":1.0}",frozen_evaluation,,0.0,64,anchor,anchor_X_transient_00041,anchor
anchor,frozen_anchor,42,X_transient,"{""X_transient"":1.0}",frozen_evaluation,,0.0,64,anchor,anchor_X_transient_00042,anchor
anchor,frozen_anchor,43,X_transient,"{""X_transient"":1.0}",frozen_evaluation,,0.0,64,anchor,anchor_X_transient_00043,anchor
anchor,frozen_anchor,44,X_transient,"{""X_transient"":1.0}",frozen_evaluation,,0.0,64,anchor,anchor_X_transient_00044,anchor
anchor,frozen_anchor,45,X_transient,"{""X_transient"":1.0}",frozen_evaluation,,0.0,64,anchor,anchor_X_transient_00045,anchor
anchor,frozen_anchor,46,X_transient,"{""X_transient"":1.0}",frozen_evaluation,,0.0,64,anchor,anchor_X_transient_00046,anchor
anchor,frozen_anchor,47,X_transient,"{""X_transient"":1.0}",frozen_evaluation,,0.0,64,anchor,anchor_X_transient_00047,anchor
anchor,frozen_anchor,48,X_transient,"{""X_transient"":1.0}",frozen_evaluation,,0.0,64,anchor,anchor_X_transient_00048,anchor
anchor,frozen_anchor,49,X_transient,"{""X_transient"":1.0}",frozen_evaluation,,0.0,64,anchor,anchor_X_transient_00049,anchor
anchor,frozen_anchor,50,X_transient,"{""X_transient"":1.0}",frozen_evaluation,,0.0,64,anchor,anchor_X_transient_00050,anchor
anchor,frozen_anchor,51,X_transient,"{""X_transient"":1.0}",frozen_evaluation,,0.0,64,anchor,anchor_X_transient_00051,anchor
anchor,frozen_anchor,52,X_transient,"{""X_transient"":1.0}",frozen_evaluation,,0.0,64,anchor,anchor_X_transient_00052,anchor
anchor,frozen_anchor,53,X_transient,"{""X_transient"":1.0}",frozen_evaluation,,0.0,64,anchor,anchor_X_transient_00053,anchor
anchor,frozen_anchor,54,X_transient,"{""X_transient"":1.0}",frozen_evaluation,,0.0,64,anchor,anchor_X_transient_00054,anchor
anchor,frozen_anchor,55,X_transient,"{""X_transient"":1.0}",frozen_evaluation,,0.0,64,anchor,anchor_X_transient_00055,anchor
anchor,frozen_anchor,56,X_transient,"{""X_transient"":1.0}",frozen_evaluation,,0.0,64,anchor,anchor_X_transient_00056,anchor
anchor,frozen_anchor,57,X_transient,"{""X_transient"":1.0}",frozen_evaluation,,0.0,64,anchor,anchor_X_transient_00057,anchor
anchor,frozen_anchor,58,X_transient,"{""X_transient"":1.0}",frozen_evaluation,,0.0,64,anchor,anchor_X_transient_00058,anchor
anchor,frozen_anchor,59,X_transient,"{""X_transient"":1.0}",frozen_evaluation,,0.0,64,anchor,anchor_X_transient_00059,anchor
anchor,frozen_anchor,60,X_transient,"{""X_transient"":1.0}",frozen_evaluation,,0.0,64,anchor,anchor_X_transient_00060,anchor
anchor,frozen_anchor,61,X_transient,"{""X_transient"":1.0}",frozen_evaluation,,0.0,64,anchor,anchor_X_transient_00061,anchor
anchor,frozen_anchor,62,X_transient,"{""X_transient"":1.0}",frozen_evaluation,,0.0,64,anchor,anchor_X_transient_00062,anchor
anchor,frozen_anchor,63,X_transient,"{""X_transient"":1.0}",frozen_evaluation,,0.0,64,anchor,anchor_X_transient_00063,anchor
