event_times,event_types
"[0.30909058,0.52557479,5.04701985,6.21113853,10.69029778,14.4822841,15.35830867,20.35551021,20.39172536,22.97302568,29.76620442,41.15317941,43.2899416,43.48026737,44.20504701,44.2161727,45.28465361,45.83683738,47.12361131,49.3096239,49.8985188,49.92679622,50.2291793,55.51125503,58.67271394,60.40966991,61.66070029,62.03504546,62.46441661,63.1601908,66.27159207,78.14079003,83.86133274,87.47414078,87.91106505,88.92774911,90.4959679,91.8817955,92.30680829,93.92223481,96.77742192,97.71147093,99.52499199,99.57613827,100.63658977,103.52281781,104.10347087,104.34765697,104.4962806,104.63701514,105.1646954,105.2854226,105.78644129,105.94193578,106.50138473,106.70989586,106.84584927,108.99329017,109.09080176,109.68190023,109.75911787,109.86760921,110.18357614,110.3304586]","[7,5,1,7,7,5,7,3,2,3,3,1,0,5,1,0,1,7,1,7,1,0,1,0,5,6,2,4,4,1,7,4,2,0,1,0,0,1,0,1,2,0,0,1,1,0,0,0,1,1,0,1,0,0,1,1,0,0,0,0,1,1,0,0]"
"[1.28157274,4.65681839,4.91460081,6.73157347,6.85963092,7.05239023,10.05269366,14.47155222,15.5803928,16.38319454,17.34246864,17.9333327,19.06392555,19.61573863,22.33892764,22.51363079,23.13028982,23.46290459,23.61661439,25.54780553,27.01664446,28.0825288,28.50460045,28.56976504,32.57408709,32.89332204,33.24216657,33.34219845,34.3607008,35.20301046,39.69415872,42.59783877,43.13731727,43.44056105,47.41037282,51.17319828,52.24598268,53.17459329,54.65158334,56.06352233,57.68274026,58.40981765,58.60034039,59.08296018,60.9580807,61.69801823,63.32395995,63.92841769,67.27452308,68.11398859,69.14860971,69.65733059,69.66042016,69.7114369,70.00695624,70.39545318,73.61347219,75.40258695,75.64546212,75.71477384,76.36177127,78.21410933,78.26197684,78.29377254]","[5,2,3,3,4,6,5,6,1,2,0,3,3,3,6,4,2,0,1,0,7,1,5,7,2,6,3,4,6,6,1,1,2,0,6,1,0,3,2,3,1,0,1,1,2,0,1,1,0,7,1,1,0,2,1,2,0,5,1,0,1,1,0,0]"
"[1.64742092,3.9463265,5.65358224,5.97001406,6.08660034,9.29274028,9.5610272,9.95288908,10.20188063,10.6468807,11.99480065,12.10986066,14.97324923,15.24354749,15.4776115,16.24432424,19.3275087,19.55424356,19.59478252,19.95012401,19.98305269,21.00836086,21.70515585,22.60670453,24.51456061,25.45866816,25.55012972,25.91185117,25.99591145,27.05750273,27.4139313,27.45192906,27.8981607,28.21574412,28.41858412,28.5518723,30.74464328,31.64285719,32.59897738,38.0949438,39.10984787,39.58032927,44.32852672,57.57035907,58.34112402,62.6458637,63.03361278,63.22094557,66.20307343,66.50134624,72.0596641,72.25682427,74.91090339,80.54486113,81.93159372,84.96598044,85.73841733,89.84711814,92.25003701,92.88024631,93.3176213,94.27673614,95.45329397,97.82646791]","[5,2,0,6,4,0,1,1,1,1,0,3,7,1,1,0,4,4,1,1,5,0,0,0,1,0,6,3,2,3,2,4,3,7,3,3,1,3,4,0,1,6,2,0,1,7,7,1,2,3,2,4,3,2,3,7,6,5,2,3,2,6,2,0]"
"[1.33680053,1.49143159,1.52355628,3.78652996,6.89768686,8.3881038,11.69608501,14.51155286,19.73529777,20.62207719,23.93793505,24.35741554,26.68328614,29.42643317,32.04814192,35.11509407,35.18467256,35.68189262,38.397827,42.09017594,45.14715187,46.66051953,47.02143427,47.06878224,47.77298484,48.2685875,53.34457948,58.27756784,60.21045276,62.41976108,62.47662997,62.69997351,63.47196218,67.41464714,69.91380385,70.79464901,71.45246888,71.94754328,73.63991586,82.95463872,86.16798746,87.51248595,88.94021315,89.03523369,90.65597698,90.86308016,91.34206161,92.37187721,94.67013977,96.80428025,97.3598414,97.47136035,98.68265357,98.79761736,102.65220856,104.32627629,104.60457742,105.98955408,106.57552369,107.457904,113.92766983,114.41586048,115.02016706,118.30561359]","[2,5,3,7,0,7,2,7,7,2,3,3,0,2,7,4,0,7,7,3,0,1,2,0,1,0,1,0,2,1,3,4,0,1,3,2,3,0,7,0,0,3,0,7,6,1,1,4,4,2,3,7,4,2,3,0,7,1,3,3,5,2,2,5]"
"[17.24586862,19.33615907,22.37690618,24.48455049,28.55498757,32.2306047,34.98292544,35.71155656,39.68440552,40.01693267,44.43388664,46.69250055,47.44827724,47.81383757,48.94962172,50.84792818,52.27119306,56.76338498,60.46607296,61.35388748,62.50596312,64.21709928,65.89545882,67.19694116,67.91880489,68.78192404,68.95050249,69.29259669,69.4203463,69.67769977,70.47706064,71.00345068,71.38285866,73.31905607,73.55307056,82.33285103,85.06153291,88.36308312,88.66799298,88.72806166,89.09960464,89.22596649,89.22645002,89.4960162,89.65613943,89.68639806,89.81577374,91.36892812,91.41485715,91.71128698,91.97353551,93.09929749,93.56018913,93.7882606,94.34837927,94.38146232,94.398822,95.0795675,95.39058084,96.13577947,97.06464401,97.39095161,97.83616915,97.84453009]","[7,1,6,2,6,7,2,3,7,2,1,6,0,2,3,5,5,5,5,0,4,1,0,7,0,0,2,3,1,1,3,6,2,0,1,0,1,0,1,0,0,1,0,6,1,2,0,3,3,0,0,2,4,2,0,3,3,2,2,3,5,1,0,0]"
"[0.94079735,1.33324213,4.5853139,11.96829617,17.58110955,19.97970403,20.45063733,21.52843155,23.27188004,26.42784667,27.98989736,41.37476968,43.47980671,43.95420828,48.18313803,48.43131361,48.76651198,49.77009437,49.93667533,50.43091099,50.90796431,51.18804845,52.08073746,52.41269592,53.37135559,57.13347278,58.87387187,59.74835013,63.4821423,64.67363296,66.18635098,66.32680558,67.01845448,67.04485958,67.75356767,71.33421234,75.02615556,75.71851779,82.92857093,83.63506209,83.68464338,83.76432267,84.00158161,85.9661249,86.3058163,87.16814416,88.4171017,91.14898449,91.79441045,96.25945095,96.47220604,96.64865045,96.85287567,98.93169471,99.19869133,107.29922146,110.10815115,110.11774657,110.52440486,110.78142007,110.8606645,111.59380236,111.78368747,112.22459753]","[1,1,7,1,2,3,3,4,2,6,6,2,2,5,7,0,0,2,3,3,1,1,0,0,4,0,1,1,0,3,0,1,6,0,4,5,5,0,0,2,3,2,3,1,5,1,0,0,1,1,3,0,1,3,6,2,1,0,0,1,1,0,1,0]"
"[0.92194631,1.30268068,7.25853403,9.31949232,13.99586719,14.01596182,18.00156754,18.39537465,20.07708912,22.09263977,22.34130055,22.35898552,23.31384287,23.46456739,23.6343694,24.10443705,27.37381945,32.41980353,33.61178603,35.60804637,37.24251035,39.43996051,39.56654152,42.5828009,42.75521269,45.38490343,47.63341622,47.68007079,48.5316084,49.85519656,50.53702154,50.77400196,52.8055194,59.7755985,65.04551536,65.73141584,67.17505466,76.35554577,76.3658456,76.64336247,77.06037793,77.90810891,78.09197002,78.32613024,78.52946662,79.8926723,81.28080028,81.63723052,82.34622626,82.56192655,82.78924114,83.15011877,83.27019763,83.65132095,85.60325431,85.82561005,86.51869654,86.5842389,87.01665723,87.59037827,89.28959409,89.46709633,91.84058476,98.43509496]","[4,2,1,2,6,6,4,5,1,7,3,1,0,7,7,2,5,2,7,7,0,3,2,1,7,5,0,2,0,4,4,0,0,3,6,3,2,1,0,0,1,0,1,0,1,0,5,0,2,1,3,0,1,1,0,0,5,1,5,1,4,3,6,5]"
"[4.2773493,5.79101909,6.40010396,6.50655706,8.43739596,8.99584369,8.99987973,18.4244995,19.26299497,26.02116809,26.11416353,26.88476881,27.23551425,27.6412805,27.87249609,29.37215496,31.23217686,32.47024157,33.58459668,34.93674407,35.8412211,38.35733918,38.49185889,41.7746422,42.25856897,42.38471114,45.05104026,45.43890173,46.49636632,49.00759683,50.04376731,51.32702272,51.58266596,53.17580838,53.48047147,54.08837054,54.21309428,55.51486142,55.91881629,55.99701535,56.6930352,57.22839079,57.60789714,57.68989041,57.87256456,57.97698196,58.19678125,59.43496154,60.4229005,60.68500971,61.18311035,61.24821868,61.53732339,63.2742938,63.62661103,64.07806462,64.13204899,64.14943262,64.85877199,65.58280623,66.35565389,66.56753717,67.35695531,75.70479579]","[2,2,3,6,3,6,2,6,6,2,3,3,2,3,2,1,3,2,2,3,2,5,6,7,2,2,3,2,7,5,1,0,1,2,7,3,3,4,0,0,1,0,1,0,1,0,1,2,2,3,5,2,7,3,4,1,0,1,5,0,1,0,1,6]"
"[2.21443604,3.21928527,3.73007777,4.25018055,4.59069253,5.00138933,5.81337366,5.90039343,7.02365541,8.99475257,9.75027682,9.93623693,11.06061836,12.09008222,13.54405258,13.62280146,13.81305185,23.17864636,23.60191592,24.48011812,24.70113423,25.41353974,27.2771003,28.04528629,28.12523187,28.69862796,31.41605734,35.67758545,43.6863927,44.58096709,45.16224952,55.28221574,55.93565435,56.05398012,57.6008892,60.46205841,60.78154209,62.74083954,63.30025145,63.50504619,63.87825101,63.95983971,64.15289111,65.48397788,65.52505039,65.53045545,65.9039877,66.19476752,66.96081562,68.36705878,68.78563975,69.08392814,69.65717723,69.66566854,69.75369647,81.66994916,84.07015212,89.09477634,90.30532173,92.67197738,98.42980003,109.05171477,109.5208359,110.310657]","[1,0,1,1,1,2,1,0,5,1,0,1,0,7,3,3,4,0,1,1,0,0,5,0,1,0,7,4,6,0,4,7,2,3,0,7,1,3,0,4,1,0,0,0,1,2,3,7,1,3,7,0,1,1,0,6,1,1,0,3,3,2,7,3]"
"[0.02417699,0.31497786,5.12782411,6.14707727,6.17005569,6.28508632,14.4152925,18.95548785,22.84780717,25.50741134,25.9596652,26.21148881,28.32671038,28.33092097,28.44667933,28.57951743,28.69415102,28.84174393,28.99411607,29.04291365,29.28421315,29.43070276,29.53469367,29.58067895,29.58121256,30.02625251,30.10451067,30.17666111,30.26706208,30.53372441,30.71882563,30.73219184,30.83711382,31.30342733,32.39928429,32.44343073,32.59941284,32.62474989,32.68441619,32.79374922,33.03968846,34.43742305,34.87724415,35.06662498,35.1089965,35.26572218,35.3848107,35.69167697,35.8292693,35.97817832,36.00895069,36.13833714,36.24666035,36.70537514,36.80174907,47.12687514,47.87686028,48.33117164,49.87437397,54.21626927,56.23059972,56.7472344,58.08428674,59.46682735]","[7,7,5,6,0,5,4,6,1,6,7,7,0,1,0,1,1,0,0,1,1,1,0,1,1,0,0,0,0,0,6,1,1,1,0,1,1,0,1,7,0,1,1,1,1,0,1,0,0,1,0,5,5,1,1,6,2,0,2,4,3,2,3,1]"
"[3.52921972,6.28746996,7.12650505,9.11960008,10.04777078,10.59241089,13.27004076,15.73405748,16.48844852,16.79628503,16.89874687,16.95458624,17.7727423,17.82647081,18.05845337,18.24142276,18.85532775,19.12813022,19.93693842,20.52027754,20.77079223,20.95755908,21.27294701,21.95890956,22.19605906,22.71901688,22.90613537,23.08059025,23.12901244,28.86515119,31.93516456,37.2689951,41.91461217,42.91521349,45.36374032,47.4360601,48.25166963,48.88986032,49.66187153,51.77583507,51.83231276,68.25996376,72.70235151,76.9210803,77.47264652,80.02062901,80.79981724,82.1859737,82.91175692,87.00576214,89.82897575,91.74766711,92.55002886,93.05593899,93.96769383,93.97726647,93.98894997,95.88533195,96.07621047,96.99172271,99.99432512,102.35667785,102.62983179,103.05638396]","[5,6,2,5,6,5,1,3,5,0,1,2,2,2,2,0,0,3,5,2,5,3,2,1,2,3,1,0,3,5,3,3,5,2,5,5,7,2,3,3,4,7,7,7,0,2,7,3,6,7,3,1,0,3,0,0,1,4,1,1,7,7,2,3]"
"[0.33486777,2.46045751,2.7769392,6.65565248,7.0934473,15.5829295,19.58923574,20.24817697,21.25263067,22.67595552,24.57524843,24.87547409,29.12765754,32.5771366,35.90885818,36.13358881,36.16964219,37.66511237,45.10049432,47.2817706,50.82919875,51.88025007,54.13308007,60.27082341,61.73231048,63.44290743,64.21363193,65.19729639,65.33033174,65.43238898,65.67030125,66.2318968,67.35964551,67.64500826,67.66477136,67.80942719,68.12202428,68.33963811,68.60476394,69.0078088,69.70032182,71.65911644,71.91979918,72.50790837,73.55354861,73.78002851,75.06483758,75.5873638,75.75752091,76.82633968,77.24647123,81.09751333,81.28224969,81.35903193,81.55994743,83.06426657,84.4749075,84.96870322,85.24207807,85.24542568,85.9184832,86.15860092,86.26120573,86.33555628]","[5,5,1,2,3,7,7,1,0,4,2,5,3,4,5,4,0,4,1,7,7,7,2,1,6,2,6,2,3,4,2,7,2,3,0,1,1,1,0,1,1,2,3,2,7,2,3,2,3,2,3,0,0,1,1,0,1,0,1,1,1,0,0,1]"
"[4.74488813,6.11592679,6.16523083,6.78210316,8.8274018,10.21603295,10.62435117,11.86789267,12.04969841,15.5115676,16.12256786,16.19564334,19.58640563,22.07512578,22.30056106,23.72386727,26.92165003,30.61636014,37.68762547,37.81281766,41.06610706,41.36014888,42.93724246,43.44996384,44.55040823,45.70663319,45.73541277,48.20572714,48.68550637,48.698987,50.65488378,52.41807403,55.82322562,56.16119763,56.21821271,58.42919882,58.45046997,60.19767203,61.29749036,61.64136707,70.07559758,75.01347337,79.23578428,80.34306335,80.7948571,82.13909797,82.37627726,82.63026666,83.52902394,85.70050234,85.97484952,86.80715086,87.70423153,87.7563559,88.95592721,90.20471959,91.26567612,91.67057927,91.78848112,92.21459155,94.11849542,101.62435172,102.46579501,102.62517052]","[0,1,0,1,1,1,0,5,1,1,4,2,5,6,2,3,1,0,2,3,2,3,2,1,7,0,1,0,1,0,0,1,5,4,2,4,0,2,0,4,7,1,2,3,3,0,1,3,7,1,0,1,5,0,1,5,1,0,1,0,1,3,7,2]"
"[0.67786298,1.41399069,3.45999034,5.55247073,5.6732071,5.70980869,7.94557509,8.33730115,8.45782342,10.52565154,12.68663547,18.08674334,19.56036957,19.89916058,23.67334012,25.16196362,26.48140287,26.51681941,28.11645111,28.47691407,29.07561548,29.65436296,30.28176745,30.31081558,30.53238364,31.25306872,31.27450629,32.07155636,32.10894348,33.13447467,34.43107281,36.71504391,37.20250235,37.6449137,38.38686832,38.39904839,38.58346698,38.7892146,38.98254253,39.38624168,39.86751042,39.9271071,40.33961648,40.43107237,40.51748246,41.13513135,41.17130389,42.36573751,43.46618405,43.60858856,44.49417953,49.097483,50.42609102,53.11144273,53.28414528,54.22155044,54.70723984,56.45264779,58.13060147,61.83563057,62.93184137,63.20465648,63.26735423,64.85098325]","[1,0,0,3,0,4,4,1,2,5,3,3,2,7,4,2,0,0,1,0,1,0,1,0,5,1,7,1,3,0,1,0,1,1,0,7,1,0,1,7,1,0,1,0,0,5,0,1,0,1,0,4,7,6,6,0,1,6,0,0,7,1,0,0]"
"[2.15299642,3.1115792,6.67488866,8.379563,11.03283226,19.39349781,20.95917804,21.76848121,23.84657269,23.95544163,26.11708431,29.48228884,30.2454603,32.01011712,34.1248118,38.75991874,40.35291712,40.52361357,40.8557411,40.87231234,40.93397433,40.99327811,41.57818124,41.58474649,41.77115795,41.80193107,42.62305141,43.15089935,43.5762817,43.67275011,44.69606593,45.52699633,46.02027076,46.10249156,46.13540381,46.14240573,46.50448825,48.05898738,50.30762111,50.35719817,52.22276748,52.84761269,53.10475881,54.96304368,60.02391362,61.61826351,62.33426775,62.68180497,62.78843417,64.61512834,66.62177052,69.31402382,70.70835986,71.37593935,72.40651453,73.5434847,74.17563142,75.61467476,75.82107752,75.92608026,76.45398735,77.43201245,79.43751589,81.70107964]","[1,0,2,7,5,2,0,1,0,3,1,0,4,1,7,0,1,1,0,7,0,1,1,0,1,0,1,0,1,1,0,0,2,1,1,3,3,1,0,1,5,0,0,3,6,2,0,1,4,2,7,2,3,3,3,1,1,2,0,3,2,7,3,1]"
"[2.85556009,10.33473484,24.67844469,26.07934814,26.20296346,34.26128114,45.98992968,46.40029722,52.10380978,53.71567752,54.48160119,55.16868796,57.30799322,57.46014133,58.08068892,58.32433732,59.57027732,60.20676022,64.55456283,66.01752428,67.82465646,68.09676349,68.84622741,69.15149045,69.42490656,70.0179131,72.25975746,73.51119551,73.68333115,73.74008751,73.94784298,74.56374289,75.0396342,75.5859317,76.44373153,80.45111451,80.97118427,83.18553772,83.47596034,83.98005481,83.99071051,84.92525574,85.17839048,85.51545221,85.82129602,86.14357784,86.29116445,87.00977848,96.07379707,97.73185448,108.29948883,109.37063514,112.90027669,114.08931538,116.78246528,117.38402246,124.22487468,126.2144616,126.3552908,128.48578132,134.0584983,136.77356324,137.08369509,139.46159096]","[3,2,1,0,1,2,2,4,0,1,0,1,0,1,0,0,1,1,7,1,0,2,1,3,2,3,0,1,0,2,1,3,7,1,1,0,0,6,2,1,5,3,0,0,3,3,2,3,2,2,6,6,2,3,3,7,2,5,3,5,4,4,7,7]"
"[0.37672952,0.9551315,1.79059519,4.60513562,6.56353291,9.75705967,15.94483477,18.89685977,21.62749108,22.7704511,23.75405233,24.37530815,26.1856517,26.48521586,27.05437342,27.53154503,28.59238385,29.40419397,29.99961492,30.05196536,30.27825256,31.67827645,35.12462585,35.34356763,38.31734118,41.13019752,42.59161934,43.50633112,44.93890172,45.24535432,47.03487589,49.4103362,49.74730218,49.80333021,50.26668233,50.45234623,50.86179952,51.41477316,51.90720994,52.64789622,53.09987334,53.29881768,54.42225581,54.53489479,54.80708415,55.28838674,55.61342369,56.20804741,56.83127976,56.83397802,64.55544615,66.97875982,67.11039473,67.28848606,71.71895158,71.86629581,72.25597088,72.69870655,72.70139768,72.89592973,76.06279924,76.1203466,77.85140989,78.70617873]","[1,0,3,0,0,3,2,0,7,7,0,4,1,0,5,1,0,1,0,1,1,1,0,1,7,2,5,3,1,7,4,0,1,0,1,0,0,1,0,2,7,0,1,0,0,5,1,0,3,0,0,0,1,6,1,2,0,0,0,3,2,3,3,3]"
"[6.58407283,6.81593119,7.31749931,10.77555308,11.27730253,12.53880184,13.28292879,15.91137193,16.28895709,16.65330772,17.27566201,20.58513587,20.69523881,22.07606661,24.05625853,25.83626267,26.12805726,26.64789559,26.76457275,26.79936098,26.93955134,28.93033117,31.10078895,36.33823007,36.38329123,36.52739199,39.41272101,39.92214058,43.5398404,45.18082653,45.60435107,45.747783,45.96742393,46.70724568,47.29253314,47.76982066,47.85458907,48.29483732,48.35203319,48.53762713,48.58139569,48.97515114,49.2933865,49.8375225,50.97345178,52.95382241,54.93874049,55.10694526,55.41275367,59.50637079,59.71381876,61.70781439,63.18245039,65.62173514,67.38810767,69.71056639,69.80158038,71.44814986,72.76835575,74.28467553,74.86785056,75.36548943,75.53516097,75.91868799]","[2,3,4,2,6,7,3,5,3,7,0,3,2,3,3,0,1,4,0,0,4,4,5,0,1,5,7,0,6,2,7,0,2,1,0,1,0,0,0,1,0,0,0,5,0,5,0,3,2,0,5,1,0,1,1,0,4,7,0,3,2,3,5,3]"
"[0.41198144,0.84365639,1.0319965,4.28624482,4.38301847,4.98160792,5.02192436,9.98087347,15.48467417,19.49143167,20.32621482,20.5164786,21.75804132,23.01014064,27.89959274,28.53660636,29.60176397,34.05763787,38.10833481,38.70399543,38.79810254,41.75788971,42.51404482,49.32489547,49.42639193,53.1389336,55.42969225,61.98210798,66.58245163,68.5713795,68.66140163,69.12104796,71.53961281,71.92305044,73.77170858,73.81164678,74.72399567,75.72027651,76.36692826,76.39159986,76.95435917,77.54491075,81.97506089,86.11721182,86.12788458,86.14759805,86.83715737,87.12947346,87.42169687,87.60219777,88.17673797,90.07749008,90.37007627,90.55047174,90.80013983,90.97750917,91.23395424,92.39479123,92.48437488,92.7147992,92.95447508,94.93574249,95.76685104,98.28395176]","[7,0,0,5,6,4,2,2,2,0,4,1,6,5,2,3,0,2,2,3,3,7,3,0,6,0,2,0,1,0,1,2,1,0,0,1,0,1,0,1,3,3,2,1,0,1,3,6,1,0,1,0,1,1,1,0,0,1,0,0,0,1,0,2]"
"[7.05141553,9.13999438,15.11275445,18.72841457,25.43642624,27.14489156,28.2745565,29.40180253,34.35836969,39.97249685,42.08184058,46.05368006,46.39265116,48.00541643,49.14638156,61.65664604,62.51461708,63.07966618,63.16034564,64.66130308,67.67742467,74.25362064,76.29368988,76.6935386,77.00376406,78.86119346,78.98370853,80.28173289,80.8639711,82.45057022,83.93343441,84.16596387,84.49335544,84.65183658,87.26182905,90.90722923,90.92885801,91.10837117,92.37206498,92.63645267,92.98821031,94.66476989,96.84015783,100.34882405,100.71856076,101.90447224,111.30750847,112.22190826,117.03331907,119.17064461,122.711297,123.10247616,123.71886191,123.89496398,124.0248426,124.39789265,125.51272932,125.65277784,127.23503284,128.48537399,128.66923589,128.99607014,129.7469564,129.76659396]","[2,0,1,5,2,2,3,6,2,7,0,0,1,7,2,0,1,4,5,6,6,6,1,0,4,4,0,2,3,3,6,1,5,4,7,0,1,0,1,0,0,5,7,2,4,2,2,5,1,3,0,2,3,2,1,3,3,3,6,0,2,7,0,1]"
"[1.62328224,7.82495723,11.30985094,11.74815631,11.75919011,13.54058023,14.25053761,15.66349134,15.90812672,16.08111635,16.80184488,17.19162228,17.22910737,17.73242839,18.45580497,18.68164994,20.04055777,23.06292755,24.44857257,24.4840156,24.76705852,26.02593887,27.3082771,30.89189386,37.33958223,37.34715979,37.55191576,38.11572145,45.4888307,49.31943914,51.34974217,54.31497607,56.97019655,63.5509879,65.08534915,65.26354756,66.03871621,67.10549375,69.82820067,69.99901807,71.78953483,72.54167131,82.45071893,86.45092129,91.12818753,93.77257346,94.60902118,94.96322836,95.59999763,97.05387944,97.151788,98.32291015,99.43365527,99.45327086,99.61730668,101.22951624,102.19145448,105.96521827,108.85495181,112.48146412,112.53483861,112.83528299,113.09876854,114.09518321]","[2,3,6,2,7,5,2,0,1,3,0,3,0,2,2,4,3,2,3,1,5,2,3,5,2,3,6,2,4,3,3,6,4,1,6,5,0,1,0,1,5,1,0,1,7,0,2,1,0,1,7,5,2,0,3,6,7,4,6,2,1,3,2,1]"
"[9.94052754,11.49990817,12.73262177,13.9965613,14.75004172,16.77312251,17.5172673,18.72181935,20.20142699,20.38691225,20.71590344,23.63580474,24.62945656,25.27303936,26.32374195,27.3535858,28.66689638,29.4245537,30.04895282,30.17972678,31.42929114,40.2190659,40.47487669,41.09656295,43.59006867,44.58472422,45.19392043,51.36860181,59.68970409,60.94837519,63.26376482,67.21442968,68.84506907,69.34073062,71.34711694,75.40895547,76.53735261,77.79942487,78.53949861,79.99318815,80.07997342,80.52052912,80.78159924,81.80702175,82.28729352,83.06404941,83.15813496,83.40761266,84.69811768,84.83467158,87.46105878,87.65166519,88.02268828,98.41457058,103.10968757,105.75302699,105.93961434,106.29044888,106.59013503,107.38199897,121.27348041,123.51005126,124.25112275,124.92553509]","[3,2,3,2,1,0,1,3,0,1,4,4,1,0,5,2,3,3,4,2,7,4,4,4,7,7,2,7,7,7,7,0,0,7,7,0,2,1,3,1,0,0,1,0,7,1,0,0,7,1,1,0,1,7,3,0,1,4,0,1,5,5,2,3]"
"[0.83100659,1.17327703,2.97224929,3.93722185,6.3891785,6.60539898,7.5326815,8.73314032,15.25142716,16.08843057,17.90439447,18.24869648,18.68199339,28.26860725,33.77294481,35.1281431,36.34069644,43.94804938,49.61392765,50.02859678,50.04297967,50.1005565,50.72042622,51.77405516,52.36505325,53.33852053,55.2299569,56.78136118,64.98042662,67.39217494,67.72900258,69.32600273,71.84946246,74.20601005,81.28288645,83.05837192,83.25711192,85.88862731,88.52448901,89.44579924,91.22819373,93.12891876,94.10611278,94.32884474,96.82928456,99.98680468,100.06133426,100.30526076,100.75244342,101.7498673,103.63681057,107.53276747,109.63823439,113.22640791,115.08583213,120.75553462,121.78144819,123.9837384,124.15724146,124.21101638,129.17041013,131.29305656,131.36762971,131.86861864]","[5,4,1,1,6,0,1,0,2,1,6,7,6,6,2,7,7,1,0,5,4,2,1,6,3,2,7,2,6,4,7,7,5,0,5,6,7,6,2,3,3,1,3,0,2,3,2,0,6,3,5,6,7,1,0,2,7,5,7,6,1,0,3,2]"
"[5.54183439,6.2908791,8.34595731,10.07256576,11.00598413,11.03069682,11.58650759,12.57305036,12.82908308,13.40538003,13.49823693,13.73646477,14.12182896,15.31566927,17.18739731,17.83415446,18.52645074,22.06604605,25.18052146,25.82457265,26.57055611,28.52604025,28.78794478,30.23852895,30.70383632,37.2518781,37.8596378,40.74804065,40.81134291,41.36188613,41.36767362,44.65399905,44.81624898,45.27394485,45.78364427,46.53356921,47.27172165,49.95058616,51.61022605,54.54981744,55.05666174,57.28241838,57.66498545,58.19354439,58.2754684,58.33241067,58.8515203,61.34427151,61.65807676,63.61103244,64.01651959,65.19513333,69.29700411,71.56956489,71.75636077,73.32902158,76.15813155,76.39172032,76.47375451,76.58097288,76.83940458,78.27081424,78.8142328,82.38153935]","[0,1,0,1,2,1,3,2,2,3,3,3,3,3,4,3,7,4,2,3,5,6,1,3,1,7,2,3,3,7,2,3,3,4,3,5,7,4,3,7,3,3,1,0,1,0,1,0,3,5,0,1,3,0,1,7,2,2,3,1,0,3,3,0]"
"[8.37139569,8.66226349,14.5234572,16.17368621,16.63505694,27.55273324,28.36297756,30.89754104,33.42062394,39.35573811,46.69483551,47.79951001,50.05805234,55.20908159,57.10589172,58.22992745,61.94405457,67.9214425,74.54138884,75.07439789,77.75956001,79.46889593,80.44500604,81.07668276,83.33681752,83.86758913,83.98518962,84.75780662,85.27013302,85.98344711,87.6473604,88.20221177,89.1344324,90.33015644,92.53592642,92.74182837,93.05079737,94.24886587,94.25868013,94.8240869,94.88421495,95.96945098,96.59620507,96.77895443,97.01617482,97.49671899,98.66335511,113.67055087,114.45273234,115.18506717,117.25627088,121.48954879,123.08865393,124.24568309,124.87413757,128.46428517,129.40597999,129.44342235,129.81420388,129.89461798,130.2993356,130.38481693,130.60491317,131.66379959]","[3,7,1,5,7,7,1,0,6,3,2,5,6,6,6,7,7,6,1,1,5,2,3,4,3,3,2,7,4,3,2,2,3,3,2,3,4,2,3,3,3,2,3,3,3,2,2,7,0,1,6,7,0,1,5,1,2,1,0,1,0,7,0,3]"
"[3.78681188,4.62722708,5.57047371,9.12777968,13.90080496,20.75728402,23.80149797,25.55561484,29.5191477,30.23687127,30.77210689,38.02864744,45.40589258,45.78898656,49.31994059,49.81190738,50.91426383,51.4751624,51.67495818,53.21604588,55.26891911,56.14717463,58.90625868,61.1183243,63.61325312,69.18474969,73.08322505,74.49933673,74.72512347,79.80261861,88.39649482,89.36779742,92.64675676,95.13108822,95.24096624,95.76309137,97.62493668,100.03858787,100.7985169,101.70382737,101.99732582,109.90445588,110.34451603,120.41723592,122.06066299,123.4528515,123.68783154,124.61441311,125.17294701,127.32504656,127.918306,128.95278082,130.39635877,130.62090156,131.60499272,132.21442689,133.86022874,137.18441645,142.69340672,142.87952571,144.07735862,144.74487061,145.68788412,145.85258012]","[7,2,2,1,6,2,1,0,1,3,7,1,2,1,2,3,2,3,2,3,2,3,3,1,2,0,7,1,0,3,1,4,1,0,1,1,7,5,0,1,5,7,1,5,2,2,5,5,1,2,0,0,4,0,1,5,1,0,2,3,3,2,6,3]"
"[2.43705514,4.78594033,6.4951963,6.69154629,7.00916297,8.90642812,10.55391213,16.74837903,22.82625348,23.28742739,23.33433232,24.23273576,24.96047862,25.08099823,25.12727135,25.32927245,25.43718468,25.68386841,25.75918039,26.1695426,27.18440037,27.3129073,27.38176195,27.62904679,27.63645996,27.96857119,27.98949818,28.11699296,28.29519546,28.30459917,29.58085711,29.81982928,29.9564689,30.22124238,30.40383547,30.5555152,30.62711059,30.86171806,31.20814807,31.39241405,31.8046229,32.09629165,32.617943,32.8735063,33.23023539,34.04661706,34.12837688,34.49500245,34.87945466,35.85801251,36.29377966,36.35435417,36.70411258,37.31535257,38.03069061,38.41061674,39.3501458,41.12949526,41.23713221,43.82806691,44.36584363,46.02310926,46.96524169,48.46843043]","[7,7,4,3,1,1,0,2,7,1,0,0,0,1,1,0,3,2,0,1,2,3,2,2,1,1,7,1,3,0,3,2,0,3,1,2,0,2,1,2,0,3,1,6,2,0,1,1,0,1,2,0,7,1,1,0,0,1,5,6,0,2,0,2]"
"[2.68196706,4.12284475,4.21698535,4.58223333,10.44160372,10.54429923,11.98057704,12.93368055,13.01687939,13.47924181,13.67990591,14.354322,14.56981329,14.63902637,15.02724218,15.45746166,15.57272156,15.6835834,16.23422293,17.28433537,17.86462203,18.5088162,20.67691994,20.79919335,21.4540325,24.57757774,26.5276344,26.55564129,29.42624279,29.82170606,31.359296,34.03158904,34.2660734,35.43400902,37.16513162,49.04116601,54.5501245,56.99306911,58.98181996,59.14531649,59.7195574,60.57513066,61.29184271,62.65514717,65.54715435,65.69787682,65.74491315,65.92408968,65.97606646,67.21894993,67.97977832,72.27297937,76.44692931,80.9610726,85.79481865,86.43655108,86.92435026,88.7640742,89.17219339,89.76787586,90.25704266,90.28889821,90.98820275,91.79485049]","[2,3,7,2,0,0,1,1,0,0,1,2,0,1,1,3,1,0,0,0,0,1,1,0,0,0,4,1,7,2,0,1,1,0,0,4,2,0,1,5,6,6,1,6,0,7,3,1,1,0,1,0,3,2,5,0,1,1,0,1,3,2,0,0]"
"[6.9092444,14.467846,16.55465113,20.02274527,20.37677611,21.45787817,21.73134017,29.8521694,33.41051597,34.82486683,37.52260879,39.19184021,49.27933859,49.54746941,50.10043864,54.01213342,54.01653962,54.07556271,54.27187065,54.35588555,55.69427404,56.68643896,57.04987443,57.77116381,58.07347432,58.0969698,58.12115071,59.50348306,59.75344333,59.94984223,61.10213675,62.52393395,65.01081103,66.1303553,79.50250852,82.76915939,82.88607695,82.94230223,84.02612907,84.13178796,85.95668161,89.19018671,90.68551552,91.34892701,91.43281368,91.9497764,92.66776772,92.85332018,92.90306305,93.86157331,94.28894275,94.63070848,94.81858661,95.0098116,95.09535887,95.32716457,96.97526624,97.12181989,97.34566355,97.45051708,97.52487671,97.80735005,97.91285127,98.04229653]","[5,4,2,2,3,3,4,2,2,3,4,4,6,3,6,2,0,3,2,1,3,2,3,2,2,3,2,2,7,3,5,3,7,7,6,0,1,1,0,1,0,1,0,1,0,1,1,0,1,0,1,1,0,0,0,0,1,0,1,0,1,0,0,1]"
"[3.21937232,4.54215703,4.98886667,5.03246088,5.14545584,5.23621068,6.05627468,7.1370401,11.27010627,11.29148102,11.69061462,12.39812307,13.33641853,13.75633275,14.64901278,16.18582611,16.26707385,22.62385953,25.9683811,26.27105005,26.72260173,28.08295384,30.24316886,36.23274368,36.28961209,37.7428133,40.91691771,41.12753902,41.14746084,41.17725804,48.11980635,49.63490993,59.48952193,60.02345256,60.35359761,60.57731503,60.65880603,60.78752105,61.15059197,61.40336924,61.87801538,62.18405474,62.41934509,63.97698376,64.11645575,64.23721384,66.96552867,67.04988127,67.97656216,70.03909401,71.23729199,73.0164685,73.06691989,78.54610777,81.31668843,82.67627073,82.77099931,83.72715128,86.57806679,86.67201974,86.9157416,87.81240369,88.16209869,91.88710211]","[1,2,0,1,0,1,0,1,3,2,2,4,5,3,2,7,7,0,5,3,6,7,2,5,7,7,3,3,7,5,5,7,1,0,0,5,0,0,1,5,1,0,0,5,1,4,0,1,0,3,3,1,7,1,4,5,7,1,0,1,6,7,4,2]"
"[0.64704587,3.19442683,6.71323035,8.36889046,9.75678423,10.60667993,10.88648211,12.40222087,12.46001764,14.02114121,15.83722389,16.37221884,27.97572948,29.64712923,29.71831068,29.76363071,30.17964075,30.83556481,30.98139422,31.67858074,32.57661341,38.54770389,38.62127667,39.57308212,43.03042659,43.2523547,44.31100317,45.24945766,49.40090629,51.1041757,51.51380047,55.03703583,56.28517113,57.58451889,58.19038135,58.20455447,58.46198092,58.63247927,59.23591552,59.23757819,59.50288357,60.02114292,60.71133331,61.5395776,62.10421894,62.37425472,62.47477026,63.6616402,63.73642654,64.51572424,64.68997018,65.78666256,68.70944645,68.72021139,69.16864982,69.74469074,72.44717998,84.74095857,84.93323835,85.56971508,93.53286929,93.82931139,101.57003328,106.25161672]","[2,7,2,2,1,6,4,1,6,3,2,2,1,0,1,1,0,2,5,7,1,6,7,4,0,7,5,2,5,3,1,0,1,0,1,0,1,1,0,1,1,2,0,0,1,1,0,1,1,0,1,1,1,6,2,2,2,2,3,3,0,1,7,0]"
"[0.53655669,4.81735367,7.98487605,8.5345377,9.19194734,10.17288922,11.03469391,11.42690889,12.06327627,17.837257,18.33751079,22.32151333,23.99301645,25.17567299,25.43826735,30.13007924,30.48717969,30.88607525,31.39119468,33.40023387,39.45482981,39.52414576,40.84117833,44.10539345,51.27399952,55.56997607,58.27391622,61.60542388,61.65036341,62.29843049,62.3432621,65.0037405,65.84072171,68.6258927,70.80556466,72.78774215,73.65082067,76.42736181,77.23518719,77.36943014,81.03449058,88.30316075,99.41822149,101.52834624,101.95641173,105.4632376,107.82362376,115.55196169,118.51184725,118.77955981,118.97093708,119.42997915,120.62874295,121.96428288,122.94636286,124.42400524,124.49615508,124.54570587,124.77439368,125.04647076,126.11644378,127.11322773,127.67309725,128.02215083]","[4,3,1,2,3,5,3,2,3,2,3,0,5,1,0,0,7,7,0,1,1,2,2,1,0,0,5,2,7,5,5,5,2,2,7,4,5,2,4,6,5,5,3,2,3,5,7,7,2,3,3,7,1,2,0,5,1,3,2,4,2,0,3,7]"
"[0.38975793,1.19114417,4.65423328,5.84657863,11.45488165,11.63434918,11.80259985,11.89727614,11.95656923,12.00959634,12.17043063,12.64179932,14.27781323,14.29490429,14.83004235,15.29716124,15.31115473,15.51349038,15.64887726,16.3042013,16.45065986,16.80044685,17.49866466,17.50370378,18.14643254,19.20222671,20.71101212,22.25385035,24.43363767,24.67235991,26.59461978,28.25274905,28.36566568,28.77661272,29.56140018,30.90672933,31.12330115,31.53521195,31.5826191,32.44467468,32.94250792,33.26413832,33.43189759,33.56256941,33.67756063,34.98355399,35.29380485,36.2098528,39.09301804,39.55940852,40.29934825,41.44756679,42.63847473,43.30514639,44.18565531,44.88015085,50.02481222,51.01124137,54.6811,55.82893274,56.30664401,59.12225541,60.07201444,61.36784168]","[0,1,7,0,1,0,0,1,1,0,0,1,1,1,1,0,1,0,1,0,0,0,0,1,1,2,1,1,2,2,6,1,1,0,1,1,0,1,0,0,1,0,0,0,0,1,1,0,0,5,5,4,0,5,1,1,7,0,2,3,7,2,1,3]"
"[0.9544886,3.43805464,10.42991628,10.846292,16.79949815,16.84595552,17.77423429,21.53875872,24.19762556,24.84648582,30.44071758,34.65981039,37.64307543,38.43424114,39.18856612,39.34137643,39.58169008,39.6075122,39.87178661,42.90735253,44.32434139,44.55638405,45.63439912,52.84633809,54.65410999,59.78999997,59.92600847,60.33841594,61.15065215,66.63528602,68.10109934,68.67693412,68.72159821,69.16114862,69.25123281,69.40476379,69.73749078,69.93460381,70.04908286,70.16146945,72.05346123,72.10776842,72.18768798,72.8886468,73.40762791,74.14976999,75.62202319,75.62300161,75.64327225,76.49645067,76.74330997,80.02596708,80.0503836,80.37102086,80.67866154,80.69868916,82.94255321,85.95112646,86.36188734,91.3012895,102.48001925,102.67068276,103.04340377,106.1122887]","[3,6,4,2,3,6,0,3,5,3,7,7,3,7,2,3,2,3,3,2,3,2,7,7,0,3,2,3,0,2,0,3,0,1,1,2,3,1,0,3,0,0,0,1,0,1,0,1,0,7,1,1,0,4,0,1,4,6,0,2,1,0,5,1]"
"[3.70694055,3.85234699,4.24185558,6.94072048,7.29307546,7.74881256,11.45438214,12.06524557,12.37757663,12.42818884,14.44854596,15.31982712,16.1031999,18.21804592,25.71227051,28.35681121,40.17045597,42.51699052,45.26523648,50.96912368,56.07436069,56.743422,56.76892663,57.41591134,57.68108936,58.6919676,58.72466919,58.97873177,59.20306926,59.61544223,60.13585625,60.17805792,61.08094882,61.13727363,61.41715669,61.47887372,61.66042205,61.91624054,62.11643906,62.15611483,62.19222832,62.35537406,62.47775858,62.52892132,62.59240852,62.73435603,62.86522834,63.84782472,63.88977494,64.06049977,64.17126375,64.36355681,64.4505915,64.50605456,64.85859931,65.49835032,66.78234925,67.1501593,67.43379602,67.4815849,67.63965324,67.80792575,69.14785505,69.60514973]","[1,0,7,5,0,3,1,3,0,2,6,2,5,5,2,1,3,1,2,3,0,1,0,0,1,0,4,1,1,1,0,0,2,0,2,3,1,0,1,3,1,0,1,0,3,0,0,1,0,1,4,4,0,0,2,1,0,5,0,1,0,1,0,1]"
"[1.9028456,5.60285655,14.39978881,15.21345379,15.48095656,16.53190872,16.58237989,17.29706146,18.15043878,18.23256403,19.06842301,19.23328909,19.71040217,23.39154964,26.47275105,26.48790242,27.30113192,27.37834335,28.45132387,28.68119442,28.87843161,29.01917219,29.15204131,29.33976301,29.39911793,29.5878334,29.61168999,29.76153516,30.27192023,31.54587297,32.80953512,33.52205671,35.66021453,36.35279405,36.71520074,36.84175323,36.96679154,37.28969075,38.37085255,39.13574864,39.82402917,40.87638459,40.91774582,41.21511567,41.86504915,42.95859349,44.25274593,44.53096512,45.10500893,45.8580595,48.55282532,48.62578936,48.82980792,49.39283354,49.93788769,50.39824208,50.58233373,52.09591781,53.80283867,55.1041573,55.84294653,57.13986121,57.8739926,58.8012226]","[5,4,0,2,3,1,2,3,1,3,5,2,2,3,1,3,0,0,1,1,1,7,0,0,0,0,1,0,2,7,7,1,0,0,1,0,1,0,1,0,1,1,0,5,1,1,7,2,3,3,6,3,2,6,2,3,2,6,5,6,2,2,3,2]"
"[0.8518236,1.18931861,2.56253042,2.95769406,8.87257423,9.48309711,9.67621458,10.09031846,11.0311062,12.46085447,12.57818446,16.29665139,16.30710588,19.65668347,20.00138041,20.11187489,21.23096113,21.99585305,22.97893612,23.26576133,23.52732708,24.18378094,26.0020034,26.16667914,26.39330464,28.10047718,28.64077659,30.84934575,30.96944249,34.2063364,35.74046166,37.28533558,39.63091145,39.94466306,42.21664931,42.28694881,43.01396993,43.34328262,44.15875001,46.59528374,48.19885936,51.9804306,56.64315391,67.66101423,67.89936814,69.42495383,70.41859555,70.77550677,72.16198944,73.77056793,80.03670111,81.26551243,81.92453888,84.24556605,85.24190986,88.42389322,89.75041719,92.08886283,92.87618089,93.14387481,93.88860189,93.99051868,94.64743707,94.73907376]","[2,5,3,2,2,4,3,5,7,2,3,2,4,1,0,1,2,0,0,3,4,4,0,2,1,0,0,4,0,5,7,2,1,0,1,1,1,0,5,4,1,6,5,5,6,7,7,5,5,7,2,4,2,2,1,7,1,5,1,2,1,0,1,0]"
"[5.51551723,7.84033719,7.88139861,11.62990157,11.98205227,14.45136081,16.23521829,16.6871773,17.15632737,19.94323096,22.12222162,22.30643979,22.41906862,23.47610421,24.55996968,26.44638604,27.80589796,28.60327464,28.68335864,30.41958897,31.08050034,31.1963982,32.57641922,37.60959073,39.0794977,40.60933373,41.2881435,42.6779223,45.05538432,46.79061127,47.51347675,53.82216288,55.08560425,55.77505224,58.20422654,64.51885951,64.75329857,64.78289572,65.04222097,65.35187912,65.84290737,66.12262101,67.01152191,67.15243508,68.01655061,68.48463506,68.74649198,69.31042547,69.33743051,69.65382815,69.70893471,70.4377801,71.37330333,71.46982488,71.62367274,71.77223302,71.86300654,71.9024524,72.27723374,72.53197845,72.77077982,73.2074817,73.27633989,73.56242354]","[2,3,2,2,7,3,4,1,0,1,0,6,1,1,0,0,0,1,1,1,1,5,2,2,3,1,2,0,1,5,6,0,4,7,1,1,0,1,0,1,0,0,1,0,0,0,5,0,1,0,1,1,0,1,1,0,1,1,1,0,0,1,0,0]"
"[1.44851173,1.53902089,13.34513543,18.7100763,26.0190932,28.59840941,28.66555173,29.02628312,29.06426325,29.22392683,29.45026154,30.76493926,31.32981077,31.75486763,34.0121553,37.94949062,39.89820831,41.19418087,42.08883506,45.78147172,54.96161658,59.92494544,60.51403359,70.25398598,70.92096247,72.49244827,74.29798408,75.13243978,75.91383139,76.10470693,76.36770793,77.64813764,79.10592585,80.24622147,80.49864085,83.35976794,83.69101054,84.24772034,85.34226454,86.08214118,94.58526485,95.49651532,100.17992592,103.16588788,113.16187496,114.19885648,120.5034244,121.03437516,124.03441861,126.48025832,126.96739606,128.64560872,128.68033971,135.7481286,136.72851456,142.40530757,143.87862382,143.89171819,145.06597835,152.50324434,155.52439697,159.08261982,160.24164372,160.25326254]","[5,5,5,7,3,1,2,3,0,3,2,3,3,0,6,7,3,2,4,2,6,7,1,3,2,2,2,3,7,2,3,5,4,3,3,7,0,4,1,0,5,6,5,6,2,1,7,3,6,5,7,0,1,4,6,1,0,0,1,6,7,5,6,7]"
"[1.18617468,9.20388723,10.53451791,12.36357193,16.14446906,16.16360033,16.18861598,16.93840868,18.04218253,23.67225929,27.80665652,30.76462887,36.16845972,37.953871,43.91615556,49.29380992,51.35254028,51.51575422,52.20701925,52.40097265,62.36854569,67.53564419,71.8889696,72.91533458,78.74872631,79.99080003,80.32434755,82.93930177,82.94429308,83.07390145,83.18545909,84.03632847,84.28936127,85.10395113,85.30690059,86.05776195,88.32067349,89.46380494,91.2000879,93.01641876,93.7615834,96.24303878,98.01340225,98.66266362,101.11190292,102.69506584,104.19094932,111.1350372,113.91163293,114.68218206,114.85649537,114.87069806,115.66274611,116.64835969,116.73149955,117.80839184,118.37038332,119.65870122,121.55721076,123.23581474,124.27237301,126.52081667,131.60696115,131.88124624]","[3,0,0,5,1,0,0,0,1,0,7,7,1,5,6,7,5,1,0,1,1,2,2,3,3,3,2,1,2,2,0,0,1,0,1,6,1,4,7,7,5,2,2,3,2,6,1,0,3,0,2,3,2,1,6,3,6,0,1,5,7,1,0,1]"
"[0.91945713,2.67534455,7.71818815,11.32790887,13.07228573,13.68487672,18.67342129,19.51520403,28.57506311,29.45064023,29.52514237,29.90013727,38.36733908,41.38895509,41.67116073,42.73053424,44.62359754,45.39247917,45.64681738,46.7166235,46.76933039,46.96205776,47.15960211,47.98282784,48.55480036,49.08694175,49.28362082,49.2966634,49.98706347,51.62241623,51.84710824,52.06602306,52.8240152,52.87955231,53.00320685,53.09338909,62.5416704,68.53334245,69.84071774,72.02993957,72.80903141,72.88772135,73.61209668,76.24088445,76.38182187,76.62718798,77.65039334,77.90567759,78.73554306,79.36008811,80.35026856,80.50031602,84.42360573,84.78334988,84.9088338,85.03015809,85.0503176,85.2574771,85.39089793,85.41799773,85.47364899,85.77793018,87.13769148,87.5349471]","[2,3,7,2,3,1,5,5,3,6,0,4,4,2,2,3,3,3,0,0,1,1,0,6,0,4,7,1,1,0,6,1,4,0,1,1,4,7,1,0,1,0,1,1,2,1,0,1,5,0,3,1,0,1,1,0,0,1,1,1,0,1,1,1]"
"[2.66439661,5.08586578,5.72025306,10.73319955,18.11556133,23.63306049,28.05451641,29.59881608,34.24866484,36.26017373,44.34648258,44.56669636,45.7639056,46.22974594,46.28626835,48.374042,48.41590458,48.55589828,50.16975194,50.24807232,50.54841965,51.23703019,51.73638075,52.00100419,52.71285531,52.88929521,53.70021634,53.71442039,55.9557956,57.01903852,57.86697885,67.07651236,67.22432,67.66807652,67.7143783,69.97133572,72.93413074,73.78328863,76.64154307,76.88264676,76.89626292,77.51702064,77.81504194,78.04765572,78.2336024,78.25391929,78.26490958,78.35733344,78.42342779,78.5791767,78.89713481,78.97548822,79.68078229,79.89937479,79.9181342,79.97877826,79.99057605,80.0589619,80.39516661,80.53949308,80.55528991,80.62050022,80.90446285,80.9381892]","[6,2,0,5,4,1,1,1,7,0,0,1,1,1,0,0,1,0,1,0,1,1,0,0,0,1,0,1,1,0,4,4,7,1,5,1,1,3,0,1,1,0,1,2,1,1,0,0,1,1,1,0,3,0,1,0,0,1,1,0,1,0,1,3]"
"[0.17403241,0.26022682,0.92108148,1.67827021,2.34703815,4.44055366,6.12826262,8.6973647,10.41916064,17.28022856,24.90003588,24.97193393,25.33353589,28.13529603,31.0978886,31.60774578,32.03725173,32.04348125,32.6000723,32.91845079,34.62822414,38.48942916,38.94450848,40.20217914,41.00211143,54.98783739,60.32366499,61.49424277,62.39354153,63.41036128,67.25534656,70.82713584,71.20021611,71.38111129,76.05509268,85.1949804,85.90960014,97.60706002,98.16051755,99.08069893,101.73539025,102.28421861,102.34763119,102.93521963,109.09567595,109.64657228,110.8393559,111.24551886,113.26269591,115.24156883,123.85772243,125.43864537,130.12509536,130.94906158,132.55855681,132.83426386,133.8815392,137.94651559,138.03346183,139.23895313,141.48367655,147.98554738,149.10181275,152.24326336]","[2,2,7,2,4,4,5,5,1,7,1,0,1,7,0,1,2,1,1,0,5,0,1,0,2,1,2,3,3,3,2,5,4,3,2,2,4,7,2,3,2,2,1,0,2,3,0,0,1,7,7,3,3,7,7,3,7,5,4,2,3,6,7,3]"
"[2.26479621,4.49656739,13.76150062,15.1246404,15.78001303,22.67002197,24.20796304,25.69933494,25.9383891,26.49249717,26.94385505,29.57328878,32.49652988,33.78886853,37.26269641,37.54079626,42.75091827,43.66054542,43.88754368,50.80821043,51.02917523,51.77468698,55.23915588,56.22465458,56.54357716,57.44281713,57.51678334,59.36832609,67.94917203,69.03011755,72.06592873,77.3590619,80.13916047,82.08696744,82.21236462,85.69933,89.38768884,90.81618322,93.47458724,94.31813964,96.38882641,96.51943041,97.20173429,97.39152395,98.90614198,98.92479771,100.60423731,100.67232362,102.58362732,102.6162831,103.87109189,106.05115388,106.87149891,106.87737963,108.81727559,109.04277755,110.63536749,111.13087377,111.22072742,111.71747364,112.5347277,118.98696356,120.15850117,123.88961315]","[1,7,7,5,6,1,0,1,1,0,1,0,1,0,0,1,7,7,2,0,7,5,2,1,7,7,1,7,0,7,7,1,7,1,0,7,2,5,2,4,1,0,0,1,0,3,2,7,3,2,5,3,2,3,2,2,1,3,4,3,2,7,7,4]"
"[5.60818102,11.54095971,11.8192952,12.44544887,14.49948157,15.16105081,15.2020902,16.04746876,16.07311719,16.9071427,17.66165599,18.06370704,18.41141643,18.5726016,19.99733058,20.09053176,20.28466109,20.48276444,20.77290692,20.93419328,21.15344935,21.28092862,21.73171679,22.1380765,22.37507604,22.61451141,22.63567589,23.75324364,24.23917652,24.29477928,24.4729092,24.70982578,24.76075279,25.45931933,25.48688182,27.18425478,28.90696192,29.34670154,31.50903089,35.83610352,36.7440055,37.89321517,38.23155907,38.53519188,38.60294246,38.73839715,38.86561942,39.23019272,39.2857666,41.17027781,42.62513511,43.82943142,44.53240005,45.06685461,45.36424968,45.84132624,46.44606899,46.622933,47.40083599,47.47883615,48.52095209,49.18241923,49.91372873,50.04354132]","[5,2,1,3,0,4,1,6,4,1,0,1,1,0,0,1,3,3,0,2,4,1,1,2,3,2,3,2,0,3,2,3,5,3,2,1,2,3,1,0,0,1,2,0,0,1,1,0,1,1,6,4,6,1,0,0,1,0,0,1,1,0,5,3]"
"[5.86257057,7.11798444,11.31866326,16.42123829,17.23185467,18.68788464,19.22155849,20.21082019,28.14133059,33.25232469,34.05269743,34.99778881,36.21936309,38.13183279,41.64345157,42.36969106,46.93191692,50.01249072,51.09284329,51.54132949,52.01599288,52.38458417,54.5711229,54.84065486,55.710786,56.13833595,57.73717672,63.03934689,63.72847621,65.82977567,65.96947443,69.10963956,69.93706864,70.82707632,81.60810727,87.67661631,87.87011515,88.22112311,89.13417626,90.89825928,93.13152201,94.38307787,94.57519964,97.28690315,103.08190722,103.08793268,106.16390888,106.99413537,107.39865688,108.61292161,112.4937574,113.65171098,113.81316759,113.96812425,115.05371298,115.66681959,115.74761178,115.83975551,119.29670222,119.87134425,119.93503743,121.53225226,122.42442469,122.86816532]","[1,0,4,7,5,5,5,2,2,1,5,2,3,3,7,3,1,6,0,1,0,1,2,3,3,4,3,5,6,3,7,3,7,6,2,2,3,3,2,7,3,1,2,2,2,7,2,3,6,2,0,7,0,1,2,1,2,0,0,1,1,1,1,5]"
"[1.485438,2.47084869,4.26976227,4.5075402,7.186459,8.07133978,8.12041056,9.18282409,10.43903671,12.03893346,13.4803385,13.77169211,14.45323142,14.48317182,14.5084327,17.2703496,18.03498684,18.15726563,18.65623032,25.60886181,25.81452038,26.20773784,26.51497987,29.6891209,30.09280333,30.18208108,30.9194221,33.93861349,38.39167814,38.54247834,38.71310695,40.04709597,42.99878976,47.05023762,47.41793997,49.81438456,50.23626262,51.57118732,51.73615649,51.76248275,51.91945957,51.98717908,52.13498676,52.17917269,55.06849708,55.36918213,55.58808188,56.26578115,58.33147956,58.51701253,58.583886,58.59541283,59.65905013,60.5277516,62.97846227,63.61653877,64.34184014,68.19579016,68.32625358,69.01571458,69.11535946,72.36252208,72.74530713,73.03653584]","[1,0,0,1,1,1,3,5,1,3,2,3,3,3,3,5,0,1,0,3,7,4,3,5,2,5,6,3,0,1,1,0,1,1,0,0,1,1,0,1,1,0,1,0,2,0,1,0,1,1,1,0,2,1,1,0,1,0,1,1,5,0,0,1]"
"[1.28329367,2.87108571,4.40347766,6.33535007,7.00803442,7.08091008,13.07055382,22.09072706,22.72581254,24.0467342,24.4114402,28.14933136,29.19250633,33.46996834,33.57529767,34.00845453,34.42777968,34.66441374,34.89478869,35.42202551,35.68363763,40.60438819,41.3219455,41.97357644,43.58867131,44.73934125,46.08899729,47.45644476,47.92525317,49.27655932,51.42712316,51.90290957,53.5743618,53.93015014,54.37131048,58.69872386,58.8129568,63.69977986,64.38741092,67.54732748,70.4366513,71.49772736,71.62228834,71.69679782,77.22363002,81.25769228,81.83946466,83.56188529,85.21681528,85.43425219,87.46262931,93.31200956,97.119336,100.52879839,101.51960303,101.61557177,101.65534183,101.94066852,103.43213863,103.85958509,104.64962934,105.31273046,108.72467696,108.7714535]","[4,3,2,3,3,7,2,0,7,1,7,2,3,0,1,2,5,2,7,0,2,5,0,1,2,1,3,0,1,0,1,7,0,0,1,3,7,6,7,3,0,2,1,2,0,2,1,2,0,1,5,6,4,7,1,7,2,2,3,0,1,1,2,3]"
"[0.74326121,3.42797646,4.51365977,9.31398719,9.47182945,15.03469287,17.28139301,17.85472682,19.34469694,19.70943895,20.60375953,21.25953923,23.75595332,23.78488688,25.02892653,25.82555151,26.50022261,26.77486593,27.7273824,27.94742442,28.93187049,29.20416382,31.57977546,33.98342675,36.4219422,39.36242946,39.91245527,45.7372072,46.77463815,47.89982543,52.52454734,52.64567037,54.64128901,55.72527586,56.99515726,57.38138142,59.57185228,67.52858219,67.72008153,68.56823628,68.62445447,69.43654493,72.22608639,73.93839672,78.72719291,79.9491351,85.48253568,85.52418084,85.99895902,89.26745579,89.86777276,94.41768777,97.74932119,99.83271526,101.26051586,103.14288895,103.90366402,104.16826825,105.76098779,105.82381808,106.05433589,106.84624286,107.77217043,110.37312703]","[4,2,0,5,6,1,0,1,5,3,1,0,1,3,1,0,0,0,1,5,3,4,2,6,4,5,0,0,1,1,2,3,3,2,3,3,2,0,1,3,6,3,4,7,6,6,0,7,6,0,0,2,6,6,6,1,2,0,2,1,6,6,6,1]"
"[0.4454903,1.81070723,11.10955479,13.42366873,13.92021377,15.73019698,16.99353215,19.03116912,22.07820391,22.21035771,23.59039404,28.01776159,29.58808414,30.03741852,37.15714896,44.06312043,46.21475524,46.26055765,48.55729681,50.94997943,54.10653333,55.85955267,59.2467457,61.51802664,63.08749756,65.17997468,66.07405927,66.24437715,66.94142066,70.15730801,73.65892255,75.82154501,79.38536062,80.08656595,81.28733052,82.52534699,83.81179369,85.14357483,90.60173325,91.37696358,92.33526947,96.45041851,97.80893855,99.6026987,100.52896844,100.85366006,101.19870851,101.66232643,103.94454941,104.1199974,105.68390236,106.4772104,106.61151419,109.28347772,110.14440331,110.15271421,110.31566297,115.97842641,116.98201952,119.15466876,119.74588992,125.94087521,126.37893612,131.35749202]","[6,2,0,1,7,0,2,1,7,2,5,2,7,2,5,6,0,1,6,6,6,7,2,2,2,3,0,0,3,0,2,4,6,6,0,1,0,1,5,0,2,7,3,0,7,1,5,0,4,1,1,4,1,0,1,0,0,3,5,7,5,5,5,1]"
"[7.10072219,9.54192051,12.14997925,18.31039855,22.96379198,24.63489062,33.27810713,33.78440236,39.7322017,42.89870396,43.41161778,43.82232379,43.95574461,45.29522078,45.92003571,47.19321264,47.67124144,49.56105897,51.93052907,52.58487562,53.25909838,54.55387734,54.68980879,55.01697715,55.59330924,55.71508135,56.21524833,56.47879634,56.65281034,57.15139556,57.49223024,57.93109583,58.85954519,59.54895562,59.75698123,60.49930229,61.19907566,61.34935826,67.27304009,67.65518678,67.83984342,68.12251879,71.72844985,71.83748618,73.42382745,73.84585549,74.51233523,75.29740135,76.58157263,77.28985393,78.00175293,79.64677778,79.6677279,79.70369192,80.14417517,82.21587704,84.78723178,86.09379595,87.49141322,87.56827006,88.28712015,89.46798614,89.48572705,90.45668946]","[7,5,7,3,7,2,5,7,1,6,0,5,1,3,3,6,3,2,7,2,2,0,1,1,0,0,5,1,2,0,3,3,0,0,4,1,4,6,7,2,0,1,1,0,1,0,1,1,0,6,7,0,1,1,0,1,1,0,0,1,1,0,5,7]"
"[2.42026719,2.68666004,3.07231739,3.37235533,4.71453546,4.90540163,4.90717986,4.94030297,5.00453575,5.38128376,5.45757313,5.79233052,5.8550366,5.86893451,6.11731577,6.29851597,6.86574945,8.18813504,10.36977154,12.73696367,12.95731526,13.16480334,15.20450365,18.19173778,19.07379056,21.75803248,23.75201786,41.87687727,42.21449681,43.67320063,45.10471473,45.32076853,52.77328209,53.40803733,53.56042601,60.52554158,60.81827038,61.12009704,63.03319031,69.29079408,69.76982271,73.38354887,74.42868445,76.97747643,90.42574343,95.24034024,95.38757527,96.69234096,97.36202072,97.64370458,97.87584925,97.88574995,102.25202323,103.17705361,104.04487844,106.63478677,112.2627021,112.87345031,116.22492045,119.96532126,123.79459955,126.24444241,127.77123585,128.06426903]","[1,2,1,0,1,0,0,1,0,0,3,0,1,1,3,3,2,0,0,2,1,1,3,6,1,2,2,6,6,3,5,2,6,2,2,5,0,1,2,0,3,1,1,4,7,7,4,1,0,0,2,1,0,5,7,5,3,4,4,7,5,4,2,7]"
"[0.79296758,1.39891576,1.53055074,1.84863408,2.89563301,4.20119154,4.22295503,4.59261181,5.03228502,5.3756359,6.22157176,9.45871434,10.48866016,10.60913619,10.85806301,11.33422831,11.57600169,11.87582741,13.13212568,13.71161997,14.3794294,15.58631991,15.64224939,16.42204764,16.45315909,16.73464751,16.9526363,17.50517269,18.38739275,18.75030063,18.98621045,19.07497153,19.64473796,20.20966594,20.6664338,20.71982837,20.74390121,21.00148385,21.78381709,22.33441862,22.42042427,22.96489868,23.9782271,24.46081248,24.52868134,24.65471892,25.15872087,26.18162344,26.83194037,27.28121831,28.24630185,28.55814118,28.99888519,29.03849909,29.07087598,29.70201647,29.95151759,31.22898703,31.46335466,31.83126819,32.10665048,33.23251983,33.33763779,33.7573229]","[2,5,1,0,5,0,3,0,1,1,2,5,0,2,3,7,1,1,0,1,1,0,4,0,1,1,1,0,0,2,3,4,2,7,7,1,0,0,0,1,1,3,0,2,0,1,1,2,0,1,4,1,0,3,1,0,4,0,1,0,7,1,1,0]"
"[0.19088496,4.01907877,4.26715303,7.0037969,7.11122825,10.14616956,10.47649643,12.84918665,12.87408788,13.0295962,16.2552268,18.69830366,20.45744158,27.64133915,28.05299022,29.55982675,34.54379687,34.83669236,40.37265698,42.51580438,53.00540824,55.41440788,55.53735328,58.19406908,65.16442128,71.68124877,72.3163913,72.96089458,73.08090518,73.48557156,75.11054638,75.52620667,76.95171743,77.53133324,80.97744159,91.88435652,92.02778782,98.10037319,98.64777207,100.02427386,100.35604732,100.35640215,100.6396217,101.86074561,103.13346653,103.31892506,105.57225028,105.61409205,106.44130359,108.8672513,111.32330476,113.12712386,113.13090512,115.35150178,118.15007246,119.05369637,121.33862148,121.50829516,123.38469642,126.04156929,134.3808616,146.21082853,147.58271105,148.79609079]","[3,6,3,1,0,4,3,2,5,4,2,2,2,5,0,3,0,1,7,4,4,3,3,3,3,6,0,1,2,6,3,2,3,3,5,5,7,6,1,7,2,2,3,0,1,5,1,0,0,1,1,7,4,1,0,4,6,1,1,2,5,3,5,2]"
"[1.46424344,1.48374655,4.22939864,6.90861574,7.71512771,11.8269498,16.10408979,20.84023449,21.28212505,21.87283243,22.21423197,22.43485528,22.65792229,23.50266954,27.93850422,32.66563834,43.21768828,47.05474952,48.42057201,48.65454504,49.07649198,49.31083148,50.5082222,54.02589783,54.33299178,54.5181596,54.84416033,56.23815213,56.46506588,56.47983207,56.55660728,57.03871817,57.54380192,57.77978662,57.94250911,58.78547973,59.32499249,62.4201043,65.51306947,68.80639401,70.04397746,73.14260331,76.99762355,77.97703032,78.28371322,86.77548612,95.70715815,100.34447151,102.07752883,112.08766474,113.00885429,113.17331211,113.73820362,115.06485389,116.27015422,116.78525094,117.05230534,117.28675555,117.72849578,118.10301756,118.41875105,118.54703183,119.19111528,120.19179896]","[4,3,2,4,6,6,7,0,5,1,0,1,0,1,4,7,7,6,0,1,1,0,7,0,1,0,1,0,3,1,0,0,1,1,2,0,0,2,3,3,0,1,7,1,0,7,7,3,2,1,0,1,1,2,3,0,1,1,0,0,1,1,0,1]"
"[0.03474953,1.24712277,4.88702129,6.48395606,6.53044494,8.05337211,8.2517309,11.91057958,15.12076833,15.37439659,15.71537329,16.07521064,19.39245342,25.01151061,25.50530947,26.99191444,31.44957952,31.9943908,33.34698301,33.47009248,34.92127473,37.32116668,40.15622635,43.83701018,44.25721263,48.10245328,48.21881979,58.59478394,60.85742083,61.6297014,76.54738581,80.99422483,81.32237894,85.47918544,87.55088236,87.67175898,87.76281107,88.29563241,90.25884668,90.68767879,91.55633913,92.15040742,92.56134734,93.16767383,93.54668016,95.38687451,96.07643908,99.93362876,115.97307157,116.82274679,124.40543793,125.16131763,137.82902177,142.79170943,144.84370794,147.70953737,148.98455336,149.08132315,150.52109265,151.53899036,157.11792135,164.6856481,165.47756797,166.47824221]","[7,4,2,3,2,2,3,7,2,0,1,0,3,6,7,5,3,7,2,2,3,7,6,6,2,4,2,7,5,2,5,6,1,5,1,4,0,1,0,2,3,1,0,5,1,6,6,1,1,0,3,2,4,2,7,2,3,2,6,3,4,2,6,2]"
"[2.6800156,3.38502309,5.88112637,7.33870777,7.9762629,9.38474254,16.15925008,17.3317403,22.19827674,22.2317408,22.3443917,28.04401741,29.06852824,30.41634507,30.99970428,32.88425083,36.74101743,39.23389481,41.77533315,42.52091539,44.27382684,45.01551454,45.32012154,45.66305693,45.88834852,46.22843019,46.22857607,47.23101368,49.21948479,50.54837076,51.99111023,54.7601201,56.38298371,58.53911473,61.04215959,62.81976895,64.81658218,64.96376253,66.73796523,75.00191417,77.99536332,78.62027715,80.05108622,85.09294913,86.56000696,86.99062521,88.13686224,88.2077505,89.15270475,89.72345608,90.60346688,91.71095825,92.71241222,98.61483429,98.90897442,100.0034618,101.382948,102.16805003,102.49663531,102.93103672,103.01973032,103.09122422,105.0911194,105.095356]","[1,0,0,1,0,0,2,7,2,3,1,2,3,5,2,7,4,5,1,0,0,0,1,0,1,1,5,0,0,1,1,0,1,4,6,2,1,0,6,1,6,1,2,4,0,1,0,1,0,1,1,0,2,1,5,5,0,0,1,1,0,1,2,3]"
"[8.92536186,9.43291647,9.98337334,10.95405434,15.05062793,15.42213786,15.48236608,16.26709565,18.3320093,18.74254109,19.65289696,21.5130337,22.30952442,22.67803057,25.15036227,34.61540254,35.3685568,35.86547752,37.36298637,39.6191427,45.85582354,50.23518858,50.23760343,51.19438586,62.355075,66.72724781,67.52459624,70.96393386,71.34768686,71.36580895,72.21963342,73.15496349,73.94373208,78.36470746,79.15563842,84.74470288,85.59051701,86.65912306,87.28294185,89.65716646,89.71781712,90.19572745,92.72062343,92.92862518,93.43216589,93.64266742,94.95685461,99.31308982,99.60567785,99.68542496,102.34489142,105.55895098,106.70241279,111.71456138,112.45997841,114.2569181,114.8304971,117.06433825,122.53816664,128.71967464,130.08956268,134.30738085,135.12980214,135.35037949]","[2,3,5,7,7,1,0,1,6,1,2,1,0,5,1,7,7,6,2,0,1,0,7,6,2,0,1,1,0,5,1,0,6,6,6,0,3,2,1,0,3,1,0,1,0,0,1,0,1,0,1,5,7,3,1,5,7,0,2,6,0,1,0,0]"
"[12.40696614,23.25736688,23.40387513,26.54947729,28.15534358,30.45983024,33.21869162,34.36006462,43.19217726,44.59645388,46.38626619,54.60355723,55.46208761,58.79835925,60.14416583,63.84016589,69.05676885,70.06485244,72.00137738,72.69474788,73.17448766,73.36986317,77.78258193,79.43604566,84.97475393,86.37677014,95.66087269,98.30436679,98.43484477,100.26867632,104.70542235,108.32477995,117.42914994,118.42893232,119.80471736,122.85533896,123.12361151,129.7863767,133.82815396,138.36200903,138.63065473,139.90092332,140.20606663,140.47287552,140.54262801,140.95645087,140.99395159,141.21411597,141.54192928,141.85013711,142.43642547,143.10404267,143.41214421,143.73358343,143.9168374,144.54990267,145.05738361,145.90440622,146.1205959,146.1566481,147.09880712,147.28398027,148.15654347,148.49774079]","[2,3,7,6,5,4,5,5,1,6,6,0,5,0,5,6,7,0,7,0,1,5,4,1,7,7,0,5,2,4,4,6,1,5,3,7,1,2,6,0,1,0,5,1,1,1,0,1,0,0,0,1,0,1,0,0,1,0,1,1,0,5,1,0]"
"[0.19863897,0.61937222,0.91090474,1.17003474,1.43743885,1.82028034,4.46064508,5.40346064,9.51564537,9.70768937,10.73763955,11.29657045,14.66172561,23.39661474,24.08644897,24.79835967,24.86741756,25.01026267,26.13587307,27.11240784,27.35462004,30.79457804,37.86167797,40.42471742,42.22679796,44.29633051,46.47224958,49.16042648,50.06024339,50.66480788,51.29680834,54.31466698,60.52369736,62.08119307,63.87171496,65.45360483,65.54489148,65.57056182,66.11142254,66.68111298,66.94212865,66.98573179,67.95222974,69.98057827,71.96818724,72.14976731,72.25068815,78.68820424,82.4137097,82.65979314,87.8452845,92.29496638,94.68228405,102.23009757,104.16107291,106.86400309,107.30118634,107.32594003,109.81884778,109.9003114,113.71343571,114.20386039,114.30189317,114.51132792]","[0,0,5,1,1,1,0,1,7,6,2,1,0,1,1,6,1,0,0,0,1,3,5,0,4,2,6,2,6,1,0,5,0,0,1,1,0,0,1,0,0,1,5,0,1,1,0,2,7,6,2,3,5,2,1,2,0,1,7,5,0,1,0,0]"
"[0.22539668,3.94551587,4.49856906,5.76560153,7.32767142,9.32438991,11.62947548,12.13860631,18.91828601,22.33360504,26.36221054,29.70737314,37.78856646,38.68679359,38.77122713,39.2806809,40.68167462,44.3044131,46.40258122,51.19206175,52.40226776,52.49069601,52.79110944,53.21500856,54.01763359,54.04149774,54.15305626,54.30033263,54.39602671,54.4370882,54.64342876,54.75399318,54.86259122,54.99733147,62.1272396,62.73445452,63.21304571,63.25280645,66.49812947,67.89634458,68.92651871,70.75907905,70.83518253,73.66827414,73.73075743,74.98353634,80.52309573,82.79387859,84.81543566,86.66560924,87.8807007,88.65382456,94.72547709,96.34435047,99.02068358,101.95223438,104.02521969,105.12186904,105.48459086,106.85087336,107.50098896,107.51993997,107.60796461,108.10473576]","[7,3,2,3,2,2,3,4,2,0,2,0,1,0,7,0,4,6,4,1,0,1,5,0,0,0,1,0,0,0,1,1,1,0,7,1,0,7,2,1,5,0,4,2,3,3,2,6,3,3,4,0,1,0,2,3,7,2,3,6,7,6,3,3]"
"[0.17017058,3.59501684,9.83867183,14.14587508,14.30548893,15.52958176,18.9106288,19.42677419,20.0011505,20.58786663,20.96161295,21.69417254,22.2220405,22.9038004,23.17757579,23.35676683,24.35150636,25.2156452,25.69318903,26.86527422,26.92411473,26.9763605,26.99603626,28.21686328,29.84528357,31.28809924,32.37240614,33.87390141,36.61643049,38.62392926,40.21129105,40.36676886,46.82094252,48.77373783,49.84472895,50.48276293,54.94660372,55.37171033,56.64884121,56.73943085,56.91386638,56.99279399,57.84663059,59.26409863,61.41589556,61.62298307,61.98524286,62.75606127,63.39354622,63.42897219,64.92567618,66.73631394,75.1632078,76.94626686,77.84986962,78.49597079,82.00344536,82.29968513,82.91950053,82.96653078,83.76972052,84.00579214,84.38656672,94.56543047]","[5,4,6,0,1,2,0,7,1,0,3,0,2,3,1,3,0,1,0,1,1,1,5,7,1,2,0,2,2,0,7,2,0,1,1,0,5,0,1,1,6,0,0,1,0,0,2,5,4,1,7,2,6,1,0,0,0,1,0,0,1,2,1,4]"
"[4.57812144,6.46218562,7.24615132,12.8546297,19.03801085,21.50637146,23.99797192,27.25093108,27.42034052,40.00196398,41.3808954,41.6881675,42.21251505,56.83620608,59.1320097,60.51477268,61.69145548,62.43730256,62.86463831,66.11974106,66.8788685,70.28892401,75.81079199,76.11045669,77.21562568,78.34961558,78.54357012,80.10154531,81.75497692,87.03260196,92.11414067,94.24063747,95.06758583,95.07032746,95.465079,96.72707681,97.28394825,99.46230718,99.83676602,101.5892624,101.83573364,101.9793094,102.29088251,103.31428579,103.7158432,103.82103022,104.23642837,104.59220121,105.0068695,105.15755146,107.21289723,107.22669925,109.04969472,109.52289759,111.73935747,114.19478959,115.08545358,115.48299507,116.53543151,117.04405114,117.48900263,117.67786742,118.00348912,120.34104567]","[2,2,3,1,7,1,0,5,2,6,0,1,4,7,7,1,5,6,0,1,0,6,0,5,1,0,1,4,5,0,5,4,1,0,1,0,0,1,4,1,0,0,1,0,1,1,1,0,0,4,0,5,1,0,1,7,3,2,3,2,3,3,3,2]"
"[0.95511063,3.57058921,3.98229097,6.81569666,9.39604021,15.45595498,15.50838938,15.6086282,25.97594399,26.18505798,27.05498259,27.24928184,27.68589425,27.90028431,28.23568957,28.74762109,28.92062387,34.30424939,35.23635103,35.57585223,36.28648074,37.40078563,38.03378755,41.38624513,43.07789235,52.27185832,53.31485158,55.09778636,58.49079474,61.48841458,62.18834258,62.77074738,63.90454355,63.93289973,64.12132402,64.44851034,66.59344594,66.77566538,69.10276199,69.65395452,69.89574392,70.07399895,70.23726884,71.31353156,71.76508525,71.83085949,72.72120378,73.51184545,73.66157057,74.07829058,82.36685118,87.17885372,87.94870177,91.73066151,92.09054257,93.93311976,97.54534412,97.61269456,97.90979127,98.74166073,99.23219821,101.31335473,102.68726691,102.99423689]","[0,2,3,1,3,0,1,1,0,0,1,0,2,3,4,3,2,7,1,7,0,0,0,1,2,2,3,3,0,1,0,3,0,1,0,5,0,0,2,3,3,2,1,2,2,4,3,2,3,0,2,7,2,1,2,1,0,1,0,1,7,0,3,7]"
"[3.01183454,3.15246785,7.15963988,14.29506725,15.36002285,15.98972017,21.00507566,23.26847295,23.40974079,23.78447029,24.05344356,24.82791878,25.10443129,26.90491095,27.81137051,27.92664877,29.853052,30.08415284,30.10801657,32.42808631,36.17997478,39.1140312,43.74441014,44.06174866,44.29857848,46.17850671,46.54813278,46.87964858,49.09652186,49.60450458,49.76098863,50.18592594,52.10914786,52.80042853,55.54963129,58.33062486,58.64502706,60.18184601,61.17770038,61.86536341,62.64551358,64.19481763,64.19732542,64.43595249,64.77003358,70.85933324,71.00477646,71.62261946,72.56549048,72.63356837,72.81066252,74.59105669,75.64086826,75.86427961,76.31769549,76.32152958,76.77826455,76.88065984,80.18870024,80.84169207,81.26969323,81.39348016,81.45251281,82.06453097]","[2,3,7,1,4,0,1,2,1,0,0,1,3,1,2,3,2,0,1,5,7,5,2,0,6,1,5,0,0,7,7,1,0,4,1,2,3,1,2,0,7,2,3,3,2,6,2,0,3,2,3,1,1,2,6,3,0,3,1,1,0,1,0,1]"
"[0.71004044,0.96885296,6.69594012,6.70960649,10.91811026,17.44654066,17.51345188,17.63083297,18.29044672,18.65875291,19.12769554,19.6364099,19.87516269,20.79794261,21.26580304,22.60211287,22.75796693,23.37046577,23.48352647,24.69349054,25.60796595,25.82826769,26.75341839,28.02105435,29.0973353,30.80390534,33.01543552,33.55889343,33.94741432,34.42848946,38.24677748,38.50368498,39.21531103,39.46200487,40.10204868,40.33794147,44.32873464,44.67519081,47.34365138,50.83373572,51.37148765,51.37609471,52.04517341,52.40117605,52.42173863,52.74160526,53.06265623,53.23490174,53.43029433,53.65130783,53.92667479,54.21644889,55.27117588,57.00029606,57.04132442,58.64801707,61.63628703,69.03331676,70.17392881,71.75521765,72.38830183,75.75402816,76.87882458,77.01951128]","[7,7,2,3,6,1,5,0,1,0,1,2,3,0,1,0,0,1,0,1,0,0,5,1,0,3,3,2,6,2,7,3,2,2,3,3,2,3,1,1,1,2,0,3,0,1,0,1,2,3,1,0,7,0,2,2,5,2,0,3,0,1,3,3]"
"[0.04849899,0.10845157,1.42571854,2.86425541,18.9411951,20.01203156,21.37904363,22.70786527,22.85254727,23.61739018,23.63598242,30.56794034,34.37315908,36.52729723,37.80136256,39.2757226,43.67151212,44.45747048,44.86467784,46.7207915,47.4837208,48.10127564,48.46805678,52.42484209,53.3541828,55.312863,59.79049468,61.13104216,63.92792533,71.58725503,71.69641471,72.1284409,73.26138062,76.04097926,76.13658213,76.25680216,76.51797988,77.03817448,79.55160963,81.32943739,81.82239115,81.97476333,82.56793775,84.20211635,87.97202823,88.77056678,92.09567564,98.13145842,100.44584078,104.70717891,108.81107641,113.32610767,114.11732962,114.33149208,114.69851125,115.42995033,115.76753948,116.18926944,117.28336643,120.59943739,122.05503306,122.18821123,122.79819047,122.84742345]","[3,4,5,0,2,2,3,2,1,1,2,1,1,0,0,1,5,0,0,6,6,6,6,5,2,2,2,6,6,2,0,2,6,2,7,3,2,2,2,1,6,0,1,0,2,7,2,1,6,5,7,2,1,0,0,3,2,2,1,0,0,1,0,1]"
"[0.65512908,2.67764261,5.46427085,6.01253172,13.10174194,14.7558719,14.98816375,16.8156722,17.06152223,19.1898584,19.19474719,19.97239745,20.13152523,20.16261254,20.51428686,21.023733,21.14286407,21.24585942,21.55228777,21.61802991,22.3060496,22.54468859,22.68489253,22.87133309,24.05784603,24.92352432,25.84149168,26.18044355,26.28258699,26.32902245,26.39151481,26.78349543,27.01219188,27.75458409,28.49384143,28.62092155,28.88222938,29.30614071,29.48982136,30.16132289,30.4483577,34.97922789,35.97457949,36.59104829,40.56612231,41.60862006,42.47412347,48.08126893,49.78292155,56.20980073,56.29751068,58.67334076,59.42796909,61.40284428,61.692384,63.03145306,63.73151593,64.36718498,65.59397561,66.75493751,67.35116314,73.69077836,77.15345039,81.64514281]","[2,3,3,3,2,0,7,2,2,3,2,1,4,7,0,1,3,0,4,0,3,2,5,1,3,2,1,0,1,1,0,1,1,5,0,1,0,0,1,1,2,0,7,0,1,0,1,4,3,1,0,2,4,3,2,0,3,1,6,2,4,0,2,2]"
"[1.9646972,5.20316053,5.65092953,5.74187376,5.79533073,6.23321488,6.99500042,7.1261959,9.13606927,12.13526492,16.23096468,16.58412754,18.2198417,20.41737845,22.84000059,23.06205844,23.48495245,24.27683969,24.45485458,31.41367908,34.64258854,41.04458962,41.91419386,42.04681442,43.64446788,44.42322918,45.4942848,46.09439285,46.29795466,46.30052968,46.53393406,49.08365792,50.31250479,51.7159896,52.18736881,67.16816101,68.12090344,69.38985785,70.90317487,71.25910378,73.17429421,73.24466697,73.47203149,73.81023361,74.2234906,74.31594869,74.41597506,74.54440388,75.18352574,76.00426194,76.63765935,76.63817012,79.5832782,83.76590271,89.43994614,89.55357432,90.84307278,92.90142399,97.98741525,98.0219011,98.97478752,99.40662604,99.76324567,100.1917326]","[7,6,2,3,3,2,3,3,1,4,6,6,6,6,5,0,0,5,5,1,2,4,3,3,3,2,1,0,1,2,0,1,2,6,2,2,0,3,0,1,0,1,1,0,5,0,1,0,5,1,1,0,1,4,1,0,0,5,1,0,0,1,1,5]"
"[0.54673703,1.86454432,3.19983911,3.73361514,3.83702517,4.28457363,5.07398426,5.71860579,7.30232241,11.47597501,12.64824053,13.63253324,16.00837481,16.79878585,17.11176722,17.65908237,18.12190451,22.48803026,23.15904896,23.34351131,23.48110476,25.61252408,25.74903101,26.56920824,27.96694756,28.68509017,30.63740803,30.92720296,32.07477127,32.08222628,32.69596287,32.95865145,33.01440001,42.35649183,48.24165432,50.26661417,51.33344576,53.68627946,53.92763269,54.54754788,55.40391341,55.77561985,55.84278043,56.10700964,56.19960227,56.51272487,56.52061641,56.80952535,57.10276017,58.02049105,58.107864,58.6960428,58.71330944,58.76222636,58.91134323,58.98046564,59.11025855,59.1431714,59.32978162,59.34660882,59.62032442,60.09471253,60.10215185,60.45205764]","[0,4,1,0,0,1,1,6,7,0,0,7,0,1,0,1,0,1,0,0,1,1,0,0,2,7,1,0,1,1,7,2,0,5,1,4,7,0,1,1,0,1,0,3,0,1,0,0,1,4,1,1,1,0,0,1,1,1,0,0,1,0,0,1]"
"[0.38119074,0.8549742,1.20319184,1.31572604,4.06184062,4.10877087,4.84422375,5.07453471,6.57285493,6.66327998,7.72822237,8.15799269,8.98724054,10.88870945,10.90739912,12.62302819,13.43067375,13.82903063,16.40454518,16.73295581,16.98430558,17.2101817,17.34768718,17.51732709,17.7119602,17.84737251,18.1217358,18.2769213,18.38165181,18.60059227,18.82145933,18.84795903,18.88296967,19.0644119,19.29581086,19.67355926,19.83728699,19.85706466,20.08406663,20.30764379,20.33632185,20.39797868,20.50826282,20.57292288,20.87181822,21.0981612,21.14253233,21.58899159,22.20223468,22.60604692,22.74490136,22.78153275,23.01942171,23.31224843,23.53249455,23.74593174,24.09548356,24.16101944,24.44090252,24.6809494,24.84019101,24.97944139,25.38927401,26.14749525]","[1,0,2,0,0,0,1,1,5,2,3,2,4,0,1,4,0,1,7,1,2,0,3,1,1,0,1,2,1,0,1,1,0,1,0,1,1,1,1,0,0,0,7,1,0,0,1,0,0,0,1,1,1,1,1,0,1,0,1,1,1,1,0,0]"
"[0.15343598,0.7375082,1.34399626,4.1178358,9.12486838,14.66054603,15.54764685,16.43052618,18.15797278,29.74627941,31.67697982,35.1477407,35.73851896,37.00567086,37.53193274,41.99562821,42.80892763,43.1734976,45.69636029,54.56903288,57.54155,57.80599867,57.89958618,58.41731748,58.65395941,61.19047612,63.7688391,65.86735867,66.79201871,68.80826757,71.74964936,79.41086158,80.14992288,80.15094425,86.36280824,100.24090509,102.38572234,102.73130376,102.9721325,102.98422625,105.62202164,115.36374131,120.27740873,125.12206792,134.9760693,138.95389114,140.93272619,142.18843934,148.36843573,150.24124796,150.98101304,151.35577441,154.6631357,155.53154279,156.13977368,160.19938999,161.50959321,165.12667072,167.60681417,170.2019681,173.63889932,174.6144058,178.43263167,181.49252463]","[6,6,5,7,2,3,4,5,5,2,1,4,0,0,1,4,1,0,2,3,3,3,3,2,5,0,0,1,7,4,5,0,1,2,0,4,0,1,0,0,5,2,5,6,2,2,6,3,2,2,1,3,0,1,2,4,0,5,6,7,1,0,0,1]"
"[2.0115868,2.66953306,3.04750253,3.13959801,3.54541938,3.68651628,4.89737647,4.93137572,5.92431657,5.93266545,6.42738176,7.12135453,7.17345198,7.70293806,8.25327178,8.66701736,9.45427496,11.51916413,12.48411985,12.51557531,13.06971714,13.31122836,13.59393589,13.7776912,13.94445739,14.70438638,14.93929952,15.63670472,16.12859814,16.8202707,17.95888981,18.01061474,18.93568719,19.09349421,19.32020332,19.72965995,19.93914278,20.16219168,20.40990064,20.51803446,21.31192446,21.80404534,21.86423401,22.59670406,22.63382188,23.90865646,24.00175897,24.63340518,24.66107398,25.09381116,25.36658954,25.54748242,26.96517874,27.2538623,27.28806841,27.62954283,27.66698897,28.03221481,28.19350791,28.95424922,29.05699514,29.45643905,30.4064394,30.4179055]","[4,0,2,1,0,1,1,1,0,1,0,0,3,2,0,3,0,0,1,0,0,0,1,0,0,0,6,1,1,0,0,0,1,0,5,0,7,1,0,1,1,0,1,1,0,7,0,5,0,1,1,1,1,0,0,1,0,0,1,1,1,1,0,1]"
"[3.07096735,4.36116758,5.86626588,6.58706442,7.81288207,10.60989373,13.36711212,14.91244714,17.13629797,19.12802068,23.91695615,35.14861757,39.07485086,40.23330418,41.70380555,44.52808339,45.27639081,48.11876189,55.44359321,56.05533419,57.15491836,58.0762524,58.6623049,59.61756653,60.48343388,63.57843216,64.40510981,69.28825979,69.62072819,72.52375217,73.39869061,74.66472126,75.43286531,76.4927516,80.62390374,80.86119297,81.62622427,82.56664612,83.01155261,84.2647058,84.81615719,84.92347433,85.13355682,85.82680469,87.98242643,88.38721203,91.07612514,95.74563061,100.78332215,101.12276617,101.95244422,102.88863774,103.83005445,104.26318359,105.22108767,114.49615664,127.18339758,128.39104736,130.46816145,130.88111127,130.89342623,131.19001834,131.89308998,132.2956386]","[2,7,0,7,1,7,5,1,7,5,7,1,5,2,3,2,2,5,1,4,0,1,3,4,6,7,1,1,5,0,1,1,7,2,0,1,3,0,0,1,4,1,0,4,0,5,6,7,5,1,7,1,1,0,1,3,3,4,0,2,3,6,3,1]"
"[1.32717553,3.65160628,4.34356863,6.64037823,7.06860073,7.61310696,10.15195657,10.99650272,11.02215299,11.37408025,11.90232653,13.80271972,14.66671249,14.83828806,15.21974665,15.54680638,15.73542319,16.1375546,17.49224207,17.65271623,20.23249098,23.17568607,24.03645078,26.67260568,29.40664245,31.13765363,33.96235667,36.02243979,43.31884832,44.23519264,46.40261282,47.34381413,47.48193558,49.54574373,49.81066663,50.44105084,51.06644839,51.464817,51.78561131,52.53698401,52.57744945,52.74898774,52.88057474,53.06922732,53.639471,53.65503224,54.61155157,54.88516287,55.15724864,55.48039451,56.61073123,56.63643946,57.12571572,57.24872378,57.25022007,57.38300665,57.62462907,59.48619634,60.49255156,60.69184515,61.06071267,61.8776604,64.57518465,65.59779662]","[6,2,6,3,5,2,2,3,2,2,4,1,0,3,0,6,0,1,1,2,2,1,2,3,3,3,7,2,3,2,1,5,6,0,1,0,1,1,1,0,1,5,0,0,1,0,1,5,1,1,0,1,1,1,0,1,1,1,0,0,1,1,1,0]"
"[4.6492257,4.66783523,5.40700864,5.78873078,6.38886745,8.1041687,8.21703076,8.35835788,8.45806805,8.54817186,9.28050087,10.10796392,13.02493671,21.13237309,24.50091993,25.72486716,29.23243547,38.9733585,40.4064425,40.85291333,41.07112054,41.07841811,41.68908333,41.98520249,42.32024629,43.30235591,43.49082532,43.80457166,43.90245165,44.018047,44.4256659,44.80522582,45.11309157,47.65937131,48.05303425,56.38529858,59.67334817,64.75342904,65.81434056,66.36340911,67.06120261,69.75254373,73.9088985,82.71074578,89.04699782,89.52011415,90.33721806,91.93545737,93.74953819,94.73468807,94.74831119,95.37312407,95.81642972,96.20978494,97.08902003,97.19238403,97.51874476,97.52475499,97.72280954,97.91138379,98.39197798,99.32900285,103.5120053,103.9111843]","[0,1,0,0,0,1,0,1,1,0,0,1,7,0,4,0,4,5,6,2,3,2,1,5,3,1,2,0,1,5,4,5,0,7,3,2,0,2,3,7,4,2,3,5,7,2,4,5,1,0,1,0,7,1,1,1,1,4,0,1,0,7,1,0]"
"[1.89344863,9.50235224,14.87783758,16.89618554,21.76455878,21.77085695,22.03775869,24.24323671,25.2044524,25.3968161,25.39745264,25.7845206,26.67130252,26.7214604,27.15468558,27.29910772,27.43464911,27.69637747,29.38242498,29.61799581,29.96338813,30.4281965,30.63223623,30.79231825,31.24624869,31.62339297,31.87077498,32.1572409,32.65718758,32.86032078,33.05847274,33.06552545,33.26706178,33.27033425,33.35324043,33.54068791,33.54643339,33.57482746,33.62885463,33.86403639,33.94974477,33.96111217,34.01681826,34.81183159,35.1331544,35.20524932,36.21488394,37.01319522,37.14013754,37.21695718,38.72288948,39.31284025,39.83140403,40.45642358,41.84281261,44.09784927,45.52451897,48.0685554,50.82057131,52.97459558,54.94468688,60.26614975,60.61518262,62.28248218]","[4,0,4,1,0,1,1,1,0,0,1,1,0,0,1,0,1,0,2,1,0,2,1,3,0,0,1,0,1,1,0,1,0,0,1,0,1,1,1,1,1,1,0,0,0,0,1,7,1,1,0,1,0,0,2,3,2,1,0,2,0,0,1,1]"
"[1.03196133,11.54114358,11.80157911,12.28948066,12.84953354,16.58226524,17.31099774,18.7583738,19.16005889,20.04344218,20.3616781,20.87873813,21.6781837,23.08023251,23.21012152,23.6975388,24.22541014,24.46337866,26.1554014,27.39115296,27.64773588,27.67699348,28.04781869,28.19020979,28.91407144,30.46533822,30.53346672,31.52620448,34.82117903,39.8935518,40.48528424,42.35707833,46.25236971,49.00521995,49.464888,49.84872133,50.49945556,50.6721461,51.00806794,51.15822077,51.27196546,51.96781549,51.98954441,52.27599751,52.33181706,54.17634191,56.3904149,56.68390753,56.69409214,56.91074782,57.26497368,57.49658028,58.08479689,58.6365956,59.31386782,59.80442164,60.46102984,61.20747832,61.9230796,62.98081763,63.36559646,71.70914748,72.26887701,72.36202596]","[6,2,3,0,2,3,1,3,2,2,1,5,3,2,1,3,7,1,2,1,0,1,0,1,0,0,3,5,7,3,0,1,4,1,5,0,1,1,0,7,1,0,5,1,0,1,0,0,7,1,1,0,1,0,2,0,3,5,7,3,1,2,3,1]"
"[1.17899278,1.52478153,2.45503561,2.74464297,4.5622311,4.62033373,5.43792181,5.69190179,6.76781907,9.96809408,37.34967596,45.70334846,46.24689928,52.33784281,53.61164925,53.98058669,56.46548925,57.22569125,57.24457628,57.97500485,58.07962676,59.26415593,59.29503163,60.49674244,60.67842715,62.40377237,65.09619993,66.49086478,68.31810446,68.83221032,72.15921225,74.11258427,74.27894495,74.51838599,76.25055541,76.76814323,79.780255,80.57841938,80.87962012,80.94584007,81.01961366,81.3124399,81.69219982,82.13371819,82.33586328,82.36684101,85.12354422,85.12650162,85.60880049,90.72858984,95.10893647,95.30904912,99.1111044,103.41546052,107.12884325,112.94406818,115.13570429,115.56911501,119.69602876,119.89781232,121.90045214,122.10285165,122.72905059,124.54432445]","[1,0,4,1,0,3,0,1,7,2,2,0,5,7,0,7,1,2,3,3,2,3,2,6,3,5,7,2,5,3,2,6,4,5,1,5,0,1,1,2,0,1,2,1,0,0,2,3,3,7,2,0,2,6,6,5,6,1,2,3,3,7,2,3]"
"[12.34239588,15.02338805,18.83584441,20.71507009,22.53515211,22.82160379,24.16739648,24.997852,34.97648108,35.0697053,37.32241289,38.82375009,41.5985293,47.22358003,47.80066175,50.72647738,51.92260668,52.66384163,55.25654291,55.52107666,55.75734645,56.42449354,57.16324475,57.77947513,58.20814664,58.84199616,59.28355726,60.21527444,60.3545731,60.55937937,60.89158957,61.08153351,61.18268309,61.19066497,61.45956681,61.65352582,61.77620551,61.79165792,62.35825978,62.47992443,62.49649278,62.82259639,63.02930126,63.59995365,63.64114514,63.93135961,64.50688696,64.73700147,64.82000175,65.31903695,65.42599852,65.51197954,65.80891445,65.83850671,65.99188038,66.32463816,66.5857038,67.13417854,67.30350499,68.46728286,68.75155101,68.96630012,69.59215816,69.86578802]","[2,1,6,2,5,5,1,0,7,0,1,0,2,2,3,3,3,0,4,1,0,0,1,1,0,1,0,0,0,1,0,1,1,0,1,5,1,0,1,0,0,1,1,0,1,0,0,0,2,1,0,2,1,0,0,1,0,0,3,1,3,1,0,4]"
"[0.95129988,8.97140653,9.48552087,10.04281346,11.7043262,12.68654683,13.81904011,14.40119776,18.87825381,20.50120856,29.70336214,31.50930009,32.71677793,34.37495764,37.31877226,38.89981287,44.1373802,46.68643861,48.54209281,49.0974343,55.70092073,57.94251645,64.10411298,67.68654053,69.35192663,69.74578336,70.10679555,70.51221916,72.67139931,74.07159173,81.98964907,84.0792868,84.1615758,86.85549335,88.93417501,89.29747502,89.94531096,90.1531056,94.45954842,94.75958131,94.81436499,96.60198688,97.5640124,97.81616044,98.09665208,100.63504807,100.79726119,101.30533034,101.94971838,103.76108587,104.53650391,106.47446683,107.45155174,108.83435768,108.91818739,109.16277789,109.84502639,110.68191236,112.09053678,112.15878555,112.27121513,112.75260097,113.40039259,115.52990243]","[1,6,1,0,5,4,0,6,1,0,4,1,4,0,7,4,2,5,1,0,4,1,7,7,7,3,2,3,4,3,4,6,4,2,3,3,2,3,3,2,2,2,1,0,1,0,0,2,4,1,0,3,0,1,0,1,0,1,0,1,1,0,1,1]"
"[2.07504357,2.18771122,2.46263808,3.23559294,7.40378194,10.54421189,11.63894479,12.20338777,13.42348039,14.55950546,15.11584412,15.44504101,19.10597063,26.25867728,26.70569573,28.1702177,28.17475582,32.21363677,33.08530694,33.30760211,33.46107619,33.73489927,39.11085402,39.70306318,39.75941726,40.06146274,40.08090482,40.78605593,40.81286438,41.17938762,41.89758627,42.99468349,43.81124857,43.84526227,46.75739677,47.78411087,49.82566231,50.23552033,51.79975834,52.49345137,56.00962507,56.63347792,56.83946298,60.20279931,60.49461811,61.44338293,63.37843878,64.3114041,64.9527426,65.37424764,65.50195244,66.52687868,67.1799063,68.14125759,68.56716909,68.5934818,69.13761262,70.80812248,71.39695081,72.00130516,72.71921258,75.9625204,76.12639223,76.49571714]","[2,0,1,4,3,3,2,3,2,0,6,0,3,1,0,1,0,3,3,6,2,0,0,0,6,1,5,4,1,0,1,1,0,2,2,5,1,0,1,2,2,3,2,1,1,7,0,1,0,1,0,7,0,1,1,1,0,3,2,0,1,1,0,1]"
"[1.12067992,4.86570719,9.9473284,11.42158817,14.77687942,14.92451462,18.44924804,21.71638142,23.51094257,35.75982958,36.56526977,42.34207111,43.03421174,43.82584987,45.09263155,46.44906699,47.21926971,48.12223079,48.74923817,49.0566524,49.94313122,50.98929513,53.52044857,53.5813922,53.81993799,53.9339155,54.8732077,55.52695373,55.90566741,57.11038043,59.55663685,60.44331602,61.87970713,63.00050924,66.54738376,67.07311903,67.51236596,67.53918294,68.03884791,69.95374476,70.12657105,70.3418558,71.69021408,77.60427313,77.76780977,77.77319838,77.93952028,78.41382895,104.66672371,105.03839259,115.21148336,116.04430716,133.19840333,137.03369615,140.18858334,142.07883327,142.73290852,143.42114568,144.08508044,144.38597823,145.2350075,145.2451109,152.928536,153.06743288]","[1,5,5,1,0,1,7,4,2,3,4,3,1,0,0,1,0,0,1,1,0,1,7,3,2,0,0,1,5,5,1,0,1,3,2,6,3,6,2,3,3,2,4,7,1,7,0,0,5,6,2,7,7,2,1,1,0,0,3,2,3,0,1,0]"
"[4.24221539,4.36873715,4.7925578,6.68769259,13.85814044,15.51969603,16.91613779,17.06206445,18.20501735,20.10332335,20.31414402,21.29764537,23.914731,25.98449852,32.95482292,34.99047055,35.06729142,35.56648947,36.68562055,36.77580669,36.84317535,37.39074227,39.01132804,39.5854513,51.46165777,52.80948789,53.81933514,60.38188897,61.48854287,62.92544678,63.64438063,65.8776748,67.72846043,68.2060575,68.25791948,68.7727166,69.23476755,70.68040244,70.80966569,71.27600024,72.21910014,84.56123195,84.61590276,86.90609329,87.57777507,90.02888292,93.32292643,99.49154537,99.55524096,99.56049489,99.58155837,99.95062193,100.64342893,101.65848941,110.76701843,111.96976883,112.77314618,113.03381123,113.09107742,114.09584071,115.40495958,125.10964083,125.45133607,126.24559028]","[7,7,0,6,7,4,2,6,1,1,7,0,1,0,7,1,0,0,0,0,4,1,3,6,1,3,4,2,1,7,3,6,2,1,3,0,1,0,6,1,5,0,6,7,0,3,2,0,1,0,1,7,0,1,0,1,0,1,2,3,0,3,7,6]"
"[2.30706656,3.35063695,4.38832698,4.51927592,4.78835289,5.06851469,5.74419053,7.64114715,8.6634306,12.99714485,16.6344676,25.69520793,25.7309282,28.53076911,35.10354234,35.11347857,35.14546861,35.45883862,35.58137869,37.92102695,39.23494681,39.39357562,41.08503369,44.99497549,46.01899082,51.60002572,54.52924679,54.58643003,54.72852224,54.80845989,56.53724562,56.64615967,57.01122649,58.244803,58.32252763,58.3727206,60.32982423,61.16785179,61.92294483,63.75852234,64.36460816,64.75345155,64.84868244,64.98445828,67.5025343,68.68547427,69.86506062,70.38629713,70.94967161,75.55894997,80.75998356,82.05130553,85.29647062,92.97183416,97.01067485,101.35319172,103.31203597,110.44326615,112.43283132,112.54325616,113.85510781,115.84284456,123.64440907,126.11656516]","[3,2,3,2,3,2,7,5,6,5,1,3,2,2,2,1,1,3,4,0,1,0,5,2,7,6,1,0,0,1,0,7,5,4,0,1,0,1,1,1,0,2,5,1,1,0,1,1,3,0,5,7,3,5,1,4,2,1,2,3,3,0,3,0]"
"[4.01489275,6.7653247,10.15505595,12.36027477,13.85462425,14.27884076,15.45642091,16.82538856,18.76948624,18.88397078,19.12063418,19.9299981,20.09883821,20.14786692,20.40082586,20.96279077,24.8221761,24.84937231,30.57146683,33.2817269,45.68175263,47.78680593,53.31698496,55.37696781,55.53996116,57.04858265,57.74588957,58.02648597,58.22681213,60.41015173,61.21466632,61.42345369,62.00856212,62.6968709,62.83915556,63.71939845,65.08900085,65.21646212,65.8017567,66.29104616,66.58602693,67.14054086,78.03643464,84.59182552,85.61754956,88.01337807,88.3544609,94.41869937,96.10073897,96.32532394,98.2082493,99.30102877,99.31793132,102.43012507,109.08251411,109.61405395,114.51603481,117.17627176,117.28174174,119.3529668,120.6929561,121.46885138,122.21152503,122.30630084]","[1,4,7,1,0,4,1,0,0,1,0,1,1,7,0,4,2,1,1,7,7,0,2,3,2,2,3,2,0,2,1,3,3,2,3,1,3,7,0,0,1,7,2,2,3,1,1,6,0,6,1,4,0,5,7,6,2,4,0,2,5,1,1,0]"
"[1.86224981,3.02563162,4.06503259,4.83033258,7.3075321,7.4750719,7.60194391,8.94546973,9.92569302,12.32367814,12.7944498,12.96291052,13.26505251,14.58636196,16.12903814,17.12623792,18.45697283,19.72097967,19.81265615,23.27270127,23.86481951,25.71661272,26.45637682,27.52005744,34.84115588,35.44221671,39.16153526,49.19657522,50.81109291,53.47168478,54.04802766,56.25890396,57.47012247,58.24846936,59.280244,64.38706905,70.11090384,70.1332161,70.46424626,72.82469359,73.09969337,73.3892931,73.55731903,73.7878936,73.99048238,75.41076983,75.6530656,75.90931521,76.63747688,76.91985234,76.95122507,77.13130113,77.29138156,77.49658781,80.50353678,82.32797211,82.74539683,83.27669671,83.56104791,85.85035629,86.39377887,87.59109121,87.885454,89.78069788]","[7,4,2,2,5,7,3,4,0,1,5,1,0,0,0,1,1,1,0,7,1,0,5,7,5,7,5,5,7,0,5,7,2,3,2,3,1,7,0,1,0,1,4,0,0,0,1,0,0,1,1,0,1,1,1,0,1,0,1,5,1,0,0,4]"
"[0.95839324,0.97344803,4.15714096,4.29817367,5.49573492,5.89595888,17.34691752,17.84961932,19.91870036,20.97179763,22.90854597,23.33466234,23.72373699,23.80992945,24.92561115,24.98626091,25.62603731,25.82287405,26.40448346,27.40193766,27.53480753,30.72064154,31.92554697,32.81496715,33.03068927,33.04788898,33.34938629,33.71204915,33.80868086,34.64984951,35.05489465,35.47613484,35.70915665,37.46616998,37.99467436,38.14323467,38.40159307,38.87130713,39.63419124,40.0193762,40.98246883,41.19919371,41.22112649,41.2966824,43.05628661,43.97442808,44.87032311,45.0122473,45.03114205,45.23954727,45.36865656,45.51598227,45.53077021,45.90716156,46.10851297,46.14798517,46.49869466,46.64695919,46.85977194,47.85935899,48.09793304,48.15758416,48.29113978,48.39509746]","[0,1,6,0,5,2,7,2,3,1,0,1,5,1,5,0,1,1,0,7,1,1,7,1,0,1,0,0,1,0,1,1,1,0,0,1,1,1,0,1,7,2,3,3,0,1,0,1,0,1,1,0,0,1,1,1,1,1,0,1,0,2,1,0]"
"[0.50427404,0.60728842,3.67480445,4.78352988,6.30202917,6.46972175,8.57725304,8.83461165,10.51430207,10.5718365,14.70779663,14.80765,16.71109358,19.21769587,19.35952478,19.53497541,21.24655318,21.43185673,21.83431881,23.07456415,23.75384677,23.90571539,25.06035154,27.37510753,29.90685786,30.46457462,31.32450392,34.69126001,35.10427581,35.37085961,39.74608699,41.11613401,41.81532837,44.09876128,49.27099661,50.87676897,50.8839618,52.09321099,53.18512448,53.80629051,60.77211098,63.19879991,66.52617978,67.12528645,67.13107878,67.45126585,70.80159105,71.24633304,71.35928772,71.76874062,73.51872708,73.62402044,73.91553972,74.29515427,74.34002564,74.95286624,75.01916973,75.20650629,75.42335834,75.50276871,75.5170368,76.15549849,76.42139788,77.02796496]","[3,7,1,0,2,7,1,6,7,7,2,4,3,0,2,2,7,3,3,2,1,3,0,1,2,4,3,2,4,3,2,4,2,3,1,0,1,1,1,0,2,0,5,1,0,0,1,0,0,1,0,1,1,1,0,0,1,0,0,1,1,2,0,1]"
"[11.9497107,14.40230082,15.07722355,24.27379583,26.57559065,30.39238928,31.24701541,35.36607871,44.05965286,48.03668531,56.58633082,59.01715057,59.38782065,64.88342889,69.1436751,72.75543405,73.3302366,79.56561403,81.20497853,85.3443037,87.90194729,89.29781127,91.16452991,92.54663807,93.33352492,95.99542479,98.14598381,101.80869828,102.73181422,103.12127824,104.01574111,104.06396586,105.44258961,105.84022881,110.3588163,111.48837597,112.40667008,114.1222766,116.13658239,116.71416476,116.95429932,117.05595178,117.24315442,117.52961105,118.2157112,119.4525558,122.22049151,130.88492839,131.05046221,136.78797209,137.16419586,137.98343232,138.7773125,139.20213428,139.21443608,139.34444223,139.64839316,139.79222876,140.86307351,141.29646851,142.43679181,142.44124112,144.24031182,145.07859696]","[3,7,2,1,0,4,7,2,3,1,2,3,4,7,6,4,5,1,2,1,1,2,4,3,1,1,6,0,2,1,4,0,1,6,6,6,6,5,6,4,2,5,3,4,4,6,6,5,2,2,7,1,3,0,5,1,0,1,4,3,1,2,1,0]"
"[1.02352282,1.28614758,2.50722042,3.10478841,5.4201334,5.43624141,5.76339966,6.34688443,6.48740361,6.64870061,6.84522133,6.94418982,7.28248467,8.64647832,8.86589428,9.01471309,9.09736802,9.85149517,9.99881162,10.12903765,10.22828383,11.07058252,11.74125699,12.48204008,12.77818895,14.0811999,14.26106396,14.78719619,15.23076485,16.0051852,17.07130009,19.7751772,24.20699445,25.75915467,26.98679587,27.72267306,33.66328881,35.77899324,36.28977562,39.27384433,41.70000709,46.37931937,47.95260114,50.25739181,52.47876083,52.63662899,52.71226702,53.24571974,53.39883562,53.46535359,54.05050104,54.75862807,54.79489666,54.98548388,55.04054433,55.08798694,55.23256381,55.33720475,55.41206106,56.02722933,56.13110785,56.24349178,56.51632727,56.78279981]","[7,5,7,1,0,1,1,0,0,1,1,0,0,7,1,1,1,1,3,0,1,0,5,0,5,2,7,3,3,1,7,5,0,1,2,3,7,2,5,4,7,7,5,0,2,7,1,5,0,1,0,3,0,2,7,0,2,2,3,2,2,1,2,3]"
"[0.94697435,3.4099646,3.54159674,4.77035269,5.97783707,6.36389215,6.99917977,7.7290524,8.0561655,8.1763581,8.3708156,8.50448155,9.02322316,9.08489738,9.63656183,10.01707719,10.5989211,11.12858435,11.18502881,11.62449265,11.77603813,11.91773607,12.53508311,12.70287524,17.64421726,20.70303133,21.28475473,23.14765336,25.62371393,29.65258563,31.29336232,31.82089372,32.31525913,32.62828186,34.88993379,35.08017206,35.40480586,35.79974114,36.27935563,36.82959041,37.17935974,37.5897736,37.63510653,37.6443016,37.94796105,38.30476647,38.70890825,39.04642546,39.73600441,39.89089355,40.28640832,41.94177904,42.78629021,43.52692948,45.90204716,46.5960753,47.99866642,48.95942013,49.92267282,51.42715432,51.73040924,53.28890149,56.01167188,60.11536976]","[1,2,2,6,6,3,6,0,1,1,5,1,3,0,0,1,2,1,1,2,3,3,1,4,1,0,7,4,2,4,0,1,0,0,2,1,1,0,7,2,0,1,0,1,0,1,1,0,0,7,7,5,0,1,1,0,5,1,1,0,0,1,0,7]"
"[8.23870963,9.33999598,10.89163079,11.9902334,12.64987176,12.8720335,13.3413583,14.00273215,14.18790629,16.83481543,17.05600062,17.73842995,18.31354235,20.00135581,21.87333069,22.39422712,23.77655551,25.97858578,32.61136703,36.59352406,39.38565899,39.76258169,45.83172185,46.3677136,46.63894393,46.91129496,49.71321065,50.06111428,50.37469387,59.59579205,60.81146877,63.24881601,63.33703786,63.87644287,64.51642469,64.82332601,66.19549148,67.30623987,68.76791915,68.81797108,69.9240862,70.82709225,77.08102296,83.54727223,85.12357655,86.12534949,87.15926149,87.55495927,93.02460987,93.4107426,94.38056755,94.99827594,96.06933579,97.55065642,103.42329769,103.60494764,105.13775542,105.98013329,106.67445827,107.9820199,108.87479404,111.17635224,111.70453138,113.53402887]","[3,0,6,3,0,1,6,0,1,1,2,3,0,7,2,5,3,2,7,1,3,0,7,7,7,0,1,0,4,5,0,1,6,0,1,2,1,0,1,7,0,2,5,7,7,3,2,3,4,5,6,5,4,6,0,6,1,1,6,0,6,0,1,1]"
"[2.41837253,5.98162852,7.12753397,9.07373309,10.16676769,11.14617837,11.39352261,12.10982159,12.44865212,13.13697277,26.53146607,27.0573187,27.07438818,30.89851082,31.4652121,34.36331859,41.07968573,47.26947663,49.313401,52.62326615,53.33922591,54.21967588,58.03194634,59.03488767,66.2704814,67.03520024,69.35008219,69.84738587,70.36497917,74.36864274,75.44356955,75.49390205,75.74105661,75.95378377,76.41896549,76.91783853,79.21603256,79.42223325,79.61643817,79.97425448,80.74693541,90.26967024,90.8797796,96.18314631,96.18884463,96.78497991,97.43177709,97.5078596,97.93383288,97.99740965,99.36760296,100.06857257,103.37669828,115.20321409,116.46779306,118.42216451,120.24047094,123.6080755,126.22440015,129.88147252,131.23206119,133.79878169,135.02950994,135.13622491]","[5,3,5,1,7,2,0,6,6,0,7,2,3,4,6,2,4,3,6,0,0,1,7,1,6,2,2,1,6,1,5,0,0,5,1,0,7,1,0,0,1,2,5,2,5,3,2,3,3,2,3,2,6,2,5,3,1,2,4,3,4,7,1,0]"
"[1.10405005,2.33267996,3.66264769,8.20425687,9.33319162,9.41572607,10.44704666,10.52683041,10.80181818,11.4875096,11.74523563,15.17647458,17.05854253,17.30045978,20.96384061,22.16925504,24.67087314,25.15580698,26.31808524,31.10722271,32.79182841,37.31892687,37.39312588,39.48556673,40.23333118,40.37981408,40.40606701,40.47011575,41.9849082,43.72718639,43.80520221,44.3449795,45.60864637,46.5214632,47.66111364,47.87227251,52.11486182,53.8096555,55.7330591,57.85504366,58.37129728,58.68952578,59.30345243,60.81514385,61.62924416,62.27978653,66.08933097,66.73308477,66.90365118,69.79639605,74.42893494,75.62682443,75.93460784,75.95337663,75.955336,75.99666831,77.34183796,77.59162824,77.88557547,79.02336427,79.3619648,79.45755553,80.65547752,81.5597549]","[1,1,4,3,5,5,2,3,4,0,2,7,6,7,7,4,1,7,5,6,2,5,0,3,4,0,2,5,2,3,3,5,2,6,3,2,0,6,5,6,6,6,3,7,2,3,2,3,2,5,2,3,2,0,2,2,2,3,2,4,3,3,7,2]"
"[0.9363895,1.07578353,3.77899273,6.76008049,7.4990706,12.44602471,16.46642573,16.59562931,19.61545503,20.26788189,20.94050237,20.94403133,22.45067774,22.72740219,22.72911409,23.79819161,25.48286904,28.23604725,33.20673476,39.41889972,42.90096208,44.86123182,44.97963405,45.32034362,45.51576467,47.59937535,51.1156983,51.22945983,51.622429,52.01775867,52.0213056,52.28863777,52.37991882,53.05454417,53.17949215,53.64693437,53.82013241,54.01641075,55.14637548,58.64681255,58.71032555,58.96794442,59.06164048,59.25040311,60.18440866,60.21548736,60.50447878,60.51663994,60.84781385,61.04332156,61.29221889,61.38973314,61.42569711,61.63589017,61.91408692,61.97328501,62.48390791,63.00161643,63.08811481,63.58266195,63.64541373,64.1551908,64.4939055,64.72983805]","[2,3,2,5,7,2,3,2,3,1,0,0,1,1,3,2,2,7,3,0,5,0,1,0,4,1,1,0,1,0,0,1,1,0,0,0,1,1,0,7,1,0,0,1,0,1,5,1,4,1,1,0,3,1,1,1,2,0,0,1,0,2,0,1]"
"[4.81886712,6.4584913,6.87897146,6.8917108,7.37423087,8.19000884,8.24975566,8.78758829,8.98193791,8.99178469,9.40069877,9.63047716,11.11183735,17.69191193,22.39774224,24.95856012,26.0152699,26.73315815,27.1416144,27.52262824,28.84226257,29.39024306,30.01969863,30.45318551,32.73641403,35.4190985,35.89573459,36.45230207,37.61036701,38.75880528,38.87495709,39.02219094,40.70447027,41.02750452,45.07461921,47.89616419,48.7856772,49.94172616,51.23066956,51.56729581,52.53705127,52.62516354,53.40382427,54.36390777,54.75826194,55.43942367,56.57705188,57.75739898,60.95370734,61.89360562,62.08260205,63.83368103,66.63935444,69.93989229,70.32663068,73.45482156,80.4500747,82.38516532,82.40218474,82.62224205,83.00106419,83.45959163,84.1242592,84.39314837]","[4,1,1,0,1,1,0,0,1,0,1,1,1,2,7,3,3,1,6,4,0,0,6,1,0,1,0,0,1,0,1,1,5,2,0,1,0,0,1,1,7,1,0,0,0,7,1,5,2,6,3,4,4,7,1,4,0,1,0,1,1,1,0,0]"
"[12.33096989,17.13721235,17.67883785,22.0714783,23.07281497,24.23951316,24.27618678,27.82013548,28.59689825,31.37208315,31.47493563,32.41254822,34.57275703,38.70943222,39.0919162,41.52713374,47.68422166,52.61474642,54.47545674,54.75160805,55.95118115,58.4094367,60.33038082,60.47222784,61.46700024,63.12249049,65.20630292,68.63386183,71.45248051,72.4372502,72.75804008,74.25165213,74.63218142,75.5642677,76.19006636,76.23370021,77.10708478,77.21589129,84.64181535,84.90637535,85.24904242,88.6755481,88.89103576,89.11806162,89.22402738,89.24370281,90.59252576,90.98806134,91.50094002,91.72819885,91.72908898,94.60125719,94.67718958,94.97282252,95.03051548,96.52733107,96.90851774,97.91137782,97.97550411,98.54914162,99.00871179,99.05941883,100.58528979,101.10403137]","[4,2,1,6,5,7,4,3,3,1,5,0,7,5,4,6,1,6,2,6,2,6,4,4,1,0,1,7,1,0,1,6,1,0,0,1,1,2,1,2,0,7,3,0,1,1,0,4,0,1,0,1,0,0,2,0,1,0,5,3,1,1,1,1]"
"[4.989436,12.06812072,13.32375871,16.96934898,23.22971335,25.59243932,34.43131674,34.55411519,38.30411223,39.21891161,39.55345108,39.757228,41.2489145,42.22170637,43.6182258,45.36509812,45.51552217,46.29204296,48.2282914,50.84266142,51.29378825,51.66245397,53.47524168,57.50666844,58.16562772,59.43357439,59.90109173,60.64164201,61.4372623,62.4316279,65.15543724,72.67669553,73.82020878,77.85683259,81.0693256,85.36917046,86.95647956,87.04036561,88.03962293,90.72336428,91.05842406,100.78611518,111.43534984,111.71631818,114.02887725,115.20662333,116.06316503,116.326424,116.77131275,116.8956881,117.24614769,117.2852829,117.45985004,117.48452232,117.52683559,117.84766457,119.44518217,120.11051587,120.25588355,120.36400451,120.71873811,121.02153528,121.08292295,121.35164996]","[5,0,1,4,1,4,0,5,1,2,3,0,1,0,1,4,1,0,5,0,1,0,3,1,0,4,1,0,2,3,5,7,1,1,7,4,1,2,2,7,7,0,7,4,2,0,1,1,2,0,3,0,0,3,1,0,5,1,0,0,1,5,1,0]"
"[0.72294862,1.83880424,8.25292712,16.46101522,17.99968752,22.78374581,34.58453773,34.89599904,36.53329459,42.08609035,50.96904852,52.52699829,53.88458296,56.10938516,58.85780955,61.4555391,62.79014447,63.27950975,63.56967325,63.78058578,64.32745284,64.73891201,67.93234617,68.14740128,68.52599621,70.01257698,72.17105235,76.13979486,78.97599616,84.95762002,90.5000037,90.66639104,91.8267894,93.25965235,93.91073989,96.32320919,96.60894774,99.71073772,102.67572053,107.12766995,107.88860361,110.21844891,110.72554495,111.87161319,112.67722984,112.74589907,113.24111099,116.19265153,116.59574479,118.68334674,121.20258006,121.23011484,121.32992936,121.46531535,121.92585846,122.10256453,122.1033224,123.43563192,123.98218229,124.55955296,124.80922768,125.05342817,126.03482584,126.53861467]","[1,0,0,3,5,5,1,5,7,7,0,3,1,5,5,3,2,3,4,2,2,7,3,3,3,4,3,3,1,0,7,5,2,5,2,1,4,2,1,2,1,2,3,3,1,0,5,5,1,0,1,0,1,0,1,1,0,0,0,5,0,1,1,0]"
"[0.90735127,0.96426616,2.5881928,5.48733991,5.83901038,5.9952149,7.2577438,10.89741164,11.09047259,12.17906736,13.08091309,13.66487478,14.87275907,23.35015862,24.20761075,24.24222054,24.60731018,25.4693268,27.3648828,41.05032516,47.85580408,48.40659344,49.26975254,49.31748033,49.88258925,50.42695787,51.4547898,51.88459591,53.1492363,53.37115915,53.51988144,53.80879125,54.5359211,55.71401082,55.92125897,56.39824518,56.79081428,57.20405484,58.54592139,58.57550542,58.59500727,58.65531645,59.28790894,59.85214907,60.10644706,61.60961826,62.21784021,62.59541008,63.14174575,64.8757101,65.75092851,65.88165473,66.25022991,66.74651858,70.57656172,71.15720565,72.11316029,79.57355118,80.42614682,91.71788438,92.76214764,97.39937455,103.99579992,105.16049031]","[2,3,2,4,1,0,7,5,0,6,0,5,1,1,0,4,1,7,6,3,7,4,2,1,7,3,0,1,6,2,3,1,2,1,3,0,1,0,1,6,1,0,0,0,0,1,1,1,0,7,0,1,0,1,1,0,1,5,5,6,0,3,0,4]"
"[3.17638438,6.9310988,13.65447316,18.05115137,20.94898016,22.42969391,26.47253162,26.698937,29.52187743,32.17401438,34.25654064,35.09300151,48.44898336,56.97493628,59.18239386,63.64456812,65.1763675,65.18438409,66.73574279,70.82891783,76.76941331,77.0854593,77.59140184,77.77351543,85.63923806,87.09792147,87.46383534,87.84262973,94.37199073,97.1737943,97.84176479,100.03644605,100.48397055,101.40939742,102.25983959,102.63751015,103.39434664,104.45577753,111.53953156,120.95552923,121.08616457,121.66259295,122.0925993,123.04309996,123.27040242,124.33552052,125.41844486,126.0144782,126.62709343,127.5249877,127.74808966,128.22881511,129.21302312,131.32142294,135.94516437,136.03658056,137.15470635,137.70999205,137.79957958,138.57131847,138.79191056,140.72901909,141.7290243,143.60013809]","[2,1,2,7,6,7,4,0,7,6,2,6,5,2,3,2,3,3,4,4,5,4,6,6,6,4,5,1,0,3,2,3,2,3,2,3,0,3,7,1,0,0,1,0,6,7,0,1,0,3,2,3,1,6,7,2,3,2,3,6,3,2,5,7]"
"[0.31366817,0.89329971,2.51356388,3.44718533,4.42453772,15.17712066,22.23120675,24.71041853,26.3029171,29.50743712,29.52121836,30.51966953,31.24287312,31.44550184,32.2056467,35.58647472,35.86963895,36.58621875,36.63757339,36.76702826,37.29911197,37.71047818,37.77565083,38.3847233,38.88720413,40.02403393,40.12743847,40.21358715,40.56354704,41.2035921,41.60260366,42.08921726,42.13040209,42.36561947,43.72334949,44.18029615,44.69720996,44.80733362,46.55811355,46.58910799,47.54952767,47.58426509,48.88869265,48.99444762,50.9488045,51.19792172,53.84283637,54.24528885,54.51336,55.23128631,55.60732308,55.79318866,57.30337057,63.63524866,65.8296886,68.51767114,69.339089,69.55554884,69.78078762,70.45539853,71.15392613,71.40318764,71.40883995,71.83329309]","[3,3,5,3,3,5,7,4,2,7,4,1,4,0,0,1,0,2,1,0,0,2,0,5,0,1,1,1,0,1,1,0,0,0,1,1,1,0,0,1,0,2,1,1,0,1,5,7,0,1,0,1,0,7,0,1,0,1,0,0,1,2,0,1]"
"[15.53741723,19.52293255,22.73453129,24.95315155,25.3482467,25.7051735,25.74584291,32.13593401,34.77504993,35.78192684,35.84333322,35.85599224,36.89941987,38.73607935,39.75158315,39.83891571,40.58181564,42.08946738,43.76729195,48.5439043,55.13248356,55.21317779,58.544748,59.75018697,61.19179247,61.80060279,62.06308709,64.60928339,66.18490795,70.56673752,73.97038838,77.53443701,79.86534076,83.04498191,83.39422718,84.21833188,84.22191891,84.73447815,89.10592254,92.33875206,93.18337589,93.54007491,94.67133494,95.27311853,95.95143004,97.72392523,99.55616217,101.45907372,104.03529787,104.23636593,104.29781957,104.50231839,104.59596677,104.90929558,105.6945689,106.47235577,106.74175659,107.43436474,108.51539456,108.72414221,109.02703139,109.28498214,109.72695692,110.99963269]","[2,6,1,0,1,0,5,1,0,0,1,5,5,1,0,0,0,0,6,7,1,0,1,0,2,7,3,1,3,0,3,4,7,0,4,3,2,3,4,0,1,0,5,5,4,0,1,0,1,1,5,0,0,2,7,0,0,0,1,0,2,3,1,3]"
"[3.61874872,5.77465176,7.29888867,7.48043354,7.81843543,8.73796368,9.15777176,16.28395988,16.38084698,18.39380366,22.59072459,23.40514629,28.58553346,31.73817885,32.8390913,33.52706873,34.98442466,35.29503028,35.89427349,36.41901512,37.41747009,37.49224244,41.12398609,41.97750323,50.33439225,52.36647079,56.61273241,56.73369292,56.94180719,57.06170157,57.07716033,57.14881401,57.50821684,62.31483304,66.37234508,73.51805829,80.00277877,80.52125189,80.6207055,81.25672593,82.14780066,83.83592217,83.91430568,86.60363205,86.80263224,87.01423597,89.93995826,91.35723057,93.14639344,99.39506538,101.27382451,101.9618144,102.67797514,102.69896455,102.83794893,103.13870813,103.47488273,104.43028544,104.5697742,104.61629238,104.65353633,104.872828,105.81992558,106.06628529]","[2,1,0,2,1,4,4,0,1,0,5,7,1,3,3,2,3,6,3,4,4,6,7,3,3,7,2,3,5,3,2,4,2,3,7,6,7,1,0,0,5,0,1,0,1,1,0,1,7,1,0,3,2,3,3,1,4,2,3,0,2,2,2,7]"
"[10.512283,10.98315926,17.49649855,17.8903021,26.54674963,30.76853131,32.35185461,36.89219781,37.71928658,38.09908369,41.47665597,41.96495231,45.65545013,46.26201694,46.59353156,49.76931749,51.26027357,53.70718495,54.82818011,57.01935289,57.75318935,59.45483131,59.73299057,61.86351286,61.90125782,64.82420587,64.95971432,70.40453626,71.71969251,75.55427643,80.38397037,89.63510275,91.15767497,92.95440421,97.86619653,98.43157719,98.50862452,98.87334825,99.18502156,102.72428928,103.95223485,106.326867,107.73103698,109.87576609,111.52002104,111.63005325,111.91411904,112.01281664,112.47428729,113.39245941,113.62683922,113.69839245,113.87834058,113.98153433,114.25796071,114.30968034,114.67919089,115.03870393,115.11199645,115.28808315,115.38749919,116.08333401,116.22545745,116.41659559]","[6,7,7,7,5,2,2,3,5,7,7,2,2,0,1,2,5,4,7,4,7,5,6,3,2,3,7,7,2,3,5,5,0,1,5,5,0,0,6,7,1,6,7,0,1,1,1,0,0,1,5,0,0,1,0,5,0,0,1,1,0,0,1,1]"
"[5.92278376,9.16745261,11.02459554,12.7560256,20.66305255,23.26911289,26.06640967,27.65947451,28.94481252,28.99819882,29.94128084,30.9721786,31.25792963,31.43399441,32.69927662,34.44290868,35.38153511,35.61537583,35.78144457,36.32841495,36.7057516,37.76467135,38.04189194,38.21940715,38.28349654,38.33784916,41.99450937,43.54109501,44.50832213,45.32635091,46.98206602,48.01030501,48.54580979,50.2262597,53.84724421,61.38351997,63.72239964,64.0345824,65.77383109,66.60686384,71.02883796,80.22276775,83.93025839,84.93498516,85.32552805,87.17991828,87.25615437,91.7462681,92.17605828,93.95430002,93.97869642,94.10101512,94.15021043,94.28216606,100.37005619,104.13267898,104.95970531,105.82227758,106.98197383,107.69366347,107.72834973,111.00423326,112.45052682,119.66509059]","[2,3,6,7,5,3,3,6,1,6,1,0,5,0,1,1,0,1,7,0,1,1,0,0,1,1,0,2,0,3,1,7,0,5,3,7,7,1,2,2,6,2,3,2,3,0,7,2,4,0,3,1,1,7,2,1,0,1,0,1,1,0,0,0]"
"[3.17166079,4.90729265,10.00715575,13.33807655,21.72452477,24.01508954,24.97616114,26.54856689,31.25352982,31.48103052,31.95667426,32.05592215,32.1690926,34.06161957,35.50203467,36.89896454,37.1531278,37.23729065,38.33299338,39.52285252,39.58345171,39.80574465,39.80987233,39.81550962,40.8928276,41.04695223,41.3051966,41.79476855,42.38270369,42.70769377,43.06528611,43.18559356,43.29199513,43.67650666,43.85067616,44.37359411,45.70365026,47.5936389,47.6886107,50.12342293,50.31438773,50.8939411,51.79103005,51.95633456,52.46865982,52.83082569,53.38710824,54.09239476,55.88176729,55.98009952,58.79018139,60.01233033,62.75505593,62.98710204,63.42088487,65.21739447,65.36654376,65.69385867,69.04498333,71.83207813,73.40662081,73.58260027,74.54139371,75.4245647]","[2,4,7,2,3,2,0,4,1,3,0,4,7,0,1,0,1,0,0,1,1,4,1,1,2,0,1,3,2,0,1,0,2,0,3,1,5,1,1,0,1,1,1,0,1,0,1,1,0,0,3,6,6,6,0,7,7,1,7,3,5,5,2,0]"
"[0.06850741,0.14712026,0.24678792,0.48837449,2.36022073,8.87339234,8.94145531,8.99027334,15.56384785,18.23687182,19.17913696,23.49997025,24.04077144,30.68006861,32.00454465,32.57505513,38.75353489,38.8677727,41.2433433,43.49669981,53.36853909,57.8779135,62.13297616,68.35538012,69.61615931,69.75830007,70.46447983,70.51090345,71.71442275,72.45506839,76.90889994,80.35484457,81.6956614,83.66096363,84.29786277,84.55225606,85.73059606,86.63847306,86.72756012,86.93969242,87.74217142,88.34902825,88.73994593,88.82167246,89.77043247,91.58822406,92.57906077,96.44843904,100.96979779,105.28015807,109.76003001,113.78747531,119.03073142,120.16087103,121.01796786,121.95862136,122.00814748,125.03532447,125.37966422,127.08695311,127.43674985,131.10178732,131.97863803,141.51989738]","[1,2,3,0,0,3,7,2,4,0,4,0,6,2,3,3,1,0,4,0,5,5,0,2,2,3,3,4,3,0,1,3,2,7,0,1,0,1,4,6,0,2,7,1,3,7,3,2,3,6,2,2,1,0,1,7,1,2,0,3,0,2,2,5]"
"[2.19467852,4.89379334,5.08134959,8.96893406,9.88751224,16.25951984,20.9587247,21.68041573,23.78748455,24.08155207,27.04842042,27.91333839,28.54904797,30.31212132,30.49834712,31.37640621,32.80345739,37.07338627,37.5554406,38.26067636,38.6760609,38.92989085,44.87240853,47.49307364,48.77257737,50.37967672,50.47843502,51.54254697,51.72793508,51.7540172,52.12653807,52.29244699,52.61528303,52.7787932,54.07399816,54.19887588,54.39449858,55.21462628,55.33219251,55.54059045,55.55680871,55.90653858,55.98399943,56.66283325,56.76977379,56.87109337,57.01194843,57.33965069,58.30375607,59.00988515,59.01185961,60.41687815,61.70325379,62.88497909,63.15083777,63.62195887,64.13087918,66.10289441,69.8142644,70.65543353,80.59495246,82.08993564,89.43745326,92.22175086]","[0,1,5,0,2,5,7,2,4,0,2,1,3,3,0,1,5,0,1,1,1,1,2,7,2,3,1,0,1,0,1,7,1,0,0,7,2,1,0,5,1,0,1,0,0,0,1,0,1,1,0,1,1,4,1,0,7,5,1,0,6,1,6,6]"
"[1.42340653,2.96429062,4.88798653,5.82228047,6.48661368,8.39628928,11.13391847,11.55247375,11.67545336,15.33095134,17.32145129,18.15302599,33.84835475,37.92971255,38.17546521,40.36928426,42.83181055,43.36340589,53.83946571,54.524894,60.90391233,61.79544429,62.28212405,63.25091854,66.75169272,69.90670134,73.20147095,73.79676596,73.979297,74.26724146,80.82660673,81.17079341,81.96116346,83.64673599,86.73539261,90.91232761,92.36539942,92.66805203,94.47906877,94.96212342,95.76484512,96.69758629,96.82848204,98.43020026,99.53702522,99.63819266,103.46357808,111.29015408,112.29130886,112.8565012,120.45705769,124.59732844,124.61601778,124.72426504,125.17793045,128.22393555,129.37349402,133.29192158,133.98092917,134.47978949,135.61161773,136.7909047,138.85189366,139.12326709]","[1,5,5,5,7,4,5,4,7,3,3,4,5,7,6,7,4,2,6,3,0,1,0,5,3,1,0,1,0,5,2,3,7,3,2,7,2,7,5,4,6,7,5,2,3,4,2,7,5,5,3,0,6,1,7,0,0,2,3,3,6,2,3,3]"
"[1.56905636,3.24851165,8.90139424,9.68440519,10.30401349,10.96793672,11.51940425,13.44729659,14.95441445,20.88843251,22.4424085,23.70723481,25.40209249,25.50013222,26.56936988,27.52095535,27.77306359,28.19884581,28.43667455,29.14853232,29.16113585,30.51561552,31.1768373,34.33681162,34.45570685,34.67239024,36.23985523,37.00189833,43.00967092,43.16510591,48.58337752,54.80652242,55.21142119,58.86882976,63.24997928,63.83740181,65.2412592,71.26706053,72.15085823,73.84413328,75.39745551,76.31717033,78.73964948,80.28899008,84.90778208,84.93010164,85.39595301,87.4274353,89.40283872,90.56487616,90.84905636,91.27069572,91.42150171,91.85287041,92.15442093,92.77313311,92.87303909,97.06395685,97.5603637,98.27223918,98.72306246,98.85772007,99.69716444,100.8130783]","[2,1,1,6,0,7,1,6,0,7,5,0,3,3,1,0,1,3,2,0,3,3,4,3,2,3,0,7,5,5,4,2,3,2,1,3,5,0,6,2,3,1,4,5,2,0,3,3,2,7,3,3,2,3,7,3,3,5,2,1,3,4,7,3]"
"[2.21614417,4.01622795,4.6670163,4.79553512,9.72622788,10.88801224,11.80733228,12.68086648,14.32738864,14.84967979,15.42419918,15.4665815,18.73445617,20.8349448,21.02720133,21.48564657,22.17811809,22.49586497,27.79621713,27.97689917,33.16029473,34.25098812,34.51845364,37.28046806,37.5146759,40.24360064,41.40380227,43.13723328,43.41379836,45.300439,45.36369622,45.50498081,45.61883243,45.9916275,49.85291241,50.69560487,50.82768474,51.33558674,51.56652382,52.54306896,52.78659152,52.91655441,52.92982619,53.70317063,55.48971514,57.84929317,57.86495651,59.81723977,60.001874,60.14154305,60.22015318,61.54713351,62.43100692,63.0429242,64.00257212,64.04828737,65.77054702,66.03331194,72.25443483,73.09878659,74.26341881,75.18225496,75.51701369,75.98042562]","[6,7,5,0,1,0,1,2,4,6,1,0,7,0,4,2,1,0,7,6,4,2,3,3,3,1,0,0,1,1,0,0,1,1,0,0,1,1,2,0,0,0,1,1,1,3,2,7,2,3,3,2,5,2,3,3,3,2,2,0,1,7,2,3]"
"[0.59579433,1.41075065,5.92643502,11.74557913,13.11971262,14.37306218,14.67187343,36.086362,39.7829219,40.23022078,40.81059541,41.24117775,42.96441291,45.07249635,45.79670937,46.47877624,47.07453756,47.34157324,50.15031638,51.70656987,53.04293559,53.48612946,53.68035733,53.89926948,54.14089284,54.68608974,54.68806726,54.70593663,55.13190519,55.30755231,55.45516523,56.40363406,56.68351758,56.72616782,56.82842839,56.8865004,57.96035786,58.23908361,58.3698871,58.52085821,59.63420331,59.76385762,59.84595109,59.97648412,60.22583875,61.06799647,61.82248641,61.98141206,62.02472812,62.21506703,68.15321144,69.19291648,69.72208665,72.79145571,73.91130822,75.23378639,77.09885807,79.16359777,80.42405504,80.62064581,82.57531746,82.76911012,83.56617434,87.00990606]","[7,0,2,3,2,3,0,7,2,0,3,1,0,2,1,3,0,1,0,1,0,1,1,1,0,4,1,0,0,0,6,1,0,0,1,5,1,1,0,0,1,1,0,0,0,1,0,1,1,0,5,3,2,3,5,7,2,3,1,0,0,2,3,1]"
"[0.06143627,0.08462837,1.44758801,2.21025844,2.45190107,4.21427184,19.38608657,26.48465972,36.24822539,38.17112977,39.10466845,41.14561003,49.5052684,49.61315346,50.31429064,52.5369975,53.40875151,54.81663957,60.40573514,66.51786931,66.53421939,68.97306479,69.17070049,69.53919381,69.80516321,69.91314803,70.45130675,70.45818179,70.51106888,70.68508012,71.45000367,71.76881306,72.34257087,72.35688062,72.46076597,72.94181684,73.0259546,73.97905884,75.70927373,76.71042451,76.74914325,76.75516074,77.42183725,80.77496494,81.35241027,85.63477707,85.90615264,95.26404374,95.39405403,95.79109533,99.39172162,100.31496404,100.32284307,102.29028162,102.8868064,103.22221253,105.11963166,105.21526689,105.65676823,107.46854986,107.68718867,108.34037387,109.09496057,110.85131097]","[6,2,5,6,2,5,1,0,5,6,7,2,3,7,3,2,6,6,1,0,1,6,2,2,1,0,0,1,1,0,1,0,0,1,0,1,0,1,1,1,3,7,4,7,2,2,3,1,0,2,6,7,2,3,7,2,2,7,3,3,4,3,3,7]"
"[3.7240655,3.95433197,8.52322247,12.54359333,14.12211134,19.97571008,24.52759331,24.86388126,25.26594173,25.91080585,27.1115573,27.66088268,27.77164456,28.28382774,29.11709447,29.27497967,29.4230301,29.56201719,29.75251662,31.86416914,32.60494818,32.68627721,33.1510342,33.16198284,33.51037575,33.81466441,34.51990672,34.62912195,37.46896232,39.10865896,39.57136194,40.94596946,41.17291421,41.62194647,41.77671261,41.7952616,41.8868481,46.43164941,46.47441475,47.63498773,48.22429141,50.64733417,51.56266808,51.66902378,51.75980642,52.42238146,52.61522088,54.36728754,65.26482615,69.55743805,71.99017713,73.73118874,79.59287909,85.09733475,85.41169866,88.4440078,92.38369198,93.82970792,95.29334078,96.52812762,96.56402506,97.81364004,98.75991906,102.76152936]","[2,6,7,7,7,7,1,0,1,7,0,1,0,5,4,2,1,0,0,3,1,2,3,4,2,1,2,3,1,2,0,0,1,0,3,1,2,1,0,3,6,1,1,0,5,5,0,1,4,5,7,2,1,2,3,1,4,1,0,1,4,1,0,7]"
"[0.42682102,2.78128032,2.98980306,4.83643447,5.26753761,6.71199516,6.92651936,7.16972688,7.3108987,7.93695157,8.11228709,8.59039192,8.81000176,10.49870257,11.20725336,12.17985431,12.9630015,13.21463029,14.01892928,14.09893803,15.41508697,17.90204332,23.80431151,25.63932252,26.71866659,28.20314282,28.89643531,31.19821297,46.48602036,46.6556584,52.57894757,54.2997718,60.08630287,60.15409154,62.31581348,70.75948221,72.75914746,73.24924804,81.10896561,83.08747041,83.47226273,83.60320645,83.78874038,84.06805645,84.39574362,85.20795114,85.23189712,85.37588049,85.4321865,85.59977556,86.03503164,86.85620359,86.97617809,87.99990371,88.96163687,91.85263174,92.54745196,92.96909886,93.71137594,94.16309084,96.6557963,96.88083256,97.04990685,97.69311622]","[7,6,7,2,5,2,3,2,7,3,3,3,2,3,6,4,5,2,3,3,2,3,5,7,6,7,7,7,2,1,4,2,2,7,5,2,7,7,0,0,1,1,0,0,7,2,1,5,1,0,1,0,1,0,1,0,0,5,1,1,6,6,0,6]"
"[6.8614261,9.16945295,12.9238503,14.1867631,15.95294863,17.30438623,26.14573088,31.27988617,31.5160222,36.73454407,39.2375233,41.03111728,41.16043988,41.47957147,42.30630499,43.66522635,43.97181319,44.11480364,44.86457628,44.91347943,45.91837048,50.11422613,50.25663715,50.31747981,50.7076172,51.74635985,51.92508533,51.93160763,51.95163253,52.74067484,52.78906364,54.91002655,55.07235679,55.22881494,55.24341015,55.32943538,55.66288754,55.74580838,55.79352427,56.25795212,56.86096844,58.00299442,58.24831461,62.88677893,63.76577158,65.98676402,67.34621054,67.9705997,68.30706674,68.55861383,68.88138816,69.00578911,77.69674984,77.72687134,80.41824957,81.299814,83.87042905,88.70913971,89.20909578,90.27380053,92.82550016,93.56478917,94.53030609,95.90734511]","[2,3,1,7,1,0,6,5,0,4,1,4,4,2,1,3,7,2,0,0,7,5,3,2,7,1,2,3,0,3,2,1,2,3,4,3,4,2,0,2,3,0,4,4,3,5,1,0,1,0,0,1,6,3,7,2,5,0,2,7,0,1,1,0]"
"[0.63585964,0.99095833,2.02256561,3.19031153,4.02302832,4.81844751,6.02412526,7.60518961,8.27292104,9.71692697,9.79238051,10.17453935,12.41564393,12.68150216,16.41523664,19.81282463,19.87972941,22.29608773,22.97195098,27.08416513,27.09762039,27.69704026,30.21480013,34.79503949,37.30677975,47.08283971,48.11042724,48.24568946,48.26446901,50.53016608,53.18744927,55.20084716,55.37663461,56.06978835,56.28763596,56.33170118,56.50752817,57.61433297,57.85327961,58.35488422,63.8100233,64.58559382,65.47833835,66.54123362,67.337492,67.78405871,67.95207115,69.0396217,70.63433361,70.73364703,71.13133661,71.22295666,71.47517063,71.65834944,72.09111455,72.33474445,72.37331947,72.84158958,73.37235602,73.74221544,74.82117156,75.37498956,86.6308669,89.3762196]","[1,0,7,7,1,1,5,2,3,0,3,2,3,4,7,4,7,0,3,1,0,0,5,0,6,6,7,4,3,0,7,7,2,3,0,3,2,1,1,3,1,0,1,5,0,5,1,1,0,0,1,1,0,0,1,0,0,1,5,1,1,1,5,7]"
"[0.11896751,1.97035086,4.96611682,5.85243442,7.31032703,8.91662377,21.21523257,22.49934519,22.5859192,26.11817266,29.56618826,29.84255877,31.61273274,32.81169041,33.25021131,34.12659356,34.57251532,36.487547,36.82350535,37.55421899,39.08871686,41.26788443,41.63962336,43.12259668,43.32617404,44.25233323,46.68180126,59.73271756,65.49973944,68.76850805,68.90570922,70.64266289,72.6268229,73.09202877,75.86268713,76.57533916,77.02021903,78.08513426,79.75178778,85.8689646,86.19214472,86.29141107,86.38205276,87.04044031,87.26576462,88.52819935,88.57374121,88.87776505,89.38783164,91.00921085,92.50653923,93.84995446,94.19998784,95.38135569,95.84500879,95.97767742,96.97484725,97.56428378,98.39106857,98.52500227,98.73525359,100.15072921,100.74240722,100.87321614]","[7,0,5,1,0,1,1,3,3,1,6,1,0,6,6,3,7,1,0,7,1,2,0,3,4,6,2,7,2,7,1,3,0,1,1,1,2,3,5,0,2,3,3,2,3,2,0,3,1,0,0,1,7,0,1,0,1,1,0,5,5,1,5,0]"
"[2.60587923,7.05952041,11.05581528,14.64311368,16.51271308,17.93909702,18.97459236,19.23368486,21.44337233,21.72928947,22.62176217,22.82426039,25.03374794,25.12752006,25.99569054,29.04471075,31.06206149,31.83684911,35.59021368,36.09181305,37.89666785,38.70008582,39.90806041,55.8793598,62.64777268,64.31097716,65.04941503,65.44503383,66.60780474,70.65769057,73.95008273,77.2560239,77.93736264,78.39597929,78.90365261,79.97031151,80.25128197,81.53275564,81.94734528,82.32888507,82.39013198,82.50079818,82.83554964,82.90411275,83.73222826,83.93749742,84.41566589,84.42200725,84.62805784,84.64317057,85.11655518,85.1900471,85.42459666,85.46775485,85.50161118,85.67628052,86.52125334,86.88210195,86.96996187,87.6034676,87.60702273,87.79774855,88.2041965,88.39794844]","[5,1,4,7,6,6,2,3,1,3,0,1,2,5,3,1,2,3,0,1,2,4,4,7,4,0,1,0,4,4,2,4,5,1,0,5,1,1,0,1,0,0,1,0,1,0,3,0,0,5,1,1,1,1,1,0,0,0,1,0,1,5,0,6]"
"[0.81770248,2.36850961,3.53875543,4.36341972,4.69651067,4.9911376,9.72259609,12.03149338,14.99104913,15.44067358,15.81398019,15.90983088,16.28459074,17.29973519,17.64690971,18.41420113,19.35109299,19.49213535,19.80371065,19.94508434,20.11368483,20.28990198,20.54113256,21.25427189,21.43413647,21.48706507,22.02617621,23.13879347,24.73049007,24.73142461,26.44749185,26.46832431,26.49260846,26.50309563,27.48941454,28.22431366,28.52152399,31.81688602,41.80516409,42.232508,46.45607322,48.04055244,48.87449084,50.51861502,51.13653313,52.29402123,52.82950275,53.15565594,54.05183595,54.54001455,56.30139133,58.51626968,58.62020594,58.81801595,59.08678966,59.34910427,59.49996098,59.5461851,60.69339683,62.29452521,63.0361145,66.13519914,66.35693065,66.96221459]","[3,0,2,1,3,3,0,2,1,5,0,0,1,5,1,0,5,1,0,0,1,1,1,1,1,2,0,0,5,0,1,0,0,2,1,1,0,2,1,0,1,0,1,7,2,3,2,5,1,5,3,3,2,3,3,3,0,1,4,0,5,1,2,3]"
"[0.78844633,1.26700215,2.41575583,3.94234807,9.27073124,13.40901177,13.42824618,13.61391565,13.63497341,18.02392674,19.08732899,22.18359059,25.53262996,27.66886224,29.25317814,29.44857166,32.97762857,34.97507889,35.56187804,36.49336063,37.11878839,37.64776432,40.42773474,40.80267888,45.21092069,47.35277059,48.07528601,48.15345331,49.06091816,50.19444316,51.10095075,51.26437726,52.59885542,53.59085397,54.27579929,56.25485834,56.80754733,57.00431442,58.12646006,59.57940905,60.24782618,64.00642334,64.19225812,65.34759782,70.95016087,77.02670204,78.52113067,81.98293742,89.33206003,89.75371311,90.09202875,90.29436417,90.37554896,90.72623674,90.79604899,91.99448185,93.31560038,94.26402077,94.64207585,98.17258346,100.45767162,100.56223233,101.29342717,101.62513347]","[5,4,4,4,0,1,0,0,1,7,6,6,5,2,3,7,1,4,0,2,3,1,0,7,2,6,3,2,7,6,3,0,2,3,2,0,1,1,5,0,1,0,0,0,3,2,5,4,2,3,3,7,3,3,7,7,5,2,2,2,1,0,4,1]"
"[4.01995949,4.04160843,4.68669345,4.9669116,6.65199383,6.97474063,13.48109369,18.2345756,19.28367248,19.74866926,27.40491001,33.86667773,34.03909766,37.21079421,40.05196701,40.43574831,45.04741044,45.86192945,51.78899095,54.45482503,54.91033485,55.3273387,61.36307984,66.67722103,69.96764356,71.57278561,76.01037904,77.34421657,77.99306331,78.35307665,79.89648853,80.48430478,81.37952547,81.48361615,83.62164885,83.97463089,85.39364375,86.98267757,92.35094033,97.36540353,97.90328926,98.26517272,98.36366232,98.89469741,105.29918778,105.47303111,106.97053977,106.98363323,107.07284154,107.45894674,110.31496319,111.43918643,111.73351676,112.11182615,113.44290631,113.67708183,114.20874436,114.6357895,116.27568136,117.08597158,117.81273546,123.245724,123.60636278,126.18967243]","[3,7,1,7,0,0,2,1,6,6,7,5,7,0,0,1,1,0,6,2,7,4,7,3,5,7,0,1,0,1,0,5,5,1,0,1,2,0,4,2,2,4,3,7,7,2,0,1,5,2,3,1,3,0,1,0,0,5,1,7,0,5,2,4]"
"[2.69990723,5.35645482,9.26814833,9.63294111,12.01776106,13.20001091,13.63593313,13.79174575,14.14599411,14.57515163,14.70820357,14.87466887,15.86317632,16.42322262,16.70276699,17.39245217,18.20825445,18.6033715,20.94427826,23.18794922,24.52740904,26.00633872,26.25096249,26.81511116,26.85853608,29.05538181,31.08234759,32.87075433,33.05613165,33.63704081,34.31675483,35.15894316,36.65818708,37.09616904,38.17497387,38.68880177,40.31675533,52.73021772,58.16763092,59.11353313,61.62117704,63.4244369,64.87353315,66.84488322,67.6689146,70.39383066,72.06833575,72.96530185,76.06472792,79.90686214,82.53205376,83.22567258,83.43308639,86.73241269,87.7672057,89.48881775,96.5003318,97.04671932,101.31673787,104.08567463,119.80790903,121.28743929,122.57566998,123.15387238]","[7,4,3,7,3,0,1,1,1,1,2,2,1,0,0,0,6,1,0,5,3,2,4,3,0,3,7,2,5,3,3,2,4,2,7,5,3,1,2,3,7,2,3,3,2,6,7,7,1,7,6,7,2,5,2,1,7,5,1,2,2,6,0,7]"
"[0.29394202,3.44631752,5.88999498,7.44214275,8.01388387,9.53131039,10.46620827,11.45174572,11.47584071,11.63379585,12.01233131,12.33724452,14.31960928,16.05826495,21.00453181,22.98053518,27.77368503,28.90107234,30.59384681,32.47649767,32.95813872,33.08990349,37.39347322,37.77602054,41.28540634,41.48469865,43.2087942,47.5509304,51.44693125,56.47053317,57.1803377,57.25903637,57.32645632,57.57322403,58.51970239,59.34938723,59.68935135,60.16000182,60.26978638,66.15747204,71.85213583,77.45327013,80.7696807,82.08417403,91.84577228,96.02936522,96.39325186,97.5101903,97.78478703,97.84164248,100.50783309,101.51004825,101.5742628,113.40609215,118.42652175,122.39640558,122.68514816,122.78908773,125.32764193,128.51732674,131.309511,131.66672809,132.90514833,133.13526383]","[7,2,0,2,3,3,1,1,3,6,3,0,2,1,3,5,3,4,6,7,0,5,2,0,1,0,7,5,0,0,0,1,6,1,5,3,0,5,1,5,0,6,0,7,2,2,3,3,3,2,3,2,2,2,5,2,3,7,5,7,0,0,1,0]"
"[5.30723243,5.71348076,7.46519636,11.29626901,13.87488804,17.90489475,20.85987858,21.92917946,22.47303699,22.60405105,24.15272207,27.03963257,30.47955779,30.93330095,31.45037837,33.96143756,35.51142703,35.83461387,37.31184942,38.26658449,42.14259576,43.9412559,44.3284769,44.68653021,45.4572936,45.48325397,45.66291894,46.38419698,46.51242822,46.71304322,47.3791035,48.73905439,50.15468222,50.26594092,50.52868355,54.36968496,54.73320172,58.37052718,58.6122189,61.50884515,62.12370443,64.9078001,72.42923678,76.26523654,85.31405356,90.24745091,91.3242712,94.85900265,98.07456492,100.67694236,102.72228784,103.0975295,103.1704943,103.8087923,104.62594,105.33072656,112.63896961,112.82053833,113.36202364,115.082425,115.99325538,116.17203035,116.25175378,116.25323474]","[2,1,6,2,4,3,7,0,6,1,6,7,1,7,0,0,1,7,0,1,2,3,2,3,3,6,3,0,2,1,3,0,3,3,1,0,1,5,7,3,7,7,4,5,2,7,7,3,7,3,6,3,6,1,2,2,1,1,0,1,0,0,4,5]"
"[1.0904404,3.34283604,7.12831113,7.98923575,8.80008885,14.44983894,16.0685838,17.14306624,18.12226567,18.63006116,19.95119053,20.3181857,20.40507237,21.41950848,24.33907093,24.3510062,27.02603611,28.67848672,29.74115783,32.80046065,35.73328476,40.43700309,41.97392021,44.77860304,48.50706161,48.80382406,48.98122282,49.08887023,49.39284747,50.11120528,51.42443471,51.57306167,52.36600416,52.68576566,55.23015934,57.10458684,57.52544558,57.8454491,59.05113965,59.66879993,60.50065487,61.08178195,61.09915364,61.17423808,61.19745723,61.43449575,61.83638081,61.8780821,62.68475943,64.00835238,64.70851684,65.52334192,65.65779714,66.08518573,66.36234575,77.5750484,77.90934188,78.14323106,81.86109528,83.1073687,85.72682288,86.05145432,86.05562697,86.19993318]","[7,7,2,4,4,2,2,3,5,0,1,0,3,1,3,2,3,4,5,6,2,5,6,1,1,0,5,1,1,0,2,0,1,0,1,0,1,2,0,1,0,0,1,0,1,1,7,5,0,1,1,6,0,1,1,3,2,3,3,4,3,0,7,1]"
