event_times,event_types,cluster
"2.302137,2.343055,5.841908,6.003302,17.124708,19.605401,26.668097,53.367799,53.368954,53.517365,58.657232,67.923673,67.927555,67.953146,69.249094,69.323358,77.594780,84.844089,84.850330,84.877087,85.019052,85.034249,85.040197,85.148698,85.353165,85.366986,85.369562,85.372684,85.461898,93.966019,100.769618,100.810774,136.042492,178.525257,178.536310,178.631304,178.671576,178.793954,178.817460,183.473300,186.561808,186.631011,186.648582,195.205817,212.340890,215.770556,215.861744,215.944219,216.027783,216.050576,216.187637,216.202678,216.229889,216.581431,216.631439,220.006414,220.017245,220.641347,240.556313,240.601837,240.647264,240.662414,240.663675,240.697499,240.736263,240.767417,240.777227,240.779085,240.781813,240.788554,240.813947,240.818039,240.832060,240.855361,240.855787,240.859505,240.870127,240.925974,240.939965,240.950787","1,3,2,1,4,2,4,1,3,3,7,7,4,4,6,5,5,0,7,4,4,4,4,6,5,2,2,1,3,4,1,3,6,4,6,6,5,2,1,0,5,2,2,7,0,7,7,4,4,6,1,5,6,2,1,4,6,1,7,4,6,4,5,5,5,2,2,2,2,1,2,1,1,1,1,1,1,3,3,3",0
"12.372388,12.411913,12.550234,12.572975,12.660061,12.756470,13.834519,15.863627,64.984049,65.043325,65.055430,65.064419,65.088018,65.117767,65.118858,65.166968,78.478051,100.940221,101.009543,107.946816,112.848457,112.856549,113.033541,113.034646,113.039559,113.127130,113.193831,113.331972,113.522923,121.666012,121.687467,134.669942,141.658788,141.694632,141.732529,145.428206,158.879608,158.887333,158.890579,158.933243,158.943295,158.959227,158.965220,158.996017,159.016046,159.094792,159.482327,159.576184,159.636537,159.647464,160.294180,160.376787,172.761821,185.107086,185.133662,185.135052,188.813412,188.831284,188.844434,188.962696,189.150028,189.168558,203.178689,203.374994,203.587144,232.168776,242.020890,242.227182,242.253994,242.329589,242.342655,242.590759,242.617108,242.771732,242.999684,243.175265,249.656980,259.960292,260.004614,260.221766","0,7,4,6,5,2,6,4,6,5,5,2,5,2,2,2,4,2,1,0,0,7,7,4,6,6,5,2,1,0,7,7,2,1,3,5,7,4,6,4,6,5,2,5,2,1,3,0,0,7,7,4,2,2,1,3,1,4,6,3,0,7,7,4,6,5,4,6,5,5,2,1,3,3,0,7,2,2,1,1",0
"3.161205,3.233153,5.751378,5.768107,5.790235,24.800584,26.074410,32.908846,41.214698,48.309935,59.969915,60.169509,60.283901,60.295490,72.143486,72.152648,72.209874,72.242321,72.286004,73.116785,73.812793,77.360522,77.405089,77.539021,95.627024,95.790708,107.205423,107.289792,128.666936,128.703758,130.330780,130.436484,134.644472,134.706013,134.773795,134.878106,134.883330,134.980407,135.004657,135.012063,135.027102,135.061785,139.410726,139.412033,139.508585,139.623307,144.236837,150.662637,150.689676,150.850414,155.396822,239.872490,239.892523,239.904527,240.089162,240.113865,240.117811,240.149825,240.174564,240.299338,240.353119,240.382225,240.430626,240.484853,240.487167,240.508885,240.553244,240.574778,255.607105,255.646416,255.658844,255.665043,255.672130,255.692327,255.803781,269.376558,269.481957,272.508853,272.533696,272.560614","5,2,6,5,5,6,3,1,1,2,3,7,4,6,6,5,2,2,2,0,2,2,1,3,7,4,4,6,5,2,6,1,3,0,7,7,4,7,4,4,6,6,0,7,7,4,5,5,2,1,5,0,7,7,4,6,5,2,2,1,3,0,0,7,4,7,4,4,7,4,6,4,6,5,5,0,7,3,0,0",0
"16.121324,16.274619,55.506945,84.798584,90.637591,97.822853,110.383162,110.413879,110.453430,117.080074,117.141297,117.150083,117.310244,121.181073,123.755083,123.770608,123.817097,123.830908,128.682679,131.299494,134.061883,147.349396,147.359841,147.419150,151.057569,200.852656,200.954479,200.971262,201.004987,201.307985,201.342079,204.395854,226.870547,251.930032,275.592640,275.629968,285.902336,285.955500,286.046767,298.310513,298.331380,298.479785,298.745394,319.666357,319.670217,319.698041,319.875372,333.288959,342.857231,348.415446,356.238091,356.246465,356.387494,356.460776,356.475368,356.529806,356.576240,361.517982,361.574426,377.930449,379.918388,388.675569,402.402053,410.315670,454.776663,454.827301,470.776581,497.350451,523.911580,524.180264,524.222037,524.251224,524.258114,524.346804,524.850931,533.504583,543.244293,550.759401,550.779974,600.285623","4,6,4,2,3,3,3,0,0,3,0,7,7,7,7,4,6,6,3,0,1,0,7,4,7,1,3,0,3,3,0,5,5,1,2,1,2,1,3,2,1,1,3,0,7,7,4,4,0,6,3,0,7,4,6,4,6,1,3,1,1,6,5,1,5,2,5,6,4,6,5,5,2,2,7,5,7,1,3,2",0
"8.659577,8.691599,8.752230,8.883433,8.987357,16.378021,16.536896,21.045253,46.374342,57.680832,57.684115,75.379831,75.391664,81.564829,87.844825,87.985811,88.016331,94.625410,112.516466,116.455370,116.509216,121.365137,121.460042,121.590603,121.609372,121.674702,121.737354,121.770593,121.781562,121.854665,121.874507,121.880362,121.888146,121.891872,121.898289,121.924862,121.940333,121.968445,122.007678,122.182816,122.196028,122.208098,122.212368,122.227492,122.244273,122.253034,122.297072,122.354283,122.410932,122.449684,122.494520,122.525691,122.745486,122.777701,122.812743,122.843407,122.862199,122.913178,122.926759,122.973538,122.978478,122.981632,123.008650,123.051930,123.092493,123.177319,123.200927,123.202422,123.213389,123.236466,123.251617,123.260563,123.303897,123.336625,123.350070,123.369368,123.387501,123.403745,123.406009,123.428463","6,5,5,2,1,4,6,1,3,5,2,1,3,2,5,2,4,4,2,2,1,2,1,3,0,7,3,0,7,4,0,0,7,7,7,4,4,0,7,7,4,6,6,5,4,5,4,6,6,2,1,5,5,2,1,2,1,3,0,7,4,4,6,6,6,5,7,5,6,2,4,6,6,6,6,1,5,2,5,5",0
"19.796064,19.852675,19.855193,19.861510,28.226836,28.474892,28.497952,28.522157,28.559643,28.590664,28.594600,49.618977,70.224561,70.240744,70.483630,70.489459,70.546267,70.548190,70.586462,70.597143,70.636545,70.649061,70.821981,70.828596,70.867949,70.879312,70.884406,70.924139,70.977805,71.174194,80.349894,82.974497,82.976427,83.039438,83.159932,83.178281,83.191037,83.198262,83.262339,98.548734,98.752282,98.765161,144.963492,145.023920,145.045147,145.049070,145.068407,145.192983,145.310781,150.779587,150.809148,154.951998,154.960129,155.104822,155.248026,155.276062,155.293084,155.301008,155.383448,155.392455,155.441041,155.446141,155.449755,155.497435,155.499959,155.547267,155.553654,155.585876,155.591833,155.601774,155.624309,155.630898,155.707380,155.708022,155.802975,155.812952,155.845938,155.869764,155.906776,156.068100","7,4,6,6,1,4,6,5,2,1,1,3,5,2,1,3,3,0,0,0,7,7,4,6,6,6,5,6,5,2,2,0,7,7,4,4,6,6,5,3,0,7,4,6,5,5,6,2,1,2,1,2,1,1,3,0,7,7,4,0,7,7,4,6,5,2,5,2,2,1,5,3,0,7,7,4,6,3,6,5",0
"3.558648,11.621434,11.734828,11.744253,30.365591,47.583027,47.786702,89.332271,108.400502,108.432925,108.533104,108.558547,108.640512,108.999677,109.025501,109.067981,109.237800,109.310011,127.570503,130.223312,133.846486,133.937558,133.976503,133.997987,134.003940,150.600658,150.990741,151.016955,151.040984,151.052879,151.065590,151.096318,151.096806,151.097799,151.116681,151.124135,151.163524,151.190667,151.252927,151.273564,151.286121,151.301294,151.339526,151.543430,152.351516,190.248454,197.813435,197.816527,197.824271,197.925830,197.932252,201.870544,215.714828,215.771001,224.630418,224.686167,226.172161,226.192017,226.230077,236.163583,236.168834,261.924289,264.869515,264.871258,264.918465,264.930543,264.940375,264.940432,264.944844,264.959868,264.961993,264.963946,264.985477,264.992896,265.014652,265.202287,268.021051,268.070336,268.084059,268.127096","7,1,3,3,5,3,0,5,0,7,7,4,6,4,6,5,5,2,5,7,0,7,4,7,6,7,4,6,5,2,5,4,2,5,2,1,3,2,0,2,1,7,1,3,4,4,4,6,5,5,2,7,1,3,3,0,4,6,5,6,5,1,7,4,4,6,6,5,5,5,6,2,2,1,5,1,2,1,1,1",0
"13.930718,14.164540,17.324332,17.342616,17.392675,17.402542,17.404450,17.420247,17.507168,17.646653,26.348118,26.405154,26.539295,26.564843,26.591406,26.692144,33.798456,33.806971,33.808562,33.997695,34.300392,34.350313,34.402626,34.451228,34.456153,34.457202,34.457451,34.489459,34.535720,34.536255,34.621370,34.678134,34.682487,34.743282,34.745515,34.788827,34.821325,34.856092,34.873746,34.874442,34.963545,34.966740,35.081494,35.254824,38.091611,38.134090,53.652828,53.728252,53.737408,53.872519,53.913456,53.946087,53.994916,54.006308,54.077413,54.200800,61.256108,69.420119,69.527088,86.590915,86.626670,86.664382,86.713305,86.721839,86.750109,89.378207,99.497213,99.545013,118.589418,119.217567,119.315539,126.488372,135.780577,135.849636,135.855955,135.868452,135.902890,136.074320,149.881137,149.952799","4,6,4,6,5,5,2,2,2,2,2,1,3,1,3,3,4,6,6,5,2,1,0,7,4,3,6,4,7,5,4,2,1,4,6,6,5,5,2,1,2,3,0,0,4,6,0,7,4,6,5,5,2,2,1,1,2,1,3,7,4,6,5,2,1,7,4,6,6,3,1,7,1,3,0,0,7,0,2,1",0
"13.506339,13.610787,13.764256,13.790413,13.837932,13.881440,13.962744,18.827955,18.829283,18.863658,18.863870,18.866726,18.868477,18.921742,18.930691,18.970318,18.991124,18.997937,19.017988,19.022945,19.023383,19.039384,19.084246,19.125010,19.142943,19.163857,19.206356,19.240728,19.300320,19.358696,19.372072,19.376455,19.418818,19.434895,19.455776,19.464640,19.467177,19.576609,19.576947,19.583375,19.702195,35.332161,79.734980,79.741905,82.137874,82.142305,82.143332,82.394057,82.427452,82.458274,82.500732,82.597273,82.716507,83.094767,83.098555,83.111499,83.144057,83.152914,83.172643,83.250052,104.887823,109.728447,113.701532,122.212198,122.228706,130.338886,130.369579,130.376004,130.528127,131.977109,147.510335,147.523367,147.737649,147.775510,214.945627,215.459964,215.644708,234.133252,246.089047,250.846634","6,5,2,1,5,2,1,2,1,1,3,0,3,3,7,7,0,4,6,4,4,6,6,6,4,5,5,6,5,6,5,2,1,1,2,5,2,1,1,3,1,0,0,7,5,2,2,2,1,1,3,1,3,0,7,4,4,6,6,5,7,4,5,5,2,5,2,2,2,0,1,3,3,0,0,7,4,3,3,5",0
"4.296137,4.296583,6.984522,19.628014,29.904543,29.916589,30.056070,30.102745,30.106782,30.126318,30.160610,34.642053,43.968614,76.403676,79.453164,79.619905,96.947097,96.987500,97.095522,99.359903,108.170593,108.240937,108.311403,108.333100,108.509871,108.639193,129.573838,129.610257,129.616882,129.791509,129.827969,129.858819,129.940846,129.972914,129.984617,130.063289,130.123352,130.168521,130.259667,130.261093,130.269682,130.273886,130.301600,130.306409,130.350891,130.365551,130.415947,130.419564,130.447172,130.470430,130.502648,134.695019,155.180917,157.134847,157.203585,159.495346,165.272734,165.305215,165.346090,165.347281,190.488008,196.726323,196.739090,196.748105,196.762240,196.867109,196.875296,196.877080,196.933356,196.979937,197.000730,197.010332,197.035904,197.064069,197.192591,197.234483,197.236081,197.270408,207.964328,207.993450","4,6,5,5,4,6,5,2,1,1,2,3,2,4,6,5,6,5,5,7,4,6,5,6,5,5,0,7,4,7,4,4,4,6,5,2,1,3,3,3,0,0,0,7,0,7,4,6,6,4,5,4,5,7,4,0,2,1,1,3,0,7,4,4,6,4,5,6,2,2,1,4,1,2,3,1,1,3,3,0",0
"2.409655,2.450498,2.540037,2.580496,2.617055,2.618661,2.640814,2.682934,2.789175,6.372905,15.066961,33.381022,33.414398,33.425785,33.484686,34.115400,34.178979,34.201017,34.211087,34.234578,34.275039,34.393056,34.491991,34.497219,34.517614,34.683266,34.727718,34.732530,34.749195,34.756008,34.788055,34.795259,34.827351,34.838285,34.872265,34.905237,34.909835,34.945333,34.987240,35.083355,35.190377,35.192238,35.236443,43.501843,43.661113,52.351637,64.526911,86.909676,86.980780,87.073584,87.081206,87.082325,87.091102,87.109030,87.117043,87.140884,87.143155,87.192093,87.197034,87.204020,87.215483,87.255391,87.318514,87.323889,107.237714,110.083413,118.117757,122.148747,122.162914,122.177145,122.233526,122.442996,122.541398,124.098098,155.358599,168.083387,174.683837,174.685366,174.736243,174.746979","0,7,4,4,7,6,5,7,4,5,6,4,6,5,5,3,0,0,7,7,7,7,4,6,4,6,5,2,2,2,1,6,1,1,1,5,2,1,1,3,1,1,3,5,2,1,5,2,1,1,3,3,0,3,0,0,7,0,7,4,7,6,7,5,2,3,4,4,6,6,5,2,1,3,4,5,4,6,6,5",0
"0.643942,0.655248,0.840612,6.537243,6.868131,13.950884,13.956824,13.960119,13.980386,14.189030,14.191936,14.217602,14.245883,26.244822,26.290490,36.808757,37.393633,37.487142,37.668688,37.682147,37.690889,37.836367,42.747239,42.747941,44.062392,44.063505,44.092722,44.100576,44.105003,44.114667,44.116543,44.188802,44.193899,55.152283,60.564546,60.636865,60.644707,60.687662,60.690183,60.695459,60.781118,60.819667,78.632585,78.872904,78.970362,79.032300,79.221773,79.233875,79.330908,79.341475,84.165152,84.173378,96.586367,106.146068,106.218675,106.728777,110.336507,110.379325,116.681759,116.698077,116.718796,116.768830,116.808807,116.846709,116.891341,140.893609,140.912537,140.948572,140.969868,140.979637,141.079807,141.574171,141.683403,141.698918,141.720734,142.404934,142.405600,142.608866,143.663795,143.681581","6,5,2,5,2,7,4,4,6,6,5,2,2,5,2,3,2,1,1,3,3,0,6,5,4,6,6,6,5,2,2,1,1,5,3,0,0,7,4,7,4,4,6,5,2,1,3,0,0,7,2,1,0,1,3,0,5,2,0,7,4,7,4,4,4,0,7,4,7,6,5,5,2,2,1,5,2,2,5,2",0
"10.682432,12.081889,20.063500,32.867603,42.280200,46.801409,47.258396,51.645280,51.675291,51.729152,51.814001,51.834692,51.834889,51.867129,51.956131,59.265239,79.108019,79.131771,79.256815,79.264492,79.265262,79.300392,79.461520,79.491185,79.552613,79.572186,79.573368,79.586739,79.601991,79.605336,79.622919,79.653793,79.699594,79.729831,79.743229,79.769788,79.784540,79.797471,79.799469,79.871933,79.900664,79.944450,79.985641,80.014480,80.030979,80.150463,80.151173,80.173413,88.564977,88.570515,88.572484,88.587001,88.597741,88.849507,88.875056,88.878913,88.929957,88.955872,88.989363,89.008583,89.016175,89.083019,89.083202,92.403699,92.898702,93.022851,93.074842,93.167337,93.213815,93.243411,93.411993,93.478832,93.502835,93.597627,121.677293,121.737950,123.259603,123.305306,123.347896,125.017016","1,0,4,1,5,6,5,6,5,2,2,1,1,1,1,5,2,1,1,3,3,3,0,7,4,4,6,6,5,2,2,1,4,6,6,1,3,2,2,2,5,6,5,2,1,2,1,3,4,6,5,6,2,5,2,1,3,2,0,7,4,7,1,1,7,4,6,5,5,2,2,1,1,3,6,5,1,3,3,2",0
"22.395597,22.459862,29.376770,43.905194,43.983624,44.014733,44.058680,44.061952,44.084237,44.096698,44.134635,44.140425,44.154335,53.522150,53.634193,56.085667,56.156878,56.457352,79.407169,79.445579,90.980692,91.032181,91.311164,91.367837,91.431180,91.496643,91.523337,91.557613,91.568234,92.644835,95.805260,97.916961,97.954597,103.631498,106.105459,114.441323,114.557490,114.616052,114.723902,129.369156,129.370028,146.579748,146.659580,146.705819,146.713495,146.775016,146.776421,146.798130,146.802076,146.867519,146.872645,146.907128,146.907240,146.956417,167.190462,190.498125,190.539613,193.380330,193.421534,193.453467,193.503001,193.503230,193.586594,193.640140,193.788893,193.799298,193.915089,194.110372,194.225598,194.254468,194.642395,198.226392,217.953715,217.990111,232.583886,236.433492,239.249633,239.324640,256.036650,256.044064","2,1,0,1,3,3,0,7,0,0,0,7,4,5,2,2,1,3,5,2,2,1,3,1,0,3,7,4,4,2,4,5,2,5,4,7,4,6,5,4,6,3,0,0,7,4,6,6,6,4,6,5,2,5,5,0,7,0,7,4,4,6,6,5,2,1,1,3,0,0,7,6,7,4,5,4,3,0,1,3",0
"31.039314,31.105719,45.415522,45.437271,61.186168,85.436035,85.544746,118.791006,121.333016,124.397824,128.644550,134.275262,135.034844,135.079572,135.270431,139.538357,139.574084,139.682493,141.269561,149.120958,188.131724,193.911469,195.425685,195.521521,195.555965,195.602762,195.718838,201.389731,201.415680,201.883852,201.903082,201.957999,202.046437,202.058393,202.063368,202.088091,202.098557,202.148152,210.993220,218.441976,221.039129,221.187938,221.276266,221.342803,221.415860,221.446215,221.509947,229.491171,236.883894,237.058782,237.143392,237.195092,237.502160,243.690393,243.701561,243.747172,243.773456,243.773921,243.808536,243.827205,243.832182,243.851848,243.865816,243.904021,243.906762,243.913460,243.918699,243.937588,243.969188,243.986261,243.997216,244.000536,244.012644,244.018775,244.064872,244.107258,244.136448,244.142517,244.145916,244.166271","6,5,6,5,5,6,5,6,5,6,3,3,5,2,1,3,0,7,5,6,0,0,0,7,4,6,5,5,2,1,3,0,7,7,4,4,4,4,0,7,1,3,0,7,7,4,4,2,4,6,5,5,2,4,6,5,5,5,2,2,2,1,3,2,0,7,1,7,4,4,6,6,6,5,5,6,5,2,5,2",0
"8.128327,8.373315,8.397955,8.402359,8.441185,10.515984,10.523129,10.528022,10.677977,19.524881,40.338365,40.578206,40.722500,40.726862,40.733216,52.186289,52.201874,52.252119,64.666791,88.675284,90.821809,90.830189,137.515486,137.534032,137.542942,137.577360,137.584884,137.609415,137.610760,137.618139,137.704879,137.706170,137.984861,138.077690,138.173142,138.219678,138.250434,138.260778,138.300220,138.390948,138.394520,138.882233,138.890890,139.949094,139.964268,139.982428,140.037684,140.108186,140.116301,140.128764,140.160263,140.205035,140.236774,140.327932,140.351123,140.373612,140.407357,140.486994,140.528437,140.568009,140.574488,140.628533,140.715767,144.581708,144.639276,178.627582,178.655685,178.665202,178.989889,179.024407,196.547427,196.554924,196.561788,196.579989,196.709419,196.739987,196.756066,196.814629,196.883511,196.928962","2,1,3,3,0,6,5,5,5,7,0,7,4,6,6,1,3,6,6,4,0,7,1,3,3,0,0,7,4,6,7,0,7,4,4,6,5,5,2,1,1,5,2,7,4,6,4,6,6,6,5,2,5,1,3,0,0,7,3,4,4,6,6,7,4,3,0,7,5,2,6,5,2,5,2,2,1,1,1,3",0
"17.989495,18.005038,18.102781,18.322594,18.340282,18.399217,18.467906,18.475778,18.513516,18.553413,18.851588,28.414945,32.863977,32.870778,32.942105,33.002767,33.002811,33.137110,33.138976,46.971106,47.066748,47.100683,84.898092,84.950260,84.952194,116.118331,116.149733,124.485605,124.537132,130.279994,130.437264,130.442633,130.490631,130.676025,130.936871,130.937128,130.984952,131.108847,131.164089,131.168650,131.198728,131.410901,134.852692,141.971266,147.097680,147.137590,147.141250,147.177206,147.189837,147.194093,147.195816,147.197392,147.213057,147.249058,159.995767,170.627129,170.751124,173.574677,202.049269,202.082104,209.803428,226.327608,258.185663,265.518651,265.675988,265.718380,266.362508,312.151325,314.059797,314.308013,314.324318,368.007451,368.008284,368.951932,369.141928,410.107945,410.157434,410.163573,436.418164,439.109591","3,0,0,0,7,4,4,4,6,6,5,3,4,6,6,6,5,2,1,1,3,0,2,1,3,4,6,2,1,4,6,5,6,2,5,2,1,2,1,1,3,0,7,2,6,5,2,1,3,3,3,0,7,7,4,6,5,2,3,1,1,5,2,5,2,1,7,3,2,1,3,1,3,5,2,0,7,4,4,3",0
"20.812270,20.841538,23.259982,67.920831,68.073086,68.089042,124.775395,125.006507,125.196039,125.198408,125.214593,125.249766,125.380923,125.386036,125.396899,125.444005,125.460550,125.506981,125.564771,125.581011,125.648869,125.666424,125.783785,125.829784,125.831799,125.837640,125.908717,126.022842,126.042735,126.055213,126.089779,126.109988,154.219990,154.307196,171.448186,171.510050,171.520047,171.526449,171.573019,171.583354,171.627582,171.640174,171.660993,171.676301,171.676407,171.715890,171.756527,171.772079,171.784384,171.805748,171.814830,171.821119,171.847448,171.975138,174.384085,174.453980,174.495318,174.509283,174.542350,199.151892,199.275459,207.410120,207.614599,207.686608,207.814104,214.295731,222.378714,222.517927,228.464625,228.538131,232.028311,232.055033,232.105941,232.178415,237.230314,237.301868,237.345041,237.430922,237.492937,237.497448","2,1,5,6,5,2,1,7,4,6,6,6,6,5,2,2,1,1,3,6,3,2,5,2,2,1,1,1,3,3,1,3,3,3,7,4,4,4,6,4,6,6,6,5,5,5,6,2,5,5,2,1,3,1,6,5,2,1,3,3,0,4,6,5,2,6,3,0,0,7,0,7,7,4,6,5,2,2,1,3",0
"2.420919,14.159417,14.225319,14.238454,14.276916,14.425347,14.459525,14.531067,14.715810,14.719935,14.770295,26.457439,26.527371,35.458292,35.544286,35.583645,36.450423,36.484947,36.515105,36.589833,36.683515,36.766773,41.788079,42.138969,42.163183,42.168158,42.172067,42.202262,86.286250,88.376014,88.399508,114.973076,129.342876,137.255755,195.283561,201.072773,226.835806,226.856121,228.536797,228.561432,230.070558,240.057573,240.242360,240.338365,240.339511,240.420399,240.421293,240.484192,240.491984,240.514336,240.514394,240.525400,240.531336,240.543510,240.558533,240.565912,240.578346,240.581065,240.584515,240.589886,240.594467,240.607276,240.611427,240.812002,240.822144,240.828070,240.981445,241.009775,241.018787,241.036072,271.376632,272.356734,278.493282,278.560220,285.170659,285.299131,303.094035,311.643507,314.871513,314.885042","5,4,6,5,6,5,2,1,3,0,7,5,2,2,1,3,5,2,1,1,1,3,4,5,2,2,1,3,5,2,1,0,5,5,1,4,0,7,0,7,6,3,0,7,4,4,7,4,6,6,5,5,6,2,6,5,4,6,5,2,5,5,2,5,2,2,1,2,1,3,5,7,5,2,5,2,5,4,0,7",0
"35.075154,56.833876,57.070227,57.116599,57.406426,69.174083,69.238732,69.667106,98.069190,98.229792,98.269556,98.321289,98.329449,98.342444,98.352814,98.372346,98.387514,98.397392,98.410120,98.418636,98.506918,98.537181,98.547628,98.586827,98.660772,98.709709,98.841046,104.944604,107.270067,117.083265,117.151666,117.224804,117.312418,122.876610,130.005430,134.513005,136.596576,136.656877,136.665340,156.355644,167.925983,181.395595,181.443620,181.475281,181.547990,181.575328,181.591296,181.611965,181.697162,181.711926,181.765476,181.806348,181.809882,181.812683,181.823531,181.849779,181.862743,181.906177,181.911615,181.942229,181.944941,181.947443,182.067512,182.129447,182.201976,182.230671,192.481772,192.533691,197.853486,197.890101,212.258932,212.300720,212.302697,212.410500,213.929252,213.982563,226.358056,226.372961,226.483984,226.494157","0,5,2,1,3,2,1,1,0,7,4,4,7,4,6,5,4,5,6,6,6,6,2,2,1,3,0,2,5,0,7,4,4,3,3,1,4,6,5,2,0,4,6,5,6,2,1,5,2,1,1,3,3,2,3,0,1,7,7,4,4,3,6,5,2,6,7,4,4,6,6,5,7,5,5,2,4,6,5,2",0
"8.718597,12.914313,12.932296,13.110951,17.590667,20.230475,58.095496,58.106652,58.419645,58.420362,58.423334,58.434447,58.472441,114.467278,124.304223,132.086860,132.123912,132.143163,132.152675,132.157420,132.245731,132.267489,132.280950,132.364678,132.443789,132.499846,132.603979,134.035784,134.052755,134.335196,145.196278,173.682176,173.740214,173.802115,173.834262,173.846587,173.885122,173.906266,173.921887,173.972741,173.973248,174.010097,174.042029,174.200793,174.210931,174.238071,174.363513,188.170776,219.826597,222.031040,229.333728,233.123333,243.426980,243.441612,243.547371,250.603895,250.691779,250.785559,265.407651,268.473180,268.693964,293.589617,293.701238,293.709005,293.711271,293.788374,302.271766,302.461600,302.761131,302.909847,302.921202,303.064169,303.078128,303.145474,336.612762,364.100731,377.359717,379.869807,387.433014,387.433430","1,0,7,7,0,6,6,5,2,1,1,1,3,2,4,5,2,2,1,1,3,3,0,0,7,0,7,6,5,5,7,2,1,1,3,0,7,1,4,3,6,0,5,5,2,2,1,6,0,5,7,4,4,6,6,6,5,2,1,6,5,6,5,2,2,1,4,6,1,3,0,0,7,7,0,7,6,7,3,0",0
"19.619219,26.404003,26.527607,38.618738,40.670739,40.690110,40.751446,40.777439,40.833225,40.836309,40.848874,81.907527,89.436028,89.447601,89.495453,89.553715,90.938228,90.981881,91.026202,91.142135,113.018852,120.438954,120.476066,120.481811,120.523818,129.134528,130.528798,130.618717,130.682012,130.750465,130.852131,130.941097,130.945889,131.014938,131.059760,131.077059,131.306954,131.443642,131.481404,131.537404,131.607605,146.115589,146.153127,166.082985,166.084980,166.164389,166.202994,192.831482,192.979191,206.296923,206.329808,206.359706,206.380624,206.413348,206.433220,206.543301,206.752184,206.764299,206.780110,206.793623,206.959829,206.968019,210.356386,217.043407,221.013065,221.089572,221.125383,221.127284,221.184326,221.204933,221.250395,222.320256,238.372364,238.401713,238.439063,238.443054,238.447967,238.497981,238.538132,238.547615","1,1,3,2,5,2,1,1,3,3,0,7,6,5,5,2,6,5,5,2,0,6,5,2,1,1,1,3,0,0,7,4,4,4,6,6,6,6,5,2,2,4,6,2,1,1,3,2,1,6,5,5,2,2,2,4,4,6,5,2,1,3,5,0,7,4,6,6,5,5,5,1,7,4,4,6,6,4,6,5",0
"4.106778,30.836738,31.007143,31.732606,31.737519,31.769818,31.817198,31.867262,31.878744,31.891451,31.894043,31.924427,31.926864,31.967254,32.011894,32.014572,32.061743,32.138467,32.223269,32.273785,32.300777,71.289649,71.328017,71.387318,71.435117,71.442815,71.460532,71.698570,100.842969,100.859374,100.964775,108.548854,108.549231,108.678109,108.800361,108.875649,108.902474,108.971545,109.027507,109.102902,132.055859,136.699896,136.723064,136.779365,136.786199,136.791709,136.865440,136.948330,137.080237,137.265578,137.293802,137.303637,137.427646,148.382987,159.797565,159.827859,163.261582,163.266418,163.276097,165.089008,173.305682,196.286488,196.511601,196.532225,196.609658,196.629767,196.644351,196.644454,196.678473,196.699803,196.706843,196.741334,196.753752,196.757567,196.760043,196.779463,196.820265,196.844828,197.103623,197.116960","1,7,4,4,6,6,5,5,5,2,2,1,5,3,3,3,1,3,0,3,7,2,1,3,0,7,7,7,5,2,1,4,6,6,5,2,1,3,0,0,5,6,5,5,5,3,2,5,1,3,0,0,7,0,5,2,1,3,3,5,3,3,0,7,7,4,6,4,6,5,7,4,4,6,6,4,6,5,5,2",0
"8.890555,8.964630,9.047106,9.177210,9.213695,13.779096,20.389212,25.075554,25.198004,25.250824,25.386301,26.652810,26.655013,26.671685,26.682179,26.683343,26.684110,26.684171,26.688264,26.695377,26.706784,26.739445,26.748189,26.758383,26.774370,26.812042,26.846444,26.863095,30.872833,30.921630,30.959512,31.019200,31.264531,59.713502,59.732293,59.841460,59.850982,59.864572,59.903138,59.946392,60.006808,60.019449,60.028604,60.029649,60.176671,66.766572,70.280407,70.319131,70.350098,70.374195,70.408031,70.611293,70.720953,70.762479,70.796909,70.976860,71.007720,71.168363,71.173327,71.188728,71.498187,71.539148,71.652750,71.848350,71.855378,71.919863,86.431726,87.150791,87.216578,87.258894,88.776331,90.383006,90.531125,90.539941,94.395570,94.454266,94.649565,96.375578,96.377017,114.508505","0,7,4,6,5,4,5,6,5,2,1,1,3,0,0,7,7,3,0,7,7,0,4,7,4,0,7,7,1,3,3,3,5,6,5,5,2,2,2,1,1,1,3,3,3,5,3,0,0,7,7,4,6,5,5,2,1,3,3,0,1,3,3,0,7,7,4,2,1,1,3,6,5,2,0,7,4,0,7,7",0
"1.113385,1.117803,19.196119,19.197333,19.199448,19.201262,50.919609,62.593743,69.902978,70.078338,87.665047,94.314712,96.503313,96.533445,96.636225,96.786650,97.012375,97.147349,97.155001,97.736684,124.097468,143.386046,148.647129,155.348777,155.393027,155.404305,155.440962,155.444684,155.458861,155.543816,155.671814,155.730596,174.746360,180.106533,180.118876,180.162563,180.199969,214.176845,214.758510,220.651369,220.737522,220.738151,220.799445,220.827690,220.836477,220.875566,220.879299,221.170619,223.333091,236.410783,240.879224,241.058052,282.243847,282.455808,285.067409,285.183071,285.183626,285.219845,285.241236,285.255600,285.269798,285.272979,285.278193,285.293168,285.294161,285.296779,285.348654,285.370757,285.428723,285.509882,285.590792,285.635969,285.672807,285.686998,285.695484,285.770606,292.176867,292.250403,295.511525,295.638687","6,5,4,6,6,6,2,0,7,4,4,6,4,6,5,5,2,1,3,1,5,4,6,6,5,2,2,1,1,1,3,0,0,4,6,6,5,3,3,7,4,6,6,5,6,5,2,2,5,0,7,4,6,5,5,2,2,1,1,3,3,0,1,0,3,3,3,0,7,7,4,6,7,4,6,6,7,4,6,2",0
"11.476649,11.503266,20.135203,30.634045,32.577873,41.109155,51.381443,78.769410,85.548670,85.557838,85.599963,85.610160,85.688354,85.718466,85.727740,85.733073,85.783432,108.898286,110.431415,110.453367,111.905390,111.921553,111.934431,112.032901,112.092543,112.175172,148.629938,148.653679,153.478688,158.203387,158.243683,158.290557,158.317298,158.353223,158.357613,158.428579,158.440628,158.467627,158.476084,158.479035,158.493205,158.500868,158.504628,158.522136,158.531108,158.558214,158.583982,158.642605,158.772361,158.773757,158.807693,207.871427,213.876137,214.061001,214.136540,214.149665,233.189898,233.274025,250.033176,278.789269,281.673753,281.825036,281.917437,281.959127,282.022175,282.122483,282.145957,288.644860,288.654286,317.267581,322.283330,322.285461,322.306037,322.323000,326.076742,326.569885,326.575152,326.674663,326.682085,326.706715","4,6,5,7,4,6,2,2,7,4,4,6,5,5,4,2,2,7,7,4,5,2,1,1,1,3,6,5,5,0,7,7,4,6,4,6,4,6,6,6,5,2,6,5,5,2,1,3,2,1,3,1,1,3,0,7,0,7,7,3,0,7,4,4,4,6,6,2,1,1,4,6,5,6,3,6,5,5,2,2",0
"3.855459,22.526059,22.541562,22.557991,22.560932,22.561437,22.583846,22.775172,22.873289,22.926535,22.953083,25.712823,33.080147,33.135225,39.386072,39.410416,39.464585,39.480900,39.494034,39.602481,39.730742,39.739686,39.798277,39.803911,39.810469,39.923803,39.935129,39.944235,39.967006,39.975766,39.993437,40.070968,40.111830,40.181528,40.194831,40.789924,60.347159,64.748650,65.745979,81.706131,87.647293,87.674047,87.762282,87.852970,87.872336,87.928120,87.935690,87.953242,87.967971,87.997436,88.013478,88.031097,88.090671,88.094047,88.116700,88.175288,88.186755,88.196208,88.205260,88.237416,88.245955,88.394972,108.005225,110.847175,111.127319,117.363976,117.436874,117.523797,117.594412,117.772394,117.804711,124.694987,124.748032,124.955905,132.867653,134.007180,134.541737,134.549092,134.640028,134.659829","5,1,3,0,7,0,7,4,6,7,0,7,5,2,5,2,1,2,1,1,3,0,7,4,4,4,6,6,6,0,7,6,5,6,5,1,5,6,1,5,3,0,7,7,4,4,6,5,4,5,2,6,1,3,1,0,7,3,7,7,4,7,4,5,2,4,6,5,5,2,1,5,2,5,7,7,2,1,3,3",0
"2.486009,2.547573,2.688740,2.771370,2.834830,2.868963,2.930888,2.955905,67.757947,83.212259,83.341496,84.020558,84.030892,84.128861,84.157186,84.157198,84.187430,84.199861,84.203694,84.269527,84.278137,84.278192,84.295287,84.299787,84.349048,84.390754,84.396131,84.406671,84.431772,84.435658,84.448021,84.451493,127.025306,131.942070,134.971428,147.437190,148.832498,156.143943,167.677639,168.068658,171.653926,178.025539,178.091745,178.395849,185.571458,185.573933,202.000733,202.015521,203.326894,203.336387,203.389956,203.413948,203.431357,203.554737,203.557046,203.560244,203.568845,203.577296,203.663552,203.664912,203.784186,203.797229,203.911746,203.924052,204.036784,204.039627,204.064270,204.074451,204.088801,204.123601,233.788969,233.801143,237.893515,237.913156,238.279192,242.053928,256.278542,256.403006,256.513458,256.541845","6,5,5,2,1,3,0,7,7,4,6,0,7,7,4,4,6,5,5,2,2,4,0,7,6,1,5,5,2,1,4,1,1,5,1,1,5,4,4,0,3,1,3,0,7,4,5,2,5,2,2,1,3,1,3,3,1,3,0,7,4,6,0,6,7,4,5,4,6,4,6,5,4,6,6,6,6,5,2,5",0
"12.812950,12.931051,13.123190,17.948286,32.821008,96.626685,112.148059,112.278882,112.286291,119.238076,129.042351,129.044012,129.099213,129.131343,129.252444,129.379460,129.458205,131.929528,136.937083,137.050897,142.385019,153.243161,157.496428,157.507105,164.829139,164.957927,165.000397,171.955374,200.215322,231.742110,240.167624,240.170962,241.127420,246.857017,254.915185,254.923251,265.266324,265.302511,265.325321,265.333975,265.425608,265.472633,272.395006,282.918397,297.473565,303.726971,303.818091,319.468628,319.540460,319.612649,322.830859,336.227237,336.237597,340.887575,340.934760,340.943422,341.000840,352.762863,352.880681,352.889665,352.900893,353.029865,353.113085,353.123504,354.236463,361.985075,367.161835,367.211176,367.367918,367.465152,369.540945,369.963629,392.718411,392.739435,393.207833,393.219333,393.225787,393.686070,394.882652,401.754618","3,0,1,6,0,3,0,7,4,6,7,4,6,5,5,5,2,3,1,3,0,7,6,5,4,6,5,6,2,3,2,1,4,6,6,5,7,4,6,5,2,1,5,3,6,2,1,6,5,2,3,1,3,6,5,2,1,0,7,4,6,4,6,6,6,5,4,6,6,5,4,3,0,7,6,5,5,5,4,1",0
"39.780495,44.206413,54.322159,68.604917,68.679953,68.813819,82.353356,82.387916,82.483732,82.556241,82.710964,118.957938,121.092202,121.154167,145.595947,145.690820,147.479864,147.542499,153.196841,172.512287,172.567403,172.598216,172.656357,172.670868,172.675897,172.687690,172.717563,172.736309,172.767463,172.782819,172.787554,172.840858,173.099889,173.114606,173.160623,175.703515,197.099792,197.261151,197.354394,197.367028,197.401538,211.689637,211.743914,211.794581,211.861673,211.922698,220.370405,233.470560,240.319398,240.545979,240.589277,240.634145,240.643171,240.863380,240.927224,240.935166,240.983136,240.991295,240.997844,241.339349,241.464326,241.474197,241.484972,241.651205,241.673588,253.938941,253.946649,254.050793,254.338131,254.473796,254.616314,254.647459,254.657671,254.668679,302.280381,320.213695,320.302760,320.306267,320.333686,320.348799","2,7,2,7,4,6,3,0,0,7,7,0,6,5,4,6,4,6,6,6,5,5,2,5,2,1,1,3,2,2,2,3,2,1,3,5,4,6,5,2,6,2,1,1,1,3,7,6,4,6,5,2,1,1,3,0,7,0,4,4,7,4,6,6,5,3,0,7,0,7,4,6,5,6,6,6,5,2,1,2",0
"0.302510,0.386540,0.437708,0.483151,0.514578,0.541965,0.544700,0.565897,0.575567,0.592215,0.593306,0.594861,0.604322,0.621400,0.629924,0.631605,0.636084,0.644255,0.672685,0.713871,0.718462,0.726395,0.733541,0.735195,0.752437,0.822194,0.892123,0.921588,0.981943,0.987959,4.407527,4.433408,4.450883,4.458717,4.503297,4.516516,4.546245,4.569483,4.572934,4.590769,4.613335,4.625949,4.630614,4.650962,4.694762,4.768163,4.776949,4.786364,4.896133,4.932653,5.022077,5.027887,5.035274,5.035780,5.061617,5.070739,5.075160,5.112645,5.114820,5.127187,5.142066,5.142568,5.144280,5.154275,5.154664,5.160080,5.172896,5.175812,5.177951,5.182790,5.184091,5.186870,5.207156,5.222912,5.227286,5.243398,5.300309,5.308509,5.367211,5.421127","1,3,0,7,7,3,4,4,3,6,7,0,0,7,4,4,7,4,0,6,4,5,6,5,5,2,1,4,2,6,1,3,3,0,3,7,0,0,4,7,0,4,0,7,4,0,0,7,7,7,4,4,6,6,5,6,2,2,2,4,6,6,5,1,1,1,5,5,3,3,3,2,5,1,2,2,1,2,3,0",0
"4.895208,5.060289,5.183351,5.196791,5.212745,5.246707,5.251968,5.261380,5.289106,5.303611,5.440381,5.500127,31.968972,40.950286,41.040948,41.075622,41.090056,41.130070,41.135677,41.174518,57.468516,57.527548,57.568541,78.750445,78.860249,88.516592,88.562520,88.598239,88.605249,88.607280,106.516865,106.541167,137.613789,162.995710,168.290047,168.313049,175.104850,175.222851,176.380262,177.892900,177.940460,178.026479,220.542543,220.852272,224.880875,224.981630,236.179441,236.210008,244.765308,244.797778,244.807232,244.870435,244.971163,244.980448,245.148258,245.149967,245.240911,245.256063,268.459563,268.528625,268.764529,268.846050,268.889825,274.105994,274.111407,274.120360,274.125218,274.135589,274.147144,274.254010,283.063312,283.129439,312.717386,329.948012,346.008740,350.607280,351.305618,360.736036,360.778407,360.816633","7,4,6,6,5,2,1,1,2,1,1,3,6,4,6,6,5,5,2,2,0,7,4,5,2,6,5,2,2,1,0,7,6,2,6,5,3,0,2,2,1,1,5,2,4,6,5,2,3,0,7,7,7,4,4,6,5,5,6,5,2,1,3,4,6,5,6,5,5,6,5,2,5,4,3,6,2,2,1,3",0
"30.126038,30.168987,30.188383,33.372613,40.003847,40.009837,64.622698,66.190714,66.239977,66.362709,66.470103,67.470401,67.637339,103.539679,103.553653,103.619462,103.691778,123.054707,123.684479,160.093225,162.053674,162.075845,163.848534,165.321104,165.328329,165.373887,165.415394,165.422434,180.804780,192.171048,201.631594,201.734507,201.791739,201.792161,209.084048,209.096002,209.102409,209.122891,209.141171,209.179859,209.264816,209.273860,209.383813,209.392441,209.398801,209.407237,209.422783,218.949414,218.963370,218.984132,221.121946,221.125982,221.177728,221.199688,221.221919,221.444750,242.926089,243.138219,243.191233,243.228740,243.232951,243.269871,243.276298,243.311010,243.344450,243.345186,243.361776,244.909906,245.009267,245.053502,245.079000,245.150336,245.191961,265.711203,265.772469,265.846219,265.906712,265.980804,266.058486,266.086131","3,0,7,3,1,3,3,3,0,7,4,6,5,1,3,3,0,5,4,2,4,6,3,2,1,3,1,1,5,3,1,3,0,7,4,6,6,5,5,2,2,5,1,3,1,0,7,6,5,2,1,3,3,3,0,3,1,3,0,7,0,0,4,7,7,7,4,5,2,2,1,3,1,0,7,4,6,4,6,5",0
"10.952217,11.347239,12.707233,17.927191,25.828367,35.817890,35.918587,35.932378,35.952367,35.972582,36.198338,36.243004,36.261034,36.290516,36.378442,48.699314,48.730589,48.861084,48.863797,48.894083,49.024632,53.988171,54.018834,68.006833,69.975214,79.254724,79.300175,79.322184,79.857409,115.931260,115.934119,139.648508,163.875031,163.875778,163.905703,163.966552,163.983442,165.405365,165.414768,165.430023,165.453559,184.464203,190.937527,206.824476,220.904358,221.214745,222.637168,236.956130,245.081488,257.687754,257.790070,257.848897,270.340209,274.472845,291.612338,294.889232,294.923280,295.108595,295.153020,295.172285,310.638133,310.661201,310.741917,310.846586,310.864849,312.768115,345.687759,347.855114,347.876848,358.570337,358.586214,358.617779,384.825201,386.204405,400.508226,406.361775,412.259223,412.292374,412.350016,412.359478","6,6,3,1,1,1,3,3,0,0,5,2,2,2,1,5,2,1,3,3,0,3,0,1,0,5,2,2,5,0,7,1,5,2,2,1,2,5,2,1,2,0,2,3,3,0,3,5,5,1,3,0,5,0,2,0,7,7,4,4,4,6,6,5,2,7,5,2,1,2,1,3,2,4,3,2,0,7,7,4",0
"4.210074,38.918628,47.619014,47.619224,47.671519,61.211163,76.155405,76.176637,78.268455,79.301590,79.309770,79.315747,94.908423,95.363143,107.765705,113.043231,113.086755,113.099870,113.162132,113.197657,113.199566,124.234149,124.276613,124.291542,124.348590,134.589460,140.353049,140.382999,140.509522,140.643820,140.645414,140.672921,140.829937,156.421895,156.494278,156.554971,156.743814,179.734449,179.807663,179.814070,179.901354,182.732825,195.241127,225.514057,231.744295,241.641529,241.699233,302.185332,302.208706,302.229118,302.278581,302.285927,302.327799,302.370977,303.017857,303.028367,303.041922,314.816194,314.882777,315.022729,315.034842,322.945369,322.978846,325.974647,326.049680,374.772612,374.793337,374.800422,374.813296,374.832788,374.949720,374.999430,381.455083,381.457144,381.480769,381.506423,381.567241,381.808478,381.889403,381.959272","3,2,4,6,6,7,0,7,5,4,6,5,1,3,0,6,5,5,5,2,1,6,5,5,2,4,6,5,2,1,3,1,1,4,6,5,2,4,6,6,5,5,1,6,4,7,4,4,6,5,2,1,6,1,6,5,5,6,5,2,2,3,0,0,7,3,0,7,0,7,7,4,5,2,2,1,3,0,7,4",0
"9.260814,9.383386,9.437919,15.767981,15.815733,15.847217,15.874681,15.884709,15.884839,15.884844,15.887955,22.828006,22.938910,22.975851,22.985740,23.019373,23.049217,23.104799,23.108890,23.112620,23.167555,23.176872,23.198180,23.198786,23.200346,23.201774,23.203419,23.205925,23.210071,23.216427,23.227654,23.227687,23.248253,23.256944,23.278418,23.281907,23.287161,23.306001,23.373036,23.376065,23.387260,23.425454,23.433876,23.436668,23.684658,28.261369,28.329355,28.359969,41.046626,45.479450,45.632694,45.729234,45.730138,45.824289,46.492499,54.396523,62.378545,62.447230,62.465027,62.513604,62.534087,62.554249,62.568701,62.571561,62.617544,62.684868,62.717795,62.730626,62.842955,71.808219,71.831069,71.907483,71.917247,71.959399,72.007705,72.019377,72.028886,72.039682,72.053032,72.115474","7,4,6,2,1,3,0,7,7,3,3,5,2,1,2,2,1,1,3,3,3,0,7,4,3,0,6,7,7,7,4,4,7,7,5,4,4,6,7,4,0,4,6,0,5,6,5,2,5,0,7,4,6,6,5,7,2,1,1,3,3,0,7,3,0,7,4,1,4,0,7,7,4,6,5,5,4,2,2,1",0
"16.089190,16.270186,18.153871,19.829859,19.992839,20.025425,20.065647,21.638642,21.781924,21.842738,24.946777,27.944511,31.925599,31.937404,31.939200,31.955523,32.001922,32.102027,32.130544,33.843847,33.861545,33.872458,33.969201,33.991690,79.883540,79.922935,85.275393,89.754505,89.845735,89.900598,92.760654,98.292691,167.437369,169.992492,178.984090,179.025722,179.033083,179.039337,179.091802,179.151437,179.158110,179.166904,195.282418,215.221416,237.645552,270.170175,273.564631,273.767993,299.884129,299.937601,302.029727,317.840682,319.133610,322.012447,322.159340,322.192062,322.203032,344.537188,344.560636,344.602368,344.643620,360.165055,360.179175,360.227867,360.248808,360.300830,360.314848,360.388481,364.839794,367.429672,379.132337,379.510156,379.557450,379.646971,387.577134,388.104753,442.821251,442.827560,462.871622,473.460155","3,7,0,5,2,1,1,0,7,7,0,6,6,5,5,5,5,2,2,5,2,1,1,1,1,3,1,2,1,1,2,2,4,5,0,7,4,4,4,6,7,5,4,7,7,6,2,1,5,2,3,4,1,4,5,6,5,7,4,4,6,4,6,5,2,6,5,1,1,2,7,4,6,6,3,3,3,0,5,6",0
"16.026168,46.667944,46.708896,56.014764,56.025892,56.069119,97.681266,97.741145,97.873322,97.873415,97.909872,97.938153,97.958435,97.979487,128.315818,128.378331,134.076757,149.425801,170.117155,179.498676,180.293276,180.351398,180.441673,197.937808,197.983249,198.055103,198.152231,198.179371,198.185528,198.198666,198.246085,198.284125,198.336499,198.409723,198.413389,198.652950,198.657382,198.689452,198.699182,198.743160,231.470067,231.514698,246.485598,249.173680,296.468447,296.522144,303.033808,310.149233,312.204090,327.845553,340.833331,341.901902,341.998889,342.020701,342.093577,342.358181,365.090317,365.135370,365.143455,365.231970,365.703549,369.131340,394.822292,398.169935,419.823367,419.914635,434.850210,442.647103,443.630967,458.311609,473.814904,473.927319,473.958543,473.963203,473.967256,473.972765,473.989467,474.072018,474.879115,509.006039","7,4,6,2,1,3,7,7,4,6,5,5,5,5,6,5,4,3,6,2,2,1,3,4,6,5,2,1,1,5,2,3,0,7,4,4,1,6,5,6,6,5,6,5,5,2,4,4,3,1,5,6,5,5,2,2,4,6,5,2,2,5,6,5,1,3,4,2,1,4,5,2,1,1,3,3,0,0,5,1",0
"21.058526,21.065453,21.143942,33.247299,33.264732,90.527312,92.390380,92.578391,92.601804,92.616341,124.482915,124.486760,142.822484,142.846109,142.900576,143.012500,143.036723,143.136234,223.244518,223.375346,228.295285,228.391357,228.630199,260.767341,260.827440,260.844730,260.853835,288.896114,302.309071,302.350839,302.561285,319.873720,319.883891,369.224455,370.206483,370.256174,370.620757,370.643881,380.798488,389.370619,389.389096,389.391205,389.411147,389.485897,389.516735,389.772609,412.351099,412.675202,412.772420,412.820638,418.699864,418.951201,419.030401,419.064620,419.103894,419.147230,419.402907,419.472706,419.552285,419.590120,419.642121,419.649023,419.661352,419.687090,419.690542,419.703498,432.312210,432.489697,451.907161,451.949706,451.952741,452.055551,452.064773,452.106838,452.114611,452.120660,452.141966,452.152254,452.160343,452.169687","3,1,3,7,4,0,3,0,7,7,0,7,3,0,7,0,7,7,4,6,5,2,1,6,5,2,2,4,4,6,6,1,3,4,0,7,7,4,1,3,0,7,7,4,6,5,4,6,5,2,4,6,5,2,2,1,3,6,1,5,2,1,1,3,3,3,6,5,4,6,5,6,2,5,2,2,1,3,1,3",0
"5.546565,10.016273,10.032936,37.687384,37.709595,37.740848,37.747426,37.761536,37.769969,37.773901,37.915102,38.091804,67.307782,67.317424,67.417945,67.451228,67.577944,68.155954,70.998826,71.806336,89.824635,89.830231,89.835986,89.840427,89.845842,89.903059,90.087851,90.357772,90.398326,90.466859,105.351757,105.404643,105.413161,121.968516,125.320202,125.468498,130.411785,140.843714,141.084904,142.421888,142.427743,142.473211,142.495065,142.597870,142.714560,158.430724,158.504975,158.893777,175.310750,177.841519,179.019497,191.723027,191.920984,197.257169,197.282030,197.299017,197.441188,208.480510,217.323559,248.955372,248.978430,249.078382,249.235362,275.728650,276.099957,276.123331,276.370453,276.376548,282.102171,282.158889,282.243062,282.252234,288.805885,288.855250,308.942399,327.862443,327.920660,327.975291,328.350738,332.678433","4,7,4,3,0,7,0,7,7,4,6,5,3,0,7,4,0,0,4,3,0,7,4,4,6,7,5,2,1,3,4,6,6,0,5,2,1,3,0,6,5,5,5,2,1,5,2,1,7,2,5,3,0,2,1,1,3,0,5,1,3,3,0,6,7,4,5,2,5,2,1,3,5,2,4,6,5,5,2,2",0
"3.190947,12.225683,12.288650,17.835061,31.137542,31.196936,31.243783,32.626115,32.680170,32.746306,32.790129,32.814394,57.332784,62.675100,62.844606,62.864648,62.884343,62.901012,64.420132,77.950352,81.607275,87.759515,87.789946,92.396717,92.438292,92.459975,101.121396,154.368145,165.003035,165.166873,165.221217,165.230467,165.301131,171.284783,171.636192,171.857857,172.134109,172.135131,187.458282,225.604167,225.604398,243.397716,243.478075,244.691348,244.797059,244.937257,244.986353,244.994771,250.095460,257.254390,265.214871,268.125867,268.153983,268.185568,268.393513,278.861850,282.064420,282.073215,282.119955,282.148286,282.220681,282.225625,282.230414,282.254126,282.266726,282.339510,282.348465,282.355760,282.366840,282.447496,282.475255,282.502720,285.477370,293.941623,294.036796,294.054154,294.130638,294.191935,294.275341,294.279815","7,4,6,0,6,5,5,1,3,0,7,4,5,3,0,7,4,4,7,0,1,5,2,2,1,1,7,1,5,2,1,3,1,0,7,4,6,5,3,3,0,4,6,6,5,2,1,1,1,1,3,0,7,7,4,2,6,5,2,2,2,1,1,3,1,1,3,3,0,1,3,0,0,4,6,5,6,6,5,5",0
"8.161932,23.087457,58.100735,58.216058,58.223910,62.973220,62.994958,63.000622,63.005855,63.010437,63.022471,63.047231,63.080830,63.084957,63.100626,63.108480,63.136911,63.149093,63.153879,63.154058,63.232710,63.241992,63.246986,63.254025,63.288439,63.328996,63.380876,63.392732,63.421616,63.427996,63.447179,63.580350,67.516839,67.615881,67.661346,67.770762,67.833514,68.156857,68.181334,68.220688,68.239494,68.383474,73.040959,73.097676,73.102775,73.117951,73.386454,104.666057,109.595298,115.425381,115.806732,115.999722,116.004089,116.089803,116.128186,116.140278,116.140408,116.146299,116.225002,116.276004,116.283794,117.478629,137.491037,137.624765,137.654693,137.678501,137.682806,137.703667,137.708535,137.743513,137.859796,138.721272,138.796280,161.454782,168.111130,168.153258,168.259010,176.018869,176.061504,176.063753","1,5,6,5,2,0,7,4,6,6,4,3,6,5,2,0,2,5,2,5,1,2,1,3,3,4,2,1,6,5,3,3,5,2,1,1,3,3,1,3,0,7,7,4,6,4,6,1,4,4,6,5,2,1,3,3,0,0,7,4,6,0,6,5,2,1,3,1,3,3,3,7,4,0,5,2,2,6,5,2",0
"1.617207,4.827583,4.893847,4.995718,5.065799,7.631268,7.717162,9.549584,9.798998,9.959920,10.254610,61.582453,61.672841,69.911484,69.934179,99.079579,99.177334,99.341056,135.305446,135.561332,135.649863,141.004649,141.005182,149.371987,149.417493,149.482027,161.582727,182.962929,183.021693,183.033608,183.622102,183.681820,183.725020,183.788022,183.815934,184.056414,190.027972,190.040794,190.222221,190.265296,196.869383,198.928828,213.174847,223.218034,223.304765,223.348273,223.364178,223.369865,223.646417,223.688697,230.971759,242.061182,242.333779,242.356335,242.856140,259.047070,287.583638,287.583662,287.647931,292.869938,292.943625,293.019958,304.577318,304.787484,304.796407,306.065171,317.626253,317.741223,328.321646,345.689516,352.156932,352.173536,352.197925,352.315322,352.323314,352.334011,352.349132,352.378073,352.598313,377.002617","2,4,6,5,6,1,3,1,3,0,6,5,2,4,6,1,3,0,5,5,2,1,3,6,5,2,5,5,2,1,0,7,4,4,6,0,7,4,6,5,1,1,0,7,4,4,6,6,5,2,7,5,1,3,7,2,5,2,2,6,5,5,7,4,4,4,0,7,1,3,2,1,1,3,0,7,7,4,6,5",0
"6.869259,8.325590,11.400885,11.404099,11.407874,15.357250,15.890571,15.933321,19.813668,24.368782,24.422778,24.481073,24.500118,24.527227,24.574786,24.630562,24.635963,24.640233,37.509879,37.529859,37.536063,57.535463,74.024994,80.724777,82.804460,82.968101,90.107810,112.362361,112.428542,126.059258,126.111374,126.192578,126.903355,131.215608,131.227770,131.266496,131.278796,131.288211,131.296124,131.300167,131.306823,131.392443,131.451402,151.493279,217.077282,217.087514,217.088512,217.095780,217.102558,217.132942,217.146609,217.157613,217.159535,217.193872,217.194392,217.462493,217.557579,217.860609,217.980151,217.997081,218.062936,236.284377,236.387015,236.388231,236.411875,236.625270,236.682723,236.772764,236.922712,257.749932,264.280368,266.937196,270.215422,270.248465,280.656129,281.900539,282.344516,282.386593,284.666514,291.684962","2,6,4,6,5,2,2,1,0,2,1,3,0,7,7,4,6,6,5,2,2,2,1,5,1,3,2,3,0,2,1,1,5,2,1,3,1,3,1,0,0,3,0,1,0,7,4,7,4,6,4,4,4,7,7,5,2,2,1,1,3,2,1,1,3,1,3,3,0,0,5,4,4,6,1,6,5,2,1,3",0
"5.455203,14.262119,21.740280,21.768727,21.815448,21.931087,38.074508,38.722661,41.377867,41.667467,42.012271,42.028246,42.069030,42.183970,45.126740,54.337864,74.453805,123.401097,123.488561,123.677312,123.778944,123.781244,123.829603,123.840693,123.877278,123.961586,123.974258,123.991309,124.078427,124.079589,124.090834,124.122572,124.152466,124.178575,124.247742,124.263606,124.266636,124.303532,124.333398,124.336593,124.362539,124.382581,124.383441,124.391327,124.402881,124.440612,124.528754,124.528937,124.721890,134.834467,153.923597,186.868362,193.692328,210.770340,211.302861,216.033470,216.057388,216.685001,216.793690,221.760005,221.872204,221.965220,222.007324,222.060670,222.085319,222.536884,222.898942,222.904374,222.943623,222.946052,222.956913,222.968239,222.988115,222.990686,223.001473,223.002384,223.039813,223.049233,223.074915,223.081339","3,5,6,5,5,2,6,7,7,4,6,5,2,2,4,5,5,2,1,3,0,7,4,4,6,5,2,1,5,3,0,2,2,1,0,1,3,3,6,1,5,0,7,4,6,5,2,1,1,6,6,7,3,4,5,7,4,4,6,7,4,4,6,6,5,5,4,6,6,5,6,5,2,6,2,1,3,5,6,5",0
"14.108725,14.245852,18.997718,19.004169,19.084513,28.248434,48.248700,48.278121,48.504841,48.582039,54.804144,54.815429,54.881471,55.122290,55.156611,55.166569,55.196671,57.720231,71.181432,71.240781,71.343236,78.423106,81.006110,81.095604,81.133666,81.136702,81.159883,81.270318,81.302958,94.493384,156.318950,156.516630,156.552972,168.857953,168.902601,168.928655,169.003307,185.388223,190.510696,190.649480,190.986158,191.073287,192.828278,192.915654,210.887114,210.941730,210.951502,210.954715,210.979658,211.011701,211.161342,221.153409,221.156517,221.188722,221.196474,221.199049,221.221565,221.232410,221.282660,221.300609,221.369453,221.369462,221.425181,221.436134,221.450457,221.458079,221.469423,221.474054,221.495279,222.697406,228.388941,228.402630,228.402803,228.405100,228.454011,228.507902,228.567789,228.591058,228.596502,228.602923","2,1,4,6,6,0,7,4,6,5,6,5,2,5,2,1,1,4,5,2,1,2,2,1,3,1,0,3,0,4,3,0,7,5,2,1,1,2,5,2,1,3,0,7,7,4,4,6,6,6,5,7,4,6,4,5,6,2,2,1,1,3,3,5,0,0,7,4,4,5,4,6,6,6,5,5,5,5,2,1",0
"2.718159,2.725261,2.732365,2.736112,2.776916,3.004226,3.024183,4.850950,6.965456,35.500844,35.592283,45.772186,46.067643,46.254886,105.536361,112.552667,114.445642,114.671408,142.963236,142.983255,143.045731,143.143079,157.896726,160.081304,160.108211,160.142884,160.149517,160.186758,160.187370,160.212460,160.245643,160.325963,160.373598,160.381728,160.385061,160.393377,160.411830,160.417108,160.429369,160.431612,160.443932,160.444770,160.489725,160.494184,160.496353,160.585731,161.012130,162.367778,162.498863,162.536828,162.590796,162.592703,162.611519,162.619863,162.743526,162.766899,162.884930,162.946026,162.973053,163.032968,183.051679,194.439728,225.731860,227.240641,248.323660,248.347598,248.387113,248.394656,248.429717,248.500737,248.551378,248.557677,248.558604,248.566057,248.592522,248.616198,248.685287,248.695382,248.785937,248.834113","3,0,0,7,0,4,6,0,6,2,1,4,6,5,4,4,6,5,3,0,0,7,1,3,0,7,7,4,6,5,5,4,7,4,4,4,6,6,4,6,5,5,6,2,6,6,6,2,1,3,0,0,3,7,4,6,7,6,4,4,6,1,4,2,0,7,4,4,6,5,6,4,5,2,2,1,3,1,2,0",0
"4.598984,4.838678,11.012979,14.792948,14.825485,14.898841,15.060797,18.259717,18.265573,18.324150,21.078484,21.144840,21.164624,21.189958,21.199381,21.223736,21.268982,21.283514,21.384158,26.545411,33.276512,33.331826,40.170728,40.280689,50.672893,55.511647,63.541938,63.579949,63.606952,63.639989,63.736232,89.811698,117.481719,166.655418,166.752480,166.869593,171.694135,187.464360,187.541257,187.631481,210.698718,210.705269,210.773060,210.781825,211.067242,211.966123,255.775125,256.835818,256.934357,267.471945,267.505837,267.539812,267.643269,267.651367,267.691592,267.706886,278.325370,287.027446,293.469756,293.569976,293.574621,293.865022,293.922249,302.863718,303.168800,303.199524,348.279223,348.552477,348.583697,375.367389,375.546298,383.299680,383.307781,396.243054,400.048740,400.249663,400.370591,400.432894,400.434286,400.482238","5,2,1,4,6,6,5,6,5,2,0,7,7,4,6,5,4,6,2,3,7,4,7,4,3,7,5,2,1,3,0,3,4,4,6,6,7,2,1,1,3,0,0,7,7,4,0,4,6,1,3,0,7,7,4,4,3,1,1,3,0,0,7,4,6,6,6,5,2,6,5,0,7,4,2,1,3,0,7,0",0
"1.445479,7.990021,11.359587,11.488176,11.493324,22.192496,22.281717,22.316609,22.342428,22.347539,22.376209,22.390795,22.469837,22.530165,22.540277,22.626821,22.632351,22.730761,22.736452,22.753064,22.769006,22.815863,22.864752,22.950889,23.042182,23.075732,24.965574,25.163030,25.164628,25.165495,25.186150,25.202262,25.205794,25.256099,25.267409,25.314582,25.325186,25.349572,25.357220,25.836902,25.936166,26.027964,26.044499,26.078926,26.125135,26.148933,26.190887,26.232753,26.245791,26.297698,26.302609,26.339978,26.393530,26.407519,26.414759,26.487536,26.492863,26.576824,26.580207,26.599701,26.615487,50.770378,50.818182,50.831315,50.905562,50.917091,50.938765,71.285873,71.337539,81.453116,81.468784,81.484698,81.564599,81.630317,81.631309,81.713251,82.081697,100.960784,108.678240,108.683517","1,1,3,0,0,0,7,7,7,4,6,5,4,5,2,2,1,1,4,3,0,3,7,3,4,6,2,1,3,3,0,3,0,7,3,6,5,5,2,1,3,0,7,4,7,4,7,4,6,6,5,6,6,5,2,2,5,2,2,1,5,7,7,4,4,6,6,3,0,4,6,6,6,6,5,5,5,1,3,0",0
"21.207756,43.795350,43.977446,50.960195,60.469662,63.029417,81.309679,83.197869,83.993929,83.994930,84.009612,84.012833,84.029429,84.046283,84.073254,84.142083,84.168237,100.874090,101.077059,101.155832,101.313039,110.731597,110.861124,110.870036,111.186701,123.394808,142.011405,142.270238,143.337111,145.706166,145.959349,173.899253,173.932529,176.913614,182.904284,182.910316,183.035941,183.036194,183.110912,183.111107,183.212307,183.243313,183.454548,183.500797,183.570582,183.573712,183.609448,183.638643,183.681404,183.717803,183.730963,183.751616,183.768972,183.778225,183.803568,183.868350,183.890076,183.905888,183.922509,183.954329,184.001675,184.024606,184.294790,210.994428,211.023691,211.036416,211.130864,211.180759,211.225566,214.820258,238.698906,238.783959,238.873801,238.881607,238.938652,238.964779,239.009150,239.065179,239.129299,242.137909","1,0,7,6,2,4,3,2,0,7,4,6,7,6,6,6,4,4,6,5,5,5,2,1,2,2,5,2,4,2,1,0,7,1,5,2,2,1,3,3,0,7,0,7,4,6,5,6,4,5,2,6,2,1,3,6,0,5,0,7,7,4,5,6,5,2,1,5,2,5,0,7,4,6,6,5,2,5,5,3",0
"8.673193,8.724234,11.574206,11.577116,11.581667,11.599336,21.635803,24.145934,27.774687,32.419876,33.124032,33.147318,33.167999,37.405703,37.424149,37.452975,37.497066,37.537419,37.624889,49.775677,50.005708,67.703269,67.869490,72.896040,76.710908,127.434359,140.291701,156.811928,156.900906,156.942064,161.782554,162.831025,163.023318,163.062907,163.093235,163.296768,163.327104,163.354306,163.359876,163.382051,197.915851,197.921717,197.980009,198.016242,198.034390,198.037237,198.058498,198.108222,198.111168,198.118796,198.127833,198.162435,198.450560,198.559932,218.549568,229.119048,229.155606,229.213321,247.277384,247.335013,253.836903,269.449099,276.908670,277.015095,277.027397,277.052513,277.249483,277.306449,284.706795,284.839623,285.048491,301.430768,302.524660,302.537617,302.542580,302.565116,302.575667,302.597724,302.624809,302.626338","1,3,5,2,1,3,6,2,6,5,2,1,3,0,7,4,0,4,6,5,6,0,7,6,6,0,2,1,3,0,4,3,0,7,4,6,5,2,2,1,0,7,4,7,4,6,6,7,5,6,4,5,5,2,6,1,3,0,7,4,2,7,2,1,3,3,1,3,0,7,4,2,0,7,4,6,6,7,4,6",0
"6.641429,6.728442,6.736254,12.917383,13.029847,21.982769,36.525903,36.525968,72.427369,83.618555,83.758796,83.938035,84.020123,94.004584,102.281406,129.822554,130.037231,136.330856,136.349505,136.396929,140.248527,141.339772,141.420095,143.599551,143.615053,143.871044,149.912165,163.846878,163.858816,177.289053,177.474177,177.537697,177.676222,179.046308,203.153204,206.851832,207.040011,226.619642,252.794862,252.795406,252.897428,252.899810,270.668955,274.160015,282.001797,282.169962,282.183141,282.198350,282.296271,282.296654,293.498445,293.708878,293.772045,293.786597,293.813563,293.822766,298.858207,299.015307,299.066914,299.080406,299.107076,299.237790,299.252728,299.404110,309.186328,309.310189,309.428286,309.436700,309.479566,309.506354,309.516466,309.524836,309.553955,309.555949,309.559223,309.581704,309.592112,309.620036,309.621923,309.626373","1,3,3,1,3,3,7,6,6,3,0,7,4,0,7,5,2,3,0,7,6,3,0,6,5,5,1,6,5,0,7,4,6,7,7,1,6,1,1,3,3,3,6,0,4,6,5,2,5,1,0,7,4,4,6,6,4,6,5,5,2,1,5,3,3,0,0,7,7,4,7,4,4,6,4,6,6,5,5,5",0
"15.758680,24.405484,24.528817,24.534749,24.544184,24.587435,24.651727,24.757983,24.774618,24.833142,24.846008,24.958543,25.026272,25.791972,39.443722,59.901403,59.916565,59.970545,59.998357,60.167763,93.055394,93.075303,93.105933,93.137199,93.144192,93.171040,93.269450,93.287800,96.336677,96.361143,96.468105,132.926053,152.436815,170.838985,214.755894,215.197087,215.283659,215.299292,215.306926,215.321831,216.882268,222.630690,224.718269,224.843713,251.943880,255.522677,255.562123,255.654538,263.920149,263.935323,264.503771,264.675335,266.367033,273.545330,273.657156,276.854597,276.863092,276.981364,277.032018,277.049964,277.087278,277.213852,277.414837,277.454979,277.503760,277.529786,277.540353,277.565253,277.592490,277.632671,277.654720,277.656490,277.671010,277.674534,277.690347,277.693637,277.707407,277.737765,277.739544,277.752448","4,0,7,4,4,4,4,6,5,5,2,1,2,5,4,0,7,4,4,6,6,5,5,2,1,2,2,1,7,4,6,2,3,4,3,4,6,5,2,1,2,3,0,7,7,2,1,3,0,7,2,1,5,0,7,7,4,6,4,6,6,4,6,5,5,2,5,2,1,2,3,5,0,2,1,7,1,3,3,0",0
"25.071342,25.103191,25.410746,25.413384,25.419115,27.657941,27.690555,27.698030,27.852638,58.675667,58.691239,58.794860,58.812237,58.813044,58.822833,58.832487,58.852693,58.966183,59.042488,59.392665,59.469401,75.015059,131.750123,152.283498,152.322514,152.360567,167.874123,168.118016,168.179140,170.613996,191.518043,191.756097,227.760339,246.313694,247.707721,247.821532,247.892759,256.228487,256.768822,256.860591,256.873576,256.879883,256.882485,256.897220,257.045756,257.047331,258.263092,258.680004,262.704640,266.827106,266.935399,267.014401,267.183063,282.462004,282.588115,282.709317,282.778901,282.799444,282.904219,282.946992,290.559686,290.643697,294.863491,294.922777,295.179192,295.269071,304.781295,305.069037,315.835949,315.900249,315.921768,316.074591,316.079867,325.649054,325.678848,325.682681,325.872683,325.961887,327.623128,376.294941","7,4,4,6,5,2,1,1,3,0,7,4,6,6,5,6,6,5,2,1,3,6,0,5,2,1,7,4,6,6,0,7,0,3,5,2,1,5,1,3,3,0,0,7,0,7,1,3,6,6,5,2,2,6,5,5,2,2,1,3,6,5,1,3,0,7,6,5,6,5,2,1,3,5,2,2,1,1,4,1",0
"2.439127,2.540414,2.563671,2.664584,2.694401,5.579755,5.843154,26.114676,26.179755,26.183059,26.200056,26.206118,26.306328,26.312156,36.010658,36.225474,36.262045,36.284928,36.287368,36.294042,36.296548,36.374196,36.469389,36.469482,36.503785,36.505475,36.703085,67.560870,67.570853,67.719856,74.338984,74.381910,74.422170,74.565767,89.945732,94.754517,95.880476,127.675947,127.755646,127.823923,127.838849,127.860093,130.217880,130.251776,130.366775,133.860637,133.920202,136.412106,136.600445,151.828937,151.861565,151.889817,151.890282,151.964631,152.006264,166.815603,179.673499,186.985992,202.774697,203.023993,203.112697,233.191389,259.615919,259.657737,259.669561,259.959225,260.014885,260.126513,279.194096,279.205242,279.319807,279.346988,279.348232,279.381342,279.398553,316.368258,319.990918,320.016032,320.082134,320.085312","0,7,4,6,7,3,7,4,6,5,6,5,5,2,0,7,4,4,4,4,6,6,6,5,2,5,1,4,6,5,0,7,7,4,5,7,5,0,7,4,6,7,5,2,2,5,4,6,5,0,7,4,7,4,4,7,3,5,7,4,6,4,7,4,6,4,6,5,1,3,0,3,7,4,4,5,6,5,2,1",0
"0.638378,0.661412,18.448630,18.504124,18.505690,18.551681,18.557362,18.656008,18.686697,55.644229,55.853646,62.838232,69.254052,76.594162,76.625938,76.631213,81.095287,89.484695,105.731365,118.724627,146.553434,163.809326,163.869088,163.883332,163.937660,164.000651,164.005124,164.051377,164.064437,164.111156,164.129884,164.178051,164.200797,164.201610,164.209518,164.266264,164.280430,164.284775,164.355258,164.430033,164.460640,164.490278,164.545051,164.549856,164.551407,164.568738,164.579785,164.605964,164.608515,164.609138,164.842565,164.861696,164.997914,168.759201,168.761345,168.811094,168.817677,168.913063,168.942984,168.968642,170.788148,187.411964,191.919659,215.753670,216.270911,222.401079,222.429582,226.600276,226.650525,226.725962,226.770334,226.816005,226.818482,226.893169,226.927862,227.051288,227.080977,227.198935,227.228905,227.251804","6,3,0,7,4,6,7,4,5,4,4,0,0,7,4,6,0,6,7,3,7,7,4,6,5,6,5,2,1,5,1,3,3,0,0,2,1,1,1,7,4,7,4,6,5,2,5,2,5,2,2,1,3,4,6,6,6,5,2,5,1,0,3,3,5,1,3,2,1,1,3,1,3,3,0,7,7,7,4,4",0
"12.112200,30.770773,30.781773,35.053887,35.259906,39.085498,58.779135,86.841515,95.577253,97.938581,120.754204,126.106342,126.249069,126.277619,131.080601,135.987008,136.121372,138.526543,151.624475,151.667850,151.675935,151.677872,151.705529,151.707775,151.722605,165.998155,166.043325,172.226079,177.321289,177.480046,183.424232,192.320515,192.400035,193.247885,206.079981,209.851786,213.270546,215.890634,228.280477,236.277751,243.378505,243.448294,255.540407,255.583007,255.590569,255.591465,255.596276,255.751924,255.763665,255.802497,260.137674,265.361232,265.368101,265.378429,265.383455,265.396097,265.431364,265.456958,265.486620,265.497104,266.137443,271.858021,273.440011,273.906863,276.781735,314.518846,324.303609,324.337217,324.340813,324.399840,324.401231,324.419180,324.425283,324.436080,324.439006,324.445988,324.461600,324.561250,324.841874,333.432793","6,6,5,4,6,3,7,4,3,7,6,4,6,5,3,5,2,1,1,3,3,0,0,7,7,6,5,1,0,7,4,6,5,5,5,5,7,4,2,4,6,5,2,1,1,1,3,0,7,7,2,4,6,5,5,2,2,2,1,1,1,0,7,1,5,0,6,5,5,2,2,1,1,3,2,1,5,1,1,5",0
"6.112935,9.280066,21.752768,21.775451,24.368798,24.440640,58.756438,65.373067,65.390725,65.407295,65.492283,65.601792,65.773002,72.580215,72.658732,72.802593,72.826613,72.906336,72.910803,72.961131,72.972309,73.016966,73.020072,73.071487,73.077748,73.081402,73.137144,73.181833,94.182162,94.198755,140.809784,140.855458,140.943258,163.105189,163.158575,170.010897,220.642041,226.999918,227.041631,227.103756,227.142457,227.151212,227.159093,227.339938,234.990860,235.000915,235.030233,235.065502,243.872723,243.984504,244.236403,248.966879,248.986452,256.611150,256.711122,256.732530,256.794290,259.065752,260.836659,260.846346,260.847423,261.026310,280.203216,291.280395,291.358081,300.410301,310.919806,313.179400,337.778885,351.553018,351.604588,363.127021,363.219866,363.309286,363.389337,377.843120,391.330900,391.467446,391.839545,398.003750","6,6,7,4,7,4,0,1,3,3,0,0,7,6,5,2,1,3,1,3,0,7,0,2,7,7,4,6,0,7,3,0,7,6,5,4,1,7,4,6,5,6,5,2,0,7,4,7,4,6,5,5,2,1,3,0,3,7,0,7,7,4,4,0,7,1,2,1,7,3,0,4,6,6,5,7,3,0,2,1",0
"45.936805,60.999521,61.033542,61.073613,61.082285,61.334323,70.414696,70.422787,70.441791,70.455781,70.455830,70.457871,70.472448,70.520361,70.521112,70.625877,70.655263,70.680514,70.702077,70.705996,70.711992,70.842953,70.953233,70.974481,70.988360,71.027696,94.457414,94.463374,108.884856,108.977873,109.020823,109.061547,109.500217,109.617607,109.631721,109.722104,109.870038,110.120161,139.765869,139.774056,139.816905,139.830672,145.100726,167.114348,189.192411,189.216426,189.267230,189.323265,190.180625,190.199249,190.239440,190.252906,190.406133,200.118537,224.573662,233.866970,238.244797,261.604179,261.618651,261.661395,287.926790,289.352093,289.373873,292.516646,292.764486,292.816940,293.138208,293.318429,293.351112,293.363306,293.393924,306.551144,311.837154,311.861632,311.880954,311.885709,311.948254,314.274309,314.297005,324.771098","4,1,3,3,0,0,7,4,6,4,6,6,4,6,5,6,5,2,1,2,1,1,3,1,3,0,0,7,4,6,5,5,0,7,4,4,4,6,3,0,7,0,4,3,1,3,3,0,6,5,5,2,2,2,2,6,6,0,7,7,6,0,7,1,3,0,7,4,6,6,5,1,4,6,5,5,6,3,0,0",0
"7.610208,7.751416,23.566500,32.311024,32.351183,32.354831,32.400385,32.451224,32.464410,32.483566,32.535228,32.545479,32.613051,32.613563,32.671930,32.718118,32.767370,32.773816,32.794665,32.896720,32.939530,32.944383,32.959909,34.309221,34.310278,34.329392,34.340850,34.527485,54.199690,55.076675,101.024501,115.773486,124.415382,124.650194,127.893745,130.316829,130.346493,130.633888,137.108938,137.169125,137.191025,137.199575,137.234454,137.239480,137.248297,139.456690,139.522434,139.776205,160.070367,162.348426,169.792352,180.286092,190.289649,190.307421,190.317864,190.317950,190.333017,190.344869,190.351010,190.354459,190.376774,190.397760,190.401363,190.466197,202.806525,207.292750,231.665972,231.681278,239.530969,244.568996,244.592717,244.598661,273.969570,289.641751,289.715668,289.849459,289.897857,289.901983,289.924651,289.930882","5,2,2,5,2,1,3,1,0,7,3,4,6,0,6,5,5,2,6,2,1,3,0,4,5,2,1,3,7,6,2,0,4,6,1,5,2,1,7,4,6,6,5,4,5,6,5,2,3,3,5,7,4,6,5,2,2,2,1,1,1,3,1,3,3,0,0,7,2,6,5,2,2,7,4,4,6,6,5,5",0
"1.094111,1.118361,3.199905,3.303551,3.387837,6.161644,6.165105,6.316160,6.395643,6.406267,6.443207,6.458059,16.208615,17.721177,17.994097,19.904394,59.170055,59.177811,59.243742,59.245996,59.246284,59.292313,59.294783,59.318093,59.328103,59.343031,59.358327,59.365795,59.370866,59.375594,59.407998,59.426488,59.448761,59.458729,59.467491,59.490298,59.491453,59.508951,59.660008,59.762106,87.672966,87.751841,88.012725,88.083217,88.095132,88.614033,95.405601,95.439321,95.443207,95.444530,95.496751,95.554735,95.684686,95.714195,95.715165,95.852688,95.857159,95.888105,95.899619,95.917130,95.949103,95.976273,95.984333,96.006951,96.012309,96.012310,96.021577,96.073549,96.135027,96.191574,100.641985,100.665247,117.510589,125.594464,125.608911,130.191798,130.251513,136.380361,138.859992,141.304767","1,3,5,2,2,4,6,5,0,7,4,7,2,4,1,0,0,7,7,4,4,4,6,6,6,5,5,5,4,6,6,2,6,5,2,6,5,6,5,5,0,7,4,6,6,5,5,2,1,1,1,1,3,0,7,7,4,4,4,6,6,5,5,2,5,2,2,6,5,1,3,0,4,4,6,0,7,6,5,0",0
"16.713190,45.993966,46.045310,47.320274,58.137688,58.812880,58.819756,58.832901,58.911012,58.945690,59.147435,59.172039,59.207775,59.271987,59.335655,59.439190,59.481689,59.632641,62.475395,62.482529,62.536367,62.645337,62.683187,62.710689,62.764317,62.789856,87.897525,87.914374,105.812107,105.814501,115.419483,115.429606,115.469670,115.504301,115.504771,115.533589,118.250824,118.286258,118.301992,118.341897,118.370357,118.415468,118.421054,118.467166,118.645811,118.670606,118.772359,118.806710,118.963320,119.054277,137.223953,137.246680,137.263658,137.365346,137.449085,137.472850,137.529386,137.533723,137.552927,137.586503,137.783742,140.156304,140.161117,140.182595,159.157477,159.497120,200.890423,208.245803,208.501729,218.516627,218.545947,223.883333,223.951875,223.952614,224.014930,224.048568,224.088873,245.771597,245.836805,288.846960","5,3,0,6,1,1,3,3,0,0,0,7,4,6,5,2,1,4,6,5,5,5,2,1,3,0,0,7,2,1,5,2,1,3,0,2,0,7,7,4,6,4,6,5,4,6,6,5,6,5,2,1,3,1,3,3,4,0,7,0,7,2,1,1,5,5,5,4,6,0,7,0,7,4,4,4,6,4,6,6",0
"13.605474,25.887411,25.890561,42.580520,53.096530,62.245666,62.679258,79.337100,79.338683,81.161695,85.340008,85.453238,92.038644,97.517992,97.550568,101.175192,142.745743,142.748301,142.790262,142.866671,142.982203,142.994688,143.008472,143.027466,143.071158,143.212100,143.303406,160.856093,167.260159,173.590921,173.616255,173.637223,173.736567,177.108325,177.288112,177.432410,177.485891,177.574052,177.605568,177.693460,177.696948,177.705038,177.795123,177.800775,178.028776,178.137329,178.191200,178.224089,178.367985,178.376407,178.376676,178.389917,178.396386,178.457514,178.576928,178.709961,179.012323,185.023511,185.049854,185.158574,185.167336,185.224556,185.300856,192.141311,207.331890,207.359865,207.428334,207.434705,207.439920,207.441600,207.445742,207.495447,207.537337,207.551391,217.753946,217.771730,217.780221,217.886075,217.917458,243.621536","6,0,7,5,4,4,6,3,0,7,1,3,3,5,2,1,2,1,1,3,1,0,7,7,3,4,4,0,3,0,7,4,4,0,7,4,6,5,2,5,2,1,1,3,0,0,7,0,4,6,5,5,6,5,2,5,1,3,4,0,6,7,4,2,5,2,2,1,3,0,7,2,1,3,0,7,4,7,6,4",0
"5.294460,5.360626,5.377749,5.556583,5.676222,5.746937,5.752645,5.761854,5.822768,5.828773,5.835165,5.865267,5.924303,5.928241,5.977714,6.003657,6.009405,6.078878,6.953970,7.040448,7.066053,7.098109,7.249750,7.298628,7.330122,33.836103,33.859603,35.906725,36.038173,36.163448,36.215435,36.392819,36.405484,36.408337,116.197624,116.231715,116.262907,116.297309,116.386301,121.088084,124.366811,124.382188,124.406574,124.969799,151.610801,151.684104,151.780435,151.799161,151.801767,151.891504,179.486466,179.540756,179.549244,179.660983,179.678640,179.705207,179.740918,179.880307,179.910347,179.958571,180.098997,180.151941,180.173183,192.879356,192.893158,195.624907,208.958221,208.976970,209.008879,209.019147,209.032930,209.043692,209.049948,211.899722,211.949076,212.011328,221.851099,222.427793,222.477781,222.526022","2,1,3,0,7,4,6,5,5,6,2,1,6,2,6,1,1,3,4,6,5,5,2,2,1,7,4,0,7,4,6,5,5,2,6,5,2,1,3,1,4,6,6,1,2,1,3,0,3,0,2,1,3,1,0,7,4,3,0,0,7,7,4,1,3,2,6,5,5,5,2,1,2,1,3,3,1,7,4,4",0
"1.827073,6.388662,6.436634,6.461341,6.468894,6.477280,6.519053,6.580221,6.582500,6.705292,7.364697,7.517556,25.160307,41.343940,61.003766,61.021362,61.042517,61.047534,61.050030,61.066297,61.113085,61.119392,61.136782,61.199966,61.204950,61.212667,61.223201,61.244193,61.355307,61.375151,61.426478,61.467997,73.154269,78.872816,134.617115,134.772125,139.888165,152.592912,152.689462,160.667684,191.775704,195.800223,195.908869,200.838127,200.945192,200.982154,201.033233,201.183185,201.268307,201.326654,203.833101,203.863886,203.880135,203.895817,203.931363,207.636675,207.652235,207.744029,207.855908,207.944211,213.937313,218.852249,218.971144,263.855234,263.867942,300.711021,307.117345,307.124672,307.124948,307.130917,307.140920,307.155811,307.244010,307.351737,307.448739,307.469799,314.270009,314.539551,314.573255,314.635835","4,0,7,7,4,4,4,4,4,3,0,7,6,7,3,0,7,4,6,7,4,6,6,0,4,6,5,5,7,4,6,4,5,3,7,4,3,7,4,3,0,1,3,5,2,1,1,3,0,0,2,1,3,0,7,4,6,6,5,5,6,0,7,1,3,4,0,7,4,7,4,4,6,5,2,1,2,1,3,3",0
"1.886548,1.891204,2.173259,2.179066,2.179459,2.236811,2.291594,2.296740,2.332844,2.495653,2.566237,13.354142,13.403452,13.608180,13.687747,13.815794,23.945077,24.079063,24.164501,24.211195,24.211790,24.235603,24.271247,24.308645,24.344547,24.385061,24.457244,24.474180,24.483728,24.495231,24.516955,24.525679,24.535695,24.547717,24.549930,24.557845,24.572241,24.592378,24.781346,24.794858,37.148852,44.025866,44.037922,44.103720,44.156089,44.182279,44.199192,44.355802,44.366049,44.441401,70.577421,70.631498,72.476344,98.363695,110.477784,111.314999,111.447027,111.459728,131.629616,144.409282,144.424150,144.428850,144.567273,146.038913,146.294941,146.458112,146.519778,146.553290,146.595081,147.823946,148.108143,148.189557,148.306735,148.356961,148.366907,148.474038,149.960703,149.962427,150.093897,151.677101","4,6,6,5,2,1,5,1,2,1,3,4,6,6,5,2,1,3,3,0,7,4,7,4,4,6,6,5,4,4,6,6,6,6,6,5,6,2,1,3,4,0,7,4,7,6,5,4,6,5,2,1,7,3,4,7,1,3,1,1,3,3,3,5,2,5,2,2,1,1,3,0,7,4,6,0,4,6,5,5",0
"88.614208,150.296620,161.268001,161.306111,175.545493,185.361242,185.439129,185.507459,185.512319,185.523708,185.562845,185.573955,185.577256,185.640074,185.660112,185.661041,185.675310,185.683288,185.683898,185.684323,185.690397,185.695200,185.724458,185.738332,185.755009,185.772231,185.773292,185.775668,185.789547,185.807895,185.809624,185.850961,185.869426,185.889008,185.907138,186.036674,186.037757,186.167983,186.247152,195.452813,206.861470,206.887955,207.130438,207.260958,207.270872,210.057237,229.565692,241.421874,252.603694,272.907829,276.195552,276.240514,282.677291,287.415747,287.444236,303.568433,303.597572,303.674118,303.765290,303.801888,310.415529,314.046999,342.410331,356.123434,356.189196,356.251660,356.338077,356.390385,356.600083,356.608247,356.611735,356.615704,356.641936,356.648603,356.660687,356.722216,356.965876,357.093155,366.822531,366.925683","3,2,6,5,6,2,1,1,3,0,7,3,3,3,0,0,7,7,0,7,7,0,7,4,7,4,6,5,4,7,4,4,4,4,6,5,2,5,2,1,7,4,6,5,2,6,0,6,5,0,1,3,2,5,2,0,7,7,4,6,4,4,7,3,0,0,7,4,4,4,6,6,6,5,5,5,6,5,2,1",0
"4.951097,4.955373,5.093542,10.096300,20.893912,36.090957,36.104360,36.253056,36.357634,36.442014,36.483878,54.676664,54.690946,54.753931,54.778272,54.782905,54.813478,54.916983,54.934738,54.970610,54.971734,54.980214,54.984253,55.005362,55.192071,55.202621,55.203464,55.207916,55.229302,55.236629,55.243420,55.244454,55.250011,55.810968,56.223503,67.578086,73.119590,94.749145,94.768856,94.833689,94.880503,94.910663,105.228411,105.348012,105.374928,105.454762,105.486836,120.570061,120.663228,122.288815,122.363723,140.302758,140.308061,140.327081,140.418322,147.015416,147.341561,147.356679,147.882042,155.107057,155.336619,158.619083,158.706081,166.566586,205.302224,237.801164,257.308153,258.063271,263.378325,263.570958,292.903988,298.430074,298.520277,321.597865,321.598781,329.744162,329.817707,329.936740,334.882498,344.578056","1,3,0,0,4,2,1,3,3,0,0,6,5,5,2,1,3,0,2,2,1,1,1,3,3,3,0,1,0,7,7,7,7,4,6,6,4,2,1,1,3,3,0,7,7,4,4,6,5,1,3,4,6,6,5,0,3,0,5,7,4,6,5,7,6,2,6,0,5,2,2,5,2,4,6,4,6,5,6,2",0
"7.664467,23.342113,23.492453,23.537410,23.564146,23.595836,23.944454,40.729817,40.755846,40.762723,40.777739,40.797414,40.827886,40.868540,40.893882,40.967965,45.639071,72.620568,72.687869,72.718154,102.557070,102.587100,106.313153,106.316973,128.906168,128.943247,129.006062,147.895416,147.936119,147.992691,148.017957,148.020798,148.125502,148.159474,148.177444,148.214958,148.218181,148.270614,148.296110,148.298995,148.341619,148.396038,148.402557,148.519697,148.642509,148.664221,148.754721,148.798841,149.078705,152.448103,154.327518,154.378159,154.417682,154.441659,154.468025,154.489407,160.398997,160.401817,198.763259,198.782750,198.802651,198.854727,198.880550,198.923134,199.019981,209.377476,223.730255,223.770908,223.774705,223.868655,242.931955,252.808279,252.867271,253.117135,253.248395,253.268487,253.296869,253.338350,270.278204,270.283332","6,2,1,3,1,0,0,0,7,4,7,6,5,2,2,1,2,7,4,6,6,5,4,6,7,4,6,1,0,7,4,4,6,7,6,5,5,2,2,1,2,1,1,3,3,0,0,7,4,4,0,7,4,6,6,5,2,1,0,7,4,4,6,5,6,5,1,3,3,3,5,4,6,5,2,1,1,3,1,3",0
"0.758024,0.776113,37.041280,37.076726,54.636012,54.640376,54.652572,54.726470,54.739040,55.037586,55.037813,60.515769,70.852149,76.751341,83.479024,87.197510,94.845040,94.861235,94.925919,95.066190,95.104489,95.119497,95.123016,95.123278,95.145204,95.173854,95.199904,95.231607,112.571538,130.409912,137.190406,140.266309,140.378414,140.505184,142.276717,142.390616,142.686780,150.087729,150.105132,158.313204,158.807050,158.849028,194.908624,194.987045,195.663206,231.071963,231.095087,239.328061,251.474866,251.620453,251.627953,251.706671,251.946779,265.440463,273.762454,280.712385,286.693920,286.752685,320.646125,320.662395,320.763785,322.664774,358.454635,358.520203,358.638007,358.734792,382.014570,382.028984,382.039177,382.047574,382.072959,382.098567,382.234414,382.381626,382.458811,397.410365,397.499167,441.971129,460.764938,460.866398","6,5,6,5,6,5,2,1,5,1,3,0,0,3,6,5,1,3,3,0,7,4,6,7,5,7,4,6,6,6,3,7,4,6,4,6,5,1,3,5,4,6,2,1,3,6,5,2,5,2,1,1,3,3,4,2,2,1,0,7,4,2,5,2,1,3,1,3,0,7,7,4,7,4,6,6,5,2,1,3",0
"14.600906,24.836629,41.968511,42.003593,55.549000,57.149610,57.287755,57.346600,108.983742,132.752267,136.451000,138.043982,138.118916,138.264948,144.775467,144.813866,144.853264,144.914377,144.930133,144.959133,145.101806,145.163322,154.850473,154.903001,154.958999,154.978911,155.002037,155.078497,155.110145,155.136853,155.187549,155.187769,155.200548,155.280900,155.299428,155.301539,155.303511,162.164826,168.753388,178.018168,178.057912,200.288716,200.305297,206.302982,206.321214,209.242120,209.242210,209.329231,213.311164,218.119168,218.148938,236.099733,236.167896,236.225089,236.230272,258.859362,258.863031,258.947633,263.115987,272.546311,272.598281,278.247659,290.954663,300.194043,331.142139,335.622760,335.624925,335.781778,335.831219,335.921794,336.048340,336.129619,336.152369,336.300835,346.582195,346.644114,346.725203,361.877139,367.542250,373.312233","5,2,4,6,6,6,5,2,5,4,6,6,5,5,3,0,7,7,0,4,4,4,3,0,7,0,4,7,7,4,4,6,5,2,2,6,1,4,0,5,2,1,3,3,0,4,6,5,1,2,1,4,6,5,2,4,6,6,5,2,1,6,4,2,3,0,7,7,4,7,6,5,2,2,7,4,6,6,5,0",0
"18.293349,59.265480,81.968289,85.392806,87.370242,90.348865,90.386475,90.400181,90.421712,90.500031,90.570620,90.579908,90.611277,90.646133,90.653866,90.673435,90.675666,90.720238,90.762017,90.807281,90.825869,90.826567,90.893327,90.902781,90.907488,91.012430,91.032237,91.081977,91.109700,91.111407,121.784410,121.794761,121.818585,121.819109,121.833456,121.845220,121.868968,121.887013,121.940465,121.965997,121.989812,121.995350,122.016095,122.020498,122.046441,122.058688,122.070752,122.072100,122.120422,122.126927,122.149184,122.197523,171.237101,183.278611,200.303135,204.945009,215.739461,216.866481,217.050170,217.173072,228.537037,228.574557,228.593110,228.620673,228.693071,228.773659,228.795184,228.817832,228.834302,228.881553,228.886656,228.923689,228.946965,228.957370,228.988598,229.016280,229.029642,229.031470,229.040705,229.041554","0,7,6,0,6,6,5,5,2,2,1,3,3,3,1,3,0,0,7,7,4,6,2,1,1,3,0,1,3,3,5,2,1,1,3,0,1,3,0,3,0,3,7,7,4,6,3,0,5,2,6,5,4,6,1,2,4,6,5,5,7,5,4,6,5,4,5,2,6,2,1,5,1,3,2,3,1,2,1,3",0
"24.850826,36.139236,36.269635,36.339719,36.355145,36.367397,36.468798,46.026855,46.079677,46.125744,46.129128,93.327974,94.738332,97.135634,98.210828,98.406966,98.421250,98.433428,98.437103,98.451312,98.463317,98.488612,98.512570,98.525350,98.541376,98.579115,98.579690,98.659657,120.393591,122.514257,171.456932,193.467751,193.498576,193.518940,193.575334,193.618697,193.619656,193.639954,193.645687,193.766347,194.087515,247.871246,269.384735,269.416107,275.882600,311.324002,311.332522,311.368374,311.369943,311.379237,311.407690,311.444929,311.531092,316.670972,321.973103,322.192086,322.942008,328.815005,334.840203,338.819902,338.944560,338.962610,339.111523,346.433794,346.490216,346.547090,346.680687,346.765179,346.771790,346.909695,346.930161,347.120126,369.371928,376.997219,377.209129,386.409669,386.418712,403.765665,416.080987,474.160380","3,0,7,4,6,4,5,4,6,5,5,7,4,7,7,4,6,5,2,2,1,1,1,2,3,3,0,1,1,1,3,2,1,1,1,1,3,1,0,3,3,4,4,6,7,4,6,5,6,5,6,6,5,6,7,4,6,6,0,7,4,6,6,1,3,3,0,7,4,6,5,5,5,0,7,2,1,1,5,0",0
"12.477168,12.579739,19.548874,34.695253,46.656442,46.819071,48.978132,58.797953,94.400524,121.323741,121.532787,121.533333,121.593395,121.625126,121.677676,121.768372,121.812649,121.816717,121.818887,121.840831,121.871421,121.915195,121.919165,121.933381,121.945835,121.954692,121.969200,122.007938,122.029155,122.140619,131.596469,136.479694,136.511990,149.414600,149.452024,152.141149,152.251924,152.312801,159.551042,175.109220,175.307497,175.584764,175.677995,175.759761,175.768055,175.795039,175.939012,175.961074,176.017904,176.135840,184.808738,184.859428,195.057141,195.069265,196.736509,196.834508,196.850361,196.869488,221.054470,221.121221,221.323322,221.325527,221.343791,221.369976,221.463385,221.542459,221.587426,221.737359,221.800783,221.959775,226.037840,231.554259,231.588511,231.666611,231.726308,231.740137,231.761401,231.901416,231.966039,232.038326","4,6,2,4,7,4,3,1,2,6,5,2,1,3,0,3,7,0,7,4,7,6,4,7,4,4,4,6,6,5,0,2,1,3,0,5,2,1,4,5,2,1,3,0,7,7,4,4,6,5,2,1,1,3,0,7,4,6,6,5,5,2,1,2,1,3,0,3,0,0,2,6,5,5,2,1,3,0,7,7",0
"5.527349,14.220382,50.570387,78.317950,81.219485,86.610226,86.698958,86.719369,113.460379,113.465620,113.472706,113.486576,113.489112,113.496829,113.502324,113.526409,113.535723,113.548353,113.559938,113.581258,113.586338,113.594493,113.617021,113.661862,113.729551,113.775660,113.798240,113.851103,113.861479,113.872271,113.887377,113.890961,113.973965,113.981687,114.140851,140.598460,150.640766,162.104620,168.714107,192.932198,192.962109,192.962827,192.992449,193.007767,193.056827,193.068581,193.074688,193.140964,193.268444,193.287775,193.431963,193.442493,193.472033,193.498031,205.757838,216.067168,216.081435,216.155266,216.285525,218.488723,218.499330,218.828549,218.880663,219.090995,219.311433,219.398105,219.444044,220.015617,220.116166,227.355666,227.414037,259.626705,284.567317,284.702575,296.462413,318.363233,322.749013,335.242491,336.087278,336.099186","5,2,7,1,7,1,3,3,7,4,6,6,5,6,6,2,5,5,2,2,4,5,6,1,2,2,1,1,2,1,1,1,1,3,3,3,0,4,6,4,6,5,6,5,5,2,2,2,6,5,1,3,0,2,0,0,7,4,7,2,1,3,0,7,4,6,5,3,0,7,4,1,4,6,2,3,4,4,4,6",0
"4.010367,4.113714,4.173902,7.172643,15.199218,28.021586,28.053838,33.563612,35.626194,53.451307,63.760531,63.822683,64.029577,64.278264,64.441350,64.491868,64.514376,64.553027,64.564739,64.609690,64.760313,72.105191,72.315800,73.463473,73.652765,74.885880,74.925706,74.936637,79.809535,86.124049,86.220459,86.232287,86.292403,86.322107,86.322263,86.326741,86.339281,86.358091,99.124868,99.236102,99.248971,99.266464,99.269012,99.281369,99.353781,102.987872,102.999221,103.009665,103.010492,103.029479,103.040337,103.060560,103.061421,103.083781,103.117347,103.184951,103.210719,103.301828,103.955768,126.171297,126.260819,126.450169,126.477313,126.477824,126.577848,126.588715,126.629778,126.640168,126.644320,126.652300,126.659283,126.664066,126.668832,126.671004,126.763678,126.778966,126.792848,126.795754,126.806205,126.837029","4,6,6,0,1,1,3,1,5,1,1,3,0,7,4,6,5,6,2,5,1,5,2,2,1,1,3,0,6,6,5,2,1,2,1,2,1,1,1,3,0,0,7,7,7,6,5,2,5,1,5,5,2,2,1,3,5,0,4,6,5,2,1,3,3,1,0,0,0,7,4,4,6,7,3,6,0,3,7,4",0
"3.963764,3.967995,3.968177,3.985801,4.089061,4.127964,4.169152,4.245812,4.427893,4.517515,4.682468,4.694132,7.124654,13.207225,23.329135,34.451642,40.894872,41.051025,71.289542,126.938247,126.994869,127.014440,129.923626,129.924739,130.136570,130.419237,130.500160,143.034257,143.076240,143.202691,147.053470,158.377587,162.634243,174.822989,180.923709,180.939834,181.049004,181.117140,187.744093,187.748482,189.868426,189.929718,190.069700,190.072334,190.106205,190.124743,190.127357,190.188902,193.387689,193.464592,246.856970,268.159001,268.206781,268.242175,268.395549,268.401702,286.958193,287.069222,287.202181,324.963391,330.264978,340.039020,345.238145,345.318245,345.373613,345.394009,345.420501,345.427800,345.452717,345.453700,345.509544,345.554057,358.698535,375.239002,378.349534,378.404725,378.417974,378.529712,421.964802,426.325702","1,3,0,7,7,4,4,6,6,5,2,1,6,6,2,2,3,0,5,0,7,4,4,6,6,5,2,5,2,0,7,4,5,7,0,7,4,1,4,6,0,7,7,4,4,4,6,6,5,2,4,5,2,2,2,1,1,3,0,7,1,2,3,0,7,7,4,0,7,4,7,4,4,1,3,0,7,4,3,0",0
"33.501592,41.243091,85.318732,105.846537,112.206024,117.733369,117.741558,117.782378,117.936232,117.978195,118.063894,121.572841,121.684413,121.695492,139.328547,148.169553,148.352570,151.812984,151.940335,189.608582,189.746641,189.756292,193.498177,205.964615,206.120454,206.158730,206.171238,247.550199,258.590271,258.650049,258.745680,282.495684,282.675166,297.905591,297.966846,307.695675,315.632743,331.197319,336.516542,344.777692,344.792254,344.814008,344.870008,344.875268,344.894671,344.897512,344.906594,344.969431,345.014702,345.096082,345.115552,345.140601,345.198452,345.230778,345.260698,349.203891,349.260519,356.162304,363.937752,391.286969,391.292763,391.311720,391.326321,391.405003,391.405276,391.422589,391.445287,391.510316,428.392079,428.598164,430.330173,430.376383,430.426822,430.462904,430.465131,430.468168,485.110387,488.238835,488.261995,488.275512","4,4,3,6,5,5,2,2,1,3,0,2,1,3,3,7,4,6,5,7,4,6,6,2,1,3,0,3,7,4,6,4,6,4,6,3,1,2,2,2,1,0,1,3,0,1,7,0,4,6,5,5,2,2,1,5,2,1,4,4,6,5,5,2,1,3,3,1,6,5,3,0,7,7,7,4,4,7,4,6",0
"16.923247,16.968014,17.018473,17.071727,17.132534,17.150792,17.175265,17.212156,17.217889,17.326594,17.406611,17.461882,17.501228,32.992384,33.040623,33.163524,33.196508,33.226925,49.911325,50.056853,50.073956,72.461339,72.463396,109.715672,138.554779,138.615796,138.680934,144.853871,181.912857,181.944655,181.975414,181.997045,182.001790,182.018027,182.043609,182.075487,183.757783,183.779441,184.092071,184.159321,184.496978,196.498768,196.723867,205.113775,205.207976,205.292565,205.360264,205.441672,222.041057,239.727200,250.538688,264.971281,264.983146,265.080664,265.254573,279.483312,279.671636,279.672783,279.901984,279.957696,297.053137,297.223743,297.224179,297.232657,297.233113,297.249447,297.259172,297.326800,297.395633,297.424991,297.435538,297.470904,297.492321,297.500211,297.540936,297.617282,297.617462,297.619629,297.783652,297.811389","0,7,7,4,6,6,5,2,2,2,1,1,3,4,6,6,5,5,3,0,7,2,1,6,4,6,6,3,2,1,3,0,1,3,3,0,6,5,2,1,7,0,4,1,3,0,7,4,4,0,3,1,3,0,7,5,7,4,4,6,2,1,3,0,0,7,3,0,7,1,7,3,4,6,6,5,2,6,5,2",0
"4.732259,23.150514,50.116487,50.426870,54.169643,54.221719,54.300134,64.328809,81.267621,81.284488,81.292415,81.346328,81.406876,81.419289,81.424270,81.450284,81.466284,81.481967,81.488663,81.841027,81.858810,84.179958,86.580685,89.428148,89.581297,92.611434,92.617617,92.682343,92.685531,92.698464,92.738201,92.759649,92.802828,92.851413,92.911797,92.921693,92.921945,92.984513,93.006358,93.112893,98.575892,99.690998,101.687969,101.716875,101.739488,101.744872,134.081317,134.108328,151.625243,151.793181,151.900482,156.739672,156.935467,156.956210,156.995002,183.372926,183.432461,183.444111,183.448310,183.456971,183.574430,183.705261,183.749323,185.113614,185.593398,251.834639,262.517576,264.527703,265.180783,270.812268,287.430040,298.880102,298.888757,298.958817,328.465587,336.224297,336.251169,336.259928,342.960801,342.976600","5,3,4,1,6,5,2,6,7,4,6,6,6,5,5,2,2,2,1,1,3,3,0,3,0,7,4,6,4,6,6,5,5,5,2,1,2,5,1,5,1,1,0,7,7,4,1,3,4,6,4,6,5,2,2,1,3,0,7,4,7,4,4,3,0,4,7,2,3,4,1,6,5,2,3,1,3,0,6,5",0
"2.769090,2.949503,35.704759,35.844084,45.226646,61.454819,61.541117,61.657047,79.017290,79.027615,79.262927,79.357966,100.896110,100.910242,142.352597,142.437225,142.536331,142.542024,142.566483,142.602639,142.699339,148.693071,148.940097,149.877759,160.462114,163.408448,163.518683,165.788343,165.901474,165.910692,191.838355,191.886947,193.258980,199.585703,199.591989,199.768368,199.962208,204.799996,207.524329,207.729061,207.751908,207.915422,207.923346,207.924108,213.743755,213.757375,213.840769,214.041706,214.079747,214.108280,214.134592,214.145032,214.151292,214.488179,220.291648,243.997808,244.062866,266.689222,266.767420,266.787918,279.471183,279.645196,292.616657,298.632573,312.658049,325.292253,335.901604,335.903668,335.951963,335.952323,335.969145,335.983812,336.093051,336.125935,336.163551,336.218872,336.226008,336.249219,342.842469,342.863498","5,2,7,4,6,3,0,7,1,3,3,0,4,6,4,6,5,2,1,2,1,3,0,7,4,0,7,4,6,5,2,1,2,2,1,1,3,5,4,6,5,2,2,1,1,3,3,0,7,7,4,6,4,6,0,4,6,5,2,1,5,2,1,4,2,1,7,4,4,4,6,6,5,2,5,2,6,1,2,1",0
"17.494869,17.547967,17.621694,21.800213,21.883553,24.321046,38.040691,38.064194,38.067700,38.079592,38.113143,38.213395,38.219693,38.247930,61.537566,63.760930,63.784014,63.815351,76.181850,76.507532,76.556001,76.618135,76.688428,77.014917,84.177970,91.307582,91.329198,91.376086,91.455551,91.478125,91.494262,91.558532,91.588506,91.608554,114.276817,114.340629,118.417279,119.995212,120.071003,142.955017,144.979762,151.491227,151.494524,151.497210,151.514387,151.540956,151.563138,151.652225,166.724065,187.300301,187.387688,187.422036,187.929618,187.948214,216.588868,219.956419,263.028971,271.626961,271.715308,271.756706,271.783095,271.800361,271.811506,280.324125,280.354160,280.456858,301.303361,301.323074,301.348016,301.397218,301.403059,301.406181,301.412696,301.498528,306.689596,306.791544,319.236377,331.996047,339.033086,343.077856","2,1,3,4,6,2,1,3,3,0,3,0,0,7,7,0,7,7,6,4,6,6,5,5,1,0,7,4,6,6,5,5,4,6,7,4,6,4,6,0,1,0,7,4,6,7,7,4,7,4,6,5,1,3,7,0,3,0,7,4,6,6,5,1,3,0,5,2,2,1,3,0,1,1,2,1,6,6,0,4",0
"1.271218,19.435245,19.470880,19.534197,19.589408,19.594255,19.653136,19.755632,19.757802,19.806028,43.923601,43.955993,43.999067,44.006211,44.109406,44.129316,44.156699,44.179682,44.270440,51.842233,62.711295,62.749230,62.836048,70.239016,70.249374,71.888718,71.919207,83.691383,113.040814,116.723120,140.347351,140.511685,140.540037,140.581582,140.607583,145.860128,145.893292,145.898347,145.906615,145.922137,145.995345,146.001298,149.986308,155.360489,155.464377,155.856106,155.866440,155.897987,155.962249,156.056319,156.140959,156.394735,156.414060,156.420612,156.577388,159.769186,159.793927,159.838611,159.915365,159.929979,160.011738,160.015602,161.235691,161.237773,161.238500,161.295825,161.320088,161.330621,161.391671,161.837208,161.847740,161.859638,161.884114,161.896030,161.919607,162.019081,162.026322,162.092902,162.161989,162.173919","6,2,1,3,0,7,3,4,3,6,5,2,2,1,1,1,3,0,7,2,7,4,6,2,1,0,7,7,6,4,4,6,5,5,2,4,6,6,5,5,2,1,6,1,3,7,4,4,6,4,6,6,5,4,2,0,7,7,4,6,6,5,6,5,2,2,1,5,1,3,4,0,7,6,7,6,4,4,6,5",0
"10.445000,10.457487,10.528308,10.675497,20.920086,20.920230,21.119854,21.120106,21.151540,40.911317,60.362427,60.483447,70.673661,70.698934,70.777774,98.509408,101.348281,101.451609,101.542864,101.599478,101.603079,103.665494,103.822056,103.996498,110.938183,114.534172,114.770519,116.486384,116.600032,116.615440,125.801795,130.158140,130.178084,134.259231,134.278676,134.360856,134.445906,134.446873,134.455689,134.488380,134.488715,134.496400,134.529327,134.541170,134.606467,134.634995,134.663363,134.699568,134.703746,134.718171,134.804160,134.809466,134.871160,134.906718,134.911869,134.912601,134.933019,134.994979,135.025018,135.068690,135.079274,167.255661,167.290844,167.346474,167.358802,167.439886,167.467388,167.658537,167.900311,168.018294,194.083820,194.087604,194.103401,194.161078,194.185035,194.197195,194.207125,194.825668,197.315528,197.338385","6,0,7,4,6,5,5,2,5,1,6,5,0,7,7,5,2,1,3,0,7,6,5,5,1,5,2,4,6,5,1,0,7,5,2,1,1,3,0,0,3,3,7,7,7,4,4,6,5,6,2,2,4,2,6,2,6,5,5,5,2,1,3,0,7,4,4,6,5,2,3,0,0,7,4,7,7,4,2,1",0
"7.811649,7.855881,7.864431,33.341407,59.235868,59.263834,59.269314,59.288639,59.307142,59.313208,59.321937,59.342421,59.366933,59.373103,59.375321,59.440444,59.653981,59.658314,59.679353,59.846062,75.690322,75.788686,102.757306,113.688222,114.933381,114.956316,115.006403,115.011715,115.117787,115.138486,115.297877,115.375538,115.411719,127.005662,138.046191,138.255121,138.358536,138.415723,138.419452,138.509126,138.520942,138.527939,138.543770,138.569746,138.613195,138.643519,138.645791,159.046910,159.068512,159.112863,159.134444,159.178482,159.199526,159.202684,159.534424,159.847640,159.936918,161.232367,161.333970,161.350488,161.497028,161.517118,183.101594,183.165758,183.268880,183.308899,183.309760,183.323019,183.328453,183.355441,183.358126,183.364077,183.365734,183.394126,183.495679,183.511864,183.523098,183.902188,227.941178,228.126909","5,2,1,4,3,0,7,4,3,0,7,1,3,0,7,7,4,6,6,4,0,7,4,1,7,4,6,4,4,6,5,2,1,6,0,7,4,4,1,6,5,5,5,5,2,1,3,2,1,1,1,3,0,3,3,7,4,5,2,2,1,1,6,5,5,2,1,1,1,1,3,3,3,0,0,7,7,7,2,1",0
"10.888960,21.401821,21.507025,21.644168,21.650665,21.718903,21.816753,21.852986,21.897038,22.069200,22.198437,33.244380,33.305710,33.316944,33.325037,33.404238,33.418740,33.594145,38.945787,74.364875,81.478368,81.699634,81.720652,81.727257,81.745257,81.952767,128.721034,128.801673,128.826958,128.844005,128.889354,128.956020,128.958909,128.973621,129.023594,129.025727,129.038362,129.114701,129.126251,129.173158,129.408258,149.552357,151.335988,159.864881,166.033693,166.096655,166.096789,166.100964,166.101421,166.103164,166.148530,166.163757,166.166596,166.188960,166.238353,167.081845,167.144085,167.269871,167.278345,167.289930,167.309139,167.336229,167.377383,205.074323,205.213636,205.277829,205.332882,225.502474,228.157270,228.338840,228.426700,228.518161,228.594636,228.764101,228.821161,233.931246,234.059173,234.181358,234.251792,234.268982","7,0,7,4,4,6,6,5,5,5,2,1,3,3,0,7,0,7,6,2,6,5,2,1,3,0,7,4,6,5,2,6,5,2,5,1,2,2,1,3,5,7,2,1,6,5,5,5,2,5,2,2,2,1,3,2,1,1,1,3,0,7,1,5,2,1,3,1,2,1,3,3,0,7,4,3,0,7,4,6",0
"2.061685,31.250672,31.285672,31.314872,31.326619,31.326857,31.363944,31.384350,31.409690,31.474631,31.484103,31.503467,31.539250,31.554047,31.592307,55.269591,55.410797,57.655058,57.684925,57.710301,57.906367,58.564268,66.048795,66.052426,66.197811,82.717770,82.751466,82.776815,82.813234,82.893633,83.014476,83.041052,86.505430,96.635484,108.357251,119.164237,119.282297,119.406678,129.661189,156.771614,166.063150,166.181097,195.884926,195.904019,195.935026,196.193598,203.829158,214.808793,214.848251,220.328158,221.462397,261.632174,290.626823,293.004853,293.108115,293.145210,293.175567,293.187589,293.245191,293.289925,293.306758,303.419319,303.447546,305.477628,305.758029,310.872334,310.998808,311.001243,311.002030,314.648686,314.693692,314.732859,314.769469,314.877166,320.665705,320.744222,358.575405,381.282373,388.383854,388.462111","6,5,2,1,3,1,3,2,3,1,0,3,0,1,2,5,2,6,5,5,2,7,3,0,0,4,6,5,2,1,3,0,1,7,6,7,4,6,6,3,3,0,0,7,7,4,0,6,5,7,5,0,1,2,1,3,3,0,0,0,7,6,5,3,0,1,3,0,7,2,1,7,4,4,4,6,1,3,0,7",0
"29.343775,29.362423,29.471258,29.505436,29.527940,29.660208,29.723720,29.752539,29.789248,29.806395,29.859760,62.242173,62.249234,91.819028,94.297993,94.352300,94.373092,94.440294,94.451735,94.489771,94.524396,94.617591,94.662585,94.716560,94.912010,100.669461,100.895212,116.573672,142.687085,148.608365,148.710692,182.977932,208.811516,218.298168,218.314637,220.830997,220.843489,227.380235,230.052184,238.993631,264.055609,264.632119,264.689723,264.696379,264.767217,264.916592,278.478353,281.487227,290.971742,309.712518,312.297260,312.364401,312.369975,312.510914,312.514394,312.581113,312.614583,312.655679,318.135714,318.176539,318.197443,318.236613,318.239435,318.271299,318.379870,318.398204,318.411278,318.446332,318.485832,318.521377,318.539648,318.573490,318.615752,318.651928,318.660851,318.663450,318.679821,318.687938,318.712879,318.718848","1,3,3,0,0,7,7,4,6,5,5,6,5,2,7,4,6,5,5,2,1,2,3,0,7,5,2,4,6,4,6,1,0,0,7,3,0,3,0,7,0,5,2,2,1,2,1,2,5,1,3,0,0,7,4,6,4,5,1,3,0,0,7,4,7,6,4,5,5,2,1,3,0,1,7,3,3,3,4,3",0
"11.889119,11.943355,12.045964,15.386516,15.407944,15.414597,15.462048,15.470756,15.486204,15.553405,15.671082,24.918130,25.200170,25.211272,25.461104,25.532578,25.570444,46.766215,46.806169,46.911267,50.441415,50.443813,50.458349,50.513153,50.513969,50.831641,50.844071,51.386237,86.970298,87.080918,117.467423,117.468891,117.487728,117.515116,192.787774,192.843257,192.866917,192.879372,192.905959,192.927084,192.937699,193.072068,193.131689,194.766870,243.620426,285.812437,287.614388,287.955229,288.061606,288.120617,288.307402,288.337395,288.372141,288.390396,288.413617,288.508987,291.424185,294.314410,294.334025,294.374620,294.375804,294.388334,294.396433,294.442971,294.478496,294.490927,294.495542,294.509547,294.517811,294.539402,294.553342,294.574110,294.576935,294.606673,294.664224,294.665385,294.689011,294.831515,294.857601,294.875305","3,0,0,7,4,4,6,5,2,2,4,4,6,5,5,2,1,2,1,3,0,7,7,4,4,7,4,6,6,5,5,2,1,1,4,6,6,5,5,5,2,2,5,2,0,1,2,1,3,0,7,4,4,4,6,6,5,1,3,0,7,7,7,4,4,6,0,4,6,6,5,2,5,5,5,2,1,6,5,5",0
"11.925967,12.056920,43.117686,58.145253,97.311960,111.445408,111.483697,111.533486,111.589293,111.975022,113.225800,137.244564,137.318644,146.803413,185.616711,185.693986,185.724636,185.785792,185.793364,185.795791,185.877809,185.896048,185.992142,187.253912,187.325537,187.414528,188.990662,189.011441,189.016591,189.031276,189.092701,189.099164,189.113524,189.229225,189.321129,189.364332,189.414098,189.417090,189.462566,189.522174,189.602541,189.607701,189.647533,189.666958,189.673556,189.680184,189.681944,189.684029,189.686883,189.737409,189.738042,189.752483,189.758327,189.759687,189.773184,189.779889,189.784122,189.823312,189.860580,189.872671,189.873844,189.901586,189.904930,189.925781,189.961871,189.984965,190.015216,190.077247,190.141160,190.157402,190.177172,190.208356,190.232150,190.245320,190.350360,191.696395,194.118447,194.143874,199.803180,199.873488","4,6,0,1,5,4,6,5,2,1,4,5,2,2,4,6,5,2,2,1,2,3,0,7,4,6,7,4,4,4,6,4,6,6,5,5,2,5,2,1,1,1,3,3,3,0,1,0,7,4,3,4,4,0,7,7,4,4,7,4,6,3,5,2,4,6,2,1,1,5,2,2,2,1,3,5,5,2,2,1",0
"1.738392,1.828623,7.881283,19.083521,19.126057,21.586304,34.944950,34.947127,34.974728,35.097379,37.965306,37.984232,38.002400,38.023522,38.042003,38.059769,38.138972,41.790045,41.874226,41.886186,41.912335,41.924940,41.927997,41.994457,67.634625,97.780128,130.237283,130.261253,130.277365,130.291197,130.301630,130.304099,130.413047,130.428792,130.435084,130.756518,135.448660,148.425362,160.443323,160.507334,160.531722,160.583593,160.607738,160.621840,160.638758,160.648778,160.683537,163.694974,163.866115,164.011184,176.426183,176.434387,176.447730,176.495024,176.504997,176.522773,176.528678,176.536768,176.541663,176.556907,176.565993,176.628723,176.630300,176.639100,176.665934,176.704696,176.762159,176.832385,176.906873,178.223886,178.467936,178.707203,178.714288,178.771310,178.798684,178.819227,178.896732,196.298323,200.595991,200.722582","0,7,1,6,5,5,2,1,1,0,6,5,2,2,1,5,3,6,5,2,1,3,3,1,6,2,0,7,4,4,6,6,6,5,5,5,3,4,6,5,5,2,2,1,1,1,1,7,4,6,4,6,5,5,2,6,5,2,6,6,6,5,5,5,2,5,2,2,1,0,7,4,6,4,6,5,6,4,1,3",0
"1.655146,1.656859,1.752321,1.771327,1.771720,1.798179,1.924934,1.971584,2.971097,9.117784,16.581990,34.291032,34.427836,37.428077,37.512391,37.574189,37.580546,37.612354,58.908842,75.216126,75.300056,78.875371,78.904480,78.913057,78.923853,78.952527,78.970993,78.991361,79.080059,79.136551,87.659059,87.672126,87.734744,87.745812,87.904723,87.916074,94.873293,95.299983,172.369051,172.407120,196.538997,196.782786,205.298319,205.299515,205.340341,205.340498,205.362674,205.385289,205.437176,205.452227,205.591646,205.596095,205.607228,205.741238,205.896273,205.975809,206.062556,206.114838,206.126599,222.388646,232.768640,232.776593,232.824504,232.872003,232.958159,237.905809,237.999743,238.121709,238.153464,238.157709,238.176689,238.192021,238.220061,238.221901,238.289657,238.316720,238.400901,238.423147,238.474316,238.501252","1,3,4,3,3,0,0,7,5,6,1,1,3,7,4,4,6,5,5,6,5,7,4,4,4,4,6,6,5,5,6,5,2,2,1,3,7,4,4,6,5,2,0,7,7,4,6,4,4,4,7,5,5,4,2,1,1,3,0,3,6,5,5,2,1,3,0,0,7,4,4,6,6,5,5,5,2,2,1,1",0
"1.519676,1.658922,14.579584,23.510542,25.602782,25.750751,25.769477,29.492541,33.396500,33.430523,33.445978,61.516288,63.805752,76.792378,115.917000,116.517512,116.578976,116.664761,116.673241,116.792439,116.854408,117.108521,117.133965,117.156157,117.247547,117.252044,117.253540,117.262757,117.269494,117.280410,117.572317,117.602259,117.627092,117.640801,117.692838,117.697776,117.720439,117.743152,117.750093,117.765795,117.773442,117.773486,117.794364,117.799674,117.820015,117.853447,117.857484,117.908477,118.054144,118.062433,118.127856,118.136905,118.154773,118.181392,118.198179,118.354208,118.359678,118.655188,118.661079,118.684229,118.725749,118.728800,118.786327,118.800921,118.801370,118.830705,118.846943,118.929711,119.042494,119.043835,119.048400,119.060765,119.063284,119.072201,119.092261,119.096421,119.148297,119.154017,119.158369,119.181485","3,0,4,2,5,2,1,2,0,7,7,0,6,2,5,0,7,4,6,5,2,2,1,3,1,3,3,3,3,0,2,1,3,0,0,3,7,4,6,7,6,4,0,5,0,6,5,4,6,5,5,2,2,1,3,0,3,0,7,7,7,7,7,4,6,6,4,4,6,5,5,2,5,2,2,1,1,1,3,3",0
"38.700290,38.764690,40.881660,45.788546,45.871943,56.704885,86.096989,86.164328,88.013395,91.404945,91.406389,94.952932,107.224098,107.239474,107.275233,132.308780,132.575246,145.351898,176.369028,176.416876,176.563578,177.127353,177.401296,177.414533,177.659642,180.142887,243.368283,256.389653,291.511068,291.662750,291.877004,291.907266,291.931851,291.941997,292.003402,292.005428,304.926160,304.943990,304.959133,304.964108,305.258287,305.364741,305.562899,305.563458,305.616768,305.648449,308.995221,318.397989,338.124371,349.147951,349.233022,349.245199,367.385508,367.408703,369.076307,375.445440,403.049866,410.287968,415.966826,416.039665,418.771891,430.274430,430.559772,438.777958,442.294995,443.443280,449.992372,450.195929,450.306834,450.787559,450.892707,450.947430,450.954512,451.067250,451.108111,451.997210,452.277305,452.285113,452.304610,452.348216","0,7,2,0,7,5,3,0,7,5,2,2,4,6,5,7,4,1,3,0,7,4,6,6,5,4,1,1,7,4,6,5,2,1,2,2,4,6,5,5,2,4,6,5,5,2,6,4,2,7,4,4,5,2,7,0,5,5,6,5,6,6,5,3,3,4,3,0,7,2,1,3,1,3,3,0,7,4,6,4",0
"0.349782,0.479633,0.513292,0.705604,0.732729,0.799478,0.825749,0.838014,0.838598,11.540509,11.595672,11.605378,11.615417,11.620642,11.629905,11.673997,11.713810,11.719001,21.280764,21.411888,21.430704,21.431986,21.438322,21.438806,21.468842,21.505463,24.002607,43.722251,47.362490,47.596701,47.646972,63.984515,64.166834,64.317360,65.984954,66.529737,88.505177,88.510610,94.647958,118.851396,118.877481,151.904221,151.939353,151.942793,151.966518,151.992662,152.028704,152.159445,152.425944,152.747242,152.838600,152.852363,152.904581,152.963005,152.994308,152.994804,153.030053,153.069333,153.141205,153.162523,153.218441,153.254683,153.269978,153.280056,153.283411,153.306766,153.311437,153.344956,153.487975,162.142466,162.220729,162.244542,162.260263,162.273564,218.709953,218.724985,218.739401,218.752666,218.781804,220.780084","2,1,3,3,0,0,7,7,4,4,6,5,5,6,6,2,5,5,5,2,2,2,1,3,1,3,7,2,4,6,5,1,3,0,5,2,5,2,0,4,6,1,3,3,3,0,7,7,4,0,7,7,7,4,6,5,6,2,5,5,1,1,2,1,3,2,3,0,2,3,0,7,4,4,6,5,5,2,1,7",0
"0.541487,4.256598,6.327046,6.543832,14.256604,14.298959,14.343517,35.841065,35.979345,45.008425,45.011229,45.156715,52.146782,52.175403,61.719628,61.746673,61.803912,68.488926,80.198451,80.249202,80.259144,80.334396,80.353271,85.943583,86.078393,86.098997,86.146357,86.173899,86.190239,86.210880,86.222821,86.250735,86.324917,86.372906,113.841692,113.950410,114.006494,114.103163,114.156363,114.172723,114.179124,114.203563,114.209438,114.212740,114.229672,114.248860,114.267074,114.289653,114.332852,114.378286,114.536659,116.251925,116.291620,116.327980,116.397038,116.406770,116.434697,116.451408,116.489444,116.504316,116.527903,117.121026,117.152757,143.957832,153.940392,159.810797,159.968555,176.722727,176.881879,176.892861,177.078281,177.078562,200.532017,230.726777,230.752983,230.769041,230.844176,230.846417,230.892097,230.925221","4,6,2,1,3,0,7,6,5,2,1,3,4,6,3,0,7,0,0,7,4,6,5,1,3,3,0,7,4,7,0,4,6,5,0,7,4,6,7,6,6,5,5,2,5,1,6,2,3,5,2,6,5,2,2,5,2,2,1,1,1,3,0,5,4,6,5,4,6,5,5,2,5,7,4,4,6,4,6,6",0
"17.679136,39.319791,42.386594,42.452471,42.458077,42.501014,42.504511,42.539051,42.540232,42.578811,42.630428,52.155107,55.152844,61.748593,62.958268,80.249522,80.353014,103.397626,120.656429,128.653105,128.909690,129.011004,129.019307,129.088248,129.404634,129.527848,129.565451,129.612201,129.689032,148.537672,185.923515,185.985778,185.989023,200.585047,205.938648,205.967346,215.659970,233.028627,233.119069,233.156902,233.180658,233.210285,233.445029,237.834284,268.329922,268.343292,277.480933,281.711575,288.823534,288.974417,299.812856,314.755849,317.289584,317.310945,317.328770,317.707471,321.189405,321.240515,321.375588,321.386372,321.438821,321.452420,321.494807,321.512730,321.516931,321.519515,321.588595,321.593476,321.709801,322.307638,339.136989,340.041455,344.041872,344.048238,344.129711,344.145688,344.373213,344.497813,344.586606,346.451786","1,2,7,4,6,6,5,2,5,1,3,6,3,4,5,7,4,5,2,0,7,4,6,5,2,1,3,1,0,6,3,0,7,6,7,4,0,5,2,1,1,3,3,2,5,2,0,7,1,3,1,5,6,5,2,5,0,7,4,6,5,5,5,2,1,7,4,6,5,4,2,4,7,4,6,4,4,6,5,4",0
"10.936163,10.994571,11.072643,11.140699,11.172974,11.223631,11.285151,11.286908,11.289674,11.333397,11.345881,11.360691,11.387859,11.468416,11.476172,11.486867,11.497133,11.562744,11.637341,27.913428,32.174429,32.239612,33.954647,33.984419,34.071823,34.199690,34.215050,40.654211,48.823888,48.924815,48.938831,48.976887,60.908426,65.551059,65.634562,68.306366,68.488971,68.498817,75.235636,75.254068,75.275193,75.392462,75.471980,76.020885,79.808323,112.828719,131.103158,136.817420,144.387146,144.426353,144.484237,144.484875,144.520446,144.619605,144.655629,144.712107,159.984424,160.015520,160.121267,160.159191,160.163869,160.282138,160.283503,160.315948,176.071600,176.186128,176.188738,176.189318,199.865192,199.886342,199.955091,210.466199,253.073165,253.133659,253.219128,264.659467,264.836393,264.854473,318.365689,327.202710","0,7,7,4,6,5,2,6,5,5,2,1,5,1,3,0,3,3,0,6,4,6,0,7,4,6,5,5,1,3,0,7,1,6,5,5,2,1,3,0,7,4,6,0,0,7,2,7,0,7,4,6,6,5,5,2,2,1,3,1,3,0,7,4,4,6,5,5,4,6,5,1,7,4,4,1,3,0,4,5",0
"5.177691,11.197774,46.629590,50.076209,50.090562,50.109277,50.149901,50.154590,50.159546,50.187243,50.206392,50.215364,88.971520,89.125326,91.439825,91.471634,91.667654,121.666322,121.795464,121.910558,121.926109,121.963793,121.970208,147.007862,147.059533,147.066085,147.077455,160.588096,166.743291,169.543948,169.748680,189.748000,189.821099,189.840899,189.922486,190.061977,203.628853,203.928158,218.371094,224.407907,224.453292,231.509484,234.887008,234.978016,235.151889,235.156526,235.225838,235.507342,235.532508,242.298060,242.361032,260.342067,261.900642,261.956112,261.959546,261.969766,262.004545,262.102265,262.254445,280.472045,280.522786,280.638178,280.845863,289.553498,289.620401,289.947029,290.089749,290.096018,290.102108,290.135850,290.200212,290.229675,290.238460,290.273002,290.274540,290.304741,290.311729,290.375002,290.490110,290.578356","1,2,1,1,3,3,0,0,7,7,7,4,4,6,6,5,2,4,6,6,5,2,1,5,2,1,1,1,1,6,5,0,7,4,7,6,6,5,1,4,4,4,0,7,4,6,5,2,1,0,7,1,5,2,2,1,1,1,3,3,0,0,7,1,3,0,7,7,4,7,4,4,4,4,4,6,6,6,5,6",0
"12.807647,17.970877,39.104299,39.600616,39.675207,39.733708,39.759585,39.759758,39.771481,39.780310,39.791135,39.800244,39.801339,39.832601,39.833335,39.855375,39.858074,39.877736,39.899881,39.917460,39.983301,40.101054,40.108533,40.297921,40.345501,40.373139,40.404437,40.432053,48.187609,68.485814,75.428319,75.428838,107.882386,107.908716,108.015333,108.023057,108.246034,108.294002,137.676157,137.873458,137.982018,138.003623,138.158661,162.438631,162.467907,162.660621,162.975985,163.017247,163.112460,163.126999,163.170993,179.507067,179.687890,179.791829,185.490019,185.502321,185.525629,185.788770,187.068074,189.414320,189.479015,227.785169,239.593556,242.365438,246.408184,246.414244,246.426491,246.493134,253.658266,253.709130,253.717470,253.736951,253.779490,269.730693,269.820609,296.161103,296.169483,300.338364,304.601871,304.630952","7,0,3,1,3,0,0,7,0,7,7,0,7,4,4,6,7,7,6,6,5,5,2,4,6,6,6,5,4,6,6,5,7,4,6,5,4,6,4,3,0,7,4,6,5,3,5,2,1,3,1,5,2,2,4,6,5,2,1,0,7,2,2,4,4,6,5,6,2,1,0,7,1,5,2,7,4,7,6,5",0
"39.909629,39.925153,39.965613,40.061432,40.071925,40.086673,40.098644,132.712983,132.806586,132.828785,132.831417,132.904156,132.989368,138.676108,141.002788,165.035177,167.477058,175.273324,175.303474,177.952436,178.034379,209.263800,220.812425,220.927857,222.687562,244.182394,245.733301,247.328772,247.475803,247.565874,263.085384,284.506453,285.143409,309.073619,326.758182,359.459089,359.575555,359.660653,362.448772,375.092946,375.165414,402.608722,402.697340,402.710180,402.744397,402.820246,411.912456,421.630700,435.373906,460.854875,460.892696,460.894618,461.187417,472.727585,472.826367,474.663284,474.841188,497.613533,497.636375,500.567346,500.765202,503.328249,540.303532,541.328194,541.335230,541.359428,541.410478,556.679653,562.313614,576.504597,576.552633,576.574734,627.967229,627.976878,628.063884,628.110130,628.171605,633.972649,639.404827,647.309471","5,0,0,0,1,7,0,3,6,6,2,2,4,4,6,2,2,0,1,0,1,0,6,2,4,0,2,0,1,7,6,3,6,1,0,3,6,2,1,1,7,3,6,2,4,2,6,4,2,1,7,7,3,2,4,0,1,3,6,6,7,3,2,2,4,5,5,4,4,7,3,3,6,2,4,5,5,3,4,2",1
"13.666184,13.710489,14.239201,14.328200,14.385217,14.438553,14.440722,14.528428,14.542515,14.546459,14.551057,14.560473,14.639019,14.647734,14.664129,27.024392,31.234189,31.263158,31.275663,31.315592,31.320806,31.328798,31.334904,31.354748,31.387250,31.437149,31.470408,31.522921,31.629679,31.643558,31.671780,31.681388,31.693659,31.694624,31.695195,31.705934,31.781799,31.908922,32.005818,32.028000,32.035753,32.177322,59.734217,59.829778,59.844629,60.095800,62.186757,62.231031,73.017429,77.212992,77.962712,83.976120,83.996060,84.092422,84.219659,102.085163,102.123832,102.168158,102.180741,102.205248,102.266965,102.633027,132.805324,141.512434,141.545488,141.753446,142.102421,161.708595,161.737526,161.774393,161.780618,161.836389,164.209730,164.254711,211.726861,211.756413,211.792778,211.940283,212.053477,212.108028","4,5,4,5,5,0,0,1,7,7,7,1,7,0,3,4,2,4,4,4,5,5,4,5,5,0,5,0,0,1,7,1,7,7,7,7,7,3,3,6,6,2,5,0,1,7,3,6,5,7,1,7,3,3,3,3,6,6,6,2,2,4,7,4,5,5,0,6,2,4,5,0,1,7,0,1,7,7,3,3",1
"3.497649,3.599565,3.788291,12.370534,13.372196,13.438194,13.468914,13.521425,13.523542,26.826150,26.909099,26.921075,26.926815,26.947576,26.954124,27.029298,32.434790,32.438741,32.441082,32.544560,32.555426,32.569755,32.614627,32.704275,32.759406,32.782275,37.789737,63.383964,63.444090,63.467162,71.143769,71.227616,75.700363,75.737435,80.945712,90.096307,98.869340,119.502961,138.168852,141.357405,152.542215,152.679521,155.366318,167.933490,167.985050,168.087262,168.189206,225.792321,243.122204,245.883047,245.928860,246.360195,269.325937,269.329086,269.529171,291.982554,292.416515,292.824082,292.920776,292.967284,307.558838,351.625720,351.729233,351.902388,351.938984,351.949412,352.068140,378.189137,378.212879,378.253893,378.322279,378.327583,378.348395,378.357298,378.553743,408.841665,408.911935,425.144688,425.168114,425.181667","0,1,7,4,0,1,7,1,1,3,6,6,6,2,2,4,5,0,1,7,3,0,1,6,1,1,7,7,3,3,3,6,0,1,5,0,7,7,0,4,2,4,2,1,7,3,6,5,7,0,1,4,0,3,6,4,5,4,5,5,4,2,4,5,0,1,7,0,1,7,3,6,2,4,6,1,7,7,3,3",1
"2.061822,27.714008,28.839771,28.971615,40.054488,40.066814,48.213766,48.291358,48.310404,48.310453,48.341249,48.346530,62.798109,62.815293,62.860072,62.935624,62.991413,63.004210,63.051577,63.073084,63.084453,63.232119,63.243537,63.275083,63.330078,63.335722,63.415695,63.431644,63.495676,65.973510,75.417339,75.449035,75.522550,93.665146,93.668949,93.669066,93.707559,93.712692,93.869566,93.960030,93.969888,93.981773,94.031142,94.093075,94.112985,94.141027,94.204894,96.448894,96.578965,104.384351,104.482590,107.444043,113.440564,113.627151,118.393356,121.184986,140.391942,176.771351,176.846645,176.910603,188.143378,199.120642,203.914341,203.973287,219.074450,219.101982,219.126469,219.131219,231.772492,262.024231,290.121442,299.464662,299.493174,300.664233,300.731943,300.746020,300.871461,304.799776,304.805826,324.730627","3,7,3,6,3,6,0,1,1,7,3,7,3,6,2,6,2,2,4,6,5,4,5,5,0,1,5,0,1,5,5,0,1,2,4,5,5,4,0,1,1,7,7,3,3,6,3,6,2,7,3,2,2,4,3,7,6,6,2,4,3,5,7,3,5,0,1,1,6,7,6,3,6,0,1,7,7,7,3,3",1
"1.382628,5.624872,5.734133,5.798999,5.904715,5.921355,5.928290,6.004695,6.015240,6.181027,6.195445,9.896970,10.772741,10.789354,10.851146,10.851347,24.520617,32.191619,32.223876,38.057907,38.074378,38.079643,38.081697,38.235612,41.354877,45.216666,45.223090,66.072174,66.096306,66.238083,66.271662,66.393028,66.503383,66.529462,66.561372,83.606537,83.622432,87.713215,105.719919,105.725673,133.200922,149.344368,156.145047,156.214808,156.293216,162.582335,162.609944,162.666906,162.679712,162.808295,162.924789,162.943607,162.966630,163.002197,163.975426,164.021459,164.073214,164.110708,164.191258,164.206777,164.224353,164.234408,164.296723,164.312443,164.320426,164.345663,164.453437,164.469001,164.499503,173.045141,173.086395,173.152859,173.188157,173.226768,173.236326,173.258765,173.259435,173.280778,173.281236,173.346191","2,1,7,7,3,1,7,6,7,7,3,2,7,3,3,6,2,1,7,4,5,5,5,0,4,7,3,6,2,2,4,4,4,5,5,5,0,0,7,3,1,7,0,1,1,7,3,6,3,3,6,2,4,4,7,3,3,6,6,2,4,3,4,6,6,2,2,4,5,3,6,2,6,2,4,4,5,4,5,0",1
"1.249198,4.689869,15.965807,16.258556,52.099594,52.274343,71.642516,71.925400,71.952555,72.022740,72.025460,72.040860,72.069596,72.157636,72.215544,72.235627,72.276751,72.398478,105.867093,142.734515,142.751792,142.838756,221.660487,225.008963,225.018432,225.075229,240.058473,243.001462,243.158863,243.262269,243.289071,243.506739,243.512060,255.944325,256.151614,256.235171,256.264902,256.282884,258.509185,271.374687,279.668514,279.727930,279.815159,294.454073,294.542104,294.597298,294.618138,294.706448,294.812830,313.080494,313.084717,329.666876,329.747790,329.790957,329.826515,340.971968,343.245712,343.282673,343.434042,343.463236,343.512313,343.578973,343.608832,343.690532,343.785871,343.810991,344.200439,357.964299,358.017271,358.615338,359.061548,364.474494,364.760270,366.935381,392.783211,392.813965,402.361383,403.431785,420.721206,420.738685","2,5,0,1,4,5,2,4,5,0,1,1,1,7,7,3,6,7,5,1,7,3,6,7,3,6,2,3,6,2,4,5,0,0,1,7,7,3,0,4,1,7,3,4,5,5,0,1,0,3,6,1,7,3,6,2,7,3,6,3,6,2,5,2,0,4,0,7,3,2,4,5,0,5,7,3,4,5,3,6",1
"1.185964,4.216824,4.222602,4.229432,31.769821,49.149344,102.956832,124.401344,133.275275,133.539070,143.233037,154.815950,161.389861,162.136099,166.689182,166.801869,171.461636,171.559711,171.758026,171.864360,171.889822,171.936247,171.946046,171.984301,171.990467,172.025805,172.109725,172.113181,172.122882,172.130599,172.154111,172.337257,221.303442,222.116484,237.553638,237.588632,237.596961,237.623922,242.505609,242.516933,242.522440,242.581587,242.629193,242.631415,251.367813,251.418470,251.487227,273.728019,273.751339,273.775447,273.800911,273.852133,273.854339,273.941947,273.971297,294.441368,294.900085,325.413260,325.413871,325.425267,327.844114,358.625527,358.645212,378.664587,378.684829,378.825232,390.431679,390.559634,390.589750,390.665960,399.074550,399.182624,399.263668,399.305387,419.285555,426.212885,426.497805,426.522293,426.558490,438.780484","6,3,6,6,6,1,4,4,2,4,2,7,4,7,4,5,3,6,2,4,5,0,1,7,0,3,3,7,6,2,4,5,1,6,0,1,1,7,7,3,6,2,3,6,7,3,6,1,7,7,3,3,6,6,0,0,6,1,7,7,1,7,3,4,5,5,5,0,0,1,0,1,7,7,6,7,7,3,6,5",1
"2.475857,11.339835,29.272940,38.408873,38.628312,54.920682,54.975308,55.020204,55.299998,70.377034,71.150296,81.384795,81.433077,81.512345,81.591682,81.591980,81.595618,81.602034,81.630189,81.669738,81.697080,81.713326,81.734597,81.744605,81.774461,81.804326,81.834493,81.842374,81.862673,81.883136,81.895459,81.954203,81.974520,81.976690,81.977446,82.283489,82.436011,82.551616,82.808238,82.857686,82.913474,83.340487,109.915043,119.834514,119.947114,120.038550,120.038792,120.046548,122.499217,122.608793,122.615554,122.648734,122.831612,122.883316,122.919516,122.925015,122.940824,122.943268,122.944561,122.954992,122.982035,122.991600,123.315604,129.098603,129.099852,129.150836,144.659587,154.320060,154.359020,154.489338,167.203560,167.337171,167.589994,167.624891,167.627015,167.632595,167.676876,167.735410,167.780955,167.786308","6,7,6,7,3,6,2,4,4,6,2,5,0,1,7,1,7,3,3,7,3,3,6,6,2,3,6,4,5,0,0,2,2,4,1,1,4,5,0,1,7,4,5,0,1,7,3,3,3,6,2,2,4,5,5,0,0,1,1,0,7,1,0,5,0,1,0,3,6,6,2,4,5,0,0,1,7,1,7,3",1
"37.828550,39.942948,40.042260,40.192862,40.243310,40.274077,40.274696,40.313177,40.342888,40.356592,72.985864,114.151020,114.173305,114.179016,168.128285,168.196387,190.492211,190.553877,190.649816,205.936106,212.256258,220.330793,222.622035,226.937879,245.288394,258.513687,262.318133,262.330181,262.384739,262.387142,262.401304,262.490116,262.533473,262.544462,262.598366,262.658052,262.707233,262.724504,262.736172,262.799848,262.823854,262.834465,262.842678,262.844353,262.865057,262.894342,262.986598,277.662390,277.746867,277.759899,277.831891,278.139114,281.247928,299.636226,299.688845,299.697601,320.453672,333.834686,333.850817,333.883030,334.940050,352.379119,352.464623,352.467153,352.504590,369.872550,370.001776,370.017796,370.023249,370.099640,370.225664,371.874798,390.274956,410.764886,410.874626,410.952274,411.010359,411.015143,411.016752,411.193897","4,5,0,1,7,7,3,3,0,6,4,7,3,3,3,6,7,3,6,6,6,3,5,4,7,6,1,7,3,3,6,2,7,4,5,4,5,0,5,1,0,7,0,1,3,6,0,6,2,4,5,0,5,2,4,5,7,2,4,4,6,3,6,2,2,0,1,1,7,7,7,2,7,3,6,2,4,5,4,5",1
"27.639034,27.679595,27.707276,27.779316,27.815288,28.060130,46.385257,92.903000,93.067521,96.057241,111.961908,117.040800,117.056860,117.265797,121.269439,121.273657,130.325172,153.889113,153.938860,153.982415,154.034709,154.079370,154.342536,154.431538,173.739400,173.753610,205.055021,205.178402,246.944633,250.790962,257.561545,264.472924,264.663869,264.676610,264.713946,264.740896,264.788513,264.871351,264.954045,264.954717,268.401798,288.722386,288.727661,288.845072,288.953731,288.970213,326.442454,326.500637,338.383317,338.452188,338.546195,343.763650,351.252878,357.341537,359.438953,359.502843,359.934237,360.093345,378.732296,385.235242,385.249279,385.253553,385.255581,385.268596,385.693196,416.348398,416.409252,438.697321,438.754877,447.445467,450.981329,451.070310,460.038843,460.535471,473.005029,491.850103,491.961039,491.988288,492.005898,492.007707","2,4,4,5,0,5,7,0,1,7,1,4,5,0,3,6,0,4,5,0,1,0,1,7,1,5,4,5,7,1,2,6,2,4,5,0,0,1,7,7,1,3,6,6,2,4,3,6,0,1,7,0,2,5,5,0,1,7,5,7,3,3,6,6,6,1,7,7,3,0,2,4,7,3,0,6,2,4,5,2",1
"16.031909,18.752135,21.696897,21.763774,21.983340,22.139752,22.147361,22.231778,22.333819,36.529001,46.390107,47.360706,57.298472,58.036534,58.037853,58.045189,115.267519,123.954012,129.202563,129.807640,155.381345,155.592726,155.674404,159.800800,175.978470,176.148546,176.167105,176.291726,190.939800,191.018556,309.507090,340.518660,340.577132,340.660815,340.734123,341.041875,343.963363,344.035543,344.059024,344.066258,344.098352,344.098835,344.100179,344.106396,344.120159,344.144558,344.226124,344.286237,344.309765,344.326381,344.334801,344.344405,344.368469,344.374501,344.417593,356.772822,362.681570,411.696950,444.068313,444.077478,444.088859,444.212646,444.240336,502.572212,502.574896,502.642746,502.678039,502.803762,527.093067,527.095410,536.818652,536.841034,549.228311,549.300107,549.313355,550.695116,557.712357,557.776662,557.781685,557.841293","7,0,0,1,7,3,6,2,4,3,1,3,7,0,1,1,2,4,7,5,1,7,3,0,0,1,7,7,6,2,1,1,7,3,7,3,0,1,1,7,7,3,3,7,3,3,6,3,6,3,6,2,4,4,4,2,7,6,3,6,2,4,5,0,1,1,7,1,7,3,3,6,0,1,1,1,1,7,7,3",1
"21.052691,21.122122,21.264468,38.893170,45.994001,46.164966,50.093116,93.615613,93.870189,93.877134,101.710754,102.035550,102.037676,102.236843,111.424978,111.428686,115.050966,123.791993,123.804237,123.816534,123.890908,132.584761,135.715007,136.789721,150.356338,150.398730,160.128692,181.995819,182.115604,199.989291,204.999275,256.447735,262.784199,262.792545,262.883559,262.950214,290.937039,291.092724,291.098374,291.198843,307.791035,353.181151,379.030463,379.036517,379.124118,379.130400,379.200441,379.210743,379.240893,379.431827,379.448767,379.471541,379.491322,379.525730,407.508382,409.537418,409.612249,409.631444,409.649452,409.684126,409.694801,409.747521,409.796906,409.818921,411.558647,411.604983,411.761676,415.163159,432.959405,432.997516,446.014272,446.073579,446.146982,446.170691,446.214375,446.223714,446.317467,446.584624,446.783216,446.828370","7,3,6,4,5,0,4,3,6,2,0,1,7,7,7,3,7,6,2,4,2,0,7,4,3,6,3,1,1,3,5,3,5,0,0,1,2,4,5,0,5,1,7,3,3,6,3,6,2,6,2,4,5,5,6,0,1,7,7,3,3,6,6,1,2,4,4,6,2,4,7,3,6,2,2,2,4,5,0,1",1
"21.539779,21.640825,21.729196,21.744216,21.747619,21.767919,21.774736,21.835028,21.861185,21.932813,21.934511,24.649446,24.800752,40.556183,44.525567,54.730883,69.426312,69.547614,72.045992,91.394737,98.940146,107.203296,113.443426,117.000172,135.999149,136.054028,136.090993,136.119026,136.142105,141.987582,142.022033,142.031602,142.168350,142.231811,142.236850,142.239741,174.018933,174.040407,174.105666,174.121168,174.163533,174.163933,174.176405,174.178895,174.202002,174.222385,174.228928,174.234718,174.280974,174.302423,174.405693,174.531065,182.212025,182.277112,182.338188,182.476258,182.477113,182.538586,182.540545,182.570731,182.593250,182.631037,182.650363,182.666539,204.105005,204.127350,204.254592,217.043251,234.510298,234.598437,234.646407,247.380108,247.410756,247.418925,247.431882,252.028548,252.097840,266.766322,266.793536,267.023518","5,0,1,7,1,0,3,7,3,7,3,4,5,2,3,4,5,4,0,4,0,5,0,5,3,6,2,4,5,2,4,4,4,5,0,5,3,6,2,4,4,5,3,6,2,5,6,2,4,5,0,1,4,5,0,1,7,3,3,7,3,3,6,2,0,1,7,3,3,6,2,2,4,1,5,3,6,0,1,1",1
"6.967199,34.409868,34.422258,34.545102,34.633037,34.721962,34.754217,34.764805,34.771191,34.902720,34.920055,34.972313,35.030092,36.299940,36.402267,65.746789,65.897119,73.559171,73.623508,75.685998,75.699094,75.918374,98.570218,98.643058,98.659598,98.661318,98.740731,103.301310,106.990822,110.040107,110.044171,110.056529,110.104706,110.216187,110.237881,110.256773,110.310266,110.354983,110.379552,110.571452,110.575184,110.666312,110.678210,110.791926,125.551955,125.610786,125.660176,125.843199,125.935942,132.872421,132.899712,133.025100,133.104298,133.142754,133.223371,133.232499,133.267721,177.545838,177.644144,177.644734,184.135338,186.608697,236.880810,245.765625,245.772107,245.785343,245.899295,245.915666,245.925407,246.045467,246.225635,246.478557,301.951705,306.140666,306.151211,306.194951,306.226943,307.520268,307.561431,307.593674","6,2,4,4,5,5,0,1,1,1,0,0,7,2,4,6,2,4,5,0,1,7,0,7,3,1,7,2,5,0,1,1,7,1,7,3,1,7,3,7,3,6,6,3,4,5,0,5,5,1,7,7,3,6,2,2,0,7,5,3,4,4,4,1,7,3,3,6,6,2,4,4,7,1,7,7,3,5,0,0",1
"4.968911,5.229369,22.331091,22.375973,22.423983,22.583215,24.525934,28.965645,29.027235,29.060340,29.091980,29.189993,30.042762,30.512699,58.468943,63.385171,63.388341,63.458210,106.368964,106.443540,106.463240,106.467175,106.497259,106.533572,106.556005,106.591176,106.594269,106.690076,117.167166,119.028169,119.079897,119.084849,160.482925,160.523964,160.581699,160.679108,160.691380,160.745797,160.814134,160.892138,160.934414,161.231839,161.286660,161.349048,161.888306,161.955198,162.400618,165.825525,173.577531,176.212745,181.817467,198.476142,198.752766,204.641816,214.898194,222.762392,222.765104,222.799532,222.818570,223.905626,223.934538,230.699646,233.382003,233.388578,233.401244,271.162268,271.184284,271.203651,349.816702,349.874508,371.164407,371.181812,371.182911,371.193539,371.283952,371.326396,373.611420,373.624218,373.765607,373.791413","3,6,7,3,3,3,2,2,4,5,0,0,1,4,6,6,2,2,4,5,0,0,1,5,1,0,7,3,1,0,1,1,6,2,4,4,4,5,0,5,0,0,1,1,0,1,7,5,6,2,1,6,5,5,1,4,5,5,0,2,4,5,1,7,7,2,4,4,7,3,3,6,6,6,6,2,0,1,7,3",1
"7.584286,10.328324,13.246795,22.840204,22.851010,38.271060,53.899979,53.909755,53.912586,53.984026,53.990774,54.019663,54.023241,54.105328,54.108487,54.117945,54.129865,54.133118,54.137648,54.166282,54.166908,54.168316,54.192616,54.200584,54.204477,54.238369,54.295369,54.356038,54.416156,54.529200,74.103023,81.620146,81.636281,86.530968,86.537011,111.250084,111.364329,111.448059,111.483114,111.541556,111.765479,111.772890,111.812938,111.814909,111.894678,118.398504,118.569074,119.005985,119.091337,119.148997,119.153554,119.174905,119.278397,133.290538,133.399394,167.197770,167.230589,169.282750,169.496840,188.698471,199.945174,199.968821,200.328230,200.432854,200.446551,200.452935,200.456895,200.536678,200.538553,202.851114,204.320278,204.336101,204.598741,235.054567,235.086221,235.125367,235.189756,235.207174,235.404354,235.416346","0,7,4,3,6,1,7,3,6,2,6,2,4,2,4,4,5,5,5,0,0,5,1,0,5,1,1,1,7,3,4,4,5,0,1,0,1,7,3,3,6,2,4,4,5,2,2,4,5,5,0,1,5,3,6,0,1,0,1,4,3,6,6,2,2,4,5,5,0,7,4,5,0,2,4,4,5,0,1,7",1
"1.583864,1.630624,1.676209,2.976825,4.270022,4.302397,4.701295,4.824272,4.829876,4.887059,22.194198,22.299205,24.485819,25.226066,25.896029,58.421838,58.466497,58.480915,58.542260,58.557193,58.582835,58.598921,58.605149,58.686112,64.002561,64.051638,64.289779,103.337412,111.075206,111.147677,132.319733,133.403167,133.479310,133.711056,163.587434,163.636374,207.916943,209.792232,217.740022,229.177292,229.322101,243.255917,243.490563,286.616238,290.779561,295.571524,299.228310,299.432354,299.722189,317.904974,322.984450,331.544287,332.811238,332.820291,332.937757,356.047270,392.428340,392.439049,392.481506,394.221280,394.395700,398.900740,401.063635,401.116206,401.134784,405.992648,406.017831,406.021421,406.031947,406.078016,406.087074,406.169269,428.036036,429.608250,486.196460,486.285571,486.379673,492.556304,527.141883,527.236421","7,3,3,0,6,2,4,5,0,1,3,6,4,4,2,2,4,4,4,5,5,0,5,0,4,5,0,4,7,3,7,4,5,0,6,2,0,4,6,5,0,2,4,3,1,1,5,0,1,5,7,6,7,3,3,7,3,6,2,7,3,5,6,2,4,3,6,2,2,4,6,6,6,3,3,6,2,0,1,7",1
"11.901759,15.640090,21.330279,21.331949,25.726792,25.777791,30.615955,67.585392,74.536490,74.639512,75.616364,75.678526,92.771386,92.835116,92.859531,92.908185,120.508935,120.521741,120.703253,120.735428,123.574358,123.591204,123.598251,123.616289,123.667118,123.719493,123.748229,123.789045,123.863106,124.195919,135.085098,156.551195,156.707532,178.261977,180.293256,180.294883,180.394697,180.396672,180.414579,180.420607,180.423376,180.464366,180.589127,180.612049,180.666806,180.728172,180.764300,180.774952,180.779379,180.784248,180.857882,180.926238,180.998798,181.059473,181.067104,181.081314,181.147231,181.233870,181.364833,197.347466,204.036231,204.194938,204.205134,204.228154,206.461101,217.303876,220.021624,225.408082,243.560354,243.567565,243.733976,243.735433,243.901872,260.123357,274.960872,275.035752,275.503248,288.780002,288.801265,288.861425","2,2,2,4,0,1,1,2,3,6,6,2,4,5,0,1,0,1,1,7,2,4,4,5,5,5,0,5,0,0,6,7,7,1,6,2,4,5,5,2,2,4,4,4,4,5,0,1,1,7,7,1,1,7,3,3,3,6,7,4,1,7,3,6,4,3,0,0,6,2,2,4,4,2,3,6,2,0,1,7",1
"21.322606,21.359434,21.371636,21.485448,21.502435,21.524894,21.535013,21.539705,21.550449,21.610073,21.631027,21.693012,21.694025,21.705736,21.722480,21.730722,21.757899,21.801526,21.835828,21.996521,27.419026,64.670361,64.716894,64.935876,78.698303,78.702650,78.753941,84.762119,84.884884,93.533499,103.577155,103.616880,103.636652,103.644415,103.899059,104.116005,122.316272,122.380028,134.496435,136.340115,149.907834,149.907879,149.944857,163.180456,163.185339,163.276322,163.317657,163.319093,163.330208,163.346239,163.366280,163.437720,163.457434,163.484536,163.506057,178.729002,210.393447,215.426739,222.881137,235.170739,235.189460,235.198090,235.198639,235.205333,235.269827,235.285729,235.297655,235.304295,235.350217,235.392640,235.843633,244.760677,244.797543,244.909785,244.971900,244.993871,245.113911,245.124027,245.130687,245.150645","4,5,0,0,1,7,7,3,1,3,7,3,6,2,6,2,3,4,2,4,2,3,6,6,7,3,6,0,1,3,1,7,3,6,3,6,4,5,3,0,2,4,5,5,0,0,1,1,1,7,3,7,7,7,3,0,7,3,0,1,7,3,6,3,6,6,2,6,7,4,3,0,1,1,7,3,6,3,3,6",1
"35.212736,38.859852,38.941496,53.572034,68.001588,68.061057,68.085086,68.172344,95.366309,95.503799,105.979316,130.495573,130.497880,130.541434,130.648646,130.697412,130.746308,132.459304,139.693085,139.700377,139.714353,139.720821,139.726947,139.750791,158.784565,158.882985,164.727584,168.997944,195.771633,195.810476,196.695551,196.745866,204.987417,204.988251,205.022360,205.225859,205.318279,212.539005,212.625319,212.699018,229.471603,235.484456,235.500615,250.807525,282.511393,283.872540,286.025118,294.711985,294.733711,303.315780,306.835234,315.192478,315.319744,344.334058,358.591429,358.617310,361.639218,364.973370,369.510170,398.451383,412.314537,418.644136,418.712656,418.753485,418.926040,419.136009,434.043619,434.335528,467.696887,471.976079,472.118098,472.301710,472.306826,472.347826,472.399193,472.444599,472.461031,472.492535,472.543945,472.567659","5,2,4,7,1,7,7,7,1,7,3,1,7,7,7,3,3,3,6,2,2,4,2,5,7,3,6,5,1,7,3,6,5,0,0,1,7,5,0,1,0,6,2,0,0,6,3,2,4,0,3,6,2,0,6,2,4,2,0,3,1,2,4,5,5,5,7,3,2,2,4,5,0,0,0,1,0,7,3,3",1
"19.682745,38.768066,45.275410,45.324387,45.387123,46.084213,54.044616,54.094199,61.784334,78.468227,78.566869,94.241910,94.539796,99.348173,99.368840,208.316603,212.410184,236.434581,236.486599,240.837346,241.710612,242.389393,247.832397,247.906109,247.925211,266.540488,266.563297,281.642609,314.724219,317.134005,317.246185,317.427067,317.441815,317.449983,317.464172,317.478753,317.527789,317.593294,344.828792,370.964942,370.980933,371.051297,371.054668,371.116435,371.299291,375.479701,379.587901,390.891336,390.962739,412.461690,416.576623,435.688636,454.155009,454.236276,454.348927,454.420931,454.421495,454.429123,454.451861,454.461143,454.473611,454.557799,454.723216,458.158306,458.509748,462.510811,466.064381,468.036494,488.036921,488.138826,493.254320,493.312903,493.424537,493.434964,509.060138,509.072669,509.124970,509.128664,531.794089,537.053533","6,4,5,0,1,1,0,1,2,1,1,7,3,5,0,4,2,6,2,7,3,1,1,7,3,2,4,6,1,4,5,0,1,7,7,1,1,7,7,3,6,6,2,6,2,3,4,7,3,4,3,5,0,1,7,3,3,6,6,6,2,2,2,2,4,0,4,5,2,4,4,5,0,1,3,6,2,4,0,2",1
"10.672733,19.208075,19.255998,19.416505,20.939858,27.925585,27.940966,28.030405,28.093604,28.180508,28.187993,28.351667,38.420862,49.464755,50.780335,64.994478,65.058144,98.409808,113.503477,113.714841,113.747639,113.838295,113.841827,113.852480,113.854259,113.868894,139.383014,140.236273,145.042428,165.103605,165.107493,165.175113,165.177668,165.206208,165.232261,165.243276,165.246387,165.320665,165.347470,165.393744,177.364131,188.868981,188.908984,206.658230,214.829332,215.336225,217.529208,221.491974,221.578007,221.613744,221.748832,224.245128,224.247628,227.589057,227.601564,227.605430,227.615038,227.620178,227.665516,242.338017,246.324373,256.289772,267.158553,272.851815,279.745408,292.099575,292.144098,298.770669,301.801866,310.361734,310.425690,310.448941,331.034115,336.246621,338.250241,338.254245,338.285145,340.979031,341.009932,354.809029","6,2,4,5,3,0,1,7,1,3,6,6,4,0,4,0,1,5,1,1,7,7,3,3,6,2,4,4,1,6,2,2,4,4,2,5,4,5,0,1,3,1,7,6,3,6,4,1,7,3,3,4,5,5,0,1,1,7,7,7,1,4,5,7,3,0,1,0,5,3,6,2,0,4,7,3,3,4,5,2",1
"5.319565,5.339032,39.774223,53.559602,53.637793,53.706601,53.725756,53.727180,53.876652,53.985742,64.403116,94.429304,96.578766,96.864542,96.950012,97.125801,97.228337,97.246373,97.311518,97.350775,109.167411,109.245550,109.256324,109.289221,109.334793,109.759209,109.836215,109.869550,109.920662,109.955035,109.965227,110.026291,110.042311,110.045407,110.082384,110.109651,115.741979,115.770213,116.610544,116.938844,116.941363,117.061273,117.081543,117.087920,117.104696,117.156138,117.188649,117.197997,117.237526,117.501899,131.306499,133.147288,159.325423,159.483052,159.585261,159.682432,176.843879,207.332494,207.401263,214.745666,217.530508,217.662794,217.688506,217.694758,217.723752,218.137191,218.235413,218.251469,219.596284,225.355726,225.390449,225.479573,225.518352,245.480951,256.645538,256.711645,256.791133,256.843488,264.884243,264.893434","1,7,7,2,4,5,5,0,0,1,0,7,3,6,2,4,5,0,5,0,1,7,3,3,6,2,4,5,5,5,0,0,1,1,7,1,4,3,3,6,2,4,5,0,1,1,1,7,3,7,4,4,3,6,6,2,0,4,5,3,7,3,6,2,2,0,1,7,3,4,5,0,1,6,7,3,6,2,5,0",1
"15.938653,16.056078,19.769567,49.793412,77.553855,77.555224,77.767490,96.624802,109.712854,109.739135,109.757261,110.019021,110.062230,110.085561,110.108258,110.123079,110.125408,111.094607,111.155139,111.728573,139.212011,152.865544,157.624982,157.809795,166.079150,172.744071,172.757731,172.864601,172.864929,172.906162,172.910033,172.979307,173.176124,173.457695,183.803324,183.830572,183.855404,183.867942,183.869109,183.915929,183.933634,183.984764,184.169488,184.192646,184.203385,184.207508,184.250564,184.255466,184.279534,184.292009,190.219426,190.247361,190.266065,190.314081,190.365488,190.463574,190.495685,190.502395,190.594782,202.848786,206.628039,208.955041,220.775685,247.889332,260.215301,260.352121,260.447211,295.645342,295.967718,303.059932,326.257896,326.434980,326.561591,326.583875,326.696530,326.907524,332.710035,332.774469,356.250452,377.417990","0,1,6,2,2,4,5,1,1,7,3,6,2,4,2,4,5,6,2,6,7,4,0,1,3,1,7,3,3,6,2,4,2,0,7,3,6,3,6,6,2,4,2,2,4,4,5,0,1,1,7,3,6,6,2,2,6,2,4,4,6,0,4,4,3,2,4,4,5,4,0,1,7,7,3,6,4,5,1,0",1
"2.672187,18.524704,18.656030,18.929048,25.775519,31.433736,35.134016,35.156684,35.157360,35.174482,35.198774,35.243078,35.259459,35.259481,35.265278,35.301813,35.388824,35.435716,35.590483,35.607272,35.819143,35.888450,35.919438,37.845201,37.872081,38.043426,56.378313,56.799775,56.862342,56.901891,56.928970,56.986103,57.009468,57.066726,57.101298,57.114340,57.127452,57.134192,57.150302,57.176802,57.177077,57.188713,57.209655,57.214056,57.215907,57.219084,57.293768,57.324659,57.344854,57.383641,57.390220,57.391025,57.422312,57.502913,57.513822,57.554550,59.782809,86.463969,91.448051,92.605966,107.034402,117.960047,117.964416,118.000217,118.014776,125.588247,125.610009,162.699587,162.843984,170.180422,171.243343,181.874175,181.928954,183.213955,192.526401,192.549667,192.550210,193.512231,230.273649,230.707619","4,7,3,6,4,3,0,1,7,3,3,3,6,1,7,3,2,3,3,6,2,4,4,1,7,7,5,0,1,7,5,7,0,1,3,1,6,1,2,3,4,6,5,4,2,0,1,7,2,4,6,5,2,4,5,0,1,2,1,1,5,7,3,3,6,1,7,1,7,6,4,2,4,4,1,7,7,4,6,2",1
"8.038796,13.397613,13.414146,13.479210,13.514643,23.076121,45.797636,59.182521,72.524849,72.539516,72.549453,72.563712,72.669888,86.043202,86.109238,86.154501,86.216078,86.227596,86.368808,86.487276,91.761965,91.782758,91.801298,91.886473,91.908007,91.913756,91.917921,91.921228,91.968697,91.972090,91.992987,91.996869,92.014709,92.021415,92.045120,92.059421,92.060487,92.063579,92.087602,92.147347,112.912477,118.395859,159.515048,159.580888,166.188098,168.905737,168.930337,194.769766,202.953419,202.989033,203.045546,203.239051,234.008266,234.035793,234.158381,252.525014,252.539838,256.956748,275.849335,296.048018,296.292387,296.463830,296.514930,296.895550,325.032804,328.022098,344.286859,344.354564,354.627928,377.425635,417.410908,419.792704,426.405601,429.509393,429.580861,429.624678,437.112248,437.141582,437.203792,437.255421","4,2,4,4,5,6,6,3,4,5,0,5,0,1,7,7,3,3,6,2,4,5,0,0,1,1,7,7,1,7,1,3,7,3,3,6,7,3,6,7,2,4,0,1,5,2,4,3,0,1,7,7,5,0,1,1,7,5,6,1,7,3,7,3,0,7,4,5,1,4,3,2,0,0,1,7,7,3,3,6",1
"49.816546,85.748671,97.470464,151.475755,151.561465,151.569475,151.595999,151.608041,151.611626,151.652175,151.739333,158.937170,159.171775,161.108447,165.928342,174.717778,188.502318,188.504800,188.531865,188.610916,188.711031,188.724937,231.641417,231.703272,231.716026,231.742730,231.758694,240.401266,247.067658,251.907662,251.924718,251.942010,279.410930,317.182310,317.223430,317.247125,329.854135,329.876422,329.877158,329.925674,362.855328,362.877896,362.988065,363.025058,363.087276,363.115594,363.132624,363.172666,363.192990,363.285444,366.171269,366.191164,366.205387,366.286026,366.289523,366.310794,366.329401,366.489267,366.629421,366.660112,366.764098,366.764131,366.863802,366.868929,372.525901,415.334001,415.468682,415.488398,441.623694,467.165851,474.231291,523.168348,554.666968,554.909508,554.957017,557.470665,570.389301,570.451009,571.208219,584.612112","3,1,1,5,0,0,1,7,3,7,1,3,3,3,4,4,5,0,1,0,7,7,5,0,1,1,7,2,6,2,4,5,7,4,5,5,7,3,3,6,1,7,3,6,2,2,4,4,4,5,6,2,4,2,4,4,2,5,0,1,7,3,6,2,0,4,5,5,0,6,3,5,2,4,5,6,4,5,4,5",1
"16.351972,16.536340,27.676914,27.873672,27.893635,39.332283,39.427732,85.102832,85.138853,85.384103,85.414530,105.697652,105.717851,105.753219,105.760602,105.793216,120.176173,120.226171,120.233623,120.245481,155.164119,155.165096,158.417793,158.419102,158.442196,158.700871,172.883752,172.897162,173.025779,173.040096,173.065013,173.083236,173.083714,173.086044,173.099491,173.103721,173.106040,173.116495,173.125137,173.156160,173.173928,173.176950,173.177727,173.178226,173.181979,173.191867,173.193917,173.203820,173.207091,173.214858,173.267567,173.278737,173.279293,173.290389,173.297628,173.303889,173.313130,173.327738,173.356443,173.366295,173.366903,173.390628,173.393612,173.396367,173.422384,173.448756,173.466140,173.478394,173.492735,173.520642,173.575678,173.723501,177.004672,177.023906,177.212625,177.403366,194.975382,195.038386,212.675604,212.803246","3,6,0,1,7,6,2,3,6,6,2,1,7,3,6,6,1,7,3,7,7,3,0,7,1,1,4,5,0,1,5,7,3,3,6,7,0,3,1,7,1,1,6,5,2,1,7,7,6,3,0,1,7,0,1,2,7,4,5,1,7,7,5,5,3,4,6,3,6,1,1,7,7,3,6,2,2,4,2,4",1
"0.204525,0.244171,15.221027,18.122303,25.450545,25.486372,25.487360,25.520997,25.577266,25.620147,25.623443,25.633827,25.643887,25.666708,25.680767,25.732529,25.749493,25.771789,25.876822,25.903953,26.020779,26.057931,26.113563,26.126905,26.142314,26.143067,26.145895,26.244444,27.511062,27.559662,27.606231,27.611822,27.631362,27.649330,27.954663,31.876584,31.964708,39.885318,39.997317,40.008195,40.206225,51.550929,93.738717,105.239281,125.329997,130.362334,130.564865,133.854058,133.903360,161.575651,179.927767,185.067614,185.102404,185.119509,185.281965,195.292483,195.426770,215.098764,215.159319,215.162798,220.641462,220.644490,220.652205,220.673661,220.675285,220.686423,220.743869,220.802147,220.954991,220.985256,237.862284,248.182034,258.784222,258.893161,262.218723,271.694509,288.256690,288.406943,328.472424,328.524687","6,2,0,0,0,1,7,3,3,3,6,2,4,6,2,2,6,2,4,2,5,0,0,1,1,7,3,7,1,7,3,3,7,7,6,0,1,3,6,6,2,4,2,4,4,0,1,0,1,2,4,7,3,6,6,3,6,6,2,4,3,6,2,4,5,2,4,5,0,1,6,1,6,2,1,6,1,7,3,6",1
"10.441756,17.540613,26.270333,35.616748,35.646577,45.242963,75.666946,100.403291,100.449918,100.468412,101.214640,112.960080,121.127702,125.723409,153.240912,153.486997,153.579449,176.283646,232.596488,240.733949,255.570353,255.619338,274.252923,286.768612,286.860416,287.028750,287.120469,307.338620,307.376148,307.517617,307.539768,309.530176,309.542404,309.648603,309.674639,309.807576,309.892804,309.926334,310.042676,310.049384,310.085886,310.105408,310.130312,310.255412,335.475309,336.427276,357.161674,357.267200,357.317205,357.355742,358.139579,360.990651,389.148469,389.274298,398.663181,398.719239,398.731107,398.833093,399.023830,399.026325,399.041904,399.149733,401.692307,401.702161,401.710022,401.720978,401.754299,401.778904,401.778923,401.829795,401.902512,401.909901,401.911751,401.934233,401.938648,402.093884,402.148166,402.261129,402.274188,402.347265","5,5,7,4,5,4,3,7,3,3,5,5,0,0,0,5,0,6,7,5,7,3,2,0,1,1,7,4,5,5,0,4,5,5,0,1,1,1,7,3,6,3,2,6,0,7,7,3,3,6,6,7,7,3,5,0,1,7,3,6,2,4,0,1,7,1,7,7,3,6,7,3,3,6,2,3,7,4,5,5",1
"0.706688,0.748894,0.863149,0.910845,0.911156,0.976266,1.012121,1.269073,6.096302,13.950865,13.991971,19.448098,19.462207,19.691994,59.337691,59.381565,59.461280,59.501000,59.558838,81.134456,87.964834,88.235116,91.817519,91.855980,91.864439,98.030288,134.987923,136.733694,140.893710,140.910486,141.109681,141.122423,141.137344,141.174521,141.258082,141.272332,141.285347,152.862364,152.891858,153.064513,153.203650,153.288072,166.473382,166.537716,166.565918,166.688142,173.230344,192.731346,212.231731,213.933200,239.278334,258.050358,258.479498,258.565882,271.761352,272.108371,272.165226,272.199888,272.207564,272.375233,305.828080,308.898698,308.972351,313.497307,313.743738,313.784178,313.807717,313.886060,313.901515,313.941731,313.973629,313.975036,314.001304,314.009029,314.042452,314.227538,325.000799,345.716977,351.342413,351.959094","7,3,6,3,6,6,2,4,3,2,4,0,1,1,3,6,2,6,2,3,1,7,2,4,5,6,6,6,7,3,3,6,3,2,2,4,4,4,5,0,5,0,4,5,5,0,4,1,5,2,3,0,1,7,6,1,7,3,7,3,0,6,2,3,6,2,4,5,0,1,4,1,5,7,0,4,2,7,0,4",1
"0.442417,2.283661,2.364450,17.883533,17.952174,17.983536,18.007463,18.036589,18.057710,18.096472,18.111767,18.114045,18.170691,18.184826,18.212450,18.233600,18.275402,18.309648,18.317546,18.548825,34.726500,41.756182,99.179373,102.632515,102.654073,102.758700,102.771417,102.787383,102.888938,102.923978,103.086966,103.180447,104.101013,109.844266,121.773677,121.878356,121.902299,121.954439,121.970030,121.977296,122.011893,122.111169,122.169516,122.178867,122.243852,127.717901,137.735870,137.758983,137.763096,152.173978,152.206138,153.999659,154.101190,155.223697,155.343176,158.754586,158.771174,176.251119,181.986116,182.026076,182.068244,182.132294,182.291047,182.331551,182.392656,182.400439,194.831789,206.999186,241.217758,241.223125,254.439135,263.931889,263.993942,264.979017,265.046715,265.071694,278.708499,278.821938,290.995420,298.555255","5,5,0,2,4,5,5,5,0,4,0,5,0,1,1,7,3,3,7,3,5,6,1,6,2,4,5,0,1,7,3,6,2,5,0,1,1,7,7,3,3,6,2,4,3,1,2,4,4,1,7,1,7,4,5,4,5,1,1,7,3,6,6,7,3,3,4,6,0,1,7,3,6,5,0,1,5,0,4,7",1
"0.998316,1.012608,9.098939,9.214064,9.227959,9.252774,9.341254,16.777816,16.925805,16.959297,17.025495,17.092217,20.703828,20.799685,20.800709,46.115133,46.120599,46.126873,54.179885,57.739516,57.818854,77.084528,78.942903,79.063974,79.096991,79.124714,79.968841,86.288324,96.768405,96.789632,96.803072,96.817004,96.860288,96.860854,96.922559,109.672416,109.688986,109.715086,109.804369,109.859207,110.063943,115.838032,116.137852,116.161422,116.190186,116.199042,116.214478,116.214541,116.225523,116.226258,116.341130,116.352248,116.377750,116.397861,116.475354,116.499713,116.515449,116.670817,116.679725,116.700644,116.715459,116.716247,116.901591,116.907901,116.908462,116.923797,117.030339,118.493459,118.523351,118.688750,118.814615,118.846882,118.861136,124.797852,153.129833,153.176702,177.288577,177.404825,213.741555,229.724205","7,3,4,5,0,5,1,4,5,0,0,1,2,4,5,6,2,4,3,5,0,2,7,3,6,6,4,4,0,1,1,1,1,7,7,1,1,7,3,7,3,6,2,4,5,0,5,0,1,7,0,1,7,3,6,2,1,7,3,7,3,3,0,1,7,7,3,6,2,4,5,0,0,5,6,2,2,4,2,0",1
"8.525088,21.008288,22.065224,22.761581,22.817519,22.972353,30.327619,38.973923,39.095860,39.128579,39.161963,46.408156,61.190226,61.403884,78.890236,88.367342,95.867904,103.401083,103.413166,103.489303,124.311436,145.819219,145.875842,145.884953,150.592763,150.695741,162.386346,162.426381,162.433086,162.494146,162.713395,162.778146,162.956748,168.405044,168.620361,168.655938,168.662853,168.670850,168.680516,168.703307,168.797400,168.817394,168.829469,168.842029,168.849997,168.854025,168.868487,168.878607,168.897840,168.910305,168.916454,168.916766,168.965173,168.976809,168.984109,168.996452,172.377641,172.378622,172.417834,172.592685,172.606363,219.706181,225.943745,227.066215,227.099515,227.102645,227.133819,227.160180,227.199192,227.200143,227.273574,227.282317,227.587073,227.658672,231.007901,238.067479,244.764150,248.127451,248.286126,252.278662","3,5,7,6,2,2,7,3,6,2,2,6,1,7,7,2,4,7,3,3,2,5,0,1,5,0,4,5,5,5,5,0,5,2,4,5,0,1,1,7,0,1,7,3,7,3,6,6,2,6,2,3,6,6,2,2,3,6,6,6,2,3,1,4,5,5,0,0,1,7,1,7,3,6,3,0,1,6,2,3",1
"4.193890,4.280451,13.760766,13.775350,13.841251,13.865378,13.871415,13.907090,13.968132,13.972218,14.029926,14.044684,14.054208,14.059201,14.089724,14.095033,14.142163,14.188991,14.192991,14.264019,17.523792,19.281096,32.448253,59.752206,59.866296,106.538002,106.605755,106.626855,106.671842,106.758214,125.006768,164.428795,164.442921,166.383982,166.416167,166.416989,166.476282,167.641758,171.320163,171.328959,171.473495,175.963144,176.014222,193.865979,210.853997,210.940219,218.974602,218.988221,219.028769,219.156009,247.879380,272.863740,289.005072,315.942049,336.184836,336.582305,336.662019,336.722319,336.821291,336.856177,359.755596,359.786837,359.889604,359.926184,359.941917,364.565568,371.062882,371.088588,371.196736,371.486878,371.514111,371.729503,371.730602,379.466331,379.471254,379.500278,379.538493,417.521508,438.831803,438.846884","2,4,5,0,1,1,0,1,0,7,1,3,7,0,6,1,7,7,3,3,6,3,5,4,5,7,3,6,2,4,4,0,1,4,5,0,0,0,1,7,3,2,4,0,3,6,7,7,3,6,2,6,4,5,5,0,1,7,3,6,1,7,3,6,6,4,4,5,0,1,7,7,3,3,6,6,2,6,2,4",1
"20.917047,20.950108,20.967042,22.142652,32.330050,32.414407,32.473897,32.545566,34.472922,34.532569,42.461580,50.233052,54.401536,60.294176,79.743875,102.477014,104.064106,104.354418,113.464875,113.504520,113.579789,113.725129,113.786158,113.862640,135.924046,145.905105,206.995988,211.830932,211.864534,212.040522,219.203081,219.251683,220.079909,220.095401,220.225970,220.324134,220.328440,220.329986,221.623478,221.644313,229.814991,257.988309,262.450297,262.594192,262.667100,262.672033,262.703944,262.733990,262.734698,268.475312,268.520930,291.445096,291.470012,306.470611,323.799372,323.895969,323.999250,333.515884,347.632184,368.779148,371.657033,396.315063,396.320076,407.500090,407.753955,407.791130,408.934149,409.037412,409.042569,409.057281,409.058126,409.061878,409.065383,409.073216,409.101725,409.159862,409.162433,409.247770,409.376391,418.432954","5,0,1,4,4,5,0,1,7,3,2,5,2,5,3,4,7,3,0,1,7,3,3,6,1,2,6,1,7,7,6,2,1,7,1,7,3,6,0,1,6,3,2,4,4,5,5,5,5,1,7,7,3,6,1,7,3,3,0,3,2,0,1,5,0,1,0,1,1,7,3,3,6,7,3,6,2,3,6,7",1
"28.495006,33.707827,64.377037,64.427815,64.457859,64.476027,64.573813,67.171548,67.294753,78.312444,78.552887,78.565733,99.513508,99.553653,99.711220,99.713995,99.770902,99.813056,99.872790,99.888208,106.870151,130.846440,158.737052,187.750379,189.896494,189.943571,196.815937,196.878577,196.880832,197.153557,197.204599,222.195149,229.609464,252.295408,252.315245,252.332841,259.228523,259.323408,259.381128,263.956159,264.206231,264.290714,270.009104,281.171931,297.294560,297.345833,297.423293,297.580886,297.971732,298.039747,298.225209,306.601194,306.642970,340.508966,340.552253,340.620977,340.666734,340.752343,381.864275,381.871044,398.391459,410.473926,410.530599,429.169642,445.919114,446.029350,451.249874,453.296467,453.486774,458.769547,458.824889,458.859757,490.817160,490.859026,490.932364,491.045247,491.069442,491.152909,507.347093,507.396804","6,2,0,1,7,1,3,6,2,7,3,6,4,5,0,1,7,3,4,5,3,2,2,6,5,0,0,1,5,7,3,0,3,4,5,0,0,1,1,4,5,0,3,4,0,1,7,1,1,7,3,7,3,1,7,3,6,7,5,0,3,1,7,7,0,1,7,5,0,3,6,6,7,3,3,6,2,2,2,4",1
"5.822250,27.777977,28.217408,35.231328,68.519966,68.580460,102.050106,102.091440,102.190941,102.301110,107.194699,115.703297,131.972321,150.521676,156.221402,156.366086,156.366613,156.492567,156.541297,169.928805,169.945051,169.945864,169.998840,170.019975,170.129705,193.104928,220.441570,220.526544,220.542020,220.543501,220.599913,220.616772,220.673216,220.677623,220.717884,220.737812,220.747685,220.782066,220.796301,220.961391,220.963594,220.967079,220.970919,220.995051,220.995135,221.020422,221.027671,221.058523,221.074236,221.074567,221.120878,221.155387,221.167104,221.227759,221.240775,221.306346,221.327891,221.373821,221.376944,221.390967,221.418580,221.423175,221.459144,221.500588,221.530549,221.601363,221.908636,221.939797,222.018790,222.039097,222.086541,226.020036,226.043140,226.064672,226.111887,226.194959,226.322595,226.326244,226.329958,226.416221","4,3,6,3,1,7,4,5,0,1,2,6,3,1,1,7,3,6,3,2,4,5,4,5,0,1,6,2,4,5,5,0,1,7,0,1,7,3,6,3,5,0,1,1,3,6,2,3,7,6,4,6,3,6,6,3,2,6,6,2,4,4,5,5,5,0,1,7,3,7,3,0,1,7,7,1,7,7,3,7",1
"5.739414,6.011588,6.128465,29.358373,29.376791,31.983448,40.014600,43.033692,43.047084,71.328661,71.399125,73.887367,74.028783,74.066395,74.084681,74.091345,74.109152,74.138006,74.195941,74.216591,74.252503,74.330915,74.508262,74.531325,74.577206,74.747005,74.809904,88.948686,120.890474,129.405016,129.408953,165.821000,170.851816,171.855686,171.869575,171.881756,171.900229,171.936017,172.008474,172.068364,172.093604,172.127080,172.147657,172.222264,172.246923,172.271233,172.330597,172.334490,172.338342,177.037563,181.501377,181.510702,181.533712,181.564588,181.625961,181.640102,181.679220,181.703554,181.919671,181.981601,186.920852,186.927230,187.240789,187.279047,187.287659,187.297913,198.630721,234.066163,236.098574,236.127361,269.765586,273.529383,273.551211,273.586798,273.596938,273.729018,273.926376,273.980692,274.031054,274.134108","5,0,1,3,6,6,7,0,1,3,6,2,4,5,0,0,1,1,1,7,3,6,7,3,3,3,6,2,1,2,4,2,7,1,7,3,3,3,7,3,3,0,1,1,7,7,7,3,6,5,1,7,7,3,3,6,6,3,0,1,3,6,2,4,5,4,5,4,1,7,6,1,7,7,3,6,2,4,4,6",1
"39.339572,39.424730,48.205171,48.230355,48.239516,48.240030,48.265989,48.269226,48.275190,48.278866,48.291915,48.309304,48.350581,48.397298,48.437408,48.437494,48.441348,48.451833,48.472306,48.586082,48.611233,48.616807,48.666753,48.670930,48.708726,48.752549,48.816139,48.841332,49.132553,49.294307,49.452031,49.557203,59.324647,59.427492,59.437963,59.438666,98.631385,98.678501,98.688630,98.749196,99.203844,109.169548,109.256984,114.641244,122.261336,122.277475,122.425383,132.697785,132.715573,173.143085,173.184848,173.210017,173.884340,187.822464,187.834010,187.912406,187.971561,188.008027,188.018327,192.671611,192.682158,192.756043,192.916255,192.936021,213.586792,213.945138,240.836534,240.854527,240.863402,240.886193,240.948542,241.031555,241.031918,241.034605,241.587764,258.632962,264.006580,290.905538,317.007991,317.053409","0,1,0,1,1,7,1,3,7,6,7,3,6,7,3,6,6,6,2,6,2,4,5,0,5,5,5,0,4,5,1,7,5,0,1,7,6,2,4,4,5,3,6,1,2,4,4,3,6,5,0,0,1,1,7,3,7,3,6,3,6,6,2,4,1,6,1,7,0,1,7,1,1,7,2,7,3,0,1,7",1
"3.024577,3.089263,17.308772,17.355915,17.375713,17.901352,42.587042,42.721101,50.992597,67.167936,67.216352,70.321072,70.470089,88.534826,88.585495,89.078481,93.761389,93.774423,132.126584,161.975039,173.927166,190.160661,190.164780,190.193976,203.445143,203.674661,212.412776,217.204589,222.874713,222.920415,222.930209,223.004419,223.009206,223.016473,223.062240,223.093590,223.116020,228.557164,228.568958,228.576737,228.587626,228.588112,228.646181,228.701124,228.728155,228.742763,228.787108,228.856810,228.898964,229.080258,229.126555,229.212980,229.317115,229.493297,231.113889,241.510559,241.511479,241.528598,241.814393,241.827238,241.832110,241.895584,241.945949,241.969136,241.994843,242.000372,242.037599,242.081630,242.112593,242.143063,242.447582,242.485695,242.521427,242.534809,242.539931,242.557168,242.558454,242.572511,242.710193,242.736518","1,7,6,2,4,4,5,5,7,0,1,0,1,0,1,1,4,5,0,0,5,7,3,3,3,6,5,4,5,0,1,1,1,7,7,7,7,2,4,5,0,5,0,1,1,7,3,6,7,1,7,7,2,4,5,1,7,7,3,6,6,6,6,2,4,5,0,1,2,1,1,1,7,3,6,6,7,3,7,3",1
"34.246492,34.401741,34.456236,34.545156,34.603855,34.612116,34.757692,34.758261,34.853455,34.912083,34.933731,35.035451,35.037123,42.414157,42.491131,42.509657,42.673352,42.773269,42.890908,79.631677,79.655206,79.690844,79.724725,79.828872,100.777862,100.806308,100.837595,101.020636,101.030052,101.142349,101.206532,101.259522,112.060776,112.077595,112.143921,112.169385,112.170086,112.175274,112.222780,112.226300,112.267870,112.306739,112.308826,112.312472,112.314358,112.340639,112.372255,112.376948,112.442011,113.762120,175.313672,203.580025,203.602416,203.644182,203.644724,203.644862,203.654412,203.668914,203.734124,203.818111,203.851113,203.889671,203.927675,203.977456,203.980806,203.986802,204.085322,204.086031,204.230593,204.258634,204.283095,214.645389,217.439722,244.653326,244.660112,265.374759,272.098663,272.113793,272.180370,272.279649","6,2,4,5,5,0,1,7,3,0,6,2,4,6,2,2,4,5,0,2,4,5,4,5,0,1,7,3,6,6,2,4,4,5,0,1,1,7,7,3,7,3,3,3,3,6,2,6,3,1,1,5,1,7,7,3,3,6,3,6,6,2,4,2,4,4,2,4,4,5,5,6,2,7,3,5,7,3,6,3",1
"15.585630,15.616752,15.715256,17.340942,20.205407,36.207423,37.094923,44.433191,44.471092,44.512900,44.568683,44.710342,46.332324,59.378459,59.402036,63.321058,65.986986,66.121549,76.117511,76.173357,78.330264,78.444751,85.341431,85.345719,85.592795,112.466511,112.482981,145.817652,145.842632,177.177953,196.109871,196.168692,196.175772,196.190270,196.210352,196.251872,196.261053,196.270479,196.295807,196.314777,196.363441,196.369132,196.377418,196.426995,196.443406,196.512196,196.551502,221.635672,228.832052,229.390465,229.413582,229.444123,253.621198,271.553540,273.329125,273.389831,273.435588,273.461012,273.470695,296.454443,296.494338,296.515416,296.583180,296.592148,296.621617,296.625774,296.671423,296.686224,296.708514,296.739149,296.776202,296.832014,296.834142,296.844966,296.883175,296.921320,296.931160,296.933659,296.988436,296.992920","5,0,0,0,4,7,6,1,7,3,3,6,7,4,5,0,7,3,4,5,5,0,4,5,0,7,3,2,4,2,2,4,5,5,0,0,1,0,7,3,6,2,1,2,1,7,2,3,2,6,2,4,2,1,3,6,2,2,4,0,1,7,3,6,6,2,4,4,6,2,5,4,2,2,5,5,4,0,0,2",1
"16.141088,16.256579,16.259738,16.261582,16.268249,16.275649,16.289997,16.301039,16.374521,27.728235,27.731553,27.796529,27.811277,27.818789,27.856174,45.371273,53.996094,54.161400,54.297865,54.420651,54.504306,56.911980,56.936997,60.954242,60.955239,60.963912,61.003087,61.005518,61.048753,61.117518,61.153437,61.275944,69.049546,69.974986,70.007505,70.080069,70.081719,70.117432,77.581546,125.086852,125.092983,125.099886,125.164105,125.222534,125.228922,130.220137,130.254299,130.307105,130.347557,130.436223,141.416450,147.800399,147.864936,147.870838,152.421435,152.548718,152.582273,152.782252,153.026249,164.296782,177.955577,177.973944,178.067486,178.069732,180.183955,188.691982,188.713028,188.911876,188.923121,189.003199,189.005134,189.204749,189.315903,189.321657,189.345085,196.323731,204.432976,205.282846,205.331491,205.636759","3,6,2,3,6,6,2,2,2,5,0,1,7,7,3,5,1,7,7,3,6,0,1,7,3,3,3,6,6,6,2,4,5,5,0,1,0,1,0,1,7,3,6,6,7,0,1,1,7,3,0,1,7,3,7,3,3,6,2,7,0,1,7,1,1,5,0,1,7,7,3,6,2,4,4,1,4,5,0,2",1
"5.328135,16.316693,20.016813,20.109446,42.777711,53.810084,53.823339,53.868367,53.881738,54.020240,54.262328,56.593477,56.651722,59.523117,63.818326,67.534524,72.702950,72.801123,73.227764,94.063701,94.071764,94.104111,94.134642,125.723361,134.584790,137.513360,137.568786,144.522141,144.572480,144.610990,151.443291,153.540839,153.558401,153.642381,167.345936,167.347277,169.672846,173.407766,187.059707,208.349599,215.781070,216.026850,216.110594,216.125229,216.322506,216.329294,220.242078,244.405774,244.619921,247.529863,266.217090,266.459919,273.202151,286.206960,286.246252,286.293635,286.369851,286.372096,286.548507,296.244228,296.299960,296.358451,335.093575,335.140548,338.351954,338.430788,357.625014,357.666487,384.132543,385.199330,385.238181,385.313421,385.339337,385.384952,389.099323,390.017594,390.107701,436.966528,437.145783,437.175990","4,2,4,5,0,3,6,2,6,2,4,1,7,5,1,6,0,1,7,6,2,4,5,1,2,0,1,3,6,2,5,7,3,6,4,5,5,3,2,4,2,4,5,0,5,5,7,0,1,6,2,4,4,6,2,2,4,5,4,0,1,7,2,4,2,4,3,6,7,2,4,5,5,4,1,5,0,5,0,1",1
"2.232657,24.491117,65.279869,65.362801,65.364759,65.380187,65.418587,65.478854,65.479368,65.493396,65.592014,65.595055,65.598394,65.665517,66.364120,74.554996,74.578542,81.495054,84.430723,89.513869,90.842570,101.535711,101.555396,105.784811,107.881259,116.128685,121.526321,121.569280,142.142436,163.722530,163.767296,165.407649,197.487789,219.230143,219.386213,227.839997,227.856417,227.860798,227.902819,227.905492,227.914653,227.926146,227.950066,227.960910,227.973397,227.977124,227.989808,228.008353,228.011524,228.027560,228.040014,228.049186,228.051087,228.058880,228.108004,228.122001,228.135928,228.166647,228.169556,228.251023,228.251632,228.255339,228.267650,228.280811,228.318448,228.322401,228.331647,228.337766,228.343011,228.356295,228.363451,228.370265,228.370620,228.384349,228.392599,228.405679,228.436473,228.444129,228.493549,228.517079","4,6,0,1,7,7,1,7,7,3,6,2,2,4,4,0,1,2,4,7,5,1,7,3,6,6,3,6,5,6,2,6,6,3,6,2,4,5,5,0,0,0,1,4,1,0,1,7,3,1,6,2,1,1,7,1,6,2,6,7,7,3,3,6,6,7,7,3,2,6,6,4,2,6,3,6,2,5,4,0",1
"12.520786,12.742967,12.749953,17.277269,33.425670,53.327944,56.871153,56.938565,57.539897,57.709828,86.718070,86.721365,87.271831,87.317491,87.353844,87.686686,87.718460,87.758541,87.862442,87.882273,87.925878,118.494195,118.512123,132.417849,152.148896,164.229840,173.003113,173.011823,173.047974,173.052807,173.083347,173.090469,173.100258,173.146230,173.254089,173.320180,173.425134,173.507694,173.696933,189.861187,189.924627,193.949809,194.254090,238.623433,254.294241,254.298251,254.358886,254.575666,274.986286,275.003302,275.038405,275.068008,275.123824,275.166878,275.169146,275.213185,275.364624,278.266462,307.731226,309.467890,311.504240,311.599964,311.600224,311.759953,311.954406,317.814048,317.953043,318.230264,330.824939,330.923957,330.946502,331.023111,332.845002,333.015876,333.059603,333.077723,336.600781,336.626351,336.729728,336.762945","6,2,2,7,7,0,6,2,4,5,3,6,6,2,4,4,5,5,0,1,7,6,2,2,6,6,7,3,6,2,2,4,5,6,2,4,4,5,0,1,7,5,0,0,6,2,4,4,0,1,1,1,7,7,3,7,3,7,4,5,3,6,6,2,3,3,6,2,6,2,4,4,5,0,1,1,7,3,6,2",1
"6.607171,17.883328,22.595681,22.873681,22.903570,23.005191,39.462596,46.935514,46.977059,47.007664,47.039701,47.046986,47.048679,47.073436,47.143481,47.208622,53.044135,55.371382,55.424211,55.458368,55.511762,55.512581,55.527508,55.690121,73.321340,89.490506,89.521795,101.382172,105.379734,105.445285,107.894696,108.131333,109.918669,110.024576,110.035286,110.044950,110.056840,110.069352,110.095385,110.119085,110.157666,110.167933,110.177517,110.178542,110.189292,110.195454,110.354064,110.360684,110.363133,110.421143,138.209005,148.127988,148.130175,154.839582,181.388925,181.418285,181.776473,186.037430,204.407568,216.778200,257.658281,257.834779,257.856598,257.878270,257.912569,257.937809,257.945317,257.997794,258.002895,258.007485,258.010991,258.025705,258.030366,258.044352,258.051994,258.055171,258.107789,258.117448,258.119562,258.132111","6,2,3,6,2,2,6,0,1,7,7,3,3,6,6,3,4,2,4,4,5,0,5,1,6,5,0,0,6,2,0,1,6,2,4,5,4,4,4,5,5,0,0,1,1,7,7,7,0,1,7,4,5,5,3,6,6,1,3,1,0,1,7,7,3,7,3,7,6,2,3,7,3,3,7,3,6,3,2,4",1
"28.598055,28.613780,28.649742,28.820779,28.990029,53.280029,53.320689,55.720263,55.776602,55.914459,55.953106,55.956894,55.966066,55.993778,56.059257,56.329118,57.239233,83.285882,95.858764,104.465345,108.229810,119.264184,143.102889,156.494783,156.496882,156.502543,160.985523,179.027803,179.054033,179.066654,179.078312,179.245622,182.489050,189.469362,201.086642,210.157096,210.403665,210.454366,227.899113,235.624387,235.628831,235.726261,235.748167,235.752871,235.769722,235.796709,235.805054,235.850134,235.909568,235.983273,236.045170,236.055373,236.190340,236.194962,257.575560,257.603927,257.641920,257.649513,257.652713,257.687133,257.687587,280.448117,280.460599,280.518605,280.535807,280.667729,297.337267,309.353585,309.436683,309.440180,317.103645,332.658506,351.479086,362.407033,362.686219,362.772085,362.787680,362.825602,362.846473,362.857356","1,7,3,7,3,7,3,0,0,4,5,5,5,0,0,1,0,4,5,2,7,3,6,1,7,3,6,7,3,3,3,6,1,4,7,0,1,7,7,3,6,6,6,2,2,4,4,5,5,5,0,1,1,7,7,3,3,3,6,6,2,7,3,3,6,3,2,2,4,5,3,3,4,2,4,5,0,0,1,1",1
"11.817370,16.416214,16.444560,16.474028,16.477061,16.589819,16.638152,26.407966,44.375855,44.474367,49.468450,49.482136,49.483702,49.487938,49.737237,60.529889,63.801807,63.826257,63.838675,63.840945,63.896133,70.482496,70.691271,76.271365,76.272487,76.329434,88.952537,94.045353,94.063701,94.096324,94.110243,119.562077,119.680522,145.041324,145.049036,145.132495,167.663804,167.679065,167.717489,167.720409,167.740873,167.757341,167.802049,167.887845,168.067395,168.077993,168.137515,168.160693,169.972539,181.614832,181.624473,181.689988,181.850786,182.216637,209.360901,209.466847,209.516330,209.520018,209.522024,209.530017,209.553701,209.563984,209.565137,209.640118,209.657497,209.673884,209.680175,209.694458,209.709146,209.721370,214.764215,223.509483,223.711812,223.717207,226.795648,226.876068,227.388464,227.551406,233.256760,234.699625","1,6,2,4,4,5,0,3,3,6,4,5,0,1,0,0,5,0,0,1,1,6,6,6,2,2,5,5,0,1,7,3,6,7,3,6,3,6,2,6,2,2,4,4,5,0,1,7,4,3,6,2,2,7,4,5,5,0,0,1,1,7,1,1,7,7,7,7,3,3,1,3,1,7,7,3,6,2,6,1",1
"9.025374,9.084559,9.113696,9.160678,50.424325,50.589579,52.703134,55.494125,55.517446,115.373058,125.453043,125.458956,125.461203,125.470480,125.493108,125.517124,125.567776,125.568761,125.642925,125.710941,139.981466,146.239063,148.161129,148.253091,148.295126,148.309702,148.349104,156.869874,163.744708,164.226240,177.902923,182.670785,209.843284,220.660607,220.898271,220.981561,220.993321,328.888440,330.715623,334.572397,334.573081,334.795623,338.376775,338.642832,338.647934,355.866725,358.323311,370.900037,371.891969,372.111802,372.200635,372.203780,372.272784,372.294816,372.387940,372.606474,390.846311,392.461631,409.095305,409.194331,409.238805,409.265708,427.983595,428.068892,428.081612,428.153539,428.191143,428.201915,428.207173,428.245978,428.301387,428.316098,428.405968,428.417774,428.422145,428.425708,428.430997,428.569188,428.594736,428.625483","6,1,7,3,0,1,4,0,1,6,2,4,4,4,5,0,5,0,0,5,7,4,2,4,5,5,0,0,6,2,3,5,0,1,5,0,1,0,7,1,7,3,3,6,6,3,3,4,1,7,3,6,2,4,4,5,3,0,6,2,4,5,2,0,1,1,1,7,7,3,7,3,6,2,4,3,3,6,2,2",1
"9.514241,23.548073,24.299900,38.025418,59.368118,59.484743,64.036781,70.263880,74.736536,83.334858,83.338633,83.364075,83.376412,83.383778,83.429212,83.440992,83.484954,83.504406,83.554110,83.625401,83.630291,83.643417,83.653393,83.657090,83.680782,83.698165,83.706441,83.754580,83.780058,83.781434,83.865976,83.873763,83.902931,94.588341,94.637394,94.672087,114.162657,120.060810,127.187769,165.606433,165.607723,165.616687,179.245877,203.487028,212.633001,212.677086,212.695284,212.721948,212.770912,212.797111,212.862157,215.653375,228.198569,228.217451,228.229969,228.248527,228.255417,228.277760,243.137624,243.144995,243.157526,243.227121,248.230212,248.327317,248.377471,248.442589,248.525788,248.539896,248.590291,248.672257,259.983403,286.566041,286.663864,288.254410,288.284110,288.466994,288.664004,288.687358,288.777770,288.821936","0,2,2,1,6,2,5,3,5,5,0,1,7,1,7,7,3,3,7,6,2,4,2,1,5,5,4,5,0,7,1,7,3,6,2,4,4,6,7,2,4,5,1,0,0,1,7,7,7,3,3,1,7,3,6,3,6,2,3,6,6,6,6,2,2,4,4,5,0,0,0,5,0,1,7,7,3,3,6,2",1
"15.895780,15.949251,27.874071,46.615671,57.535585,57.869746,66.623726,66.636722,68.826861,77.414581,90.156493,90.175749,90.482125,91.097260,91.107199,91.141729,91.260668,106.909021,127.998806,140.943406,140.963805,143.175235,153.467692,153.758112,172.697083,202.234715,202.257911,202.277147,202.279983,202.313930,202.370662,210.460180,210.501154,210.634088,210.693899,210.877772,210.878735,210.969199,210.997958,221.637621,230.425867,234.617077,241.388322,241.553666,241.592367,241.682372,241.722473,251.319006,251.434145,251.493436,251.525726,251.556982,251.586656,251.592270,251.606768,251.634848,251.691264,251.898423,251.941463,251.947588,251.993692,252.030145,252.090648,252.120537,252.122999,252.144658,252.183123,252.290787,252.307844,252.437272,252.488184,272.592134,280.150937,298.433054,308.920064,325.891851,349.392623,350.203378,353.709843,353.743873","1,7,0,0,7,3,4,5,2,4,0,1,7,2,4,4,4,7,1,6,2,6,5,0,1,6,2,4,2,4,5,6,2,4,5,0,1,7,7,6,1,0,2,4,4,5,5,1,7,3,3,6,2,4,3,5,6,2,4,5,0,0,1,7,3,7,1,3,6,6,2,0,0,3,5,2,3,4,5,0",1
"10.182415,10.464649,34.072110,34.199661,49.027864,55.590411,85.129404,94.235915,94.237398,94.286118,94.491439,94.526246,94.531429,94.544465,94.555081,94.566582,94.570589,107.392560,112.757923,113.100762,163.479628,166.240622,166.423921,170.160900,179.592821,179.760734,179.938319,179.984745,180.051841,180.059155,180.131326,180.145288,180.166515,180.255625,185.092938,195.226613,195.269891,195.360988,212.252221,229.543673,229.575219,229.720465,229.785328,237.115314,239.095153,240.712370,251.088046,251.236433,266.356557,269.307379,289.400955,323.075122,343.323778,343.347248,343.393810,347.015744,357.609174,357.765678,363.236204,377.148385,378.965590,393.905405,397.702146,397.850935,410.067306,410.096862,410.248244,410.403355,415.398893,433.200567,441.241652,441.350681,442.872361,442.953593,443.188771,448.084775,465.099639,465.682052,465.871628,469.292701","0,1,6,2,6,4,0,4,5,0,1,7,3,3,6,3,6,2,6,2,5,7,3,6,1,7,3,6,6,2,4,5,2,4,7,4,5,5,1,7,3,3,6,0,4,1,7,3,6,5,2,1,3,6,6,3,7,3,6,7,4,5,4,6,7,3,6,3,1,5,4,5,1,7,3,5,2,6,2,5",1
"8.431274,17.892490,17.909576,17.993624,18.018479,18.025155,18.033847,18.064953,18.069775,18.153304,18.184552,18.417905,18.421664,18.432881,18.447827,18.460090,18.465245,18.468317,18.573655,18.578761,18.698877,18.797254,18.847900,18.894094,18.905873,19.224451,22.634601,22.719265,41.887061,50.987349,63.316178,63.356820,63.491227,63.540788,63.550069,63.587959,63.710184,63.808431,63.876047,70.075297,70.105396,70.270253,74.789750,81.189398,89.319306,92.867072,98.025052,98.041303,98.069749,98.097940,98.185081,98.214528,146.912738,146.914288,146.968516,146.999721,147.023098,147.078227,159.668744,159.867568,161.665785,187.573121,222.556303,235.957803,243.138459,257.112635,270.383860,270.388550,270.425876,270.521741,270.546382,270.577492,270.677247,270.739149,271.381672,271.495551,271.503039,272.590998,274.611627,274.677923","4,2,4,1,4,7,3,4,3,6,2,5,0,5,0,1,0,0,1,7,1,7,3,6,2,4,5,0,7,2,6,2,4,5,0,5,0,1,7,1,7,3,7,4,7,2,1,7,7,3,6,6,0,1,7,3,7,1,7,3,5,5,1,6,4,3,1,7,7,7,3,3,6,3,0,1,1,2,7,3",1
"12.167003,28.890997,44.709369,45.293986,45.329324,45.661801,45.744058,47.460010,52.019846,52.030401,75.400738,82.931130,102.190765,102.219652,102.313130,108.946625,108.971388,109.071449,109.136221,109.445047,109.517121,109.522634,109.532324,109.548263,109.566777,109.574855,109.578064,109.606880,109.669299,109.718723,109.755689,115.230825,130.065804,150.811642,150.819838,150.821701,150.860791,150.889296,151.022200,151.109663,151.118461,151.157134,151.170037,158.745551,178.786396,185.842157,194.006902,198.864715,198.948476,199.028705,199.034904,199.091857,199.175743,199.298838,199.300199,199.348649,199.358152,199.713172,209.123180,209.142418,221.456192,228.368458,247.409639,247.444683,247.497798,247.529027,247.644717,247.701138,247.731974,247.845972,247.939286,248.513524,281.051455,295.273028,297.927022,333.350217,333.354328,333.432896,333.469800,333.474881","5,4,0,5,0,1,7,1,3,6,4,4,3,6,2,2,4,1,7,3,6,6,2,6,4,2,4,4,5,5,5,3,1,5,0,1,7,1,7,3,6,3,6,2,0,2,4,0,1,7,1,3,7,6,2,2,4,5,2,4,2,5,6,2,4,5,2,4,0,1,7,3,1,4,3,1,7,7,3,3",1
"15.645102,15.811847,15.851984,15.873680,15.874445,15.919704,16.053743,26.938764,27.088380,27.163332,44.008292,55.225322,55.277569,55.323519,61.638517,61.983346,115.856630,116.060651,116.086323,116.120205,121.822191,138.391510,138.418763,138.506237,138.517206,138.517712,138.518106,138.525433,138.538068,138.590851,138.666312,138.734865,141.193693,141.248822,141.261377,141.265505,171.224109,195.118390,195.139485,212.913248,238.956594,239.071895,240.217598,245.088919,248.122901,248.196890,292.375742,292.392543,292.467669,292.779498,302.755762,307.879322,309.113151,321.406785,321.654229,322.223191,322.291291,341.197990,341.238752,341.277737,341.289259,341.377568,341.520895,347.456414,351.951332,352.066597,359.564380,370.109265,376.135778,377.045572,377.393485,377.416298,378.913696,379.094701,379.107833,379.143597,379.215529,379.225084,379.328130,379.370873","2,4,4,5,5,0,0,3,6,2,1,2,4,5,3,3,1,7,3,3,2,6,2,4,5,5,5,0,1,0,7,4,7,3,6,2,1,4,5,0,0,1,7,1,2,4,2,4,5,5,4,7,3,1,7,6,2,4,5,0,0,5,0,1,7,4,4,4,6,3,6,2,5,6,2,4,5,0,2,4",1
"26.996530,57.868345,57.903246,64.969619,65.142220,79.854730,79.890563,79.916560,118.282226,118.285191,118.321778,118.344717,118.572700,122.221784,133.616367,134.664896,134.774729,163.756771,164.451601,164.489572,176.561609,193.708005,194.147142,194.295792,208.566996,208.732739,208.847300,209.094745,209.098965,209.247243,210.287304,210.413264,210.425480,223.632292,229.631495,229.641906,229.647139,243.805999,243.818611,243.824596,243.919457,243.920651,243.935656,243.938879,243.971564,243.995232,244.011466,244.067404,244.075119,244.100499,252.121680,265.280000,269.949592,269.969963,269.970985,276.444146,276.458098,276.480434,276.526600,276.626003,283.745291,283.917597,283.984011,284.054958,284.123492,284.138334,284.140018,284.154354,284.211033,284.268827,284.287967,306.434134,311.062634,311.130352,339.753780,344.080328,364.002084,387.179018,387.465825,393.752832","3,0,1,2,4,4,5,5,0,1,1,7,1,5,2,0,1,2,4,5,3,3,6,2,3,6,6,2,4,4,6,2,4,2,3,6,6,2,4,5,4,5,0,5,0,4,0,1,1,0,5,6,0,1,7,6,2,4,2,5,3,6,2,4,5,5,0,1,0,1,1,0,6,2,3,0,7,3,6,0",1
"7.170639,7.210178,23.181233,23.257313,35.953362,39.155468,47.433787,47.435685,47.460393,47.460646,47.494391,47.540164,47.641961,47.647503,47.724110,47.746341,47.752742,47.752863,47.802399,47.992002,52.540605,54.329038,63.601548,63.683440,114.036095,121.683756,123.902747,128.105670,150.112142,157.308724,157.553442,183.565606,189.915034,214.486335,226.859326,227.713712,227.732803,227.923145,243.637576,271.731481,271.737311,279.354068,302.837161,344.383840,351.518529,370.907861,371.076264,374.069990,374.103712,383.386958,395.805441,395.823168,395.828134,395.919072,404.469986,406.911104,411.398479,414.137425,415.009788,429.954040,430.096829,430.120355,446.804066,446.938847,455.203121,472.866428,475.905077,480.950115,495.179056,495.181511,495.206777,511.998141,554.090118,555.213965,555.262238,555.295744,555.322709,555.374535,555.503620,571.571733","4,5,3,6,5,3,4,5,5,0,5,1,7,3,7,3,6,2,6,6,7,7,7,3,0,4,2,1,2,1,7,4,4,7,7,2,4,4,5,0,1,7,5,5,7,7,3,3,6,6,4,5,5,0,5,3,0,2,3,2,4,5,4,5,5,7,7,3,6,2,4,4,3,7,3,3,6,6,2,1",1
"0.425370,0.481898,16.348366,16.389133,16.425887,16.610250,16.953130,51.825549,53.437791,53.607703,53.608571,53.891522,53.918753,107.111174,107.142981,119.937820,134.003978,134.022280,181.916016,207.659797,209.018426,209.061328,209.157868,209.386130,209.749512,229.322060,231.252460,235.201616,243.726847,254.155870,262.330394,262.448852,262.467035,262.468023,262.522017,262.551441,262.884817,291.833013,319.269214,319.288545,346.813753,346.867183,346.878017,346.900808,346.929368,346.993640,372.174096,372.179493,372.248349,372.251691,372.308124,372.327372,372.359860,372.387587,372.413908,372.442352,372.616924,372.689221,372.695461,372.775266,372.783361,378.486183,389.818501,389.818715,389.869148,390.065228,394.479234,394.493420,394.580920,440.098253,440.132263,440.142775,440.239949,440.266186,440.433002,440.443650,440.482286,440.495978,440.501399,440.567563","7,3,7,3,6,2,0,2,0,1,7,1,3,4,5,2,1,7,4,2,2,4,5,5,0,6,2,4,3,6,3,6,2,4,2,4,4,1,3,6,0,1,7,3,6,7,7,3,6,3,2,4,5,5,0,0,1,7,3,3,6,7,4,5,5,5,3,0,6,1,7,3,3,3,6,2,2,4,5,4",1
"12.988286,57.227100,57.381769,57.478346,79.168816,96.833858,98.247595,122.443553,122.483695,122.507392,124.141531,146.724753,146.795473,146.800534,146.838229,146.991322,147.053508,147.056640,147.182678,147.200127,147.243391,147.380819,162.044866,164.328160,175.157282,175.178936,175.199134,175.252525,175.261879,175.277276,175.291210,175.348035,175.391651,175.723161,175.728828,175.831769,175.854330,181.399110,181.430544,181.488456,181.569031,181.695012,184.726407,184.798384,184.836850,184.857669,184.898824,185.001989,210.843078,210.846552,227.974080,228.418672,228.432398,239.296306,266.893092,267.005633,280.583041,280.588283,280.626327,284.454889,316.411877,338.234362,359.597429,360.314673,382.297250,382.312804,382.324370,382.447141,382.490800,382.491004,382.543801,382.544095,382.568045,382.653836,382.671100,382.677297,382.789479,382.790583,382.988733,383.001222","6,0,1,7,4,0,5,0,1,7,5,1,7,7,3,6,2,4,3,6,2,2,4,1,7,3,6,6,2,2,4,5,5,0,1,7,1,0,1,1,7,7,2,4,5,5,0,1,3,6,5,0,1,5,7,3,7,3,6,5,3,2,7,1,7,3,6,6,2,4,5,0,6,2,2,4,1,5,0,1",1
"4.303574,4.325900,43.491623,45.381042,74.293433,74.350487,74.638454,74.638951,74.675247,86.965100,86.979215,86.981973,86.985155,87.172224,87.405541,109.221885,110.420731,111.546660,116.422840,116.706377,124.396883,124.458089,124.534444,124.761400,124.762235,130.547294,157.059668,157.083483,157.334034,167.444997,184.005293,184.009385,184.035952,188.841813,216.794950,216.985257,217.977500,222.284652,222.289679,222.364596,222.411141,222.428591,222.463722,222.485395,222.663760,286.396072,286.432168,286.479576,286.570543,286.583863,286.613109,286.624318,290.278073,290.358174,298.994870,299.179423,317.253840,317.500342,319.440022,319.545916,324.983463,326.964294,328.967788,328.973318,343.080653,343.300923,343.304916,409.123759,411.300502,467.918896,487.921283,488.068875,495.230518,495.243044,495.354705,499.022470,499.174697,499.558586,499.568831,527.267473","0,1,7,4,1,7,1,7,3,5,0,0,1,7,3,6,2,0,5,0,2,4,4,5,0,6,0,1,7,2,5,0,0,6,4,5,7,0,1,1,7,3,7,5,3,1,7,7,3,6,6,2,7,3,4,5,2,4,4,5,5,4,4,5,1,7,3,7,6,7,0,1,6,2,4,3,6,4,5,3",1
"1.910094,10.889969,13.256143,13.484406,17.830846,17.857436,18.057793,18.066575,18.089130,27.638194,27.662818,28.011265,70.849055,70.858735,70.869028,70.875533,70.879850,70.961922,71.045396,71.197209,71.233788,71.298676,78.274680,78.309730,78.346715,78.346718,78.469562,93.166684,96.132071,143.327363,143.503249,143.511066,143.534749,167.503890,173.397707,184.444693,207.450899,210.057855,226.525461,252.617711,252.662011,252.705375,252.790514,275.780601,275.945346,281.782888,295.901431,296.044875,296.046181,296.697233,318.472905,332.700005,352.133153,355.486676,360.648112,360.663238,360.695756,360.777338,360.828429,360.846069,361.108601,376.993610,377.045003,377.116662,380.437937,393.596856,393.677102,398.447313,398.469743,398.530385,398.644755,398.652654,398.662770,398.697601,398.716011,399.869970,413.782728,457.962214,458.020540,458.042834","7,0,7,3,1,7,3,6,6,1,7,3,2,4,4,5,5,5,0,5,0,1,7,3,3,6,7,3,3,5,0,1,1,6,0,0,1,0,2,6,2,2,2,2,4,7,2,4,5,4,7,5,7,2,4,5,0,1,1,7,0,0,1,1,2,5,0,5,0,1,1,7,3,7,3,0,3,6,2,4",1
"17.469953,17.486079,17.562342,19.426170,19.450294,19.515609,35.440284,35.621532,35.848732,67.694535,67.755801,84.066964,93.159526,94.474465,100.526685,100.565845,100.605982,100.616903,100.692399,100.706218,100.758902,105.262373,108.349122,108.429572,108.456903,137.696337,154.517063,154.549947,154.567986,154.666474,155.113397,155.158180,155.168985,155.321925,155.361570,155.370119,155.377331,155.521290,155.611412,155.673979,155.773085,155.905817,155.911712,163.961785,163.971491,164.063378,164.125510,166.542595,202.768429,202.902348,203.007812,203.018512,205.455007,213.252210,213.437935,226.977276,227.099332,227.254700,227.342020,227.354201,227.386406,227.448886,227.487698,227.514695,245.549627,245.627069,245.660349,245.967842,245.977866,245.981062,245.993274,246.074163,246.114465,246.124414,246.144240,249.977484,250.113869,250.246331,253.130779,253.188166","7,3,6,2,4,4,7,3,6,2,4,2,3,6,2,4,4,5,5,5,0,3,4,5,5,7,3,6,2,2,0,1,1,7,7,7,7,3,3,6,2,4,5,6,2,2,4,4,4,5,0,1,6,6,2,7,3,6,2,4,5,4,0,6,3,6,2,4,5,0,5,0,1,0,1,5,0,0,5,0",1
"36.534072,50.621836,50.693563,50.838464,89.738490,98.039355,127.623853,127.630881,127.721928,127.796383,127.875593,127.964114,156.868172,166.343115,173.994677,179.060696,179.189505,179.682057,179.719765,179.786485,179.894354,179.987706,179.996663,180.013035,180.022078,180.034980,180.090878,180.106246,180.128597,180.165349,180.186933,180.196598,180.216301,180.238880,180.240629,180.288058,180.348186,180.583439,180.865202,180.888560,181.287736,181.291725,181.350494,184.511815,188.483274,188.661140,188.665442,188.686883,197.557315,198.052909,198.133271,198.240697,198.267546,216.690248,221.517987,221.618701,253.579014,255.348593,255.370564,255.420016,255.426605,260.280146,263.979528,264.015716,265.865157,266.054487,266.095380,268.274363,268.298636,272.456939,275.347696,275.433218,275.521883,280.989175,281.158919,281.208910,281.481815,289.760098,309.965738,310.159414","6,4,5,5,4,3,2,4,5,0,1,7,6,2,4,5,0,6,2,4,5,0,0,1,1,7,3,1,4,3,1,7,6,3,6,2,2,7,3,6,2,4,5,0,5,0,1,7,1,0,1,1,7,2,7,3,4,7,3,6,3,7,3,6,6,2,2,2,4,6,2,4,4,2,4,5,5,2,7,3",1
"12.389916,71.436094,71.458514,71.500931,71.505063,76.307700,93.099986,95.147288,96.593222,117.872264,117.885938,117.895788,124.261708,126.955457,127.195940,127.242214,127.274143,127.298028,127.422329,127.476497,127.580927,136.183237,136.310495,183.427331,189.244232,190.986571,231.000990,231.110310,231.147244,231.283460,243.781368,243.804701,243.862968,247.816593,344.910654,347.449805,347.870270,348.054437,348.398592,364.684299,385.293167,391.515861,391.569423,391.621389,391.648091,391.712860,406.649464,443.402540,450.073317,470.622347,470.651204,470.668812,470.671268,470.700019,470.918680,471.091489,471.233695,543.933262,544.028995,557.311500,601.167458,625.946168,626.002310,626.927108,627.151361,627.320007,627.322566,627.453830,627.467089,627.472736,627.486947,627.524340,627.535589,648.666392,648.667957,648.685912,648.719064,657.595897,657.672019,657.778135","3,5,0,1,7,0,5,3,7,2,4,5,1,7,3,6,2,2,6,2,4,4,5,5,0,2,3,6,2,2,0,1,1,5,6,2,1,7,5,6,5,1,7,3,6,2,2,1,0,2,4,5,0,5,1,7,3,3,6,4,2,1,7,2,4,5,0,1,7,3,3,0,7,2,4,4,5,7,3,6",1
"5.340499,5.407613,5.410067,5.436515,5.468974,27.601225,27.624747,51.607074,51.633495,66.282280,78.268373,78.277718,78.323956,78.344626,78.361899,78.379185,78.448816,78.450747,78.452420,78.504251,78.513490,78.549553,78.686307,81.028851,83.854373,94.009993,94.043536,94.172513,94.215082,100.927319,108.069452,109.858914,109.864586,109.904063,110.005299,113.328749,113.335452,113.371581,113.490578,113.678143,121.341886,121.403824,130.798113,130.954510,142.133704,163.980332,163.986174,167.267954,174.398315,174.423958,174.438824,174.484262,177.304550,193.137759,193.188024,193.191826,193.201422,193.205214,193.262144,193.375554,193.386949,193.418232,193.513236,198.238267,209.011223,233.557395,233.697739,233.762396,234.012705,240.026583,240.156385,240.229714,240.257768,240.262521,247.963481,258.226663,258.322087,286.433647,286.586307,286.725199","3,6,2,2,4,5,0,2,4,1,5,0,1,1,1,7,7,7,7,3,7,7,7,6,5,2,4,5,4,7,3,2,4,5,5,2,4,5,5,0,4,5,7,3,4,1,7,1,3,6,2,6,5,0,1,1,7,3,7,1,7,3,6,6,0,7,3,6,6,6,2,4,5,0,3,3,6,1,7,7",1
"6.942226,14.124596,14.296313,14.428380,14.483224,26.868791,27.027013,27.125703,27.523169,27.618139,37.075065,47.859177,51.788133,51.840137,62.885914,79.268731,79.272174,83.903581,101.004872,101.013328,111.228185,149.999002,150.017539,150.072091,150.274112,171.554485,171.586383,171.634668,171.739736,171.855127,171.865510,171.887890,171.930265,171.980711,171.990735,171.991698,171.992284,171.994562,172.076281,172.099339,172.102126,172.136664,172.154981,172.159281,172.165191,172.230853,172.232905,172.237954,172.263030,172.298832,172.347921,174.727679,182.934073,184.080233,184.134537,201.545758,223.228346,227.211566,227.220439,227.339696,234.880790,234.894014,234.904519,234.989038,235.092401,235.096294,235.100193,235.101935,235.119281,235.178471,237.432266,245.119228,247.902181,266.090181,307.437763,328.467203,328.597579,328.678976,328.721323,328.728533","5,3,6,2,4,6,2,4,4,5,5,1,2,4,0,7,3,7,4,5,2,5,0,0,1,6,2,2,4,4,5,5,5,0,0,1,0,7,5,3,6,3,6,6,1,2,4,7,3,4,6,6,5,4,5,4,6,4,5,5,2,1,7,7,4,5,0,1,5,7,0,0,3,0,3,0,1,7,3,6",1
"3.379712,6.953316,52.817794,52.928450,53.042410,53.053191,53.116381,53.138079,53.217309,56.872472,57.690382,57.720307,73.508650,73.553837,73.733892,73.738071,78.837342,78.935888,94.793774,106.204210,106.393813,106.445795,109.159344,134.234243,134.256396,139.865142,147.518794,174.865854,177.299995,187.880082,220.599712,220.635466,220.668680,220.746478,220.750140,220.859951,220.887345,220.904537,221.120311,232.589860,251.483779,258.745027,258.769849,299.158525,299.226964,299.237502,311.812567,315.783491,316.142069,318.140018,318.154503,333.098010,345.076158,345.179044,345.194897,345.276716,345.356783,345.406867,404.364025,407.205727,419.570509,419.629368,467.468953,467.700300,468.232184,468.412580,468.529492,475.677650,475.824784,490.563768,493.796237,493.918078,493.941267,493.959237,493.983018,494.100933,500.225726,500.237597,500.364093,500.380488","5,1,3,6,2,6,4,5,5,4,4,5,7,3,3,6,4,5,1,2,4,5,4,6,2,3,2,7,3,2,3,6,2,4,2,4,2,4,5,4,0,3,6,7,3,6,2,1,7,3,6,5,3,6,2,2,4,5,6,6,0,1,5,2,2,4,5,0,1,0,6,2,4,4,5,5,0,1,1,7",1
"4.667268,16.807293,16.977512,38.540464,55.315518,62.319871,62.337665,62.416103,62.468663,62.503986,62.516754,62.591612,62.794994,62.888136,62.889233,62.931628,79.519684,83.264381,90.206136,90.208496,90.248020,90.251479,90.273321,109.109589,127.206477,127.300777,127.384056,127.427313,146.983298,149.487646,149.515214,149.587931,151.826185,151.842412,151.881481,151.891245,151.891251,151.991940,152.001210,152.005951,158.095144,158.158427,158.234761,158.247016,170.836026,177.444697,182.053098,195.035435,196.576910,196.580981,196.604989,196.613342,206.005386,212.993214,232.588601,246.100063,246.135882,246.141705,251.823026,251.916158,251.942733,251.989709,252.211356,252.458860,252.475503,279.841922,279.885725,279.909114,279.925499,280.052287,280.585113,280.646838,301.647672,315.244571,315.298743,315.299288,315.329090,315.341512,315.351389,315.370936","2,0,1,1,5,0,1,1,7,7,7,3,6,2,4,4,6,7,1,7,7,7,7,1,2,4,5,5,2,4,5,5,0,1,7,1,3,7,6,2,2,4,4,5,5,4,5,5,6,2,2,4,1,7,5,3,6,6,0,1,7,3,6,2,4,3,6,6,6,2,7,3,0,6,2,4,5,2,4,4",1
"36.471068,43.325969,43.352546,43.430617,43.459870,86.927071,100.264966,104.763554,123.282511,123.434320,123.467830,127.387547,147.030789,149.213798,160.004705,165.717864,165.806197,165.909660,182.593047,190.587535,196.042432,197.780739,212.764565,212.817606,212.836534,212.849129,212.854239,212.857444,212.858039,212.893069,212.973046,213.004514,213.016948,213.129931,213.133708,213.199035,224.146191,224.158242,224.662634,260.552638,260.559473,260.636405,260.661762,260.707424,260.721265,260.752911,260.765600,260.838582,260.845596,271.905328,283.255036,288.148526,290.868783,290.954505,292.691280,292.764559,292.791085,292.800944,292.828902,292.829627,292.857373,292.865183,292.899265,292.913054,292.929036,292.997396,292.997908,292.999971,293.039061,293.066569,293.119907,293.223433,293.236509,298.262375,298.418368,298.483974,298.602723,334.285472,334.373383,334.380272","1,3,6,6,6,3,3,3,7,3,6,0,5,5,6,7,3,6,1,4,1,3,0,1,7,3,3,6,1,6,2,3,3,6,4,2,0,1,7,5,0,1,7,7,3,3,3,6,2,0,6,4,7,3,3,6,2,2,2,4,4,4,5,4,4,5,5,0,0,5,0,1,4,2,4,5,5,6,2,4",1
"0.032905,29.702110,29.717219,29.788177,29.792655,59.077482,99.054116,99.633587,99.722060,106.562129,114.211240,119.822869,119.844564,119.910748,120.041916,120.129249,124.018373,124.069567,124.132599,124.209774,124.247411,124.251915,132.565646,146.624402,146.721695,147.039107,147.084245,165.836764,166.040584,166.210983,166.256121,166.267405,166.269236,166.272985,166.315961,166.359685,166.391236,166.501512,166.594146,166.597644,166.909647,167.037328,181.750134,181.886445,195.304222,196.923712,206.158028,206.168680,206.305510,206.324769,206.337286,206.362915,206.375608,206.386189,206.397613,206.533102,206.582439,208.449175,208.863740,225.181577,248.879632,253.869255,254.514371,266.724073,296.353724,330.472195,340.104020,347.199958,347.203794,347.367730,372.924256,372.946107,434.483151,434.490349,436.153661,447.482975,447.630864,447.670352,447.675837,447.789573","0,4,5,0,5,4,7,3,6,3,0,1,7,7,3,6,6,2,2,4,4,5,5,1,7,3,6,0,1,7,7,3,3,6,6,6,2,2,2,4,1,7,4,6,5,0,5,0,1,1,1,5,7,3,7,7,3,5,1,5,6,2,4,1,4,5,6,1,7,7,0,1,1,7,1,3,6,2,6,2",1
"9.098506,9.123424,47.941427,48.100282,48.102290,48.208112,81.845689,82.047258,86.560932,86.618194,86.749386,86.753410,86.878284,86.906597,86.959252,86.982445,87.030485,87.035537,87.043129,87.053332,87.101743,98.549581,103.639785,104.008036,104.058423,104.091091,104.127879,128.372464,139.723553,139.752600,139.877519,139.939011,139.986112,140.347557,145.946106,171.097805,182.541455,193.337715,193.357140,193.357261,193.396936,199.998199,203.953619,203.976494,204.037716,220.212822,238.745585,238.774876,238.800063,250.672885,250.734308,250.784220,250.807409,250.864588,250.866167,253.474540,253.539024,271.294793,272.220163,272.220365,272.226663,279.542289,297.550176,297.697579,305.326466,305.364395,313.720045,313.749203,313.797850,313.880520,351.021197,357.970450,358.201759,361.528493,361.538497,361.574034,361.599125,361.618045,361.691688,361.714899","4,5,7,3,6,2,0,2,0,2,4,5,0,0,0,1,7,3,7,7,3,4,3,0,1,1,7,0,4,5,0,1,7,0,7,3,3,4,5,5,5,7,3,6,2,7,1,7,3,6,2,4,5,5,0,7,3,5,5,0,1,7,1,7,5,0,7,3,3,6,3,5,0,7,3,6,2,2,4,5",1
"4.910350,5.035073,23.299180,29.931858,30.171992,33.739926,36.303370,36.303546,36.310440,36.318639,36.342118,36.345064,36.385785,36.389531,36.410336,36.412212,36.464389,36.505169,36.514074,36.587417,36.630888,59.028237,59.033537,59.083823,60.015297,60.116324,60.428192,60.620643,60.632220,60.651393,60.684476,60.717464,77.656043,86.131268,86.169365,86.375448,119.159714,119.172614,119.287932,122.025981,122.233615,142.570647,142.705800,142.710603,142.752342,142.771933,142.777165,142.863104,142.934999,143.016797,157.347474,171.008329,171.025624,171.028573,171.049847,171.142150,171.169002,171.321916,198.964172,199.034958,206.607982,224.569346,224.694089,224.745338,224.787247,224.790903,231.226742,231.235644,231.252810,231.269638,231.279689,231.289960,231.373664,231.374499,231.381215,231.397211,231.401747,231.419962,231.429618,231.474773","3,6,5,2,4,7,7,3,3,6,2,6,5,2,0,2,1,2,1,7,3,3,6,2,0,1,7,3,6,6,2,4,3,5,0,1,6,2,4,1,7,4,5,5,0,1,7,3,6,2,7,7,3,3,6,6,2,2,3,6,7,0,1,7,7,3,2,4,5,5,0,4,0,1,1,7,1,7,1,7",1
"1.005487,1.087338,14.967252,15.033172,43.403671,43.411946,43.482806,43.506677,43.507903,43.719674,58.248583,58.286100,58.297765,58.310206,58.364731,58.429094,58.449808,58.487815,65.003973,65.031341,65.140629,65.250884,66.462185,80.835487,105.662317,105.813227,124.517398,124.523876,134.380887,134.525278,138.291360,138.394439,159.104196,159.162271,159.291344,159.300420,159.330192,159.341055,159.380143,159.420693,161.739070,161.893804,162.000093,162.062678,162.090447,162.167349,164.315763,181.295066,194.092190,216.350835,220.376280,220.673982,224.307162,224.313827,224.365020,224.376375,224.404865,224.407860,224.416015,224.426764,224.468156,224.511868,224.517269,257.733160,257.806962,257.908086,258.404552,258.448529,258.586467,263.240953,269.038615,272.902994,272.957022,272.972722,273.214538,273.232343,273.519289,273.580133,273.773224,273.805134","4,5,4,5,4,5,0,0,5,1,7,3,6,2,6,2,2,4,6,2,4,4,1,7,1,7,1,7,4,5,2,4,5,0,0,1,1,7,7,7,6,2,4,4,5,5,4,6,1,2,4,7,3,6,2,2,4,4,5,0,5,5,0,7,3,6,3,6,2,5,3,4,5,0,1,7,3,6,6,2",1
"2.869393,8.789982,8.859798,9.029246,9.038913,9.122033,9.145380,9.377420,16.625776,16.669633,16.720480,16.875463,16.894053,16.948014,29.209080,29.264199,29.461410,29.498118,29.516915,29.533231,29.568524,29.712769,33.039826,42.093888,42.162177,42.645486,42.912283,42.913797,42.933444,42.964418,42.968200,43.034194,43.049525,43.212027,43.242142,44.577714,51.415093,52.559185,52.603504,52.614985,52.617038,52.668424,52.669564,52.674338,52.706647,52.766332,52.811862,52.928529,52.930144,52.938009,52.955094,52.957640,52.972052,52.983161,52.995132,53.004714,53.016005,53.038859,53.058463,53.059274,53.073823,53.077309,53.115577,53.133440,53.181860,53.190956,53.225111,53.293395,53.334994,53.349259,53.365595,53.390762,53.453577,53.475243,53.556369,53.573123,53.669487,53.723185,53.776433,53.778834","1,7,3,6,2,4,2,5,0,1,7,3,3,6,7,3,3,3,6,2,4,6,0,7,3,1,7,3,3,3,6,6,6,2,4,2,3,4,5,0,0,0,0,0,1,1,5,7,3,6,7,2,3,2,4,6,2,4,5,4,0,1,0,7,1,5,7,3,0,6,5,5,1,1,7,3,7,0,3,6",1
"2.090286,20.133171,20.173735,20.359896,20.413239,20.556353,41.827392,46.773233,46.799971,71.952315,79.089108,87.080115,87.090491,87.092993,89.112558,89.152301,89.219124,89.262672,89.309824,89.422135,89.433172,89.454536,89.503718,89.521200,89.526245,89.527121,89.548340,89.569050,89.573220,89.656070,89.973859,94.857308,102.721168,130.957881,134.016937,135.695999,135.833321,136.009433,143.148456,160.223149,164.583051,164.662004,164.752907,164.779559,167.546986,167.552240,167.618862,167.647584,167.767578,168.033744,173.773642,173.793090,224.349468,224.390265,242.837676,259.524969,260.504545,260.587604,260.589424,260.599504,260.630490,260.639330,260.702173,260.829870,261.108054,275.850938,277.555020,361.286268,361.562675,361.619117,364.560400,371.729200,379.404529,379.426368,379.497946,382.218574,382.229172,382.237165,382.331547,403.087706","7,5,0,1,1,1,6,2,4,4,7,1,7,7,3,6,6,6,2,4,5,0,0,4,1,7,3,5,1,7,7,5,6,5,4,4,5,0,0,6,7,3,6,2,1,7,3,7,3,3,0,1,3,6,2,2,6,2,4,4,5,4,5,0,2,5,6,2,4,5,7,2,4,5,5,4,5,5,5,4",1
"18.146517,18.229192,18.298972,19.111126,42.910265,47.346307,52.815458,52.841560,52.842082,52.848800,52.857406,52.896711,67.646736,67.673795,67.765012,67.791300,87.654939,95.948986,98.610809,105.445222,108.109471,128.941688,133.114935,133.144352,133.178722,133.193494,133.683749,136.567376,149.229557,185.894201,185.987143,186.006929,186.010314,186.044237,186.047782,186.057919,186.057960,186.060744,186.092772,186.100598,186.107908,186.116582,186.140988,186.160774,186.176926,186.185853,186.188528,186.216920,186.226879,186.242258,186.265124,186.286311,186.348567,186.388639,186.450771,186.456592,186.474633,186.497725,186.507992,186.509853,186.747610,192.609083,193.297262,193.368344,193.382123,193.555102,228.763593,228.766621,257.131665,257.148840,257.171632,257.220026,257.259196,261.505151,261.716829,266.359384,270.025484,270.079481,270.097785,270.312765","2,4,5,4,2,1,3,6,2,2,4,4,4,0,1,7,0,1,0,0,2,5,0,1,7,1,3,3,1,5,0,1,1,1,1,1,7,7,3,6,7,1,6,7,3,7,3,2,4,2,7,3,5,6,2,0,0,3,6,4,2,2,7,3,6,2,3,6,4,5,5,0,1,2,4,0,5,0,0,1",1
"19.798201,19.937910,20.114115,20.404224,20.493253,20.566251,39.225009,39.228176,43.868813,51.423845,52.943586,53.009643,53.033316,53.073401,53.083487,90.238666,90.282122,90.326338,90.332899,90.351957,90.361658,90.400949,90.402552,90.439023,90.457383,90.488004,90.493169,90.520584,90.579159,90.610099,90.617802,90.662105,149.924021,151.551883,169.015507,182.139534,188.644347,188.746029,207.259666,207.962277,226.158683,240.893693,259.192693,259.227349,259.590316,261.229482,264.405560,272.342440,272.353660,272.462356,303.470187,303.476232,303.513438,309.442218,309.450680,309.619179,323.485351,323.496574,323.541140,323.719930,323.777830,342.440131,342.492340,342.501111,342.517736,344.365661,344.454106,350.866652,370.570471,370.762779,370.933141,370.960095,373.622795,391.186358,407.301086,407.497326,410.488090,411.320839,432.662536,435.707851","5,0,1,7,3,6,6,2,5,0,5,0,0,1,1,1,7,3,6,2,4,3,4,5,6,4,5,5,2,2,0,1,1,2,2,7,4,5,3,6,3,5,6,2,4,3,6,2,4,4,0,1,7,0,1,1,2,4,4,5,0,3,6,2,4,0,1,4,5,0,0,1,6,1,3,6,4,5,5,4",1
"0.883678,1.013261,11.278593,50.187312,50.227220,59.600622,59.749706,59.771192,77.311268,77.372438,77.472897,110.345961,115.324382,115.372268,115.384337,115.416446,115.451991,115.771449,126.367607,129.559388,156.836312,163.390113,163.439558,184.667060,186.851864,186.882451,213.191616,213.310842,241.536526,257.783037,258.128173,258.571551,285.813634,285.910072,291.416278,302.318938,302.438231,302.456498,302.511118,309.779226,309.854495,309.872432,309.914766,310.264821,310.329797,310.392374,332.088266,338.205420,342.226993,352.523518,352.524220,352.551930,352.556138,352.556583,352.587407,352.661757,352.675183,352.677858,352.680763,352.722759,352.733017,352.744331,352.748752,352.764312,352.784228,352.825545,352.829853,352.839632,352.860411,352.867448,352.884712,352.897270,352.902234,352.912147,352.913888,352.919269,352.936080,352.956732,352.957094,352.961735","6,2,0,3,6,2,4,5,4,5,5,5,4,5,0,5,1,5,3,3,1,4,5,4,0,1,0,1,4,2,0,3,0,1,6,4,5,5,0,0,1,7,3,6,2,7,4,5,5,7,3,6,3,2,4,5,3,5,3,0,6,2,4,1,5,4,5,6,2,0,7,2,3,4,1,4,4,1,1,5",1
"3.697363,38.814009,58.034937,58.045389,58.075651,58.087425,58.102047,58.104825,58.118385,58.139189,58.182582,58.196796,58.210459,58.268837,58.402295,58.439406,58.447746,58.463989,58.522883,58.530950,58.567190,58.736617,58.842083,61.854047,65.500742,90.408245,90.470255,90.564752,90.640617,90.767487,106.764884,106.788378,106.794056,106.841581,106.861586,106.863021,106.863426,106.864095,106.871281,106.928233,106.933255,106.950382,106.957465,106.958682,106.959873,106.966150,106.972406,106.985966,107.000143,107.011888,107.024296,107.044698,107.217444,107.236570,107.395738,107.403505,110.333529,110.360841,110.363296,138.130145,168.549920,191.521741,194.213088,205.041107,214.273275,228.591793,236.233360,236.538941,255.623513,255.703226,263.745324,263.841590,263.974655,264.037702,309.683274,323.624160,323.656485,323.660026,323.712899,323.820769","1,1,2,4,4,4,4,5,5,5,4,5,4,5,0,0,1,7,7,1,7,3,6,2,0,4,5,5,0,0,0,1,7,7,3,7,3,6,1,6,2,4,2,5,4,6,5,2,5,4,4,5,2,4,4,5,0,1,7,5,7,7,4,5,4,4,1,7,0,1,2,4,5,0,2,0,1,7,7,7",1
"0.616793,14.624713,32.123566,33.849571,62.392416,68.889849,81.309398,87.227325,89.678427,95.364109,95.400719,95.404132,138.971584,138.980140,139.082339,140.933510,153.746971,172.567377,173.958007,210.912285,217.506030,223.106971,228.180078,228.201703,228.223739,232.626951,232.693746,232.741312,232.908039,232.988594,233.314470,233.315697,233.320191,233.338668,235.042771,235.101998,235.141395,235.336886,246.238849,246.735999,268.324716,269.788573,319.538233,319.640607,324.820500,329.725084,329.792701,363.806861,363.885336,363.906425,364.057864,395.930263,396.225841,396.326348,396.366082,404.077072,436.490177,436.964686,436.981607,437.001278,437.011630,437.026201,437.026635,437.042934,437.081137,437.114092,437.117385,437.122413,437.158254,437.163479,437.166579,437.166843,437.171800,437.212521,437.242015,437.699956,442.275673,442.947054,442.981463,442.989505","3,2,3,3,1,1,0,4,6,6,2,2,6,2,2,4,1,5,7,7,2,4,2,4,5,7,3,6,3,2,6,2,2,2,3,6,2,4,6,7,6,4,3,6,2,7,3,6,2,4,5,5,0,1,7,5,2,1,7,3,3,6,2,3,7,6,6,7,6,3,2,2,4,5,6,6,6,3,6,2",1
"8.593089,8.664104,8.774733,8.797691,8.836315,27.003957,27.048424,84.271374,99.398480,105.450986,105.692328,105.743845,105.747779,105.893801,106.024552,106.180929,106.199650,106.223376,106.227468,106.269683,106.283308,106.306718,106.363892,106.367266,106.531143,106.589304,106.650819,106.698547,106.701826,106.703861,106.785485,106.893447,106.952195,106.970507,107.085429,119.158515,132.230465,135.398267,135.939133,135.961560,135.969940,136.004550,138.684760,138.769443,138.944889,163.188048,168.593423,177.363141,182.011121,187.716829,226.526290,229.118553,229.149815,236.270563,245.874567,247.277432,247.491534,247.525709,247.551367,247.577419,247.632466,247.646225,249.417381,271.369074,271.431079,271.456505,271.460645,271.466599,271.484895,271.496700,273.793974,283.107433,283.180654,297.543134,297.579329,297.625906,297.634346,297.678464,298.658398,299.082625","0,1,1,0,7,4,5,0,2,5,0,1,7,3,6,2,4,5,0,1,2,1,7,4,0,1,7,3,3,6,6,2,4,4,5,7,5,1,0,1,7,1,0,1,7,7,4,0,0,1,0,3,6,2,1,0,1,7,3,3,6,7,7,6,2,2,4,5,4,4,1,4,5,0,1,7,3,6,3,5",1
"5.186037,19.979827,19.989876,20.014620,20.050192,20.099252,35.966799,37.041637,37.092717,37.270248,52.518628,52.553400,52.627797,65.047474,90.230331,91.051275,91.084031,96.949910,146.480400,150.759759,150.837322,150.863182,150.910939,150.917286,150.944194,150.966335,150.970494,151.037148,151.069160,151.090504,151.128887,153.008156,160.005011,160.013653,160.047939,160.123914,160.128761,162.388246,167.657232,167.687178,167.726669,178.787327,213.267892,213.491191,213.556920,213.647673,213.657594,213.664182,213.764681,213.879976,220.891742,220.982335,235.425485,237.278280,242.596233,252.516255,252.573945,252.636833,252.692800,252.961584,253.006224,286.493215,286.668926,286.781524,297.347411,298.294510,328.763887,381.751874,389.673300,393.716023,396.409614,402.797845,402.852441,407.346922,419.950785,420.094530,420.119786,430.764336,430.783262,430.795402","7,7,3,3,6,6,7,1,7,7,0,1,1,0,4,4,5,0,2,2,4,5,0,1,5,0,1,1,7,3,6,6,4,5,5,0,1,5,2,4,5,0,4,5,0,1,1,7,3,6,4,5,3,6,1,0,1,1,7,3,6,6,2,4,1,4,2,0,7,2,6,3,6,7,4,5,0,1,7,7",1
"4.208859,4.220005,4.441787,4.512681,10.049973,25.490857,25.497061,25.517714,25.709392,64.969190,72.195741,72.356403,80.870194,80.902463,81.704869,81.710739,82.852473,117.172205,117.212430,117.392364,120.853197,123.453771,123.477931,129.618680,145.599106,145.605364,145.619299,156.796205,156.889161,157.023175,189.418568,197.739686,206.833011,206.956917,207.299006,217.695891,217.849505,217.911216,217.951584,217.954898,217.998633,253.555600,255.106728,255.151889,256.305966,256.309039,256.490493,265.354960,267.028242,267.042070,267.166867,267.272778,267.316170,267.358678,267.381134,267.386370,267.394180,267.429222,267.454161,267.569318,288.521435,294.793727,294.815089,294.975659,295.101143,295.119848,299.250367,299.474981,303.439722,320.293720,320.370577,343.000962,343.017067,350.240629,350.340011,361.479039,370.855608,380.764323,407.600970,417.122313","1,7,3,6,2,0,1,7,3,3,4,5,0,1,7,3,5,4,5,5,4,7,3,5,7,3,3,7,3,6,5,1,4,5,7,0,1,7,7,3,3,1,2,4,1,7,7,1,3,6,2,4,5,0,5,5,0,1,1,1,7,1,7,3,6,2,4,5,1,2,4,7,3,0,1,4,0,6,5,0",1
"11.868862,11.872094,11.926439,12.000383,12.008614,12.025980,12.137978,12.245614,12.272574,12.359610,12.387481,12.391721,12.435419,12.440036,12.451318,12.495419,12.517630,12.519650,12.541440,12.555066,12.629618,12.746481,12.756249,12.769031,12.821828,12.846086,12.878922,49.050562,49.329597,70.200786,83.703702,83.942683,84.101053,84.744159,84.814839,84.827957,84.829874,84.848615,84.857002,84.863328,84.894702,84.896860,84.904865,84.904960,84.918998,84.919859,85.183732,85.212869,85.378724,85.465218,85.491554,85.500834,85.514626,85.518831,85.543993,85.548067,85.554636,85.557120,85.565732,85.668287,85.736458,85.746254,86.084167,86.115861,86.208640,86.342907,114.541292,114.564599,114.601185,126.793579,126.940017,147.441920,147.520762,187.301430,187.628469,187.676528,187.767035,187.782110,187.789346,187.889088","5,0,1,0,7,1,1,7,7,3,1,6,7,6,3,5,2,7,2,3,6,3,2,6,2,6,4,7,3,0,3,6,6,1,7,7,3,3,3,6,6,3,6,6,2,4,2,6,4,5,5,0,0,0,0,0,1,7,1,7,7,3,6,2,4,2,2,4,5,0,1,1,7,0,7,3,6,6,2,4",1
"10.125726,10.142420,10.222066,22.391828,22.402811,22.669320,22.726510,22.728689,22.798068,22.815242,22.849032,22.896005,30.966706,30.996763,31.075407,36.619287,36.690812,36.736598,36.771974,36.778392,36.807603,36.811130,36.897745,36.923258,37.005998,37.028641,37.029862,37.060037,37.105358,37.115036,37.130692,37.159940,37.240409,37.253516,37.279295,37.306741,51.608041,55.448573,55.520157,55.630714,55.654197,55.657007,55.736810,85.102260,101.676951,101.763313,101.947651,119.902730,123.284839,123.379229,124.534669,124.726338,124.742152,129.319086,138.871962,141.592677,153.173126,161.011736,161.056182,169.321800,177.835256,187.434565,192.321051,192.439500,215.580463,219.678216,219.688809,219.808557,241.302455,241.364627,241.373247,241.397136,247.199032,266.432284,274.370143,274.375807,274.380885,274.419385,274.465274,274.471473","7,3,3,6,2,2,4,5,5,0,1,1,7,3,6,3,6,2,4,4,4,5,5,0,6,1,7,2,4,1,5,0,7,3,3,3,1,7,3,3,6,3,6,4,7,3,6,4,7,3,0,5,0,2,2,3,4,1,5,7,5,6,5,0,0,3,7,3,2,4,5,5,7,0,6,2,2,4,5,0",1
"1.313875,13.158059,13.169354,25.765284,32.921347,36.868240,37.032333,37.149438,37.164770,37.403642,40.089118,40.130945,40.137770,40.179031,40.217108,40.255323,40.326537,40.340177,40.372914,40.385002,40.482409,43.307938,43.397500,56.850159,83.012295,83.042808,83.213056,95.039013,137.081976,137.280202,147.037091,147.063074,147.084833,147.148481,147.346661,157.775007,174.383207,174.426422,174.830979,187.380006,187.396120,187.436016,187.476867,187.731772,187.787409,193.252507,198.171411,207.418472,207.443072,207.460376,207.480390,207.527106,207.562072,207.572579,207.597671,207.607442,207.647914,207.658011,207.659110,207.659193,207.666965,207.694541,207.797368,207.886228,211.809236,217.667269,217.841407,217.899860,217.945716,250.665504,250.683274,250.837513,254.456420,254.486030,269.459114,269.476286,269.581419,269.582211,269.621575,269.621957","6,2,4,7,4,3,6,2,2,4,7,3,6,3,6,2,4,2,5,4,5,7,3,3,1,7,7,4,2,4,2,4,5,4,4,2,4,5,0,2,4,4,4,5,0,6,4,0,1,1,7,7,3,7,3,3,3,6,3,3,3,6,2,4,0,4,5,0,0,0,1,1,1,7,1,7,7,3,7,3",1
"21.381909,32.656088,32.657978,32.665666,32.719162,32.726953,33.046528,33.057155,33.102807,37.716619,39.346607,39.367406,39.418109,39.478454,39.534702,39.621621,57.284441,86.871255,86.925877,94.904891,131.712028,131.733629,131.776049,146.447648,152.432261,152.436916,164.433650,169.094710,169.112945,169.133166,169.137300,169.212937,169.244390,169.357663,169.508513,169.532614,169.539153,169.549410,169.557926,187.046471,189.417810,201.379648,201.389501,201.453730,201.649967,202.681056,202.734592,225.171454,225.263055,225.297014,225.337585,237.508682,237.819939,254.688883,256.907868,260.327256,275.834521,275.885006,277.066947,279.786457,280.196156,280.210263,280.344831,280.346075,280.375253,280.390302,280.465127,280.489049,280.531673,280.533399,280.706813,280.754225,280.764942,301.976164,302.052011,302.109807,302.143698,302.155909,302.175284,302.229131","6,0,1,7,3,7,1,7,3,0,0,1,1,7,1,7,6,1,7,3,5,0,1,0,4,5,1,4,5,5,5,5,0,1,7,2,3,6,2,7,4,3,6,2,4,0,1,7,3,6,6,4,5,3,3,5,4,5,6,7,0,1,1,1,7,3,7,3,3,6,2,2,4,5,0,0,0,1,1,7",1
"6.332986,11.300038,26.531818,43.043263,44.618440,44.689064,44.794193,70.188222,76.785006,93.199704,93.243015,100.199775,105.805779,105.830365,112.346689,123.210165,125.696254,131.202702,140.265308,140.646891,140.656001,140.681737,140.830061,155.571885,155.674035,155.710485,167.674897,167.780528,169.766208,169.799025,180.405799,209.482666,209.583245,209.707398,209.808296,216.322228,224.536279,241.580223,247.775965,270.054993,272.113590,274.989016,284.049341,284.100414,284.137525,284.551433,296.971996,296.995459,297.016263,297.018022,297.045016,297.072748,297.073650,297.083826,297.092712,297.119928,297.143578,297.176798,297.199511,297.267918,297.278760,297.284023,297.299700,297.360522,297.376524,297.388589,297.399970,297.413105,307.826812,307.859532,316.719926,316.764450,316.811367,316.849910,316.916023,326.984685,327.758977,327.787405,327.826720,329.670699","2,7,3,2,3,6,6,2,7,3,6,5,4,5,7,6,1,5,3,6,2,2,4,7,3,6,6,2,1,7,1,4,5,0,1,4,2,1,4,2,3,0,3,6,6,3,4,5,0,1,7,0,1,7,1,7,0,7,3,1,7,6,3,6,2,4,4,6,4,5,3,2,4,4,4,3,0,1,2,6",1
"17.543427,17.612016,34.489839,34.781022,43.031919,43.050245,43.198653,56.401125,57.919103,67.407161,67.464289,89.446274,96.123303,96.159918,96.191221,100.917111,105.060748,109.331046,109.350048,109.350432,109.375803,109.446760,109.446968,109.473678,109.482388,109.607065,109.671251,109.673875,109.696987,109.851650,111.401708,112.984831,118.700682,140.803645,186.383726,186.407572,186.607851,186.633247,186.663675,186.717390,186.727274,186.779924,186.839737,194.532253,205.988282,206.003259,206.038584,206.112495,206.311234,213.093382,218.214497,237.318602,259.270673,266.068567,268.500536,268.518079,283.473661,297.344581,297.550217,297.710982,300.525186,300.613622,300.701109,300.726268,300.770495,302.000474,302.047021,302.062006,302.096166,308.482855,313.320704,314.181682,314.283073,342.985086,343.909274,344.026015,344.089983,344.210670,352.745727,376.179404","2,4,1,7,1,7,3,1,3,1,7,7,5,0,1,1,6,5,0,0,0,1,1,7,1,1,7,7,3,3,6,7,4,1,7,3,3,6,6,2,3,6,6,5,5,0,1,1,7,7,1,7,3,5,3,6,7,7,3,6,6,2,4,5,5,0,7,3,3,7,4,0,1,0,7,3,6,6,4,0",1
"9.962260,9.982851,10.095198,51.459861,71.840737,71.895355,71.897728,72.069917,73.648572,73.662998,80.627417,80.819866,116.300338,117.783124,130.520530,157.010059,157.976090,158.350514,167.907015,168.003496,168.025102,168.135634,168.256320,168.360418,168.382324,170.129041,170.170586,178.624109,178.828136,207.985465,243.972778,249.651519,250.060661,250.177626,267.732579,267.845915,287.569928,297.291222,297.395281,297.447825,301.978433,313.005442,313.057615,313.133214,313.146901,313.435993,313.469589,324.327490,352.583577,362.840408,382.202492,388.124962,394.407832,394.539386,394.583045,396.464362,396.492292,396.625305,396.855518,398.725104,398.817843,415.335887,415.373294,415.429628,415.430734,419.323452,419.454423,429.055516,429.535968,429.605313,429.650653,429.928499,433.986538,441.245359,451.918516,451.972756,479.171984,479.216606,479.347543,479.536505","4,5,0,2,2,4,5,5,6,2,3,0,3,3,5,7,1,7,6,2,4,4,5,0,5,1,7,7,3,1,7,3,3,6,4,5,7,3,6,6,3,3,6,2,2,3,6,7,2,3,5,2,0,1,7,7,3,6,2,0,1,1,7,3,6,4,5,0,4,5,5,0,7,0,4,5,7,3,6,2",1
"4.887875,25.502524,25.607925,28.285621,38.133662,38.294463,41.138287,41.151410,49.454213,64.398540,73.788722,73.798252,73.857680,73.864255,102.758887,102.795676,107.872366,114.814247,124.337113,136.900726,136.902831,149.650276,152.756790,170.274286,170.452209,172.500475,200.330673,247.183683,304.104136,333.231750,359.469972,359.490139,403.321594,403.416265,417.808637,417.956339,417.977472,418.024584,418.141190,418.397167,418.481344,444.205672,525.271498,528.784237,528.840387,528.937587,528.954688,551.096559,555.531400,561.579554,561.579865,561.584621,566.571420,566.665482,566.724231,601.800946,646.820060,646.880467,650.130319,650.319975,650.481083,662.729054,680.963006,681.152387,693.593130,699.091255,699.324979,699.337210,723.778231,723.828091,723.838929,723.851729,723.931711,723.987142,723.993395,724.005931,744.640781,771.998422,772.241220,772.350954","4,0,1,4,1,7,3,6,0,3,4,5,0,5,0,1,1,7,1,5,0,1,4,6,2,1,4,1,7,2,1,7,2,4,7,5,0,3,2,4,5,1,0,0,1,7,3,4,2,1,7,7,7,3,3,6,1,7,2,4,4,3,4,5,1,5,0,0,7,3,3,6,6,6,2,2,0,1,7,3",1
"14.628216,40.108224,40.154584,40.177294,40.419721,40.426373,40.447709,40.849314,43.556400,43.564126,43.584211,43.584608,43.636956,47.290182,47.309391,47.465442,56.847266,76.478814,76.497154,76.540820,77.685310,77.777386,89.220892,90.044845,100.710898,124.283085,147.359227,147.436696,147.453010,147.536429,147.698080,164.694226,164.796176,166.278909,167.166677,167.204015,167.212847,167.224334,167.224965,167.245240,167.252626,167.254161,167.302678,167.313879,167.324954,167.341445,167.347677,167.373896,167.397412,167.415025,167.416311,167.512543,167.597457,167.706867,167.747751,179.676925,198.021034,198.101923,198.106625,198.115466,198.239385,198.317510,212.502658,212.511720,212.587098,212.597878,212.605795,223.105128,223.107344,243.133487,243.167370,243.197093,243.377618,261.176932,293.586604,293.619393,302.010398,302.027674,302.055955,302.063460","6,6,2,4,4,5,5,5,1,7,3,7,6,2,4,4,2,2,4,4,2,4,1,6,1,7,0,1,7,7,3,5,0,2,5,0,0,0,1,1,1,7,7,7,0,7,7,7,1,7,3,6,1,7,3,7,7,3,6,6,2,2,2,4,4,5,5,5,0,4,5,5,0,3,7,3,3,6,2,2",1
"51.095529,84.029028,84.075224,84.209768,88.792674,88.950728,88.969162,89.137339,89.161151,90.516109,107.085773,109.593243,111.622944,129.608049,135.235796,135.643569,161.688373,164.819063,164.966726,164.992994,165.059815,165.081695,165.090742,165.167072,165.242953,165.252125,181.175765,181.182193,194.392157,203.974398,204.745676,204.826792,204.859751,204.982042,205.177231,205.340651,205.426360,235.811053,243.463463,243.480966,243.615641,243.845596,243.896557,243.927726,243.930004,243.934298,243.959785,244.007671,244.034269,244.069960,244.126392,244.183462,244.230117,249.679586,261.051072,271.111458,296.250109,299.756339,299.782115,300.005395,300.019314,314.683702,337.305315,337.347450,339.259047,339.286895,344.315909,350.370148,350.397266,350.411625,350.475865,350.521349,354.285917,354.673603,399.676826,430.807810,430.848485,431.217541,431.232745,431.371813","6,5,0,0,4,5,0,0,1,0,0,3,0,7,7,3,1,3,7,3,6,1,7,3,2,6,2,4,2,2,3,6,2,4,5,0,1,7,7,3,6,2,4,5,0,5,1,1,7,1,0,3,6,4,5,0,3,5,0,1,7,2,3,6,2,4,3,0,1,7,3,6,1,4,5,2,4,5,0,1",1
"13.473818,19.005234,21.250526,30.967807,49.768965,49.775548,49.791601,49.824736,50.222923,50.428141,50.456747,50.461143,50.478977,57.537981,57.610994,57.630605,61.170849,120.474448,120.544152,130.184616,130.248533,130.335631,130.463418,134.551073,134.642813,173.590455,176.256613,176.296207,176.372756,176.380925,176.409659,176.421300,176.445341,176.483851,176.607224,176.631299,176.717131,176.753333,178.793324,185.137047,185.184624,185.231792,191.497080,191.676694,227.213596,258.966807,261.404868,292.930403,330.224554,345.606030,345.800912,345.802508,345.807844,345.865719,345.931149,352.534781,369.389798,369.474256,369.549300,369.672634,369.681918,377.651268,380.467230,387.293275,398.107960,398.139646,409.649646,414.893116,414.903653,414.904332,414.918258,414.930527,415.048761,424.025918,433.332586,472.932806,483.784436,483.894515,484.687910,484.784065","6,1,6,5,1,7,3,6,6,2,4,5,0,0,1,1,4,0,1,5,0,0,1,7,3,3,2,4,4,5,5,0,1,1,7,1,7,3,6,0,1,7,4,5,5,0,5,0,5,0,1,7,1,7,7,4,0,1,7,3,6,2,7,1,0,1,2,5,0,1,1,7,0,7,0,2,4,5,5,0",1
"14.581584,14.660812,14.671248,29.488875,37.382896,37.418066,37.452318,37.531555,37.541330,37.635464,37.635796,39.253950,51.137601,51.157048,51.203438,51.218489,51.356259,51.369981,51.372380,51.379413,51.396660,51.492555,63.615456,63.621416,63.654738,63.727444,63.733107,63.771300,63.781087,63.892757,64.021036,64.030347,64.075304,64.096735,64.113901,64.201026,76.343399,82.398658,82.555855,82.596214,82.675114,82.723241,82.906557,83.006643,83.044323,83.069678,83.117047,103.629872,103.664849,105.839026,114.628732,120.030803,120.089214,120.096413,120.157562,123.460912,131.680842,135.932865,136.011429,136.019568,136.034828,143.265449,143.462334,143.470357,143.474633,143.480127,143.492160,143.605866,143.653338,143.665466,144.034068,144.064063,153.237588,156.027539,156.407118,161.188385,168.210684,168.229521,177.236326,181.648683","2,4,4,2,2,4,4,5,0,1,7,3,7,3,3,6,2,4,4,5,4,5,0,1,7,1,7,7,3,3,6,2,4,5,5,0,6,5,0,7,3,1,6,6,2,4,2,5,0,7,1,0,1,7,3,4,4,0,1,7,3,7,3,6,3,2,6,6,6,6,2,4,0,7,3,6,2,4,0,7",1
"9.344449,15.163377,18.489507,18.524708,18.526697,30.419034,37.902807,37.934238,38.006376,38.090341,38.101885,38.119659,38.124457,38.143601,38.149220,38.149508,38.198655,38.237200,38.257361,38.260694,38.264522,38.269660,38.271179,38.276817,38.314878,38.342594,38.418969,38.443394,38.625259,38.642012,38.673371,38.686431,38.695266,38.698655,38.702845,38.742747,38.750199,38.914656,39.084553,53.876097,54.044861,55.282824,55.449103,68.725169,68.964792,71.240341,75.639375,85.858182,88.378228,88.647989,95.595232,95.719536,96.129352,96.271059,96.334781,99.338494,113.588820,114.574855,114.609251,114.651802,114.660784,114.708031,114.714950,114.767348,114.776841,114.781713,114.878558,121.719728,156.415052,156.438917,157.836554,157.928212,172.772317,187.361799,187.465079,199.255241,199.474726,199.482717,199.497870,200.227804","5,6,3,6,2,0,3,6,2,4,2,5,0,4,1,7,4,4,7,3,6,0,6,7,2,2,5,3,6,5,2,0,2,1,7,3,1,0,1,3,7,1,7,0,5,6,0,3,6,2,7,3,2,4,5,1,2,6,2,2,4,4,4,4,5,0,1,3,6,2,4,5,3,7,2,2,3,6,6,0",1
"2.491492,2.543324,2.581443,12.335895,12.374239,12.431757,12.499517,12.558825,54.914168,60.787080,66.004372,69.869867,69.870391,69.872697,69.965198,70.052180,70.116315,70.130997,70.151804,70.175173,70.176203,70.350981,72.463944,72.631641,72.764701,73.100404,80.949312,81.210068,81.295536,81.342370,108.613793,108.694187,113.428179,113.489494,124.353373,124.508837,135.047673,135.331022,148.894584,149.144954,158.509267,158.637927,172.182622,177.106955,184.389326,195.280691,202.286480,202.314940,202.330667,202.341622,202.351203,202.473482,202.477380,202.511471,202.584153,204.523500,254.712488,276.358298,276.369020,276.386535,276.396317,276.427148,276.432133,276.434864,276.445353,276.513666,276.540864,276.551262,276.575266,276.582109,276.602783,276.603137,276.625022,276.677274,276.761994,278.165597,278.331687,278.401351,278.403585,278.529865","6,2,4,4,5,0,5,5,3,2,6,0,1,1,1,7,3,6,2,2,3,4,4,5,0,1,3,6,2,4,5,0,4,5,7,3,3,6,6,2,6,2,4,2,6,2,4,5,5,0,1,0,1,1,7,6,7,4,5,5,0,1,1,7,1,3,3,6,5,6,7,2,2,4,4,4,5,0,1,7",1
"10.702077,10.723219,10.867823,19.690551,34.278346,34.296033,34.423212,64.088563,64.124900,73.380366,73.405316,73.449915,73.498650,73.624731,79.916718,79.995293,80.284446,142.109102,146.543115,153.732699,153.736508,153.745359,153.768922,153.772594,153.810497,160.061331,160.084767,160.087830,160.127991,160.137308,160.180797,160.186605,160.187085,160.192124,160.207015,160.208744,160.292104,160.373422,160.464895,160.547304,160.574693,160.578481,160.737570,160.908259,178.090871,178.166974,178.168978,178.190509,178.218445,178.250037,178.268936,178.390368,200.816162,223.681262,223.688947,223.751814,227.550678,236.272613,243.641860,243.727375,258.528582,258.544310,258.554963,258.586255,258.609159,262.059798,273.637637,290.408192,290.460233,290.490074,290.537115,290.643130,343.736440,343.760742,343.764113,343.764758,343.771971,343.780180,343.846958,343.874227","4,5,0,2,2,4,5,7,3,5,0,1,7,3,4,5,0,2,2,2,4,4,5,5,0,1,7,3,3,3,6,6,6,2,6,2,2,4,5,2,4,5,4,2,5,0,0,1,7,1,7,1,3,2,4,5,6,7,0,1,1,7,7,3,3,2,5,0,1,7,7,3,5,0,1,7,3,7,1,7",1
"0.204771,15.246502,17.544343,17.575359,17.708082,27.359782,27.382385,27.409394,44.006539,44.014771,44.024011,45.950003,46.065135,46.113197,69.482079,69.600222,69.613768,70.466777,148.898266,167.581651,167.645227,167.724803,167.727220,167.761682,175.558909,175.763046,180.615527,180.645760,180.668836,180.703642,180.733962,180.734849,180.744577,180.760464,180.769422,180.821876,180.870908,181.011481,181.629797,181.661134,181.948810,196.232943,196.647091,219.573364,219.618506,219.659847,219.730730,219.757261,219.798532,219.842554,219.863199,219.921031,219.929800,220.174664,222.585284,222.609406,222.635719,223.140090,223.140382,241.469088,250.763777,257.376481,257.831357,264.436545,264.724350,278.968948,279.201361,283.698494,320.549359,337.489946,358.832794,358.865223,358.873972,363.156608,371.787910,371.893243,381.142774,381.145407,381.230207,390.847287","4,6,4,6,6,6,0,5,0,5,1,4,6,0,0,5,1,6,1,5,1,1,7,7,7,4,5,1,1,7,3,3,7,3,3,3,2,3,2,4,4,7,3,6,0,5,1,7,1,0,3,7,7,2,6,0,5,2,4,4,7,3,2,5,1,0,5,0,3,2,3,2,2,4,0,5,0,5,1,2",2
"3.189475,3.321110,3.332426,7.709731,10.553079,10.609304,10.673295,50.509084,68.303502,74.522099,75.571835,85.783240,97.374944,112.998451,117.459517,117.599423,117.753136,117.779319,136.537721,136.696288,151.066684,163.738178,165.073172,165.084810,165.185284,165.229320,165.256864,165.313962,165.330955,165.489524,196.924932,196.995213,197.113025,226.801885,226.845576,227.009508,227.048630,227.095153,243.393360,248.322259,248.544542,248.633973,248.645212,248.662447,248.699531,248.743399,248.750833,248.851636,248.918184,248.997256,249.191276,275.971877,276.020046,280.182450,280.197303,283.826786,283.903757,284.013205,291.844754,291.995210,291.998848,292.033862,292.036438,292.041954,292.043621,292.093345,292.138684,292.155476,292.183435,292.291657,292.337102,300.229692,328.554304,351.326704,351.395303,351.426923,351.483336,351.655177,352.648669,371.889017","4,6,6,3,4,6,6,6,1,0,3,6,0,3,2,4,4,6,6,0,0,4,4,6,6,0,6,0,5,5,7,3,3,5,1,7,7,3,6,1,7,3,3,2,2,2,4,3,2,4,6,2,4,5,1,2,4,6,6,0,5,1,5,1,7,1,7,3,2,4,6,2,6,1,7,7,3,3,2,0",2
"8.978094,47.345657,47.487997,61.135600,79.035236,79.199988,79.376202,97.491769,97.541064,104.257618,104.285312,118.883040,150.052747,179.305210,180.323372,184.095854,198.344185,198.877591,198.960780,198.969861,213.137090,213.205708,220.975691,221.488625,222.297428,222.314351,247.907810,268.100613,268.123758,268.135874,268.148517,271.912148,271.985275,272.398380,298.621869,298.796858,306.156616,306.270906,306.372219,316.256320,341.164619,341.359569,341.395653,341.411805,341.422075,341.539431,341.548223,341.552252,341.561039,341.681873,341.859211,346.970725,362.228302,401.054966,401.077292,401.173046,401.189371,401.326567,401.373757,401.444872,401.764432,401.774037,404.728121,406.508769,406.552062,406.555437,406.580438,406.624691,406.715051,411.942485,437.275948,437.294149,437.434307,464.409836,472.892399,475.525658,475.543694,475.568989,475.594069,475.594368","0,5,1,1,6,0,0,3,2,5,1,4,2,0,3,1,0,5,1,7,1,7,4,6,0,5,6,4,6,0,5,5,1,7,0,5,7,3,2,0,3,2,4,6,0,4,6,0,5,5,5,1,7,3,2,2,4,2,6,0,0,5,1,2,0,4,6,6,0,6,3,2,2,1,5,0,5,5,5,1",2
"19.325151,19.355079,32.630310,43.240927,43.362742,47.310876,47.362267,47.407616,47.621462,47.722180,47.795275,47.816529,102.205446,112.245823,113.328315,123.324266,123.526488,123.736000,123.775196,123.986620,124.013298,124.121808,124.125336,124.247245,127.153995,134.455518,134.471809,134.488979,137.800819,137.808745,137.898046,141.221167,141.303693,141.371768,142.147908,159.636068,165.206845,165.238033,180.111447,184.778652,184.812523,187.519295,187.643953,197.879818,199.979455,200.180826,216.268505,233.292345,234.297459,278.415666,281.335890,298.632625,311.428962,311.629074,322.714690,325.223673,341.259394,341.260843,347.467468,407.774731,424.668792,430.232598,430.293508,448.605581,533.185188,534.611941,560.320731,565.588374,602.952263,603.073518,603.182853,613.049911,613.122822,616.764745,625.436245,630.079389,630.099213,630.105685,630.138180,630.656185","3,2,1,0,5,1,7,7,3,2,2,4,5,3,0,1,7,3,3,3,2,2,4,4,1,7,3,2,4,6,6,1,7,3,0,2,1,7,5,7,3,0,5,2,0,7,6,4,6,6,0,5,6,0,3,5,3,2,0,1,5,5,1,3,6,7,5,6,0,5,7,4,6,3,4,0,5,1,5,5",2
"22.728267,22.748873,38.722862,38.836094,38.868706,38.874284,45.787276,47.644039,49.194791,93.962386,94.153763,94.386061,94.445532,94.535487,94.791813,95.544449,95.655223,95.697140,95.757710,95.857235,103.011960,131.287461,131.367756,131.468063,131.502436,131.578176,131.602989,160.598267,160.895211,167.243958,177.624097,179.120809,190.542750,190.561919,196.134895,196.724058,196.765960,196.819349,196.982089,196.989403,197.008340,197.115879,197.179629,197.284207,208.056773,208.323232,219.612319,219.614043,219.663800,219.667182,223.262813,223.269059,235.964451,240.993950,242.167877,269.445279,273.036055,273.089791,284.781908,284.855688,284.968035,285.093154,285.146897,306.369350,306.414171,306.638958,323.946856,324.122920,337.970479,337.990511,349.499787,349.557916,430.096492,439.029502,439.087452,439.171789,469.870360,491.447859,535.467285,535.539109","4,6,6,0,5,5,2,3,6,7,3,2,2,4,2,2,4,4,6,6,4,6,0,5,1,7,1,5,7,2,7,6,0,5,4,3,2,2,4,6,0,0,5,0,6,0,6,0,0,0,0,5,6,5,4,1,6,0,2,4,6,2,4,5,1,7,2,4,6,0,4,6,1,1,7,7,0,1,3,2",2
"9.373981,10.951235,36.791165,52.674066,82.805760,84.562063,100.300651,100.825729,101.241150,101.434832,101.454016,106.050381,106.106630,106.145243,120.139980,125.818284,128.905605,129.038895,129.108728,129.144527,129.160686,129.253127,129.288131,132.453143,139.872454,159.353100,159.573182,159.678036,164.415900,164.464310,176.719453,176.728799,176.896627,177.417204,180.302549,180.382832,182.782135,194.612678,194.671790,194.686302,194.692322,194.699943,194.727588,194.787368,194.842796,194.898399,200.347517,201.996196,203.079523,203.174630,220.940673,221.020102,221.646558,221.825559,221.903913,241.934300,248.323779,248.360392,276.531274,286.504067,286.518919,306.566545,306.573923,306.601347,306.606980,306.628582,306.674532,306.781273,307.015185,307.298874,307.468874,307.530463,307.584039,326.575755,400.461438,413.481779,413.573539,431.060737,440.820991,445.876545","0,4,1,7,0,1,5,3,0,2,4,7,3,2,5,0,4,6,6,0,5,1,7,7,3,3,2,0,2,4,6,0,5,2,0,5,0,7,3,2,2,4,2,2,4,4,2,2,0,5,5,1,1,5,1,3,7,3,2,0,5,3,2,4,2,6,6,0,5,1,1,7,7,1,1,5,1,2,2,1",2
"6.902506,6.974292,20.135518,20.921919,41.221850,41.285383,41.376577,41.399381,41.438979,41.442394,41.599989,65.670546,67.706563,118.512345,140.578055,150.631283,155.493088,195.188317,201.610736,201.624288,204.980496,220.033915,220.097248,222.196492,222.203780,230.990449,231.022074,231.225660,231.409171,231.457024,231.532113,231.655554,231.849101,232.236361,232.276587,252.915465,252.971508,252.999908,253.054586,275.125003,275.148791,275.169165,275.253352,275.391554,275.445487,275.448606,275.449009,275.481760,275.492779,275.500025,275.517064,275.888013,278.959254,279.096598,316.442894,319.456926,340.336370,389.959715,390.021173,390.362698,398.609482,409.536557,413.413249,425.535605,425.638752,434.571524,434.675928,434.826189,434.984758,435.001138,435.077240,435.104855,439.559760,458.678762,458.683079,458.700998,458.760830,458.768728,458.782460,458.790346","5,1,5,0,3,2,4,6,2,4,6,2,3,2,0,0,7,2,3,2,2,0,5,0,5,3,2,2,4,4,6,6,0,5,1,3,2,4,4,2,4,4,6,0,6,0,5,1,1,7,1,0,0,5,5,5,1,3,2,7,4,6,3,0,5,1,7,3,3,2,2,4,6,1,7,7,3,3,2,2",2
"11.745264,30.751375,38.713656,38.724192,59.385408,80.963028,81.033258,82.043411,97.058114,97.472993,97.501408,97.670588,98.057381,98.357110,98.411955,98.470548,98.511574,98.689039,98.716946,98.840875,103.431436,103.672517,129.160869,135.142579,135.184646,135.229411,135.312294,135.324691,135.327114,135.394924,135.548233,142.968538,142.991144,143.075869,143.084831,143.161451,143.220510,143.224647,143.246990,143.253029,143.253196,143.266921,143.283863,143.339818,143.349233,143.598642,143.735678,148.846442,149.006558,151.396665,151.516976,161.617407,161.633696,161.695262,161.763933,161.811661,161.866116,263.848241,276.602920,283.143191,283.152645,283.154448,283.311685,283.336521,283.339478,298.743396,298.911604,298.926682,298.969449,299.047454,302.447265,302.611372,302.752354,302.826922,318.389322,374.215183,374.820949,378.512059,378.523707,384.035583","4,3,3,2,5,3,2,4,7,3,2,2,4,6,0,5,5,5,1,7,7,1,2,2,4,4,4,4,6,0,6,7,3,2,4,6,0,5,5,7,5,1,3,1,7,7,3,1,7,4,6,7,3,2,3,3,2,4,5,1,7,3,3,2,4,5,1,7,3,2,0,5,1,7,3,1,2,3,2,0",2
"10.361401,10.400565,15.568602,26.274093,26.291125,26.306547,26.319906,26.458068,26.463997,48.206360,48.312505,48.403785,48.611330,49.220349,66.071304,80.887536,80.925882,80.963270,81.069678,81.341210,81.355323,92.116502,100.555360,100.655725,100.850668,102.329128,102.334582,109.135561,109.158265,109.186553,109.530143,110.166929,114.719331,116.634494,116.758495,141.628396,208.824215,211.142754,221.601288,241.116677,241.128960,241.506550,244.975289,245.038425,245.307241,249.308993,249.373390,251.962189,252.000660,252.051722,252.096535,252.102664,254.557831,256.764215,256.915745,272.823692,272.968821,273.012403,273.038593,276.340243,307.484939,309.211025,309.265655,309.283985,309.374087,318.029395,318.094436,318.188231,346.686564,346.687213,346.953594,347.148530,347.165375,352.511191,352.515323,352.592298,352.633958,377.663079,377.669337,377.729998","2,4,6,2,4,6,6,0,5,0,5,1,7,2,5,4,6,6,6,0,5,1,3,2,2,5,1,6,0,5,0,5,7,1,7,4,2,5,6,1,7,3,4,6,0,6,0,5,1,7,3,3,4,0,5,7,3,2,2,0,0,3,2,4,6,3,2,4,7,3,3,2,4,6,0,0,5,1,7,3",2
"10.509815,10.640061,10.734770,10.850566,10.909728,10.957218,40.048341,43.148794,43.159903,43.190846,45.677819,55.434220,72.515924,103.520446,125.403695,129.531230,129.581961,129.636730,129.666051,129.942112,129.979254,130.173795,130.554859,133.571634,133.696611,133.710921,133.718348,133.845515,134.475600,134.477415,134.643863,157.425159,182.456852,210.310234,210.409265,256.637209,256.732513,257.198263,261.608417,274.911896,276.320894,300.011105,300.341626,300.365526,300.584121,300.641845,300.666662,300.679962,300.696363,300.909301,301.151728,301.344395,301.994711,353.952806,354.066176,367.819883,367.820083,367.873012,368.064563,368.133556,389.524068,393.038309,407.180370,407.230194,419.164931,419.203263,419.891486,420.519686,453.195558,463.562565,463.621404,468.449234,468.859051,471.879013,484.122398,485.024806,491.520829,491.533988,503.550082,503.599805","1,7,7,3,2,4,1,3,2,2,4,2,6,5,6,1,7,7,3,3,3,3,2,1,7,3,3,3,3,2,2,0,2,6,0,5,1,7,6,4,2,2,4,6,0,5,1,7,3,2,4,6,0,4,6,6,0,5,5,0,6,4,5,1,0,5,4,2,4,2,4,4,6,6,4,2,0,5,6,0",2
"3.756885,3.777711,3.856629,9.784426,11.434736,11.548034,11.583501,11.626479,20.795555,22.686514,22.772693,22.813660,22.860290,22.887795,50.359861,60.146750,60.888907,87.797762,87.855646,90.835290,90.966432,95.851918,99.445548,128.654462,128.684136,146.591937,146.594397,149.268068,170.922915,170.934056,171.036935,171.057536,171.128485,171.132302,171.195175,171.200703,171.395338,171.725807,171.861070,174.591998,195.252038,195.309367,195.397982,217.717650,237.348985,246.028104,273.069556,289.967347,290.549072,290.568295,290.583760,290.593360,290.599820,290.604193,290.625226,290.637607,290.670051,290.677182,290.699830,290.716881,290.727509,290.728188,290.741862,290.783919,290.788466,290.797702,290.845745,290.931197,290.980774,290.995208,291.049849,291.081710,291.264919,291.313482,291.335616,291.340642,291.361651,291.395725,291.472585,291.534734","6,0,5,6,7,3,3,2,5,3,2,4,6,2,2,3,7,0,5,4,1,0,2,6,0,7,3,6,0,5,1,7,7,3,3,2,7,2,3,7,3,2,2,3,2,7,7,5,5,1,7,3,3,3,1,2,2,2,2,4,0,5,5,5,5,1,2,7,4,7,4,3,3,2,2,4,6,4,4,6",2
"0.722787,4.921139,9.566239,9.630221,9.742098,9.792874,10.112790,10.192898,10.217080,10.218573,13.511559,14.014087,14.293753,14.356170,14.432323,14.514050,14.678068,18.408330,18.424832,18.659293,18.710781,18.744515,19.511570,46.656955,60.135852,72.696074,72.770270,72.803837,91.736216,117.122715,117.147652,117.234548,117.252582,117.443118,117.588342,130.896521,130.902813,131.236430,133.435517,146.154782,146.165592,146.210070,146.231883,157.465844,192.676147,192.827349,193.195769,201.998676,227.117272,227.191407,284.533991,284.604597,284.612315,284.653540,299.316942,299.442924,299.500208,324.163943,324.337886,329.682335,342.441489,346.835215,347.102683,347.434234,347.459225,347.492422,347.589443,347.622172,347.648615,347.665796,347.668567,347.670549,347.678085,347.704900,347.742632,347.751227,347.768379,347.779287,347.830886,347.930594","7,7,0,5,1,7,3,2,4,2,2,4,6,0,0,5,1,1,7,7,3,3,4,2,4,7,3,2,0,6,0,0,0,5,1,0,5,5,4,6,0,0,5,4,7,3,1,4,7,3,7,3,2,4,3,2,4,1,7,4,4,7,3,2,4,6,4,0,6,5,5,0,1,1,7,7,3,3,4,6",2
"15.728860,15.733760,15.833258,15.969553,16.135682,16.156917,35.595670,35.681687,43.624617,51.232579,62.685778,62.706196,62.712311,62.713192,62.738342,62.964109,63.508110,84.130055,87.353311,92.360940,92.458989,118.977354,119.050910,119.729300,119.746988,119.786542,119.985362,149.006267,161.857729,162.172488,196.471592,201.280040,201.296398,201.399967,201.402428,201.415623,201.428246,201.458095,201.492941,201.521165,201.538906,201.556188,201.557073,201.564225,201.564743,201.590074,201.591340,201.604965,201.607611,201.620603,201.624783,201.941666,203.719280,203.727006,203.765174,210.790599,229.421759,246.803441,246.831737,246.858956,246.939373,247.079876,343.175812,359.742470,359.906749,360.042960,360.062806,360.243737,360.273701,360.459897,360.468992,360.501364,360.586767,360.617638,360.653272,360.758276,360.771753,360.818527,360.846545,360.959407","1,7,3,2,4,6,3,2,0,7,1,7,3,3,2,7,2,2,3,5,1,3,2,5,1,1,7,0,2,4,7,2,4,4,6,6,0,4,0,6,6,0,5,5,0,0,0,5,5,6,1,0,0,5,5,7,2,4,6,0,0,0,2,2,4,6,6,0,5,1,7,7,7,3,1,3,2,3,2,3",2
"0.136534,2.406789,19.936017,20.053668,20.070150,20.091592,20.156088,20.181197,20.192478,20.228796,20.247085,20.409476,20.493893,20.668087,52.228913,55.539982,68.330992,72.022277,72.190077,72.269745,72.310156,72.382581,72.446477,72.451635,72.463334,72.472876,72.509172,72.514484,72.529002,72.594713,72.603775,72.606464,72.634477,72.635278,74.262410,74.321203,74.331855,74.386137,74.478669,74.603938,74.647229,80.704634,88.954997,89.022239,89.029961,115.973433,132.539984,141.755857,141.772873,141.939634,142.120232,142.185680,142.195311,142.246270,142.364165,142.375289,142.468355,142.494844,149.502867,156.431389,187.887509,188.673105,188.905413,188.964442,188.999471,189.123403,189.669086,189.704739,189.760353,189.775181,189.815129,189.837808,190.093731,190.201411,190.230242,217.529243,236.188298,236.204959,236.338837,236.346318","0,6,4,6,0,5,1,0,0,5,1,1,1,7,7,0,0,5,1,1,7,7,3,7,3,3,3,2,3,3,2,2,4,3,6,0,0,5,1,5,1,4,4,6,0,2,7,1,7,7,3,2,4,6,0,0,4,6,5,7,0,0,5,1,1,7,7,3,3,2,2,4,2,4,4,5,6,0,0,5",2
"2.531701,2.853297,2.903663,14.182005,14.189458,14.290227,14.298780,14.310385,14.317003,14.325753,14.357683,14.428768,14.540949,14.728080,14.735062,14.750191,15.909976,28.437730,28.520188,35.812922,42.566828,48.446860,48.518398,68.241869,69.510614,69.545200,71.791247,101.869939,101.942081,101.976892,101.977494,102.061614,102.129934,102.135899,102.160110,102.175278,127.902902,170.807298,170.810999,182.611835,187.029703,187.041899,187.111847,188.384915,205.523514,215.418999,238.709040,238.763299,238.888882,238.890475,238.910011,238.938026,238.938607,239.073340,243.538148,244.773959,256.328927,265.736645,265.749026,285.178947,285.205017,285.303143,285.351069,285.382774,285.388882,285.453886,285.499241,285.782799,287.293094,287.475892,287.566864,287.610413,297.996790,298.043134,324.884715,330.133432,330.150325,330.458391,338.196939,338.264408","5,1,7,1,7,3,2,4,6,4,6,2,6,5,1,0,2,7,3,1,1,4,6,4,6,0,3,0,5,5,1,1,7,1,3,2,4,4,6,2,6,6,0,7,4,2,2,4,6,0,6,0,0,0,6,4,1,1,7,7,3,3,2,4,6,2,6,2,3,2,4,6,0,5,0,7,3,2,6,0",2
"19.017169,19.021504,19.039213,19.094952,19.131126,19.153921,19.168494,19.169876,19.172215,19.186637,19.254560,19.272412,19.275133,19.409158,29.328697,34.801117,34.807279,34.978016,34.982318,35.237441,35.262484,35.356267,35.387536,39.842536,42.660184,42.677541,42.704314,42.711783,42.717484,42.770960,42.793452,42.840705,42.852237,42.861384,42.864231,43.063603,43.160759,43.207530,43.227336,43.258651,43.303944,43.331210,43.367922,43.408876,43.501115,43.652582,43.890385,44.021839,44.156785,76.368791,121.505976,124.071143,130.643840,130.702058,142.384608,160.338275,178.671765,178.749939,178.888772,195.545458,195.712811,199.702964,218.353393,218.488815,218.509775,218.574338,218.597232,218.798702,221.636858,221.639649,221.714259,221.749564,221.788775,222.224633,231.528675,296.852922,296.953027,296.962988,297.039438,297.081267","7,3,2,3,4,6,0,5,2,4,6,2,0,4,6,5,1,7,3,3,2,4,6,1,5,1,7,1,3,7,3,7,3,2,2,3,2,4,2,6,6,6,0,0,0,5,5,1,1,1,3,2,6,0,3,4,5,1,7,5,1,2,2,4,6,6,0,0,5,1,1,1,1,7,0,5,1,7,7,3",2
"5.737604,5.991760,7.028366,7.035845,7.066135,7.179232,7.211455,7.242610,7.247889,7.313806,7.353159,7.353433,8.672635,8.711041,8.713170,8.727349,8.742309,8.800164,8.871268,8.944830,8.985890,9.098136,9.099371,9.099584,9.132031,41.594476,41.597471,41.608062,41.704018,41.775558,41.789755,41.828245,41.972292,42.000576,42.015804,42.125716,42.131427,42.156492,42.269766,42.316802,42.375930,42.407144,42.507304,42.541883,44.366443,44.442156,44.467223,67.849543,68.199726,86.076569,86.078981,87.863961,87.912661,88.331280,90.987836,91.077064,91.101193,91.107923,91.108403,91.129035,91.222632,91.258719,91.287691,91.346030,91.748439,91.828059,91.846152,105.760039,105.887045,107.360526,107.440390,107.871077,110.062328,185.683052,194.440468,194.491429,194.500984,197.252502,197.419260,252.129661","0,5,5,1,1,7,7,3,7,7,2,2,7,3,2,2,4,4,2,4,6,6,0,5,0,3,2,2,4,4,6,6,0,2,4,4,6,0,6,5,1,1,7,1,2,2,4,7,3,2,4,6,0,5,0,5,1,7,3,2,2,4,6,2,4,6,6,4,6,7,3,2,3,7,6,0,0,0,5,1",2
"15.577611,15.769445,18.996664,19.035952,19.152253,44.597582,71.088583,71.114655,71.160559,71.160648,71.340847,71.357581,71.402330,71.423387,88.367945,88.616477,88.624244,94.414863,94.495851,94.511495,94.541017,94.591851,94.692436,94.740489,109.074440,178.885005,179.018721,179.027816,179.206158,190.532941,206.342133,206.486563,207.976073,208.012684,222.680983,222.805049,283.224965,283.333574,326.346406,326.389959,326.517242,326.617159,326.689571,332.939965,332.996020,341.591511,424.507910,424.527070,424.674371,435.224763,455.385424,455.491499,497.399522,497.563844,497.744352,497.861176,497.940102,498.018379,508.905617,509.084689,509.151744,509.152005,509.169600,509.177708,509.178279,509.197899,509.233876,509.256146,509.416708,509.441323,509.485837,509.524123,509.542683,511.093574,511.094724,511.123942,511.228378,511.313441,511.319573,511.390378","3,2,6,0,0,7,1,7,3,2,4,6,6,0,5,1,7,1,7,3,7,7,7,3,4,2,4,6,0,5,2,4,6,0,0,5,1,7,3,2,4,2,4,4,6,6,0,5,0,4,4,6,7,3,2,2,4,4,5,1,7,3,1,7,7,3,3,3,2,2,2,2,4,4,6,0,0,5,5,1",2
"15.305668,30.289200,35.748654,35.757247,35.757945,35.780240,35.810469,35.813974,35.817345,35.928834,36.056787,36.075830,47.784605,52.267588,52.333026,57.566398,57.573656,57.590084,57.609027,57.620435,57.748004,57.810468,57.893568,57.894867,57.910585,57.972645,58.141560,58.182792,117.263101,131.760962,152.619177,152.787740,182.453720,204.102450,204.155746,204.241521,204.299860,204.316184,208.553264,212.496792,231.046137,231.136678,232.443884,232.476376,232.479417,232.616658,232.630001,232.780331,232.823414,232.828661,247.704378,247.766935,247.956494,247.995978,248.040762,248.059844,248.081285,248.109972,248.123404,248.221189,248.364135,248.382579,248.416218,248.425295,248.430727,248.460674,248.485214,248.490063,248.680763,248.682369,248.708720,248.719643,248.837912,253.140686,255.290258,255.328958,265.447109,265.464724,265.513629,265.524960","6,1,1,7,3,7,3,3,7,7,3,2,6,1,7,6,0,5,5,5,1,5,1,1,7,7,7,5,7,7,7,3,3,4,6,6,0,0,2,3,1,7,3,2,2,4,6,6,0,5,0,5,1,7,7,7,3,2,1,4,4,6,6,0,0,6,0,5,0,5,5,1,1,4,0,5,4,6,6,0",2
"24.500371,32.678883,50.823593,50.862216,50.912682,51.047968,51.081157,51.153621,51.297277,51.307858,51.323149,51.540820,51.556431,51.565443,51.571518,51.648564,51.790722,51.796589,51.918195,51.966739,51.971375,51.973184,52.123935,52.196193,52.213742,52.305486,52.410929,59.524933,71.122696,76.667033,80.466353,80.533585,80.544150,86.738166,90.773134,195.957598,195.984453,195.999466,201.969860,262.847014,263.248135,263.282621,263.308402,281.145170,314.245001,330.099620,330.332332,330.540147,330.596584,330.627722,330.630576,330.669630,330.700699,330.709337,330.727731,330.743499,330.780810,330.789754,330.814262,330.907438,331.021951,331.073041,331.103365,331.135712,360.939554,360.981825,361.050591,361.111414,361.125312,361.129132,361.143091,361.158237,361.199407,361.207426,361.227477,361.239851,361.328094,361.334937,361.357887,361.373653","3,2,4,6,0,6,0,5,1,7,7,7,3,3,3,2,2,4,4,6,0,0,0,5,5,1,1,1,6,7,6,0,0,0,4,6,0,0,4,2,4,6,6,3,5,6,0,5,5,1,1,7,3,2,2,1,7,3,4,3,2,2,3,2,7,3,3,3,2,4,4,4,6,6,2,6,4,6,0,6",2
"14.465959,14.523543,14.578919,14.753614,14.894286,15.044152,15.058097,32.290856,32.451852,32.475352,33.718017,33.765621,33.770788,33.829119,33.880378,33.897309,33.900265,33.931296,33.977020,33.986344,33.988988,33.999367,34.045203,34.065726,34.094577,34.104207,34.116676,34.122432,34.149396,34.151797,34.160876,34.167448,34.179537,34.206931,34.221193,34.223701,34.261212,34.287302,34.288871,34.319000,34.322195,34.323468,34.329929,34.342788,34.342885,34.344221,34.354450,34.386444,34.410851,34.417757,34.427463,34.434601,34.439098,34.647208,34.731430,34.751432,34.805509,34.807417,34.828002,34.836177,34.909731,34.929183,34.954700,35.086994,35.126555,35.152331,35.324076,35.354634,35.560472,35.562444,35.592056,35.597810,35.628802,35.640096,35.645289,35.657764,35.731334,40.861173,54.067501,61.374065","3,2,2,4,6,0,5,0,5,5,2,4,6,0,4,6,0,5,5,0,5,1,5,5,1,7,1,5,1,5,5,7,3,7,1,7,3,7,3,2,3,4,3,3,3,2,6,3,2,7,4,2,0,4,0,2,5,5,1,5,6,7,3,3,7,3,3,2,4,2,6,4,6,6,6,0,0,1,4,2",2
"2.036308,4.852501,16.841374,62.258442,62.299311,62.391914,74.158471,74.175763,74.368928,74.390691,74.409871,74.421396,74.443191,74.475643,74.521152,74.545623,74.568551,74.596368,74.599588,74.600707,74.612262,74.654903,74.752400,74.765347,74.870550,75.026655,77.179444,84.459460,84.589669,92.465784,97.183687,156.029690,156.036994,156.085581,156.601508,173.667452,174.480449,204.255143,221.104538,221.245412,221.257499,221.271933,221.296836,221.343552,221.347014,221.596612,221.632433,221.644193,221.700873,221.823018,221.827808,230.335329,238.258676,238.293672,238.302982,238.430393,238.530711,243.372294,243.464550,243.536989,252.860633,252.917063,253.047927,253.253535,253.329003,253.523532,268.369919,268.800139,268.840036,268.867426,269.033397,292.728039,292.813409,305.539588,305.879104,305.907589,369.722354,373.534217,397.227551,411.642349","6,5,2,5,1,7,3,2,2,4,6,6,4,0,6,6,0,0,5,5,5,0,1,1,7,3,3,2,4,7,4,2,4,6,6,2,7,4,4,6,0,0,0,5,1,7,3,2,2,2,4,4,1,7,7,3,3,7,3,2,1,7,7,3,2,2,1,7,3,2,4,2,4,7,3,2,0,2,5,6",2
"21.474778,34.727252,35.843711,35.940384,35.988521,36.027442,39.861668,39.971166,47.973070,71.815421,72.126724,72.152387,72.229936,79.663138,88.584419,115.354484,127.865259,127.907031,153.506050,153.547787,153.553213,153.669896,153.674855,153.839677,153.880910,153.939801,184.189258,203.049533,219.334904,225.250353,225.353270,225.568263,243.139669,243.540669,243.558973,243.691557,248.455946,248.759324,248.773032,248.814345,249.098148,249.174499,249.386471,250.195122,250.337109,276.682191,276.778265,299.231965,313.234273,313.345936,329.948296,341.213895,342.443693,351.144314,351.502521,351.521119,385.198054,400.905055,428.942513,429.216511,429.432382,429.463804,429.491971,429.497656,429.584783,429.685324,429.700130,429.732573,429.830377,430.189533,440.272306,440.331896,440.441060,440.520072,440.546994,445.724049,445.831523,448.347434,448.353379,448.408525","1,7,4,6,0,5,5,1,5,7,3,2,2,2,1,1,3,2,1,7,3,7,3,3,2,4,6,5,7,5,1,1,6,0,5,1,6,0,5,5,1,1,7,3,3,0,5,4,2,4,6,5,3,3,2,4,1,3,2,4,6,0,0,5,1,7,5,1,0,7,5,1,7,7,3,7,3,2,4,6",2
"11.681023,11.716460,32.545265,32.763106,49.764139,49.770850,50.023739,50.027167,50.216776,50.376437,78.621783,96.092077,96.093351,96.237850,96.362489,96.731214,96.807172,96.812848,96.853067,96.901890,96.954876,96.967703,110.532151,116.889950,116.969918,117.090894,117.258107,118.014534,120.348377,120.439109,120.464166,120.468590,120.665936,120.678010,121.151487,121.334637,121.340914,131.249041,131.767911,133.009397,133.069915,133.072223,164.213696,167.138347,167.144339,167.282961,220.310087,273.234652,292.446969,292.581346,292.605619,292.754945,292.866977,292.996714,306.936859,307.039113,310.164300,310.178701,310.476016,310.597779,310.770882,310.793434,310.806051,310.808323,310.897226,323.722426,326.959600,365.307263,365.377122,365.417611,389.643274,421.672393,421.729044,441.734125,455.973719,461.750446,461.843973,461.852984,461.879856,461.882162","2,4,1,7,6,0,0,5,5,1,3,5,1,1,7,3,2,2,4,3,4,2,6,5,1,1,7,5,6,0,0,5,0,5,1,7,7,5,2,6,0,5,5,2,4,6,3,5,7,3,2,2,4,6,3,2,2,4,6,0,0,5,5,5,1,2,5,6,0,5,5,6,0,3,0,3,2,2,4,4",2
"5.849158,5.866438,5.867120,5.948655,7.227976,18.361437,20.446003,21.305826,21.559030,21.662220,21.690772,21.753843,21.877758,21.890555,21.975077,22.114668,22.117549,22.148846,22.181657,22.239788,22.410249,22.428938,27.993182,28.109813,56.163664,56.468663,56.519454,56.664814,56.818275,56.831558,56.860833,56.861526,57.115801,57.154942,57.155926,57.188830,57.355149,60.242520,60.257540,60.259088,60.575959,60.746323,63.872675,71.011103,71.036496,71.085389,71.136027,71.183973,71.293158,106.782484,106.820390,111.410089,201.347801,204.973270,211.433767,211.439518,211.637268,212.054332,222.988156,341.903981,383.834693,392.623775,424.536613,433.366367,433.498624,433.759426,458.110377,458.120872,459.917679,460.051378,465.552802,465.849773,470.094688,470.278136,470.283152,470.347512,477.079739,482.279522,482.306930,482.444368","5,1,7,3,0,0,1,1,7,3,2,3,2,4,4,4,6,0,6,6,0,5,6,0,1,7,3,2,3,2,4,6,4,6,0,5,0,0,5,5,1,7,6,5,1,7,3,3,2,6,0,1,6,4,1,7,3,2,5,3,0,5,7,5,1,2,3,2,1,7,1,7,2,4,6,6,0,6,0,5",2
"20.001056,21.211278,27.993343,33.553618,56.013525,60.504610,60.569180,60.649669,60.670171,60.803683,60.890730,61.023118,61.057387,61.097435,63.695825,80.980976,81.004686,81.720259,91.251177,94.012147,94.124046,94.135693,97.330137,104.297765,114.300245,114.458406,117.216737,117.582810,117.631315,117.637244,117.781231,117.813797,117.839948,117.852916,117.885160,127.825305,127.982944,127.986698,128.140448,128.492488,151.113492,151.167344,151.174930,151.255391,151.272920,151.292164,151.326557,151.419580,151.855379,181.601496,181.625289,181.670839,181.763149,181.765368,181.790777,181.804507,181.866614,184.775392,184.833555,184.874901,185.025902,185.046618,185.120138,185.272666,185.301888,185.308593,185.457464,198.338789,198.399427,198.418675,198.553503,198.566902,198.786694,244.811975,258.129061,259.609426,259.696689,267.678151,267.887802,280.478231","2,1,2,5,3,0,5,5,1,1,1,7,3,2,4,0,5,5,4,1,7,3,6,1,2,4,0,5,1,7,3,2,2,4,6,0,5,1,7,6,0,5,1,5,1,7,3,3,2,0,5,1,1,1,7,7,7,3,2,4,6,6,0,0,5,5,1,2,4,6,0,5,1,0,0,5,1,0,5,3",2
"0.252283,17.033872,17.156877,17.301342,17.369331,17.393454,17.443816,17.487822,17.767325,17.769756,17.822855,17.889999,17.943184,17.979495,18.018093,18.023802,18.044782,18.051038,18.051077,18.072049,18.182310,18.214671,18.250756,18.278772,18.289253,18.372901,18.547577,18.581759,18.587961,18.926610,18.943271,18.983632,19.023927,19.055935,19.092346,19.151672,19.315874,19.357085,19.366723,19.375405,19.385518,28.634461,43.648367,43.718990,66.746642,66.767065,68.878882,78.711901,112.944825,112.946169,113.334446,117.809601,122.455421,125.615582,125.617443,125.636859,125.647213,125.667851,128.818747,130.676753,133.238189,133.365994,133.393481,133.424971,133.479051,133.599070,133.738398,143.323347,143.354251,190.529721,194.814510,194.848272,194.854970,194.858778,194.896858,195.194978,195.243503,195.528658,210.932310,210.988261","2,2,4,4,6,0,0,5,5,1,1,7,3,2,2,4,4,4,6,0,6,0,0,0,5,5,0,1,5,1,7,3,7,3,3,2,4,6,0,5,4,0,2,4,1,7,1,0,6,0,0,5,7,4,6,6,0,0,3,1,1,7,3,3,2,2,2,0,0,5,4,6,0,0,0,0,5,5,4,6",2
"4.289695,4.297619,4.336462,4.373142,4.412940,4.513632,63.912292,63.998813,64.022574,64.039512,64.119408,64.132238,64.373206,64.374169,64.412942,64.447780,64.765608,107.567298,107.615126,112.298133,112.982461,113.056276,135.903810,160.277905,176.594145,176.790926,176.816332,176.817437,176.819614,176.966595,176.976102,177.307889,220.226477,240.913380,240.940614,240.985920,241.045141,244.717793,244.736660,244.750418,244.847781,245.077373,256.049759,256.064267,256.070226,256.198688,263.493443,263.667660,321.848663,321.929846,322.064816,322.073966,322.101838,322.190994,322.254916,322.306661,336.053904,336.063100,348.005358,348.018630,350.755979,370.248259,374.885591,374.961232,374.974660,375.026030,393.902404,395.490053,395.668162,395.686744,395.695625,395.726428,395.854862,398.034234,427.728245,431.414449,431.427713,431.481771,443.557633,443.600033","7,3,3,2,2,3,1,7,3,2,4,2,4,7,4,6,3,3,2,2,6,0,2,6,6,0,5,5,5,1,7,3,7,7,3,2,4,7,3,2,4,4,0,5,5,1,1,7,4,6,0,5,5,0,1,5,6,0,0,5,6,4,1,7,7,3,3,3,2,4,6,0,5,6,6,0,5,6,6,0",2
"5.002583,6.404449,6.467519,6.535691,6.547826,6.695518,13.481986,28.394232,37.611816,37.724928,37.945647,37.946517,38.027804,38.046953,38.064191,38.226430,38.274013,61.269120,61.314951,61.394744,61.422424,61.457604,61.497700,61.512134,61.522949,61.523546,61.542053,61.563777,61.568954,61.604144,61.671110,61.683858,61.725591,61.737797,61.743547,61.757320,61.770470,61.777146,61.780605,61.789329,61.793314,61.832233,61.837243,61.839698,61.844021,61.852845,61.864361,61.869801,61.876515,61.910160,61.913385,61.946411,61.951473,61.955619,62.021700,62.031038,62.038261,62.061359,62.069831,62.082479,62.123735,62.130655,62.167992,62.249623,62.358935,62.466631,67.894238,67.936556,68.063919,68.391879,95.009713,95.045045,95.115901,95.118781,95.122424,95.176339,95.201942,95.211429,95.214389,95.284387","2,7,3,3,2,2,2,4,5,1,1,7,7,7,3,3,2,6,0,0,5,5,5,1,1,7,7,1,3,2,5,5,7,7,1,7,7,3,3,7,2,2,2,3,2,7,3,3,2,2,2,4,2,4,3,2,6,2,2,4,4,0,6,2,6,4,6,0,0,5,5,1,1,7,7,7,3,2,3,3",2
"8.147456,10.098621,10.237466,10.392343,21.256967,55.713002,56.157215,56.260890,84.960649,89.074564,90.029165,90.730018,91.553346,91.597749,91.616638,91.632040,94.438053,95.694123,106.541015,116.615512,116.668442,116.686478,116.690549,116.708225,116.831554,132.620048,141.030722,144.158388,144.162879,144.204355,144.207208,144.217466,144.228178,144.273114,144.345838,144.379981,144.492918,144.800091,144.854771,153.401652,153.444907,179.795889,199.236466,199.248387,199.276688,201.171350,211.802923,211.846683,214.268488,222.745692,223.359835,223.385401,223.389766,223.403856,223.643173,228.081005,230.206092,240.712469,240.720903,240.735612,240.783586,240.795198,240.923088,254.087642,254.153879,255.195496,255.308298,255.371581,258.510363,258.888684,258.908868,300.767733,318.582904,319.107877,319.403512,319.419926,319.445128,319.484045,334.449077,347.906837","0,3,2,4,2,0,7,3,3,1,7,0,4,6,6,6,4,6,3,0,5,5,5,1,1,7,3,0,5,5,5,1,1,7,7,1,7,0,5,1,7,1,2,4,4,3,6,0,1,2,4,6,0,0,6,0,3,5,1,1,7,7,3,0,5,0,5,1,6,1,7,5,5,1,7,3,2,3,0,3",2
"4.072413,46.343568,46.378770,51.582603,51.777832,51.789328,68.817352,68.903381,68.906472,68.911022,68.931210,68.933755,69.161971,89.238719,89.291829,89.309625,89.444424,89.470020,89.745586,89.851588,89.898797,111.402587,111.407534,111.421618,111.537857,111.544082,139.835002,172.700674,202.205268,222.068909,269.848658,269.991199,270.157905,270.340224,270.346599,270.401391,270.519521,270.651315,284.673129,284.829935,287.770936,287.781790,287.912867,288.022583,288.195355,288.283381,298.880990,298.896904,304.117900,310.650857,310.676034,310.710911,310.729444,310.806552,310.835261,310.889187,317.219014,319.175649,335.604003,350.386945,369.669503,369.900832,377.846245,377.910948,378.120029,378.205673,378.290982,378.324040,388.442508,397.974448,438.536962,438.629902,454.666667,454.670356,454.705953,454.735064,454.763098,454.847147,454.935297,455.004139","5,6,0,4,6,6,3,2,4,4,6,6,6,4,6,6,6,0,5,1,7,3,2,4,2,2,5,0,2,5,5,1,7,3,2,2,2,4,6,0,7,3,3,2,3,2,0,5,2,4,6,0,6,0,5,0,0,3,7,3,0,5,5,1,1,7,3,2,5,6,5,1,5,1,7,3,3,2,7,4",2
"4.595493,4.752315,4.761505,4.862164,4.915898,5.019776,5.077444,8.756895,53.421989,53.527889,53.563133,53.636491,53.697427,53.725068,53.805618,53.814403,53.859882,53.946514,54.087449,77.939471,84.958170,85.074115,97.408088,97.711763,97.820357,97.876885,97.965405,97.993566,97.995571,98.001093,98.012789,98.040049,98.040151,98.057922,98.086455,98.150216,99.523928,99.734419,99.783305,100.353421,104.062494,107.614915,107.668971,107.702712,107.750788,107.765686,107.767478,107.927049,107.971974,108.151665,138.095918,138.301896,138.881978,138.987043,139.051236,139.176308,139.201637,156.200315,156.417336,156.615124,156.681056,156.720785,156.725945,156.731670,156.742961,156.773482,156.826332,156.831647,156.887530,157.085952,157.215981,181.525806,193.936948,196.107495,212.204130,212.227754,212.285829,212.413716,212.478698,212.484087","0,6,0,5,5,1,7,4,0,5,1,7,3,7,3,2,2,4,4,0,5,1,0,5,1,7,7,3,2,4,3,2,2,7,2,2,5,1,7,0,3,0,5,1,7,3,2,3,2,2,7,7,3,2,4,6,4,4,6,6,0,7,3,0,2,2,3,2,4,2,4,4,6,1,1,7,7,3,2,2",2
"17.121240,17.196386,17.204417,19.053276,23.781003,26.089349,26.121799,38.916380,39.025465,39.101138,56.909767,56.958328,57.121836,66.059150,134.226513,134.249044,134.353005,134.375745,160.094216,160.115884,160.189106,160.558364,160.639305,160.675342,160.910272,160.979082,161.088620,179.861248,179.967542,180.108175,198.349599,214.853894,227.404621,227.417906,227.486362,227.490130,227.688583,242.460274,260.144876,261.016567,275.391844,275.417922,275.469481,301.498774,307.411276,307.422117,307.513311,308.574428,330.281916,330.424304,349.811525,349.885139,382.640941,382.739428,383.338865,395.800508,406.444169,406.453233,433.201044,436.791479,436.821313,436.846980,436.849690,440.050190,443.503871,453.192496,453.403164,453.459473,466.282411,513.487183,526.661001,541.768538,546.639655,546.657802,546.795245,547.566853,551.403483,551.506729,551.525433,560.212733","0,5,1,2,2,3,2,6,0,5,5,1,1,0,4,6,6,6,4,6,6,0,5,1,5,1,7,6,0,5,5,6,1,7,3,2,4,5,3,0,7,3,2,3,7,3,3,2,3,2,5,1,1,7,7,2,6,0,4,0,5,1,1,4,0,6,0,5,5,0,2,2,3,2,2,0,3,2,2,2",2
"3.830903,11.539208,11.596077,11.635568,36.492590,46.771663,46.779054,46.787401,46.803412,46.825501,46.826831,46.831589,46.854872,46.871179,46.927618,46.939140,46.951020,46.953207,46.986295,46.989360,47.008532,47.052100,47.084225,47.114835,47.152782,47.174101,47.243903,47.270857,47.290841,47.321925,47.332804,47.333534,47.336028,47.340766,47.367547,47.371691,47.377231,47.381963,47.398901,47.416268,47.423516,47.427195,47.437579,47.440863,47.484055,47.486358,47.498658,47.503120,47.503747,47.541760,47.571961,47.602172,47.636476,47.665776,47.681799,47.723178,47.723509,47.747853,47.820997,48.024146,48.087998,48.100638,48.159544,48.164422,48.166384,48.187699,48.231206,48.336623,48.397010,108.458775,112.562510,118.649722,118.873763,124.829385,128.863039,139.214252,139.232488,140.423841,141.007795,141.189535","1,3,2,2,6,2,4,6,4,6,0,5,1,6,5,0,0,5,1,7,5,5,0,1,5,7,5,5,1,7,3,7,3,7,1,2,3,7,2,3,7,2,7,2,2,2,3,3,3,4,6,6,4,7,6,4,1,6,7,6,0,5,1,7,3,2,7,7,3,1,5,4,6,3,6,7,3,7,1,7",2
"1.869041,3.823983,4.006581,7.528344,7.715064,7.825882,7.847005,7.938918,7.969657,8.057804,8.096174,8.098660,8.174106,8.251054,49.868801,58.480634,58.684947,88.006265,93.142305,93.231643,93.391251,94.255422,94.352434,94.471784,138.974654,139.007032,139.058227,139.065499,139.084791,139.110143,139.146791,139.174339,139.220765,139.513180,139.575270,139.700404,139.732970,139.962379,156.139908,159.218239,191.930680,218.671012,221.178907,221.287329,221.750781,221.839366,221.979088,221.988309,222.046090,223.877934,224.184773,224.185595,224.221129,224.306236,224.323149,224.417914,224.444870,224.446516,224.469291,224.506309,224.518066,224.577105,224.658165,224.748512,224.751089,226.115441,226.159854,226.307011,226.479476,248.604200,249.316287,254.004249,254.038398,254.040636,254.166543,254.354996,256.202699,256.257700,257.440364,260.453134","4,2,4,1,7,5,1,1,7,3,7,7,3,2,7,3,2,2,0,5,5,7,3,2,6,0,5,5,1,0,1,1,1,7,7,3,2,4,5,0,0,6,7,3,2,4,6,0,0,6,0,5,0,5,5,1,1,1,7,7,7,7,7,3,2,1,7,3,2,5,1,7,3,2,3,4,6,0,2,7",2
"3.177158,3.204392,3.273330,3.336511,3.338431,3.370019,3.409766,3.443589,3.505116,3.518000,3.573409,3.579633,3.711370,3.740134,13.262074,21.632128,35.783487,35.942854,36.076804,53.095609,53.609654,56.371785,76.583703,105.785461,105.851877,105.853225,105.981313,106.030390,106.051064,106.177297,110.398854,110.610856,110.669162,110.730688,110.757985,110.782790,110.806721,110.923038,111.214223,111.217349,121.402700,121.530953,142.185677,142.187672,142.224024,142.253701,142.338484,184.620000,184.817390,184.900035,185.058636,185.073590,185.085984,185.102478,185.866581,186.226260,231.930453,231.938805,231.978567,232.154794,232.161883,232.170060,232.181734,232.188014,232.189593,232.208378,232.242203,232.307499,232.364869,232.460824,236.570828,237.196828,253.660253,256.880905,280.338126,299.812842,300.938138,300.945078,306.192290,306.290070","5,1,7,3,3,2,2,3,4,6,2,6,2,2,4,1,1,7,3,1,7,6,6,5,1,7,3,3,1,2,7,3,2,4,2,4,6,0,2,4,7,3,5,1,7,7,3,4,6,0,0,5,5,1,1,7,0,5,5,1,1,7,1,3,7,7,3,7,3,2,2,3,6,3,2,1,7,3,3,2",2
"2.048296,18.852289,18.854843,49.201479,49.373688,49.422989,49.424593,49.618441,54.376859,98.343210,98.372852,147.555440,154.870457,154.897142,154.942634,154.946418,155.047638,155.086062,155.127255,155.134838,155.284074,155.370933,155.418953,172.071686,172.175036,172.347279,172.355010,172.366966,172.389908,172.401963,172.509857,172.519889,172.522196,172.525080,172.572035,172.580828,172.587435,172.593860,172.657150,172.668332,172.846023,177.713536,183.097006,183.147949,190.072593,190.099564,191.140499,193.563927,193.682916,193.725925,193.728363,193.776222,193.835203,193.856204,193.868145,193.923965,202.458317,202.513602,203.493791,206.921593,207.758805,229.170690,231.981430,232.209250,238.475334,238.520069,238.703614,238.774648,238.852780,245.692718,246.325939,267.815073,267.861036,267.957604,268.077867,272.129627,278.192170,278.265605,292.794557,315.767521","1,2,4,1,4,7,6,0,2,5,1,2,5,1,7,3,1,1,7,7,7,3,2,3,2,4,6,6,0,0,0,5,5,1,2,0,5,5,1,5,1,6,2,4,6,0,6,2,4,6,6,0,0,0,5,5,6,0,5,0,2,3,5,1,0,5,7,3,5,6,0,4,6,6,0,6,0,5,2,2",2
"2.392030,4.102869,4.244388,4.312140,6.314431,27.307286,38.303448,38.343259,38.492535,38.509537,38.521378,38.545276,38.558477,51.668503,51.725568,51.737894,51.764929,61.825750,61.836701,69.080072,72.885045,72.886299,100.722188,129.646631,129.767538,145.126917,145.387860,145.816235,145.860587,157.826833,157.850265,158.048311,158.161761,158.180705,158.315591,158.327940,158.583845,159.793568,253.095457,261.259463,290.940520,301.458616,301.508385,301.539480,301.573072,301.577367,301.580186,301.746926,301.801256,321.311017,321.336299,321.445292,321.548970,321.613288,321.618647,321.674665,321.812294,340.833882,370.643067,384.137544,384.207240,384.273010,384.287417,384.394486,384.510783,404.035514,404.064340,414.058706,414.782316,414.828723,414.840605,427.612809,427.643659,428.074417,436.537438,436.558443,436.593391,436.769552,438.439106,466.241360","6,2,4,6,1,5,0,5,5,1,3,1,7,3,2,4,4,4,6,2,6,0,2,7,3,7,5,3,2,4,6,0,5,1,1,7,7,2,7,4,0,6,0,5,5,1,1,0,5,6,0,0,5,0,1,1,5,5,6,7,3,2,4,3,3,7,3,7,0,5,5,5,1,5,3,2,4,4,2,2",2
"0.501257,0.683334,0.707627,5.734592,5.817286,5.988677,6.001580,6.057870,6.081044,6.104754,6.135870,6.249987,51.438749,74.083380,74.107353,74.241196,74.326388,90.386578,109.657320,109.659172,109.671891,144.210085,145.609505,146.209506,206.693690,206.734353,206.762426,206.934429,214.269119,214.507749,226.563449,226.599266,235.031272,243.538876,258.257899,263.210760,263.238379,263.255119,263.287729,263.332508,263.333436,263.381829,263.397738,263.430035,263.567423,263.584216,276.552182,276.595787,276.603999,276.644629,276.680428,276.699768,276.752793,276.855952,284.070486,284.089140,284.188170,315.698321,315.734787,315.747629,315.755553,363.144747,363.351031,363.371132,365.121702,365.323884,365.349732,365.553154,375.648811,390.325917,418.374055,418.374817,418.405021,425.496344,433.932369,433.950302,434.102697,434.154070,434.282292,434.339206","2,4,6,4,6,0,6,0,5,5,1,7,2,5,1,7,3,1,3,2,4,2,6,0,2,4,4,6,0,2,0,5,6,4,0,2,4,4,4,6,6,0,5,4,6,0,3,2,2,0,5,5,1,2,0,5,5,4,6,0,5,4,6,0,7,3,2,2,2,1,1,7,3,0,5,1,1,7,7,3",2
"6.291585,6.297639,6.312463,6.358465,6.434636,6.435713,6.600083,12.457710,14.240932,37.542702,37.592506,71.406431,71.713515,73.695346,73.705207,73.743346,73.744062,108.845001,108.953807,108.978308,109.383788,109.471517,124.484056,131.053918,144.080271,154.366574,158.915547,170.648910,170.761761,183.343482,190.609300,190.700947,190.848838,202.475002,202.765475,203.029213,203.270861,213.821589,214.005664,221.182777,221.265194,221.272119,221.294200,221.302424,221.317812,221.404031,221.426178,221.436777,221.448379,221.477905,221.555009,221.555264,221.588162,221.608876,221.611564,221.678863,221.822528,221.838940,221.921948,221.999259,222.002847,222.039327,231.183947,231.342070,231.387503,231.459961,251.966154,257.949049,293.054764,293.081038,293.183504,293.186164,293.193806,293.245054,304.588565,308.488594,308.786760,309.024768,309.044391,309.099817","3,2,2,4,2,6,4,2,3,6,0,4,6,4,6,0,0,6,0,0,0,5,3,0,2,2,2,1,7,2,5,1,7,2,5,1,7,7,3,5,1,7,7,3,1,1,7,7,7,3,2,4,1,4,6,6,0,6,0,0,5,0,7,3,2,4,2,6,3,2,4,2,6,0,4,6,0,5,1,1",2
"25.638595,62.696315,74.281165,74.314709,74.320483,74.368552,74.376428,74.388995,103.502346,109.094528,109.123099,132.572259,157.329929,157.456754,168.487740,171.890656,187.623320,187.826312,227.897177,228.031826,229.150104,270.126240,270.169625,284.818482,341.086460,341.340499,341.349413,341.591353,341.607752,342.150212,342.157524,342.188129,342.236519,342.298409,342.331701,342.368178,354.482358,383.176255,383.457430,383.487320,383.531723,413.902220,415.558332,435.145651,435.182983,435.201284,439.252454,439.434537,439.529690,439.763725,439.804605,439.860654,439.876097,439.988998,440.192505,440.201187,466.252665,474.673051,534.432974,534.660430,534.770549,534.798346,547.834382,560.521072,560.625533,560.653612,560.659669,567.766513,567.830812,567.942998,580.729841,598.126817,606.834459,612.411160,612.430720,638.258499,658.785016,659.056385,677.137746,685.391306","2,1,7,3,3,2,3,2,6,4,6,3,6,0,3,4,7,3,2,1,5,1,7,3,5,1,7,3,2,2,2,4,4,6,0,0,5,4,6,0,5,7,1,1,7,7,3,2,4,4,6,0,6,5,0,5,4,5,7,1,7,3,0,3,2,4,4,0,5,1,3,6,4,6,0,6,6,0,2,7",2
"6.154562,6.268188,6.301857,6.304116,6.326735,6.512396,6.574173,6.586504,6.702282,6.894473,28.290465,28.297411,66.311033,66.437867,66.662061,89.907390,90.614456,114.385236,126.434415,126.473727,126.519586,140.029044,140.089834,140.324788,183.977065,232.861262,257.739354,257.874893,258.527584,271.912289,273.953479,273.972775,295.330250,314.301131,314.307497,314.528353,314.652447,316.253101,316.346828,316.494609,316.572524,316.614954,316.668547,316.676460,316.716848,316.719636,316.724835,316.726583,316.741000,316.820746,316.904557,316.936607,317.040888,353.393601,353.419311,354.442516,354.456980,354.493683,354.493994,354.603333,360.000876,367.593645,367.656584,367.676060,368.512082,379.883926,387.789536,459.994012,460.034696,460.035029,460.081409,460.174214,460.266678,460.419111,460.436838,460.437708,460.464530,460.489691,460.499748,460.508033","5,1,7,7,5,1,1,7,7,3,6,0,3,2,2,5,2,0,7,3,2,3,2,0,2,5,7,3,5,3,6,0,1,5,1,1,7,1,7,3,7,2,2,2,4,4,4,6,6,0,5,1,7,1,7,1,7,3,2,3,7,6,0,5,2,4,3,6,0,0,5,5,1,7,3,3,2,2,2,2",2
"16.060203,82.006595,149.470811,149.489962,156.131674,156.218510,156.276641,156.485357,156.585769,156.617187,156.683006,156.684175,156.689386,156.775640,156.803750,156.816243,156.859631,156.880439,156.925066,156.963975,157.034076,167.210136,198.288243,198.375303,198.429662,204.396631,204.441245,214.234885,214.314173,229.100712,233.351891,233.782268,233.867071,236.839735,237.063854,257.214317,257.254960,267.464637,268.855098,288.545759,288.569276,312.209953,312.489146,312.579301,312.747416,312.755139,330.566416,330.701865,331.329287,331.496014,337.276299,393.129636,405.864493,407.309625,414.191369,416.841131,416.845280,416.858713,416.901193,416.908811,416.950202,417.015473,417.162022,417.221459,417.282644,417.292044,417.304932,470.423220,497.362985,497.382410,497.393308,497.397046,497.531043,499.005863,499.022151,499.049700,499.117006,499.131158,499.198162,499.280395","1,5,2,4,0,5,1,1,7,3,2,3,7,3,4,2,2,2,4,4,4,5,4,6,0,7,3,5,1,5,0,1,7,0,5,4,6,4,1,2,4,5,1,7,3,2,0,5,1,7,2,5,3,1,2,2,4,6,0,5,5,0,1,7,5,1,7,4,4,6,6,6,0,0,5,5,5,1,5,7",2
"28.269189,28.345383,28.360243,28.418528,28.497538,28.506839,28.597976,28.713800,28.872946,28.896782,29.627281,29.869158,29.901973,29.925852,29.963760,61.447256,61.696956,61.705895,61.855018,61.896636,62.007839,101.692964,111.000906,111.125201,119.891096,158.771274,158.783762,158.794842,159.158325,171.830719,208.613809,208.663022,208.753525,208.851785,210.479653,210.497092,210.527070,210.623904,210.836686,210.969748,210.983939,210.991373,211.013026,211.091490,211.127724,211.163832,211.182691,211.211007,211.220062,211.277800,211.355872,211.429298,211.468234,211.481263,211.489852,211.543702,211.577303,211.578823,211.606089,215.159105,215.173174,215.211197,215.370944,215.994672,218.699627,230.126061,247.242083,247.276235,247.351452,247.412979,247.791355,247.914431,252.786284,255.143589,257.166787,258.329311,258.364409,258.513104,258.513646,258.514037","1,7,7,3,3,2,4,6,6,0,0,5,1,7,1,6,6,0,0,0,5,7,5,1,0,6,0,0,5,3,3,2,2,4,2,4,6,0,0,5,5,1,7,1,7,7,3,3,2,2,4,4,6,6,0,0,6,0,0,3,2,4,2,4,3,5,6,0,5,5,1,7,7,6,0,7,3,2,4,4",2
"40.594360,40.630634,40.779822,40.862389,66.477653,66.712517,74.107189,74.110164,74.266904,74.288860,74.314993,74.690111,79.554509,95.254850,95.319831,95.345895,123.583502,123.615017,127.802451,127.816144,127.847852,127.905152,127.913412,127.944307,165.299979,165.329652,165.813689,178.456786,178.465696,178.505994,178.522549,178.648643,178.998438,179.008148,179.087473,179.208155,179.253516,179.419959,179.644108,189.118846,190.917584,190.941841,191.312705,191.379794,191.457030,191.612308,194.082714,199.720243,234.259043,257.914406,257.980776,258.018434,258.031485,258.037837,258.039399,258.050179,258.070289,258.081262,258.096117,258.146942,278.461723,278.762065,307.075008,320.325599,338.347858,358.231512,358.239593,358.307243,392.532770,394.328555,394.395091,396.155337,396.161891,396.286357,409.569720,409.570572,409.610231,409.612499,409.638043,409.884537","2,4,6,2,1,7,0,5,1,5,1,7,5,5,1,7,1,7,6,0,0,0,5,1,0,5,1,0,5,1,1,1,7,3,3,2,4,4,6,6,1,7,7,3,3,3,2,3,7,5,1,7,3,7,7,7,3,3,3,2,0,5,0,5,3,2,4,4,3,6,0,4,6,6,1,7,3,3,2,3",2
"0.405896,4.986288,30.701539,41.951279,41.983625,68.187766,94.887713,107.808228,107.989577,108.052873,108.081935,108.229738,108.235515,108.289646,144.339462,165.998039,166.104735,166.128720,180.050451,180.762079,180.804671,193.751317,193.939804,204.540678,204.548617,204.762655,218.177412,218.325494,222.798028,223.664547,223.838642,225.897214,225.935318,234.452240,285.198929,314.980456,332.140551,332.573864,375.964623,385.714749,385.786129,386.000117,405.023126,427.936004,465.067259,465.849978,466.124104,469.693708,469.757216,469.835380,486.419480,486.504500,501.151370,503.527334,503.560248,503.570542,503.570583,531.881273,607.136461,607.148559,607.159349,607.330299,619.961362,620.031082,620.071714,633.244925,651.897877,652.057583,652.215646,652.218047,652.231532,652.293855,652.330829,652.368211,652.544480,654.131322,654.374044,654.426877,668.307474,674.838805","4,0,7,0,5,5,5,0,5,1,7,3,7,3,1,1,7,3,6,1,7,0,5,1,7,3,0,5,2,5,1,2,4,2,1,4,5,1,0,2,4,6,2,6,5,5,1,2,4,4,4,6,6,0,5,5,5,7,7,3,2,2,7,3,2,6,1,7,3,2,2,2,2,4,4,6,0,5,2,5",2
"22.169916,37.106654,37.127129,37.153095,55.915918,56.000318,66.782483,119.021797,152.084220,152.279427,152.364488,152.628162,191.572196,230.868034,231.903199,231.960876,231.992294,232.022885,232.113623,252.625292,271.540934,278.515874,278.561938,278.576403,278.582414,278.669973,279.198408,279.213173,279.272394,279.362439,279.390480,327.485092,342.170136,342.176466,382.395639,382.443587,390.659292,413.223497,413.550636,413.573249,413.601477,413.671001,413.996659,416.532466,419.942083,420.373236,426.858231,441.953699,442.046234,442.049543,442.333088,442.420540,449.321288,472.070343,476.444966,476.497313,476.518275,476.525826,476.569117,476.585824,476.671572,476.808851,476.865567,476.909406,476.950213,476.999576,516.070672,516.768587,524.378936,539.501648,593.281458,643.350221,643.368718,643.467682,643.587994,643.617077,643.767496,643.805263,643.809390,655.329569","6,1,7,7,3,2,1,3,3,2,4,4,2,6,1,7,3,7,2,2,7,5,1,7,3,3,2,4,6,0,6,0,4,7,1,7,5,4,6,0,5,0,5,7,5,7,7,7,3,2,2,4,0,5,0,5,5,1,7,7,3,2,4,3,2,2,1,0,4,4,4,7,3,2,4,6,0,0,6,6",2
"4.944565,4.958354,6.548845,17.550847,17.728768,23.009963,23.028293,23.090397,23.100162,23.271825,23.275359,23.446410,23.467570,23.512631,23.614676,23.964872,57.692841,57.764560,57.772763,57.882542,57.896137,57.910520,57.910767,57.912167,57.930575,58.047833,67.917221,67.933263,67.961155,67.961325,68.082116,74.136118,74.180922,94.138853,124.627918,124.629677,145.667324,148.624440,148.682093,148.724134,148.768844,148.780551,149.275802,151.152161,151.412025,154.777482,154.796634,154.854091,154.923763,154.982360,155.060060,155.078313,155.130233,155.245344,155.344581,155.390245,222.597915,255.268603,255.720963,263.812063,263.840798,263.841517,263.848463,263.997661,264.162994,276.132311,276.168689,276.356284,299.244965,299.536684,300.214437,300.368026,300.606801,313.857410,337.493500,337.516094,337.563322,337.647571,338.026918,339.819283","6,0,2,0,5,4,6,0,6,0,5,2,1,4,7,4,3,3,2,4,6,4,4,0,6,6,2,4,6,6,0,2,4,7,4,6,3,0,0,5,5,7,3,1,7,0,5,7,3,2,3,4,2,4,6,0,5,3,2,3,2,2,4,4,6,2,4,6,3,2,4,6,0,7,2,4,4,6,0,3",2
"0.727507,0.924451,0.946452,9.422516,9.449398,9.456698,9.460832,9.489913,9.575063,9.650186,9.725575,9.797939,9.854291,16.880088,27.540741,27.569789,27.638271,27.647560,28.011672,28.138783,38.547663,42.766227,52.712196,57.356389,110.361610,156.812078,156.866420,172.000192,172.118502,192.851858,208.304623,208.306086,208.325831,208.453404,220.911840,225.734555,226.031692,226.068369,226.072642,226.126495,226.235665,226.277671,240.758191,256.283719,269.084565,276.581260,276.637214,276.699493,276.729769,276.730939,276.752877,276.765010,276.784454,276.811532,276.827933,276.848945,276.916908,276.944066,296.493940,296.571254,301.960005,302.009863,302.119192,314.514720,338.465898,338.566234,338.638197,386.362497,393.415401,422.880467,422.900273,423.357780,423.368825,423.587795,423.589477,423.605264,423.654241,423.657686,423.695041,445.420849","3,2,2,2,4,6,6,6,0,6,0,5,5,1,1,7,3,7,3,2,5,1,1,0,4,6,0,1,7,1,6,0,5,0,6,3,2,4,4,4,6,0,4,4,5,7,3,2,3,2,4,4,4,4,6,2,4,6,7,3,1,7,3,6,3,2,2,7,2,3,2,2,4,4,6,0,0,5,1,6",2
"12.889212,13.605732,18.113788,39.837221,40.696032,40.727952,42.523116,71.555174,71.577374,71.879745,88.406961,105.686144,218.684650,218.694759,218.754976,218.756254,218.766519,219.002305,219.053721,219.069685,246.024135,258.546325,258.577633,258.711455,258.774104,258.787192,258.908597,258.932935,258.964919,283.459785,311.236155,327.206028,358.156387,358.237701,359.069550,363.363688,363.812232,363.815413,363.845941,363.883213,363.910162,363.967360,364.026103,364.098135,370.310749,415.132987,415.791691,415.941277,415.955974,416.109957,447.184839,447.248492,447.577117,447.657685,447.918527,453.939013,470.432312,470.535492,487.440419,489.581920,500.298542,500.483361,519.942159,520.009852,520.109414,522.233247,549.920449,572.028846,586.901646,586.946015,587.027190,587.341292,590.810707,600.195932,600.203276,600.381605,600.403864,600.524857,614.256082,614.444694","6,0,4,2,1,7,2,2,4,4,2,6,7,3,3,2,4,2,2,4,5,5,1,7,7,3,3,2,2,3,7,2,0,5,1,3,3,2,4,2,4,6,6,0,0,5,7,3,2,2,2,4,6,0,5,6,2,4,4,6,5,1,2,4,4,2,0,4,1,7,7,3,4,7,3,3,2,2,3,2",2
"1.690327,1.694571,1.751868,1.795994,1.842448,1.874939,1.889815,1.893098,1.895776,1.916815,1.934256,1.950610,1.953530,1.955776,1.972058,1.988252,2.036105,2.143427,2.172194,2.232892,2.250863,2.299820,2.309431,2.314772,2.319666,2.398243,2.570124,16.293943,18.600312,18.616163,18.654417,18.750847,18.752866,18.801658,19.117028,28.541025,28.597957,47.067102,47.790115,50.371379,67.290176,99.559317,99.750603,99.968470,99.999643,100.180952,100.234243,100.243284,100.256187,100.330698,100.375594,100.377522,100.447463,100.504962,107.249937,116.425306,116.774056,116.775432,116.918175,116.966626,117.142314,125.349714,125.367363,125.434325,131.280901,138.647802,138.648524,138.670637,138.674937,138.683905,138.707007,138.984415,139.013273,139.179342,139.331796,154.208506,154.233058,157.085492,157.115374,157.236943","4,6,0,5,6,5,0,1,0,5,7,5,1,5,1,1,5,1,7,3,3,2,2,1,7,7,7,2,7,3,3,2,4,6,2,2,4,1,2,2,4,0,5,1,7,3,1,2,4,4,6,6,0,6,1,7,3,2,4,6,6,7,3,3,1,5,1,7,1,3,7,2,7,4,6,1,7,0,5,1",2
"9.231592,39.015878,39.073235,44.245652,44.264356,44.394000,44.458931,44.465878,44.524242,44.616873,44.798312,79.490251,83.065232,90.707405,91.244788,117.165581,137.733510,141.302300,141.403509,141.428100,141.491719,148.016047,148.371944,155.007922,168.789220,172.762514,172.993280,174.022958,220.743314,220.911120,232.098699,232.246126,232.281766,232.311623,232.356106,232.394264,232.961234,238.269223,238.301273,238.329672,238.333339,238.335758,238.371904,238.560886,238.726846,238.745743,238.816113,238.848751,238.961017,257.824666,274.584149,274.798412,285.535940,285.583830,285.644301,321.134777,321.233875,321.256769,321.331073,321.402819,321.406370,321.417268,321.419056,321.428151,321.526702,321.540398,321.596425,321.629945,321.721704,322.045424,322.369510,322.639941,322.806084,322.962659,362.552911,362.623482,363.532023,371.007459,371.057980,377.717740","2,1,7,4,6,0,5,6,1,7,5,2,6,2,3,6,2,1,7,3,2,5,0,4,6,5,1,0,0,5,5,1,7,7,3,3,3,5,1,1,7,3,3,3,2,4,4,4,6,0,2,4,3,2,2,0,5,1,7,7,5,1,3,7,3,7,2,2,4,6,0,5,1,7,3,2,6,4,6,0",2
"36.217898,42.425868,42.560658,57.218615,59.456040,76.561811,76.580492,77.516676,77.516856,78.826024,105.897928,105.921187,105.932701,105.933963,106.076591,106.165752,106.274823,110.717877,110.834257,124.229000,124.246499,124.272675,124.282103,124.334756,124.349800,139.398146,144.659456,144.739579,144.886868,144.951881,145.127928,145.473203,145.510905,148.097874,148.105834,160.767287,166.007691,166.315424,166.537126,166.661408,166.703138,166.939606,166.948817,166.977082,166.979590,167.109621,167.111731,167.147897,167.174292,167.213714,167.325215,184.840555,185.290752,185.543762,191.332956,191.620166,191.794544,220.101739,220.230522,245.468225,250.169232,259.925709,260.030238,260.050633,260.149698,260.166259,260.201951,260.207273,260.237111,260.264154,260.321357,260.387628,260.394164,269.239382,269.258740,269.269056,269.934416,281.343941,281.415944,281.563345","4,3,2,2,0,0,5,0,5,0,1,7,7,3,2,4,6,6,0,4,6,0,6,0,0,1,6,0,0,0,5,1,7,6,0,5,7,3,1,7,3,7,7,3,2,4,6,0,5,6,5,4,7,3,5,1,7,7,3,5,3,2,4,6,4,5,1,6,0,1,7,7,0,3,2,2,2,5,1,1",2
"3.330949,9.338362,9.340655,10.681630,11.063519,11.064803,11.273364,11.297045,35.510185,48.194342,52.620121,65.186768,65.189852,65.217410,94.838374,107.376520,107.378257,107.533951,111.356251,111.371227,111.381695,111.507881,112.871058,112.875370,112.965633,112.973087,113.160255,113.194170,113.421192,113.423351,136.773875,136.814003,144.216844,146.650800,152.527674,152.568340,154.861125,190.293451,190.313343,190.475755,190.709649,190.716840,190.752617,190.818979,190.852552,190.858447,190.986570,191.007550,191.010746,191.025325,191.055825,191.058572,191.083527,191.164405,191.190196,191.262858,191.274905,191.297816,191.365800,191.388385,191.427680,191.472181,191.545247,191.559928,191.625843,191.631258,197.082371,202.398126,202.409881,202.534414,202.692600,202.715329,202.815688,202.845241,213.864452,219.455732,222.136167,226.929984,227.171425,250.399064","7,7,3,6,0,5,5,1,2,5,6,0,5,5,2,0,5,1,1,7,3,2,4,6,0,5,1,7,3,2,4,6,6,2,0,5,0,6,0,0,5,1,5,1,7,7,3,2,4,3,6,2,0,7,3,4,2,4,4,6,0,0,6,0,5,1,5,0,5,5,1,7,3,1,1,3,3,3,2,3",2
"14.384000,14.388840,14.401377,25.465566,59.964902,59.966138,60.058760,60.066300,60.069025,60.106391,60.131897,60.166705,60.185777,60.235454,60.249509,60.439676,60.520855,60.674090,67.460827,67.464431,67.495061,67.505701,67.506190,67.521718,67.592652,67.632954,67.702714,77.072264,77.126334,116.146608,116.489673,127.907446,139.031264,147.088635,147.111967,147.163829,147.250849,147.284581,155.114273,155.191912,155.274323,155.292195,155.409701,203.227794,203.381970,203.413963,203.508671,203.549992,203.643889,203.977541,206.160755,206.515306,206.668850,206.780541,238.462015,248.263134,248.348061,248.474540,253.974909,254.009191,254.119950,254.305706,254.412198,254.546141,254.682954,254.744292,254.766148,254.877031,254.957890,255.011475,255.154056,272.168044,272.243047,272.355086,272.393528,284.446868,284.913027,284.965886,285.138243,294.378776","2,4,4,3,7,3,3,2,2,2,2,4,3,2,4,4,6,0,1,7,3,7,7,3,2,4,6,4,6,3,6,3,4,7,3,2,2,4,5,1,7,3,3,0,5,1,7,3,1,2,4,6,0,5,1,6,0,0,0,5,5,1,1,7,3,3,2,3,2,4,6,2,4,4,6,1,0,5,1,0",2
"6.921923,6.954652,6.974211,11.668642,23.807866,23.863439,41.205613,51.521919,51.788614,52.140214,52.400986,52.490415,52.543704,52.644681,52.655206,52.729593,52.799000,52.801352,52.838597,52.844321,52.846314,52.877856,53.306461,59.309112,62.021325,62.359732,62.385843,62.397537,62.453330,62.494331,62.498897,62.544508,62.613352,62.625459,62.653376,62.732336,62.884787,62.935044,63.172632,83.613937,83.658577,83.727276,83.742325,83.789324,83.837201,83.860297,83.865684,83.891252,83.901920,83.909285,83.913174,83.983555,84.034372,84.103624,91.225925,91.278668,91.283866,91.325313,91.391415,91.407701,91.560680,91.625105,91.664237,91.815417,91.870847,91.874720,92.065420,111.435741,111.450045,111.598734,111.612406,111.740653,111.968824,112.182638,112.255607,122.530976,123.136212,133.741067,133.744160,147.915178","3,2,7,0,0,5,0,5,3,2,7,4,6,0,5,4,6,5,1,7,1,7,3,4,1,4,6,6,0,0,6,0,0,5,5,5,1,7,3,0,5,1,7,3,5,1,1,7,3,2,7,1,2,2,7,3,2,2,3,2,2,4,6,0,6,0,5,4,6,6,0,5,1,7,3,6,7,5,1,0",2
"11.938381,11.953886,12.036436,12.056546,12.540609,26.712845,43.052591,47.355290,47.590049,64.102939,83.310117,83.334753,83.452305,83.478682,83.494029,83.527375,105.728214,108.691291,108.721907,108.722851,108.748169,108.755338,108.768272,108.790802,108.810986,108.842709,108.889121,108.910886,117.738595,137.862428,153.486428,173.670058,174.891228,174.981306,195.474928,199.841669,216.861966,216.973630,221.324319,221.338302,221.459380,221.497666,221.517008,240.801057,259.603218,264.835325,298.253876,338.029444,340.707079,340.791607,341.088837,341.093190,341.171555,359.855346,372.385508,372.480356,383.797775,383.801964,383.822264,383.822472,383.904096,383.956128,383.993960,383.995985,383.997419,384.091414,384.116313,384.215222,384.224119,384.246886,384.258660,384.313954,384.322761,384.339341,384.354233,384.478576,384.617097,398.033428,398.066781,398.084444","0,5,5,1,7,6,0,2,4,3,1,7,3,7,3,7,7,2,4,4,4,6,6,4,0,0,6,5,5,2,5,6,7,3,6,0,6,0,0,5,1,7,1,5,6,5,2,1,7,3,2,4,4,4,1,7,6,0,0,5,1,7,0,3,1,7,2,4,3,6,0,0,0,5,1,5,5,0,5,5",2
"26.668211,35.752987,45.379486,45.541446,45.567816,45.848703,55.777126,55.894489,56.141169,94.526302,102.393761,105.937331,106.164793,106.167346,106.168008,106.385767,106.745113,108.744735,122.472331,122.492638,122.539816,122.574290,124.317252,136.709361,136.907994,136.928851,141.056754,141.197739,141.291579,141.319235,163.880526,183.003973,183.104998,183.116052,183.279617,183.356701,183.373321,183.427738,183.479019,183.490162,196.523779,225.508207,278.131572,278.172987,278.192363,278.273627,278.540839,278.603753,278.633335,278.749375,278.750259,278.752447,298.347780,298.564517,298.564813,298.606617,357.069198,359.036410,372.977066,373.292836,441.147198,441.156733,441.196344,456.217108,463.430156,469.127439,496.040249,496.047384,496.078425,496.117802,496.142777,496.233587,496.249448,496.262073,496.333152,496.335830,496.427410,496.444851,496.564176,504.034872","1,2,2,4,6,0,0,5,5,0,5,3,2,4,6,0,5,2,1,7,7,3,7,4,6,6,3,2,4,4,6,3,2,4,4,6,6,0,5,1,3,6,3,2,2,4,4,6,6,0,5,6,7,3,2,4,1,3,4,6,1,7,7,2,7,0,7,3,2,2,2,4,4,6,6,0,5,5,0,5",2
"45.001709,45.092399,58.934803,82.326976,102.213327,105.835368,109.675466,109.765071,126.973454,127.126713,199.768273,224.520469,233.598788,233.675314,233.752701,233.862813,272.483864,284.783779,284.844777,284.931422,285.075697,296.401908,301.806805,306.282503,306.408004,306.561953,315.627374,324.775350,338.699589,362.345384,362.991607,396.748477,396.762663,396.806759,396.824765,396.916057,397.170022,398.302362,398.344595,398.381614,398.531368,398.695390,398.705955,398.749281,398.808138,424.403309,427.047080,464.277799,480.921157,481.736442,481.777448,481.845839,498.842280,564.049498,570.680691,580.502713,580.751293,580.824350,580.825359,586.750207,586.798892,617.222433,617.231164,617.249818,617.274790,617.298024,623.590728,646.557136,646.568476,646.612296,646.737062,646.980393,647.129213,668.668767,668.790284,670.874848,670.888661,676.186386,679.931441,680.074229","3,2,4,1,1,0,1,7,0,5,4,0,4,6,0,5,7,1,7,3,2,2,2,0,5,1,4,6,6,3,6,1,7,7,3,2,4,2,4,6,4,6,0,5,1,3,3,5,5,6,0,0,1,0,1,7,3,2,2,7,3,0,5,5,1,7,6,7,3,2,2,3,2,2,4,4,6,5,1,7",2
"0.707140,0.725590,0.759923,0.907445,11.032225,14.178608,29.379430,40.033959,96.139484,96.144877,96.207375,97.662915,103.195031,107.002502,107.015787,107.155820,107.296171,115.237222,121.196754,121.271441,121.286644,121.343365,126.596197,132.349439,143.023224,143.161472,143.173318,143.183350,143.249624,143.305193,143.375727,143.422447,143.508381,143.872596,169.510707,178.254593,178.461577,178.542800,187.461505,188.160905,199.084221,199.208952,209.926358,218.906377,232.275941,232.315116,232.443772,237.073760,242.735890,244.931087,245.078320,245.087074,266.268438,295.202536,312.503335,330.975213,331.094503,339.282985,339.298300,339.354948,339.500910,339.527710,342.151406,355.502681,355.608739,355.646136,355.692485,355.695359,355.751170,355.770511,355.771865,355.784550,355.818444,355.834494,355.887504,355.921318,355.938459,355.988848,356.013964,356.029624","6,0,0,5,2,5,0,0,4,6,0,2,7,4,6,0,5,4,7,3,2,3,3,6,5,1,7,7,3,1,3,7,3,2,5,0,5,1,6,3,6,0,2,6,5,1,7,0,1,3,2,4,4,1,0,5,1,2,4,6,6,0,0,3,2,4,6,0,0,6,5,1,7,3,0,1,0,5,5,1",2
"10.539566,27.888513,33.462681,51.458995,51.644034,64.754076,68.199893,68.880766,69.897233,70.057264,70.079678,70.184472,73.233049,73.364738,84.112412,145.436393,146.283778,184.421646,188.013661,188.325197,188.493158,193.442288,193.500694,193.569503,193.577957,194.028355,194.180844,194.344819,194.385270,194.666441,194.682597,194.715043,194.818307,203.808182,203.955887,204.015552,204.025865,204.046720,215.398507,221.501226,221.784435,221.835364,223.550074,223.601279,223.751031,228.690364,230.178730,230.321727,230.357089,241.320334,241.386174,242.769266,254.801539,254.829006,315.410542,315.645558,315.825091,316.346243,316.389363,335.921467,336.554250,336.578723,336.609470,336.614479,336.690362,336.718715,336.731068,336.952284,347.840493,351.208354,361.944805,362.378749,384.962018,385.050822,385.190963,385.241865,385.397587,385.506708,385.548076,385.562934","0,4,6,6,0,0,2,4,4,6,0,0,5,1,5,5,2,4,6,7,3,3,2,2,4,1,7,3,3,2,4,6,0,7,7,3,2,2,0,1,7,3,6,0,5,0,1,7,7,6,0,4,5,1,2,4,6,0,5,5,1,7,3,2,2,4,4,4,1,1,7,3,0,5,5,1,7,3,2,4",2
"15.005069,15.151321,15.285819,29.873076,57.144841,64.529320,79.900970,79.938606,93.827399,95.097154,95.249872,95.437471,95.497161,95.625087,95.672896,95.803528,96.391023,114.951761,114.992154,115.022772,115.053070,115.178802,115.306770,115.326556,115.366771,115.397572,134.847256,135.927142,135.995142,140.233015,151.802683,172.791651,172.930875,172.933704,172.991916,173.143249,173.174851,173.186420,222.948488,223.018687,223.471043,223.504921,223.610415,248.621937,270.164809,270.295232,270.301611,270.313259,270.335124,270.352344,270.356801,270.365261,270.407238,270.656478,270.718183,270.823987,302.836356,303.105173,303.174883,303.180511,303.211099,303.360626,318.951611,319.036436,319.100293,319.245097,319.301251,319.341836,319.359588,319.373395,319.378869,319.559858,319.629964,385.427088,417.182998,417.909218,436.140244,436.395555,436.412367,448.525695","2,4,6,2,4,6,6,0,0,0,5,1,7,7,3,2,2,6,0,5,5,0,5,5,1,5,6,1,7,7,4,1,4,6,7,3,2,6,3,2,6,0,5,3,7,3,2,2,4,2,6,0,5,4,0,6,5,1,1,7,7,3,6,0,5,1,7,3,2,3,2,2,4,6,3,7,0,5,1,2",2
"0.460344,0.482449,7.616734,9.373956,24.326660,24.345986,24.457599,24.506101,48.422072,49.107578,83.806363,83.821519,83.981781,106.154074,106.209184,106.318810,117.344976,170.474327,170.481440,179.215611,180.252076,180.357001,180.381737,180.437575,180.447975,180.455505,180.502150,180.610356,180.796848,180.810050,199.688224,199.707798,199.746958,224.068263,224.080704,237.604146,270.184191,275.447393,281.728980,281.824178,282.001515,295.837544,317.515465,369.258153,436.861618,437.543505,461.410141,462.605315,462.657778,462.708001,462.732691,462.788351,462.832486,462.878144,462.917380,463.002923,463.010085,463.040313,463.247687,463.432045,463.462671,463.502180,463.519123,463.570672,487.824649,487.910284,493.891889,494.081004,494.136163,499.356188,514.700830,514.704494,514.708100,514.708672,514.732876,514.799665,515.213280,515.338148,542.868392,558.015124","5,1,3,4,7,3,3,2,1,4,7,3,3,1,7,3,5,2,4,5,6,6,0,0,5,1,5,5,2,1,1,7,7,1,7,6,5,4,1,2,4,2,3,5,5,2,2,5,1,1,7,3,7,3,2,7,3,2,3,2,4,6,0,4,7,3,6,0,5,3,5,1,7,3,0,7,6,0,7,0",2
"4.576527,8.553576,8.673622,11.474384,12.226936,12.229069,12.251258,45.928348,190.737966,236.608717,244.537421,244.956261,244.962694,245.011214,245.071155,245.075194,245.090662,245.121218,245.212799,245.332500,250.200256,250.326091,250.364192,250.381661,254.349774,282.699035,282.859471,282.931383,300.482311,300.489144,300.498458,311.705727,311.727770,311.730207,311.819446,311.820627,312.486931,321.081059,321.153131,415.500209,415.532775,415.620430,415.631062,415.651556,415.746653,415.775946,418.540925,464.972072,501.930079,501.946808,504.734809,504.813584,511.845776,511.968050,512.057279,516.019557,526.029948,536.425971,536.459132,536.484528,536.558634,536.661908,536.760841,536.771511,536.775949,536.810917,536.849656,537.468667,537.720901,554.054938,554.068235,554.153486,554.295798,557.171950,557.354860,559.956897,559.999203,560.115143,560.150105,560.215036","2,4,6,6,4,6,0,1,2,5,6,0,5,5,1,7,3,2,2,1,6,0,5,1,6,5,1,1,6,0,5,1,7,7,7,3,0,7,3,0,5,1,1,5,1,7,6,3,1,7,3,2,5,1,1,3,1,1,7,7,3,7,3,2,4,4,3,2,7,5,1,7,3,7,3,7,3,2,4,2",2
"31.089796,31.348860,31.451927,35.799659,35.969127,36.241617,85.868501,85.934238,86.076555,109.176470,109.283411,109.341325,109.348764,114.343104,131.881014,133.818460,136.426100,141.419847,161.727327,161.730815,161.740587,161.757444,161.779414,161.827928,162.037409,162.117319,162.733776,170.934687,179.933364,187.934259,208.012646,211.990325,233.017471,233.208846,233.359541,233.566258,264.440816,271.535929,271.582880,271.629890,276.881173,276.951456,277.080112,277.098957,277.202923,277.259683,295.917336,336.955213,356.745423,356.750915,356.757234,356.763322,356.807796,356.920461,356.922420,356.930716,357.025957,357.086668,357.098340,357.131112,357.168828,357.205892,357.208915,357.213061,357.227678,357.252493,357.305860,357.502618,357.569495,357.605701,357.640923,384.425203,398.105722,437.168796,438.639500,438.656170,438.663974,438.728605,438.811757,466.106147","0,3,2,6,0,5,6,4,6,2,4,6,6,2,4,0,7,0,7,3,2,3,3,2,3,4,6,7,0,5,0,6,6,0,5,5,3,4,6,0,5,1,7,3,3,2,2,7,3,2,2,4,6,4,6,0,5,0,0,5,1,7,2,4,6,0,1,1,7,3,2,6,3,3,7,3,3,2,0,6",2
"1.620510,1.662289,1.687722,1.720884,1.745444,1.761414,1.789978,1.862901,1.951143,1.969156,2.121660,2.125339,2.365977,2.419465,2.486892,16.747482,16.835971,16.860041,16.955807,16.981755,16.987915,17.069515,23.530892,28.384982,31.195306,31.347257,45.965933,72.421108,106.925820,109.552324,119.213046,127.149792,153.254725,153.331015,153.387550,154.400091,154.526872,154.528480,154.556167,154.641970,154.681277,154.713380,154.756058,178.651179,178.711311,178.735632,178.764024,178.798649,208.980008,209.117725,209.353715,210.543383,210.566873,212.294323,212.318083,212.610655,229.555195,231.813239,231.955318,249.728873,249.959431,265.904345,265.999891,270.067897,273.392218,287.054289,287.069401,287.082065,287.130538,298.903239,301.803122,301.812851,301.846200,301.872812,301.897241,302.131423,302.213013,302.860164,302.881551,307.063805","0,5,1,1,1,7,7,3,2,2,2,3,2,2,4,4,6,0,0,5,0,1,0,3,5,5,5,4,5,1,5,1,6,0,5,4,6,0,0,5,1,5,1,3,2,2,2,4,7,3,2,1,7,1,7,3,6,3,2,2,4,5,1,6,1,3,2,2,4,3,5,1,7,3,7,7,3,4,6,2",2
"26.081545,26.183481,26.199406,26.285206,29.247590,34.199284,34.214386,37.624822,50.803210,67.038557,67.052896,67.092106,89.562937,90.272192,90.353026,99.831064,118.949182,118.951234,131.916946,137.771346,137.778219,137.866685,137.897317,137.925652,138.201522,138.243202,138.579336,138.603683,139.462562,155.233917,155.352302,212.827745,212.947576,213.064294,213.096781,213.153502,213.175086,213.212378,214.316901,233.955742,243.454843,243.495908,243.750552,243.769819,282.659426,282.676016,282.792994,283.121310,285.671756,290.768167,308.843638,308.893291,308.963047,308.971909,338.257921,338.275949,366.092595,374.555454,376.990622,377.028088,377.180515,377.205807,377.226209,377.300856,377.475743,377.484106,377.496284,377.708885,377.940771,378.126143,378.196776,387.516048,387.599688,387.792621,387.811525,387.815388,387.905138,400.418870,400.447275,400.508588","1,7,7,3,5,5,1,6,1,2,4,6,6,3,2,2,1,7,1,1,7,7,7,3,3,2,4,6,7,4,6,7,3,2,2,3,2,2,5,1,7,3,3,2,4,6,0,0,0,3,0,5,1,1,3,2,5,2,0,5,1,7,7,3,3,2,2,3,2,4,4,1,7,7,3,2,3,1,7,3",2
"29.911108,57.785883,64.913690,65.812947,65.843819,74.566520,77.664666,126.714888,137.789230,137.791101,137.795650,143.205010,143.228311,143.294211,143.343486,154.005007,170.125262,170.200029,170.453846,170.458402,171.049784,175.144389,175.182637,183.059109,183.062890,187.515304,187.520143,187.529880,187.642901,188.102448,188.243524,188.296482,188.338047,188.406292,188.444985,188.509001,189.989943,190.136301,203.264297,211.504181,211.514515,211.540358,211.862917,211.868525,220.699792,221.082339,221.234620,221.236332,221.268782,221.275221,221.363966,221.407125,221.414444,222.513595,222.549734,222.567231,222.586455,222.657653,222.703721,222.727182,222.904106,227.562939,227.705941,227.709029,227.742104,227.745828,227.751155,227.758168,245.061165,250.393672,250.538086,250.587484,262.020421,262.040431,262.070990,262.125821,262.213474,277.703416,277.707121,277.721482","1,0,5,3,2,4,6,4,5,1,1,2,4,6,6,5,6,0,0,5,5,7,3,0,5,1,7,7,7,7,3,2,4,6,2,0,0,5,1,1,7,7,3,3,6,0,5,1,5,1,7,3,7,1,7,7,1,7,3,3,7,7,3,2,4,6,3,6,2,0,5,1,4,6,6,6,6,6,0,0",2
"0.209773,0.348576,17.355050,25.540615,26.836328,26.857982,26.900713,26.928069,29.305504,45.956134,49.469823,60.442611,67.864512,82.474367,82.485868,82.488691,105.251986,105.329585,105.426693,105.428186,105.440768,105.459263,105.472527,105.478014,105.562534,105.569192,106.972231,107.038999,107.157021,115.278982,144.337928,159.432782,160.597386,160.774539,172.621819,173.396054,187.797659,187.800673,187.839793,187.841323,216.305142,216.429391,225.332049,225.398624,225.440492,225.510063,225.536625,225.780542,256.485633,256.535212,256.558134,256.592634,276.690905,276.731877,307.637313,321.151595,321.260113,321.342329,350.543366,362.849548,367.730587,398.217628,398.339109,398.546479,398.606455,407.971830,408.214834,436.986766,476.961100,478.551840,496.796166,496.812881,497.035878,497.052927,497.147570,497.216295,497.227999,497.246819,497.268820,515.488594","0,5,2,3,7,0,3,3,7,5,5,0,3,5,1,7,0,5,1,7,1,7,3,3,7,3,0,5,1,1,1,2,6,0,0,1,0,5,5,5,0,5,0,5,1,7,3,1,4,6,0,0,0,5,0,1,7,3,1,6,6,0,5,1,7,4,6,5,3,2,5,1,7,3,1,7,3,3,2,3",2
"3.321958,3.922277,47.623127,48.036401,48.048027,48.197814,48.350434,59.465838,61.310498,61.646134,118.882566,165.794800,166.244566,166.325255,184.663424,191.626867,243.454026,243.529783,247.252515,291.679908,292.723838,292.833211,292.858890,292.890574,293.004974,312.413748,320.229989,333.458326,333.484445,346.617420,346.734975,346.735826,346.765727,346.874675,346.877754,346.904506,346.937457,347.137661,347.195861,347.219255,347.290495,347.308895,347.311290,347.393472,347.401691,363.210320,371.119161,371.124675,371.163678,371.195315,371.263779,371.293016,374.685701,374.726913,402.310844,426.152616,432.775406,433.122765,433.207792,433.247938,462.236724,462.254176,462.294189,462.340581,462.523693,462.538010,462.550685,462.556712,462.574296,462.928512,476.860144,476.861979,476.922271,476.990024,477.251882,480.609902,497.927901,500.113770,537.543965,537.555485","4,6,5,3,2,4,6,3,2,4,5,3,2,4,7,0,1,4,1,5,6,0,0,6,5,0,3,0,5,7,3,2,4,4,2,4,6,6,0,0,5,5,1,7,3,6,7,3,3,2,2,2,3,2,5,3,6,0,5,5,5,1,7,3,3,2,4,5,2,1,6,0,0,0,5,1,3,2,3,2",2
"17.682363,17.711177,47.439230,65.446802,66.939947,66.955255,67.104223,67.151283,83.915288,89.649528,89.652049,89.818613,89.972518,90.121081,96.698462,96.820789,110.887302,111.007007,111.064987,111.081059,111.153821,112.647939,116.789721,118.880506,121.290358,127.841053,127.962020,128.135358,130.660174,130.766049,130.831978,189.546421,189.595559,193.298677,197.202598,242.452544,254.612098,259.062080,272.004940,286.575183,286.598843,286.601864,286.668788,286.755573,288.644914,288.756334,296.732881,296.759713,313.823605,313.828407,313.856079,313.918337,313.930464,331.573817,352.798415,352.833326,352.856506,352.923009,354.153119,354.571896,358.841491,358.919514,370.621251,370.650865,371.368255,371.654071,371.899977,397.553425,420.926824,420.960583,441.522446,442.175643,464.263762,464.310665,464.321383,464.323205,464.346754,464.400495,464.569431,474.842563","6,0,1,0,7,3,2,2,7,7,3,2,2,4,1,7,5,1,7,3,2,5,1,0,3,3,2,2,1,7,3,1,7,0,0,0,2,4,5,6,0,5,0,5,2,4,2,4,5,1,7,3,2,4,4,6,0,0,6,0,6,0,6,0,3,2,4,4,4,6,4,6,1,7,3,7,3,3,2,2",2
"12.796251,12.908064,13.038607,28.880589,45.198174,54.921563,56.978430,56.999147,57.021978,57.024892,57.043557,57.103304,57.140743,57.144610,57.159627,57.165527,57.167257,57.170452,57.171125,57.200211,57.219533,57.271437,57.294038,57.342351,57.423195,60.402784,60.900660,61.067013,61.136890,61.196696,61.508890,61.544633,61.546710,61.576638,61.676636,61.687365,61.690355,61.703608,61.738260,61.746467,61.755240,61.763293,61.773950,61.921533,62.001120,62.014333,62.104764,62.185054,62.189804,62.199233,62.213537,62.213567,62.303230,62.379214,62.382118,62.387738,62.413535,62.423323,62.427003,62.451162,62.514635,62.544635,62.548436,62.564235,62.570268,62.573528,62.573819,62.673715,62.680713,62.681258,62.682512,62.683631,62.697461,62.706910,62.722284,62.770326,62.776622,62.793004,62.806755,62.818692","4,6,7,3,2,4,7,3,2,3,3,3,2,4,4,4,4,6,6,0,0,2,6,0,4,7,2,4,6,0,5,1,4,6,1,7,0,7,7,3,6,0,1,3,3,2,7,3,3,3,2,2,4,4,6,6,2,6,4,6,6,6,0,0,6,6,0,6,0,5,5,5,1,1,0,5,0,1,5,5",2
"11.862332,11.987022,12.012683,12.040511,12.087459,12.138025,15.709367,15.775890,15.841344,19.018286,23.172805,27.389669,27.435113,27.491477,27.501101,27.559530,27.573659,27.582382,27.694757,27.899979,27.912476,48.693491,52.319743,56.141777,96.420584,96.422089,96.459679,96.472653,96.571272,105.523164,105.589043,105.815706,106.027687,114.415212,133.417526,196.524914,208.323670,211.261795,211.275017,211.385302,211.406791,211.441196,211.508651,211.619246,211.647635,217.617197,218.144058,218.233704,243.997487,243.997974,244.009585,244.077531,244.090095,244.090353,244.268265,244.574786,244.582552,244.588798,244.670628,244.854799,244.891200,245.495481,246.200064,246.323419,246.334188,246.336802,246.337481,246.389349,246.529699,246.560903,246.579577,246.622936,246.706850,246.708568,246.757149,246.818703,246.833331,246.938061,246.949363,247.017678","4,6,6,6,0,5,3,2,4,6,2,7,3,3,2,4,4,6,6,6,0,7,7,4,2,4,2,6,4,0,5,5,1,2,7,0,0,4,6,6,0,5,1,5,1,1,5,1,2,4,6,4,0,6,0,4,6,0,5,6,0,5,0,5,1,7,3,1,2,1,7,4,3,2,2,4,6,6,0,5",2
"6.934371,6.952125,6.983214,7.016575,7.046670,7.055752,7.136486,7.182554,7.196732,27.464583,32.221960,32.289644,65.301882,65.366414,65.395156,65.431285,65.434332,65.485197,65.504980,65.528006,65.554758,88.166660,91.028751,91.332818,91.486615,120.682313,120.862118,121.298061,121.304597,121.307598,121.437940,121.493530,121.560141,142.087799,142.221004,167.613521,172.083919,180.005599,180.014236,180.093174,180.115392,180.143821,189.632107,189.700967,190.547103,190.567648,190.678070,203.631946,203.633448,203.897444,203.914151,203.965660,204.036889,204.054680,204.145445,204.201822,204.267290,209.540298,212.380180,240.651306,240.714770,241.130453,246.514576,246.714566,246.774746,246.797998,246.807346,246.812040,253.480284,253.566419,253.674516,253.679724,253.684447,253.734897,253.802824,264.671465,264.714996,264.930740,272.017385,273.899229","2,4,4,6,6,0,6,5,0,7,3,2,4,6,0,6,0,5,1,5,7,6,2,4,6,0,5,2,0,4,4,6,0,4,6,6,5,3,2,2,4,6,1,7,5,1,7,1,7,3,2,4,6,0,2,5,5,0,1,1,7,3,2,3,2,2,2,2,3,2,4,4,0,5,6,2,4,6,5,4",2
"3.895518,8.475553,8.479940,8.644639,8.756874,8.767834,9.020350,9.124147,9.164091,9.229675,9.277415,9.368210,9.401918,9.440496,9.499954,9.537627,9.642040,9.646435,9.685247,9.805534,9.934803,15.897262,18.135732,18.192759,18.280643,18.505656,18.566572,32.298732,36.930794,37.011154,53.934602,53.960848,54.024183,54.043190,54.060637,54.091921,54.098229,54.458252,54.470908,54.609629,58.340965,74.114712,74.287854,74.443912,89.563996,89.606303,89.636813,89.673045,121.489423,156.546413,161.194194,161.251626,165.640651,180.808519,193.549767,223.988197,224.044803,246.649968,246.717617,247.051738,247.085023,247.109329,247.137462,247.222600,247.321568,247.354904,247.356119,265.345647,265.528743,265.597533,265.620612,305.345160,346.434742,375.080152,375.346595,380.721861,397.266738,397.367474,397.644144,397.735079","6,6,0,5,1,7,7,3,7,3,3,2,2,4,6,6,0,5,5,5,1,6,0,5,5,1,1,7,3,2,2,4,6,6,0,6,5,0,5,5,1,7,3,2,5,1,1,7,6,5,3,2,3,5,5,5,1,0,5,1,5,7,3,7,3,2,2,5,1,7,3,5,4,0,5,4,6,0,2,4",2
"44.330511,44.374808,44.432885,44.485978,44.544108,44.551286,44.605060,44.637252,66.728833,76.817496,76.957078,76.974172,76.989286,77.173996,109.620052,112.975305,113.181962,113.610750,114.002201,114.026425,147.289463,147.347465,147.369858,147.437556,149.538656,168.869732,168.944324,169.032391,176.174636,197.939860,203.264254,207.744348,218.387164,220.702413,235.887841,236.073524,236.236022,249.756945,252.732673,344.406481,362.234405,364.710328,364.768217,394.673960,394.720382,394.790301,394.828657,394.918045,394.957282,471.286238,472.926569,498.833749,508.333663,549.626456,549.815477,549.864643,553.062626,553.160549,573.729845,575.816955,606.640695,606.659014,606.774772,606.802621,606.890822,610.578826,610.606360,610.625022,613.002929,613.008714,613.018761,613.044902,652.732774,652.743519,660.835273,662.287513,662.319020,662.491866,673.581660,693.691717","0,5,1,1,7,3,2,2,4,1,7,3,2,2,3,2,4,5,1,7,6,0,0,5,1,3,2,4,1,6,6,3,1,3,5,1,7,1,5,1,4,6,0,2,4,6,4,6,0,1,6,0,1,4,6,0,2,4,6,6,2,4,6,6,0,0,5,5,6,0,0,5,0,5,5,7,3,2,2,7",2
"17.472544,39.464774,60.396885,64.130073,64.201728,64.403685,64.446310,64.524810,64.530510,64.560351,64.585106,64.674784,64.701125,64.711669,64.774941,64.803795,64.813773,64.971763,64.977676,67.933053,76.317308,76.346033,76.591625,76.691022,76.855132,76.887981,93.099016,112.626375,113.011869,120.229688,135.706280,135.771090,135.797422,136.056400,142.502817,142.607587,143.222972,143.272223,150.504767,150.618894,150.666234,150.767228,150.806458,150.818978,150.820391,150.851297,150.857524,150.871185,150.885982,150.896189,150.905679,150.908123,150.943634,150.985445,150.993655,151.002699,151.017541,151.021412,151.038137,151.043628,151.066288,151.106587,151.135363,151.179358,151.184077,151.205060,151.295585,151.308840,151.313844,151.395685,151.442011,205.373659,205.397173,205.451023,205.461477,205.537697,205.862504,205.927496,205.929035,205.970279","7,4,4,5,1,7,7,3,3,2,4,3,2,4,4,6,0,5,5,2,1,7,3,2,2,4,0,2,4,2,5,1,1,7,0,5,4,6,0,5,1,5,1,7,3,2,7,3,4,1,7,2,3,7,6,2,4,0,0,5,1,0,5,3,2,2,2,4,6,4,7,6,0,0,5,0,2,5,4,6",2
"18.982737,19.775661,19.845745,21.511605,32.788838,34.100592,34.377853,35.532805,45.165222,45.281197,55.037014,59.984151,74.629069,74.763364,74.793128,74.890637,74.905149,75.023856,75.092709,75.138038,75.139809,75.226457,85.912303,103.588400,103.604324,103.748468,103.797508,103.871152,103.888920,103.961794,104.069692,125.159271,125.820527,128.910638,133.042451,133.106437,133.119261,133.129561,133.380852,133.393468,133.426313,161.803572,222.779025,222.960438,250.466207,260.924946,270.328890,272.636265,281.815212,281.861324,281.861924,281.864530,281.915597,284.808430,285.094995,285.219773,287.943108,326.037941,326.142436,326.193436,328.114914,328.287286,328.317897,328.317951,328.319834,328.351369,328.364753,328.370557,328.394759,328.554554,375.898399,387.718713,387.854046,391.409878,391.521610,391.720370,391.769749,414.925691,418.960392,418.963417","0,0,5,4,0,1,7,5,0,5,5,7,5,1,7,3,2,3,2,2,2,4,0,2,4,6,0,4,6,6,0,4,5,4,5,1,7,7,3,2,2,4,6,0,6,3,0,5,6,0,0,5,0,5,1,7,2,2,4,6,2,4,6,0,0,0,5,5,5,5,3,4,6,0,5,1,5,0,5,1",2
"18.690139,22.638872,27.168872,35.216328,35.295613,35.514184,51.423025,70.441262,70.652211,70.716653,91.797938,91.802664,91.864196,91.871339,105.961069,105.969444,112.212163,112.326873,112.333808,112.375798,112.383983,112.432007,112.442953,112.550837,112.638663,112.679656,112.684684,112.757975,112.769005,112.773781,112.843934,112.911011,112.921557,119.938795,119.993140,119.993440,120.046873,120.069784,120.089119,120.092131,120.192870,120.223409,120.344479,120.347555,120.478887,120.584135,120.645627,127.564474,151.923445,152.038018,152.058636,152.102536,152.109098,152.478100,152.518922,152.580304,152.624862,158.028668,158.047017,158.980105,159.150841,172.306703,206.515679,206.587618,206.660165,206.709599,206.928402,206.940407,206.941828,206.982339,207.015809,207.025814,207.154222,207.162443,207.162870,207.178723,207.183001,207.236790,207.272373,207.336039","3,7,1,2,4,6,6,2,4,6,6,0,0,5,4,6,2,4,6,0,5,1,7,7,3,2,7,3,2,2,3,2,4,2,4,6,0,5,1,1,7,6,6,0,7,0,0,5,7,3,2,3,2,3,2,2,4,1,7,1,7,0,6,0,5,5,1,1,7,7,7,7,3,3,2,7,2,4,2,2",2
"6.573711,22.261446,24.480178,118.992734,122.041331,127.565548,131.908358,131.952217,144.465172,144.509894,158.222770,180.169153,180.243217,180.263363,180.306845,180.340821,180.375166,180.684740,220.905110,221.005381,234.048677,234.057239,234.090925,234.188922,234.275126,234.323616,234.363360,234.374129,234.406502,234.406947,234.472927,234.526569,234.687346,250.156705,255.694145,287.650093,291.036682,291.066098,291.188448,314.536807,314.537180,316.332873,316.471312,318.380876,320.140609,328.276785,365.741084,371.288692,371.333325,375.584199,375.776175,383.045910,397.082615,397.376348,398.945579,399.065756,399.070551,399.094835,399.109898,400.160285,400.217476,404.775614,405.015527,405.463883,457.075402,489.442283,499.100094,504.289953,504.309772,504.317506,504.853146,514.939237,515.037290,541.488880,553.721271,553.809384,553.867270,601.621916,651.701386,660.474319","6,4,1,1,5,2,3,2,6,0,5,6,0,0,0,5,1,5,5,1,4,6,0,5,1,7,3,2,4,6,0,6,5,3,4,0,1,7,3,0,5,1,7,2,6,4,1,0,6,3,2,6,0,5,1,7,7,3,2,7,3,3,2,4,5,7,6,4,6,0,5,6,0,0,4,6,0,2,3,0",2
"80.988299,87.422305,92.596960,92.810836,92.921454,93.785267,95.302936,95.370538,115.528251,130.686433,131.167848,131.255942,131.495718,144.923078,153.116216,153.122726,153.152038,153.164736,153.170797,153.299679,153.304201,153.365761,153.447692,153.467098,153.479119,187.746643,187.763686,191.545575,197.915629,210.241492,210.355975,212.681078,223.516735,223.650514,223.686297,223.728057,223.789655,223.955638,223.992313,224.021184,224.039965,224.059785,224.073511,224.080130,228.772862,235.732908,235.755852,235.974579,235.981947,236.065290,236.069549,236.153465,240.989088,282.130298,282.136502,282.216031,282.216371,282.244777,282.251036,282.270763,282.354812,282.357602,282.367187,282.395175,282.412377,282.462902,282.507684,282.547356,282.836263,282.861001,283.059836,297.644156,297.791345,297.921107,297.948968,298.251887,312.104951,313.452608,322.902692,322.916467","2,0,7,3,2,0,7,3,2,3,2,4,4,6,1,7,3,2,2,7,3,3,3,3,2,6,0,0,1,3,2,6,2,4,6,0,5,1,7,7,3,2,4,4,3,5,1,1,7,3,7,7,2,0,5,1,7,5,1,3,1,7,1,3,7,7,2,3,4,6,0,0,5,1,7,3,7,2,4,6",2
"0.442768,33.930387,33.942621,34.137150,51.382725,54.969020,62.868528,62.906881,66.136046,82.454071,83.327691,83.548425,83.601996,83.675303,83.751817,84.028108,84.071004,86.004071,93.702191,93.848683,108.784917,110.459311,120.917135,121.095844,121.120069,123.727116,128.244767,128.284397,128.312015,128.362714,128.452742,128.502922,128.505547,128.650844,128.653282,128.670494,128.691783,128.745611,128.782413,128.873085,128.879658,131.789668,132.034520,132.043733,132.048838,132.092084,153.880979,165.299310,167.203792,172.656253,172.682339,172.836426,177.085675,181.751152,181.780826,193.615804,203.451786,203.767141,204.649806,212.864440,311.386163,323.072346,333.241550,343.164339,343.204319,351.791066,352.086539,353.497516,363.017135,398.837967,398.999011,422.324322,426.991080,427.538341,427.560959,427.577846,441.857922,442.073644,442.102348,442.106382","5,6,0,0,2,4,3,2,5,7,0,5,5,1,1,1,7,1,4,6,6,2,7,3,2,2,5,1,7,3,7,3,2,4,4,6,2,4,6,4,6,5,1,7,3,3,3,2,0,3,2,2,5,6,0,5,0,5,6,5,6,2,5,1,7,3,2,3,5,6,0,4,3,2,4,6,3,2,4,6",2
"0.374981,0.407815,0.587295,13.943245,14.091333,14.227260,14.297561,14.649325,29.079746,39.856012,50.118032,53.492092,53.574999,53.609696,53.620390,53.808324,53.934135,53.966058,53.998420,54.072961,54.174508,54.182874,54.211634,54.229359,54.292581,54.688999,89.065638,91.779332,91.834314,91.837243,91.919103,91.944964,112.720938,112.919677,112.951646,112.979337,112.989629,113.051205,113.083569,113.112728,113.279694,113.348169,113.358305,113.504691,113.532081,119.432822,119.453947,119.510164,119.511956,119.557970,119.576543,119.585046,122.452269,122.467853,123.474170,123.523643,123.779931,126.172847,172.999751,173.046146,173.052883,173.945614,173.959781,173.960928,173.976798,174.054757,174.264752,174.282185,194.207839,194.225943,194.236186,194.283222,194.310629,194.337481,194.472313,194.522722,212.474748,212.662588,255.942335,255.944749","4,6,0,0,5,1,7,5,0,5,1,0,5,5,1,1,5,7,3,2,1,7,4,2,6,2,5,5,1,7,3,2,4,6,0,0,0,5,1,5,5,7,3,3,2,6,0,0,5,0,1,1,3,2,4,6,0,4,4,6,6,5,1,7,1,7,3,2,1,7,3,3,7,2,4,6,1,7,1,7",2
"15.942911,16.038861,30.153931,30.239228,55.902213,55.912353,68.836964,69.098283,74.653100,78.120835,123.979607,161.549180,161.610280,161.650101,161.651461,161.824261,165.132204,169.369945,169.565842,169.860645,183.746913,203.488786,203.513618,206.246457,206.298970,221.195656,221.499756,221.557671,226.702329,226.870042,265.103703,265.202138,265.203932,266.308267,266.535814,274.864076,288.970333,294.095210,294.366061,318.724262,318.828194,329.665219,329.728751,329.744366,329.775902,329.808185,329.810645,329.894037,329.966857,329.970186,330.056555,330.140650,330.257160,359.468066,381.422819,381.569562,383.190019,387.297332,387.531044,387.542474,387.553124,396.519640,396.635938,417.627235,426.881551,434.151965,434.209953,444.550735,444.557645,444.562743,458.622402,458.663230,460.625882,460.664563,460.756130,460.871525,460.872865,467.445194,467.482672,470.509177","2,4,2,4,3,2,0,5,1,3,5,1,7,7,3,2,0,7,3,2,4,2,4,0,5,0,5,1,6,0,6,0,5,4,6,3,0,6,0,5,1,6,0,0,0,5,5,1,7,7,3,5,1,2,5,1,4,0,5,1,7,4,6,5,5,1,7,2,4,6,5,1,7,3,3,3,2,2,4,5",2
"21.747395,41.219690,97.045851,97.444357,97.533904,97.575424,97.625580,106.116069,106.131197,141.610264,141.869263,141.985655,142.008710,142.114144,142.152408,142.180081,142.181684,142.226554,142.280338,142.283464,142.365343,142.443820,142.625493,142.662484,142.705069,142.710873,142.712010,142.794674,142.813260,142.915899,142.963919,143.063957,143.066741,143.077166,143.091296,143.092594,143.270779,143.308644,147.460859,147.470035,147.577254,161.042335,165.606157,165.852350,166.128844,198.953824,198.998606,199.212987,199.316718,199.351110,221.341988,221.366821,225.872202,225.886175,225.901211,225.987829,232.944573,232.960845,232.961438,232.977054,232.988071,232.996877,233.020425,233.300889,264.158190,264.171445,264.188303,264.214633,264.235634,264.255124,264.341122,264.449828,264.507423,264.581343,264.992467,265.105751,302.134486,311.066532,374.778372,375.237903","1,1,1,7,3,2,2,7,3,3,2,2,4,4,6,6,0,5,5,0,5,1,1,7,7,7,3,3,2,2,2,3,4,2,2,6,2,4,0,5,1,4,4,6,4,0,2,4,6,6,6,0,7,3,2,4,0,5,0,1,5,1,5,5,1,7,3,7,3,3,2,7,3,2,7,3,4,3,1,7",2
"2.416473,16.501562,20.809335,25.730330,26.194662,33.708151,50.156176,50.210319,87.421213,87.506751,90.294078,90.311535,90.323052,99.539953,99.778939,99.783016,99.844333,99.855874,99.860762,99.862207,99.874114,99.892350,99.892502,99.898208,99.898344,99.936753,99.940654,99.994695,100.033830,100.048761,100.062868,100.095139,100.101333,100.109822,100.118491,100.132701,100.150657,100.159676,100.181700,100.193198,100.208260,100.215303,100.224241,100.265630,100.305408,100.316810,100.394332,100.399981,100.601411,100.642110,100.645475,100.662130,100.779935,106.757281,106.849250,139.488678,139.628195,139.833277,140.141294,140.154872,140.224365,140.282077,166.487767,197.836957,197.883571,197.899610,197.920869,222.853075,222.875425,245.871738,245.893659,245.917146,245.967986,246.028838,246.031807,246.106683,246.115538,246.116102,246.321308,246.457217","6,1,2,1,5,3,0,5,0,5,7,3,2,7,3,3,2,4,6,6,6,4,0,6,6,5,0,0,1,7,1,7,3,3,5,0,2,5,5,3,5,1,3,1,2,2,1,7,3,2,2,4,3,4,6,1,7,7,3,2,2,4,2,0,5,1,1,2,4,6,0,5,0,1,5,7,3,3,2,4",2
"11.037333,11.852181,11.875128,11.907410,11.976645,11.982286,12.121464,12.128956,12.307731,12.529483,13.730063,13.740335,13.791959,13.976807,17.256862,18.828424,25.988574,27.612381,35.683554,65.134817,65.137474,75.827930,75.871907,75.877554,76.062232,76.082004,76.100233,76.135184,76.139447,76.233681,76.239516,76.308777,78.679978,103.813751,103.850921,103.884167,103.888303,103.889201,103.920887,104.017229,104.068549,104.173970,104.184352,104.187037,104.252413,104.257008,104.298627,104.324916,104.375416,104.592720,116.104890,116.262834,124.443919,131.276481,131.457428,146.649650,146.705037,151.001804,151.093613,151.110940,151.439189,151.521566,151.531202,151.551061,151.569499,151.613946,156.219309,156.244433,156.260192,156.929627,163.446266,163.500436,163.549711,163.648664,164.063187,164.091081,164.198806,164.326334,164.365991,164.648240","7,1,7,7,3,2,4,7,3,2,3,2,2,4,7,2,3,7,6,2,4,1,7,3,3,2,4,6,0,2,4,5,0,5,1,1,1,7,7,7,3,2,2,4,4,4,2,6,6,0,5,1,7,1,7,4,6,7,3,3,3,2,4,4,2,2,6,0,0,6,3,2,4,2,3,2,2,7,3,3",2
"25.931655,26.836090,26.935231,26.997318,33.149504,41.039792,41.255957,41.401521,41.404434,41.848326,45.198363,56.687211,58.190003,58.706600,58.745896,58.759523,58.776170,58.813394,58.928141,58.964757,59.040094,59.074746,59.236145,59.250154,59.263059,59.277990,59.307375,59.321178,59.356646,59.404552,59.482805,59.499297,59.514536,59.516180,59.549929,59.587146,59.610397,59.686351,61.405786,95.778434,95.874505,107.480010,109.432091,110.872946,110.884497,111.211528,118.326562,118.334132,118.349060,118.445664,118.449025,118.528504,118.550975,118.552081,118.565930,118.627486,118.638444,118.657360,118.659279,118.705048,118.722614,118.747519,118.757317,118.763374,118.783846,118.800234,118.815622,118.822829,118.851925,118.855658,118.876439,118.878721,118.907019,118.915494,118.916237,118.917353,118.918759,118.919828,118.930152,119.009234","0,2,4,6,0,6,0,5,1,7,5,3,0,5,1,7,7,7,1,7,3,2,4,6,0,5,0,1,1,0,5,1,1,7,3,5,7,1,3,4,6,2,5,7,3,3,0,5,1,7,7,3,2,7,3,2,3,3,2,2,4,3,2,2,2,4,2,6,4,6,4,6,0,6,4,4,0,0,6,0",2
"8.210156,8.281055,8.703445,9.062421,9.076062,9.188947,9.197506,9.264125,9.311599,9.356982,9.366342,9.399364,9.401166,9.486547,21.425658,27.452929,27.789700,31.768032,31.807208,45.320975,45.390717,45.669944,45.730803,45.770811,45.931047,45.939794,46.156072,75.063920,80.045720,80.181301,102.917557,102.937702,119.996978,120.016458,129.274976,129.330922,129.365469,129.368562,129.413927,129.463190,140.581141,153.843571,153.847001,153.860742,153.893521,153.897765,153.922588,153.935408,153.956910,153.961322,153.963129,154.031711,154.038589,154.044957,154.064865,154.134078,154.319085,166.803774,176.771882,193.002786,193.090810,193.212728,193.238578,193.258568,193.266579,193.310251,193.389674,193.449414,193.495539,199.821589,206.178820,206.291145,206.340560,206.486327,206.501490,206.561226,206.907923,215.938721,216.342395,216.356831","5,1,7,3,2,4,6,4,6,6,0,0,6,0,2,2,4,3,2,1,7,7,3,2,7,3,2,1,7,3,4,6,1,7,1,7,3,2,3,2,5,3,2,4,4,2,6,2,6,4,6,4,0,6,4,6,6,6,5,6,0,5,5,1,1,1,7,3,1,6,5,1,1,7,1,1,7,6,2,4",2
"3.566493,3.623007,3.797056,3.896394,3.953703,4.343305,4.522718,4.572998,4.829826,4.933131,5.887203,8.632895,12.933349,13.043559,13.212301,13.291381,21.306016,21.324624,44.153916,48.473285,53.659492,53.692533,53.711294,53.771131,123.601739,141.588472,143.549498,163.864058,163.995015,177.341748,189.581158,189.615097,191.179976,198.925113,205.113602,223.549411,225.209555,225.270874,226.817107,245.129945,245.170320,245.212606,267.274808,280.527273,298.991561,329.012388,329.026635,361.643874,361.820748,374.461142,378.671549,392.287109,392.490246,392.603434,397.964081,426.571650,426.582620,426.626603,426.755823,445.421426,459.870807,482.724168,482.947976,492.074467,499.933826,514.484650,514.533051,542.553513,548.865572,556.506920,556.520853,556.531869,587.696969,592.779720,592.820559,592.858578,593.047792,593.205011,615.216713,632.308647","0,5,1,7,7,3,2,2,4,6,4,5,7,3,3,2,5,1,2,2,5,1,1,7,4,3,2,0,5,1,4,6,3,3,5,2,6,0,0,5,1,7,7,1,1,2,4,3,2,2,6,5,1,7,0,2,4,6,0,0,3,6,0,0,3,4,6,6,6,6,0,5,4,7,3,2,4,6,5,0",2
"2.730177,66.532631,66.552650,66.588536,66.601376,66.620294,66.697834,66.761344,66.918505,69.767890,69.775050,70.010462,86.800652,86.808655,86.876118,86.903066,87.022635,87.075304,87.083768,87.591219,93.485396,118.023384,118.670788,135.376867,154.034747,154.095360,154.108526,178.703080,178.735413,198.051754,204.257349,223.044258,225.339506,230.565270,246.690613,254.172222,270.079228,273.289514,282.096723,282.292142,290.804231,293.259951,318.618834,318.650469,337.231450,349.855190,349.919171,356.829395,356.874824,356.928789,357.080686,368.880247,387.830414,387.847953,387.906545,388.083004,388.196598,388.211972,394.608068,394.655636,394.660419,394.687741,394.714530,394.888590,396.941795,397.288425,399.769389,400.053170,400.189314,400.261789,400.265435,412.364129,416.559243,416.838390,429.730334,432.747024,452.267194,452.370099,452.388897,452.598150","0,2,4,6,6,0,5,6,6,2,4,5,0,5,1,1,7,3,7,3,7,2,5,1,1,7,3,0,5,1,1,0,7,5,5,1,7,1,1,7,6,2,2,4,5,4,6,5,1,7,3,4,1,7,3,2,2,4,0,5,5,1,1,1,7,3,4,6,0,5,1,4,5,1,2,1,4,6,0,5",2
"27.256651,27.262596,27.348122,27.513245,27.568473,27.596875,27.679588,35.792105,35.795976,36.463204,44.627868,44.718157,44.727022,44.739324,44.774410,78.371984,78.512906,78.762395,78.795567,78.808788,78.865717,97.807503,97.837830,97.926177,101.803088,101.838945,114.058791,114.145057,114.203256,114.224353,114.315155,114.436378,114.453811,114.670844,115.068705,123.532506,123.568036,123.721992,123.788868,142.270730,142.362043,142.841640,143.039137,143.681976,147.783148,153.214251,156.825618,160.561474,282.131278,282.133576,282.329373,327.503849,327.521140,327.608405,327.742129,327.793996,330.432493,330.509733,330.795449,332.993097,355.937821,356.031331,356.035283,356.073883,356.100858,356.130605,356.225037,356.359377,374.888543,384.912627,385.017869,385.058158,423.370648,423.393036,423.395062,423.400870,423.489689,433.658858,433.668549,433.691965","5,1,1,7,3,2,2,2,4,7,5,1,1,7,7,5,1,7,3,2,2,5,1,7,4,6,4,6,6,0,5,1,1,7,3,7,3,3,2,0,5,0,5,5,7,7,2,4,5,1,1,1,7,3,2,4,6,0,0,4,4,6,0,5,1,1,7,3,6,6,0,0,7,3,2,3,4,4,6,0",2
"8.837376,47.117249,47.402090,47.488149,49.708936,72.919374,72.950519,72.981124,73.098981,73.162375,73.589627,83.084694,85.152014,126.670271,131.268207,131.333104,133.786621,135.878753,135.899800,135.982416,160.748014,160.793806,161.241539,186.172146,186.214326,186.277303,186.342739,186.615493,201.648548,201.780243,201.810355,201.843024,201.924665,201.963838,201.979722,202.369374,211.041912,211.250881,211.313957,222.024129,232.396141,235.584877,235.600723,235.810186,250.373278,271.413025,271.590398,271.722962,271.758676,271.802228,271.811740,271.865574,271.870630,271.968621,272.030919,272.115113,272.206288,275.244181,275.270535,275.402074,275.447056,275.465832,275.519715,275.637853,275.673443,275.837247,295.780034,318.241761,333.514242,333.565216,333.617938,377.215785,377.533951,377.625027,377.721470,377.755493,377.767699,377.853256,377.908862,377.952830","1,5,1,7,1,6,0,0,5,5,5,1,1,3,1,7,6,2,4,6,1,7,4,5,1,7,3,7,2,4,6,0,0,5,6,5,1,7,3,0,3,4,6,6,6,7,3,2,4,4,6,2,4,2,4,6,6,2,4,6,0,5,1,1,7,3,2,2,7,3,3,0,5,1,7,7,3,3,2,4",2
"5.140741,7.586245,7.735335,26.084619,29.618829,29.729664,29.799679,29.892538,30.071263,30.126743,30.143168,30.175417,51.188560,51.676160,52.894010,112.080131,128.632062,128.668997,128.699494,128.792442,128.830717,128.842749,128.936127,140.257079,140.291999,140.319960,140.371644,140.374276,140.489814,140.499165,140.500230,140.578818,140.587375,142.895164,150.423551,153.721993,159.332391,180.800522,181.935625,182.008184,182.184504,207.090880,207.160350,207.289285,207.347588,207.348413,207.441480,207.491213,207.501029,207.592218,207.657802,229.822750,229.935314,229.991579,233.447257,233.519716,233.573800,254.928646,262.850982,262.975986,274.082353,306.439208,306.544009,322.090462,322.108250,344.524069,348.015533,348.529881,353.383349,353.729538,370.553324,370.649763,370.712847,370.880764,372.194110,372.211774,372.212518,389.325410,402.455688,403.146710","7,7,3,5,6,0,5,5,1,7,1,7,3,6,3,5,6,0,0,5,1,1,7,6,0,0,5,0,1,7,3,2,7,7,2,2,7,4,2,4,4,6,0,0,5,0,5,1,5,1,7,7,3,2,4,6,0,6,0,5,0,6,0,1,7,1,5,2,2,4,0,5,1,7,2,4,4,4,4,2",2
"13.355323,18.574689,39.288935,39.310927,39.314876,39.330543,39.347940,39.357861,39.380051,39.428953,39.509220,39.524361,39.540631,39.574339,39.766344,42.008921,67.428050,67.702472,67.879838,67.913201,81.846053,83.610619,97.551639,97.711340,126.886917,126.913637,126.943295,126.970385,127.025187,127.189937,127.335444,130.251987,154.057901,154.094192,154.098328,154.125459,176.168826,199.126703,199.151263,199.181380,212.165043,212.186352,212.322172,212.466320,212.598151,212.662191,212.775373,212.906537,257.400292,261.137742,264.429654,268.935162,274.137805,274.206452,274.410304,274.424912,274.431866,274.448655,274.516809,274.522524,274.535643,274.560161,274.607021,274.632839,274.696814,274.709384,274.779591,274.792519,274.807704,274.807878,274.826072,274.978488,275.022476,299.170432,299.206481,303.243815,303.268776,303.491201,303.539917,303.649838","2,2,2,4,6,6,0,5,5,1,0,5,5,1,7,6,0,5,1,7,1,3,1,4,5,1,7,7,3,2,4,3,3,2,4,6,3,0,5,5,0,5,5,1,1,7,7,3,4,6,2,0,0,5,1,7,3,3,2,7,3,4,2,4,4,6,6,0,5,0,5,5,5,0,5,1,7,3,2,2",2
"1.479840,5.394176,5.445907,5.447622,5.505943,5.770249,5.839607,5.898373,5.926833,5.949822,5.983729,6.112763,6.189179,6.203687,13.070790,13.072529,59.768761,59.808418,59.815566,59.822913,59.887169,59.905753,59.953212,60.137978,60.138765,60.164185,60.169131,60.637819,60.647597,60.911351,60.918532,60.959595,61.004618,61.066077,61.157879,74.662475,74.755062,85.058617,90.128598,90.229857,90.273909,90.277768,90.283069,90.288258,90.464473,93.195510,93.270091,93.398457,93.539419,112.452164,115.929061,115.957227,116.309994,116.338802,116.359300,116.420211,116.508625,120.420255,188.192748,188.390769,195.867017,195.958281,195.990576,196.007537,196.101409,196.124895,196.167189,196.594632,201.771834,201.828668,201.904710,201.937578,201.972310,202.194204,202.223370,202.265499,249.717794,259.025331,259.069621,259.080812","6,5,1,7,1,7,3,7,3,3,2,4,2,6,1,7,0,5,5,5,5,1,1,1,1,7,7,7,3,3,3,2,2,4,6,6,0,2,6,0,5,5,1,7,5,3,2,2,4,2,4,6,0,5,1,5,5,2,2,4,6,0,0,5,5,5,1,7,7,3,3,2,4,6,0,0,7,2,4,6",2
"20.520494,56.763366,65.436680,73.920697,73.985240,97.371021,102.177059,110.579602,123.713490,125.425628,125.511304,125.539799,125.665149,125.702493,125.913419,125.948223,126.153298,126.365595,130.755083,130.788613,130.994600,139.539057,139.810007,139.923177,139.956013,139.976922,140.090537,140.213596,141.067035,154.062487,154.159244,221.220730,221.284039,221.379960,221.521872,294.960642,294.965807,295.035957,303.964349,304.038951,315.939995,322.872498,334.011008,341.778314,341.838206,341.842961,341.864008,341.957797,342.089959,342.202719,342.255881,342.297831,342.403462,342.630294,342.723190,342.895018,342.916489,342.947565,347.374891,352.442679,355.594064,355.652071,356.983537,391.504773,396.453732,396.462631,396.488648,396.534411,396.604609,396.644839,396.646099,396.646497,396.687444,396.691445,396.703750,396.711937,396.719020,396.736514,396.771766,396.773666","3,0,2,5,1,5,3,5,0,0,5,5,1,1,7,3,3,2,7,3,2,3,2,4,4,4,6,0,2,7,3,4,6,0,5,1,7,7,0,5,7,3,7,2,4,6,4,0,5,1,1,1,7,7,3,2,4,6,1,5,4,6,4,6,4,6,6,0,5,0,5,5,0,7,5,3,0,1,7,7",2
"23.829495,23.895938,23.915071,23.964163,23.965669,24.046051,24.069374,24.270951,28.911467,28.972880,34.974518,51.023003,51.023070,51.026544,51.045070,51.127301,53.944176,67.950978,96.135965,96.196141,109.288177,112.610955,128.041017,134.799807,139.336583,139.473781,139.795242,139.796779,139.958435,139.971169,139.984157,139.992124,139.993275,140.050421,140.051767,140.073175,140.100364,140.101979,140.115466,140.122659,140.127082,140.127225,140.137444,140.177697,140.188073,140.194405,140.200296,140.215675,140.227147,140.249966,158.656417,158.775794,158.778432,158.863970,158.871672,158.879197,159.192224,159.212419,159.263528,159.274323,159.366723,159.450354,159.450455,159.550287,159.569169,159.629564,159.905912,159.921376,167.405952,167.444537,167.576160,167.664949,167.709150,167.818001,167.945183,197.266919,197.335013,197.377995,197.451502,200.249728","5,1,7,3,3,1,2,4,5,1,6,7,3,2,4,2,0,3,3,2,4,7,7,3,2,4,6,0,0,5,0,5,5,1,7,1,7,1,3,1,7,2,5,5,4,7,3,7,2,1,6,0,5,5,0,5,1,1,7,3,2,2,2,4,3,4,6,0,5,1,7,3,3,2,2,1,7,3,2,1",2
"24.448115,78.634019,78.687155,86.323501,86.651831,86.747025,86.966534,107.177238,107.836041,107.967979,118.487194,118.571374,118.879176,118.945764,153.129889,194.112984,230.820288,230.965585,277.107718,292.426071,292.426108,292.431054,299.175158,299.211846,299.316872,328.965010,328.986988,329.126976,329.153853,334.198828,334.253680,334.379890,342.781051,342.921995,358.597429,358.770874,363.956544,364.102246,366.014091,376.128956,376.137234,376.183010,376.264339,376.286812,376.299511,376.315006,376.409193,376.445400,376.767490,395.780297,419.820196,419.898528,423.939398,423.984277,440.175108,446.115536,446.140887,446.286185,446.337623,446.489698,468.182132,468.274552,471.337893,481.211547,498.809135,498.901384,508.386820,546.328620,546.351769,546.380151,546.495481,546.541880,577.716797,595.339332,603.110611,603.111965,603.148357,603.227854,623.652895,661.855988","2,1,7,3,2,2,4,0,3,2,2,4,6,6,5,5,5,1,4,2,4,6,1,7,7,1,7,7,3,6,0,5,3,2,2,4,1,7,6,0,5,1,7,3,1,2,4,6,6,2,3,2,5,1,0,7,3,2,4,2,6,0,7,1,6,0,6,1,7,3,2,7,3,6,7,3,2,3,0,6",2
"4.409371,4.466704,4.539909,13.304080,13.430543,13.483945,13.518502,13.543594,13.778009,14.045558,25.486574,25.608343,25.711209,33.609988,33.612868,54.463288,54.647380,61.814882,61.874854,62.026947,62.122608,62.122975,62.372558,62.435391,62.445460,62.449119,62.462607,62.585574,62.605897,62.616691,62.738169,62.749294,62.786849,89.139252,92.006001,109.023319,110.572814,133.928427,133.944306,133.991244,134.006788,134.035320,134.060049,134.140919,134.199740,134.203492,134.457757,134.614395,138.063372,138.125948,138.256902,138.281851,138.303454,138.339822,145.316210,145.487145,145.919182,194.088576,194.169921,194.178923,194.215219,194.219458,194.257219,194.346041,215.264715,215.304449,241.737949,241.880892,241.915225,241.948210,242.067810,242.284599,254.830313,255.063205,255.702264,255.792100,273.869133,379.687967,381.950003,382.465787","1,7,7,7,3,2,2,4,4,6,2,4,6,6,0,5,1,5,1,7,3,3,2,4,6,0,5,0,5,1,1,1,7,6,5,5,3,5,1,7,1,7,3,7,2,3,3,2,2,4,6,0,0,5,6,0,5,7,3,2,2,2,4,4,2,4,7,3,2,2,4,4,3,2,6,0,7,6,3,3",2
"4.157078,24.963120,25.002443,26.575240,36.161752,36.183119,36.515829,36.630507,61.538272,70.526539,70.548050,72.074399,72.099618,85.453579,85.517921,85.531806,85.554130,85.565073,85.586239,85.589961,85.629762,85.674293,85.716393,85.736603,85.777818,85.787193,93.267655,93.323839,93.329024,93.375711,93.407298,93.422598,93.429150,93.481139,112.418313,164.318077,164.318670,164.336725,164.357545,164.379417,164.473594,164.689904,164.720726,167.303369,167.353482,167.532350,169.553136,176.426081,194.349950,195.935160,210.847908,218.399568,218.579020,218.629100,218.673185,218.687454,228.262308,255.525518,255.550794,255.667894,255.714399,255.764524,256.993991,257.058937,257.200726,257.252424,264.711285,278.046469,301.918159,301.919579,305.792502,306.230584,323.766476,323.810252,323.849266,323.919361,323.941375,323.984996,324.006173,324.122714","1,1,4,3,7,6,3,0,4,1,4,4,5,4,5,2,7,2,6,7,7,6,2,5,3,2,4,5,2,5,2,7,2,7,0,7,6,3,6,0,6,3,1,0,1,1,6,0,3,3,0,1,4,4,5,2,2,6,3,0,1,4,4,5,5,2,1,7,7,6,0,1,5,6,2,3,7,0,1,1",3
"15.105694,15.128576,25.613475,25.670175,62.784004,62.824395,62.843199,62.851337,63.021940,63.063140,63.136533,63.209849,63.221755,70.789156,70.821143,71.071475,71.123075,71.193052,77.157205,81.475194,81.600361,81.844063,83.574149,88.390268,106.849241,114.596691,114.724791,114.769701,122.399986,122.401958,122.434698,122.522437,122.574298,122.589988,122.668542,122.745070,122.778801,122.779469,122.825449,122.830277,122.889954,122.892069,122.908949,122.959564,122.968398,122.996453,123.000994,123.051783,159.062956,179.560948,180.481256,188.323564,188.389687,201.244265,201.610441,201.824264,211.877855,212.038700,212.081470,212.096419,212.291452,216.579890,224.103708,225.127344,232.967200,232.981235,233.011643,245.309325,250.558582,250.622151,255.798350,255.854672,255.883349,256.288223,256.547520,256.556167,256.574295,256.715429,256.970346,257.036094","3,0,5,2,7,6,3,3,3,0,0,1,1,4,5,7,6,6,2,6,3,0,2,6,7,0,1,4,5,3,0,2,7,6,6,7,7,6,3,3,3,0,0,1,1,4,5,4,0,4,4,1,4,1,4,5,7,6,6,3,0,3,3,5,2,7,6,1,0,1,0,0,1,4,5,2,7,1,4,4",3
"10.637896,10.741081,10.775917,10.778262,10.819508,10.903726,10.935832,10.945180,11.052597,20.431369,23.630930,23.679463,24.788917,32.675796,32.746528,32.805557,40.510603,40.524525,40.778996,40.824980,40.902880,44.413720,44.513210,44.515302,61.958829,64.329640,64.426515,64.454315,67.665862,67.900364,85.689871,128.233938,161.342030,161.378984,161.520740,161.618682,164.501906,164.520837,164.628093,164.662145,164.798741,164.883054,165.053823,165.193073,165.203373,165.204861,165.229411,165.266565,165.463266,165.499580,165.525122,165.568203,165.774703,184.700611,184.878678,187.773454,187.846977,188.040611,190.325296,190.341583,190.544553,190.608705,204.535769,204.579671,232.307396,232.319784,232.321232,232.374166,232.413350,232.425246,232.459169,232.462310,232.493703,232.640782,232.642194,232.661101,236.597730,236.625777,236.668475,236.829031","0,1,1,4,4,5,4,5,2,7,1,4,6,1,4,5,6,3,0,0,1,7,6,3,2,4,5,5,6,3,3,7,4,5,2,7,7,6,6,3,6,3,0,1,4,5,5,2,7,7,6,4,2,7,6,3,0,1,4,5,5,2,7,6,7,6,6,3,0,3,6,3,3,0,0,1,7,6,3,0",3
"5.817133,16.779456,16.845835,16.861169,17.349297,17.390041,17.466452,17.484396,17.496228,17.520298,17.526458,17.533715,17.546608,17.547468,17.554157,17.565139,17.567373,17.596942,17.636863,17.879455,18.076077,18.173495,18.219707,18.399116,18.418770,18.506276,18.528458,21.356663,21.361109,21.447043,21.500356,21.656418,26.360731,42.892916,42.962699,43.013183,46.875375,52.080233,52.230621,52.251050,117.337623,117.364717,117.386083,117.415725,126.481498,126.555313,150.140808,150.400115,159.832177,198.596290,203.611041,229.418242,229.462992,234.596378,240.902427,271.994431,272.090910,272.113755,279.403325,279.706909,284.463106,321.816335,321.818125,336.743240,344.461453,344.486415,344.538994,344.663085,346.092091,368.839681,390.941240,390.954963,390.965539,391.067129,391.117913,391.129586,391.259694,391.295078,391.314971,391.339276","0,5,2,2,6,3,3,0,1,1,1,4,1,4,5,1,4,4,2,4,5,2,2,2,7,7,7,6,3,0,1,4,1,0,1,1,7,0,1,4,5,2,2,2,7,6,0,1,0,2,6,0,1,3,4,3,0,1,3,0,4,0,2,3,2,7,6,3,0,0,2,7,7,6,6,3,0,0,0,3",3
"26.747567,70.750817,80.977387,81.078946,81.082502,85.464970,85.536272,85.552409,85.559262,85.568013,85.568213,85.617650,85.619170,85.620871,85.660037,85.664534,85.683425,85.690228,85.716060,85.717795,85.743954,85.749789,85.798604,85.844118,85.908150,86.074140,86.119303,111.607281,111.680555,128.812984,129.589193,156.429550,156.456278,156.536496,156.603886,156.700511,156.719020,156.790316,166.277456,172.778502,181.578486,181.660619,181.685055,181.974545,183.524692,189.779642,189.836937,189.866550,190.058616,190.067221,190.092794,190.138063,190.189666,190.229083,190.265064,190.349262,190.457647,190.517709,190.562139,190.566357,190.598129,190.660448,190.711382,190.766601,191.624593,191.625294,191.644355,191.666556,191.671573,191.677411,191.740320,191.792798,191.820921,191.835911,191.902959,191.959316,192.040292,192.167177,192.173475,192.209139","6,3,2,7,6,7,6,6,3,0,1,4,5,5,1,4,3,0,0,4,5,1,0,0,4,5,2,0,1,3,0,1,4,5,2,7,7,6,3,0,2,7,6,7,6,5,2,7,6,3,3,3,0,1,4,0,1,4,4,5,2,5,2,2,4,5,5,2,2,7,7,7,2,7,6,3,0,1,1,4",3
"43.895822,44.031727,44.042371,57.798215,57.845503,72.064738,72.112329,72.155552,99.623484,99.630755,99.795441,99.795866,103.818487,103.911588,103.965884,104.279995,111.422671,111.494705,123.203198,123.651148,123.695462,124.124831,124.175403,124.330321,154.667131,154.690982,154.768525,154.790649,154.862458,159.537031,159.658619,180.122562,180.322578,180.341205,180.533557,184.138980,184.431525,196.856129,237.219463,245.636535,245.657376,245.709925,245.717548,245.724145,245.751530,246.638691,282.720631,282.869739,314.550579,324.489448,324.489610,324.535537,324.612323,324.655289,324.669997,324.694880,324.736498,324.746686,324.772796,324.813941,324.820322,342.368158,349.056163,366.265695,366.395208,375.505226,375.543193,375.562859,381.511569,381.716674,404.959301,406.930897,406.965209,410.729677,423.312586,423.389896,458.739808,460.953484,473.116090,487.204494","5,2,7,7,6,0,1,4,6,3,3,0,2,7,6,6,4,5,5,2,7,6,3,0,3,0,1,1,0,0,1,5,2,7,7,5,2,3,5,5,2,7,7,7,6,0,3,0,6,3,0,1,0,0,1,4,5,2,4,4,5,7,2,1,4,4,5,2,6,3,7,6,3,5,5,2,2,6,2,1",3
"49.002346,60.448026,60.466141,64.807357,76.438959,91.011775,91.016766,91.029466,91.035334,91.086863,91.189295,91.208592,91.431099,91.443543,92.124628,92.156162,92.184023,92.185485,92.254910,92.411776,92.450512,101.253013,101.256060,103.166560,103.239274,107.237759,116.103965,116.263274,121.975683,126.135105,131.338385,131.460749,131.533699,131.566464,137.253147,176.049112,191.809634,191.968981,192.027508,192.431346,192.540473,192.551656,192.583745,192.588760,192.605597,192.732572,220.753416,220.763676,220.800131,220.829243,220.867757,220.884407,220.885255,220.902815,220.926051,220.941773,220.945080,220.959111,220.975635,220.983892,221.008043,221.029460,221.039219,221.049252,221.065759,221.146541,221.146705,221.189021,221.203846,221.212355,221.213875,221.220899,221.246923,221.264384,221.266764,221.288810,221.290843,221.397838,221.431640,221.456528","2,7,6,3,1,1,4,5,2,7,6,6,5,2,2,4,7,6,6,3,0,7,6,5,2,2,5,2,0,7,3,0,1,4,6,5,7,6,3,0,1,4,1,4,5,5,3,0,1,1,4,4,5,4,2,5,2,2,5,7,2,7,6,3,2,2,7,0,6,1,3,7,1,7,1,4,5,7,4,0",3
"2.117254,2.158939,2.276922,2.397063,6.934807,11.295448,11.474172,21.572978,44.930223,44.940917,45.075959,45.092402,45.120642,45.135816,45.157445,45.164532,45.174727,45.176464,45.190248,45.231722,45.234672,45.236236,45.267425,45.268059,45.269994,45.271183,45.288529,45.300208,45.308790,45.309134,45.335568,45.337528,45.348527,45.353467,45.368617,45.394622,45.413560,45.415414,45.424383,45.470749,45.488201,45.512461,45.556135,45.627765,45.651890,45.705548,45.794140,45.820928,45.842842,45.860130,47.107608,47.156746,52.100523,63.918612,79.174091,79.283041,79.457710,79.536987,89.891219,103.132018,108.825214,108.858169,108.871887,108.889557,108.921623,108.965209,109.042244,109.142185,117.593970,153.905836,164.666267,174.827358,182.386763,225.078987,225.120367,225.168789,241.981823,242.078900,242.102359,242.131679","3,0,0,0,2,7,6,2,4,5,2,5,7,2,2,7,2,7,6,7,6,2,7,3,6,6,0,7,6,6,0,3,0,1,3,3,7,0,3,1,1,4,5,1,4,3,1,5,4,4,1,4,0,5,2,7,6,3,5,5,0,1,4,4,5,5,5,2,2,3,1,0,0,0,1,4,0,1,1,4",3
"2.333721,22.223542,22.287937,22.335932,22.340937,22.389506,22.441381,22.484584,22.545484,22.593290,31.448007,47.772510,47.854439,47.974122,48.637191,48.651403,48.697982,66.973702,70.241690,70.333082,75.795032,75.801339,83.421843,102.889375,121.586603,123.624246,123.826836,127.649171,127.684513,127.687934,127.695700,127.744531,127.847937,127.931630,138.647362,160.507046,163.946851,163.995179,164.016045,164.030637,164.169840,164.195512,164.213008,164.291052,164.418858,169.416718,169.460150,169.465225,169.597110,170.048663,170.202589,170.379904,170.471763,196.784416,200.052450,237.262017,237.280563,257.630158,257.791660,257.993472,258.103306,258.285197,261.334106,261.362732,261.384681,261.400739,261.595526,270.047732,290.899263,290.951676,302.633552,302.651547,302.748823,302.859403,309.789506,309.991616,310.035740,310.213975,335.540395,335.714130","2,7,6,6,3,3,0,1,3,4,7,3,0,0,1,4,5,1,0,1,1,4,2,2,1,2,7,5,2,2,7,6,3,7,7,7,1,4,5,5,5,2,2,7,6,6,3,0,0,1,4,5,2,0,1,0,1,0,1,3,0,0,1,4,4,5,5,0,2,7,2,7,6,3,1,4,4,5,1,4",3
"1.364130,1.508471,23.438189,30.970826,98.804198,98.841302,98.921102,102.271190,102.365850,102.377618,110.641393,110.689222,110.701128,110.707890,110.719124,110.775977,110.795628,110.869554,110.969018,110.988599,111.005497,111.085170,111.123046,111.319912,111.560250,111.577499,160.620931,160.673041,160.778499,163.636295,163.755466,187.513305,187.569701,204.445690,204.487423,204.553166,204.597064,204.688242,204.721697,207.435502,305.274253,323.317637,323.349133,323.523712,344.942053,344.997197,345.014497,345.116525,345.179268,345.319361,350.641769,350.704131,350.773279,350.802877,351.068602,351.109005,362.089247,362.101703,362.109040,362.147774,380.680275,380.870180,380.983172,381.003475,386.907239,386.977015,397.576258,424.196683,439.378037,439.446238,439.460011,439.477874,439.490068,439.492612,439.542917,439.637640,439.728144,439.733494,439.782052,439.833750","6,3,4,6,6,3,3,5,2,7,6,3,0,0,3,1,4,1,4,5,2,2,5,7,7,6,7,6,6,1,4,2,7,7,6,3,0,0,1,7,6,4,5,2,0,1,1,4,5,2,4,5,5,2,2,7,3,0,1,1,5,2,2,7,5,2,6,5,5,2,7,7,2,7,7,6,3,3,0,6",3
"48.692534,49.305444,49.854576,58.374283,62.462401,83.041613,83.089710,83.107124,83.262932,85.754939,85.901470,85.915145,86.161012,86.208914,99.198718,130.882956,141.182518,154.576299,160.869240,176.381927,194.043686,194.272085,194.393193,194.464138,194.863136,194.891449,194.911786,194.918172,194.994878,194.996727,195.087382,195.087781,224.331659,224.452391,224.756073,242.892759,242.933338,243.040105,243.645844,255.181619,255.276103,288.209789,288.279624,288.992553,306.876812,307.008624,315.917925,315.939019,315.945861,315.967228,316.016679,316.061862,316.074504,316.472980,316.516064,323.860009,323.867169,323.917041,324.003956,324.133252,324.162783,324.177404,324.255525,324.284452,324.290216,324.328264,324.348948,324.393738,324.406478,324.439212,324.447292,324.508512,324.533869,324.542259,324.555085,324.563183,324.571167,324.594038,324.598929,324.600238","0,1,7,7,7,5,2,7,2,0,1,4,5,5,0,2,2,0,1,0,1,4,5,2,5,2,2,7,6,6,3,3,0,1,4,0,6,1,7,7,6,5,2,0,5,2,0,1,4,5,4,4,5,5,2,5,2,7,7,6,3,3,0,1,6,6,3,1,4,0,4,3,4,1,0,5,5,5,2,2",3
"1.415477,8.196410,8.385293,8.389448,11.907222,11.944001,23.482442,26.970309,77.875824,77.908916,78.020786,98.752830,98.769382,98.809721,99.673138,99.996217,100.071314,100.131985,100.396286,100.398241,100.443376,105.285969,108.320822,108.321587,108.398873,108.434987,108.566712,108.647437,108.656703,108.679757,108.718242,108.723148,108.788825,108.935478,108.994166,109.086127,109.537165,115.651818,115.777311,117.516634,117.634435,117.816824,117.967192,126.820563,126.842426,126.878359,127.042940,127.088559,127.123081,127.178326,127.318063,127.388007,127.684306,127.684427,127.843353,127.856424,127.896663,128.085644,128.098720,128.123622,128.196286,128.264748,128.284358,128.460293,128.608162,154.284199,160.383488,196.181917,200.530796,215.257211,215.277405,215.324606,237.377118,265.830084,265.897782,265.921282,265.947665,265.984684,266.001040,266.076698","6,3,0,1,3,0,0,0,0,1,1,4,5,2,3,0,1,4,5,2,2,0,6,3,0,1,4,4,5,2,7,5,2,7,5,6,3,1,4,1,4,4,5,4,5,2,7,6,6,3,7,7,6,3,0,1,1,4,5,2,4,5,2,7,5,4,5,5,1,7,6,3,2,3,0,0,0,0,1,4",3
"6.161778,6.299296,10.345862,40.375105,40.868986,46.417181,51.575932,63.074886,66.980936,67.538604,75.332710,75.333914,75.404851,75.466790,79.368165,79.389902,79.414377,79.424929,79.552849,79.556161,79.565216,79.622737,109.104359,112.416289,123.042132,123.115981,135.237683,142.690981,142.721489,142.735900,142.815175,142.833668,142.857628,142.863616,143.052334,143.054640,143.189106,143.226248,147.225809,147.288188,147.315805,147.376715,147.385641,162.104303,181.991851,183.134383,183.924526,183.987607,184.011523,184.175756,191.214378,191.346849,191.407094,191.434853,191.595502,191.599052,191.600873,191.636680,191.780508,191.784574,191.796621,191.845921,191.858371,191.861953,191.880214,191.937391,191.952444,192.002948,192.053381,192.054180,192.071420,216.544699,222.849996,223.235790,223.299103,223.497687,235.509689,236.707025,249.805991,250.043166","5,2,0,4,5,7,4,6,6,3,6,3,3,3,1,4,5,4,5,2,2,2,3,5,3,0,2,7,6,6,3,0,3,0,0,0,1,4,4,5,2,7,6,5,4,5,0,1,4,1,3,0,1,4,5,2,2,2,2,7,7,7,7,7,6,6,3,0,1,3,0,6,2,3,0,0,0,1,6,3",3
"2.799759,14.541667,68.885772,72.535428,72.841774,72.965496,73.009159,73.141461,73.166273,73.323765,82.803078,82.804973,82.840250,83.346219,89.271214,134.034763,134.111504,134.125648,134.135978,151.257816,171.071025,185.427837,204.870204,217.099009,223.291206,223.339465,233.619126,253.599993,253.886121,253.948657,268.997474,289.185873,289.193552,314.519204,357.879166,362.847080,362.887764,363.278622,363.383594,405.925664,435.497382,435.601710,435.972902,457.957992,458.041686,458.063950,458.106737,458.218583,458.221231,458.293682,458.347715,461.209215,461.229616,461.265008,461.283293,461.319784,461.383550,461.543874,461.556001,461.559586,461.591314,461.650258,461.665747,461.667738,461.682205,461.685109,461.726457,461.755307,461.765199,461.858350,461.866517,511.269121,511.355007,511.439150,511.461330,511.559057,511.690572,511.778146,511.824681,511.859908","3,6,1,0,1,1,1,4,5,5,4,5,5,5,6,3,0,1,4,2,6,2,2,0,1,4,1,1,4,5,7,6,3,7,4,0,1,4,5,6,0,1,4,6,3,0,1,1,4,5,2,5,2,7,2,7,6,3,0,1,1,1,4,4,5,4,0,2,1,5,2,5,2,7,6,2,2,7,6,3",3
"47.142915,47.206927,47.219232,47.400395,47.407100,47.409569,47.612164,53.640465,53.688765,57.449721,72.963433,73.035631,78.032787,78.035728,78.210929,92.916881,93.796286,99.659401,99.704438,99.706118,99.712111,99.738602,99.747197,99.756065,99.771543,99.791257,99.797399,99.801065,99.850418,99.883490,99.886182,99.893625,99.927477,100.001980,100.018594,100.082551,145.060118,145.109684,151.170187,151.293934,155.725630,155.730885,155.734669,155.954426,155.969226,159.049319,160.571977,160.624007,164.241767,167.424766,167.469228,167.745696,167.962227,223.851012,223.996183,224.683067,224.710856,224.716646,224.739206,224.764762,224.780996,224.835872,224.881275,224.899830,224.962614,224.989889,224.992151,227.846623,227.902238,227.904145,227.913015,231.064779,231.069388,292.817269,292.821448,292.854872,292.926085,292.973635,292.980884,293.009801","7,6,6,3,3,0,0,0,1,2,4,5,1,4,4,6,1,3,0,1,4,4,5,4,5,2,5,1,4,2,5,5,0,2,7,7,4,5,4,5,2,7,7,6,6,2,0,1,4,3,0,1,4,6,3,3,0,0,0,1,1,4,5,1,4,2,0,1,4,5,4,4,5,1,4,4,4,5,2,7",3
"3.025720,24.519332,24.664263,24.685644,24.741555,24.765391,24.769051,24.787388,24.916174,24.927345,24.937840,24.946211,25.275637,41.203010,41.289123,48.615880,51.211375,51.343603,57.809935,59.837507,59.991892,67.871593,67.889379,67.959048,67.976845,68.039752,68.145622,68.176984,68.204241,68.231574,68.387227,68.441241,68.458839,68.497055,68.524479,68.531528,68.658896,68.694329,68.714644,68.737658,68.788014,68.792926,68.804106,68.867249,68.875978,68.886544,68.920578,68.925366,69.026280,69.054210,69.104480,69.105161,69.112932,69.119169,69.119916,69.122895,69.154873,69.174023,69.182278,69.186261,69.207360,69.316228,69.345263,69.348572,69.363348,69.370556,69.376212,69.396587,69.495246,69.507255,69.520250,69.651334,69.700442,69.776845,69.813170,69.834030,69.863565,69.959771,85.584730,85.633357","2,7,6,3,3,0,1,0,1,4,4,4,5,5,2,5,3,0,0,1,4,4,5,2,2,7,5,2,6,6,2,3,0,1,4,5,2,2,7,7,6,3,0,1,1,4,3,3,0,0,5,2,7,7,1,6,0,1,1,1,2,4,1,4,2,4,5,7,5,6,3,2,0,1,4,5,4,5,1,4",3
"3.256429,3.391471,3.406625,3.414556,3.428886,3.438382,3.496328,3.586137,3.587624,3.610925,3.640149,3.673036,3.680331,3.727427,3.835872,4.228190,4.389354,4.390530,4.413194,4.440622,4.452622,4.587614,14.206824,16.824323,16.990422,27.373858,27.438339,27.454325,30.922282,44.646377,45.006276,45.008216,45.046145,45.368208,45.428146,45.764407,70.575324,70.602171,70.767211,70.860221,70.890529,70.941282,70.953026,71.109652,71.369383,79.411329,79.490503,79.628288,79.701479,86.398070,104.449523,104.450642,104.454658,104.476034,104.593817,148.691741,148.717005,148.719328,148.743948,148.745483,148.787637,148.861865,148.888255,181.129324,181.380102,181.461087,181.692529,190.978420,191.072429,191.074175,191.094501,191.098133,191.136478,204.400336,204.449784,204.462953,204.490686,204.614419,204.615609,204.666580","1,4,5,2,4,5,2,7,7,7,6,6,3,0,1,4,5,2,2,7,6,2,1,5,2,1,4,5,7,3,0,1,1,1,4,5,0,1,1,4,5,4,5,2,5,7,6,3,0,0,5,2,2,7,2,0,1,4,1,1,4,5,5,1,4,5,5,5,2,7,6,6,3,7,6,6,3,3,0,3",3
"13.930044,13.943367,14.767148,14.843403,14.899399,14.932446,14.975997,14.990057,15.023751,15.049471,15.178936,15.313967,22.721016,23.010708,41.076691,41.145074,49.157499,60.050043,60.103929,60.270415,74.326786,75.757745,75.799553,78.165298,78.173043,85.179506,88.908838,103.446830,122.270949,122.565950,127.748050,127.939665,127.952786,127.990272,127.990687,128.007459,128.022921,128.038539,128.060796,128.106436,128.109875,128.112339,128.232125,137.333680,143.709714,151.848322,151.916338,151.997203,153.221872,153.251708,169.031372,169.074718,190.692289,190.698762,190.736036,190.762918,190.773807,190.777652,190.896441,190.909435,190.971489,191.010804,191.048408,191.060576,194.268478,224.072199,224.222043,242.215237,242.294939,242.342522,242.363944,242.474412,257.109506,257.170188,257.262830,257.300181,257.316148,257.446982,257.494564,257.532891","3,0,6,3,0,0,1,4,0,1,1,1,4,5,6,3,4,6,3,0,3,6,3,7,6,4,1,7,1,4,3,0,1,1,4,5,2,2,5,5,4,5,7,6,3,0,1,4,5,2,6,3,0,1,1,4,4,4,5,5,5,2,2,7,1,6,3,2,7,7,6,7,1,4,5,2,2,5,2,7",3
"21.783168,46.226865,46.286800,46.367159,66.185680,66.340023,66.366395,66.436579,69.593574,69.743554,69.822740,82.346496,82.577372,91.362576,94.223075,94.269291,94.403448,94.423215,94.455071,94.465154,94.527468,94.539160,129.446090,129.627199,164.554874,172.693407,172.722874,172.760538,172.760921,172.809402,172.836278,172.877728,173.031697,173.062320,173.096872,174.685478,188.697007,188.895524,212.960067,213.075678,213.154302,213.191650,213.469715,213.482528,213.491909,213.519240,213.591099,213.683700,213.801364,221.502184,221.517425,221.541387,221.639113,221.641558,221.679107,221.692775,221.764521,221.795612,221.981375,222.019168,222.029990,222.654596,227.579457,227.619335,227.622735,227.854501,244.431637,269.964777,286.605150,287.451362,287.511136,296.354734,305.333929,305.343524,305.372624,316.692726,316.731607,316.937305,316.964663,317.009589","3,7,6,3,3,0,0,1,4,5,2,2,2,7,2,7,6,7,3,0,1,4,1,4,1,1,4,4,5,2,5,5,2,7,2,5,3,0,4,5,2,2,7,7,6,6,6,6,3,4,5,2,2,7,7,2,2,6,7,6,3,3,6,3,0,3,2,0,0,6,3,5,4,5,5,0,1,4,5,2",3
"0.867313,17.020190,20.693300,20.739017,20.868213,21.023113,21.044638,21.071820,21.087780,21.195342,21.215604,21.254606,21.503768,29.282771,36.638780,38.882519,38.887256,38.902765,39.019978,39.041450,39.115493,43.985185,43.998492,44.010709,50.654120,55.451674,65.944216,70.603439,70.815713,79.112394,101.459082,101.510949,101.763322,101.773751,101.862570,101.901205,101.936327,102.002045,102.036932,102.064880,109.613880,109.640249,109.669543,109.708264,110.087699,110.114779,110.123146,110.126558,110.131088,110.180449,110.390109,127.212134,127.337528,127.360815,127.494117,127.619835,127.963818,127.972061,128.043597,141.046430,149.049342,149.049989,149.055798,149.180268,149.193314,159.739759,183.971290,184.087452,185.968426,193.442446,193.503307,193.553675,193.595266,193.733508,193.740419,193.794457,193.814797,193.876220,193.881370,194.085013","7,6,0,1,4,5,2,2,7,6,7,6,6,6,1,3,0,0,0,1,0,7,6,3,2,5,4,7,6,2,6,3,3,0,1,4,5,2,0,4,2,7,7,7,6,3,0,1,3,3,1,6,3,0,0,1,4,5,5,4,3,0,0,0,1,2,5,2,7,5,2,7,6,3,0,7,6,6,3,0",3
"6.216679,6.475281,6.496759,6.504273,6.520365,6.523394,6.571183,6.602237,6.614630,6.641345,6.788412,6.821837,6.903712,7.121527,16.424124,23.836995,24.118873,24.219461,24.351189,29.772396,29.956234,29.986829,30.016713,30.060888,30.362129,35.078621,44.467748,44.524475,47.617199,60.500739,60.539101,60.590054,60.741859,60.874782,60.882632,60.884974,60.940047,61.006256,61.024733,61.044199,61.141438,61.232584,61.330569,61.346187,61.358717,61.421554,61.437997,61.517385,61.548567,61.677120,61.717638,61.752850,61.755610,61.768517,61.816637,61.851275,61.858522,61.863919,61.973943,62.003601,62.049811,62.110235,62.127892,62.174879,62.201432,62.216874,77.102342,77.250086,77.457423,77.556432,85.639302,92.212819,92.225694,92.249946,115.486544,115.565040,115.820882,132.086039,132.407897,148.853533","5,2,7,6,3,0,0,3,7,6,3,0,7,6,5,2,7,6,3,1,4,4,5,4,5,0,1,4,0,6,3,0,1,4,5,2,5,7,7,6,3,6,3,0,0,1,4,4,0,5,1,5,2,4,2,4,5,5,2,7,6,3,6,3,0,2,5,2,2,7,4,5,2,2,4,5,4,0,1,1",3
"2.301190,2.429177,10.203222,10.249928,10.255418,10.255538,10.267650,10.337892,10.588932,10.619646,10.710295,10.818877,10.903621,10.953944,11.040890,11.845445,14.760072,33.490771,36.498932,50.540916,50.563888,50.567995,50.568706,50.570735,56.555586,56.570175,56.579612,56.594607,56.600354,56.756493,110.075567,131.374032,131.443882,163.343438,169.860758,190.495614,201.727781,204.872850,204.961444,229.080167,272.952782,272.982262,274.829146,274.846721,279.249018,279.688930,279.802654,287.367427,287.386912,287.394411,287.429663,287.442000,287.501322,287.506304,287.629658,301.077018,301.563329,301.602365,301.617429,301.941860,308.898353,318.223124,324.483366,324.512711,324.541537,325.216639,325.232786,325.239104,325.311489,325.375507,325.404249,325.458233,325.474407,325.478859,325.488196,325.495362,325.498841,325.505747,325.523540,325.547767","7,6,4,5,2,7,2,2,7,7,6,3,0,3,0,5,3,4,6,2,7,7,6,7,2,7,7,6,3,0,1,7,6,2,1,3,7,0,1,4,0,1,6,3,0,2,7,5,2,2,7,7,2,6,7,7,2,7,6,6,4,3,4,5,5,7,6,3,6,3,3,0,1,1,0,0,1,3,0,1",3
"6.485221,6.511033,6.519637,6.531446,6.540857,6.667769,6.700092,6.743999,6.747683,6.850800,6.873161,6.987762,7.948940,16.429393,16.490639,16.512327,16.515769,16.571719,16.610793,30.587917,43.439088,53.430016,70.311985,101.435712,111.599621,119.763233,132.332457,134.632247,137.265309,161.159531,161.176268,161.210497,161.830407,161.969953,161.980577,172.107200,178.173167,211.952207,211.971975,211.983239,211.990907,211.992707,212.010656,212.103487,212.218657,212.277326,214.999944,215.101634,215.346323,215.499175,230.760258,258.098364,272.320070,278.056275,320.693042,326.286505,326.288157,326.288286,326.296991,343.353696,351.494982,351.498933,351.535487,351.554069,351.577616,351.578367,351.581231,351.614200,351.617487,351.624321,351.650050,351.668254,351.676030,351.685279,351.701792,351.703478,351.724855,351.756239,351.759547,351.774519","4,5,5,5,2,2,2,7,7,6,6,3,4,1,4,5,2,7,6,4,4,2,2,2,7,6,1,7,2,5,2,7,7,6,3,0,7,3,0,1,4,0,5,5,5,2,6,3,0,0,2,5,3,2,7,7,6,3,6,3,0,1,1,4,4,5,4,4,5,2,5,5,5,5,2,2,2,2,4,2",3
"30.624812,41.750655,41.782819,41.803719,41.908132,41.914975,41.934981,56.724330,64.967960,73.787587,85.658341,85.682199,85.754182,86.013768,90.285693,106.647937,108.602454,108.894974,108.999453,109.195779,127.107283,127.142110,138.451842,138.457628,164.312064,164.339717,164.555538,164.606378,176.870665,176.979863,177.201951,177.219242,177.223687,177.243636,177.257412,177.270991,177.282881,177.353463,177.414803,177.606980,177.608575,177.768176,177.788497,177.820273,181.656068,181.668399,181.753948,181.965402,191.142299,198.936409,252.087260,259.714891,385.817160,390.193720,390.213533,395.361501,395.496384,395.670810,395.683844,395.708608,395.766535,395.769601,395.858122,395.886282,395.931090,395.972476,396.035675,396.080738,396.441097,396.515642,396.687354,396.698203,396.871787,396.968812,397.149169,397.989738,398.082184,398.089479,398.102214,398.123739","0,6,3,0,0,1,1,7,5,7,4,5,5,0,0,3,6,3,0,1,7,6,2,7,3,0,1,4,7,6,3,6,0,0,3,3,3,1,0,1,1,3,4,4,4,5,2,2,7,5,3,3,0,7,6,1,4,5,2,7,6,6,3,4,5,0,0,2,7,6,3,0,1,4,5,5,2,2,7,7",3
"3.046646,3.057688,3.073056,3.182460,3.252740,3.391603,3.409712,24.117614,24.121246,24.261643,24.266150,24.440284,24.471416,24.509115,24.513163,35.527370,35.666223,71.231977,71.264435,71.305803,71.326700,71.537069,125.437621,133.055861,138.452884,138.557322,145.545803,145.546230,145.628881,145.682097,160.315507,181.991446,201.943389,201.963881,201.970256,202.105829,202.140104,222.265829,222.303127,227.498741,282.297998,282.982459,283.013063,328.040797,328.134193,342.673742,352.505098,386.064901,394.997206,395.055806,395.169663,424.867070,424.878142,424.958248,425.032245,425.123218,425.211005,434.872549,434.876473,451.164002,451.396427,455.242266,480.391867,480.474526,482.207147,482.216739,482.226552,482.393341,482.487729,482.849333,520.227894,520.228153,520.279160,520.298754,520.323652,520.340983,520.478157,520.624925,520.649427,520.756005","4,5,5,6,5,2,7,2,7,6,3,0,1,1,4,1,4,1,4,5,2,7,5,5,5,2,3,0,1,4,7,3,7,6,3,6,3,1,4,1,6,5,2,2,7,6,5,6,4,5,2,3,0,0,1,0,1,1,4,3,0,5,7,6,4,5,2,7,6,4,7,6,3,3,0,0,0,1,4,5",3
"37.562064,47.716281,72.997245,93.553350,93.607948,101.475783,108.873082,108.947974,109.031482,109.044608,109.228267,109.248145,109.277313,109.467811,134.302901,134.381928,136.490142,136.517909,145.093904,145.115815,145.263976,145.272213,149.131327,157.314142,157.348946,160.092114,160.213014,160.234369,160.478108,160.579909,160.602876,160.806070,161.037745,173.902654,173.973718,174.055507,174.073867,174.512185,182.683222,182.718887,182.722402,182.864562,221.894879,221.947942,225.587263,225.716545,225.864464,225.886865,225.960103,231.685935,231.746040,249.689415,258.431534,258.466309,258.507685,258.553115,259.040809,267.164476,267.207455,299.238236,299.258817,299.260536,338.266345,349.735779,349.798572,349.968298,349.997505,350.038637,350.195543,350.197728,355.859466,363.714988,363.916286,363.999507,369.197962,376.611209,376.673613,376.718048,376.728562,376.756132","2,5,5,2,7,7,0,1,1,4,1,4,5,4,3,0,1,4,0,1,1,4,0,4,5,1,4,5,4,5,2,2,7,2,7,6,7,6,5,2,2,2,5,2,7,3,0,0,1,0,1,7,1,4,5,2,7,7,6,3,0,1,1,0,1,4,4,5,5,2,1,1,4,5,4,0,1,4,5,1",3
"8.733724,21.497906,21.702552,26.016688,26.051538,26.129246,26.296501,26.313683,26.391061,26.713463,26.891561,33.212497,48.441398,48.538958,48.678090,58.350003,58.478260,58.511258,58.552584,58.594342,58.647102,74.272688,77.385590,77.479795,77.509699,82.651198,85.227066,85.290548,93.767892,93.836326,93.884944,93.961837,94.065315,119.763491,123.773967,131.367004,145.340489,164.529753,180.850964,194.365144,204.784246,204.801048,207.537930,222.555088,222.571535,234.983792,244.167046,268.214323,268.227365,278.820584,303.415766,303.748301,315.070950,315.081423,320.006866,320.243254,323.414631,323.468531,352.251133,377.743119,386.150374,395.528496,395.560212,395.591278,395.624309,395.650066,422.055271,435.621892,435.655422,435.703692,438.328185,438.341709,468.060911,468.116127,472.732366,472.760319,472.800980,482.408534,482.474968,482.540942","0,3,0,3,0,1,1,4,1,5,2,2,7,6,3,1,4,5,2,2,2,2,0,1,4,0,2,7,1,4,5,2,5,7,5,3,0,0,7,6,2,7,5,0,1,5,3,4,5,4,4,5,6,3,5,2,1,4,3,3,5,2,7,7,6,6,7,5,2,2,6,3,1,1,5,2,2,5,2,7",3
"10.972079,33.967007,42.400213,42.672693,57.988858,67.262965,67.270584,67.286214,67.322168,67.356908,67.398078,67.410113,67.411829,67.426953,67.446496,67.489166,67.489245,67.530718,67.573422,67.615107,67.708994,90.794943,102.863798,103.162820,111.402416,125.833386,148.303334,189.818833,190.060718,192.641292,192.788414,192.836556,192.845467,192.950630,192.983011,193.040824,193.091527,193.144243,198.535143,198.545373,198.549499,198.639740,198.725438,198.738753,198.765948,198.897793,199.112073,219.656184,231.748645,231.751398,231.802143,231.805067,231.894523,231.949008,231.957806,232.051257,232.060005,232.146959,232.178619,232.314363,232.334985,276.838013,276.867702,276.928127,290.540850,290.565838,290.582358,290.628237,290.639021,297.556319,297.587374,297.653619,297.938367,298.050210,299.137383,299.165741,299.216981,312.590131,313.115834,313.128659","7,6,6,3,5,6,3,0,0,1,1,3,0,0,1,0,1,4,1,0,4,3,7,6,4,7,4,3,0,4,5,2,2,7,7,6,3,0,5,2,7,6,3,0,1,4,5,7,7,6,6,6,3,3,0,0,1,1,4,4,5,0,1,4,3,0,0,1,1,6,3,0,0,1,4,5,5,3,7,6",3
"5.248128,8.753848,12.476070,12.649314,12.682420,38.245723,38.344697,38.400424,38.449238,38.479254,39.209570,39.545751,39.639296,39.697316,59.385312,72.919570,73.082180,76.846778,80.840697,80.912618,80.945391,81.389701,81.539794,81.652579,81.676523,81.987601,82.141184,82.183083,87.347521,87.510652,88.495297,96.270595,97.158884,121.197780,121.238388,121.250914,121.252224,121.267894,121.311583,121.378518,121.410074,121.452033,121.453609,121.470153,121.519378,121.529938,121.588774,121.629514,130.189764,142.958948,143.043302,143.045598,143.130198,143.134935,143.183181,143.246291,160.564775,165.439437,186.234561,186.248181,186.252657,186.282458,189.065642,189.251903,202.492742,209.246843,209.321057,209.349789,209.528043,209.832946,210.062529,210.178155,228.155186,228.177332,228.307886,255.050323,255.174300,255.182485,255.291087,255.291279","4,7,7,6,3,1,4,5,2,7,3,0,1,4,1,0,1,2,7,6,3,6,3,0,1,4,5,2,6,3,7,4,6,1,4,4,5,4,2,5,7,2,7,6,7,7,6,2,1,3,0,1,1,1,4,5,3,6,4,5,2,5,3,0,7,0,1,4,5,4,2,7,5,2,2,2,7,6,6,3",3
"5.412549,5.492394,36.209450,57.929766,57.984478,80.068644,99.723471,99.917138,107.934531,108.129834,108.605193,108.625914,110.832553,110.839760,110.871227,110.899515,110.913705,110.939575,111.061981,111.070222,111.090907,111.159152,111.179953,111.196595,111.237215,111.262141,111.270321,111.270686,111.374975,111.381882,111.469670,111.495432,111.545064,111.967068,112.266216,119.715915,123.057893,123.227150,123.295005,123.395096,123.398012,137.617779,137.635164,137.761189,137.814436,137.858427,137.860539,137.873849,137.883321,137.920499,138.008440,138.014628,138.076402,138.107789,138.124987,138.184832,144.634160,144.730349,144.781873,144.795261,144.825729,144.827252,144.852333,144.887307,144.913199,144.921723,144.927390,144.964508,144.965398,144.968077,144.975776,144.983921,144.986920,145.025296,145.055811,145.093230,145.148350,145.165747,145.176794,145.184575","2,7,1,5,2,4,2,7,3,0,1,4,5,2,7,7,6,6,6,3,3,6,3,0,0,1,1,1,4,4,0,1,1,4,5,0,3,0,0,1,4,1,4,4,5,5,2,4,2,2,5,7,7,2,7,6,7,6,3,0,6,0,0,0,3,1,4,1,1,0,1,4,5,1,4,4,1,4,5,2",3
"12.102103,12.109360,76.650495,91.052259,91.092795,98.239934,99.524551,108.864816,112.772018,131.620922,131.710486,131.743929,131.977465,191.062808,191.088835,191.222054,191.709015,249.898325,249.898915,250.079793,274.963046,275.085161,279.259598,288.579521,288.604122,292.633165,302.730146,362.140647,362.219290,362.385610,389.913182,389.947132,389.991474,390.009083,390.010049,394.186825,394.434801,400.050620,400.122702,400.193270,400.243330,400.267913,400.310437,420.408499,429.895637,429.991222,433.944143,434.898559,436.182206,436.186462,437.417044,449.865051,469.816223,469.888133,470.010076,470.128288,470.137922,474.063920,497.894635,497.902830,498.062157,498.070770,498.147001,498.176761,507.625462,507.707025,507.772101,510.653438,527.919253,527.954583,528.151376,564.338182,564.347872,564.441262,564.505231,564.565754,565.145149,585.537582,585.560729,585.578271","3,0,5,0,1,5,4,3,2,3,0,1,1,5,2,2,5,2,7,7,0,1,2,4,5,1,5,1,4,4,0,1,4,5,2,1,4,3,0,1,0,1,4,4,6,3,0,3,1,4,1,4,3,0,1,4,5,6,0,1,4,5,5,2,0,1,4,2,2,7,7,7,6,6,6,3,6,1,4,4",3
"1.767331,1.934964,2.050972,3.973207,4.061754,4.164324,4.262320,4.352736,4.436597,4.646279,12.656668,12.661563,28.705757,38.498676,38.513299,38.532929,38.575319,38.647719,38.653596,38.683251,38.791782,38.791869,38.842111,38.849794,47.721714,56.454753,60.047915,81.747540,103.087725,120.339813,121.208328,121.334671,121.445095,121.459336,121.771989,122.128057,122.142563,122.148481,122.223264,122.223682,122.299405,123.039675,134.677629,134.690179,149.219569,214.604507,214.607546,214.608346,214.647946,214.683088,214.711585,214.713199,214.738128,226.165851,228.235063,228.321912,229.468613,229.476438,229.491126,229.525294,229.553873,229.586355,229.600645,229.871729,244.876375,244.885213,244.895886,244.938443,245.052057,255.493881,279.541995,279.649264,279.718164,279.721568,279.744198,279.778851,279.791893,279.833430,279.969360,280.146353","1,4,5,3,0,1,1,4,0,5,1,4,4,1,4,5,5,4,2,7,6,6,3,0,7,2,3,1,6,3,1,4,4,2,7,6,3,3,0,1,4,6,0,1,1,0,1,4,4,5,5,2,1,0,5,2,6,3,0,3,0,0,3,1,6,3,0,1,4,6,0,1,4,1,4,4,5,5,5,2",3
"2.632162,24.673660,25.923297,28.397511,28.403120,28.487216,28.530631,33.297263,61.673756,62.032777,69.201817,69.204254,69.213513,69.328038,69.335133,69.344351,69.385394,69.439429,69.530359,102.768215,119.343803,119.390973,119.414559,119.432238,119.466708,119.586024,119.721233,142.981575,151.611426,170.702908,170.838619,170.920733,171.090570,187.606411,193.842747,202.312940,202.483810,218.470363,218.484725,218.587117,234.529534,256.543871,260.776364,276.141477,276.400032,276.408729,276.410469,276.485609,276.595599,277.863234,288.607581,295.969241,314.714059,324.962631,346.322184,346.356532,346.384970,346.391117,346.403100,346.423850,346.459378,360.032719,364.467317,364.487057,391.773182,391.907775,391.917789,391.926567,391.945804,391.994728,392.012927,392.035667,392.050084,392.050823,392.061601,392.118029,392.136406,392.144013,392.160131,392.200011","2,0,5,5,2,2,7,4,7,6,3,0,0,1,4,4,1,0,4,1,7,6,6,3,3,0,1,5,7,1,4,5,2,0,2,0,1,0,1,1,7,4,3,4,5,2,7,6,3,2,4,4,7,0,1,4,4,5,5,2,2,0,5,2,0,1,4,5,4,5,4,4,2,5,2,4,2,7,7,5",3
"8.822553,8.953624,18.282505,22.995220,23.005277,46.327906,46.352251,46.400096,46.443267,46.482869,46.536018,46.547053,46.563420,46.585027,46.586702,46.639395,46.727362,46.759596,46.831616,48.218564,48.261193,51.470748,51.482691,56.494737,56.726431,56.727498,107.246407,107.384384,109.266333,124.573921,155.994743,156.605019,156.660670,156.686081,156.741853,156.751148,188.296728,188.389376,230.780092,230.803787,240.427782,240.548671,240.565039,240.567165,240.631918,240.756304,240.763789,240.796467,240.857139,240.900043,240.924495,240.931038,241.003588,248.386890,248.403058,248.459124,248.634851,248.646561,248.664861,249.002840,249.200271,267.481070,272.549704,331.018816,341.139547,343.742150,348.882230,351.373879,351.652622,351.763541,351.797299,351.800306,351.849401,351.869584,351.888541,351.889743,352.043684,363.287794,363.329099,363.353991","4,5,7,5,2,6,3,0,0,3,1,0,4,1,0,1,4,5,2,1,4,3,0,7,6,3,5,2,3,5,5,3,0,1,1,4,4,5,7,6,2,7,6,3,7,6,3,0,1,0,3,1,4,2,7,7,7,6,6,3,0,1,0,4,0,7,3,6,3,0,1,1,4,4,4,5,4,4,5,5",3
"3.829482,11.051420,11.058891,11.358537,19.655394,19.986627,58.472176,58.486437,58.522375,58.686006,68.693739,83.586865,107.682908,107.900738,107.965910,108.006212,138.719907,138.749779,138.807867,139.031743,177.822490,189.951917,198.391350,198.420494,198.517752,198.742977,198.764196,198.767135,198.814165,198.814300,198.849691,198.863578,198.892336,198.957407,198.967005,198.991508,198.994211,199.122151,199.191608,199.332585,202.790902,202.793733,202.821758,202.833876,202.867621,220.893553,220.896372,220.982370,220.986822,220.995183,221.096879,221.213167,223.502262,223.644898,258.440409,258.446930,258.662366,258.707322,263.952378,264.000357,264.000735,264.075000,264.111313,264.118356,264.306952,301.681819,301.682964,301.707152,301.724235,301.728273,301.778276,301.789184,301.949445,303.931120,308.851526,322.425481,333.132316,333.132789,337.836958,339.384301","5,2,7,7,2,7,3,0,0,1,6,1,5,2,2,7,4,5,2,2,7,6,3,0,1,1,4,5,5,2,2,7,7,5,7,6,4,2,7,3,1,4,4,5,2,3,0,0,0,0,1,1,0,1,1,4,4,5,2,7,6,3,0,1,1,4,5,2,2,7,2,6,3,1,7,7,5,2,2,6",3
"68.619610,68.642431,68.727537,85.820190,101.188428,101.210725,101.405538,101.484048,102.153848,102.223579,104.582581,114.203179,117.064138,117.105581,129.213181,129.279352,135.532052,135.573917,153.221425,153.361298,153.597408,162.916220,214.471748,214.478837,214.546543,214.558621,214.572556,214.646395,214.744364,214.780241,214.817529,214.830549,214.830564,214.845739,214.848855,214.860756,214.881595,214.897498,214.908926,214.924445,214.943225,214.990501,215.005357,215.279070,216.092595,230.750565,238.844994,248.508537,250.131356,250.157526,250.215990,250.252688,250.306312,286.416819,286.579546,286.589615,286.616400,286.641996,287.513763,319.479594,319.577659,332.066136,332.073614,332.183461,332.294487,334.978509,335.010796,338.079238,364.821405,365.028269,365.274448,366.102412,369.418975,369.919977,369.942662,369.973626,370.036832,370.195246,374.554613,374.587061","3,0,0,5,5,2,7,6,7,6,1,7,3,0,6,3,6,3,6,3,3,7,3,0,0,1,4,0,5,4,2,2,7,6,6,2,5,2,2,7,1,6,2,7,1,3,2,0,6,3,3,0,1,3,0,0,1,1,2,2,7,4,5,2,7,3,5,3,1,4,5,5,7,6,3,3,0,1,7,6",3
"5.003426,12.477083,12.542378,30.038818,30.077125,30.166645,30.171065,30.213565,30.265717,30.279672,30.281759,30.286809,30.291222,30.305798,30.313101,30.320193,30.351601,30.360169,30.397984,30.415518,30.421263,30.452972,30.475040,30.485453,30.612787,30.652358,30.724567,31.043179,40.292016,40.393769,40.501914,74.820258,74.835590,74.843425,74.874782,74.928478,74.977891,74.999815,78.351350,93.467898,93.470818,93.480722,93.497468,93.504044,93.535450,93.538614,93.611185,93.714321,93.729204,102.778433,102.864061,102.935142,102.943234,103.070302,103.081726,111.292569,126.953655,126.957981,127.069032,127.295586,154.667230,157.731434,157.822424,157.865531,157.874037,161.054838,161.223391,165.347559,189.059361,189.462538,189.473313,189.707249,189.794303,189.803554,190.193332,203.513951,213.627104,245.209069,247.235339,247.350745","2,5,2,2,7,7,7,6,6,6,3,0,0,1,3,0,6,3,0,1,1,4,3,0,5,2,2,4,1,4,4,5,2,2,7,2,7,7,4,2,7,6,6,3,0,1,6,0,3,3,0,0,1,1,4,4,7,6,3,0,5,5,2,7,6,2,7,3,5,2,7,6,3,0,5,3,3,5,4,5",3
"34.252494,34.352370,47.017340,47.124940,47.152802,47.206632,47.460699,49.104047,49.166062,49.409986,52.338973,52.360421,52.380235,55.381226,55.408108,55.417920,66.619820,66.635831,66.752198,79.207507,79.209782,92.344580,92.854828,92.877802,92.925739,106.163522,112.283778,112.323914,112.412918,136.795704,137.812539,172.386450,172.437400,206.847649,206.859993,206.925271,206.994106,207.191783,207.238932,207.251524,211.357237,219.026226,219.062064,230.312605,231.979547,235.467404,235.529117,266.502543,266.532877,268.694037,274.150511,305.323404,305.333027,305.336990,305.430687,305.460116,413.482747,413.497689,414.143892,426.212094,427.681891,427.868084,431.533083,432.977968,433.009485,433.059671,433.095355,433.121402,433.157211,433.260193,433.278316,433.288828,446.574430,498.157140,500.759572,500.840915,505.001852,576.075517,576.106194,576.178507","6,3,2,7,6,3,3,2,7,7,5,2,7,0,1,1,1,4,5,0,1,1,7,6,6,6,5,2,7,6,7,0,1,0,1,4,1,5,2,2,1,2,7,0,6,0,1,0,1,2,2,1,4,4,5,2,3,0,3,6,0,1,3,4,5,5,5,2,2,7,7,2,0,0,4,5,1,5,2,2",3
"18.961529,22.987965,23.099093,23.251870,23.319213,23.409364,23.460985,23.463785,23.537668,23.662536,28.626391,39.588980,40.322457,46.036521,46.123962,46.213852,46.218749,46.268488,46.311680,73.179783,132.640150,139.489968,139.719946,149.968716,152.919053,153.452481,156.979995,159.085060,183.762529,185.829120,185.854545,185.862804,185.863633,194.064208,200.271946,200.273164,200.282315,200.427436,210.187666,220.966821,221.604133,221.768563,235.100538,244.842180,252.981023,262.176775,297.244146,297.258892,297.354859,297.416813,297.543519,299.412028,300.241399,300.255810,300.258856,300.277435,300.512643,300.547799,300.565293,300.646550,300.737328,300.754333,300.765309,300.782536,300.805991,300.933332,300.994385,301.104221,301.249063,301.255858,322.206871,327.043826,327.136901,335.517055,357.179445,357.272941,392.329901,392.335042,392.662670,392.776983","4,5,2,7,6,3,0,1,4,1,5,0,7,4,5,5,5,2,2,7,5,0,1,7,2,5,7,2,3,2,7,7,7,6,1,4,4,5,2,0,7,6,3,0,0,5,3,0,0,1,4,1,3,0,1,1,1,4,4,5,2,1,7,5,6,5,2,2,7,6,0,6,3,0,1,4,5,2,2,7",3
"15.533969,18.632095,28.912818,55.953013,56.013241,56.219044,56.224534,56.259307,56.324089,56.434418,71.626321,77.432766,77.453569,77.474820,79.038034,109.740317,110.096798,110.150834,111.258872,111.366699,112.162888,112.177502,112.209503,115.805615,116.068787,116.102639,117.256886,117.380689,124.279129,124.370864,124.412550,124.459049,124.470075,124.478342,124.581453,124.593478,124.608339,124.618866,124.627068,124.667326,124.679961,124.688960,124.700048,124.718387,124.792343,124.804497,124.848209,124.854318,124.872954,124.935820,124.984718,124.987506,125.616204,125.759422,126.016821,131.197590,131.302499,131.322067,131.521923,131.600085,131.645815,131.756639,131.774985,131.839974,131.926426,155.937075,163.973535,164.047495,171.796748,174.796976,175.410922,175.435082,175.482049,184.931004,221.262442,221.355188,221.369522,221.372049,221.389061,221.435559","2,1,1,5,2,2,7,6,3,0,4,5,2,2,7,4,5,2,4,5,4,5,5,0,1,4,1,4,3,0,0,1,1,1,4,5,5,5,5,2,2,2,7,7,7,6,2,6,6,6,6,6,3,0,1,3,0,1,4,1,4,4,5,5,2,0,7,6,4,7,6,3,0,7,7,6,3,0,0,1",3
"0.295087,0.497862,0.754306,3.421602,3.435632,3.510965,3.519892,29.518532,29.622735,63.195148,63.275010,86.007357,124.870471,124.942597,145.834550,150.228746,150.300954,150.387634,150.491004,150.861357,150.920435,150.953033,151.077035,151.086792,151.174083,151.437722,151.979347,163.907225,175.146675,186.547590,223.750232,226.667695,226.717837,248.207849,248.312869,252.896117,253.724935,266.542734,266.617423,266.641751,266.661315,266.766978,268.038287,313.828548,314.038428,314.195085,318.754089,318.788051,334.676044,334.755977,334.849861,334.944584,338.513963,338.549714,338.592386,338.676918,338.735557,338.870588,377.177534,377.234396,377.294563,377.325047,377.364924,377.482288,377.537331,377.660584,381.095866,381.109889,382.588688,388.252580,388.512518,399.364536,419.526438,419.609792,458.108924,465.819965,478.034222,478.039859,478.057832,478.075916","1,2,1,5,2,2,7,7,6,5,2,2,2,7,7,2,7,7,6,3,0,1,4,5,5,5,2,7,3,3,6,4,5,3,0,4,6,6,3,0,0,0,5,3,0,0,0,1,0,1,4,4,6,3,3,3,3,0,0,1,4,5,2,1,4,7,4,5,7,1,4,0,2,7,7,1,3,0,1,0",3
"17.078571,56.517376,58.093911,97.836922,98.014301,125.839662,159.744152,159.770547,164.375142,164.394172,164.417062,164.423247,164.447109,164.459157,164.475387,164.476442,164.511049,164.535252,164.541097,164.576073,164.598670,193.904263,193.906137,193.943065,193.949989,193.950697,193.990046,194.189024,194.234318,224.805739,247.230426,259.300907,265.067498,265.929849,268.001732,268.020618,269.394617,269.415567,276.100536,282.597695,282.800131,282.804395,282.840651,282.891721,282.963104,283.019794,285.947527,286.384517,286.463041,286.496222,293.089206,293.141163,310.558826,310.839598,310.858617,325.907822,326.127664,326.187782,326.204001,326.390595,336.155051,341.871752,341.972182,342.055795,342.217705,342.229593,342.250257,342.341747,342.369733,342.538768,352.764906,352.803107,353.001848,353.009254,353.124766,388.709263,393.052802,425.853548,425.933800,425.974179","4,7,5,3,0,3,2,7,1,4,4,5,4,5,2,7,5,2,2,7,6,5,2,7,2,7,7,6,3,2,0,3,2,7,6,3,7,6,1,3,0,0,1,4,5,2,5,2,7,6,2,7,3,0,0,1,4,5,2,2,2,7,6,6,4,5,5,2,3,7,2,7,7,6,3,6,4,4,5,2",3
"28.454799,28.460837,28.562132,36.992012,37.117480,39.031114,39.093575,54.000590,62.021466,62.061366,62.160944,62.163950,62.199648,62.319470,87.926608,87.971190,89.299846,92.130905,106.879297,118.748932,118.798394,138.941513,138.954854,158.278327,158.663345,158.792893,216.046492,218.022549,223.588653,223.744795,231.529386,231.540909,231.547610,231.703736,231.997274,232.028732,232.064274,232.238415,232.268898,232.360974,243.618503,269.126085,269.139186,269.193847,269.311479,269.379906,269.407263,269.413644,269.448571,269.545346,281.623555,283.565647,301.691619,302.091822,302.354242,321.413895,325.453016,344.796935,345.001596,345.066524,345.391741,345.453167,372.219098,372.267900,372.480987,372.575718,372.614434,372.998459,373.043793,373.100644,373.355430,373.512601,375.948936,391.394404,391.470197,402.353966,402.397214,402.588775,402.598792,402.649137","1,4,4,4,5,5,2,0,7,6,3,6,3,3,0,1,3,1,5,6,3,6,3,7,6,3,5,4,3,0,2,7,7,7,6,3,3,0,0,1,3,4,5,2,7,7,6,6,3,6,0,3,3,0,1,5,1,7,6,3,0,1,5,2,7,7,6,3,0,1,1,4,6,4,5,1,4,4,4,5",3
"13.560205,32.238530,35.832300,39.477302,40.041809,79.111879,79.127953,100.999868,101.230249,104.669893,111.278049,173.227548,186.586720,186.614523,186.871205,186.944540,187.012050,187.028179,189.241419,189.278503,195.913646,195.981655,196.052444,201.867581,201.943334,214.025733,229.427886,240.754006,248.662740,248.696489,248.727002,248.780663,248.847561,248.938645,253.628927,265.641732,265.657557,265.735911,265.848353,265.898724,265.946940,272.035516,272.454153,273.629452,273.828854,299.123950,299.128356,299.282837,299.360705,299.371281,299.403272,299.534486,299.588251,299.710263,299.770851,299.782392,299.870011,309.107107,309.316787,309.462322,316.584892,316.967792,318.428655,319.735051,323.825053,331.634706,331.656648,331.657661,332.698522,332.777918,332.869689,336.896574,343.766069,343.818360,343.866260,343.885366,343.893573,343.915675,343.994797,344.043700","6,2,7,2,7,2,7,0,1,4,1,4,6,3,2,7,6,3,7,6,0,1,4,1,4,1,7,6,6,3,0,0,1,1,5,7,6,3,6,3,3,7,1,5,0,3,0,0,1,4,5,1,4,4,5,5,2,6,3,0,3,6,1,2,6,5,2,2,1,4,5,2,0,1,1,4,4,5,4,5",3
"1.368018,3.232207,3.233970,3.238360,3.240654,3.366344,3.586286,3.590087,4.172494,4.321180,34.456802,51.490271,51.529895,54.411238,54.487423,54.509035,61.053750,61.079243,61.096652,61.123479,61.206568,61.241144,61.271140,61.306097,61.722065,61.744837,61.979089,64.629957,69.395509,86.222720,86.268850,86.270893,86.302818,86.353078,86.400700,86.422726,86.435264,86.463211,86.474158,86.476636,86.479417,86.482145,86.532035,86.550591,86.628548,86.738870,91.729039,91.767543,91.788487,92.116129,95.156538,95.225684,95.353213,99.360943,99.366636,99.443932,99.575175,99.754024,107.540557,124.910024,125.969202,126.147899,131.296197,135.753290,135.993201,136.017742,136.032509,136.045237,136.087703,136.101278,136.193618,138.332455,167.568907,167.696982,182.655043,182.771579,182.961845,185.555805,189.895270,191.999429","7,4,5,2,5,2,2,7,0,1,3,0,1,7,6,3,6,3,3,0,0,1,1,1,0,1,1,1,5,0,1,4,1,4,5,4,5,2,2,4,5,2,7,6,3,1,0,1,1,4,0,1,4,1,4,5,2,5,7,7,7,6,3,1,4,4,5,5,5,5,2,2,7,6,5,2,7,0,1,4",3
"3.329138,3.341738,3.345233,3.407518,15.385933,22.215661,61.549193,61.648212,62.794192,90.910192,90.959474,91.168557,91.372787,91.473959,92.937695,102.833890,102.857593,107.891726,115.877650,127.662933,127.681333,127.690799,127.700873,127.736752,127.739521,127.813308,127.816361,165.499018,205.996155,207.691191,214.126981,214.127829,214.136198,214.341846,214.494107,214.631587,217.704500,223.179604,226.756534,226.841203,226.853807,226.990509,227.344987,231.452337,231.484322,231.509415,231.553851,231.596269,244.707952,244.939158,267.075221,267.246540,267.306461,283.539333,283.614645,283.751776,285.995111,286.916070,286.988978,294.722527,294.725344,294.779763,296.037349,296.064351,306.487786,352.752599,352.872822,366.247691,366.256999,366.327414,366.393577,376.628668,393.401498,393.410895,400.704383,400.729269,410.444552,410.626066,431.598402,458.496063","0,1,4,5,2,0,7,6,4,0,1,1,1,4,6,6,3,3,4,5,2,7,6,7,6,3,6,2,7,6,4,4,5,5,5,2,1,0,7,6,3,0,1,4,5,2,5,2,5,2,1,4,5,5,2,7,2,4,5,5,2,2,6,3,1,7,6,7,6,3,3,3,1,4,0,1,4,5,2,5",3
"0.812517,0.859699,0.907969,0.952306,0.962560,1.023282,1.037827,1.043058,1.052687,1.129602,1.155227,1.371019,1.548172,40.985603,55.564182,63.566702,63.653593,65.918895,66.303982,66.388547,66.523298,66.564164,66.605987,66.633642,66.634311,66.654704,66.695494,66.723672,66.731270,66.740527,66.755446,66.772070,66.814113,66.820667,66.852517,66.863793,66.883995,66.910291,66.919020,66.921786,66.927549,66.927684,66.951971,66.955719,66.964565,67.037006,67.038607,67.050473,67.051095,67.066204,67.066273,67.067113,67.067452,67.069018,67.072080,67.112387,67.126119,67.138455,67.152809,67.164956,67.175698,67.213358,67.231254,67.258127,67.300811,67.322323,67.330461,67.388017,67.411716,67.421590,67.472473,67.473629,67.475354,67.509962,67.512285,67.538404,67.561019,67.572799,67.642077,67.650761","7,6,3,6,2,7,3,6,3,3,3,0,3,2,6,0,1,3,0,1,4,1,4,5,5,5,2,7,7,2,7,7,7,6,3,6,3,2,6,0,7,1,6,3,0,0,1,3,3,6,0,0,0,7,1,1,4,1,4,4,5,5,2,3,7,3,0,0,1,1,4,5,2,2,7,7,1,7,6,3",3
"0.323761,9.285314,9.389217,44.224821,44.344112,67.550975,67.846029,75.471715,75.612473,75.681274,75.682126,75.810594,75.926851,75.933318,75.940254,75.947770,75.973523,76.001560,76.077477,76.110860,76.125393,76.129719,76.200248,76.228576,76.295429,85.710204,97.306360,97.327307,97.334969,97.379313,128.819674,128.858124,129.151944,139.422960,139.479680,139.490267,139.523020,139.785697,145.103524,152.094143,152.230263,152.272148,152.274092,152.796656,164.147054,164.157618,166.114203,166.130076,166.206285,167.734962,167.746606,167.758399,167.942764,167.978287,201.880809,202.039757,202.073489,202.079793,202.191702,202.261820,202.268742,202.342280,202.344798,202.390787,202.391940,202.877339,205.688234,205.757052,205.912800,212.857775,229.526861,229.594584,229.664294,229.685568,239.469256,254.523257,285.166128,289.930449,304.663906,319.942167","7,5,0,4,5,5,1,3,0,1,4,5,2,4,7,7,5,7,6,5,3,2,0,2,2,1,0,1,4,4,7,6,6,1,4,5,2,2,7,5,2,7,7,1,0,1,5,2,7,7,6,3,0,3,7,4,5,2,5,5,2,2,7,7,6,6,3,0,0,7,7,6,3,0,1,1,0,5,0,7",3
"24.556357,25.633093,25.633916,51.011895,51.130815,51.133593,51.167369,51.221918,51.348117,51.354711,53.408098,58.474279,58.636498,58.666345,58.684220,58.757645,58.757682,58.770634,58.779552,58.823609,58.856650,59.026032,59.100237,59.289354,59.307487,59.362439,59.498038,82.216655,82.236871,82.457409,92.172934,92.201332,107.270015,107.562843,107.588318,107.649150,107.883169,142.497770,145.112193,165.019765,165.400407,166.749884,170.105971,185.624518,185.638394,185.809260,185.824326,196.112250,217.644516,223.949935,224.007879,224.331307,236.586076,236.704233,254.388674,254.400868,254.499058,270.097638,270.117879,270.465485,270.472611,277.700153,288.691754,288.732246,329.026406,348.373657,348.381211,348.516792,348.539260,348.587715,348.624520,348.631753,349.057016,349.347645,349.416375,368.476629,368.665535,377.494687,377.846568,378.223469","2,4,5,4,5,2,5,2,2,7,0,2,7,6,6,3,3,3,3,0,0,0,0,1,4,1,4,4,5,2,7,6,6,3,0,0,1,4,4,2,7,5,1,1,4,4,5,0,2,1,4,3,1,4,0,1,1,4,5,2,7,7,1,4,3,7,6,6,6,3,3,0,3,0,1,2,7,7,6,0",3
"13.508565,13.533861,33.360444,33.385435,33.408515,33.408989,33.517546,33.627786,41.861850,54.256798,63.673818,63.681015,63.771595,63.999188,64.246449,64.359099,66.235748,71.550665,85.152102,87.573176,87.693410,91.226874,91.291136,91.613689,107.285455,110.464389,110.467197,110.502278,110.528044,110.557741,110.566370,116.135737,116.181649,116.217599,116.288355,116.296132,116.312113,116.328943,116.343726,116.377699,116.383611,116.530150,138.283791,142.910093,143.028561,143.109099,143.233394,156.455004,156.600704,156.614727,190.689868,229.717092,229.743267,233.895822,233.985216,234.130862,270.010699,270.030745,270.088199,270.127619,270.245043,270.271044,270.280006,270.303963,270.308881,270.320965,270.384460,270.412475,277.742572,293.870796,293.895750,294.100127,304.762383,309.110756,345.843235,345.974716,346.182781,346.273164,357.937765,364.429297","7,6,7,6,6,6,3,0,7,0,1,4,4,5,2,7,0,2,0,7,6,6,3,0,7,6,3,3,0,0,1,7,6,3,0,1,3,4,5,4,6,1,7,1,4,5,2,4,1,4,6,3,0,0,1,4,0,1,1,1,1,4,5,4,4,5,5,2,3,3,0,1,2,3,1,4,4,5,6,4",3
"13.872946,13.904555,15.474234,43.527697,69.432861,69.452106,69.485767,71.061873,71.093815,71.360038,86.127030,87.496386,100.380487,100.617859,100.757497,113.908556,115.977292,116.045483,116.153446,116.415414,116.867055,116.926094,117.101858,117.147320,117.552517,133.009871,133.046055,157.467347,158.169167,158.211652,158.258815,158.357714,158.485543,201.881106,205.646184,209.171346,231.312176,231.313124,231.421905,231.447234,231.454024,231.454066,231.555876,231.656997,231.688501,231.694138,231.695049,231.735253,231.812446,231.857883,231.996496,232.394936,253.821544,256.419120,258.571076,268.849593,273.272771,280.800946,280.805245,280.813626,280.851890,280.881649,326.046764,326.050510,326.051451,326.162610,326.170577,326.249182,326.312942,363.835722,363.856782,363.874502,364.282028,364.491507,369.311306,369.380148,372.310534,401.577126,401.618771,401.648169","7,6,5,0,7,6,3,1,4,1,2,7,1,4,5,2,0,1,4,5,2,7,7,6,7,0,1,1,4,5,5,2,7,6,1,1,6,3,3,3,0,1,4,4,5,2,2,7,6,6,3,0,2,4,2,7,1,7,6,6,3,0,3,0,1,0,1,1,4,5,2,2,7,6,3,0,7,2,7,6",3
"0.253680,0.267169,0.339454,0.419152,1.543838,1.616210,16.671997,35.445269,43.863005,44.908305,44.919677,44.935653,50.781782,83.665948,83.694304,83.772044,83.813933,83.890256,83.920554,83.962779,84.033031,84.134617,84.138356,84.290332,84.438930,84.527735,84.534996,84.594149,84.610878,84.637535,101.632430,101.668457,101.765248,101.867564,101.867764,101.881446,101.909857,101.917537,101.920462,101.941894,102.041763,102.064510,102.072314,102.107804,102.116068,102.116434,102.140457,102.143525,102.161606,102.292551,102.315711,102.421064,111.038635,140.072570,146.572901,146.634297,146.698296,147.001057,164.661725,164.699596,164.702778,164.738613,178.921229,187.060643,187.114165,187.277501,187.294471,187.313982,187.391107,187.412466,187.433984,187.473250,187.525157,187.746278,194.108222,194.178426,194.258116,202.165259,202.440870,202.570639","6,3,0,3,5,2,7,7,2,4,5,2,3,1,4,4,5,4,5,5,2,7,2,7,7,6,6,3,3,3,7,6,3,3,0,1,0,1,1,4,4,4,4,5,5,5,6,2,2,5,5,7,2,7,5,2,2,7,2,7,7,6,7,7,6,3,6,0,3,3,0,1,0,1,0,1,4,4,5,2",3
"16.366943,37.606445,37.722772,41.070769,41.072815,41.150341,41.155764,41.182558,41.237405,41.243625,41.255340,41.271865,41.370253,41.377279,41.507971,41.524860,41.634370,41.663916,41.700651,42.039420,55.090232,55.167041,55.232538,55.256928,55.310040,63.579806,63.961432,64.008285,64.328931,100.456588,100.521361,100.728167,100.813017,100.969056,101.381775,101.423901,101.472001,103.154589,125.008236,125.082073,128.575780,151.030827,151.145128,152.947102,161.127074,195.702183,195.825302,195.859337,195.884464,195.915800,195.936065,195.941892,195.962706,195.963876,195.979828,196.010877,196.062937,196.063279,196.090854,196.132739,196.144617,196.271080,196.299177,196.308277,196.488995,206.104662,218.253023,222.342360,222.344856,222.348775,222.367988,222.498867,224.029710,224.405032,229.179011,238.986624,239.084918,298.017967,298.083736,298.142575","0,5,2,0,1,4,5,1,4,5,4,2,7,5,4,5,2,7,7,5,5,2,2,7,2,3,0,1,4,7,6,3,0,1,7,5,2,7,5,2,4,7,6,4,1,5,2,7,6,6,3,3,3,0,0,1,0,4,5,1,5,6,2,7,4,4,4,2,7,7,6,6,3,0,6,0,1,0,1,1",3
"6.967927,9.574898,9.604235,9.642092,9.722056,26.109330,30.011062,30.080973,30.280038,35.129725,37.158771,51.973039,52.086957,52.172670,52.229662,52.233894,54.606853,54.616652,54.632816,54.661995,54.730560,54.745319,54.883245,54.909345,54.969862,54.977122,55.029064,55.046400,55.092636,55.160247,55.217192,55.436649,58.988685,66.969245,66.999090,67.042531,91.715728,101.467842,101.536024,116.030495,135.691901,136.033766,138.166052,166.650525,166.657592,184.278218,184.298853,184.370085,184.381563,184.558302,184.680571,184.687207,184.714997,184.789434,184.894143,184.926103,185.032778,185.047986,185.121754,185.226796,202.030820,202.061083,202.065273,202.385960,204.992716,215.549524,218.572921,222.090007,222.103591,222.129440,222.162511,222.234467,222.263368,222.356093,222.427384,222.540551,222.611873,222.666673,222.712904,223.339116","5,7,6,3,0,6,3,0,1,0,1,2,7,7,6,3,1,4,5,5,4,2,7,4,5,2,2,7,7,2,5,2,3,3,0,1,7,6,3,5,2,7,6,7,6,3,0,0,1,1,4,5,2,7,7,2,7,7,7,6,0,1,4,4,7,7,3,4,5,5,2,2,2,2,7,6,3,3,0,0",3
"5.519248,5.557340,11.718310,11.795199,12.005405,50.751074,50.796964,58.798619,59.044221,61.939324,66.147601,66.384101,66.425584,80.239251,80.314565,80.345063,80.450883,83.935569,124.092119,149.717775,149.770951,164.372533,164.384372,164.443603,164.557245,171.032954,171.048142,205.335073,209.464962,211.232950,238.607483,238.624912,238.641245,238.648921,238.676454,238.680266,246.240733,246.316467,246.323010,246.353176,246.452962,246.651056,246.880003,275.379598,276.814253,323.964362,324.011855,331.065585,331.238396,331.361301,331.388398,331.569798,331.634382,344.303093,344.426756,344.470816,344.473655,344.589330,344.601472,344.700862,353.509900,353.691040,358.208432,358.359560,358.382476,358.500779,361.045873,363.093129,398.845099,398.996628,408.377106,422.864446,428.123040,433.058805,445.300636,445.325668,445.463029,455.402454,463.215882,463.338729","5,2,1,4,5,1,4,0,4,1,3,0,1,4,5,5,2,6,0,1,4,7,6,6,3,3,0,5,6,6,7,6,3,0,1,4,6,3,0,1,0,1,0,7,2,2,7,0,1,4,5,2,4,7,6,3,3,0,3,0,7,6,4,5,2,7,2,1,0,1,4,1,0,7,7,6,6,2,6,3",3
"16.800370,36.196352,57.458291,57.580847,58.212462,58.220734,58.603978,69.610662,111.961070,112.203386,112.349002,122.510029,131.601754,131.676100,131.731840,131.764181,133.398440,133.447134,133.518637,142.990922,143.070361,143.164387,143.185444,143.272048,143.643748,143.683200,143.683772,143.689851,143.714248,149.099048,158.691988,158.710885,177.693672,203.496057,203.540909,227.400111,230.659013,236.439692,308.995765,313.269323,313.439997,316.945588,347.739310,370.476095,382.938613,383.964808,384.013622,385.072621,385.075727,385.207463,385.218142,419.325423,419.331873,419.342092,419.354449,431.069753,435.330879,468.873883,470.802633,470.820395,522.547417,536.639698,541.749744,541.775327,541.844942,541.910826,548.775358,548.850018,548.917473,548.957982,549.187315,549.363587,549.464653,549.587631,549.815990,549.817898,549.958771,550.021999,550.336249,550.368789","5,6,7,6,3,0,1,6,0,1,4,0,7,6,3,0,6,3,0,1,4,5,2,2,2,7,6,6,3,1,4,5,6,6,3,7,0,1,7,5,2,5,7,7,7,2,7,4,5,2,2,0,1,1,4,7,7,4,0,1,4,1,3,0,1,1,0,1,1,4,4,5,2,7,7,6,3,6,3,0",3
"17.124064,17.265071,21.256253,29.554038,29.624091,29.660795,29.693281,30.173155,33.998266,34.119920,34.197636,34.222566,34.248652,34.463898,34.535506,34.596612,58.503776,58.752387,58.935689,58.951752,58.954450,59.095872,59.115830,59.209755,59.218070,59.260442,59.344191,59.355533,59.359247,59.388540,88.898860,89.095662,89.128659,89.166297,89.268816,89.392227,91.297898,104.575331,104.716441,104.884344,105.049418,105.094576,105.323370,105.362456,105.372790,105.385138,105.442463,105.474993,105.483710,105.514271,107.634099,107.649234,113.717166,168.339392,176.290482,176.421101,176.433370,177.013150,185.742185,186.317325,190.227126,190.368003,190.626516,202.246936,214.537404,214.542053,214.693507,214.697596,214.710431,214.738098,214.758116,214.759129,235.373836,235.535325,235.552941,235.611369,258.407265,270.478065,274.178770,274.200381","6,3,6,0,1,1,4,7,3,0,1,4,5,2,7,7,1,0,1,1,4,4,4,5,2,7,6,6,6,3,7,6,6,3,3,0,2,4,5,2,7,7,6,3,3,0,0,0,0,1,0,1,2,6,2,7,6,1,5,2,1,4,7,2,1,4,5,2,2,7,4,7,1,4,5,5,0,3,5,2",3
"12.089489,34.948917,34.961506,38.060745,38.160848,38.469513,39.401638,39.902868,45.024903,45.030989,59.211903,62.765815,62.843628,63.026726,63.272321,66.697306,67.742227,67.778060,67.802252,67.819856,67.837580,67.911038,68.049268,80.642734,80.659983,86.723443,86.801022,86.869526,86.989455,87.056891,97.447512,97.454901,97.455189,97.461577,97.467193,97.469057,97.481316,97.504625,97.555882,97.614119,97.636983,97.680192,97.680602,97.725193,97.827203,98.006558,98.035579,98.060994,98.085706,98.107271,98.161102,98.284555,103.470569,112.679839,126.226755,151.545077,151.661365,156.718911,168.396904,190.037598,191.741215,191.799082,219.534319,219.539654,219.540904,219.553280,219.573376,219.581695,219.628502,219.673731,219.786727,219.788653,219.810062,219.849115,219.855870,219.868800,219.981144,220.042371,220.043038,220.052470","2,0,1,0,1,4,5,2,6,2,6,0,1,1,1,2,1,4,5,4,2,2,7,7,6,7,6,3,6,0,7,6,3,6,0,3,3,1,4,6,0,3,5,2,7,6,3,3,0,1,3,4,4,3,7,4,5,6,3,2,6,3,6,3,3,3,0,3,1,0,1,1,4,4,5,4,5,2,2,7",3
"4.027682,4.042309,4.133042,4.138873,4.314443,4.335128,4.346230,4.601282,5.822394,6.511866,28.380689,28.568867,28.649957,28.734564,28.777050,28.802375,28.824990,28.846442,28.896066,28.943791,28.982480,29.100115,29.109080,29.116513,29.135735,29.169211,29.469117,29.590106,64.984962,67.653845,89.561624,94.780948,105.199315,105.241817,105.303174,105.316420,105.340582,105.484502,123.229620,166.721352,166.776077,173.690696,175.519621,210.445304,210.475593,210.536808,211.042645,211.046970,245.229772,256.262235,285.092791,285.095735,285.145217,286.657668,288.292845,288.429049,288.446406,288.446413,288.588210,288.826958,303.485625,303.617502,329.746568,352.312725,355.949833,356.007133,356.064222,356.224957,356.226125,356.241099,387.384255,387.385504,387.446648,394.784390,394.800991,394.980744,395.019975,395.191732,395.247375,395.258833","0,1,4,5,4,5,2,5,5,0,7,6,3,3,0,1,0,0,1,1,1,4,5,4,2,2,7,6,7,0,1,4,0,1,4,5,2,7,7,0,1,7,6,4,5,2,0,1,2,3,4,5,5,1,6,3,0,1,1,0,7,6,3,7,0,1,1,4,5,2,6,3,0,5,2,7,6,3,0,1",3
"19.541906,32.358051,32.982618,32.985687,35.429701,38.823831,38.883520,128.279293,128.561098,137.101903,137.282631,137.409547,137.470339,199.892990,224.009376,234.139943,234.182471,234.185257,234.204504,234.226031,234.254673,234.284227,234.357387,234.373507,234.582475,262.065681,262.217527,262.719804,262.780296,262.839752,262.981305,329.916163,340.161369,340.387537,340.497835,370.619857,378.249812,401.017849,412.793184,422.466494,432.250491,432.334290,436.342300,436.385125,438.334373,447.313948,447.337583,452.588165,452.672613,465.930815,465.942676,465.963072,466.012254,466.170452,466.992113,467.139420,467.214806,467.367756,467.449094,509.097068,509.193128,509.271074,509.325768,509.326803,509.381776,509.386952,517.687149,517.751298,517.753853,518.155368,518.176312,518.464494,518.562652,526.532285,526.887975,526.956836,527.037287,528.749922,528.803283,528.879938","3,3,0,1,4,7,6,0,0,5,2,7,6,6,2,1,4,5,2,4,4,5,5,2,7,7,6,3,0,1,4,5,6,3,0,1,0,4,5,3,2,7,7,7,1,3,0,2,7,3,0,0,1,0,0,1,1,4,5,5,2,7,2,6,6,3,2,7,6,3,0,1,1,4,5,2,7,2,7,6",3
"5.302806,24.437428,36.894616,36.901872,36.924984,37.012000,37.036750,37.060645,37.063276,37.170232,37.178726,37.188259,37.242576,37.268299,37.302840,37.318995,37.387496,37.402921,37.447177,37.455151,37.459639,37.694171,37.705241,60.735379,60.784435,73.080841,105.405403,116.357227,133.494860,133.866516,134.001067,134.036711,134.045607,134.199679,134.264525,134.274745,134.418338,134.418788,134.439053,134.441394,134.444885,134.465378,134.532919,134.541388,134.565069,134.611534,136.703458,136.845710,136.962321,137.070353,137.180994,137.197214,137.427877,147.831001,155.361365,155.361802,155.424558,155.701177,155.728585,155.749409,155.798461,155.885389,155.925033,155.980386,155.994451,156.015584,156.029097,156.083577,156.191771,156.261561,156.320764,161.457935,161.494289,161.597445,161.642057,161.816402,161.914399,168.281953,168.305892,168.378145","1,2,0,1,4,1,1,4,5,4,5,2,2,4,2,7,5,6,2,7,6,7,6,6,3,2,7,0,3,0,7,6,6,3,0,1,3,0,4,5,2,2,7,5,6,6,4,5,2,5,2,7,6,2,3,0,0,0,1,4,4,1,4,5,2,5,2,2,4,2,5,4,5,2,2,7,6,7,6,6",3
"10.431030,10.459883,17.553414,21.515760,21.622354,21.685184,21.686208,21.724734,22.270778,22.276793,22.558538,22.596451,22.636980,27.681535,35.565000,35.600968,35.634048,35.652560,35.704721,35.787784,35.869688,35.951926,36.016892,36.028495,36.032247,68.232232,68.380991,68.417880,87.879567,98.120416,98.249375,98.266947,104.783288,123.767853,123.821756,144.103965,172.269370,175.217703,195.859370,198.738522,204.273684,209.581176,217.567270,217.588732,217.691183,219.654095,219.672354,219.718432,219.835211,220.285455,234.360272,234.372440,234.385556,234.477366,234.651058,234.847359,249.536428,249.609661,249.618142,249.830964,249.842476,249.951939,262.863389,262.892783,263.088760,263.097908,263.101495,263.103307,263.111549,263.148971,263.158065,263.181919,263.192279,263.195789,263.214359,263.232591,263.245120,263.278237,263.400704,263.407882","0,1,6,3,0,0,1,1,0,1,4,5,5,2,6,3,3,3,0,1,4,5,2,4,4,4,5,5,6,5,2,7,0,7,6,0,6,1,7,7,1,1,7,6,3,5,2,2,7,3,4,5,2,7,2,7,3,0,0,1,4,5,7,6,3,0,6,0,1,1,6,3,0,0,4,0,3,0,1,4",3
"30.080271,47.994441,56.738587,104.434325,109.305039,111.670679,128.930652,131.238502,131.249843,131.426841,131.790637,131.812839,131.929766,133.172000,133.180044,133.274772,133.364737,133.469833,133.529678,170.349057,170.351026,170.434772,170.486950,170.494695,170.561562,190.936806,191.261959,191.411547,191.464431,191.826168,203.868461,204.182816,207.376992,225.778504,225.783469,225.830675,229.202666,229.522188,232.260271,232.292413,232.425406,232.433009,232.481206,232.483200,238.089698,255.834331,265.902524,271.933739,271.951659,271.991387,276.081843,279.243360,279.306494,279.401855,300.264708,340.323115,345.084926,345.254760,355.256313,362.131200,362.192386,362.237189,362.277002,362.482785,362.483778,362.488813,362.494387,362.507996,362.524682,362.528737,362.547245,362.580256,362.589130,362.608409,362.610782,362.611417,362.616631,362.627633,362.648698,362.652759","5,3,4,1,3,1,4,6,3,0,4,5,2,3,0,0,1,4,5,0,1,4,1,4,5,2,7,6,3,0,7,6,7,3,0,0,5,2,4,5,5,2,2,7,6,2,0,3,0,1,5,0,1,4,1,2,0,1,2,1,5,2,7,6,3,0,0,1,4,3,4,3,0,1,1,4,4,4,5,4",3
"5.835063,5.856349,5.912962,5.925693,5.944173,5.953749,5.990377,6.003731,6.043885,6.066918,6.092691,6.104263,6.158287,6.168314,6.215395,6.225443,6.226412,6.229348,6.236445,6.241852,6.317909,6.345339,6.401543,6.425874,6.506395,6.533072,6.736889,6.832686,8.059007,13.727757,13.786189,13.826554,13.911254,15.611990,22.759002,40.593061,40.693724,42.215095,42.231945,42.254859,42.460378,51.882164,69.099593,112.488831,135.246051,135.368151,135.380067,135.385483,135.419745,135.447556,135.462101,135.500587,135.508243,135.545049,135.556571,135.627702,135.631074,135.631158,135.690044,135.862381,135.910167,135.927022,135.940976,186.557805,193.236449,197.736300,199.905291,212.132528,212.181053,212.294186,212.500740,218.853783,218.890167,223.417716,223.434594,223.457119,223.480210,223.502027,223.509882,223.576802","6,3,0,0,1,1,1,4,4,1,5,5,2,7,2,7,6,3,7,3,7,0,1,1,6,4,1,4,2,7,6,3,3,2,1,1,4,7,6,6,3,6,6,7,7,6,3,0,0,1,4,6,1,4,4,4,5,2,7,5,2,2,5,7,1,7,2,7,6,3,3,3,0,1,4,5,2,2,5,7",3
"9.292956,9.318596,9.390593,49.315504,56.524146,56.624785,56.625825,56.881940,56.975063,56.982839,56.989723,57.030263,57.349988,57.575941,57.602069,57.622188,57.628184,57.637393,57.638842,57.698234,57.778975,57.886699,58.034079,58.085339,68.949524,68.957587,77.928468,77.962327,112.249977,112.298827,112.342693,112.362201,112.364483,112.375636,112.490835,112.744249,113.532137,113.578163,116.788843,146.970992,147.069058,147.078325,147.131237,147.179191,147.402883,175.435371,177.492888,177.542051,177.596142,177.725914,177.851762,206.643913,210.968590,217.444064,237.597543,237.662096,237.670514,237.727950,237.747897,237.764673,237.872283,238.077299,241.798537,241.851903,241.853115,241.903867,253.633460,253.767151,253.820781,253.833617,253.995260,256.121801,256.122629,256.123285,256.177357,256.251690,256.277160,256.278963,256.289228,256.303039","0,1,4,0,2,7,7,6,6,3,0,1,4,5,2,7,6,6,6,3,3,0,1,0,7,6,4,5,4,5,2,2,7,7,7,2,0,1,3,6,3,0,0,1,1,7,1,4,5,5,5,4,5,2,7,6,3,0,0,1,4,5,1,4,5,2,5,2,2,2,7,3,0,0,1,1,4,5,5,2",3
"6.909941,32.509875,55.813897,55.857512,55.870642,55.909124,55.942156,55.963330,56.055211,56.116703,56.234755,56.296785,56.306405,56.453090,56.471521,56.475441,56.539958,56.556990,56.573017,56.611534,56.732401,56.746495,56.773780,56.977473,57.000971,57.054220,57.085911,57.112551,57.162467,57.179426,57.307861,68.235434,78.314419,81.881644,81.953310,115.736004,115.902447,115.979525,115.981968,115.982251,115.982314,115.996022,116.011027,116.034186,116.047233,116.085439,116.114476,116.225663,116.266969,116.313938,116.319262,116.323364,116.360978,116.382295,116.411892,116.418294,116.440065,116.440695,116.529193,116.575200,116.578544,116.581536,116.594604,116.597982,116.604036,116.660598,116.705918,116.778857,116.817109,116.945352,116.959600,122.946810,129.763901,129.954828,132.329903,132.746125,132.843707,132.876219,132.893814,132.909405","7,3,0,1,1,4,5,2,2,4,7,4,5,5,2,5,2,7,6,2,3,0,0,0,7,6,3,3,0,1,1,4,0,1,4,0,1,4,5,5,4,2,2,4,5,7,2,7,2,2,7,6,6,3,0,6,0,1,6,1,3,2,7,4,4,7,7,7,5,5,6,1,3,1,0,1,4,5,2,2",3
"29.930935,33.288550,33.315639,60.491442,106.941650,110.298075,114.798043,114.859064,152.078686,152.274807,154.694435,154.698606,156.534700,158.881904,158.928024,158.945556,158.953103,158.960882,158.964725,159.023533,159.035009,159.047827,159.117972,159.311202,159.388386,159.431127,159.603456,159.759451,159.767486,173.770052,193.043301,193.139753,217.503716,217.680517,217.683432,217.702631,218.106627,224.028245,224.062452,224.065432,224.168357,231.268943,243.038632,243.347180,247.369121,272.010353,272.053424,274.620050,274.658157,274.737727,274.767983,274.809269,274.857920,274.895847,274.980157,291.599015,292.067417,293.549195,293.552597,293.620420,293.706983,295.391952,334.596907,334.794216,365.272099,365.339504,365.343779,365.356003,365.405249,365.427239,365.462385,365.513217,365.514452,433.681059,439.122484,449.978759,461.689721,461.891449,461.917271,461.943343","7,7,6,4,2,7,5,2,2,7,0,1,2,7,6,3,3,0,6,3,0,0,3,0,1,4,5,2,7,7,6,3,5,2,7,6,2,3,0,1,1,1,5,2,4,7,6,7,6,3,0,1,4,4,5,0,0,3,0,0,0,7,4,5,1,4,5,4,4,5,5,2,5,7,0,6,7,6,3,3",3
"4.845800,4.937367,5.239023,5.292128,5.300587,6.041409,6.299319,11.015869,26.743383,26.859231,27.776678,27.942510,27.950718,27.965884,27.966403,27.979543,27.982041,27.982365,28.031908,28.157625,28.199191,28.218161,28.228024,28.292507,28.313242,28.316367,28.509798,41.863235,42.022761,51.618094,65.186119,65.233193,65.264819,65.338095,65.386295,65.405606,65.417035,65.540756,97.287905,97.311901,97.362814,97.430410,102.662921,116.976038,117.015412,117.021090,117.076903,119.937567,120.130924,120.137578,120.165177,120.315065,120.489279,120.669612,120.672650,120.760003,121.040301,127.638830,131.548735,131.778486,155.091345,184.506705,184.522095,184.621717,184.705851,184.735942,184.777754,184.954435,187.841276,211.331906,211.417382,211.484746,221.519004,233.338941,246.935008,246.963001,247.303923,250.847316,253.876587,264.352314","7,6,0,1,4,7,0,2,7,6,3,0,1,4,5,1,4,4,4,1,5,4,2,5,2,5,2,6,3,6,1,4,5,2,5,7,2,2,4,5,5,5,6,6,3,0,1,1,4,5,2,7,6,3,0,0,1,7,2,7,4,1,4,4,5,4,4,5,3,1,4,5,2,3,0,1,4,2,5,6",3
"20.231776,21.038258,39.000367,39.055673,39.092675,39.210775,48.514249,48.546042,48.675917,49.015594,49.095086,69.844044,69.856368,74.755148,96.495873,106.952514,108.690402,109.252171,109.272739,109.298282,109.299630,109.306168,109.418869,109.560662,109.595850,109.661797,109.708364,109.724163,109.731552,109.754461,109.778119,109.848057,109.875475,109.904169,109.906935,109.941845,109.956632,110.026608,110.039341,110.052115,110.114277,110.145148,110.156775,110.163236,110.163496,110.167074,110.172737,110.224601,110.284736,110.347711,110.373005,110.426130,110.440863,110.471738,110.493401,116.325155,127.419056,127.472722,127.493996,127.557998,127.600397,127.606444,127.626100,133.113918,195.103411,195.170486,207.501137,207.591331,207.591400,207.591885,207.683970,207.729336,207.758122,207.799438,209.728944,209.907846,210.032344,215.019553,218.489955,218.491977","5,3,0,1,4,1,7,6,6,3,0,6,3,4,6,4,0,1,4,5,2,2,5,7,6,2,7,7,6,7,6,6,3,6,3,3,3,3,0,1,0,0,1,0,4,4,4,5,5,0,2,1,1,4,2,1,7,6,3,0,3,1,4,7,7,6,5,2,2,7,7,6,6,3,3,1,0,5,5,2",3
"21.281034,21.363898,59.902218,59.905582,60.002286,60.016442,60.041525,60.048446,60.056094,60.057734,60.070333,60.070704,60.082089,60.087386,60.104700,60.114818,60.168950,60.189858,60.224460,60.224733,60.233752,60.243326,60.246781,60.487390,60.500297,60.516898,60.543239,60.573369,60.604077,60.701847,60.735353,60.908403,60.931447,61.009043,61.059131,61.125591,61.154084,89.389689,112.805550,112.805562,113.311757,114.655412,121.499719,125.067508,132.961852,149.866348,159.923135,159.936351,159.964556,159.983774,159.985712,160.000732,160.086292,160.265112,160.375819,198.887264,198.978265,198.987268,199.087549,199.111192,199.144669,199.176407,209.518421,262.926332,262.931231,262.972472,273.994184,274.165960,274.222013,274.269864,274.453660,274.457866,274.541207,333.597656,351.368364,351.626005,351.651182,351.690348,351.703958,351.750172","6,3,4,5,2,5,7,2,6,2,3,3,6,0,1,0,7,1,6,4,7,5,6,1,3,0,1,1,1,2,4,5,7,5,2,2,7,1,1,4,4,5,1,3,4,3,4,5,5,5,5,2,7,6,3,2,7,6,3,3,0,0,1,6,3,0,3,0,0,1,1,4,4,7,7,6,3,0,1,4",3
"2.089133,2.388016,8.681535,8.797488,14.986308,33.370358,41.393307,73.398029,73.418265,73.623587,73.641566,73.648618,73.673267,73.709892,73.766486,106.725460,150.530864,150.860806,193.836574,193.856428,193.862686,193.868385,193.878771,193.898996,193.964527,194.006128,194.082693,225.206937,225.316338,225.423608,225.451749,225.635664,225.653640,225.752414,225.841394,261.122848,261.131829,261.153479,261.307452,261.362615,261.373276,261.570732,276.390437,290.279146,308.784104,314.235882,314.499218,314.729238,318.986781,318.993928,319.407891,319.568184,327.236133,327.244283,335.320072,364.859335,364.941167,376.544199,376.545497,379.691463,379.721657,384.167209,385.679002,385.722107,385.726843,385.853876,385.853903,385.967623,386.137454,386.271417,400.591009,400.803631,400.855815,400.882366,412.915842,412.979505,419.399288,419.425357,419.487868,419.518144","7,6,5,2,6,1,6,2,7,7,6,6,3,6,3,7,1,4,1,4,4,4,5,5,5,2,4,6,3,0,1,3,0,1,1,2,7,6,3,0,1,1,2,1,0,5,2,7,6,3,3,0,7,6,2,1,4,5,2,7,6,5,6,3,3,0,1,3,0,1,3,0,1,4,0,1,7,6,3,0",3
"9.485037,9.495814,9.563648,24.079246,47.850441,47.934426,48.001183,48.256403,48.316693,52.036084,52.096815,64.650534,64.886969,79.788527,79.846582,91.242280,91.351182,91.435400,91.484382,91.591856,91.607466,97.461110,97.468065,97.507479,97.527611,97.537732,97.539707,97.547582,97.578570,97.590903,97.656956,97.658178,97.661702,97.674040,97.687097,97.735067,97.813199,97.870179,97.931392,97.957241,98.003900,98.035343,99.272509,117.561464,123.662164,123.739670,123.798435,123.836456,123.922077,123.939611,124.051776,124.073566,124.077286,124.150678,124.312685,124.577372,124.583788,124.609649,134.938003,135.739028,138.504581,145.255832,145.287232,145.359132,145.420927,152.908210,152.924978,153.017116,153.127574,153.143744,153.144270,153.154081,153.315272,153.441783,153.547504,153.588049,153.855348,156.328347,181.074452,181.090723","5,2,2,4,6,3,0,1,4,5,2,7,5,7,6,0,1,1,4,5,2,1,4,4,5,4,5,5,5,2,2,7,2,4,7,5,5,2,2,7,6,3,0,3,1,4,5,5,2,2,2,7,7,6,3,0,1,4,7,3,5,7,6,3,0,6,3,0,1,4,5,5,2,7,6,6,3,5,5,2",3
"7.860892,7.936896,8.360005,8.411621,15.763584,31.415911,32.151791,32.269697,51.537308,52.596261,52.620962,52.676850,52.705255,52.715288,52.764745,52.765818,52.943013,52.987419,53.070808,74.700630,77.269782,79.486332,91.115678,103.250108,134.530331,134.652031,145.973098,147.931664,148.037401,198.050849,208.995534,220.507835,220.602537,226.535021,226.782694,226.812151,226.828632,226.861106,226.861205,242.604333,242.664037,311.012740,311.041049,311.045301,311.099705,311.165142,311.181243,311.199945,311.276342,327.239499,327.377072,328.950700,344.466811,344.469036,344.469672,344.519013,344.537028,383.858173,383.887626,383.896745,384.501589,384.531046,384.570552,384.580842,384.656627,393.647819,393.849058,393.875084,393.954775,394.374066,394.480550,415.024372,416.254593,459.737352,459.964798,460.049907,466.468351,466.526256,477.749769,477.775632","5,2,7,6,5,6,7,6,3,2,7,6,3,7,7,6,6,3,0,2,7,2,1,5,2,7,7,5,2,5,5,0,1,6,3,0,0,1,0,7,6,4,5,5,2,2,2,5,7,0,1,1,4,5,2,7,6,7,6,3,0,1,4,5,4,1,4,5,5,2,5,1,2,1,4,5,3,0,5,2",3
"6.593366,8.088699,9.919597,10.098213,10.246270,10.246350,37.363466,37.424614,37.437204,37.483715,49.914199,53.302301,59.628341,63.821001,124.947164,125.398512,132.463473,134.524366,162.203583,171.090674,171.297101,171.306956,171.338245,171.376208,171.471506,171.510398,171.515767,171.633044,171.676594,172.826290,176.589015,191.494524,200.083541,206.164261,206.387089,206.392955,210.228663,210.237459,210.266331,214.210448,222.015384,256.892813,257.668823,321.897941,327.957632,327.961814,327.980445,333.276513,333.319095,333.347275,337.796805,337.874574,338.004256,338.004300,338.131923,338.159846,338.285568,338.328964,339.017837,339.310785,348.128267,366.139545,380.026318,380.075721,380.149531,380.317525,381.818764,382.645525,382.848694,401.599501,401.633000,408.758963,422.827265,436.536373,436.539262,436.582031,436.752384,436.806042,436.845413,436.866233","0,0,6,3,0,1,4,5,2,2,3,7,3,5,1,7,4,7,2,3,0,1,1,1,4,5,1,2,2,6,2,3,3,7,6,6,4,5,5,1,3,2,7,7,5,2,2,6,3,0,2,7,6,3,0,0,1,4,5,2,5,7,4,5,2,7,5,1,4,4,5,1,2,6,3,0,0,1,4,5",3
"1.702952,1.950226,28.694648,44.502380,44.660107,44.735126,44.754875,44.773747,44.811588,44.883354,44.887675,44.923347,44.975920,45.045096,45.075310,45.179710,45.190773,45.290444,45.316163,45.485745,54.962610,55.190852,55.218752,55.228049,59.734051,70.523642,81.966806,82.032103,82.037802,89.584696,99.032527,99.082513,99.116519,99.183453,99.359261,105.342193,117.622046,119.177197,129.893492,130.061345,130.217338,130.510829,130.571619,130.598737,130.600004,130.603945,130.614835,130.621165,130.704856,130.726209,130.745219,130.750456,130.763111,142.668754,142.713557,142.736329,173.396539,186.961679,187.131556,187.157857,187.193677,187.212439,187.218178,187.243970,187.330879,187.415495,187.427711,187.435472,187.464906,187.468075,187.484320,204.502818,206.749028,209.580555,210.581483,238.260532,243.640995,247.812136,247.854358,247.879449","0,1,1,3,0,0,1,4,1,4,5,1,4,5,5,2,7,6,2,3,2,7,6,3,5,5,1,4,4,7,5,2,7,7,2,3,7,7,7,6,6,3,0,1,3,4,4,5,4,5,2,2,7,0,1,4,2,5,2,7,7,2,7,6,6,3,0,1,4,5,0,7,0,5,6,3,7,6,3,3",3
"0.670326,0.932971,1.030603,1.122740,10.623604,31.299308,43.018627,47.147014,47.331078,47.369603,48.789047,48.823907,48.848768,78.019563,79.638085,93.462702,93.497793,93.597414,93.622494,103.692354,104.315202,104.324890,141.111732,159.636109,159.762571,185.964569,186.020099,186.311349,186.376765,186.421192,231.171822,244.546496,244.657339,271.961603,272.216374,272.283960,272.437960,284.700916,284.762966,284.844385,321.780953,327.534362,327.642292,343.627109,343.689444,390.225092,390.255506,401.244752,433.644268,433.851199,451.989042,452.057680,452.108825,470.710052,470.787522,471.017240,471.029688,471.049762,471.113532,471.214570,471.242717,471.250106,471.294675,471.316392,471.355059,471.393276,471.480119,471.526665,471.563502,503.020092,506.810128,506.885503,507.025715,508.291031,510.390816,510.411202,523.015115,523.196036,523.330749,523.387541","2,7,6,3,0,2,6,5,2,7,7,6,6,3,7,5,2,2,7,1,4,5,1,2,7,6,3,3,0,1,6,4,5,0,1,4,5,3,0,0,5,5,2,2,7,3,0,7,4,5,6,2,7,5,2,2,7,6,3,6,3,0,1,4,3,0,1,7,1,7,3,0,1,6,5,2,2,7,6,3",3
"13.773459,15.298183,15.311534,15.338309,15.347316,15.382412,21.207063,25.117066,25.228058,25.496435,25.587088,25.624065,25.628051,25.643212,25.648850,25.681837,25.749128,25.822011,25.834750,25.863043,25.866425,25.972417,26.005503,26.014734,26.201262,33.284940,43.916819,43.997267,44.063145,44.065195,44.071524,44.119804,44.123632,44.239793,44.314174,44.322337,44.330590,44.336507,44.411064,44.423129,44.527807,44.572869,44.668392,44.813436,44.838756,44.868278,44.872922,44.889092,44.967260,45.017972,45.271977,45.378599,45.427695,45.434074,50.390570,50.390858,59.644365,81.537584,83.014371,83.034889,83.115902,86.028140,86.069614,175.901639,176.237475,233.339902,239.496859,239.611804,242.856941,242.858645,265.203601,309.367442,340.322719,378.143771,378.169910,378.224086,378.352959,378.459793,378.471302,384.752690","7,1,4,5,5,2,1,5,2,7,6,3,3,0,1,0,0,1,1,1,3,4,4,4,5,1,1,4,5,5,4,5,2,7,6,6,5,6,3,3,0,1,1,4,5,5,2,2,2,7,4,5,2,2,3,0,6,7,3,0,0,4,5,2,7,7,2,7,3,0,2,5,2,2,7,6,6,3,7,1",3
"2.859373,3.124407,3.127656,3.146266,3.167892,3.174259,3.213721,3.271749,16.205501,40.710129,65.619081,106.445079,114.791255,114.808843,114.906895,115.089824,115.137312,115.147473,115.212048,142.203133,142.260691,142.378769,142.389164,142.394692,142.532460,160.334514,207.594783,207.879425,207.921344,207.996184,208.006428,208.066189,208.072550,208.114935,210.369352,210.374786,210.389670,210.435072,210.449883,210.518039,215.371624,215.385149,215.396115,218.029884,220.201422,220.228184,220.245856,220.272219,220.294271,220.393910,220.473270,220.497445,228.295225,228.321634,228.354661,228.378451,228.392352,234.080160,258.376269,258.628045,258.640607,258.649100,258.657938,258.675858,258.713901,258.738888,258.791281,258.817886,258.928718,259.161509,277.931397,283.212623,285.225544,287.506158,303.512653,303.745831,303.802270,303.963984,304.102327,327.610756","1,4,5,2,2,2,7,7,2,2,0,5,1,4,4,5,2,2,7,6,3,3,0,1,0,1,0,1,4,5,2,2,2,7,4,5,2,5,2,7,5,2,2,3,1,4,4,5,2,2,7,6,5,2,2,7,7,5,7,6,3,0,1,1,0,1,4,4,4,5,5,0,2,6,1,4,5,2,7,2",3
"1.720273,1.780707,1.808960,1.822102,1.904991,1.953281,2.061115,2.061541,2.065852,2.105993,2.361793,2.779664,2.821726,2.978151,2.999774,3.174574,3.216166,3.222980,3.321511,3.439777,7.766246,11.748981,11.772198,11.773362,11.807513,24.348772,24.416484,24.490923,24.665593,29.239956,29.304899,29.345136,29.442928,29.581531,29.617183,29.626953,29.627788,29.650601,29.662936,29.681334,29.705679,29.749265,29.785718,29.893489,29.961494,29.965274,29.993667,30.034618,30.095899,30.190056,30.263056,30.432079,37.525428,46.438638,56.210374,56.228586,78.110982,78.274759,78.280838,78.376541,78.448309,78.485631,78.547296,78.566439,78.589699,82.502306,82.549452,82.553602,82.605986,82.747677,82.772534,82.877597,82.886265,82.902324,82.912940,82.914365,82.942495,82.943117,82.977420,83.174825","0,1,1,1,4,4,4,5,5,5,5,1,4,5,2,2,7,6,3,0,6,0,1,1,1,0,1,1,4,2,7,6,3,0,1,4,1,4,5,4,2,5,2,5,2,2,7,6,7,6,3,6,6,3,4,5,2,7,6,3,3,0,0,1,0,7,6,6,3,0,0,1,1,4,4,5,1,4,2,4",3
"3.577232,3.719257,3.746427,3.846937,3.865467,3.899885,3.939580,3.972517,4.259321,9.371140,13.728458,13.750523,14.176272,14.275885,14.289327,14.292386,14.307470,14.321848,14.350585,14.367687,14.394635,14.400140,14.429822,14.567989,31.387382,31.482077,45.908473,64.316386,64.788914,64.818498,112.123094,133.670629,133.776537,134.025031,134.102349,134.244124,134.253674,134.279145,134.627308,141.302347,141.336694,141.696397,141.723112,152.433053,153.963005,154.015087,154.097771,154.175706,154.246341,154.248828,154.275672,154.278995,154.326141,154.387628,154.423934,156.841123,164.264350,187.134459,216.402358,216.425400,216.442251,216.462014,216.471211,216.551567,216.570333,216.573778,216.629252,216.693202,216.840184,216.911401,217.027186,229.616643,232.046876,243.402198,243.564183,243.570095,243.575061,243.694025,243.777069,265.138755","2,7,6,3,7,3,6,0,3,0,6,3,3,0,1,7,6,6,3,3,0,3,0,6,4,5,7,7,6,3,2,2,7,6,3,0,1,0,4,5,2,2,7,0,5,2,4,5,2,7,6,2,6,6,3,1,3,2,0,1,1,4,4,5,2,4,4,7,5,2,2,6,2,4,5,2,7,2,7,4",3
"20.824493,26.081581,27.968858,30.091999,30.167549,30.184384,30.230169,41.950572,60.050038,64.432682,70.038671,76.283960,76.284539,76.412297,86.025275,130.214448,130.270190,130.344734,135.601142,135.609120,135.682746,135.962025,143.257290,146.859805,146.881646,146.922812,146.929842,147.073298,170.329218,170.377989,170.433424,170.553444,180.322036,180.365046,180.478791,180.498390,180.512078,180.553497,180.559664,180.834330,222.939813,225.026967,225.060282,225.111120,225.156436,225.158601,232.584057,232.617819,232.653857,232.866025,232.881731,232.963445,233.098593,233.225065,233.263826,233.569559,233.949940,234.064235,258.810730,258.840634,258.888676,278.579711,278.636656,278.665476,278.707581,278.885603,278.887449,278.896407,278.900696,278.993701,279.035133,279.142052,279.337177,283.280918,283.369626,283.369975,283.889186,284.850225,284.880915,285.016420","5,2,3,5,2,7,7,5,5,1,3,7,6,3,1,3,0,1,3,0,0,1,6,6,3,3,0,0,4,5,5,2,3,0,1,0,4,5,4,4,6,6,3,0,1,4,3,0,1,0,1,1,1,4,4,4,5,2,0,1,1,4,5,2,7,5,6,3,2,7,7,7,6,7,6,6,2,0,1,4",3
"38.147282,40.671187,57.072274,68.078518,73.641341,73.743441,73.788870,86.595778,86.607748,86.775474,86.785902,86.810721,109.022851,122.923223,122.934978,123.258491,146.665154,146.719894,146.723642,161.711265,161.721854,161.773892,161.903557,162.035660,162.104837,162.339877,162.512481,162.574806,162.599683,162.626776,179.848613,184.192117,202.969715,241.874890,244.852365,246.468160,246.539759,246.578312,246.653039,246.686504,251.294585,259.310146,259.351376,259.355248,259.366675,266.264830,280.807897,281.022010,281.035045,281.240032,281.259909,281.275473,281.291694,281.511034,281.557408,281.573194,281.583585,281.608214,281.797551,281.837821,282.025998,288.215224,288.282386,306.263930,370.909302,371.021156,388.235297,388.260221,388.351565,388.354168,388.591637,393.894107,395.806577,395.865759,395.909719,395.978417,403.387700,435.634893,447.719620,459.679133","4,6,0,0,4,5,2,0,1,4,5,5,0,7,6,6,6,3,3,7,6,3,3,0,1,1,4,5,2,5,3,1,2,3,4,6,3,3,0,0,3,3,0,1,0,2,6,3,0,0,1,4,5,1,4,4,5,5,2,7,6,2,7,1,2,7,3,0,0,1,1,0,4,5,2,7,5,7,2,5",3
"2.653554,2.688270,2.830083,2.848380,2.855443,3.000644,3.237884,3.251435,7.704403,43.325829,43.376310,43.411718,43.434392,43.508622,43.546084,43.669858,51.879936,51.940374,52.315567,52.345180,56.517134,74.504403,74.523720,74.723706,74.818180,74.870501,74.873790,103.679844,103.735541,120.891976,140.073302,140.092693,140.232802,147.014152,147.061214,150.601603,150.671398,152.034396,152.270980,152.277327,165.524108,165.562871,165.597348,165.634238,165.650654,165.810060,170.999322,175.325017,175.332462,202.250030,202.255227,202.413805,202.444620,202.553903,228.911871,251.559386,254.829516,254.879475,254.935054,254.945039,254.955510,255.045597,255.117821,255.121196,259.855141,262.828276,271.173456,278.824075,278.886869,278.915059,278.954966,289.855316,289.872865,300.592935,300.612941,300.647662,300.702829,300.833085,300.869632,300.936516","7,6,4,6,3,0,1,4,2,2,7,6,6,3,3,0,1,4,5,2,0,1,4,5,2,7,7,5,2,0,5,2,7,4,5,0,1,0,1,4,7,6,6,3,0,1,6,0,1,2,7,6,6,3,5,1,3,0,0,0,1,0,1,4,0,3,0,6,3,0,0,6,3,3,0,0,1,1,4,4",3
"14.755223,25.990903,26.128295,26.168384,26.210356,26.286884,44.159574,44.175844,44.211125,44.230552,44.336187,44.343970,71.818863,115.630177,117.617816,127.332805,127.409800,133.348362,133.908160,154.952159,155.182084,164.623382,174.059316,215.153586,215.183954,215.224062,215.259100,215.273547,215.393334,215.750585,231.182418,234.600128,252.141283,252.147730,252.165562,252.166182,252.273606,252.283944,252.332544,252.335785,252.361670,252.420121,252.442330,252.506194,252.715695,257.784773,268.785942,268.826660,268.848061,268.885583,269.804800,269.806162,269.901029,270.021009,270.088043,270.099345,270.110433,270.123454,270.142862,270.176963,270.207207,270.213654,270.259968,270.260823,270.268823,270.287470,270.292065,270.334683,270.339119,270.344102,270.388336,270.390840,270.420230,270.437531,270.453900,270.488783,270.525444,270.586225,270.655294,270.673419","2,0,1,4,5,2,2,7,6,7,6,3,7,7,0,7,6,6,3,5,2,6,0,4,5,5,2,2,2,4,3,6,3,0,1,4,5,2,7,2,0,1,6,1,4,5,1,4,4,4,3,0,1,4,5,5,2,2,2,7,7,6,6,3,7,7,3,0,3,6,1,4,1,5,0,6,0,3,0,1",3
"94.231917,105.839286,147.634251,148.506369,148.599299,149.511863,149.515135,149.556718,149.619728,149.761815,149.782000,149.786532,149.825101,149.842192,149.857965,149.869555,149.875394,149.904719,149.908810,150.039662,150.062354,150.119717,150.121856,150.135876,150.247948,150.250260,150.266603,150.267529,150.316912,150.365276,150.372554,150.385167,150.408554,150.461871,150.532487,150.547039,150.592147,150.616049,150.624738,150.663515,150.668262,150.684206,150.759814,150.775019,150.793903,150.859139,150.876534,150.899740,151.113099,154.037308,154.200862,154.217562,154.229214,154.322734,154.638181,155.263733,157.859108,157.917245,157.960667,157.982614,158.046294,158.249800,170.925994,171.029258,171.085738,171.090011,171.179692,171.181663,182.059674,182.083152,182.350061,188.143863,188.172947,188.174728,188.320922,188.639898,191.187250,191.380799,191.603296,199.538960","7,3,2,3,0,2,7,6,3,0,1,4,1,1,4,5,5,2,4,7,4,4,6,4,3,0,5,0,5,2,1,4,2,5,2,5,7,2,2,7,7,7,7,7,7,6,3,3,6,7,6,3,0,3,0,4,5,2,2,7,6,7,6,3,0,1,4,1,3,0,0,6,3,3,0,1,4,5,2,0",3
"14.948201,22.534546,29.210915,32.043088,35.318424,35.594456,35.811792,35.927800,35.945002,52.470035,77.228765,105.304816,105.390315,113.491780,125.023878,125.074344,125.120803,125.127904,125.164665,125.190631,125.260185,125.761558,125.861814,125.958541,126.031899,139.734563,139.744483,139.745399,139.799710,139.867092,139.875725,139.985404,146.232033,146.342754,146.425224,146.438520,146.486546,146.501414,146.792418,177.389535,210.283778,210.357211,210.366936,210.398822,210.642416,210.661351,210.830310,210.830654,210.992271,211.123947,222.653955,222.846434,228.430043,248.103384,248.125824,255.984865,256.002983,256.055786,274.970969,275.093541,275.174074,275.298843,302.384907,314.268665,321.224956,330.157332,330.180107,361.407977,361.583692,361.607785,361.801988,361.839921,361.929986,362.041290,365.250976,365.260285,365.263353,386.963058,407.947448,408.665599","6,6,2,6,6,3,0,3,0,7,7,0,1,1,7,6,3,3,0,1,0,0,1,4,5,1,4,5,5,2,2,7,3,0,0,1,4,1,4,4,6,3,0,3,0,1,1,4,5,2,1,4,5,2,7,7,6,3,1,4,4,5,1,6,4,7,6,6,3,3,0,1,4,5,0,1,4,1,1,1",3
"12.129058,14.938448,44.019588,59.106727,69.522872,69.593097,69.711279,69.871339,70.229320,70.529980,73.004354,73.073558,73.089138,105.318224,105.790291,113.547812,130.552220,147.822025,165.314602,167.146596,175.360442,175.369990,177.272343,177.327688,183.938526,187.440993,189.278106,196.309644,203.402646,203.423240,210.724078,246.180438,259.019690,265.915298,277.767635,281.834106,283.616137,289.625122,304.479378,304.502062,304.529562,304.533574,304.537201,304.581063,304.608891,304.613558,307.939607,332.585280,332.691494,390.833663,395.449024,405.716312,406.196384,406.330201,406.350910,406.550729,406.565746,410.088185,410.097590,410.129707,410.253043,410.319585,427.803672,440.534811,441.976887,441.979213,442.248665,442.264539,442.414916,442.421446,447.453008,454.872608,458.395344,458.481330,458.580935,458.639254,459.027094,464.413877,464.549520,491.131967","1,4,0,3,0,1,1,1,4,2,3,0,1,1,4,4,4,2,3,2,2,7,7,6,2,1,6,0,4,5,7,2,3,7,0,5,7,2,0,1,4,1,5,2,1,5,1,0,1,6,2,0,0,1,1,4,5,4,5,5,2,2,5,6,3,0,0,1,1,1,7,1,7,6,6,3,4,0,1,6",3
"28.040116,56.851682,56.910151,64.394695,64.432543,64.474112,64.526520,64.559749,64.641207,64.646471,64.688293,64.693789,64.710687,64.742301,64.742841,64.772395,64.789667,64.844004,64.848466,64.853022,64.934848,64.953234,64.955689,64.957660,64.982545,65.025678,65.104401,65.200216,69.424580,188.474390,197.364472,197.632688,202.387623,202.555018,205.563368,210.319389,216.662765,216.807108,216.898852,216.916410,216.978328,219.365863,220.238925,220.359599,220.682293,222.463838,231.102992,233.752874,252.037448,306.425063,313.625878,323.243549,323.274022,323.289252,323.351736,323.382453,323.405331,323.405420,323.422361,323.450705,323.571930,323.592483,369.449908,373.696969,377.436384,400.110443,400.113842,403.789577,403.860253,403.861289,405.125883,414.049318,425.464340,425.493994,425.661183,425.676893,425.682773,445.680315,449.149913,449.159753","7,1,4,0,1,1,4,5,5,2,4,2,2,7,2,7,7,7,6,7,3,0,6,1,3,0,6,4,7,6,6,3,4,5,1,1,6,3,0,3,0,2,7,6,6,5,1,2,0,4,3,5,2,2,2,7,7,7,7,6,3,6,2,3,7,6,3,6,3,0,6,1,5,2,7,7,6,6,6,3",3
"1.388505,18.034052,18.167492,18.243857,18.249597,18.371469,18.379971,18.394066,18.449878,18.469940,18.495772,18.516939,18.586969,18.598328,18.607625,18.622414,18.651302,18.658324,18.660522,18.688219,18.712518,18.753637,18.812114,18.815312,19.146334,19.284276,19.694253,19.863271,19.944400,19.973350,20.003255,20.213936,20.346045,20.347570,58.457457,58.461248,58.476800,73.764026,74.144588,74.156688,74.181896,74.218477,74.256221,74.266759,74.271577,74.292980,74.299598,74.315822,74.336231,74.344589,74.385866,74.388232,74.394968,74.417607,74.452797,74.517395,74.525197,74.532006,74.550491,74.580183,74.583549,74.587520,74.628209,74.640079,74.643869,74.721005,74.728915,74.732987,74.852679,88.174389,88.181685,101.238726,101.302141,101.455336,101.640793,101.658823,115.688167,123.842670,138.633909,140.559224","3,6,3,0,1,0,3,1,1,4,5,4,5,2,7,4,6,2,5,1,4,7,6,7,3,0,0,1,4,5,2,5,4,5,0,1,4,7,5,2,7,2,7,2,7,7,6,3,6,3,3,3,0,6,0,3,6,0,1,1,3,0,0,4,4,5,5,5,2,2,7,2,7,7,6,6,0,3,6,7",3
"17.983738,17.984137,26.110626,26.111615,26.135849,26.213232,51.720115,51.796298,52.813803,66.705158,76.287566,76.299184,76.356622,76.388621,76.419406,76.428447,76.453519,76.478484,76.485161,76.522926,76.593225,76.717360,76.883787,101.464043,102.121605,133.241832,146.260945,146.408841,146.460756,146.614497,150.907275,155.730214,155.751962,159.952827,160.112198,160.165995,168.448130,168.488394,168.614742,168.743386,192.888661,234.059337,234.348415,234.364856,247.318360,247.381069,269.052782,270.739105,270.883953,270.892233,270.943609,270.988581,271.049413,271.066314,271.107308,271.174362,271.219742,271.221601,271.315540,271.358359,271.368043,271.375180,271.455385,271.462099,271.492235,271.493599,271.699254,271.836029,271.852541,271.877052,271.879073,271.881199,271.996196,272.079868,272.104968,272.281037,272.436437,272.450982,272.527340,272.548612","6,3,0,1,1,4,2,7,3,2,3,0,0,1,4,5,1,2,7,4,5,5,4,1,4,5,7,6,6,3,3,5,2,7,6,3,5,2,7,6,2,4,5,2,5,2,7,7,6,3,0,3,1,4,4,5,2,4,5,2,7,6,5,2,2,3,0,1,4,7,6,6,5,4,5,2,5,2,7,6",3
"6.220140,25.830280,25.943871,27.386232,56.222707,56.265823,56.266729,76.150153,99.890089,100.332066,100.422001,100.425292,100.440344,100.484312,100.741860,100.753843,111.992094,112.002743,112.023160,112.041842,130.423538,130.441964,130.486029,130.503224,130.592179,132.279943,148.809167,149.008670,164.973466,164.998562,165.953778,166.194415,173.367057,173.609621,173.667260,173.760959,173.761963,173.767548,173.783771,173.804862,173.863736,173.863755,173.875567,173.877126,173.896133,173.904296,173.928645,173.949271,173.971068,174.062338,174.108537,174.400894,174.801677,174.975452,174.978530,174.998331,175.003440,175.092286,175.095208,175.187755,175.280539,175.328127,175.341781,175.342407,175.345279,175.367584,175.460184,175.564811,175.597554,175.646032,175.699234,175.718158,175.814907,175.921054,175.935569,176.017597,176.235868,176.312650,176.418116,176.435047","5,3,0,7,0,1,1,1,2,7,6,3,3,3,3,0,7,6,6,3,5,2,7,2,2,1,0,1,1,4,7,6,6,3,0,1,4,5,4,2,7,6,4,5,5,5,5,2,5,2,7,6,3,0,1,4,5,2,1,4,2,7,6,3,3,3,0,0,1,4,1,4,5,2,7,6,3,0,1,0",3
"0.499412,0.525824,2.696286,2.751953,2.940932,3.080217,3.156221,3.171332,3.188747,17.390526,21.106905,21.235298,22.237452,24.583020,24.727584,24.737641,24.737663,24.738977,24.763774,24.774001,24.809025,24.811641,24.833419,24.838154,24.859994,24.884058,24.908053,25.039613,25.083080,25.269191,35.887410,35.936419,35.938240,35.942307,35.945448,71.474401,81.323944,81.751805,81.907665,81.975869,81.980206,82.080869,82.090501,91.784702,91.890921,91.924353,91.955593,91.996425,92.028697,92.032495,92.090055,97.258945,110.864310,126.356516,132.359489,132.455775,132.496126,132.514329,132.543642,132.565063,132.705627,154.758544,156.061891,156.107907,204.951382,204.957559,205.030825,205.042506,205.076461,205.168015,205.298379,205.329730,205.347323,205.478067,229.080840,245.806424,245.932266,248.469561,252.950719,257.202199","3,0,5,2,2,7,7,6,3,0,0,1,4,0,1,1,4,4,5,4,5,2,5,4,7,6,7,6,1,3,2,7,6,3,3,3,0,1,4,5,2,2,7,7,6,6,3,3,0,3,0,2,4,2,5,2,2,7,7,6,6,7,6,3,7,6,3,0,1,4,4,5,2,2,7,1,1,2,0,1",3
"6.067291,10.083529,10.103202,10.176158,10.233550,10.236316,10.287169,10.310510,10.369255,10.434307,18.286266,18.435783,18.460361,18.487584,18.532553,18.677574,18.679002,18.686636,18.701372,18.716093,18.938628,19.068226,19.227125,59.039428,59.051398,59.314596,84.935760,84.984259,85.076380,85.118337,85.213366,89.303856,101.007923,101.016861,101.060975,101.231974,139.529724,147.992572,154.991184,155.177178,155.198186,155.211698,155.214443,155.215978,155.255909,155.349169,155.405817,155.464309,155.557867,155.568701,168.052495,168.331472,175.320313,175.345628,175.410069,175.453225,205.339073,218.393632,221.154599,268.199613,268.201873,268.255070,268.279789,268.306444,268.551381,270.668564,329.546119,329.548811,329.668331,329.920462,330.061851,368.594584,375.811772,375.822142,375.834985,375.969565,376.053133,376.076454,430.394414,430.419251","7,0,1,4,1,4,4,1,4,5,7,6,3,0,1,4,5,2,7,5,7,6,3,0,1,4,0,1,4,4,5,2,5,2,2,7,1,6,3,0,1,1,4,1,4,5,4,5,2,2,2,7,6,3,0,3,5,2,5,4,5,2,5,5,2,5,3,0,0,0,1,1,2,7,7,6,6,3,4,5",3
"25.303257,25.355737,25.511102,25.589470,25.788420,26.823616,26.954342,36.791208,37.059183,42.776029,60.971069,61.054019,61.055012,93.494487,93.608484,118.038671,118.366423,162.938084,164.943765,170.491691,170.566417,170.826993,170.876911,176.045370,176.063391,176.120607,176.155143,182.167692,182.334439,182.812147,186.653219,186.680034,186.714023,186.869929,186.901956,189.708560,201.583929,218.163476,218.169670,218.206553,218.215691,218.261499,218.303927,218.315355,218.315375,218.324022,218.374513,226.869986,234.124963,234.201042,300.928231,301.141942,301.187766,304.552949,315.860582,339.014264,354.330353,366.579930,375.020180,375.130216,375.150323,375.159740,375.192857,375.267676,375.296317,375.308892,375.336564,375.397016,375.441331,380.122677,380.240003,380.248153,380.264694,380.265228,380.309386,380.324610,380.333977,380.338979,380.441988,380.481624","1,4,4,4,5,4,5,2,7,6,4,5,5,0,1,1,4,0,1,7,6,3,6,3,0,0,1,1,4,2,0,1,1,1,4,5,7,2,7,6,7,3,0,0,3,1,0,6,1,4,4,5,2,2,5,7,3,0,0,1,4,5,1,2,5,2,7,7,2,7,6,3,0,3,0,6,1,3,3,0",3
"10.258735,10.369348,10.629811,42.572823,42.774887,42.804404,42.941482,42.973915,43.188108,58.185986,70.060518,72.856022,72.882096,72.902719,72.951290,72.991449,73.014526,73.042397,73.076847,73.082335,73.105023,73.235476,73.289113,73.294627,73.298664,73.428867,73.460826,73.477042,73.574505,73.592610,73.592779,73.593388,73.596499,73.653845,73.667978,73.680497,73.684597,73.820789,73.905087,74.016154,74.059635,74.087968,74.166172,75.224945,83.390790,83.579067,83.679485,85.776868,85.793472,95.904806,95.912980,95.930198,95.937291,95.974661,99.415856,123.353406,123.402064,123.405555,123.427283,123.441028,123.466536,123.466584,123.499847,123.604657,123.667323,123.708490,123.815769,123.913771,131.995960,132.089007,132.128983,132.201047,132.393841,132.623304,135.211583,135.279609,135.419077,138.539854,138.560978,138.686870","1,4,4,5,0,1,4,4,5,5,3,5,2,2,7,7,7,6,3,0,0,0,1,1,4,4,4,5,5,4,5,2,2,5,3,0,5,2,1,7,7,2,2,1,3,0,0,5,2,0,1,1,4,4,7,2,7,7,7,7,6,6,6,3,6,3,0,1,1,4,5,4,5,2,0,1,4,3,0,1",3
"9.411904,11.977127,17.284386,37.422031,37.450714,37.563807,51.619374,51.620444,51.664015,51.720579,51.776235,51.778434,51.793284,51.800084,51.847962,51.861940,51.871796,51.882416,64.187788,74.418972,80.643431,80.677136,84.227971,112.722981,159.498720,162.390050,190.391291,203.645358,242.206687,259.310570,259.356888,259.377981,259.477230,259.647386,259.717598,259.756691,273.324918,282.814978,282.860492,297.110697,297.411183,316.279312,316.282529,316.413012,316.438518,316.442925,316.462371,316.469798,316.558157,316.603648,316.606038,316.652646,316.727166,344.555913,346.935526,350.455366,355.817222,359.786665,359.841364,359.915500,359.996087,399.847530,401.135805,401.160804,401.411740,401.496480,401.583868,420.172805,420.729736,420.790001,420.977638,467.367915,467.377077,467.387593,467.411044,468.881363,468.892115,469.126239,469.159768,469.191085","7,4,7,2,7,6,0,1,4,6,3,0,0,1,1,1,4,5,4,2,3,0,3,1,7,3,2,3,4,0,1,1,4,5,4,5,7,7,6,6,3,2,7,7,6,3,3,0,0,3,0,1,1,7,5,5,1,5,2,7,6,1,7,6,6,3,0,0,4,5,2,3,0,1,0,0,1,0,1,1",3
"11.406963,11.418344,11.520756,11.591948,16.148934,16.176278,16.319098,16.325453,74.957747,103.387160,103.413634,103.432798,103.555955,103.596089,103.752375,103.828767,103.927431,103.979473,103.999912,118.339974,127.866307,128.131301,128.253915,146.444723,162.770189,162.963028,162.970846,163.074635,163.096009,163.480395,163.559450,163.686021,163.695961,167.483599,183.804360,184.093314,196.052804,207.677178,209.466968,209.541026,209.566355,209.654541,209.784242,234.649803,255.881108,259.067926,259.084701,260.817295,261.367675,261.369745,261.425680,261.634579,263.114892,263.132106,269.336920,269.353723,293.453020,293.513730,293.515806,293.581807,334.799258,347.102302,362.430018,362.603085,362.653518,362.716529,362.916119,362.954541,367.458928,367.520923,367.557948,367.658743,368.360586,368.538129,370.995369,397.475422,398.118229,398.135606,401.554829,401.564031","6,3,3,3,6,3,3,0,5,6,3,0,0,1,1,4,5,2,2,2,7,6,3,3,7,6,3,3,0,1,4,5,2,0,3,0,7,3,7,6,6,3,0,5,5,2,7,5,2,7,6,7,4,5,4,5,5,2,2,7,1,0,0,1,4,5,2,7,7,6,3,0,2,7,2,1,0,1,3,1",3
"7.052715,53.693901,53.785623,53.960377,76.081697,81.813372,92.907895,92.954661,93.017825,93.079855,93.128602,93.245717,93.309105,93.318154,93.333752,93.384824,93.408028,93.427426,93.430888,93.431763,93.439428,93.456539,93.457638,93.472398,93.508235,93.545005,93.574439,93.600184,93.606498,93.729205,103.072216,103.078087,103.108743,103.112663,103.175747,103.306599,103.483512,117.135039,117.238217,123.950704,176.104151,208.574305,211.061889,229.088945,232.180085,235.955301,251.904274,251.945783,252.948262,267.913857,273.021309,273.137976,273.209417,273.296788,273.356762,288.945968,329.654451,347.029225,349.896095,349.918775,349.946224,349.959414,365.108156,365.236544,365.249863,365.413559,390.141302,390.163037,390.233036,390.288417,390.299131,390.335360,390.337346,390.348286,390.400139,390.446767,390.555243,390.559156,390.721906,390.744855","6,7,6,3,6,6,7,6,3,3,0,0,1,0,1,1,0,1,4,5,1,4,4,2,5,7,6,1,4,5,6,3,0,0,1,1,4,5,2,2,2,7,5,5,1,7,6,3,3,2,7,6,3,0,0,7,2,4,6,3,3,0,1,4,4,5,4,5,2,7,6,3,2,7,6,0,1,4,4,5",3
"30.109261,38.323809,51.451474,51.570790,68.685090,68.714788,68.766247,68.772825,68.777514,68.779209,68.882393,69.086399,69.087708,69.200298,74.541182,80.343713,80.361421,80.402809,80.420804,80.433770,80.454790,80.648319,86.200018,104.489055,104.489652,104.605915,104.678380,104.686735,150.270301,150.362960,150.373099,150.428129,150.431781,150.464452,150.533695,150.641203,150.783593,155.599538,186.818017,186.929342,205.066978,205.077854,206.226305,216.766947,216.777538,216.791663,216.799783,216.801670,216.892136,216.893445,216.941069,261.376483,261.379988,302.939573,302.940403,302.957780,302.967781,303.003338,303.051091,303.081503,303.085693,303.104949,303.124236,303.164930,303.171506,303.194253,303.230300,303.250809,303.291196,303.350834,303.382247,303.523564,314.499473,331.998672,332.009166,332.024024,332.052355,332.060822,332.061769,332.111353","4,7,0,1,3,0,0,1,1,1,1,4,5,2,1,0,1,1,4,4,5,5,7,5,2,2,2,7,2,7,6,7,6,3,0,1,4,7,3,0,3,0,4,7,6,6,3,6,0,3,1,5,2,5,2,7,7,2,6,6,3,6,3,0,0,1,0,1,1,1,4,0,3,1,4,5,2,2,7,7",3
"0.044531,0.337276,14.839457,14.850038,47.959518,48.009921,48.243303,48.445975,56.329105,69.204154,83.114981,88.570053,115.297159,115.303794,115.401662,115.409111,115.423679,115.433036,115.446449,115.543346,115.729826,129.606022,146.699106,146.720117,146.776138,146.795956,146.854022,146.870194,146.953730,146.997581,147.025124,147.121381,147.133610,147.152298,147.165862,147.173829,147.200325,147.301185,147.334629,147.389134,147.419814,147.459411,147.468386,147.484867,147.488794,147.489247,147.499981,147.507937,147.514590,147.539979,147.587433,147.684185,147.685770,147.718987,147.722141,147.819282,147.935922,147.981238,148.101284,148.143455,148.266354,148.296539,148.322494,148.599729,148.805747,148.833496,148.966993,148.970535,148.988699,148.996746,149.040086,170.706982,170.729642,170.730589,175.795183,175.820945,175.983791,178.910908,179.241602,194.504193","5,2,3,0,4,5,5,2,7,3,7,7,2,7,7,7,6,6,3,3,0,2,7,6,6,6,3,3,3,0,1,4,4,3,0,0,1,5,4,2,4,5,2,7,2,7,6,6,2,2,7,5,2,2,7,2,2,6,7,6,3,6,6,3,0,1,4,4,5,5,1,6,3,3,7,6,3,0,1,7",3
"3.281443,3.623873,20.571119,20.641775,24.113185,24.488284,24.534066,24.764220,27.780581,27.792016,75.732168,75.748532,76.854337,96.224930,130.516474,137.980668,153.112126,153.310151,153.320155,153.446859,153.457811,172.701293,187.533510,189.891544,197.926802,205.625131,205.630114,205.632120,215.760158,218.011800,237.486279,237.486974,237.566084,237.655292,237.696386,237.718241,237.784708,269.478403,269.557733,269.617371,283.289563,284.488585,286.984758,290.087207,290.175321,290.186181,290.251059,290.336832,290.354735,290.562728,290.778596,294.197022,294.210389,294.230480,294.249594,294.335330,294.422132,294.441991,294.531679,294.896477,316.277120,328.871934,328.979569,329.095069,337.571317,351.581562,357.898965,384.532538,395.472971,429.419334,429.432288,429.771995,437.145180,437.156251,437.175714,437.193093,437.224302,437.339137,437.427498,437.438759","0,3,2,0,3,5,7,1,5,7,5,7,4,6,0,0,2,0,3,5,7,3,6,5,3,4,2,0,6,4,7,1,6,4,4,1,6,0,3,5,5,7,0,0,3,5,7,7,1,1,6,1,6,6,4,4,2,4,2,0,0,3,5,7,4,3,6,4,4,2,0,0,5,7,1,7,1,6,1,6",4
"4.621221,13.983628,14.064491,14.146152,14.172494,14.367069,14.458445,20.555126,20.584991,20.600351,28.167339,41.847551,49.964616,50.064501,50.071713,50.127401,50.134026,50.285823,75.985233,84.787874,89.132537,95.879668,101.455079,101.465153,110.919883,111.590580,111.601336,111.656463,111.658496,111.678506,111.730212,111.881799,111.969665,116.576087,116.647993,117.989209,118.810607,123.859246,123.906063,124.081446,124.130159,124.380554,124.460907,124.613027,124.673510,124.727329,124.747948,124.793630,124.922798,124.970108,125.021754,125.140767,125.215599,125.251754,125.253637,125.264923,125.272460,125.455455,125.466172,125.503381,125.713668,125.832028,125.839251,125.906440,127.413100,135.522004,135.617827,147.492568,147.578701,151.163339,160.617675,160.684807,161.058516,170.076896,170.277156,170.283415,170.290118,170.309797,170.356279,181.844690","5,3,5,7,1,1,6,0,3,5,7,1,5,7,1,6,4,2,3,6,7,0,6,4,7,1,6,6,4,4,6,6,4,6,4,5,1,6,4,2,0,3,5,6,4,5,4,7,5,7,1,6,6,4,4,2,1,4,2,0,0,0,3,4,7,1,6,2,0,5,6,4,2,4,2,0,3,0,5,7",4
"26.746919,32.073417,32.155436,49.043384,49.207843,49.220626,83.318477,100.614653,100.928920,100.970461,101.053834,101.082074,116.991426,117.095762,117.102137,117.124906,117.186229,117.207441,117.209241,117.308044,117.749267,140.435159,147.465135,154.594590,164.065689,167.114923,183.062179,203.692032,203.694068,203.774321,203.778436,203.795969,203.843818,203.847789,203.891871,204.036687,204.096170,204.401450,224.751962,233.742983,251.433714,253.816854,255.060737,255.183877,255.288831,265.007251,265.030610,282.870419,290.721839,294.509682,294.586860,294.736177,302.337774,302.343559,302.350801,302.367433,302.434868,302.527111,302.530337,302.544198,302.564850,302.603320,302.603871,302.616920,302.626782,302.651309,307.346144,311.382614,311.710147,311.801115,311.909729,332.782840,332.783040,332.790174,332.793014,332.830639,332.853836,332.935209,332.953445,333.010545","7,2,0,7,1,6,3,0,3,5,7,5,2,0,0,0,3,3,3,3,5,0,7,0,4,2,7,6,4,2,0,0,0,2,0,3,5,7,2,1,2,0,4,2,0,2,0,4,0,0,3,5,3,5,7,7,1,7,5,5,7,7,1,1,6,4,4,1,6,6,4,5,7,1,7,7,7,7,1,6",4
"8.067611,8.297927,17.060771,17.105295,28.504551,28.566852,28.591119,28.619621,28.665514,28.796989,28.917620,29.101007,29.175010,46.485922,46.535677,52.999149,53.105357,53.137462,54.866246,63.885324,74.472620,74.508826,74.759001,74.759574,74.776047,74.819390,78.304074,95.154773,95.240385,101.028904,108.885397,153.380646,153.499768,153.579965,160.905266,180.262152,182.661838,203.087037,203.152872,207.730672,212.722732,212.723475,212.745278,212.778436,212.824897,212.974510,235.184972,253.606998,253.657043,253.670022,253.729193,253.828211,253.831088,253.946913,254.023591,254.181112,254.360950,254.418678,272.889335,272.962638,273.001309,273.055658,273.070443,273.078628,273.146516,273.169474,273.174306,273.442153,273.464235,273.480877,273.486393,273.530499,273.693228,273.744597,273.849563,273.895596,273.968941,273.970777,274.013527,274.034055","2,0,7,1,1,6,4,2,2,2,0,3,5,7,1,5,7,7,0,0,4,2,0,3,3,5,0,0,3,7,1,1,6,4,5,2,5,5,7,4,2,0,3,5,7,1,7,4,2,0,3,5,5,7,7,1,1,6,0,3,5,5,7,7,7,5,1,6,4,6,2,2,0,2,0,0,3,5,5,5",4
"36.112728,36.121459,36.401036,36.434559,44.057997,44.060995,44.085651,44.097705,44.115656,44.126747,44.274883,50.149031,50.188459,62.811135,63.067485,66.687025,66.688516,66.688965,67.961998,68.146450,68.229672,68.234930,68.265608,68.343686,68.404242,68.559233,83.566753,101.990425,114.719495,138.690384,204.754114,204.898909,210.765686,210.904643,210.933650,210.939612,212.724832,212.779572,212.976497,212.981034,213.041592,213.042090,213.046709,213.086124,213.182294,213.199546,213.219130,213.266545,213.273646,213.274632,213.289065,213.300685,213.322221,213.322466,213.408380,213.422977,213.424640,213.427839,213.490711,213.526696,213.530878,213.596656,213.625960,213.990430,214.065021,256.730100,256.940767,256.969983,257.017119,257.051401,257.058326,257.064585,257.115162,257.155670,257.156267,257.162058,257.185367,257.201051,257.213749,257.217499","1,6,6,4,0,3,5,3,5,7,1,5,7,5,7,4,2,0,7,1,6,6,6,4,4,2,6,7,1,6,6,4,7,1,6,6,6,4,2,0,0,0,0,0,3,3,5,5,3,5,3,5,5,7,7,1,7,1,6,1,5,4,2,2,0,1,6,4,4,4,2,0,4,2,0,0,2,0,0,3",4
"8.895601,11.250609,41.372614,67.907103,67.932424,68.022088,68.214824,68.234579,68.289650,71.937820,71.956266,72.062911,77.201967,77.367402,77.724742,77.869948,78.128487,78.220493,78.302063,78.323123,78.397939,78.484627,78.499962,80.716078,80.769079,108.215027,124.938700,125.320354,130.160371,130.170975,130.221858,130.225401,132.868531,138.445214,143.761036,166.611651,167.947653,167.966421,167.990976,168.003436,177.267034,177.346480,177.593042,181.673974,183.577115,211.389724,211.536964,211.766247,217.763102,217.781655,217.867018,225.607405,225.640413,225.690711,230.299134,230.521747,240.557896,240.568163,257.720749,292.034783,292.118121,296.527775,296.931686,297.008864,297.171236,309.330457,314.047816,314.166666,314.193303,314.196650,314.200127,314.268898,314.307918,314.324573,314.345585,314.391059,314.409637,314.418603,314.420002,314.425256","3,7,6,4,2,0,0,3,5,5,7,7,5,7,2,0,3,5,5,7,7,1,7,0,3,0,1,6,0,3,3,5,5,7,0,5,2,0,3,3,6,4,1,6,2,3,5,7,4,2,2,4,2,2,6,4,1,6,5,3,5,5,7,1,6,3,7,1,6,6,6,4,4,6,2,1,6,2,4,2",4
"20.213687,43.354902,43.462220,43.527309,43.536151,43.553192,43.602858,43.618212,43.723435,80.417066,80.559663,80.577617,80.588458,80.602632,80.648880,80.662115,80.662587,80.665813,80.674505,80.680218,80.724069,80.732478,80.785582,80.795645,80.811196,80.835408,80.840918,80.854344,80.855752,80.861778,80.871323,80.873168,80.874535,80.889053,80.894765,80.897759,80.901029,80.913132,80.959778,80.967005,80.985247,81.089870,81.109576,81.132660,81.139819,81.218886,81.382716,81.457942,81.560913,81.568381,81.577725,81.588013,81.608293,81.681871,81.703780,81.731403,81.743924,81.745654,81.784791,81.829884,81.890082,81.890157,81.903273,81.913539,81.914660,81.926920,81.940933,82.034046,82.041552,82.055835,82.126694,82.142741,82.209661,82.226240,86.496161,87.062133,98.390937,98.448953,114.994058,115.246375","7,3,5,7,7,1,1,7,6,5,7,7,1,7,1,1,1,6,1,6,6,6,4,6,4,2,6,4,4,2,0,4,2,0,0,0,1,0,0,3,1,5,2,5,7,0,3,5,3,5,7,7,1,5,7,1,1,6,6,5,7,7,4,7,1,2,2,6,4,4,4,2,1,6,4,7,3,5,7,1",4
"5.192961,6.533404,38.404097,38.532066,46.100051,46.851674,54.489735,60.088823,60.545886,60.639487,62.390010,62.713480,94.128208,97.737572,97.804352,97.817700,97.848612,97.868090,97.949237,98.140495,99.912788,125.362823,125.371154,125.424828,125.431626,125.544568,125.611275,125.692939,125.732178,151.127456,151.136100,151.159647,151.163913,151.165797,151.175935,151.193248,151.197145,151.203733,151.209736,151.210024,151.220718,151.226935,151.254342,151.302158,151.717395,151.747385,151.758199,151.817348,152.004455,152.251487,152.269975,152.273154,152.289732,152.302861,158.167162,170.439988,205.253187,230.246728,230.252124,230.287647,230.383348,230.415601,230.445925,230.556822,230.634010,239.694064,250.584717,250.655635,262.432936,262.490370,262.553258,275.418592,275.715416,282.180575,300.137821,340.970907,340.985277,341.013909,341.093175,341.169922","6,5,6,4,6,0,5,5,7,1,7,1,1,6,4,4,4,4,2,0,6,0,3,5,3,7,1,1,6,7,1,1,6,6,6,1,6,1,6,6,4,6,6,4,6,4,4,2,2,0,3,3,5,7,1,6,5,7,1,6,6,4,6,2,1,2,6,4,5,7,1,0,3,4,1,1,6,4,2,6",4
"4.294788,18.767069,42.048196,132.289599,132.372973,132.398348,132.416843,132.474219,132.505835,132.563598,132.623130,132.624432,132.627426,132.655866,132.693753,132.711945,132.766689,132.778747,132.818928,132.839529,132.887065,132.934747,132.961259,132.992436,133.001146,133.021709,133.028981,133.077795,133.082758,133.092245,133.094592,133.096150,133.152913,133.155089,133.237637,133.242678,133.266716,133.287601,133.287745,133.298753,133.342134,133.379683,133.429839,133.465837,144.368336,144.645887,145.406931,160.551200,160.828664,160.876710,175.657195,189.790454,201.382627,216.148551,216.170244,216.193003,216.216952,221.209774,221.351367,224.858906,225.006314,250.366968,250.573385,250.825157,250.928173,260.635823,261.777462,267.809667,267.930208,268.062403,268.077045,268.090336,268.109017,268.160667,268.174899,268.225954,268.232068,268.275447,268.360242,268.360731","0,3,0,1,6,4,2,0,3,6,4,0,4,3,4,2,0,0,3,5,5,7,7,3,1,6,4,5,4,4,6,7,6,4,2,1,4,7,4,2,2,1,0,0,0,3,4,3,5,7,1,1,6,2,0,0,3,6,4,0,3,7,1,6,4,7,7,2,0,0,3,3,0,3,5,5,7,1,6,3",4
"22.015402,40.115095,43.947842,48.123061,48.371166,51.676809,55.368432,57.694695,91.928934,101.891306,102.008568,117.311801,119.938920,154.720397,154.800607,154.873259,154.912692,155.081235,173.634140,178.483908,178.914774,181.718557,181.724817,181.762208,181.785942,181.795086,181.800523,181.802949,182.009171,182.026281,182.094984,182.127268,182.227884,182.314673,182.417510,182.445854,182.463692,182.546117,197.990906,198.155756,198.242620,202.093505,255.399366,255.413383,255.429982,255.462371,255.481418,255.543291,255.544623,255.678418,255.683981,255.689051,255.708878,255.815021,255.829108,255.957533,255.982037,256.006238,256.025382,256.037429,256.227826,286.622991,286.756963,286.760217,286.833631,286.893005,286.955150,287.092622,287.093123,287.454809,304.048626,304.159202,304.362496,304.457066,304.509977,304.525708,304.675709,315.587518,328.755730,328.967507","3,7,2,0,3,2,2,3,0,6,4,2,7,3,5,7,1,1,1,5,5,7,1,6,6,4,4,4,4,2,2,0,0,3,3,5,7,5,0,0,3,4,1,6,6,4,4,4,4,2,2,0,0,0,3,3,5,5,7,7,5,7,1,6,6,4,2,2,0,0,0,3,5,3,5,7,7,6,0,3",4
"6.257790,6.312171,6.345483,6.347436,6.608270,6.617738,6.624883,6.650264,6.684891,6.728985,6.736453,6.837138,6.916611,6.919717,6.947182,6.987236,7.022926,7.028081,7.069164,7.400772,7.432650,7.457822,7.460807,7.480853,7.885204,15.812348,16.136355,16.323890,21.274704,21.292108,21.580823,21.607166,21.625230,21.667728,21.758281,21.973564,22.296712,22.486685,34.297794,40.486675,40.529918,40.564193,40.564765,40.583480,40.592753,40.638128,40.642279,40.660217,40.667322,40.670334,40.677717,40.723307,40.731786,40.761180,40.765680,40.779632,40.810975,40.904219,40.971372,40.985882,41.095183,41.150556,41.219080,41.234871,47.415634,47.435838,56.850176,58.774704,72.959872,73.114446,73.298088,89.728915,89.744227,89.866899,90.204216,98.129839,122.401307,133.384024,194.830989,218.062270","2,0,3,3,5,7,1,7,6,4,1,1,7,1,2,6,0,6,3,5,7,1,1,6,4,6,4,2,7,4,1,6,6,4,4,2,0,3,0,7,1,6,4,4,2,2,0,1,0,2,6,0,4,3,5,6,3,4,3,4,5,7,7,2,0,3,2,0,5,7,1,5,7,7,6,6,5,4,6,4",4
"2.904369,3.091621,3.095474,3.127775,3.260695,8.349075,8.495239,10.999419,15.815874,15.993242,16.056058,16.060701,18.325524,19.282050,20.363328,52.063701,52.153967,52.304440,52.342086,53.292078,53.604701,53.606696,53.640620,69.568910,69.629704,71.244760,71.310555,71.564201,71.815562,71.870932,71.916971,71.917773,71.998393,72.156896,72.244923,80.717953,109.465452,109.487111,109.566742,124.354448,151.875755,152.662196,152.739737,153.112644,170.449758,190.936020,193.090650,193.463080,193.479783,193.523198,193.528737,193.538398,193.596459,193.723764,193.772047,193.800760,193.945599,194.443227,214.115706,222.581667,222.655627,222.822836,228.456845,228.820412,229.573238,278.456841,278.506640,278.706613,278.765602,278.800821,278.863795,278.949748,278.975450,279.004475,279.025136,279.126700,279.133651,279.160011,279.178005,279.297669","7,1,6,6,4,6,4,1,7,1,6,6,0,3,5,2,0,3,5,7,1,6,4,4,2,3,5,7,1,6,6,4,4,2,0,1,5,7,1,3,2,5,7,7,3,5,4,2,0,0,3,3,3,5,5,5,7,1,4,4,2,0,7,1,6,6,4,2,0,3,0,3,5,6,5,7,4,1,6,3",4
"5.532243,5.587199,5.599847,5.657694,5.819447,5.827192,6.287936,46.521279,47.071426,47.121779,47.146388,47.221170,47.245974,47.343941,47.570983,47.680840,47.730398,58.295740,58.300107,61.168636,61.172632,63.208444,63.241207,63.306638,63.353237,63.471232,63.505168,63.535590,63.644142,77.441597,77.448124,77.538670,77.549331,77.556417,77.581784,77.602686,77.645286,77.737063,77.850720,77.873485,78.058791,78.076110,78.076662,83.927096,90.523151,90.634149,91.345162,91.534709,91.586987,111.794526,111.880423,112.102546,112.115939,119.199746,119.265747,121.030959,130.874070,135.709032,194.759286,198.881023,198.951642,199.071086,200.060063,200.063261,200.257675,207.753181,207.882168,207.889744,207.893210,225.862993,225.919336,225.921110,226.103066,227.971476,228.126352,228.151390,259.500568,259.881514,262.839343,263.058299","0,3,5,3,5,7,5,4,4,2,0,0,3,3,5,7,1,6,1,2,0,6,4,4,2,2,2,4,0,3,5,5,5,7,7,1,7,1,5,6,1,6,6,4,5,7,2,0,3,1,7,6,1,1,6,1,6,6,4,7,1,1,6,4,2,4,2,2,0,1,6,6,6,4,2,0,0,3,6,4",4
"1.989809,10.167541,23.816390,23.840672,24.108971,30.415793,30.491002,58.884381,58.900279,58.953245,58.977159,58.989448,59.220350,59.296824,59.322386,68.717433,110.236433,110.245549,110.405482,110.454244,129.889271,130.186127,130.288687,146.373934,146.399216,146.431232,146.456708,146.498426,146.506540,146.524164,146.657971,146.671701,146.791633,146.824830,146.864987,146.872270,147.208611,147.217528,147.234258,157.025392,179.872530,180.337234,181.830178,224.636097,226.931402,263.703920,268.024328,268.041046,316.178820,316.196407,316.343562,353.562515,357.811727,370.716455,370.717910,370.809689,370.845234,370.934443,370.949232,370.965843,371.142208,371.227574,371.296364,371.300086,371.321555,371.361476,371.389065,374.846665,374.924612,374.952631,389.106106,389.136870,389.187273,389.278645,389.348971,389.400983,389.476907,392.135439,422.919203,422.963983","6,7,4,1,2,6,4,4,2,0,3,6,4,2,0,5,7,1,6,4,1,6,4,3,5,5,7,7,1,1,7,6,4,2,2,1,6,0,3,2,6,7,2,5,5,1,0,3,2,0,0,4,4,4,2,0,3,5,3,5,7,1,6,6,4,6,4,0,3,5,0,3,3,5,7,3,5,7,2,0",4
"6.212023,19.802370,20.807994,47.657985,48.000887,62.853848,62.991214,78.176920,83.344971,90.802080,90.847401,90.930288,90.959915,90.974749,91.015748,91.015972,91.032876,91.131042,91.144482,91.167096,91.168734,91.170773,91.178503,91.194373,91.200493,91.295337,91.327509,91.361024,91.428561,91.555431,96.316675,117.718622,117.908521,117.979665,122.784114,122.901119,132.224088,132.487279,132.517359,132.580331,132.642175,132.704993,132.723537,132.769603,132.876650,142.867261,142.914556,142.938963,143.027614,143.115807,143.164150,143.289888,143.313772,143.329557,143.349950,143.363421,143.386076,143.434007,143.451642,143.477261,143.514312,143.539919,143.606199,143.668291,143.686457,143.748673,144.066850,144.148718,144.274375,151.593416,182.517861,182.743368,182.755692,182.830580,182.853167,182.924567,182.927617,182.930772,182.944398,182.960620","0,2,6,6,4,6,4,0,1,0,3,3,3,5,7,1,1,1,5,7,7,1,6,1,4,1,6,6,6,2,0,2,0,3,7,1,5,7,5,7,1,1,6,6,4,1,6,6,4,4,4,2,2,0,0,3,3,3,5,5,5,7,1,1,1,6,4,2,0,7,4,2,0,3,0,0,3,3,5,7",4
"33.652490,33.714203,33.814356,33.871557,33.892194,33.934066,33.956058,33.971485,33.998564,34.010454,34.032142,34.035889,34.044860,34.151687,34.319701,35.375535,62.772358,62.805176,62.844916,62.899955,62.908457,63.010000,63.016252,63.067175,63.071122,63.117049,63.556631,88.979460,95.509775,109.333626,113.804522,113.823048,126.372571,126.390771,126.405304,126.432047,126.454493,126.506389,130.629763,130.747457,130.791483,130.796086,130.805266,130.814837,130.828858,130.873166,130.911912,130.920864,130.943474,131.003193,131.032916,131.037406,131.045648,131.048609,131.048633,131.067344,131.078715,131.141770,131.165832,131.206570,131.239853,131.246639,131.246765,131.257761,131.277084,131.328415,131.334790,131.354356,131.364558,131.410108,131.445248,131.487671,131.500300,131.516081,131.666505,131.710705,131.778559,131.805195,131.851766,131.884103","1,6,4,4,2,0,3,5,6,0,3,7,5,7,5,7,7,1,1,6,4,6,4,4,4,2,0,2,4,4,0,3,2,0,0,3,0,3,0,3,3,3,5,5,7,5,7,1,6,4,2,4,2,2,0,0,0,3,7,1,6,5,6,4,6,1,7,4,6,2,0,3,5,5,7,3,5,1,7,1",4
"11.329922,11.538235,11.543078,41.753483,52.558442,52.611488,52.772323,71.199232,71.264780,81.072712,90.807435,90.812853,100.276657,117.469772,117.480004,117.480415,117.500328,117.848614,121.109889,121.126778,121.235843,121.316287,121.395867,121.483647,137.093851,148.492638,148.678960,149.068473,161.972719,172.931130,173.093504,179.897404,219.741063,219.899483,227.812861,227.859089,228.208003,228.245717,228.247834,228.297159,228.402841,228.403489,228.430464,228.450390,243.421460,254.252545,254.318320,254.345928,254.357525,254.469156,254.519467,254.539341,254.602787,254.613614,254.635775,254.662712,254.684906,254.691629,259.221104,259.407480,259.427411,259.661529,259.808862,259.828675,259.848243,259.875692,259.951922,271.466506,271.549325,271.567804,271.628633,271.710083,272.620328,272.667462,272.668077,272.751773,272.826132,273.033320,273.159741,278.755696","7,1,6,0,1,6,6,5,7,5,1,6,6,0,3,5,3,5,5,7,7,1,6,7,2,3,5,1,7,0,3,1,3,5,3,5,7,1,6,1,6,6,4,1,2,4,2,0,2,0,3,3,5,7,1,6,1,6,3,5,7,7,1,6,6,6,6,2,0,0,3,5,6,4,4,4,2,0,0,2",4
"8.413698,47.297886,76.958119,77.283525,77.348230,82.872767,82.935716,94.670214,100.636734,109.573891,109.776856,109.781112,109.793469,109.813986,109.863540,109.900299,109.985646,110.100950,110.256514,120.123549,120.249240,120.254397,120.301018,120.613227,122.919906,125.059641,125.303173,125.846707,125.856218,125.904875,126.094704,126.104619,128.378464,130.701873,155.009311,155.017879,155.024512,155.028075,155.088505,155.159495,155.199232,155.226628,155.356192,155.586126,163.656029,167.993102,168.019095,168.043242,168.245323,186.138438,186.174402,186.246440,192.464502,218.207951,218.337564,218.373614,218.382746,251.758441,251.774425,251.778080,251.786674,251.891709,251.943620,251.964125,252.026789,252.030688,252.117886,252.175945,252.179632,252.213488,252.330707,252.334335,252.402623,252.461848,254.623386,262.882988,262.898886,262.983609,263.032143,263.114166","6,0,4,2,0,6,4,6,1,1,6,4,4,4,2,0,2,0,3,4,2,2,0,0,4,2,2,0,3,3,3,3,3,1,3,5,5,7,7,7,1,6,6,4,4,6,4,2,2,0,3,3,3,7,1,1,6,1,6,6,4,6,2,0,4,3,2,2,2,4,0,3,0,3,7,5,7,7,7,1",4
"8.322724,8.339637,8.365116,8.393561,8.563148,12.435450,19.295146,19.334171,24.659439,27.942571,27.948977,28.008268,28.044590,28.054355,28.089039,28.184444,54.098976,54.213742,57.365962,60.968066,60.979329,60.982791,61.031861,83.961174,84.016717,84.124413,87.640865,87.664806,88.033255,88.050247,88.157678,88.250238,88.268849,88.282934,88.289472,88.293020,88.385449,88.537070,89.896857,99.833298,108.849359,108.877874,109.066716,109.097014,109.121875,109.138531,109.375948,109.455053,109.465835,109.603750,109.648638,110.080470,110.224987,110.441482,110.538975,110.562470,110.755706,112.478012,112.563860,112.631330,112.697648,113.791300,113.817058,124.141479,124.153745,124.454764,124.562822,124.577715,124.711832,124.837221,124.954016,124.967057,125.063981,125.097180,125.345338,125.388632,125.396756,125.504757,125.906057,125.962975","4,2,0,0,3,3,7,1,4,6,4,4,2,2,2,0,3,5,0,4,2,2,0,7,1,6,2,0,3,5,7,1,1,6,6,4,4,2,4,7,6,4,2,0,0,3,0,3,5,7,7,7,1,6,4,2,4,4,2,0,0,6,4,5,7,1,7,1,6,4,2,0,0,3,5,7,7,1,1,6",4
"1.162161,1.237789,1.383742,6.197008,8.619088,8.775214,8.780850,8.921294,9.095398,9.136365,9.244902,9.411584,58.987278,59.021457,59.052854,59.251029,59.498869,59.555381,59.648960,59.671021,59.697697,59.707075,59.887208,72.360947,72.510514,75.980514,76.070885,76.309054,76.323574,76.349520,76.359608,76.375291,76.461451,76.806345,84.364240,84.464384,90.386084,90.631915,90.833319,91.025241,91.113519,92.127709,92.235145,92.267969,114.484144,123.253621,123.514338,123.697011,123.779974,139.865836,139.965064,154.037500,158.516230,158.535346,158.553301,169.785286,169.976137,170.078227,170.127492,170.127905,170.345666,177.936730,186.316538,186.327225,186.340947,186.351985,186.355439,186.358880,186.370141,186.413047,186.433757,186.560243,186.570857,186.605240,186.610792,186.639622,186.663990,186.675809,186.740450,187.028513","7,1,6,1,0,3,5,5,3,5,7,1,1,6,4,2,0,3,3,5,7,1,6,7,1,6,4,1,6,4,2,2,0,2,3,5,3,7,1,6,4,0,3,3,0,5,7,1,6,5,7,1,3,5,7,1,6,4,4,2,4,3,3,5,7,1,7,5,7,7,7,1,1,7,6,6,1,7,6,6",4
"21.016113,21.309304,24.564117,24.636003,24.948407,38.271419,38.512427,42.462481,42.585113,42.669660,42.899386,42.993443,43.098538,43.229057,43.375707,43.398555,43.564636,52.785817,52.807693,55.644381,55.736090,55.797024,58.709023,58.800761,58.987259,77.189423,77.255868,77.331507,77.447916,77.482902,77.504911,77.605947,77.682848,77.730869,77.736766,77.841259,78.163551,78.320765,86.841553,86.938655,86.953628,87.018302,87.117479,87.126820,87.161694,87.579211,87.595663,87.595733,87.615252,87.624552,87.672506,87.687217,87.696583,87.733737,87.757106,87.761035,87.881239,87.895356,88.002263,88.037634,88.113886,88.180515,88.205219,88.228360,88.237393,88.266286,88.580280,88.708069,88.824069,88.911491,89.059057,89.099725,89.122047,89.133924,89.154180,89.201989,89.250459,89.263848,89.265399,89.360671","4,2,7,1,6,0,5,7,1,6,4,4,2,0,2,0,3,1,6,7,5,7,4,2,2,4,2,2,0,3,5,3,5,7,7,1,1,6,3,5,7,1,6,4,4,2,0,0,3,3,3,5,3,5,7,1,1,6,4,7,5,1,6,6,4,6,4,2,0,3,5,7,7,7,3,7,1,1,1,1",4
"3.482157,21.120608,21.147224,21.171822,71.514082,71.550902,71.677021,71.709777,72.657429,76.740836,80.224345,80.237238,80.250382,80.253674,80.267286,80.275199,80.290939,80.416790,80.437021,80.574778,80.863100,83.477773,83.498985,83.511027,83.553996,83.601086,83.631429,83.806054,83.885612,83.950234,83.967184,83.977751,84.046918,84.081201,84.088848,84.153190,89.996900,102.486468,102.522547,102.523474,102.594099,102.648164,102.692434,112.613728,112.618930,112.661819,112.682539,112.757853,112.786596,112.802329,112.883634,112.893848,112.924609,114.290945,120.574384,120.889506,120.974094,120.995779,121.001244,121.006084,121.007262,121.026101,121.057045,121.060511,121.103414,121.116461,121.122739,121.201954,121.224033,121.253937,121.329792,121.340586,121.357207,121.384044,121.388819,121.390198,121.435024,121.460085,121.465160,121.541628","7,6,4,2,0,3,5,7,0,3,2,0,3,0,5,0,3,0,7,7,5,7,1,1,1,6,4,1,6,4,2,4,0,0,3,6,7,5,7,7,1,6,4,6,4,2,0,3,5,5,5,2,7,3,5,7,1,6,4,2,0,0,6,3,6,0,4,5,7,1,2,4,0,2,3,3,7,0,0,1",4
"18.611558,18.685499,18.769230,18.792973,46.359604,56.512533,92.638505,92.732065,92.753604,92.795487,92.832861,92.957440,93.045910,93.130812,93.155477,104.659893,113.593687,113.752936,113.819216,120.140097,120.245039,129.202631,129.523817,129.774157,129.800517,129.837178,129.872135,129.920698,130.003460,130.068706,133.560651,135.742891,135.750646,135.814927,135.832873,135.872167,135.929254,135.953551,135.981277,136.028261,136.540594,136.575675,136.588064,136.663246,139.621392,148.163727,148.811535,155.064594,155.081842,155.590897,155.614384,161.630336,174.009709,190.406577,190.570793,190.713190,192.384367,205.691703,209.173654,214.702470,222.400302,222.518191,222.554257,253.079893,259.859528,262.998916,275.599129,276.854698,283.673324,283.894607,284.240255,284.363626,284.390161,284.439059,284.449232,284.450048,284.536522,284.558091,284.704798,284.710383","0,3,3,5,7,0,3,5,7,1,1,7,1,6,6,1,6,4,2,3,5,6,4,2,0,0,0,3,5,7,2,2,0,0,0,3,0,3,3,5,7,1,6,4,2,3,3,1,6,6,4,7,5,1,6,4,6,4,4,2,2,3,5,7,6,7,0,2,5,4,7,4,2,1,0,3,3,2,5,7",4
"50.765041,50.765568,50.771603,50.888358,50.925887,50.938476,50.945012,50.954141,51.133734,52.692442,52.743891,52.778853,52.810709,52.949100,54.224553,54.233911,54.269221,54.303070,54.342547,54.343385,54.384933,54.521878,54.614805,54.618744,54.678584,54.727115,56.598268,60.972986,61.000474,61.021404,61.024029,61.044022,61.077571,61.130794,61.168181,61.239830,61.372786,64.042377,64.047241,64.049894,75.985316,76.273296,85.522232,105.560227,112.445840,112.447364,112.488709,112.515691,112.746163,112.907121,136.798060,168.670432,168.939702,169.056720,184.811216,184.820176,185.116944,192.703377,193.081957,193.224582,200.325096,200.372273,207.643025,207.730840,224.796241,251.914717,252.066248,283.652121,283.763237,289.279745,289.394995,293.163881,293.195641,293.401740,293.427891,293.701156,293.875380,294.250444,294.297205,294.504785","5,7,7,7,1,1,6,6,6,4,2,0,0,2,0,3,5,7,5,7,7,1,6,4,2,0,4,2,0,0,3,3,0,3,5,0,3,0,3,5,7,1,2,0,0,3,3,5,7,7,1,2,0,3,7,1,1,7,1,6,0,3,4,2,5,2,0,7,1,4,2,7,1,1,6,4,2,2,0,3",4
"5.096829,15.110123,29.969073,52.555462,52.569141,52.905604,67.879559,67.922511,67.931298,67.966421,68.015327,68.038447,68.076095,68.081434,68.090387,68.100767,68.145111,68.148522,68.230368,68.290324,68.353965,68.361968,68.424707,68.586086,89.047249,89.369221,89.660629,89.767228,89.779454,89.807109,95.800352,95.800512,95.888353,95.914271,95.915426,95.929093,95.934584,95.944760,96.040730,96.048349,96.062361,96.065607,96.137879,96.149570,96.152404,96.161051,96.189770,96.199424,96.201037,96.230783,96.257727,96.299862,96.303142,96.335918,96.398330,96.453482,96.456157,96.626807,106.955456,111.314327,111.325232,111.418914,111.437434,111.702640,111.923166,124.689673,133.723686,133.749664,157.401987,157.431472,157.484390,160.890434,160.903501,194.063441,194.087995,194.178004,194.191048,217.328590,254.851999,259.413062","5,5,5,0,3,3,5,7,1,6,1,6,6,4,6,4,6,2,7,1,2,0,0,4,1,6,4,4,2,0,7,1,6,4,4,4,2,2,2,0,0,4,4,2,0,0,3,5,7,3,3,5,7,3,3,2,5,7,0,7,1,1,6,6,4,3,6,4,2,0,0,4,2,6,4,2,4,5,5,1",4
"13.732705,13.965909,21.813175,21.908831,36.639308,36.971146,49.890505,60.493036,63.062234,78.845118,109.374984,112.443148,112.461016,113.222047,113.231987,113.241080,113.318581,113.367513,113.383402,113.410851,113.432140,113.520963,113.547701,113.659032,113.667803,113.750911,113.904824,119.384125,119.396712,119.508162,119.524861,119.581332,119.672175,119.693664,119.768994,119.892138,119.908839,119.935029,119.979567,120.127923,120.149024,120.167816,120.278912,120.338166,141.372520,148.642902,148.783204,148.813728,148.874372,149.109299,158.237559,158.246332,164.538776,164.554552,164.677542,164.915242,165.415938,177.758949,177.804794,177.851680,184.101424,184.122966,184.236955,188.386639,203.669556,203.716671,203.735278,203.841483,203.863376,221.792423,242.703747,254.069125,254.188356,259.480851,265.717539,268.069443,268.153421,268.157504,268.326107,272.377955","7,1,1,6,2,0,1,7,5,5,1,5,7,3,5,5,5,7,7,1,7,7,1,6,4,6,7,0,3,5,7,3,5,7,5,7,7,1,7,1,6,6,4,2,5,6,4,2,0,2,7,1,2,0,0,3,5,4,2,0,1,6,4,6,5,7,7,1,7,7,5,6,4,5,0,2,0,3,0,7",4
"4.039405,24.592396,37.695013,37.757320,42.961209,66.344759,66.484992,66.490006,66.535288,68.743714,69.778856,69.852592,69.977467,72.364170,72.585742,72.607211,72.871452,80.684932,80.694176,80.817635,80.883618,80.923965,89.057654,97.120542,100.944632,101.426134,101.431342,101.514135,116.696324,127.856732,127.918299,127.949252,146.096801,148.808882,148.817813,148.820891,148.865003,148.875942,149.011324,149.015859,149.045354,149.283616,152.537256,152.728120,208.907189,208.944333,225.249993,225.318977,225.553019,225.704230,225.714480,225.812840,225.820614,225.844065,225.855577,225.904045,226.019859,226.058741,229.101853,259.863144,266.900458,266.974682,271.259443,288.956716,307.942441,308.013108,308.180249,308.700162,308.737466,308.817556,316.375938,316.431009,328.744698,328.842204,328.848646,328.850856,328.927887,329.096099,329.131960,329.195882","7,4,3,5,0,1,6,4,2,1,3,5,7,6,7,1,6,5,7,1,5,6,7,4,0,1,6,4,2,7,1,6,7,5,7,1,6,1,6,4,4,1,6,4,2,0,4,2,0,3,5,7,7,1,6,6,3,4,2,7,6,4,1,5,6,4,4,4,2,0,0,3,7,5,1,6,4,6,1,4",4
"16.836721,16.877163,17.185375,17.200355,17.270792,22.221380,22.392643,22.523080,22.928232,23.208949,25.882448,25.921659,25.942342,29.564412,29.673404,29.768458,29.968661,30.128306,55.031768,98.906089,99.382070,111.478764,129.635033,129.655764,129.776114,134.337548,145.817204,151.656003,152.960774,153.005010,153.067731,164.204206,164.476201,164.505911,164.602524,176.691012,177.238049,193.449183,199.921843,199.961956,200.051336,215.030836,237.725749,237.782789,247.590167,247.600961,247.733319,247.774083,247.790249,247.863757,256.350830,260.553144,271.565754,302.971934,303.043646,308.171755,308.264034,310.366375,310.590373,310.683925,356.362541,365.312561,365.313453,365.337638,365.658710,366.138575,366.195982,373.368136,374.737111,374.790388,374.889158,394.519097,408.341343,448.370922,460.946359,461.221063,461.233588,461.273537,461.400366,461.428790","1,6,4,4,4,5,7,1,7,1,1,6,6,6,4,4,2,0,6,7,1,7,5,7,1,2,0,0,1,6,4,0,4,2,0,2,5,5,7,1,1,4,0,3,3,5,7,5,7,7,6,2,0,3,5,0,3,4,2,0,4,4,2,2,0,3,5,0,0,3,3,1,5,7,0,3,3,5,7,1",4
"17.753618,18.928545,31.712696,69.660943,92.259573,92.323170,92.469757,92.507585,92.512834,101.334543,101.428547,119.847311,119.940802,134.530319,140.627746,140.749871,140.768377,140.849025,140.897453,140.983918,140.991513,141.174932,141.194503,141.205784,141.253121,143.475763,152.049458,152.116962,174.880737,174.936347,181.849645,181.858081,185.481804,186.035828,211.951382,224.495613,227.226416,229.340382,243.782380,243.920899,243.999162,244.122192,244.128227,244.133339,244.180828,244.253373,244.311698,244.450050,244.469554,244.744136,244.852131,244.874244,244.874513,244.946027,244.988169,245.430715,251.608740,251.666325,251.689594,251.913046,252.026945,252.049157,252.110449,252.157951,252.218803,252.338483,252.350445,252.366163,252.392498,252.516757,252.530980,252.531646,252.562433,252.570034,252.627346,252.669644,252.753325,252.817400,252.860511,252.878332","5,5,6,5,2,0,0,3,3,7,1,5,7,6,7,1,1,6,4,4,6,4,2,0,0,4,4,2,0,3,0,3,6,3,5,2,5,2,1,6,4,2,0,3,6,5,7,1,7,7,1,6,6,4,4,5,7,1,6,4,2,0,3,3,5,2,5,7,1,7,1,1,6,6,4,0,4,2,0,2",4
"14.987795,15.140326,15.176452,15.880899,17.064320,17.149246,17.238078,17.320258,17.422932,17.424996,17.432622,17.453222,17.525446,17.646168,17.657456,17.722263,17.736093,17.832210,20.625343,20.697091,23.537141,23.554641,23.624085,23.712999,23.728805,24.060641,31.301733,56.955887,56.999099,57.116758,59.382875,59.565909,60.217703,66.888334,85.902120,93.948793,93.959159,94.237788,111.454427,137.807911,137.808280,137.902685,137.927843,138.080948,140.234401,140.267309,140.372651,141.426971,141.492969,141.556778,141.666453,141.683414,144.842713,144.936223,145.010096,145.109168,164.778327,171.935948,172.193562,172.209579,174.035460,180.717787,180.782985,180.804313,180.808036,180.828357,180.857787,180.880033,180.895853,180.966071,181.178988,181.184509,181.243338,181.297802,181.532215,181.596292,181.607637,194.232086,194.273884,202.970641","2,0,3,5,5,7,7,5,7,7,1,7,6,1,1,6,1,7,7,1,3,5,7,1,5,1,6,0,3,5,0,3,4,3,7,7,1,1,5,1,6,6,6,4,1,6,5,5,7,7,7,1,5,7,7,1,4,5,7,1,4,4,2,0,3,5,7,5,2,0,3,5,5,7,3,5,7,7,1,3",4
"15.308024,26.870350,26.880325,26.883006,29.503522,42.735506,42.749708,42.834118,79.708603,79.772866,79.880244,79.950747,79.968048,79.987215,80.034953,80.035790,80.062067,80.117977,80.138354,80.206660,80.257926,80.269667,80.289900,82.019357,82.061663,82.077272,82.128000,85.829035,99.547363,112.455052,132.336331,136.429533,136.463735,136.466929,136.469689,136.495191,136.498755,136.602232,136.619764,136.633413,136.656986,136.665443,136.732238,138.775921,153.751269,153.765422,153.891589,153.929638,154.014984,170.961126,182.106124,185.856067,196.866630,200.775673,200.790675,207.366207,212.130406,212.301180,212.405377,214.359610,221.944891,221.986865,222.002051,227.058433,235.788387,235.795384,235.802930,235.854133,235.855609,235.890696,235.942475,235.949694,236.036069,236.059877,236.072685,236.082611,236.171591,236.172218,236.220763,236.291965","2,6,4,4,5,5,7,7,3,5,5,7,7,1,6,1,7,7,1,1,1,6,4,0,3,5,7,3,7,7,3,7,1,6,4,4,1,4,2,0,0,0,4,1,5,7,7,1,1,6,7,2,0,7,1,7,5,7,1,0,3,5,7,6,0,3,5,3,5,5,7,7,1,6,4,2,4,2,0,0",4
"8.854835,33.720698,33.770676,33.882667,33.949246,33.991019,34.012415,34.012425,34.023363,34.044896,59.812052,98.675647,101.730437,106.304410,106.953726,106.983627,107.038013,107.048904,107.091488,107.129253,107.129807,107.139513,107.164515,107.200566,107.241112,107.332644,107.375977,107.396716,107.424375,107.429973,130.920305,130.931549,131.102824,131.220096,143.155888,154.184186,159.962975,160.005539,160.152099,160.272998,175.863325,180.241750,184.779066,184.812163,191.628019,191.693973,191.740693,191.837573,191.925601,192.061852,192.092727,192.118471,192.123862,192.153754,192.154454,192.228203,192.265569,192.314195,192.318628,192.348420,192.374623,192.428919,192.469447,192.473046,192.477856,192.489642,192.534389,192.633775,192.651929,192.673076,192.681747,192.717425,192.747644,192.751239,192.795090,192.812085,192.847152,192.888391,192.909386,194.415995","1,2,0,3,5,7,1,7,0,3,6,0,6,4,4,2,0,3,0,3,5,5,5,7,1,6,3,7,1,6,6,4,2,0,3,0,4,2,0,3,6,4,2,0,6,4,2,0,3,5,5,5,7,1,6,1,6,5,6,7,4,4,4,2,4,2,2,0,3,0,3,5,7,3,1,3,5,7,6,6",4
"34.271676,43.755673,44.917824,46.385675,46.397124,46.432882,46.477459,46.493855,46.497150,46.541052,46.583403,46.654209,46.657963,46.686005,46.697885,46.788781,46.809913,46.846060,46.864716,46.874894,46.894390,46.917365,46.933333,46.946571,46.981587,47.257988,47.306213,47.334909,47.396629,47.451068,47.483983,47.490983,47.613527,47.632252,47.645708,47.785745,47.809292,47.819573,47.845890,47.891131,47.931426,47.947515,48.050459,48.174809,48.182255,53.858213,72.058669,72.061438,72.071281,72.177980,72.218603,72.231629,72.245836,72.263253,73.631234,77.343490,80.423637,80.468378,80.485774,80.673881,80.732335,80.779529,80.866408,81.030476,81.113849,93.975577,95.497161,102.787559,102.836619,115.120526,118.756391,118.815462,119.052267,123.024877,123.043897,123.066500,123.086208,123.119749,123.151349,123.158303","6,2,0,6,4,4,2,2,0,0,4,0,3,5,2,3,2,3,3,5,5,7,1,6,7,5,7,1,7,1,6,4,4,2,4,2,2,0,0,6,5,3,7,1,6,2,7,1,1,6,6,4,4,4,2,7,7,1,6,6,4,4,2,4,0,4,1,6,4,4,2,0,3,2,0,0,3,3,5,5",4
"2.511275,50.272458,50.331375,50.353836,63.256983,63.275292,63.570653,66.989238,66.995229,67.353670,67.366495,67.543862,67.550749,67.611707,75.039707,75.071472,75.097963,75.195745,75.251869,75.252108,75.264862,75.306706,75.358070,75.371567,76.122331,92.878566,117.331043,120.526537,120.579201,120.821698,120.833092,120.898145,120.901765,121.033401,124.669617,125.182808,136.707845,136.712797,136.727904,136.879454,136.901304,136.914315,136.924980,137.008447,137.062095,137.192225,137.202185,137.202791,137.270857,144.405664,144.552787,149.261243,149.268051,149.421672,149.444633,168.382072,175.324607,175.641587,175.686743,175.784946,175.951053,176.208712,202.748839,256.954488,304.545296,315.734395,315.877712,315.937666,315.994204,315.999382,316.074177,316.487908,316.539630,316.564408,316.573983,316.581285,316.582004,316.634076,316.680572,316.774362","2,7,1,6,7,1,6,7,1,6,4,4,2,2,5,7,1,1,7,6,1,6,4,6,1,0,0,0,3,5,7,7,1,7,5,2,3,5,7,1,5,6,4,4,4,2,2,2,0,1,6,4,2,2,0,0,4,2,0,0,0,3,6,0,0,4,2,0,0,0,0,3,5,5,5,7,7,1,1,1",4
"5.703681,5.843243,5.894362,5.894378,5.898613,5.909444,5.962901,5.995168,6.012028,6.026788,6.158699,6.233831,6.234823,6.250517,6.305033,6.373577,6.393927,6.412196,49.438692,49.547536,54.203767,54.300514,58.969865,65.251825,71.713216,71.939121,72.023221,72.365243,78.018914,89.640783,89.675665,96.770787,96.775690,96.816853,96.949862,96.972375,97.191383,97.227931,97.343090,106.371730,111.948195,111.956090,127.794396,127.921909,135.097020,135.198307,135.248763,135.274143,135.276562,135.277681,135.375410,135.381666,135.407765,135.416508,135.433759,135.446962,135.470735,135.479506,135.496045,135.501351,135.502000,135.504314,135.508448,135.527457,135.537429,135.542088,135.571632,135.574503,135.579905,135.589100,135.641326,135.660251,135.673661,135.704270,135.712675,135.773171,135.776025,135.782494,135.790058,135.810168","6,4,2,0,2,0,3,0,5,3,7,1,6,7,6,4,6,4,3,5,5,7,7,2,1,6,4,6,6,0,3,3,5,7,7,1,1,6,6,5,0,3,6,4,0,3,5,7,7,1,1,6,4,2,0,0,4,6,2,0,3,0,5,3,3,3,5,7,4,2,7,5,3,7,2,1,5,1,0,7",4
"17.839279,17.990387,18.053260,18.083317,18.121480,18.245150,18.256667,18.276684,18.375853,18.521713,18.527863,27.091529,31.989160,32.232634,32.233078,45.878734,45.885816,45.910782,45.925622,45.952587,46.041624,46.066410,46.216157,46.369802,46.376462,54.377015,54.412990,54.413698,54.461841,54.472230,54.548924,54.590084,54.651415,54.713886,55.367472,55.374859,55.418767,55.421409,55.523031,55.534275,55.629273,63.433377,105.133085,105.201580,105.309446,105.361041,105.418387,105.463101,105.467771,105.565162,105.654131,105.800479,105.962951,105.965689,105.986043,106.034353,106.053891,106.407936,106.486723,125.428981,138.663436,138.704082,139.166837,139.173075,139.202751,147.019766,153.688303,154.653515,154.697860,170.951225,175.146108,175.160376,175.221987,175.374576,175.392521,175.415539,175.451263,175.566577,196.976145,197.079720","5,7,1,6,4,2,0,6,0,4,3,0,0,3,5,0,3,5,7,1,5,6,1,6,4,3,5,5,7,6,4,2,0,2,0,3,5,7,3,7,1,1,7,1,6,4,2,2,2,0,3,5,7,1,7,1,6,6,4,5,6,4,4,2,2,7,4,5,7,3,7,1,6,6,4,4,2,0,6,4",4
"5.838458,17.312760,57.186580,62.447316,64.310336,67.032743,67.118140,77.391470,77.419143,77.758860,77.860235,83.228918,90.406961,93.824992,93.873822,93.886734,93.897275,93.935794,93.959798,94.503451,107.560848,146.409092,154.873556,161.963990,163.934857,164.002582,164.058326,170.029380,182.717041,183.126298,210.583030,210.714213,234.152924,241.731977,243.093929,243.165675,243.188626,243.565009,243.573998,243.595246,243.626530,243.632130,243.652600,243.823427,243.901987,243.907301,243.978213,243.982946,244.122720,244.149036,244.299987,244.341527,244.884963,245.321419,245.430338,252.736974,268.663887,268.681189,272.464091,272.540425,272.548068,272.566032,272.647198,272.680159,274.252176,296.715971,296.757687,296.889295,296.904100,297.002137,297.063607,297.133443,297.142471,297.271719,297.272136,297.293720,297.313627,297.505495,297.674228,314.608913","6,7,2,4,0,7,1,0,3,5,7,2,7,3,5,5,7,7,1,4,5,6,4,6,5,7,1,4,5,7,2,0,6,1,1,6,4,6,2,0,0,0,0,3,3,5,3,7,5,7,7,1,4,2,0,7,6,4,7,1,6,4,4,2,4,2,0,0,3,5,7,7,7,1,7,1,6,3,4,3",4
"12.349451,12.608087,12.674902,12.804762,13.074977,13.091021,13.149427,13.339912,13.511384,13.614681,14.490967,14.677383,14.724953,15.338463,32.891701,32.906740,37.267837,37.286094,37.460964,46.745236,47.001201,47.159066,47.245340,75.825105,75.840630,76.092451,76.823313,77.391547,83.109284,83.358103,99.410682,99.921758,123.433577,133.418781,133.469544,133.737289,136.641556,160.028328,160.036319,160.086122,160.198862,164.408937,164.598442,175.417602,175.453700,176.006350,202.281164,204.118451,211.424740,214.621476,214.716698,214.807306,215.028479,215.034567,215.077590,223.123957,223.182607,223.235616,223.269848,228.870450,232.090993,232.121454,232.196362,232.198823,258.692726,258.984570,261.292103,271.712285,275.831598,275.839032,275.862223,276.155986,276.239905,276.611779,282.418162,283.867760,296.902852,297.086371,304.103395,304.106985","0,3,5,7,1,6,4,2,0,3,0,3,5,5,3,5,7,1,1,3,5,7,1,4,2,0,5,7,6,4,4,3,7,5,7,2,0,0,3,3,5,0,3,7,1,6,4,1,6,0,3,5,2,0,3,7,1,6,4,1,5,7,7,1,3,5,4,1,4,2,2,0,3,5,4,0,3,5,1,6",4
"47.654181,47.659937,55.996927,91.398868,102.818948,102.856498,102.911044,102.983517,103.013913,103.053877,103.081495,103.159076,103.184617,103.248554,103.275374,103.349066,103.596922,103.887001,107.285052,118.375700,118.432826,118.487453,118.607890,126.956825,146.394439,148.116997,165.803463,184.864130,191.812296,192.119025,192.131811,192.141733,192.142011,192.158425,192.164487,192.357610,192.431303,192.439275,192.443665,192.529338,192.660551,192.667759,192.686544,192.693515,192.697065,192.711323,192.730906,192.743984,192.764861,192.811965,192.817025,192.887869,192.968817,193.018465,193.062068,193.093967,193.102361,193.130854,193.135557,193.152014,193.154657,193.187898,193.238709,193.356269,199.163350,199.212794,209.531486,242.463451,242.488176,242.558840,242.764281,242.823423,243.215722,243.288808,251.051615,251.229154,251.235847,251.311721,251.507416,251.611633","7,1,0,3,1,6,6,4,2,0,2,3,2,0,3,3,2,0,4,4,2,0,3,1,1,7,1,7,7,1,6,6,4,4,2,6,4,4,2,0,3,5,5,7,1,6,7,4,1,2,4,0,0,7,1,6,1,6,4,4,4,4,4,2,4,2,6,5,7,7,1,6,7,1,3,5,7,7,1,6",4
"17.215743,17.245429,17.261654,21.729869,21.743684,21.834594,21.847577,21.869516,21.874998,21.894782,21.952489,21.993864,21.994584,22.127157,22.210971,72.467834,79.522887,81.823867,91.709459,100.503999,111.980673,112.581849,113.026806,124.531097,153.837997,153.880785,153.936544,154.001275,155.734265,155.850010,157.000857,157.231078,157.308104,157.411760,169.200782,193.926109,193.930165,194.071500,194.165072,194.179809,194.211059,194.211172,194.217468,194.460377,194.596345,194.602988,194.652691,194.843221,194.859367,194.878151,194.879906,194.915021,194.941855,199.283750,204.887789,212.918222,212.978470,216.069174,216.187196,216.389290,216.463624,216.548639,229.063485,233.954244,240.268698,240.344981,240.388530,240.432880,240.464197,240.578082,240.615535,240.724461,240.804265,240.812423,241.095135,271.156460,271.167187,271.168868,272.610640,305.875962","1,6,4,3,5,5,5,7,7,1,6,7,1,7,1,5,5,0,0,0,7,1,2,0,2,0,0,3,5,7,1,6,4,4,4,3,5,7,1,6,4,2,7,1,6,4,2,2,0,0,4,3,7,3,4,6,4,2,0,3,5,5,2,7,5,7,7,7,7,4,1,1,2,6,2,7,1,1,3,4",4
"8.479336,8.529793,9.163038,19.576204,19.584154,19.776800,41.118037,41.318057,41.354883,41.431934,41.626438,41.695339,41.945991,42.048542,42.155090,58.252526,81.203682,87.019920,87.391733,105.133777,105.166965,105.226189,105.303198,115.578614,119.465610,119.500062,119.501123,119.514214,119.578696,120.004317,134.453974,143.940513,144.108960,149.706632,154.791093,155.008617,155.017840,155.133748,157.469432,157.516754,157.576243,183.844152,183.863960,185.072368,202.605703,210.712075,222.543498,222.842478,223.456267,223.501546,229.027227,237.467133,237.511022,237.547013,237.581199,237.702097,237.741739,237.758866,251.897419,251.934031,252.695437,252.708822,252.898550,253.153619,254.206985,282.911105,283.047706,283.212837,283.321115,283.354136,283.354424,283.368383,283.374748,283.387371,283.426277,283.476441,285.738401,287.915032,287.946276,287.976206","1,6,4,5,7,7,3,5,5,7,1,6,4,2,0,0,2,5,7,5,7,1,1,2,3,5,5,7,7,7,1,3,5,6,1,6,4,2,4,2,0,0,3,5,6,7,0,3,5,7,7,3,6,5,7,1,5,7,7,1,6,4,4,2,4,3,5,7,7,1,6,4,2,2,0,3,0,3,5,7",4
"7.410264,7.521392,7.536667,7.608871,7.909850,8.208403,18.615089,47.836801,67.640195,67.817831,67.881723,67.932201,67.987667,68.044069,68.155388,68.161036,68.168450,68.217678,68.227621,68.241462,68.480530,68.607261,68.672233,78.740332,78.844083,84.686624,90.164709,94.765478,112.214456,112.306505,112.321729,112.592014,112.603500,112.609744,112.624616,112.646932,112.716630,112.739482,112.742586,112.791741,112.794780,112.813971,112.843969,112.913322,112.973339,113.056861,113.542938,127.412570,129.937667,147.618259,147.662186,147.951202,148.386223,148.456899,148.531068,148.566620,148.575417,148.618867,153.453595,194.682109,194.884965,200.636377,200.788900,215.257076,217.190697,224.433409,224.455505,235.117520,235.137633,235.144970,235.165001,248.860789,248.883669,249.154977,249.272718,249.298510,249.341746,249.398491,249.547769,249.616907","4,2,2,0,2,0,3,6,2,0,0,0,3,5,3,3,3,5,5,7,5,7,1,2,0,2,0,0,7,1,6,6,4,2,0,3,0,4,2,2,2,0,0,3,0,0,5,0,7,3,5,5,7,1,1,6,4,2,3,1,6,2,0,7,4,4,2,2,0,0,0,6,4,4,2,0,0,0,0,3",4
"2.919846,22.759213,22.807963,22.878872,23.020606,31.269149,39.332182,87.474333,100.416482,100.441405,100.445069,100.448256,100.469172,100.523130,102.049789,109.302168,109.487648,109.550829,133.673298,133.752055,133.752236,133.789391,133.803914,133.813907,134.045825,134.052991,134.064899,134.297470,134.298178,138.612494,145.457290,145.557374,158.756678,167.158013,167.217131,170.358693,170.560108,170.629431,170.784479,170.826407,170.981348,171.008603,171.012668,171.017296,171.038604,171.039344,171.072850,171.092921,171.110790,171.196508,171.201094,171.219833,171.222291,171.253094,171.337464,171.378423,171.478458,171.585252,171.672590,171.993878,172.446390,172.484053,172.898211,187.948802,188.021466,194.818636,210.948315,211.123873,217.725112,217.725612,217.732084,217.861092,217.864970,217.912609,218.001074,229.811456,229.880207,229.897411,230.001122,230.049971","0,0,3,3,5,3,0,5,2,0,0,3,3,5,7,6,4,4,5,7,7,1,1,7,5,7,7,1,6,3,1,6,0,7,1,0,3,5,3,5,7,1,7,1,6,1,5,6,7,1,6,7,1,6,6,1,4,4,6,4,2,0,3,6,4,3,1,6,7,1,1,6,4,2,0,6,4,4,4,2",4
"17.298469,17.750524,23.456990,45.926230,46.224762,46.227081,46.258103,46.674069,47.008047,47.022099,47.059598,47.091427,47.106973,47.107850,47.128039,47.132975,47.135987,47.204548,48.142909,55.593318,55.610294,57.397742,63.234562,66.204643,88.340864,88.500553,88.514409,88.564355,88.571248,93.655135,93.666937,93.695299,107.682946,107.760642,107.921188,114.582589,114.587334,122.210937,129.401904,129.448275,129.541119,134.014705,138.338636,140.950155,140.967159,150.638984,154.527868,154.684153,154.733877,158.092291,172.208087,176.773895,176.913921,176.929735,176.963037,176.985341,176.991906,177.008743,177.061411,177.080509,177.087245,177.104385,177.107077,177.125333,177.168935,177.202569,177.211941,177.224734,177.290407,177.321002,177.322368,177.338073,177.393687,177.395264,177.406175,177.415560,177.430836,177.438070,177.445333,177.590475","0,3,4,5,7,1,6,4,2,0,3,5,5,7,7,5,7,7,5,2,0,7,5,7,2,0,3,3,5,7,1,6,7,7,1,6,4,6,4,2,0,0,0,0,0,2,7,1,6,1,4,3,5,7,7,7,1,6,1,6,7,6,4,1,4,6,1,4,6,4,6,2,4,2,0,4,2,4,0,0",4
"1.866781,2.071951,3.680232,12.320582,30.003778,31.901568,31.939133,31.971551,31.990559,32.089701,42.827262,45.488184,52.356092,52.484222,77.999464,99.560539,127.811672,127.813338,127.883111,127.889808,127.983906,128.103980,128.279648,128.481310,129.400608,146.820225,146.884377,147.146201,147.243608,147.257164,147.433593,147.589709,165.452761,165.514384,165.583043,165.594594,165.635539,165.641468,165.936034,166.660584,179.203608,185.529360,212.752681,248.208857,248.515398,248.757351,248.802733,248.880585,249.089486,249.276506,276.330372,276.610416,276.902978,278.014374,294.457723,316.702156,328.790040,328.845207,351.495990,353.472050,353.491966,353.626743,353.652131,353.870562,389.844634,389.868745,389.896935,394.499824,403.238227,409.764902,409.888019,410.039510,410.131306,410.229453,410.327927,410.481933,410.631471,410.678358,423.902483,423.907511","2,0,4,1,4,3,5,5,7,5,4,3,6,4,7,4,6,4,2,0,3,5,7,1,4,7,1,1,6,4,4,2,7,1,4,6,4,2,0,5,3,3,6,7,1,6,4,2,4,2,4,3,5,5,6,1,7,1,5,1,6,6,6,4,4,2,0,2,1,1,6,6,4,4,2,2,3,5,0,3",4
"2.018225,2.032147,2.300546,12.696676,23.452546,32.716575,32.796214,32.810197,39.890790,39.917049,39.971585,39.988936,40.086734,40.098744,40.104800,40.195739,40.307892,44.177731,44.227377,44.227725,44.241456,45.842981,48.378189,48.455654,48.868453,48.925624,53.533123,53.906741,62.040611,62.690853,64.684072,64.844532,64.987244,83.224662,97.023981,116.637320,116.654158,116.805509,121.028839,139.573600,142.887096,152.836672,154.836096,154.941639,154.942665,154.976749,155.002275,155.205922,155.214611,155.229304,155.246630,155.265672,155.269744,155.286355,155.334702,155.345396,155.406781,155.411562,155.442449,155.449477,155.450786,155.674223,155.688802,155.868505,155.887054,156.260859,156.331879,156.509391,156.554503,156.577955,156.578599,156.593867,156.600162,156.637110,156.658255,156.689267,156.719525,156.720630,156.857943,156.935915","2,0,0,5,5,1,6,4,2,0,3,0,5,3,5,5,5,4,2,0,0,5,1,6,4,2,2,0,0,2,2,0,3,1,1,2,0,0,6,1,0,5,5,7,7,1,1,6,6,4,4,2,4,2,2,0,0,3,2,0,3,0,3,0,5,7,1,6,6,4,4,2,4,2,0,0,3,0,5,3",4
"9.067337,9.068281,9.072062,9.144013,9.276312,9.352026,9.366824,9.597017,10.157991,10.256148,10.522558,10.638277,10.672355,10.685489,29.282773,29.292654,29.410112,29.460974,29.524783,29.623299,29.633862,29.637916,29.653638,29.703291,29.757975,29.852619,29.875994,38.287412,38.359261,40.905573,41.055735,53.511109,53.534471,53.635910,53.645756,53.699983,53.787049,53.788454,53.977475,54.205277,54.295084,54.304616,54.309749,54.362436,54.547860,54.581375,54.637372,54.669110,54.683047,54.719332,54.822061,54.832312,55.003912,55.050536,55.091770,59.882405,65.697552,65.713016,65.743050,65.852128,65.945474,81.348637,82.080844,101.162410,101.200987,101.247892,143.254666,192.962784,197.505197,197.535756,197.680703,197.692930,197.698115,199.794472,245.764337,245.766624,245.799417,245.824947,272.882850,294.390390","4,2,2,2,0,0,3,3,1,6,4,2,2,2,0,3,5,7,7,3,1,7,1,1,6,1,6,0,3,5,7,7,1,1,1,6,6,4,4,2,2,0,0,3,5,0,3,5,5,7,7,5,7,1,6,7,5,7,1,6,4,2,1,2,0,3,3,5,4,2,0,0,3,6,6,4,4,4,7,4",4
"6.173684,14.436965,14.444573,14.561687,14.648964,15.043278,17.673025,18.026829,18.031792,37.601497,43.982971,44.037865,44.102816,44.170509,44.225392,44.246730,44.382964,44.485391,44.602078,44.614656,44.637322,47.131569,47.156078,47.268311,47.347968,47.422848,47.468460,47.476934,47.497996,47.599840,47.663632,47.796053,47.800295,47.944911,47.975839,47.993328,48.012124,48.077940,48.325317,48.603469,48.718913,48.916060,48.916928,48.917486,48.927283,48.953802,48.994999,49.076754,49.180411,49.193351,49.219003,49.260543,49.482359,49.626444,49.772807,55.103518,71.548527,71.992573,101.725330,120.358144,120.437007,135.608408,140.030187,152.379165,165.329537,204.085581,221.730845,221.845768,221.863694,221.893316,221.907166,229.361181,229.363449,229.415656,236.741138,243.488323,247.053945,247.213134,272.732839,293.423317","5,3,5,5,5,7,4,2,0,2,0,3,5,5,5,7,1,2,6,1,6,1,6,6,6,4,4,4,4,4,2,0,0,4,3,5,7,7,0,1,6,6,4,2,0,3,0,0,2,3,0,3,5,7,1,6,2,4,5,7,1,1,7,0,5,2,6,4,4,2,0,4,2,0,5,2,6,4,7,2",4
"10.316805,26.352182,27.220811,28.890422,28.931324,28.944308,29.040645,29.076622,29.102887,29.181723,33.629720,33.631672,33.641055,33.642095,33.644646,33.740215,33.756728,56.669601,64.200531,64.874215,89.073526,89.136436,89.260795,89.265561,89.270992,89.302340,89.303420,89.354062,89.495224,89.571023,141.311428,141.402843,141.432657,141.445640,142.336458,144.715288,144.724316,165.785990,165.795976,165.805008,175.728411,179.538659,179.753917,179.769644,182.319888,182.369322,182.394468,186.088703,186.210084,186.853198,186.960141,187.037467,188.863697,199.924711,205.448016,217.177328,222.135106,231.325437,245.526022,254.464505,254.499111,254.513976,254.585727,262.258167,262.306273,265.607147,266.009909,267.241051,267.379250,267.461066,267.471230,282.074493,282.085628,282.160130,282.198630,282.272858,282.480791,290.621378,290.693187,290.707467","5,2,5,2,0,0,3,3,3,5,3,5,5,5,7,7,7,1,0,3,0,3,5,5,7,7,7,7,1,7,6,4,2,0,1,7,1,3,3,5,2,1,6,4,3,5,7,7,1,3,5,7,3,5,6,2,7,0,0,4,2,0,3,1,6,4,3,1,6,4,6,5,7,1,1,1,6,6,4,2",4
"19.806707,26.297269,26.305352,26.433888,46.581794,46.605231,46.663193,46.791928,48.079665,60.092824,60.214946,60.442280,60.506714,95.651566,96.453458,109.845423,109.858710,109.971825,110.093445,110.120644,110.189812,112.624821,120.346938,124.872624,125.182868,125.302888,125.353113,125.475549,125.877863,125.928314,126.136721,150.897933,150.929907,150.934605,151.021934,151.025611,151.054373,151.073467,151.178718,151.334216,151.444900,151.547996,151.712828,151.816713,170.152797,170.290076,170.306613,170.340517,195.504762,195.588987,195.600023,195.683999,221.364278,221.367220,226.279026,226.284820,226.314091,226.322715,226.334408,226.372150,226.379222,226.381380,226.394655,226.472033,226.475025,226.485032,226.498082,226.498332,226.520116,226.539716,226.557988,226.572098,226.631224,226.684523,226.693022,226.702828,226.710003,226.726275,226.746736,226.790682","0,4,2,0,2,0,0,0,0,0,3,3,5,4,4,4,2,0,3,5,7,6,1,6,4,2,0,2,3,6,4,0,3,5,3,5,7,7,5,7,7,1,6,4,4,2,0,2,7,1,6,6,0,3,5,7,1,7,1,1,6,1,6,6,4,2,7,0,2,4,6,4,6,2,2,2,0,0,0,2",4
"6.271341,9.100166,9.253376,9.560467,16.543920,43.878417,54.352157,54.457212,62.450677,115.759308,127.694173,143.664716,143.685167,143.760677,143.847744,151.425756,151.531804,174.405601,174.541866,174.583447,174.812118,192.733556,199.005010,199.026335,199.252911,199.441266,199.517827,199.671417,244.066546,245.337597,245.355418,245.399894,245.447395,245.468757,245.480935,245.572788,245.618912,245.658872,245.785395,245.847593,245.880797,245.918312,246.379549,260.425606,260.570669,277.906177,277.983504,277.997270,278.017416,278.158767,278.411152,278.437562,278.446384,278.892413,282.182540,282.225383,282.472049,300.594139,300.626274,300.724374,300.724403,300.885816,300.901073,300.918862,300.941277,301.134885,308.698385,308.711146,308.749682,308.795243,308.800046,308.810776,308.818563,308.905806,308.961794,309.002722,309.051699,309.162618,309.257806,309.258561","6,3,5,7,2,0,0,3,4,0,1,2,0,0,3,1,6,7,1,6,1,0,2,0,0,3,5,7,2,1,6,4,6,6,6,4,2,0,4,2,0,3,5,3,5,3,5,5,5,7,1,6,6,3,6,4,2,6,4,4,4,2,2,0,0,0,0,3,3,3,5,5,7,5,5,5,7,7,1,6",4
"7.321317,7.362935,15.357159,15.643900,15.643979,21.073090,21.097848,21.274830,36.070175,46.612625,63.324222,63.329225,76.115002,93.601958,93.801366,98.118559,155.183050,163.233544,165.665535,191.300777,202.357997,203.886379,216.050901,220.230603,220.390363,220.434637,220.445299,220.501824,220.650620,236.312972,247.517150,247.525224,258.460856,282.387439,282.582487,282.695380,282.742723,282.832149,299.244393,301.401495,301.411540,301.415612,301.456623,301.477228,301.484800,301.588198,301.600402,301.627532,301.656035,301.711486,301.717329,301.721531,301.732563,301.967885,301.987251,301.988120,302.016178,302.054198,302.079726,302.130154,302.201598,302.218739,302.232359,302.309654,302.393951,302.465412,302.474895,302.491076,302.514539,302.541691,302.831454,302.868765,302.871333,302.877423,302.884720,302.907129,303.351993,303.715275,303.728331,310.340791","1,6,4,2,7,1,6,4,2,6,5,7,4,5,7,0,5,3,0,7,1,7,1,7,1,6,4,4,4,5,6,4,5,3,5,7,1,6,0,7,1,1,1,6,6,6,4,4,6,2,0,2,4,6,4,2,2,0,4,2,0,3,3,5,0,5,7,1,6,6,4,2,0,4,0,3,4,2,0,0",4
"5.722401,5.846183,8.895053,8.931520,9.133936,24.879867,24.931408,24.968016,24.973464,25.162009,25.165127,25.185952,25.192866,25.233214,25.270844,25.298472,25.310168,25.347409,25.444082,25.563256,25.606577,25.638507,25.653115,53.049762,53.217711,53.222639,53.340557,53.491853,75.007870,75.426465,75.479630,75.633511,75.799944,75.970873,76.181663,76.205057,81.185622,81.282762,81.408766,83.868556,84.659637,119.879531,119.945228,133.688038,152.044287,152.048356,152.120362,152.142829,152.408879,154.985276,155.081236,155.105172,163.731927,163.760386,163.915816,163.969024,170.541651,195.009663,220.721208,224.089818,251.456487,251.537012,251.584276,251.851350,259.488897,264.736181,264.821276,264.827919,264.828952,264.881448,264.929737,265.074021,265.098541,265.123618,272.470811,272.743414,275.805361,297.058839,297.163398,297.453198","2,0,5,7,1,3,5,5,7,5,7,7,7,1,6,6,1,6,4,2,0,4,7,5,7,1,6,4,0,3,5,7,7,1,6,4,6,4,2,0,0,6,4,7,0,3,5,7,7,3,5,5,0,3,3,5,6,6,3,6,6,4,4,2,1,5,7,7,1,1,6,4,6,4,7,1,3,1,6,6",4
"12.159230,12.178243,12.201298,12.207658,12.562141,18.437422,18.517467,18.747092,46.319920,46.448912,46.555141,46.952563,46.956220,47.017232,47.031600,47.072116,47.075087,47.099178,47.099416,47.105774,47.106832,47.121327,47.131085,47.171103,47.193538,47.214035,47.295676,47.306078,47.322491,54.197677,58.265169,63.707811,64.076060,66.689886,82.075058,82.126397,82.179193,83.076472,83.079436,112.615675,151.133515,151.229459,151.234233,151.253623,151.279094,151.288423,151.322584,151.334710,151.402536,151.432858,151.459581,151.539237,151.543887,151.547429,151.548987,151.586423,151.594778,151.621877,151.715169,151.732743,151.737974,151.748178,151.749163,151.791315,151.792663,151.795554,151.797411,151.859118,151.878442,151.893828,151.903632,152.023958,152.119010,152.190548,152.196332,152.283817,152.313463,152.379538,152.389384,152.423406","6,4,2,2,0,4,2,0,3,5,7,7,1,6,4,4,6,6,4,4,2,4,6,4,4,4,4,2,2,5,0,4,2,4,7,1,1,0,3,6,0,3,5,7,7,1,1,6,4,6,1,6,4,2,4,2,4,2,0,2,3,5,7,3,7,1,0,5,7,7,3,5,5,7,7,1,6,4,2,1",4
"11.380015,11.587520,11.603261,22.924271,71.323587,71.341079,78.468568,84.054846,87.749943,87.948121,88.202629,92.745815,92.849003,131.249462,136.440034,136.639342,149.170731,149.187368,149.357461,149.400883,164.662723,165.957368,166.061245,166.150852,166.166390,166.256567,166.297398,166.471157,181.695277,181.706968,187.339858,187.426200,194.931183,221.533694,221.630253,221.738612,225.656533,244.779507,259.112205,259.517104,261.462752,292.662394,292.687076,292.775238,292.777020,292.842637,292.869254,292.887040,292.888100,292.937943,293.015061,293.043830,293.044424,293.044646,293.068367,293.096873,293.103245,293.124971,293.133484,293.157222,293.157466,293.185072,293.206114,293.210448,293.231116,293.247906,293.294753,293.302450,293.319694,293.326753,293.340130,293.357125,293.360756,293.390657,293.400685,293.414764,293.434745,293.455817,293.513241,293.515515","0,3,5,5,7,1,4,3,3,5,7,0,3,0,4,2,7,1,1,6,7,2,0,3,0,3,5,3,2,0,0,3,7,2,0,3,1,2,2,0,1,4,2,2,0,3,5,7,5,7,3,7,7,5,1,6,4,6,5,1,6,4,2,6,2,0,2,4,3,1,0,5,4,0,0,6,5,7,1,1",4
"2.812322,2.844113,2.973306,3.280213,3.292755,3.305766,3.402414,3.407703,3.428530,21.600475,38.989286,82.235258,82.325803,82.856631,93.136382,98.037354,98.083625,118.569667,124.521014,124.538627,124.614644,124.787136,131.357120,145.749092,145.815594,145.974555,146.002323,146.022695,146.072120,146.083703,146.107829,146.143822,146.171769,146.253337,146.348812,201.126466,201.294517,209.892582,210.747539,242.228742,242.250455,242.365827,242.371168,242.493646,242.506627,242.639276,242.674965,242.687861,242.694749,242.697319,242.738225,242.757941,242.789840,242.795560,242.810076,242.813171,242.828464,242.843982,242.850291,242.861686,242.883286,242.884718,242.886346,242.886885,242.903197,242.905123,242.920594,242.922078,242.931372,242.937222,242.943334,242.948881,242.961304,242.962300,242.985535,243.039301,243.040744,243.046270,243.072072,243.084771","6,4,4,2,0,0,0,3,3,7,1,5,7,4,7,2,0,0,2,0,3,5,0,5,7,7,1,6,6,1,4,2,1,2,0,2,0,6,3,6,4,2,0,2,2,0,3,5,7,3,5,1,1,6,7,6,4,0,3,3,5,1,3,2,2,0,7,4,7,1,6,3,4,1,2,5,7,0,3,3",4
"30.581608,30.681177,30.698746,35.117974,41.085955,44.788143,50.243352,60.364548,62.541725,62.556495,62.762979,62.813725,62.916660,95.880497,98.448384,98.603285,98.604584,98.605207,98.606379,98.641066,98.650785,98.698538,98.744381,98.765354,98.863466,98.865754,98.908640,98.939523,98.963953,99.030630,99.143668,99.165815,99.602721,99.955191,126.223026,147.152890,147.215902,147.222578,147.244413,147.298917,147.313531,147.324255,147.334142,147.338294,147.338626,147.349283,147.350206,147.368265,147.372312,147.392236,147.407295,147.409534,147.443734,147.473541,147.577400,147.615101,147.616064,147.643340,147.676814,147.677891,147.680721,147.689214,147.705109,147.707769,147.732639,147.744393,147.752369,147.762657,147.777750,147.789198,147.792619,147.800894,147.803991,147.809391,147.838760,147.847145,147.861766,147.878416,147.895036,147.900097","2,0,3,6,1,4,0,0,2,0,0,3,3,3,4,5,2,0,0,0,7,7,3,5,3,3,1,6,5,7,3,5,5,7,5,2,0,3,3,5,7,5,1,1,7,7,1,1,1,0,1,1,6,5,6,4,6,4,2,2,2,4,0,4,6,2,4,2,2,0,2,3,0,5,4,3,6,3,3,4",4
"2.936882,19.889180,19.915249,19.928737,20.302078,20.350770,20.386718,20.405695,20.480077,20.504955,20.564201,20.622905,20.642229,20.689712,20.769841,21.008853,21.033034,21.042638,21.148957,21.165557,21.225180,21.271203,21.282088,21.353448,21.356064,24.239600,24.240483,24.242260,24.275456,24.284134,25.778626,25.797950,37.362142,37.402571,82.915486,83.069825,94.205575,104.401340,117.937722,118.128909,118.197706,118.420537,137.317349,137.342843,137.359100,137.363344,137.450431,137.458323,137.969769,138.011619,138.203405,138.460845,160.331901,160.367076,171.207825,171.224743,171.393514,171.461036,171.467163,171.490311,171.584878,171.625486,171.794831,192.016406,209.599112,209.606940,209.610662,209.644715,209.648762,209.741154,210.072498,210.099191,232.940675,233.136235,233.221857,233.247596,233.464327,233.551382,250.491705,250.618018","3,2,0,0,0,3,5,3,5,5,7,7,1,6,6,4,4,2,4,2,0,2,2,0,0,7,1,6,6,6,5,7,7,1,0,3,3,4,5,7,1,6,0,3,3,5,7,1,5,7,7,1,7,1,5,7,1,6,4,4,2,0,3,0,1,6,6,4,4,6,2,0,6,4,2,0,0,3,5,7",4
"16.491315,16.620152,16.807199,80.089800,101.471213,101.480021,116.897525,117.008783,117.228208,117.312714,117.966082,127.531788,127.637189,134.428184,134.434344,134.514535,134.531399,134.631508,134.643853,134.911950,134.951575,134.957199,135.179619,135.493828,135.536227,135.621724,135.716051,135.807014,135.812063,137.957615,160.935456,160.974882,200.183247,204.984095,205.004463,219.928986,219.953410,248.497057,252.270040,252.321923,269.424427,269.635087,269.646533,269.670747,269.728659,285.737453,285.769468,294.918656,294.958192,295.101167,295.109484,295.123222,295.137756,295.142936,295.156970,295.254566,295.269778,295.278159,295.310411,295.356253,295.377341,295.392179,295.458615,295.551796,321.373331,321.447710,321.486567,321.501877,321.524830,321.531019,321.549343,321.563889,321.568444,321.579843,321.727126,321.754876,322.106725,322.141720,322.146007,322.169884","1,6,4,7,5,7,4,2,2,0,4,7,1,3,5,5,7,7,1,6,4,4,2,7,1,6,6,4,2,5,5,7,1,7,1,7,1,5,7,7,4,2,0,0,0,7,1,0,3,5,7,1,1,6,6,4,4,2,0,3,3,0,5,5,0,3,3,5,5,5,7,7,5,7,7,1,7,1,6,4",4
"5.589089,5.952977,6.053558,6.069328,6.081568,6.121129,6.200480,6.246571,6.312215,6.467842,6.467842,6.512836,6.522381,6.559907,6.595447,6.596158,6.616049,6.635968,6.663511,6.668100,6.674841,6.736268,6.789399,6.823486,6.841276,6.870778,6.895088,6.903414,6.976187,7.278019,23.391465,33.016479,35.509856,35.871271,35.903841,36.028026,36.045902,36.050057,36.089782,36.109941,36.140481,36.150726,36.171278,36.214831,36.219150,36.235569,36.339621,36.367796,36.499112,36.566646,36.591933,36.672099,36.820922,42.528384,42.589702,57.946032,57.971468,57.975821,57.978522,58.002603,58.002871,58.008291,58.010974,58.037894,58.040664,58.082017,58.094046,58.099149,58.099231,58.168604,58.218722,58.287184,58.293971,58.302509,58.704917,58.765522,58.771781,58.992394,70.985789,71.193694","0,3,5,5,7,7,7,1,1,1,1,6,6,6,4,4,2,6,4,4,4,2,2,0,4,2,0,3,0,0,4,2,0,3,5,7,5,7,7,7,1,7,1,6,4,6,4,1,6,4,2,0,0,7,1,0,3,3,3,5,3,5,5,7,3,7,1,5,7,7,5,1,6,5,7,1,6,1,3,5",4
"2.399328,2.516978,24.865846,24.882793,24.887862,24.904517,24.921203,24.932774,24.955961,24.967421,24.969240,24.996602,25.012651,25.013586,25.026662,25.045982,25.067856,25.087082,25.108911,25.143405,25.186930,25.202296,25.426186,25.433059,25.519629,25.578727,30.796018,88.575313,88.594494,88.777903,88.862359,88.902994,88.908135,88.921038,88.923856,88.944268,88.945474,89.269810,103.121760,103.332513,103.431811,103.444753,107.792492,107.816658,107.816710,107.959733,111.774782,116.592094,135.282485,135.302105,135.404324,135.419725,135.441967,135.472510,135.475529,135.549049,135.565407,135.566952,135.599392,135.639535,135.653978,135.688400,135.752046,135.776204,135.812813,135.842132,135.843783,136.015795,136.089450,136.105578,136.176647,149.740341,166.159166,166.297012,166.416728,166.674774,171.695478,171.768620,171.868484,171.908768","7,0,2,0,0,0,3,3,3,5,5,3,7,5,5,7,5,7,1,7,1,5,1,7,6,5,7,0,3,3,5,7,5,7,5,5,7,7,3,5,7,1,6,4,2,4,5,6,0,3,5,7,1,6,4,1,6,6,7,4,6,4,4,7,6,4,4,4,2,2,2,1,5,7,7,7,0,3,5,7",4
"28.029501,28.107984,43.775888,43.814532,79.489422,79.617018,80.179847,80.273880,80.337923,80.360483,80.407440,80.435009,80.437446,80.488357,80.548260,80.591241,80.603063,80.633784,80.646421,80.666137,80.688025,80.707543,80.736591,80.749969,80.758356,80.787337,80.927041,111.717205,111.810295,111.904766,111.907584,117.667140,118.033977,118.071206,118.130846,118.141994,138.030232,138.363121,143.621266,143.642213,143.929406,148.312704,148.324500,149.295644,149.316665,149.573236,150.355111,150.452024,150.587992,151.928542,157.155168,157.400836,157.549401,164.486728,164.680132,166.856256,175.108057,176.928503,177.272996,197.055975,197.072107,197.101465,197.177432,197.345001,197.357748,197.381514,197.492323,197.833989,197.858665,220.695705,245.111948,272.653328,272.678078,272.794134,273.212432,292.966631,292.977479,303.312691,308.156788,316.789906","0,3,7,1,6,4,3,5,7,1,6,6,1,4,6,2,4,1,2,6,2,2,0,3,0,0,3,6,4,4,4,0,3,5,5,7,6,4,4,2,7,7,1,0,3,3,5,5,7,4,4,2,0,0,3,7,0,6,4,0,3,5,5,7,7,1,1,6,4,6,5,6,4,4,2,4,2,0,5,2",4
"24.900870,24.955732,24.995233,25.050385,49.547716,60.415020,60.480670,60.548286,63.881265,94.399530,99.012059,99.044415,99.092020,99.355589,99.436603,99.475313,99.509659,99.538159,103.584860,103.622320,103.684390,103.762620,103.853716,103.869313,103.936303,103.952871,103.998198,104.084404,104.161396,105.812352,105.841761,105.889086,105.897316,105.909044,105.951056,105.963880,106.022257,106.047252,106.096728,123.514674,123.517445,123.678488,129.539578,146.678429,146.683340,146.710903,164.307736,164.367363,164.652866,168.545682,172.135171,172.145197,172.177125,172.180191,172.231220,172.387043,172.412209,172.412842,172.417575,172.433481,172.436543,172.449108,172.449320,172.481473,172.526077,172.610875,172.611432,172.779270,180.590579,180.659347,183.066307,234.234079,234.245413,234.250982,234.263687,234.309519,257.241267,265.706392,265.794384,265.795613","4,2,0,3,2,3,5,7,1,7,1,6,4,4,2,0,3,5,2,0,3,0,3,5,5,7,3,7,5,5,7,1,1,1,6,4,1,6,6,5,7,1,3,6,4,4,5,7,1,7,7,1,1,6,4,6,4,2,6,4,2,2,2,2,0,2,0,0,2,0,3,2,0,3,3,5,2,2,0,0",4
"15.160616,18.272964,21.315123,21.317943,21.325421,21.374122,21.398213,21.400901,21.422489,21.456077,21.471906,21.503006,21.507237,21.551424,21.622412,21.651491,21.689685,21.705428,21.759107,21.786781,21.788429,21.804199,21.836922,21.915568,21.925191,21.961635,21.998458,22.068371,26.691963,35.098541,35.317640,35.341709,45.585026,45.603505,45.645772,45.776095,45.795177,45.808423,45.824145,45.894768,45.957846,46.009697,46.088204,46.127627,46.435539,46.507090,46.564884,46.622322,46.634211,46.640283,46.682246,46.699585,46.724900,46.732838,49.100162,54.827578,57.553013,57.649268,114.325609,114.513989,122.282240,122.442115,122.454097,122.528340,122.622974,122.667262,122.692559,122.747608,123.100101,123.110558,123.118273,123.125939,123.173887,123.211479,125.653978,131.617229,156.510549,156.524089,156.772140,175.867894","7,1,3,5,5,7,7,1,6,6,6,5,7,1,4,4,4,2,1,2,0,3,6,2,0,2,1,6,4,7,0,3,3,5,7,1,6,6,4,6,4,4,4,2,2,0,3,0,5,3,3,3,7,5,0,0,5,7,0,3,4,2,0,3,5,0,3,5,7,1,1,6,1,4,2,2,4,2,2,1",4
"0.486700,0.569555,12.636726,17.156114,25.131327,55.018336,82.811330,82.842428,82.844328,82.957408,82.967682,82.992792,83.024245,83.043394,83.101627,83.164478,83.187245,83.210728,83.219542,83.293421,83.321702,83.341078,83.438080,83.455030,84.859130,85.756168,85.849614,85.863853,85.909527,85.924754,85.927717,86.029872,117.555404,118.783955,118.802133,118.812628,118.854901,119.030388,119.099437,119.211973,119.225863,119.249827,119.249846,119.300074,119.307544,119.314188,119.314537,119.349631,119.370022,119.374319,119.386724,119.399831,119.405443,119.439832,119.448294,119.457717,119.467399,119.474145,119.521388,119.521895,119.553102,119.566400,119.604159,119.632545,119.633170,119.640701,119.647494,119.647714,119.671961,119.704504,119.823263,119.836394,119.865284,119.872873,119.880773,120.013418,131.303315,132.567287,151.883699,151.951632","1,6,2,6,3,4,1,6,4,6,2,4,4,0,4,2,2,3,5,5,7,0,1,5,5,4,2,0,2,3,0,5,0,0,3,3,3,5,7,7,1,1,6,4,1,4,2,6,2,6,0,6,4,4,4,2,6,3,2,3,2,0,4,5,2,0,0,7,5,7,3,3,3,2,5,5,1,4,5,7",4
"0.344205,2.874270,7.471344,7.487256,7.501977,14.486148,14.502021,14.633452,14.663331,24.671910,27.252961,27.276125,27.298866,27.308620,27.311613,27.327791,27.371614,27.438438,27.449388,27.454350,27.483238,40.905246,42.843295,55.120356,93.103307,93.144951,93.224379,95.100579,95.175745,95.338322,95.399394,96.218246,100.871017,100.978669,106.238881,106.310326,106.319667,106.320999,106.374284,106.504971,106.617183,110.145072,110.248841,110.259598,110.418534,110.558890,110.840315,110.918387,110.950341,110.951065,111.018786,111.115833,111.190941,111.203713,111.365454,136.936092,136.965342,136.990557,137.350803,147.072326,147.121576,158.993162,159.032901,159.176983,159.188526,159.220446,163.253151,163.290244,163.329913,163.427702,181.873228,181.889824,182.101634,182.173986,182.194099,189.483097,189.497291,189.504281,189.714193,189.802977","4,0,6,4,2,7,1,6,6,0,3,5,7,1,7,7,1,6,5,6,1,7,6,4,2,0,0,3,5,7,7,5,4,2,1,6,6,4,2,4,4,3,5,7,1,6,4,2,0,3,2,0,2,3,5,1,6,4,4,3,5,1,6,4,2,0,3,5,5,7,5,7,1,6,4,1,6,4,4,2",4
"1.731868,1.983468,2.166051,36.862041,51.975496,51.976789,52.016340,52.088592,52.135588,52.153707,57.234488,57.570417,57.851441,62.235712,62.271682,69.130445,77.195511,77.264827,77.274836,77.307297,77.331672,77.341504,77.435905,77.497116,81.045932,81.098143,81.269658,81.316618,81.377820,81.392297,81.399003,81.417594,81.423870,81.483066,81.503949,81.554173,81.555533,81.587049,81.595429,81.623658,81.643333,81.769089,81.815671,81.950287,83.682418,84.137779,87.227950,87.373186,87.629235,93.380885,93.438160,93.512920,93.521375,93.740946,93.749056,93.778089,93.787081,93.812495,93.849553,93.858665,93.892175,93.918372,93.919030,93.958357,93.960168,94.003777,94.004575,94.023167,94.023975,94.036244,94.045669,94.105037,94.113093,94.131447,94.135064,94.166415,94.191956,94.232393,94.302057,94.438939","7,1,1,3,6,4,2,4,2,4,1,6,4,1,6,4,5,7,7,1,1,7,6,7,7,1,6,4,2,2,0,0,3,5,7,5,5,7,7,7,7,1,1,6,1,6,7,1,6,0,3,5,7,5,7,7,7,7,7,1,7,1,1,1,1,1,6,4,6,6,6,4,6,6,4,4,2,2,0,2",4
"2.757170,2.907398,2.997813,3.030447,3.192991,3.194330,3.242905,3.406291,3.410078,3.507941,3.539159,3.596959,3.597752,3.630998,3.997786,10.860886,12.552614,16.193413,16.294470,16.297538,16.323545,16.352643,16.489161,16.512889,16.519819,16.539969,16.573437,16.597800,16.610284,16.622426,16.624756,16.630554,16.641877,16.668574,16.674442,16.723801,16.724025,16.728763,16.731961,16.767082,16.823706,16.881608,16.956311,28.747382,28.780435,28.792079,28.806046,28.866471,28.884288,39.488106,40.082822,53.652403,53.735282,54.152142,54.167467,54.175843,54.274059,54.322328,66.959230,66.998149,67.046472,67.096525,75.368194,77.556563,77.611218,77.756856,77.867259,82.008628,82.030216,82.044805,82.051460,82.057943,82.083169,82.121323,82.130235,82.178016,82.193478,82.199921,82.212390,82.218624","0,3,5,4,7,2,1,5,7,7,7,1,1,6,6,0,7,7,1,1,6,6,4,6,2,4,2,2,0,0,0,2,3,0,0,3,0,3,0,3,5,3,5,6,4,2,4,4,0,1,6,0,3,6,4,4,4,2,6,4,4,4,7,1,6,4,6,5,7,7,1,7,1,7,6,1,1,1,1,4",4
"9.125333,9.139396,9.181654,9.956256,15.282562,16.109899,16.342018,16.641843,16.816234,16.857211,16.917706,16.996413,17.031568,17.204790,43.878721,44.026308,44.138484,44.170545,44.282700,44.351670,44.353587,44.384519,65.596202,84.437152,84.535619,122.371396,122.391174,127.745801,127.835647,127.846805,127.883510,127.937728,127.954390,127.974447,128.001002,128.015045,128.581926,129.693257,137.389210,137.417027,137.430828,143.696821,143.714123,143.715987,143.759016,143.869169,143.888202,143.939690,144.021854,151.213300,151.257452,151.279374,151.295977,151.315029,151.321099,151.430965,151.479527,151.504256,168.381771,179.585227,200.993287,201.227290,201.233619,201.236881,201.256009,201.273046,201.276801,201.295535,201.351452,201.637958,201.683904,202.120458,202.127992,202.131356,202.246796,202.261237,202.278550,202.434990,202.482864,202.508661","2,0,0,3,6,2,0,3,5,7,7,1,1,6,0,3,5,5,7,7,1,1,0,6,4,2,0,5,7,1,1,6,6,4,7,2,2,4,4,2,2,0,3,5,5,7,7,5,7,0,3,5,7,1,7,7,1,1,7,7,6,4,4,2,2,0,2,3,5,6,4,2,0,3,5,0,7,1,7,7",4
"1.580885,14.170608,14.274583,28.040108,28.150884,28.158158,28.170251,28.193769,28.293471,28.298441,28.302144,28.349619,28.423332,28.444735,28.482720,28.535826,28.559303,28.561256,28.579706,28.599630,28.653304,28.725293,28.963769,37.227477,71.615033,74.365386,82.975650,102.610145,105.637681,105.704922,105.771994,105.802848,131.029070,131.352350,151.687892,151.882249,151.894503,151.900442,151.911734,160.542282,162.956009,168.346817,168.406611,168.450393,168.461223,168.476099,168.492330,168.507437,168.512556,168.523845,168.554190,168.597771,168.732051,168.916754,168.957560,169.009711,169.064815,172.341547,172.383022,172.598025,172.724130,172.752596,172.770154,172.810722,172.934844,172.962041,172.963034,172.993474,173.082922,173.103858,180.541263,187.181268,193.688024,198.113992,220.367912,220.439192,220.622430,221.464672,221.470053,223.537738","3,3,6,2,0,3,0,3,3,5,7,3,0,5,7,5,7,1,1,5,1,7,6,0,0,5,6,3,7,1,6,4,4,2,6,4,2,0,0,6,6,5,1,7,1,1,6,6,6,4,6,4,4,4,2,0,3,0,3,5,7,7,1,7,1,1,6,6,4,2,2,7,3,0,0,3,5,6,4,3",4
"3.159602,23.117534,27.885444,29.043937,29.079226,29.120582,29.141723,29.387572,29.510900,29.533687,29.688235,32.111584,32.294762,32.337217,32.345553,32.393341,32.438253,32.479932,32.490395,32.537176,35.615405,54.353422,54.385584,54.401057,54.459368,54.714908,66.199691,66.216268,75.644636,75.827219,75.889453,75.921589,86.262577,88.492706,119.091288,119.417549,119.537728,119.839555,123.712594,123.758871,135.636537,165.820214,166.043574,166.306258,166.370472,166.388911,166.447055,166.526163,166.561360,166.590510,166.610467,166.610939,166.689428,167.001102,167.043704,167.163625,167.260962,183.720891,203.386083,203.458868,204.790072,209.487717,243.581301,258.697828,258.843612,258.869531,273.687219,273.691578,273.742485,273.746988,273.761011,273.768371,273.846154,273.882746,273.932840,273.951088,274.090601,274.091707,274.157507,274.194734","7,7,6,1,6,4,2,6,4,2,2,5,7,1,6,4,6,4,2,2,4,4,2,0,3,5,6,4,3,5,7,5,2,4,1,6,4,2,1,6,6,3,5,7,1,6,6,1,4,4,2,0,0,3,5,5,7,4,4,2,7,1,4,2,0,3,2,0,3,5,7,0,1,3,1,1,5,6,7,6",4
"26.247024,26.251235,26.252881,26.284793,26.290901,26.299098,26.353550,26.364173,26.383425,26.400056,26.445353,26.669424,26.772401,36.816706,36.842818,36.864160,36.919301,36.931241,36.941729,36.980998,37.023254,37.049645,37.065636,37.219367,37.259260,37.434515,37.488312,37.511592,37.525156,37.557854,63.081736,70.791676,100.188927,100.379977,114.368734,121.784884,121.810974,121.908276,132.750046,132.754648,132.859662,132.886657,132.899939,132.937176,132.958118,133.013055,133.159936,133.613417,134.317151,134.537502,134.560114,134.614732,134.774730,151.208419,151.312736,151.418894,151.517125,160.513620,182.238758,182.246260,182.285578,182.308852,182.334069,182.365214,182.380451,182.395933,182.517731,209.186375,209.203432,209.215739,220.377256,220.382848,220.406606,220.457363,220.516405,220.529653,220.575638,220.627925,220.657686,225.265603","7,1,1,6,4,4,1,1,6,6,4,6,4,0,3,5,5,7,1,7,1,7,1,6,4,2,4,0,2,3,1,2,5,7,0,5,7,1,2,0,3,0,5,5,7,3,7,0,3,5,7,1,6,1,6,4,4,5,1,6,6,6,4,4,4,4,2,0,3,5,2,0,0,3,3,5,0,0,3,1",4
"1.608474,3.591586,9.413752,25.552591,26.030183,31.131128,58.071040,98.654709,98.660460,98.729027,98.734235,98.752858,98.763947,98.845394,98.939164,99.192238,99.216333,99.328732,99.474757,99.497077,100.684448,120.381336,120.669891,145.953554,164.736744,177.448504,178.518404,189.176617,189.245008,189.268321,193.976403,194.092391,194.245969,194.261900,194.361237,194.414483,194.450498,194.465668,194.598669,194.614046,194.662516,194.691472,194.708486,194.724574,194.750551,194.843189,194.860750,194.873576,194.889512,194.941646,195.152055,195.250229,195.278453,214.034821,220.028929,221.821334,241.918285,243.851617,243.892221,244.064293,244.227720,244.351571,244.370700,244.389648,244.587059,244.647856,244.994426,252.337909,252.460092,265.710373,290.920452,302.756321,305.519907,330.372305,330.590671,330.596052,330.604991,330.623831,332.109937,332.241163","5,0,6,2,0,3,5,1,6,4,4,2,6,4,4,2,0,4,3,5,0,7,1,2,2,4,2,0,3,5,4,2,0,3,0,3,5,7,7,5,7,1,6,1,1,1,6,4,6,4,2,2,0,2,3,6,4,7,1,1,1,6,4,6,4,2,2,5,4,4,5,1,3,1,6,4,4,2,3,5",4
"6.264059,9.026176,9.033901,9.038398,9.128896,9.177212,9.184552,9.229638,26.442957,29.968593,47.184152,58.834398,58.953657,59.008759,59.303626,59.410056,59.491273,59.665146,59.674599,65.771658,69.741480,121.627405,121.636064,121.815854,134.011915,162.885734,162.885803,162.955756,172.019591,172.023599,172.027403,172.051610,172.084703,172.225683,172.240333,172.316146,172.334213,172.410436,172.657418,172.722724,172.833467,172.918913,173.004399,173.019708,175.289322,175.308222,176.745380,176.747444,176.764963,176.888666,177.113793,177.117854,177.141998,177.219100,177.232961,177.237551,177.263664,177.365711,177.366837,177.454792,177.498021,177.590297,177.607601,177.638694,177.643417,177.788404,177.896288,178.313913,178.343338,178.344464,178.385262,178.614748,178.815134,179.060182,179.063813,189.093720,189.095036,194.965091,194.967577,195.008238","3,1,6,4,2,0,0,4,0,3,7,4,2,2,0,3,5,5,7,3,7,1,6,6,6,5,7,7,7,1,1,6,6,4,2,4,0,3,5,7,1,7,6,4,6,4,1,6,6,4,2,2,0,0,2,0,0,3,0,3,5,7,3,5,7,1,5,7,1,6,1,4,4,2,0,7,1,3,5,5",4
"4.101628,4.256172,20.592913,35.019105,35.210963,35.217028,39.664529,40.466163,52.609304,52.611928,52.719430,52.744988,52.772231,52.915032,52.967099,52.973774,52.997320,53.004121,53.053754,53.086714,53.197957,63.150283,63.276730,83.189055,83.207552,84.799518,84.975737,85.062191,85.371134,85.539185,122.398299,122.488581,122.587993,122.650152,122.683074,122.747360,122.771076,122.794116,122.835113,122.836134,122.850019,123.117797,123.355499,124.366523,134.378943,134.410646,147.680168,159.375625,159.379665,159.422881,159.467519,159.631651,159.725840,159.727704,159.746135,160.184392,179.984646,181.103183,181.127863,195.034524,195.162229,195.175828,195.191350,195.196106,195.244191,195.287059,195.448164,197.344490,214.933037,215.476035,220.211349,221.135147,233.122162,234.765712,234.820630,234.991158,235.087343,235.172643,240.363342,264.969494","2,0,7,5,7,1,0,3,7,1,1,6,6,1,6,4,2,2,4,0,0,3,5,5,7,7,1,6,6,4,5,7,7,1,6,1,6,4,2,0,4,0,3,1,5,7,5,4,2,0,2,0,3,3,5,7,6,7,1,0,3,5,5,3,5,7,7,3,0,3,6,7,4,3,5,5,5,7,3,6",4
"19.915609,55.429567,87.720564,94.911147,94.963418,101.759985,101.945088,102.012367,102.039526,102.061816,102.067883,102.072784,102.075166,102.184760,102.218102,102.234174,102.276397,102.309377,104.445804,105.178373,106.847956,108.652480,115.970511,116.143188,116.176303,116.191617,116.322714,116.336428,116.342551,116.366965,116.377977,116.433158,116.451445,116.523670,116.768915,116.820456,126.870402,133.515512,143.375832,143.470528,143.531140,143.553120,143.658463,160.588079,169.644480,170.146505,180.606742,180.607062,180.648109,180.648960,180.660348,180.711665,184.851412,193.871461,194.004779,194.043522,229.979095,231.489816,231.544619,231.550450,231.590183,231.844968,231.869712,232.672713,232.775599,232.867592,233.200531,233.302924,233.596764,233.631684,233.655637,233.815281,241.016576,241.229096,249.955654,296.560091,296.671364,300.833157,309.460040,309.635822","1,6,3,7,1,6,4,2,0,0,0,0,3,3,5,7,7,5,0,5,1,5,6,4,4,2,0,0,0,0,3,3,5,5,5,7,4,4,4,2,0,0,0,2,3,0,1,6,4,4,2,0,1,3,5,7,5,7,1,1,6,1,6,6,4,4,2,0,6,4,2,0,3,5,0,5,7,7,1,6",4
"22.793460,46.825333,74.097773,74.344214,90.111842,90.161638,90.172030,90.202338,90.273346,90.304946,90.480410,90.511092,94.874356,104.532352,104.547124,104.555597,105.912579,105.922373,106.052009,107.414526,107.580904,125.404096,135.451379,135.622385,143.387241,150.688641,159.942535,166.234457,166.306684,166.392137,166.752174,173.001676,174.729764,174.830344,174.866917,174.973991,175.652457,178.975450,178.992842,179.122727,179.149494,179.153621,179.189596,179.206400,179.209332,179.276459,179.277329,179.320320,179.362391,179.365700,179.416021,179.513945,179.563966,179.704392,179.728541,192.754448,192.759612,223.644015,223.680881,223.827130,223.936346,235.655392,235.840064,236.031856,236.048161,236.502770,261.129726,261.135992,261.278646,261.320722,261.326963,261.347908,261.371209,261.399188,261.432391,261.442397,261.451151,261.498941,261.504890,261.698433","1,7,0,3,7,1,6,1,1,6,1,6,3,3,5,5,5,7,1,5,7,5,6,4,3,0,1,0,3,5,5,6,1,6,4,4,0,5,7,7,1,1,1,1,7,6,4,2,4,6,0,0,3,3,4,2,0,0,3,3,5,5,7,7,1,1,4,2,2,0,3,2,0,0,3,0,6,0,3,4",4
"19.595624,29.357648,49.096958,57.366434,58.805117,58.983529,63.386473,63.458614,68.321610,68.341945,74.068153,88.477273,88.568100,89.525602,100.859559,106.069990,106.094044,106.094052,141.939789,177.808695,196.168065,196.265896,196.276740,196.302135,217.653515,217.672804,217.734199,222.916214,263.421525,276.976865,288.348923,309.123458,309.353466,310.207852,310.223870,310.328640,310.440098,310.574629,310.588531,310.591282,310.664142,310.815688,310.966387,311.038039,311.133889,311.149460,311.205039,311.230061,311.248821,311.251575,311.270425,311.303440,311.314629,311.328974,311.345317,311.431789,311.570356,311.589892,311.644658,311.711998,311.714136,311.740941,311.744977,311.883807,311.922205,312.060411,316.822703,317.104312,317.225114,324.117108,326.808982,350.688498,376.057786,376.130183,376.336596,397.338989,407.998207,408.013974,408.088252,408.121729","7,6,4,6,7,1,1,6,5,7,7,1,6,7,5,4,2,2,0,6,2,0,0,3,0,3,3,5,4,0,7,7,1,2,0,3,5,0,7,7,7,7,1,1,1,6,4,6,4,6,4,2,0,3,4,4,2,0,0,3,0,5,5,0,7,2,1,6,4,5,6,1,4,2,0,2,2,0,3,0",4
"8.603962,14.081090,14.376803,14.379655,14.403469,14.403504,14.430794,14.443524,14.757155,14.775862,23.229431,32.131682,52.875009,59.996832,60.108711,60.261051,60.359757,60.522824,60.547242,60.571096,60.576857,73.585527,73.724344,87.860867,88.244912,88.681137,88.684345,88.730868,89.035470,99.757873,99.939574,102.329473,102.335096,102.379882,102.529123,102.633598,102.685877,102.690948,102.771483,102.790903,102.801895,102.903145,103.261946,128.351797,128.502046,144.904232,155.551733,155.565768,155.908222,158.878811,160.983055,173.836115,198.867825,198.883856,198.892068,198.897882,199.001357,207.791685,207.829479,236.732947,248.768963,250.809830,258.260537,258.278978,258.323627,258.354836,258.370028,258.427337,258.496829,258.678890,296.456981,317.030306,317.114045,317.138813,317.176808,317.206292,317.259009,317.276686,317.343572,317.462484","5,2,0,3,5,3,5,7,7,1,1,0,0,7,1,1,6,6,4,4,2,7,1,2,0,3,5,7,7,0,3,2,0,0,3,5,3,7,5,7,1,6,1,3,5,2,3,5,6,0,6,0,3,2,0,5,0,6,4,5,7,5,6,4,4,2,4,2,0,2,7,2,0,0,3,5,3,5,5,7",4
"15.738219,15.781864,15.849487,15.859682,15.882444,15.927074,26.173503,27.941389,28.078645,28.101538,32.803618,32.817047,32.824382,32.953001,32.968779,32.981392,32.982075,32.999590,33.001301,33.011320,33.065411,33.169001,33.178233,34.095416,34.131049,34.181845,34.204464,34.208144,34.296198,34.337739,34.589128,51.054627,60.517092,62.100604,62.158323,62.217894,62.255454,62.558960,77.407973,77.518119,77.820082,77.884064,77.915257,78.016185,78.018828,78.046351,78.099243,103.789277,112.190637,117.401646,117.440232,117.529301,117.669352,117.912510,134.085926,140.730605,140.742942,140.776366,140.989211,141.081640,141.179798,181.542133,184.806123,184.860912,184.866797,190.349919,190.781435,190.783475,190.814756,190.826203,190.830052,190.947914,190.963302,191.037347,191.169001,191.240840,191.257188,201.800608,208.459129,208.658822","2,0,3,3,5,0,5,5,7,1,1,6,6,4,2,4,0,3,0,2,0,3,0,6,4,4,2,2,2,0,2,1,2,2,0,0,0,3,5,7,1,6,4,6,4,4,2,6,3,2,0,0,3,5,7,2,0,0,0,3,2,0,3,5,5,5,2,0,0,0,3,3,5,3,5,7,5,7,5,7",4
"22.996423,23.022805,23.030708,23.089122,23.109285,23.115572,26.260795,28.504708,33.658091,33.674442,33.684939,33.688842,33.699786,33.733287,33.748819,33.823220,33.879349,33.938415,33.950845,34.024244,34.038310,34.044916,34.045204,34.053900,34.077864,34.116221,34.135031,34.135642,34.477194,37.286837,37.359684,37.389636,37.613619,54.294041,54.301507,54.386246,54.446533,54.545408,54.664547,54.672418,54.843955,67.431276,67.457840,67.475103,67.488506,67.507033,67.592769,67.640128,67.709036,67.751972,67.765425,67.781859,67.874702,67.895978,67.911524,68.003537,80.127318,90.666996,90.671345,90.690777,90.697137,91.035605,93.105921,93.273512,95.546888,98.507368,128.030971,128.420263,133.402592,138.376135,138.609882,166.053660,166.086173,166.104465,166.117096,166.123567,166.128050,166.353189,166.359066,166.455792","5,7,1,6,1,4,5,2,1,6,4,6,4,2,4,4,2,0,0,0,3,3,5,5,5,3,5,5,7,7,1,6,4,3,5,7,1,1,1,7,1,4,2,1,0,0,3,6,6,5,4,7,7,1,1,1,2,6,4,4,2,2,6,4,4,7,4,2,3,0,3,5,7,7,1,1,1,6,6,6",4
"3.484486,12.091045,12.125911,28.378111,28.382346,28.454961,31.788459,50.873416,55.706295,63.868203,63.890243,63.926692,64.124864,64.160071,64.226150,64.238014,64.273423,71.492655,71.761043,82.227016,82.510411,87.597131,87.642106,106.507688,106.533144,106.658812,106.743085,106.957689,107.048839,107.072205,107.077711,107.143018,107.301256,107.530556,124.459568,146.820976,193.766969,194.975108,205.094964,205.141256,205.220116,205.310171,205.443624,205.448502,205.503325,205.509142,205.519889,205.525969,205.628347,205.658109,205.797650,209.456754,209.592084,209.635166,209.674535,209.834190,209.916422,209.916742,209.932661,209.949584,210.000756,210.022459,210.036353,210.052953,210.082202,210.107721,210.119035,210.186178,210.270009,216.792528,216.848663,216.886820,233.154768,233.192717,235.210417,242.799923,243.638599,245.330886,245.334905,245.954382","3,4,2,7,1,6,2,0,5,3,5,7,1,7,1,6,4,1,6,0,3,2,0,7,1,1,6,6,4,2,2,0,4,3,2,4,2,7,0,3,5,0,7,7,7,1,6,3,1,1,1,3,5,5,7,1,7,6,1,6,6,4,4,1,6,2,4,2,0,2,0,0,2,0,5,4,0,6,4,2",4
"5.314296,15.099200,15.116476,15.383465,36.450328,39.382925,42.538539,42.679327,42.754707,42.845925,42.882489,43.060483,43.237697,63.847343,64.193172,64.318078,64.321139,67.632734,77.364723,92.061732,125.141187,125.238552,125.492779,125.646996,136.966384,136.978057,159.024150,159.026499,159.090618,159.130754,167.889257,168.059020,168.218478,168.225166,168.400278,172.826343,172.845742,172.875702,172.877955,172.913816,173.863231,199.434584,199.454194,235.909240,235.982371,239.328254,263.205990,263.216490,263.239361,268.909077,268.932172,283.530566,283.718632,288.633116,299.100848,300.451450,300.473042,300.505749,300.642339,300.690402,300.761408,300.792485,300.875525,312.282016,315.174774,360.184513,360.185970,360.189623,360.215979,360.322784,360.517467,388.219104,391.334267,394.638637,395.784848,398.994399,399.029637,399.129091,401.437945,401.476897","4,2,0,0,5,7,3,5,7,1,1,6,6,6,4,2,0,2,2,5,4,2,2,0,7,1,1,6,6,4,2,0,3,5,5,0,3,5,5,7,5,0,3,3,5,7,0,3,3,7,1,6,4,4,2,2,0,3,5,7,7,3,1,0,5,1,6,6,4,4,4,2,1,0,5,2,0,3,5,7",4
"15.479747,29.392384,33.902406,41.093614,41.134083,41.149376,41.227244,41.305412,41.492109,41.531639,41.583233,41.769937,47.845177,69.692805,69.861292,70.146855,95.185910,95.576034,95.588357,98.675831,98.806582,98.810066,106.218803,107.196165,117.196776,117.267605,117.381980,117.393937,117.432145,117.469592,117.498738,117.504761,117.507584,117.526570,117.529979,118.054924,118.151877,138.928324,139.170927,144.248440,144.519899,144.684208,144.710043,144.736285,144.785685,144.888468,144.897950,144.963395,145.005350,145.019309,145.060575,145.084933,145.114119,145.158362,145.216115,145.237149,145.313754,145.351183,145.573982,145.679240,154.503066,172.566127,176.756192,197.298101,197.610444,197.688865,197.724663,197.783240,198.977111,207.421060,207.644117,207.719123,207.741617,207.791167,207.845341,208.082500,208.218335,208.301655,209.672341,214.759843","6,1,5,7,1,1,1,6,6,0,3,5,7,0,3,5,0,3,5,6,4,4,7,1,3,5,7,1,6,4,6,6,7,7,6,1,6,5,7,6,4,2,0,0,3,5,7,5,7,7,7,1,1,1,6,1,4,6,2,0,7,7,0,4,4,2,0,0,5,1,6,4,2,2,0,2,4,0,0,3",4
"2.257482,2.368229,7.869451,7.975519,8.011829,8.120521,8.345802,8.378881,8.436961,8.442855,8.469213,8.482708,8.535040,8.553015,8.565259,8.596605,8.830725,39.653688,39.780624,39.810012,39.832385,39.846821,39.915479,39.967699,40.152920,49.914681,60.237093,60.377904,60.385878,60.425195,60.425390,60.940906,61.021102,62.100420,71.340452,76.287043,76.320038,76.386994,76.427004,76.492307,76.521688,76.554240,76.580536,76.626008,76.649986,76.653897,76.686438,76.716284,76.828539,76.874614,76.876558,76.938220,76.939206,76.950953,76.959219,76.982764,77.027448,77.078573,77.102775,77.130026,77.163807,77.188638,77.246091,77.266930,77.281679,77.339522,77.366930,77.426109,77.522541,77.654618,77.657956,77.807562,81.689012,81.724461,85.286292,85.288531,88.140319,110.957639,110.999675,111.141078","1,6,2,0,3,3,3,5,7,5,7,7,1,6,6,6,4,0,3,5,7,5,7,1,6,0,0,3,5,7,1,6,4,5,6,5,7,7,1,6,4,1,7,6,6,4,2,2,2,1,6,0,0,3,5,7,0,5,7,1,6,4,4,4,2,0,2,0,3,0,3,5,0,3,7,1,3,2,0,3",4
"2.794599,3.110395,3.150583,3.201898,3.266793,37.787368,37.856044,38.256814,39.846468,39.860493,39.865134,39.956720,39.963326,40.045461,40.116797,40.139666,40.145401,40.234097,40.290839,40.347764,40.441352,40.636450,53.445685,53.481835,53.528527,65.194312,67.882331,67.936369,68.215688,68.268224,70.131181,80.277544,93.045780,114.369895,146.977015,189.030719,189.054230,198.449380,207.193922,218.334619,228.148442,228.161995,228.175486,228.263620,228.316832,228.359480,228.385278,228.429729,228.438753,228.576458,228.744600,228.768115,229.573115,247.316981,247.613436,247.676634,247.704351,247.787996,247.843150,247.850299,247.876782,247.990501,248.098845,248.166700,248.183223,248.217082,248.280106,248.369295,248.799046,277.680018,277.773039,278.195391,278.274365,285.212842,285.269916,285.360964,285.413484,285.420766,285.435593,285.478969","0,3,5,7,7,3,5,1,4,2,0,0,3,5,2,0,0,7,1,0,6,4,5,7,7,3,4,2,0,3,4,7,7,6,5,6,4,0,7,3,0,3,5,5,7,7,7,1,5,1,6,4,7,5,7,1,1,6,4,2,0,3,5,7,1,6,7,4,2,0,4,2,0,2,0,3,5,0,7,1",4
"18.356598,18.380827,18.436241,18.470065,31.287810,31.322436,31.338991,31.386776,31.405662,31.420659,31.462612,31.469808,31.703068,38.597286,38.793294,51.596375,51.691425,51.701434,51.934216,54.068630,62.735989,73.467964,94.848005,113.276265,115.395116,115.554784,115.591298,115.727826,115.728869,115.816790,115.988810,124.871089,140.260001,141.155812,141.157781,141.211248,141.245348,141.424988,141.708062,147.184146,160.170661,161.432073,161.473859,161.481198,161.586097,161.775369,161.837654,161.871751,161.874535,161.903424,164.274119,250.827208,250.834165,250.876363,250.946526,250.953970,250.970849,251.001387,251.046400,251.176840,251.272036,251.290781,251.320394,251.398528,251.399234,251.536706,257.997891,258.026840,269.624636,269.813408,269.956395,270.009320,270.079162,270.149944,270.151021,270.201270,270.264882,279.034986,299.609568,324.017893","2,7,1,1,0,3,5,3,7,1,6,1,5,3,5,0,3,5,5,0,5,4,6,7,5,7,1,6,6,1,4,5,2,4,2,2,0,0,3,1,6,5,7,1,6,4,2,0,3,0,2,5,7,1,7,6,6,4,4,4,4,2,2,2,0,0,1,6,7,1,3,6,4,2,0,2,0,5,4,7",4
"20.795962,20.843242,20.856355,27.649544,27.862472,27.877241,28.273831,28.304826,28.695112,32.641232,32.655448,32.763549,32.875163,32.942294,33.024501,33.151391,33.319317,33.347527,33.456772,56.206285,75.731908,88.612101,100.077749,100.092165,100.330739,104.079915,104.114827,104.144339,104.159513,104.164463,104.180689,104.219198,111.721318,111.753768,111.815920,125.198256,151.689708,151.815024,151.815233,151.875124,151.938405,152.044864,176.930532,211.612479,211.618744,211.649414,211.666371,211.693265,211.696790,211.709460,211.746177,211.767530,211.775839,211.790396,211.797258,211.855808,211.864625,211.954929,211.988767,212.019006,212.019605,212.101749,212.186945,212.210362,212.259382,212.307623,225.088435,236.686389,239.621783,253.044548,253.091872,253.106996,253.116609,253.169061,253.219117,253.333039,253.431666,253.681078,307.564362,307.574970","3,5,7,5,7,1,6,4,2,4,2,2,0,3,3,0,3,5,7,2,5,3,6,4,0,4,2,0,0,3,3,5,2,0,3,2,5,7,1,1,6,4,0,4,2,2,0,0,3,3,0,3,3,5,5,7,0,3,5,5,7,1,6,4,4,2,2,5,2,0,3,5,5,7,5,6,4,7,5,7",4
"8.450728,8.463620,8.476916,8.535739,8.643851,17.707393,17.919784,49.160849,91.038232,96.151394,103.153180,103.231404,113.998248,114.010690,128.324003,128.408921,128.429845,142.830718,175.975032,180.051213,192.869091,202.889528,202.897894,215.530577,223.877967,223.883623,223.926502,224.000061,235.847129,236.123083,236.144891,236.255242,236.769103,258.589008,264.100710,268.634775,268.693445,273.612906,273.716649,366.425270,370.431974,385.893804,386.024244,391.152767,410.751929,412.138674,449.528698,454.616785,493.156983,493.214961,501.184823,501.238256,501.784555,507.281918,507.449440,507.579549,507.982136,508.016802,508.205752,510.810842,513.106482,513.243209,514.051492,520.023498,526.086984,526.089989,526.137680,526.274817,532.489500,532.500796,532.733286,532.880855,532.941488,533.133810,533.190811,533.245447,533.254497,533.261537,533.301926,533.303862","3,5,5,7,1,2,0,2,1,4,5,7,4,2,1,6,4,4,3,7,0,7,1,0,0,3,5,3,1,5,7,7,7,7,3,3,5,3,5,2,3,2,0,4,2,3,7,0,7,1,0,3,2,4,2,0,0,3,5,4,7,1,1,2,2,0,2,0,4,2,2,0,3,0,3,3,3,5,3,7",4
"25.015210,62.814029,62.927852,63.122139,65.461921,75.470297,75.496342,75.499408,75.593030,75.720585,75.863864,75.956184,75.993025,76.049922,119.802110,119.907052,120.369209,120.371356,120.406010,120.416002,120.433292,120.436480,120.522273,150.445189,150.616327,150.623119,165.488714,165.517161,165.659294,165.686015,165.701237,172.846255,172.957610,197.433155,208.558584,231.955297,232.117624,232.179280,247.971384,248.064254,248.095258,248.140327,257.485053,257.535948,257.548483,257.592422,257.708339,257.730036,257.731542,257.755877,257.791638,257.795378,257.808756,257.834992,257.838363,257.838466,257.840446,257.847923,257.858069,257.874368,257.893351,257.896315,257.905591,257.954196,257.980668,257.986646,258.022872,258.028596,258.043096,258.122373,258.124142,258.163016,258.167538,258.172785,258.185955,258.200439,258.205769,258.223414,258.285394,258.291190","7,0,3,5,4,6,4,4,2,2,0,2,0,3,6,4,4,2,0,2,0,0,2,3,5,7,0,3,3,3,3,5,4,7,2,4,2,0,4,2,0,0,5,7,7,1,1,1,6,6,4,2,4,0,2,2,2,6,0,3,0,5,4,3,0,0,5,3,6,5,7,7,4,2,7,5,0,1,3,3",4
"1.400829,1.710128,1.718043,1.753497,1.761499,1.865840,1.909883,1.967984,1.980043,2.179530,2.212428,2.221779,16.229367,46.043296,46.126028,46.132589,46.134300,46.209807,46.295649,46.523789,46.790287,64.532274,64.657489,103.736022,103.875296,112.878648,113.053889,113.060770,113.067258,113.114138,113.149268,113.409256,113.465878,113.529317,113.619301,135.713821,135.882607,136.014885,138.599200,147.228617,147.388910,147.475475,147.564207,147.663581,147.692161,147.790497,147.796612,147.810272,147.872629,147.913317,147.941052,148.028584,148.118775,148.171212,148.209350,154.373123,161.194842,161.314469,161.637660,163.040891,169.034366,180.214223,199.370498,232.849288,235.171920,235.294478,237.546886,242.824054,242.992740,243.011221,243.461074,243.675708,243.873968,243.970296,250.196516,253.064638,253.087421,266.316451,266.365423,266.435329","4,2,0,3,5,7,7,3,1,6,4,4,7,4,2,0,0,3,5,0,3,4,2,0,3,7,1,6,4,2,4,0,3,3,5,4,2,0,4,5,7,1,6,6,4,4,2,0,2,0,3,4,2,2,0,7,4,2,0,5,4,4,3,5,2,0,2,1,6,4,4,2,2,0,3,7,1,4,2,0",4
"19.203119,22.991341,24.095995,27.918915,27.972738,49.909644,49.960926,54.333016,60.057228,63.307291,71.367994,71.485179,71.520008,71.667027,71.690187,71.697623,71.705578,71.711897,71.748030,71.752388,71.784047,71.798424,71.821599,71.977199,78.875263,93.205304,93.318029,103.368496,103.423744,114.522146,140.489354,167.388456,180.677335,181.109490,181.305873,181.435354,181.485984,181.878530,181.898168,181.938276,181.990946,182.025814,210.609148,212.745715,213.308229,221.307139,221.327317,221.545637,230.321371,249.409887,249.654961,249.768549,249.782840,249.819475,272.355800,272.482962,272.696147,272.779974,272.796562,272.803469,272.823895,272.864136,272.886405,273.074130,278.688031,313.869552,320.389205,320.419628,320.423500,320.480077,320.486883,321.906016,322.413669,365.354720,365.363314,365.370862,365.477106,365.773077,367.401429,367.558720","3,5,5,5,7,6,4,4,5,5,2,0,3,3,5,0,3,5,3,5,5,7,5,1,4,3,5,4,2,0,5,0,7,5,7,1,1,6,4,4,2,4,1,0,5,6,4,0,6,2,0,0,3,3,0,3,3,5,7,7,1,5,1,6,4,1,3,5,5,7,7,2,0,5,7,1,6,4,2,0",4
"0.468822,3.023341,3.049113,3.053394,3.216389,3.302243,3.415966,3.855038,3.936806,3.959889,3.995289,4.010782,4.022120,4.029214,4.119423,4.289817,4.327781,4.340904,4.354525,4.370245,4.373596,4.375199,4.439814,4.501254,4.511320,4.545783,4.656893,4.665381,4.687127,4.723773,4.771701,4.838862,4.868156,4.879496,4.883792,4.900624,4.933129,4.946922,5.003507,5.020981,5.049170,5.056549,5.083983,5.142712,5.196800,5.243671,11.293466,12.389276,17.668501,23.739998,23.852205,23.903034,23.943083,23.964934,23.965608,24.113655,24.197755,24.214317,24.227724,24.308190,24.308899,24.325469,24.345981,24.346857,24.364460,24.383312,24.455554,24.541693,24.563454,24.583019,24.678793,24.703817,24.754174,26.817594,32.786133,33.078733,36.487366,36.536161,36.539917,36.563658","4,0,2,0,3,0,3,5,7,1,6,1,1,4,4,2,2,0,3,3,5,0,5,7,3,7,1,0,3,5,6,4,2,5,7,2,1,0,0,7,1,0,0,3,3,5,2,7,4,1,6,4,4,2,0,2,6,4,2,4,0,4,3,2,0,3,0,5,0,3,3,7,5,7,4,2,5,7,7,7",4
"20.387258,20.435776,50.508806,50.599527,50.636092,50.668728,61.584513,75.615842,82.395568,112.374464,129.765791,129.804672,129.857669,129.874885,129.932301,130.098865,135.906556,135.985879,136.031222,136.036014,136.085635,136.151124,136.191450,136.241882,136.242726,136.566837,136.691744,136.773609,155.033529,155.097996,162.651405,162.704664,162.735116,163.972768,164.032605,178.239707,178.646389,190.213822,192.511993,229.759594,231.404400,231.408851,238.082685,238.099352,238.110658,238.120807,238.162158,238.170700,238.288448,238.398621,238.477731,238.621414,238.709950,238.711905,238.722312,238.722943,241.216743,241.226501,241.241059,241.520644,241.597558,254.037333,270.404199,274.588954,274.669266,274.673342,274.944682,281.166520,289.831430,292.972183,293.062250,293.071799,293.082811,294.901145,294.914331,295.009590,301.397098,314.713591,320.051180,323.259228","7,1,3,5,4,7,4,5,5,3,4,2,0,3,2,0,3,5,7,1,7,1,6,7,1,6,4,2,3,5,2,0,0,3,5,7,7,1,6,6,3,5,6,4,4,2,0,4,3,5,2,0,3,5,5,5,0,3,5,5,7,5,0,6,4,2,0,5,4,5,7,7,7,7,1,1,5,6,2,0",4
"1.383172,1.849482,2.000331,2.042974,2.202112,2.207120,2.248585,2.345731,2.373234,2.386168,2.631479,2.634132,2.640759,2.650562,14.253731,45.128775,45.149716,45.152084,45.217917,45.250420,45.267051,45.269403,45.273577,45.350860,45.353925,45.422438,45.473334,45.494196,45.539817,45.570975,45.575722,45.577090,45.607480,45.661959,45.667760,45.718083,45.724304,45.743662,45.753363,45.791809,45.804624,45.849598,45.861460,45.906951,45.916328,45.923638,46.090492,46.513764,46.533778,46.578471,46.815176,47.106152,47.162168,50.007187,54.837342,54.948976,54.968734,54.981072,54.990034,55.001554,55.009467,55.097754,55.104555,55.134721,55.181427,55.181470,55.193705,55.201541,55.205020,55.209241,55.222679,55.224989,55.226316,55.238846,55.246392,55.256674,55.369211,55.370767,55.386791,55.404593","7,2,0,3,3,5,7,1,1,1,6,4,2,4,4,0,3,5,5,7,5,1,7,3,7,1,7,1,1,6,4,4,4,2,4,2,0,5,2,0,3,3,5,0,3,3,7,1,6,6,4,6,4,1,2,0,3,5,7,1,5,6,6,5,4,2,6,0,4,2,2,4,0,2,2,0,4,3,7,2",4
"9.017243,9.061656,9.479052,9.610656,19.482747,19.565139,25.956698,37.634691,51.008042,51.019409,51.196890,51.211727,52.751072,52.773356,60.751449,61.109633,61.120539,74.334532,75.425849,75.451952,78.680163,143.800619,143.999023,144.186108,175.275592,186.706209,197.227872,208.271029,211.700602,211.800076,233.024255,233.210174,233.320865,233.350136,233.413972,233.469196,233.504905,233.633598,233.847296,233.861482,233.895547,256.757310,256.771137,256.803257,256.908595,256.913695,256.998213,257.000047,257.020472,257.023296,257.286192,257.487527,261.739173,268.341616,279.722454,280.200499,280.225481,280.348002,280.405222,280.407084,280.408402,280.412481,280.423767,280.452775,280.529502,280.610793,280.720116,281.212875,293.488830,303.471747,304.343818,304.402477,312.809671,315.621014,315.627221,315.645706,315.922243,315.973189,361.905346,372.700786","2,0,3,5,6,4,2,7,3,5,5,7,1,6,5,7,1,3,2,0,0,5,7,1,5,4,4,3,7,1,5,7,1,6,6,6,4,4,2,0,0,7,1,6,6,5,6,4,4,4,2,0,5,3,7,1,6,4,2,0,3,2,0,0,5,0,3,5,0,6,2,0,4,4,2,0,0,0,4,6",4
"16.707676,16.795585,16.907677,16.998478,17.030697,17.044736,17.072866,17.276393,17.287054,17.396746,40.018872,40.069842,40.345100,80.058421,94.959458,95.000469,97.038376,112.984486,113.035861,113.402428,113.450685,113.455167,113.523496,113.622721,113.625932,113.705372,113.762783,113.779282,137.965259,141.126825,141.127218,141.301862,141.320029,141.488404,141.492796,141.514558,141.526710,148.686209,148.792906,148.881349,162.420193,162.723332,162.812658,162.818870,162.908453,163.017476,163.115023,163.155352,171.688393,171.852658,172.007319,172.044565,172.077242,172.090973,172.186448,175.276000,179.518199,180.789391,189.563491,189.590628,189.790432,189.803624,189.828776,189.945456,190.085572,190.174115,190.188500,192.310955,195.021039,211.234532,218.787649,220.463377,223.937507,255.614372,255.765413,256.098487,259.308949,259.313915,259.433999,259.470581","2,0,3,5,3,5,5,7,5,1,5,7,7,5,1,6,7,1,6,6,4,2,0,2,0,0,0,0,2,6,4,4,4,2,2,0,0,2,0,0,6,4,2,0,2,0,3,5,5,7,2,0,0,3,3,1,7,0,6,4,2,2,0,3,0,5,7,5,5,4,6,3,4,7,1,5,5,7,7,1",4
"6.236697,6.392347,6.485795,6.503093,6.571326,6.725683,6.729451,14.845221,14.908753,14.942036,15.051382,20.716868,24.188906,24.277962,24.290521,24.315969,24.345245,24.371417,24.401705,24.423825,24.438243,24.438941,24.496998,24.599322,24.611421,24.659848,24.698128,24.709298,24.727134,24.740167,24.748068,24.772182,24.775744,24.782363,24.799574,24.829150,24.846785,24.867658,24.876775,24.896982,24.900297,24.911649,24.947589,25.125830,25.138425,25.203953,25.214295,25.230926,25.233610,25.235492,25.414724,25.437965,25.439534,25.492927,25.538668,25.617031,25.630680,25.676111,25.696448,26.236319,30.840180,30.880763,58.810471,60.537958,67.370412,67.479155,67.655498,67.664941,67.675338,67.684059,67.755009,67.765773,67.835943,67.846037,67.890450,67.911012,67.927539,67.928554,67.933060,68.081118","4,2,0,2,0,3,5,5,7,7,1,2,2,0,3,0,3,3,5,5,7,1,1,6,4,4,7,1,3,5,5,6,5,7,7,6,7,6,7,1,7,4,6,1,1,6,6,4,4,6,4,2,4,2,0,2,3,5,5,7,5,7,5,0,3,5,7,1,1,5,7,1,7,6,1,4,4,4,6,4",4
"6.037438,6.473811,9.279265,21.587924,21.987828,22.081000,22.184136,22.224950,22.368227,22.584392,22.842920,22.958413,46.237930,46.278735,46.283371,46.321335,46.456547,46.481267,46.556834,46.558923,46.596314,46.606338,46.639930,46.679760,46.872735,46.912702,46.934004,47.024297,47.100803,61.737690,62.161204,62.169672,62.185930,62.189551,62.303818,62.377703,62.379921,62.395528,62.844850,87.696113,89.226696,89.317561,91.112415,91.256581,91.317719,98.326083,98.335993,98.343137,98.355592,98.357526,98.447182,98.741107,98.865923,98.870477,164.092678,165.777756,165.867607,165.920425,181.852758,181.892101,181.901521,181.944853,181.968231,182.014937,182.034876,182.048023,182.185921,182.241574,189.458706,211.408290,211.482316,211.507006,224.205002,224.246009,224.543344,224.555132,224.598401,224.656624,224.780391,224.849425","4,2,7,3,5,7,1,6,4,6,7,4,3,5,7,1,7,1,1,7,1,6,2,6,6,4,1,2,6,0,4,2,2,0,0,2,3,3,2,1,1,6,1,2,0,3,5,5,7,7,7,1,6,6,2,0,3,5,1,6,4,4,2,0,4,0,0,3,2,1,6,4,1,6,4,2,2,0,2,0",4
"44.239209,47.034847,47.124989,53.322366,91.036714,91.091614,91.241750,91.290140,91.488973,119.360024,119.431957,119.544852,119.616687,119.623654,119.734385,119.839499,119.860297,120.030888,148.072866,148.300526,158.081611,158.239519,179.251822,186.234875,190.379196,190.423421,194.475224,194.849258,196.723286,199.394205,214.113045,216.164119,219.589464,227.476303,229.010376,261.730759,273.220320,278.780031,286.247425,288.631191,293.216030,294.022349,294.265754,296.874455,297.546641,301.896769,301.999212,321.141735,329.966863,330.167635,333.431964,333.447396,333.535714,333.586071,333.669801,333.688782,333.739991,333.781907,333.837324,334.000614,334.042612,334.083386,334.112300,334.202636,334.294605,334.318665,334.537132,350.724124,350.947127,350.963239,351.056293,351.098701,351.243462,351.252473,351.398399,351.453436,351.618300,351.618409,351.673627,373.781767","3,5,7,4,2,0,0,3,5,6,4,2,4,0,0,3,5,7,0,3,3,5,1,3,5,7,2,4,1,2,2,1,0,2,7,2,6,2,6,3,3,1,4,2,1,4,2,2,5,7,5,7,1,7,7,6,1,6,4,6,1,6,4,4,2,0,0,4,2,0,3,0,3,5,7,7,1,6,4,7",4
"29.362869,29.385319,29.496345,29.521317,29.681891,29.738544,37.296863,53.411647,53.429069,53.560316,54.165937,54.406383,54.642143,83.848458,91.722851,92.001742,98.166595,98.248010,98.249489,98.283299,98.437347,98.481119,98.501777,121.690969,121.705284,121.837999,121.853578,121.862650,121.867648,121.871209,121.872650,121.952095,122.072949,122.122929,122.129715,122.201701,122.326556,122.550820,122.556435,122.591610,122.724152,127.806109,142.290167,142.404334,144.442251,144.649500,160.725887,189.838683,196.677248,204.785696,227.212352,227.400592,239.676227,239.759169,246.809905,246.871303,251.379940,251.391182,251.427075,251.429346,251.437432,251.457518,251.565344,259.747842,260.004890,260.044757,260.053816,260.080125,260.141280,260.145188,260.785181,260.785669,260.797199,260.914238,261.124733,261.293217,299.440840,299.517872,329.781573,329.821048","4,7,7,1,1,6,7,3,5,5,7,1,2,6,4,7,1,6,2,2,6,2,0,3,5,4,7,1,4,1,1,7,6,7,1,2,2,0,0,3,3,3,3,5,1,6,6,7,4,4,1,6,5,4,7,1,7,1,1,6,6,2,2,6,2,0,3,5,0,5,4,7,1,6,2,7,1,6,0,3",5
"3.305771,3.497445,3.610186,21.863701,23.326526,23.380134,23.726722,26.570658,39.211846,39.551105,39.633039,39.804872,58.001403,60.181320,60.300346,60.361615,65.385248,68.827441,73.514675,83.731931,98.968169,98.986387,99.041984,119.594205,119.663272,119.675157,122.720058,122.721508,122.844428,138.504698,138.505334,141.052878,141.114954,141.130447,141.206966,141.207776,159.622843,159.644305,159.653072,159.915508,159.953553,161.298054,163.753963,165.378309,167.294696,176.127958,176.294378,176.547477,176.620693,176.674732,176.706367,177.995263,178.076321,187.058300,189.693527,189.717100,200.285220,201.157397,217.984335,218.203220,220.407124,220.434085,220.454655,227.483483,227.535144,252.231900,283.793728,283.805893,305.984076,306.214285,306.271269,324.581079,324.644519,324.992872,325.044834,325.109399,325.152683,325.383959,325.430191,325.432603","1,6,2,7,6,2,2,2,3,5,4,7,5,6,2,0,0,4,7,0,4,7,7,3,5,4,7,2,1,3,5,1,6,2,2,6,6,2,2,0,3,7,5,0,1,5,4,4,7,1,1,7,1,6,3,5,3,5,5,4,5,4,7,6,2,6,3,5,4,3,5,7,1,6,2,0,0,3,5,5",5
"15.386327,28.193895,33.917769,45.023300,53.415553,92.663742,95.460291,99.528095,100.487074,100.514736,100.556532,100.861929,100.925899,101.071258,117.101780,134.456402,134.624489,134.637201,134.687654,134.966426,156.904925,156.937581,156.943580,157.012132,157.209390,157.228109,157.319623,157.366018,157.382389,163.168118,168.564988,183.617281,192.183143,192.210153,192.277524,192.312188,192.320414,192.341889,192.415530,192.416506,194.490016,200.378593,200.441906,200.472246,200.547694,200.566026,200.587530,218.923849,219.026546,222.635502,226.749373,226.828329,259.211377,260.543284,274.226491,274.374432,274.411311,280.177112,290.098173,290.200224,290.231255,290.233039,290.465592,290.542988,290.626200,290.699060,290.711038,292.668401,293.793764,293.806046,293.989240,300.078750,300.499832,300.530060,300.550766,327.523461,343.388083,343.397315,346.832767,347.067204","4,2,4,3,4,3,6,0,1,6,6,2,0,3,7,5,4,4,7,7,0,3,5,4,7,5,4,4,7,3,5,4,5,4,4,7,1,6,4,7,7,4,7,7,1,6,6,3,5,1,1,6,7,7,3,5,4,5,3,5,5,4,7,1,4,7,1,0,1,6,6,6,2,0,3,4,1,6,3,5",5
"5.587592,5.607875,5.657232,5.676976,5.688800,5.693303,5.706422,5.734504,5.737051,5.894158,22.298895,58.608448,58.652252,67.242277,76.517416,111.840718,117.627756,138.202691,142.735517,142.738054,142.783878,149.045194,149.060550,155.321095,184.365305,184.404229,185.111840,185.235105,185.349532,185.462280,185.508388,185.519934,185.650531,185.653661,185.654126,185.824643,186.136433,186.152558,186.502015,186.630996,186.752380,186.948105,186.978940,190.913390,209.283145,227.492921,227.567641,227.596191,227.622730,227.681516,227.716050,227.740750,227.741557,227.768581,227.803918,227.825574,227.830806,227.833597,227.854630,228.015365,230.708170,249.256638,249.292358,249.356625,249.453368,249.467363,249.490835,249.657889,264.522253,264.583422,264.684001,264.780419,275.037482,286.045239,290.494530,290.622628,294.651501,294.678595,294.756994,294.847760","2,0,0,3,3,5,5,5,3,5,7,5,4,5,7,3,0,4,2,0,3,4,7,4,7,1,2,2,0,0,3,5,3,5,5,5,2,0,0,3,5,4,4,2,0,0,3,3,3,5,4,5,7,5,1,4,6,2,2,5,0,0,3,3,3,5,5,4,6,2,0,0,1,1,7,1,4,7,1,6",5
"12.036117,12.586536,50.166297,51.217340,52.318073,112.899317,112.924623,112.953223,112.964978,113.130645,113.141940,113.287504,113.442196,113.779436,113.904468,118.077047,118.078877,118.080585,121.234224,121.624759,121.684041,126.548833,126.731013,126.772649,126.772685,126.996750,171.742150,171.787732,171.954010,172.112386,177.160790,177.199211,216.600772,216.640459,229.620637,229.621987,229.634676,229.788307,229.807002,232.551697,232.692037,232.724941,232.793068,232.863293,232.936370,232.958543,233.097478,233.168494,233.180035,246.103593,246.125681,246.142352,246.161148,262.707110,262.846027,269.738907,269.766617,272.619481,272.628215,272.658671,272.667577,272.738240,272.786392,286.949832,287.208463,287.257534,287.272148,287.428307,292.550462,292.627619,292.811537,300.386166,300.425049,307.607385,307.655188,307.657537,307.684051,335.731313,335.738138,367.377928","0,3,4,4,3,1,6,3,5,2,0,0,0,3,5,5,4,4,6,3,2,3,5,4,7,4,6,2,2,0,6,2,7,1,7,1,1,6,6,6,2,0,0,3,3,5,4,7,7,3,5,4,4,3,5,5,4,5,4,7,1,1,7,3,5,4,7,7,3,5,4,6,2,7,1,6,2,6,2,2",5
"21.778821,32.652186,52.844899,52.934379,53.092571,54.504514,57.526020,71.991010,72.245469,72.247763,72.254538,87.004036,87.071873,121.828915,121.939512,122.083821,129.542654,134.658327,134.680307,134.695738,135.061645,135.140455,135.146220,135.358798,135.370233,135.599354,135.694592,138.426292,147.500246,147.543856,156.535241,156.614336,156.640397,156.653537,156.723674,156.768459,156.768764,156.815590,156.910141,156.912828,156.934533,156.962737,157.165328,157.309501,158.615246,158.688089,158.705258,158.707249,158.731790,158.799156,158.833761,158.984947,183.187825,183.187975,183.211526,183.216641,183.237001,183.246540,183.247592,183.268597,183.302841,196.888572,202.349960,202.560995,216.132809,216.663873,216.734085,218.871649,218.908056,218.908086,218.948286,218.984312,219.029905,219.045849,234.705818,264.844874,274.651446,274.980606,275.317760,275.425763","5,0,7,1,6,4,4,2,0,3,5,0,3,5,4,4,4,1,6,2,0,3,5,3,5,5,4,7,5,4,2,0,3,5,0,4,7,7,1,1,6,6,3,2,7,1,6,6,1,6,2,0,3,5,5,5,4,5,4,7,4,4,4,0,1,6,2,7,1,6,6,2,2,2,2,0,4,7,1,6",5
"29.474457,29.525108,29.530312,29.604144,52.174210,52.208214,52.391964,52.606775,53.083519,53.120698,75.873581,87.206586,87.225712,87.370845,88.599899,88.607115,103.875427,108.782202,108.793788,108.846241,109.088345,111.518218,111.575598,111.592356,111.658280,124.615047,130.003938,132.421024,132.653639,136.430142,137.416610,139.556924,139.725745,139.822704,139.964870,140.051820,140.199343,140.243602,140.390674,140.718320,140.780860,147.250540,147.341949,147.507044,152.916825,154.103249,154.147293,154.158107,154.177582,154.208976,154.398837,154.484617,163.047791,164.181750,166.388290,166.547557,185.710149,185.804267,197.117919,209.673918,209.733170,209.878410,213.740717,213.740894,213.756687,213.846097,213.863844,214.105790,224.352484,224.376088,233.152018,239.824734,239.840316,260.881070,261.046702,279.028166,286.339629,297.765798,297.779847,297.785290","2,0,3,5,5,4,4,7,1,6,4,1,6,6,3,5,6,3,5,4,7,1,6,2,2,7,4,5,4,6,1,0,3,3,5,4,7,1,6,2,0,6,2,4,4,5,4,7,7,1,6,6,4,4,3,5,7,3,0,3,5,4,4,7,1,7,6,7,2,0,5,2,0,6,2,5,6,3,5,5",5
"5.255180,12.140810,18.431445,34.376293,34.456516,34.528361,34.635521,34.653099,34.677186,34.806909,35.038751,35.076075,47.597716,47.631235,71.081260,71.193979,111.211337,124.511880,131.027752,131.082566,131.365422,145.743650,173.783707,187.293325,190.012834,190.045101,190.050606,194.651547,194.962637,199.051478,199.066674,199.084295,199.114926,199.136317,199.199053,218.679092,225.805762,225.910321,225.918985,225.920035,225.965622,226.015201,226.021600,226.059218,226.206523,244.397306,252.287747,264.289217,266.216650,266.226427,266.263006,266.330269,266.393013,266.397508,266.450629,266.506466,266.732855,266.892226,270.119696,270.195345,270.293551,301.468994,303.975785,304.576518,304.702457,304.756742,304.764490,304.816439,304.828409,304.930384,305.012386,305.016279,305.016580,305.019392,305.050044,305.095015,305.173551,305.177690,305.222253,305.239547","4,6,2,2,2,0,3,5,3,5,4,7,3,5,3,5,5,5,3,5,4,1,3,1,5,4,7,1,2,1,6,2,6,0,0,4,3,5,4,7,4,7,7,5,7,7,2,4,4,7,1,6,2,0,1,3,6,2,3,5,4,5,4,7,1,1,6,2,2,6,6,2,0,0,2,3,0,0,2,0",5
"6.364183,20.626238,20.708643,20.712181,20.726981,20.731652,20.790267,20.922099,26.924201,27.033100,40.454436,40.641279,40.705094,40.761314,40.801025,45.104574,50.443441,50.505207,50.606393,50.650514,50.705555,50.741013,50.758607,50.781399,50.796442,50.823607,50.836516,50.865902,50.878689,50.890483,50.915811,50.947986,50.989353,51.001656,51.033243,51.052342,51.086195,51.132069,51.207844,51.229774,51.327553,51.369987,51.371384,51.376685,51.418579,51.440325,51.530109,51.659921,51.663344,51.683275,51.696710,51.853496,52.014577,52.015833,52.038164,52.160873,52.261383,52.327613,52.353108,52.386835,52.514337,52.823346,52.957029,53.114153,57.632859,57.634190,57.814737,57.944230,63.370373,63.488577,63.520301,63.631572,63.657715,63.658334,63.709079,64.192654,79.222911,94.482039,94.484785,94.575923","5,7,1,6,2,2,0,6,6,2,6,2,0,3,2,5,1,6,6,2,2,0,3,5,4,5,4,7,1,6,6,6,6,2,0,3,2,5,4,4,6,2,2,7,2,0,3,3,5,5,0,4,4,7,7,7,1,6,6,2,1,0,3,5,3,4,7,1,4,7,1,7,1,1,6,2,0,7,1,6",5
"21.335939,39.263879,39.268053,39.488413,39.579694,39.608845,39.621372,39.633106,39.655813,39.796018,39.798716,39.934457,39.940053,39.944282,39.958253,40.022802,40.127266,45.125423,45.143148,45.536550,45.551932,45.561814,63.708834,69.544476,69.826973,69.844620,69.859118,70.001507,108.169095,126.897700,128.006867,128.122387,128.131486,128.131585,128.138541,128.141585,128.145696,128.147952,128.164093,128.170445,128.186829,128.375234,128.389775,128.447474,128.536259,128.606512,128.640622,128.827529,128.853843,128.878323,128.931302,153.447009,153.534643,153.823768,157.216691,157.238295,159.598280,159.674979,159.724676,163.369848,163.559712,163.584465,163.600735,163.634110,164.349437,175.363010,175.423833,175.485935,185.453263,185.545509,193.371567,195.659361,195.698660,195.741659,195.774007,195.866355,195.963995,195.982533,198.901163,224.260797","4,3,5,5,4,7,5,7,1,6,6,2,1,0,6,2,2,0,3,2,0,3,3,1,6,2,0,3,2,3,4,7,1,1,6,6,6,2,6,2,2,0,3,5,6,2,0,3,5,4,4,5,4,4,5,4,3,5,5,2,0,3,5,5,4,3,5,5,0,3,7,0,3,3,3,5,5,4,4,2",5
"35.774844,35.775325,35.855262,35.855872,35.872032,35.932574,35.982200,35.985086,36.015394,36.034696,36.101506,36.102681,36.121497,36.192761,80.284504,80.304557,80.330381,80.345591,80.349260,80.349596,80.362310,80.374229,80.378926,80.401233,80.415692,80.439286,80.441081,80.467949,80.469837,80.627813,80.799733,80.865078,92.471957,92.598761,106.105288,108.263216,126.159377,126.198166,126.204273,126.210738,149.615353,156.950375,171.859763,171.956953,171.964315,172.085784,172.210529,172.334305,200.638834,203.386214,203.468741,203.472731,203.559347,203.564194,203.705640,203.741726,203.803104,203.821997,203.827109,203.852386,203.884406,203.893605,203.899856,203.971147,226.033345,226.059647,226.086957,226.088686,226.119683,226.126096,226.189832,226.237179,226.292336,226.343284,226.709781,229.408680,229.489890,229.497932,229.711546,229.770508","5,4,7,4,1,1,6,6,2,2,0,3,3,5,3,5,5,4,4,7,4,7,5,7,4,4,4,1,7,4,1,6,1,6,2,2,1,6,6,2,7,6,3,5,4,4,7,7,7,3,5,4,7,7,1,3,6,6,5,4,2,5,0,4,0,3,5,5,4,7,1,5,4,1,6,7,1,6,6,2",5
"0.038846,0.108073,8.656456,11.754332,21.900249,21.955896,22.090769,66.722433,66.740084,66.862578,79.034060,90.715248,132.292575,132.320791,135.776267,135.889299,136.022106,136.106910,158.088047,166.170347,166.393241,167.961697,168.262680,172.287041,172.493632,175.894849,258.789722,258.918116,259.095574,263.176276,263.305910,263.517385,263.721647,263.783278,263.911792,263.921053,286.060324,286.882155,287.098569,304.513339,315.684806,315.850999,318.108045,321.675872,321.995213,333.128550,333.214573,333.348647,334.601807,356.321919,356.895764,383.832929,391.396136,391.420909,391.446271,391.768005,391.989580,392.019178,392.024877,394.806994,407.763169,409.246125,416.679305,416.691836,416.709119,423.230233,424.137933,424.192878,432.081081,434.014494,434.023349,434.116599,434.689271,434.708837,434.816733,434.957618,434.989230,435.359397,445.383644,447.133517","2,0,2,1,7,1,1,5,4,7,0,4,5,4,2,0,3,5,7,7,1,3,5,3,5,0,2,0,3,1,6,2,6,2,0,2,4,7,1,2,3,5,6,5,4,7,1,6,3,4,7,6,7,1,1,6,2,0,0,5,5,0,3,5,5,3,6,2,2,0,3,3,2,0,3,3,3,5,7,2",5
"34.657340,34.757966,40.425513,47.912440,61.914926,67.779144,90.966593,115.956671,122.287960,153.893371,163.356662,163.362063,163.544414,163.587382,163.604824,164.865307,164.968762,164.990560,165.036086,165.101535,165.102591,165.123645,165.146515,165.193039,165.196294,165.246927,165.248491,165.392906,182.223878,195.093098,210.092603,217.829375,227.142662,227.154596,227.359926,234.001668,241.142922,257.633220,262.376522,281.950396,287.732338,295.136840,334.560212,339.035417,339.396559,339.523706,375.142962,375.312432,375.469639,375.501973,375.511300,375.527645,380.547168,380.778233,393.575858,446.744852,461.714371,461.757106,461.882243,461.921443,462.114424,462.206457,462.219812,462.336627,475.803041,476.382698,480.356024,486.490781,532.148373,532.149688,532.180435,575.150596,584.266279,600.183883,606.496901,606.846468,607.057000,624.832425,624.874328,625.015231","7,1,4,5,1,0,5,7,4,5,0,3,6,2,2,7,1,6,2,0,3,3,5,5,4,5,7,4,4,7,4,0,5,4,4,7,3,7,4,1,5,2,3,1,6,2,0,3,3,5,4,5,6,2,4,2,3,5,4,7,1,6,4,7,1,6,2,1,6,2,2,5,7,4,2,0,3,4,7,7",5
"0.465215,15.995675,16.248109,26.606791,36.302462,44.122754,63.432412,73.078689,86.617461,102.591201,102.710863,107.221093,119.180496,119.408543,119.444442,119.550490,123.499058,125.207638,153.542308,155.365771,170.896699,171.237417,171.254720,171.305268,171.356164,171.380985,171.538006,171.543963,171.544709,171.549146,171.581645,171.591851,171.608396,171.615740,171.617375,171.624503,171.633091,171.638918,171.646682,171.655060,171.677980,171.721480,171.727160,171.842111,171.970545,172.039287,172.150646,172.561054,172.678824,177.086270,190.291708,190.325015,190.353934,192.603152,197.789286,201.764408,222.155621,222.187830,222.214891,222.223445,222.287840,222.384894,222.444301,222.716880,250.866591,250.921044,251.082132,251.165403,251.245237,251.514752,251.567072,261.754584,261.778956,261.810923,261.833794,261.875881,269.860397,269.969539,301.568495,313.806692","3,0,3,0,2,6,2,2,1,6,2,6,7,1,6,2,7,0,6,4,4,7,1,6,6,2,2,0,3,3,3,3,5,4,4,7,5,3,5,5,7,5,4,4,7,7,1,6,2,2,5,4,7,5,6,3,7,1,6,6,2,2,2,0,5,4,7,1,6,1,6,6,2,0,0,7,7,1,5,2",5
"25.153278,25.179091,25.377038,25.400423,25.462231,25.552198,25.626115,30.471398,30.543267,30.585858,30.593483,30.634368,30.692696,30.696718,30.726524,64.461058,69.565119,69.638769,69.697869,69.717935,81.283995,81.436990,81.499022,84.502968,84.557101,94.733464,103.669427,103.718753,103.733377,103.791645,103.809122,103.843632,104.032833,112.963654,112.990505,113.002463,113.009944,113.051125,113.077904,113.111965,113.169970,120.391690,131.721982,136.217458,136.235339,136.323502,136.393965,136.514801,136.593338,136.769188,143.474327,146.224868,218.297629,218.375047,218.546490,218.996564,254.761445,255.083455,255.222318,260.844363,285.350188,305.490420,305.512571,325.454531,325.549019,325.644522,325.685526,325.721712,343.626151,343.819482,394.952237,412.421896,412.493095,412.582860,424.034496,430.586841,437.611098,437.748726,437.755834,437.824046","0,3,3,5,5,3,5,0,3,3,3,5,5,4,5,7,0,3,3,3,1,6,2,2,0,0,5,4,7,4,7,1,6,3,5,4,5,7,5,5,4,1,4,5,4,7,1,1,6,6,4,0,4,7,7,2,0,3,5,2,1,5,4,3,5,4,4,7,3,5,5,5,4,7,0,4,0,3,5,4",5
"2.245583,2.292028,8.053364,45.295941,56.241959,56.257770,56.324474,56.516755,60.687717,68.691336,72.197588,90.554641,92.770704,92.774821,118.739814,134.052440,134.074165,134.156612,135.099297,166.596587,179.477144,211.466469,211.480572,211.527692,211.632738,213.968667,224.400060,224.412037,224.495737,224.699635,224.699787,224.708278,224.775187,224.805362,224.873354,247.725106,250.566263,250.676419,250.679353,256.557371,263.295789,263.503372,263.509093,263.522347,263.577307,263.578343,263.597709,263.624609,263.629359,263.635778,263.655855,263.678704,263.725828,263.752240,263.781382,263.845959,263.862197,263.944220,263.968827,263.983288,263.983818,264.044429,264.161150,264.174846,264.225664,271.684324,279.933142,282.451414,298.789678,298.808330,298.846490,310.319841,310.324557,310.423724,310.526947,310.548664,310.690701,310.748637,310.833645,311.075595","0,3,6,1,2,0,0,3,0,7,0,6,5,4,1,7,1,1,7,3,4,1,6,6,2,1,3,5,5,5,4,7,7,7,1,3,1,6,6,3,6,2,0,3,5,5,5,4,0,7,4,7,1,6,7,1,6,6,2,0,6,0,3,6,3,5,2,5,3,5,5,4,7,1,6,2,0,1,6,2",5
"22.743032,22.784938,22.801203,22.884482,24.376738,35.202817,35.255429,35.274183,38.889494,39.015769,68.813941,69.704837,71.623569,77.546942,77.603157,90.988199,90.997577,91.050702,91.065900,91.117411,91.170919,91.217034,91.248159,103.692546,103.774913,107.085555,109.426047,109.534062,109.568187,117.501178,117.686814,117.900029,117.910309,117.916721,117.922528,117.965592,156.247154,156.474560,159.804307,159.936165,160.200987,160.388774,170.552421,170.670080,170.745926,170.773834,170.940698,193.789761,195.705153,195.744127,195.757796,195.802809,195.891836,205.068401,216.030838,216.050507,221.492473,252.992381,253.432381,253.435803,253.565587,254.719521,254.739661,254.865058,266.627582,270.278060,270.284041,279.357740,279.414853,279.680946,282.789126,292.321452,301.348397,308.500116,308.557917,308.599099,308.664445,308.780916,318.932763,319.204909","7,1,1,6,3,5,4,4,3,5,5,5,1,1,6,4,7,7,1,6,6,2,2,4,7,3,1,6,2,0,3,5,4,7,4,7,4,7,5,4,7,1,6,3,5,2,4,5,6,2,0,3,5,3,0,3,4,2,0,3,3,6,2,2,4,1,6,5,4,3,6,0,4,7,1,6,2,0,6,6",5
"6.865006,14.834725,15.060424,27.269235,27.273431,27.351071,27.460170,31.650322,34.085724,34.205028,34.264017,34.333191,63.116678,64.873111,76.611094,88.954621,88.978869,98.729264,99.548167,99.704842,99.829556,99.862830,99.870380,100.326515,108.766045,108.838308,109.153603,109.156231,115.819998,115.959562,116.016712,116.025398,116.030852,116.035884,116.059300,116.074019,116.076538,116.087250,116.103405,116.138930,116.166532,116.225416,116.350961,125.341958,137.358213,137.494013,147.580768,147.600641,147.627431,147.735382,147.789638,147.791354,149.761146,160.196478,160.363737,160.450682,160.452542,160.465201,160.481614,160.531502,160.576820,177.269008,177.310555,177.545098,184.153796,184.256972,198.038182,198.091705,198.107321,198.122991,198.142142,198.248115,198.345957,202.122660,202.138218,203.044953,211.477445,219.255897,219.328917,219.349797","5,4,7,1,6,6,6,4,3,5,4,4,0,3,7,5,4,1,0,3,5,4,7,0,3,5,5,4,4,7,1,6,2,6,2,0,6,2,1,2,6,0,6,4,4,7,4,7,7,7,1,1,4,6,2,2,0,0,3,3,3,7,1,6,3,5,3,5,5,4,4,4,4,7,1,6,3,7,1,6",5
"2.317658,2.338982,2.386640,21.120557,21.123466,21.465305,26.072665,28.125413,29.625962,29.642794,33.693858,47.113216,58.341787,62.182756,62.254501,82.847652,82.916358,82.961244,83.118973,83.368443,83.481851,83.481874,83.485693,83.727039,83.780240,83.793330,83.816763,83.822818,83.829175,83.833308,83.843300,83.845938,83.908343,83.908945,83.911985,83.936069,83.945491,83.950018,83.960060,83.962400,83.975245,83.987161,84.002385,84.014398,84.074043,84.074902,84.077468,84.110442,84.128592,84.138056,84.147940,84.204356,84.226405,84.229300,84.289535,84.317961,84.375567,95.158960,98.863790,99.148610,110.108111,154.557064,181.608283,203.545288,228.708956,268.705624,272.366342,281.899358,302.614216,313.358836,313.402000,313.402438,313.490137,322.029394,323.595865,359.624075,359.651733,359.701891,359.898104,376.303937","7,1,6,2,0,3,4,5,3,5,3,6,2,5,4,2,0,3,5,3,5,5,4,4,7,7,7,7,1,1,6,6,6,1,2,0,3,6,3,6,6,6,2,2,2,0,0,0,2,5,3,4,2,0,6,3,5,4,5,4,6,2,5,5,4,4,3,1,4,4,7,7,1,2,2,2,0,3,5,4",5
"3.414811,3.462221,3.496372,5.118061,30.478618,30.498448,32.830078,35.336897,35.595442,35.678698,35.804527,36.040662,42.219143,42.230437,42.408078,55.618107,65.266312,65.331790,65.335065,65.447749,80.931142,80.974401,81.292453,88.744889,88.796246,88.828333,94.599575,98.053898,98.054081,98.058759,98.096184,98.166928,98.214119,98.222754,139.874656,139.934739,140.487117,140.609090,140.689903,140.724663,140.774747,140.834064,140.854647,150.610034,150.712630,171.840922,183.575093,183.640162,183.699074,183.942931,183.963039,185.620976,185.716536,185.757135,186.256119,186.265103,186.303827,186.332347,186.406030,186.423814,186.456552,186.486683,204.203046,204.288900,204.367544,204.381282,204.403974,204.441153,204.477131,204.487444,204.489580,204.489696,204.506982,204.529519,204.548115,204.560742,204.571725,204.688224,204.720827,204.844946","3,5,4,3,4,7,0,3,5,4,7,1,1,6,6,3,3,5,5,4,5,4,4,1,6,2,0,2,0,3,0,0,3,3,1,6,2,0,0,3,3,5,5,6,2,1,0,3,5,3,5,4,7,1,6,2,2,2,0,0,3,5,5,4,7,7,1,1,6,6,6,6,2,2,0,1,2,0,2,6",5
"4.321693,4.435351,71.261915,87.053721,87.227821,87.492519,87.878326,91.265579,103.619177,103.704431,103.940899,103.951004,103.965180,103.993596,103.995078,104.020183,104.035537,104.039833,104.095210,104.098845,104.104962,104.111681,104.130458,104.181683,104.186081,104.197727,104.231999,104.244908,104.269770,104.289016,104.294792,104.308671,104.400849,104.419877,104.423429,104.433003,104.443630,104.485075,104.499753,105.159207,105.266536,105.386832,105.447589,107.614355,107.620887,107.643227,107.647396,117.362885,117.380566,117.430972,117.503346,117.541510,136.774039,136.953064,137.057559,144.055313,144.105387,144.109148,144.146156,144.149742,144.181834,155.265183,155.310510,155.357221,172.247847,172.370524,172.450099,172.496930,172.549423,172.710596,172.725296,172.836430,183.050691,200.525864,200.817191,218.531855,220.498346,222.326990,222.369219,225.786132","4,7,0,0,3,5,4,2,4,7,1,6,2,2,2,2,1,0,3,5,6,0,4,2,4,0,3,5,2,7,0,3,3,3,7,5,5,4,7,1,6,2,0,5,4,4,7,5,4,7,1,6,5,4,7,0,3,3,5,3,5,6,2,0,3,5,4,7,4,7,1,1,1,0,3,5,4,5,4,2",5
"1.139992,69.003770,70.594494,77.618047,77.641336,77.644690,77.675872,77.697122,77.720978,77.762147,77.766438,77.773920,77.778484,77.809226,77.861767,77.875470,78.018995,78.162966,87.524981,87.547274,87.689737,87.753751,104.490052,104.620543,105.402185,105.418286,118.289241,118.327302,135.205905,135.295440,152.845644,160.700354,166.180946,170.353709,170.387396,170.484342,170.496771,170.567528,170.712816,170.766082,171.167017,185.977579,185.987798,186.309441,186.324048,186.378942,190.124989,190.367557,190.380490,190.458689,190.550132,191.419590,192.661400,192.692761,192.730553,192.756915,192.881427,193.164000,193.175957,193.185939,208.395902,208.493733,229.906295,234.211384,236.080429,236.088720,246.626453,246.630219,253.112991,272.437818,272.556900,290.097575,290.144461,328.676992,328.763099,338.979422,349.058864,373.040087,376.238361,382.439546","5,7,2,7,1,6,2,2,0,0,0,0,3,6,0,6,5,4,1,6,2,2,6,2,0,3,0,3,4,7,0,5,5,1,6,2,0,0,3,5,4,4,7,1,6,6,5,4,7,7,1,4,1,6,6,2,2,0,3,5,2,0,0,2,2,0,1,6,3,2,0,4,7,6,2,5,3,1,6,2",5
"2.660340,4.533214,4.582080,4.601367,45.488634,45.503253,45.575927,45.580456,45.583449,45.595542,45.605850,45.672990,45.683575,45.695087,45.697502,45.715977,45.824591,45.844635,45.888511,45.901182,45.913492,45.938424,66.372057,66.393422,67.226232,67.315683,82.263218,91.960810,92.039563,109.873819,113.753818,118.403364,128.504361,129.816254,146.413743,146.451274,146.526641,147.122429,166.830786,171.321698,171.329553,171.407624,171.454174,179.724392,188.159404,207.280960,207.384683,236.191536,236.291762,236.318896,236.358888,236.398450,236.486955,236.537239,236.552002,236.564441,236.582527,236.639319,236.654654,236.669519,236.672045,236.706413,236.718744,236.722381,236.749631,236.749821,236.785261,236.843378,236.889220,236.925236,236.963397,237.010960,237.122210,245.657631,252.535847,252.607304,252.610841,252.810460,253.024647,253.073846","1,5,4,4,5,4,4,7,7,7,7,1,1,7,6,2,2,6,0,3,5,6,1,6,0,3,6,3,5,6,0,4,1,4,6,6,2,0,0,0,3,5,5,3,5,5,4,3,5,4,4,7,7,7,1,1,6,2,0,3,1,6,5,5,4,4,4,0,7,7,1,6,1,0,1,6,6,6,2,0",5
"4.752446,10.175234,17.676371,17.711767,17.717854,29.367588,39.267570,45.587833,45.724135,45.731753,45.845843,56.021973,56.048181,69.029122,76.765179,113.552164,113.565173,113.820323,121.517682,121.534818,121.614223,121.668784,122.431193,124.828325,146.589722,146.790439,147.886684,147.957535,148.025907,148.206059,148.309216,157.856714,158.149990,160.007381,199.865990,227.992150,228.077893,240.453010,240.499399,240.500224,240.512787,240.718328,240.800703,259.389972,305.033903,305.046829,305.067172,305.072705,305.096836,305.395068,312.317173,312.450395,320.743071,320.835934,323.795827,333.971360,342.790166,342.836985,359.398695,409.326667,409.348479,409.407605,436.173509,436.334166,436.825885,438.632963,445.562152,458.906245,458.937236,458.943658,458.998772,459.052672,464.420043,475.339216,475.385149,481.412946,482.996374,488.484663,503.489967,525.147823","4,4,7,1,1,2,4,1,6,2,2,6,2,1,5,1,6,2,3,5,4,7,6,3,3,5,1,6,6,2,0,4,7,7,0,4,7,6,2,0,0,3,3,4,5,4,7,4,7,1,1,6,5,4,2,5,5,4,7,0,3,5,6,2,0,6,4,3,5,5,5,4,5,1,6,6,5,0,0,2",5
"3.644846,26.395267,26.790484,29.019045,29.055920,29.132419,29.395350,29.452252,29.633254,29.828460,29.843109,34.991336,42.113766,42.117895,42.128523,42.133339,42.310729,42.709868,42.730374,42.742605,42.754163,43.122057,52.615037,56.111265,95.740748,95.833207,96.078953,96.213548,96.244794,96.320755,118.018603,118.031620,118.056340,118.090803,119.784561,131.440983,131.469500,131.764624,131.947930,133.186004,133.233231,133.246245,133.266077,149.665446,149.707397,149.754050,188.869631,188.870089,200.709946,240.903708,251.380554,256.905856,257.997440,258.006881,258.016327,258.028796,258.103819,258.345472,258.356247,258.422599,259.550199,280.503206,280.611947,280.659550,280.671462,280.732044,280.744636,298.814608,308.225275,308.411119,308.488695,313.144037,313.170415,313.236573,313.256451,313.428709,313.608622,321.968614,321.985372,322.058440","1,3,5,7,1,1,1,6,2,0,3,2,1,6,6,2,2,0,3,3,5,5,1,5,4,7,1,7,1,6,4,7,7,1,7,5,4,7,7,6,2,2,0,0,3,5,2,0,4,1,6,6,0,3,3,5,5,4,7,7,2,7,1,6,1,6,2,3,1,6,6,1,6,2,0,2,0,5,4,4",5
"0.254494,14.643390,61.122174,93.614818,104.382197,104.406756,104.441022,108.182222,108.225037,108.356147,121.394789,121.410130,121.432522,121.444921,121.489073,121.497150,121.590977,121.653131,121.658812,121.723201,121.789270,121.827095,121.867664,122.165771,125.237079,125.241892,125.813013,125.912133,125.924463,126.002721,126.046001,126.058121,126.094159,126.099760,132.531055,134.524012,134.527191,134.659907,136.030005,164.741448,174.340896,183.416769,183.439398,187.309634,187.399570,187.457284,187.542432,187.553030,187.646939,187.647031,187.676469,187.708563,187.716310,187.744739,187.909375,191.613583,191.771796,191.965660,192.020580,192.116852,196.908552,196.929751,197.057541,213.414464,220.701894,220.757438,240.371541,240.428074,240.586988,240.633951,240.718339,249.924537,252.050051,252.050649,252.158234,252.236729,252.255523,260.992064,261.161956,265.030473","4,7,4,1,0,3,5,7,1,6,3,5,5,4,4,4,4,4,4,7,7,1,6,2,6,2,6,2,0,3,0,5,3,5,0,4,7,7,2,3,0,3,5,1,6,2,0,3,3,0,3,5,5,5,4,0,3,3,5,5,1,6,2,5,6,2,7,1,6,2,0,5,4,7,1,6,2,0,3,0",5
"6.795188,7.271109,7.509349,18.269468,18.300983,18.418423,18.439619,18.479613,18.497585,18.512784,18.545989,18.617166,18.935078,39.082634,39.416473,39.574572,39.589405,39.746669,39.801846,45.666114,51.101565,51.118073,51.122396,51.129482,51.232469,51.237938,51.296233,51.376039,51.433708,51.685457,54.975065,55.006680,55.035092,55.052261,55.061494,55.136168,65.615150,69.539801,74.431594,74.483511,74.590419,77.949562,77.990866,78.000503,78.007085,78.224700,79.317434,79.378984,79.404330,79.428808,79.459641,79.466236,79.475838,79.546643,79.567150,79.643131,79.732805,79.838569,79.870166,80.350428,80.411994,98.353705,112.655789,112.780886,112.848964,112.875840,112.929913,127.265530,127.344671,127.349384,127.392901,134.271605,134.323390,134.389968,212.590330,213.964720,213.967716,214.011733,214.168252,241.516650","6,2,0,0,3,5,4,7,1,5,3,6,2,6,2,2,0,3,5,6,0,3,5,3,3,5,4,5,4,4,0,3,3,5,4,5,2,0,3,5,4,1,6,2,0,6,1,6,2,2,2,2,0,0,3,3,5,4,7,7,1,2,6,2,0,3,5,3,5,4,5,3,5,5,7,3,5,5,4,1",5
"1.992972,2.072660,9.308003,9.538300,9.944360,9.954076,9.959257,29.055767,57.427116,72.373018,90.483810,108.599411,108.724178,110.518028,138.437633,159.456822,159.957519,160.032462,160.128541,160.217248,165.376122,165.452363,165.483758,165.539906,165.565094,165.607503,165.672529,165.740684,165.742545,171.649681,171.826107,171.848716,171.915094,171.994755,172.127948,172.155243,172.184126,172.249824,172.407841,172.504899,172.603400,172.672708,183.684108,183.697064,183.730168,188.049870,188.103081,195.442527,202.765531,202.837997,202.842413,202.883190,202.912908,202.979044,203.112771,203.243921,203.255034,207.803630,207.851898,207.973755,207.993401,208.023308,208.045096,209.315469,209.407664,209.544598,209.802457,210.029943,212.200331,226.113194,226.205900,226.237519,242.964043,242.981738,242.987196,242.990870,267.159401,277.059457,277.063343,281.695027","5,4,2,0,3,5,5,0,6,1,3,5,4,3,2,3,2,5,4,7,6,2,2,2,0,0,0,3,5,1,6,2,2,2,2,0,3,5,3,5,4,5,3,5,5,0,3,0,1,6,6,2,2,2,2,0,3,3,5,4,7,4,7,6,2,0,3,0,2,5,4,4,3,5,4,7,1,4,7,5",5
"12.761709,12.881051,12.892294,12.913099,12.920837,12.950088,12.959452,12.965567,13.002643,13.088845,13.982151,27.998756,50.707449,52.144365,68.402410,85.423382,86.756091,86.767860,88.789850,94.027794,103.195918,103.322412,103.332232,103.414742,112.061916,112.142669,112.177981,112.183756,112.312708,132.719995,138.383036,138.395458,152.375856,158.697965,159.156933,169.708920,173.847540,173.950059,174.224821,174.304907,174.361247,177.943708,178.418483,178.875561,178.899328,178.947402,198.544590,202.337343,221.116130,221.202974,223.306880,223.348148,223.364774,223.401128,223.412225,223.587221,223.631386,223.632427,237.316188,244.080434,272.579918,272.624448,272.684397,272.808637,273.893166,273.913778,274.002321,274.006750,274.033923,274.096388,274.109412,274.117509,274.125067,274.152709,274.162674,274.176238,274.277692,274.283053,274.295025,274.301436","1,6,6,2,0,3,5,3,5,5,4,4,4,5,2,4,0,3,1,3,1,6,2,2,6,2,0,3,2,1,6,2,3,5,6,4,1,6,2,0,0,5,0,6,2,2,0,6,5,4,0,3,4,7,1,5,4,7,3,1,4,7,7,1,6,2,0,2,0,3,3,5,5,4,7,0,5,4,7,4",5
"12.808849,13.157964,13.173295,13.178845,13.239642,13.282559,25.166143,30.766007,30.867105,30.904563,41.093905,67.618214,67.647716,67.787787,67.801922,67.846734,67.871130,67.886462,68.024764,68.150209,68.280990,68.411367,83.119326,83.194191,83.217858,83.275511,83.317951,83.406172,83.448376,83.501957,83.608996,83.671116,83.681852,83.840994,84.014091,84.106488,84.137373,108.897196,125.034416,132.524370,132.564800,145.381505,145.536144,145.575935,145.724990,145.970423,145.975588,146.022321,146.161860,146.195428,146.217261,146.323631,146.398932,146.601115,151.275762,151.292635,166.189923,181.400896,193.022981,193.138271,203.106242,204.870719,204.911033,230.083490,230.383247,230.432596,230.474944,232.368018,232.395255,233.785828,233.810941,233.828340,249.211391,255.850873,269.099315,269.144128,269.243318,269.348096,269.553683,277.396425","2,1,6,6,2,0,3,0,3,6,3,3,5,5,4,4,7,7,7,1,6,6,1,6,6,2,2,6,2,0,0,3,5,2,5,3,5,3,5,4,7,4,7,1,6,6,2,2,0,3,5,3,5,5,7,1,4,4,1,6,5,3,5,5,4,7,1,3,5,4,7,7,5,4,2,0,3,3,5,4",5
"4.661199,4.728271,4.842757,4.923750,14.858969,19.251388,19.267269,55.319811,58.108651,58.113829,64.992140,100.081759,100.154047,100.210835,117.962655,117.975230,117.981038,143.102539,143.241875,177.547986,205.869729,214.047706,225.221619,232.544908,241.342187,243.142081,250.369163,250.455305,250.640289,251.268523,258.109769,258.128864,277.054478,279.669068,279.678599,279.682819,279.747406,291.592811,291.638649,291.654170,291.735443,291.756435,291.798458,291.808021,291.818870,291.855567,291.909153,291.921214,291.922648,291.977342,292.006805,292.052082,306.609225,318.530153,323.982261,343.150429,359.401157,359.420386,359.495150,359.514336,359.602108,360.140631,360.144354,360.341116,366.124801,375.889304,380.933568,386.040842,397.497862,397.743184,399.317256,402.123307,413.080087,424.927404,424.934344,424.947684,424.977690,425.044328,425.289286,436.028079","5,4,7,7,1,5,4,7,6,2,2,5,4,7,2,0,3,4,7,1,0,5,6,7,1,3,1,6,6,5,3,5,0,2,0,0,0,0,3,3,5,4,5,7,4,4,7,5,1,6,2,0,5,3,5,7,0,3,5,3,4,3,5,5,5,6,2,2,3,5,7,6,4,4,7,1,6,6,7,6",5
"12.006735,17.807087,18.024051,19.170893,19.427171,19.539258,19.609929,19.856824,25.919441,43.891236,43.963687,43.983308,44.200727,58.592890,58.661319,58.706453,58.707322,58.750335,58.770076,58.808488,58.874503,58.880378,59.265809,81.223872,81.229749,81.439228,81.488769,84.470722,84.472047,84.513118,86.765708,86.790531,86.885111,86.968916,87.163605,100.655195,100.727511,100.763297,100.822373,100.843244,109.967996,113.004858,115.420293,115.824259,124.441448,139.257094,139.268469,140.839743,141.064224,143.124957,152.469385,152.486645,152.633565,180.410206,182.027324,182.149570,182.200119,185.582589,193.564167,193.768006,202.369735,208.125471,208.209495,217.451333,227.136857,227.185437,229.962694,230.221197,230.240288,230.253157,230.260488,230.263556,230.282483,230.301007,230.319880,230.332051,230.384747,230.394058,230.507598,257.370107","5,4,7,6,2,0,3,5,2,7,1,6,6,2,0,0,0,3,5,3,5,4,5,7,2,1,6,2,0,3,7,1,6,2,5,0,3,3,5,4,5,0,1,6,3,4,7,3,5,0,5,4,7,1,0,3,5,0,1,6,0,5,4,1,1,6,6,2,0,3,3,3,5,4,2,0,5,4,5,5",5
"16.687157,16.704268,16.957010,16.962058,16.980100,16.989371,17.085294,23.354954,23.357173,38.023264,38.069190,38.118858,38.149737,38.568332,38.578999,38.599961,41.149374,41.162222,42.142259,42.249884,42.261466,64.112625,64.117717,64.147517,67.169075,67.215022,67.324101,67.536272,96.969064,132.105436,141.973928,144.954579,144.992351,145.048839,145.123062,145.136563,145.167320,145.236721,145.426629,145.517477,145.608613,145.956217,146.044562,153.971016,156.313936,156.388366,156.402739,156.471565,156.518522,179.578658,179.609880,179.616079,179.631022,179.902997,183.108346,183.294301,183.298027,183.339169,183.381488,183.406943,183.456477,183.468407,183.523633,183.533516,183.533651,183.596019,183.661792,213.491555,213.565905,213.602728,219.152837,224.603200,224.652112,224.667574,224.711769,224.715304,224.772856,224.843204,224.847372,224.882468","6,2,2,0,3,3,5,3,5,7,1,6,2,4,2,0,6,2,4,7,1,0,3,5,5,4,7,4,7,4,3,2,0,3,5,4,7,1,1,6,3,5,4,2,1,6,6,2,0,2,0,3,0,0,3,5,5,4,4,7,1,7,4,7,1,7,1,6,2,0,3,1,6,2,0,0,3,5,5,4",5
"28.740517,28.789246,28.897923,28.989590,29.005838,29.106307,29.235995,29.411162,29.496957,29.615705,29.712024,29.720996,29.827450,29.831587,29.919903,30.024023,30.299467,30.305433,30.590728,47.166004,47.173195,47.366263,47.483062,47.583518,54.279354,54.423831,54.438603,54.470066,54.502994,54.566275,54.571056,54.604989,54.659918,54.755920,54.800344,54.832577,54.957355,54.957491,54.972921,55.016927,55.020439,55.126189,59.864039,70.810638,70.817412,80.836555,80.879895,82.550187,82.593972,82.594588,82.608602,82.610348,82.667617,82.741902,83.032545,123.828774,131.928450,131.971834,132.052690,132.095274,132.095299,132.186802,132.206256,132.610204,133.801171,133.976657,167.010566,167.274367,167.296008,167.335123,167.399672,167.425959,167.458165,167.552876,167.607057,167.639430,167.713588,170.188035,173.886648,173.966924","1,6,2,0,3,2,5,4,7,1,1,6,6,2,6,2,0,3,2,0,3,5,0,3,0,3,3,5,5,4,4,7,7,1,6,6,2,0,3,3,5,6,6,3,5,3,5,2,0,3,5,5,3,4,5,5,3,5,4,7,7,7,1,1,0,3,7,1,6,6,2,0,2,0,3,5,3,6,4,7",5
"14.662876,14.674289,15.119904,15.194991,15.451331,20.884281,20.954068,32.428657,32.885710,35.154119,35.327865,35.336236,35.418978,35.446301,35.460041,35.497775,35.524381,35.609905,45.339959,45.546512,45.636923,45.669605,45.690181,45.919581,46.981719,67.204500,67.223648,67.275250,67.372517,92.621786,92.658075,92.670112,92.685832,92.757058,92.761232,92.765420,92.812659,92.889369,92.893105,92.934625,93.000143,93.024323,93.039370,93.070019,93.085580,93.178559,93.188568,93.280021,93.333251,102.240116,103.092780,108.385445,108.452548,111.364460,111.423633,120.114175,125.622046,131.100030,131.243916,140.458527,150.790390,150.795714,150.806206,150.836184,150.837420,150.851078,150.872559,150.883244,150.893158,150.911604,151.087786,151.198531,152.687496,155.457710,157.701818,166.410381,169.278094,169.284518,169.326011,169.326420","3,5,4,7,1,4,7,7,1,7,1,6,2,0,3,5,6,5,3,5,4,4,7,1,0,6,2,0,2,0,3,3,5,3,5,3,5,5,5,4,4,4,7,7,7,7,1,4,1,6,6,0,4,4,7,0,6,2,0,4,3,5,5,4,5,5,4,4,7,4,4,7,5,2,7,1,3,5,5,4",5
"2.580911,10.856166,10.873752,10.896034,10.939449,10.952261,10.975185,10.993632,11.008200,11.018668,11.067841,11.071875,17.166419,21.108141,36.392796,36.487435,36.498951,36.509675,36.553397,36.569244,36.616417,36.623306,36.625936,36.645629,36.776499,36.800602,36.840926,36.902342,43.807821,49.949181,50.777436,53.186741,63.874046,63.972904,64.052607,65.723738,75.872451,111.620180,113.383143,121.973713,125.286535,126.557553,126.714317,126.769085,134.217623,142.031554,142.115249,147.705765,147.707867,147.765983,148.539268,152.811833,152.847551,152.869496,152.953880,152.957560,157.724759,157.823647,169.034023,191.367677,191.853008,211.716272,219.638668,229.751028,229.778950,244.749022,253.890462,258.113059,259.606947,270.776085,274.510759,274.529966,274.537388,274.544736,274.550161,274.579034,274.606378,274.619405,274.656173,274.664106","1,3,5,4,7,1,6,6,1,6,6,5,4,4,0,3,5,4,4,5,7,7,1,4,7,7,1,6,4,1,1,4,3,5,5,0,1,3,1,2,4,0,3,5,5,0,3,4,7,1,3,0,3,5,5,3,2,0,3,4,5,3,4,4,7,4,0,5,0,0,0,3,3,5,3,4,4,7,7,1",5
"23.364109,26.349655,26.393603,26.754276,26.788462,26.800513,26.952084,26.988945,27.030867,27.230573,27.307816,27.385074,30.610729,30.693270,30.742500,42.958762,51.783257,54.335586,54.537667,54.551538,54.648462,54.680215,54.752012,54.909868,54.944608,62.317874,86.969769,94.464462,94.594430,94.676392,104.897014,104.945439,104.958332,104.967894,110.202869,122.007844,124.367105,124.408573,124.469190,125.279180,125.279846,125.290693,125.351474,134.931945,135.114218,135.173002,135.298775,135.424974,138.697153,143.415130,143.460633,146.137862,146.304209,146.309864,146.359041,146.396339,146.438379,146.482840,146.652731,146.711468,146.794512,146.850803,146.968783,152.933759,152.984347,153.196210,175.504100,193.861643,193.863083,194.002692,194.099907,194.169736,215.120691,215.149654,215.209108,215.261096,215.303014,215.344701,215.359248,215.380878","0,7,1,1,6,2,0,3,6,3,3,5,2,0,3,3,4,3,5,4,4,4,7,7,1,6,5,2,0,3,5,4,7,7,4,5,5,4,7,5,4,7,4,6,0,3,5,4,5,0,3,5,4,7,7,7,1,7,1,6,2,0,0,7,1,6,6,1,6,6,2,0,7,1,1,6,6,6,2,1",5
"0.449492,1.195319,9.571611,9.604513,9.798731,9.800491,20.727565,21.933009,43.763935,100.473630,100.546635,118.430501,132.391969,133.823384,174.322074,192.186674,192.486797,192.499140,192.514597,192.532925,192.618428,192.636313,192.708158,193.788237,214.939637,235.286275,260.556426,260.589185,260.648974,270.099765,270.130974,270.182387,270.433156,270.472641,270.509734,270.645720,270.805320,270.933011,271.022032,278.345908,278.368565,278.633690,302.746746,302.865557,310.896252,311.062861,336.376825,336.393361,353.480841,353.538528,353.586960,353.959039,367.341287,368.132644,370.111986,370.115226,370.136550,370.205782,370.463782,377.376462,377.419936,377.579839,377.583185,378.601032,378.629721,378.650008,378.651641,378.750625,378.868308,378.952837,387.618395,404.942635,426.327947,431.057368,459.635289,459.641263,472.281501,472.349344,483.916796,483.958026","6,2,6,2,0,3,4,6,0,6,2,6,4,0,5,2,0,0,3,3,3,5,5,3,6,6,1,6,2,6,2,2,2,0,0,0,3,5,5,5,4,7,5,4,5,4,5,4,6,2,0,3,4,6,1,6,6,6,2,6,2,2,0,3,5,4,5,5,4,7,3,7,3,1,5,4,3,5,0,3",5
"16.264029,16.284427,16.411568,18.401205,18.419595,21.731812,21.902516,48.329424,48.360062,48.369274,48.557940,48.622236,48.813151,48.965154,49.383479,53.729308,53.794007,54.065969,81.398265,83.585661,83.728837,117.961078,118.034330,118.389785,119.957213,120.002550,120.117427,120.225390,120.237384,120.395847,197.807246,197.820321,197.892059,197.901907,224.285664,224.383435,224.412267,227.610991,227.669557,227.912568,237.535047,237.555354,237.800565,237.861681,249.044167,249.068033,249.084777,249.096190,249.185838,249.204254,249.350721,249.466712,261.217945,261.769968,265.828329,265.846671,278.578392,278.659054,278.706936,278.832961,278.881569,279.928663,279.986620,280.000906,280.031049,282.893922,282.901612,283.066087,283.071044,283.246759,283.270291,283.281872,288.283392,288.319519,288.417390,288.435712,288.467333,288.470694,314.365838,324.963951","6,2,0,0,3,2,0,3,5,4,4,7,7,1,6,7,1,6,0,0,3,4,7,7,3,5,5,5,4,4,0,3,5,5,5,4,7,5,4,4,7,1,6,2,1,6,6,6,2,2,2,0,5,4,6,2,3,5,4,4,7,2,0,3,3,6,2,0,0,3,5,5,0,3,5,3,5,3,5,3",5
"28.302947,28.359460,28.463303,28.468425,28.513050,28.642956,28.649608,28.848351,28.979352,29.001801,29.007507,29.072142,29.121033,29.141446,29.185770,45.415832,45.617532,46.967997,48.259763,48.278871,48.292828,48.320700,56.431800,59.545904,59.548921,93.050313,106.388067,106.394088,112.058864,112.114530,112.122225,112.130512,112.134264,112.147586,112.182683,112.275922,112.329507,112.414891,112.533817,112.592256,112.616560,112.858352,137.583787,137.601001,137.635857,137.762927,137.941551,138.044174,138.055781,144.747556,147.072696,147.073834,147.119229,147.178178,147.178384,147.180759,147.208880,147.211833,147.223255,147.236596,147.269132,147.271116,147.283090,147.415607,153.539722,153.705464,159.550880,160.403702,160.499705,160.563196,160.600970,160.636204,160.713365,161.217974,165.035931,165.056442,165.205983,165.223452,165.279931,165.315122","3,5,4,4,7,7,7,1,6,6,2,2,0,0,2,0,3,6,2,0,4,3,1,3,5,6,5,4,7,1,6,2,2,2,0,6,3,5,5,4,5,4,0,3,5,4,7,1,6,2,0,3,3,5,5,5,4,5,7,5,4,3,5,4,6,2,0,1,6,2,6,0,3,5,7,1,1,6,6,2",5
"38.496050,40.463845,56.661795,57.218635,59.367598,84.793911,91.178931,98.182219,112.166555,112.194307,112.272693,112.349346,112.366406,112.398403,112.465046,112.470340,136.126934,136.152986,136.174986,136.197270,136.208577,136.216812,136.229856,136.233280,136.265417,136.369537,144.074815,144.100560,144.581616,144.691092,147.429718,147.982227,181.086571,181.117025,181.136697,181.155402,181.165028,181.221438,181.249261,181.250619,181.290133,181.318702,181.332207,181.406033,181.445345,181.464176,181.492366,181.515685,181.595942,210.776372,210.785443,210.851190,210.963579,211.018494,211.119923,211.146859,211.225356,218.752291,218.807789,229.819434,229.880985,249.157800,284.732932,299.674836,303.646376,303.662488,303.687254,303.708638,303.775937,303.796469,303.944460,303.995296,304.176208,304.592584,305.764313,318.128707,325.897750,325.998253,329.073591,329.326212","7,2,3,4,3,2,2,1,5,4,7,4,1,7,1,4,7,1,6,6,2,6,2,0,2,0,2,0,0,3,3,1,5,4,7,1,6,2,7,2,1,0,6,2,0,0,6,3,5,5,4,4,4,7,7,1,6,1,6,0,3,6,3,2,5,4,4,7,4,7,1,1,6,0,5,0,3,5,7,1",5
"15.037261,16.568330,23.729515,24.188805,42.618236,42.675542,45.404433,135.537268,135.550081,136.020958,151.758283,164.817502,164.977440,175.242904,181.537467,181.561430,196.169553,238.148393,238.184640,238.307537,238.321173,249.023427,259.329626,259.330314,259.367594,259.370003,259.411319,259.420843,259.486675,259.702050,269.298061,273.305807,273.445977,277.921569,277.947100,278.023960,278.103943,288.941076,288.983122,289.203136,303.813118,304.046055,304.204532,304.220976,326.962718,327.151329,345.193181,345.194063,345.225535,345.296282,345.312673,345.363865,345.364300,345.412011,345.606362,345.694733,345.742707,360.077576,383.488092,389.621715,389.639762,389.644090,389.644413,389.648136,389.673902,389.721258,389.828272,389.965518,390.043589,390.094576,390.110992,390.120730,390.149679,390.362271,390.366128,390.469221,390.990583,418.576035,434.275627,453.703648","5,7,5,6,1,6,4,1,6,6,4,5,4,7,4,7,4,2,0,3,5,6,4,7,7,1,1,6,6,2,2,5,4,1,6,6,6,1,6,6,5,4,7,1,6,2,3,5,5,4,5,7,7,4,1,6,6,4,6,2,0,3,0,5,5,3,3,4,7,1,6,2,0,3,5,5,0,0,3,4",5
"29.315348,29.418576,32.049700,32.305985,32.317176,32.525534,32.587794,32.596803,32.613596,48.669952,50.311386,50.387143,57.819218,57.875613,57.931073,61.085445,68.993727,89.467050,94.304522,94.320113,96.809573,96.845679,96.852078,96.985224,101.845812,111.007565,111.112434,120.123004,120.180856,142.774767,142.775173,142.801642,142.805165,142.818130,142.838199,142.868266,142.882790,142.891790,142.960991,142.962779,143.087970,143.096567,165.705722,172.079456,172.145992,185.922028,186.102022,201.301593,210.876607,210.883353,211.051763,221.634400,232.008236,232.032467,244.902544,244.952452,244.972371,244.997029,245.102327,245.435357,245.440967,245.455939,245.461259,245.462177,245.511110,245.532172,245.538950,245.575056,245.655593,245.747505,245.794872,245.964313,255.596887,255.730070,255.808852,255.822740,255.912817,255.949574,284.796240,284.860625","1,6,7,1,6,1,6,6,2,4,1,6,2,0,3,2,6,0,2,0,0,3,5,5,0,0,3,3,5,2,0,3,5,0,5,4,0,3,5,4,2,3,4,3,5,0,3,2,1,6,7,6,5,4,5,4,4,7,7,1,1,6,2,0,2,6,0,0,3,0,3,5,1,6,6,2,0,2,1,6",5
"33.989909,35.362891,35.677091,38.282048,38.287431,38.413835,38.535286,42.723996,45.510164,52.845024,52.966591,59.344185,59.463660,59.502794,59.577203,59.589569,86.605821,86.664595,110.296370,110.420760,110.600800,146.603595,150.832899,150.846102,150.864050,184.289086,184.392682,184.409254,184.484000,184.484768,184.497092,184.547964,184.643882,184.785075,184.806736,184.867138,203.525532,203.554035,203.673791,207.730306,218.301888,247.751287,248.058562,248.073730,251.573416,273.111172,273.413555,293.686200,295.811075,331.957289,352.126388,371.206728,380.823780,387.182268,387.233974,387.266171,387.277828,387.367356,387.380327,387.392047,387.536475,387.564314,387.580190,387.656143,387.667975,388.323483,388.587747,393.939253,394.018358,406.742240,406.826033,406.882634,406.985732,429.266934,429.322044,429.352939,429.407297,431.784495,450.038995,450.047617","7,6,2,6,2,2,2,2,2,0,3,6,2,2,0,2,1,6,2,0,3,7,3,5,5,1,6,2,0,3,5,4,7,1,6,2,6,2,0,1,6,3,5,4,7,7,1,5,2,7,4,5,2,4,7,1,6,6,7,6,2,0,0,6,2,4,7,1,6,2,0,3,5,3,5,5,4,5,1,6",5
"3.616804,6.796742,7.999037,21.307193,25.724490,25.798897,25.855402,25.870272,25.884367,25.887006,25.970036,26.196648,26.278856,34.483187,53.610633,53.622134,56.696454,57.089600,57.177101,57.329571,57.429801,57.510144,64.450759,71.430683,87.283794,87.373231,107.085038,108.353534,108.567317,108.601918,108.657912,108.675064,110.546861,142.704874,142.876193,143.018858,143.259630,143.325060,143.400258,143.413229,143.497968,143.656680,178.556320,178.689823,178.994144,179.142727,210.242568,217.767066,225.323599,225.345309,225.745603,225.754833,225.992667,275.267247,275.329795,285.125102,288.874588,289.018269,289.043729,290.734563,332.498222,332.514201,332.608259,332.614312,332.622520,332.652231,332.710711,332.725702,332.746601,332.768642,332.775405,332.819939,332.883810,332.914825,333.055996,333.213547,333.262344,359.995585,376.134668,376.148057","0,2,2,5,3,5,4,7,7,4,1,1,6,1,3,5,1,6,2,0,3,5,7,3,6,2,2,2,0,3,5,5,3,2,0,3,5,5,4,4,7,7,3,5,4,7,0,2,6,7,2,0,0,6,2,3,7,1,6,0,4,7,7,1,6,6,2,2,2,6,0,2,3,2,1,6,2,0,1,6",5
"26.142221,28.026892,30.978677,31.483899,41.276716,43.974269,43.983988,56.401799,69.368453,100.702293,100.725430,100.790027,100.858425,105.004887,105.008904,109.842378,109.869411,110.336614,146.933561,147.006802,151.587486,159.902065,164.796996,165.226414,165.273232,165.564999,186.168533,189.187495,189.230024,189.241156,189.256362,191.894191,203.187153,222.997600,223.019078,223.064050,224.679432,224.685704,224.712580,225.881508,233.393875,235.286184,235.290638,235.318456,235.330016,235.354112,235.408016,235.484570,235.733392,236.055840,247.391967,247.541817,247.549283,250.469034,281.669970,281.676620,296.081652,301.645424,312.597972,312.599971,312.600805,312.672871,312.752013,323.786178,323.795803,323.931160,348.509021,351.848257,352.018154,364.603426,364.763343,364.790440,368.991392,369.035502,369.102788,369.192481,388.586989,388.722568,434.324431,434.464087","7,3,6,1,1,4,7,7,2,7,1,6,2,1,6,4,7,1,2,0,4,3,5,1,6,2,3,2,0,3,5,7,3,7,1,1,3,5,5,5,5,7,1,6,6,6,2,6,2,0,4,7,1,5,4,7,7,4,2,0,0,3,0,1,6,6,4,4,7,1,6,6,1,6,2,6,0,3,6,2",5
"11.602284,25.721205,33.815132,33.873127,60.737261,60.772380,60.774223,64.120951,64.175806,64.200690,64.285335,64.309498,68.084913,68.088581,75.445097,75.456553,75.474132,75.537227,75.564495,75.681153,90.482559,90.705849,100.327297,102.108452,102.137040,103.373201,104.978538,134.025699,134.087241,134.151329,134.172412,134.244446,134.310309,134.320545,134.413038,134.668865,135.048415,139.981280,144.455166,144.464538,144.503334,144.516060,144.522070,144.537118,144.604713,144.615308,144.787073,149.681675,149.690068,149.708058,149.795222,149.809567,149.948137,149.964080,150.053882,150.054750,150.068963,155.200629,155.239283,158.894688,169.389827,173.430477,193.495181,193.498234,193.531619,193.550523,193.556006,193.605885,193.610013,193.642805,193.743871,193.887899,202.467784,203.245447,203.358869,203.390578,214.768201,214.784511,215.096813,215.157898","3,0,3,5,7,1,6,2,0,3,3,5,0,3,0,3,5,4,4,4,4,7,1,6,2,4,7,1,6,6,2,2,0,0,3,3,2,3,4,7,1,6,1,6,2,2,2,4,7,7,1,1,6,2,0,7,1,6,2,5,7,2,0,3,3,5,3,4,7,3,4,7,0,1,6,6,1,6,6,2",5
"18.477566,20.361480,25.145901,32.686609,32.695587,38.469518,38.685767,38.756277,38.781402,38.828342,63.062605,75.689646,78.747279,84.607832,84.962893,85.015058,85.362198,87.296674,91.400381,91.411819,91.646671,91.650855,91.678541,91.743137,91.857869,91.873831,91.941866,132.249403,132.274725,132.626875,132.679044,134.704387,134.729947,134.741529,134.762029,162.076276,162.455209,162.504763,162.578340,162.593762,162.634527,162.672315,162.850075,162.906509,162.957132,162.960004,163.004193,163.024575,163.170880,177.532161,177.565781,193.871728,202.763384,203.121687,203.205971,203.283408,203.427133,203.566311,203.578650,203.729391,240.292265,240.300332,240.306274,252.138145,275.400283,289.602663,295.048224,296.625240,304.223241,331.148908,331.290883,331.349294,331.477717,331.579376,333.202236,338.535113,338.588376,338.642119,338.651460,355.843033","4,3,6,3,5,5,4,7,7,7,1,4,1,5,4,7,1,3,7,1,1,6,6,6,2,0,0,7,1,6,2,3,5,4,4,2,4,7,1,6,6,6,2,0,0,3,3,2,0,1,6,3,5,4,7,1,7,1,6,2,1,6,6,5,0,5,1,5,2,1,6,2,2,0,0,6,2,0,0,2",5
"20.752646,20.791362,20.989180,21.000432,21.059925,21.164615,25.268967,25.345845,29.200210,29.217866,29.237919,29.291993,34.779836,54.080401,54.143965,54.154004,68.780738,76.738991,77.018893,77.093292,77.149156,77.211614,77.248424,77.300657,90.723170,90.802090,95.721724,95.833061,105.946466,109.199604,135.965847,136.021319,136.032413,136.033728,137.348667,140.163329,143.801693,146.617166,146.669350,153.959054,154.092415,157.474894,157.856092,157.898288,157.916459,157.925020,158.044864,158.093984,175.823364,180.831923,180.893203,182.313690,187.881487,187.996793,187.997343,188.044313,188.050154,188.150414,192.996379,193.424988,193.466654,200.949390,201.039211,213.420749,222.995716,230.174312,232.722183,234.814712,234.941543,248.000932,248.006921,248.032672,248.039276,248.290454,248.432265,248.512550,248.550749,248.597757,248.811946,248.977335","6,2,0,3,5,4,6,2,0,3,5,3,4,5,1,6,2,2,0,3,5,5,4,4,7,1,6,2,2,1,2,0,0,0,7,7,2,0,3,4,7,5,4,7,1,7,6,6,3,7,1,4,1,6,2,2,0,0,0,6,2,2,0,0,1,0,0,4,7,3,5,5,4,7,1,6,6,6,2,0",5
"8.871330,9.166267,9.275571,25.611804,25.653343,25.745888,26.274644,30.112411,44.887002,44.984370,46.369629,46.447345,46.504810,46.538396,46.553990,46.585007,46.611987,46.680995,46.752979,46.940689,46.973161,46.977016,47.024699,47.051663,52.112135,52.352520,52.383235,52.399644,52.402047,52.443030,52.454983,52.461924,52.467247,52.558342,59.716171,59.739303,59.771404,59.783067,59.806662,59.811599,73.297193,85.958134,94.985537,95.025095,108.053469,108.114564,108.121067,120.762180,120.821987,120.837796,133.783552,133.823853,137.970425,138.013655,166.262867,166.382771,172.005887,172.074577,211.627077,215.825119,215.996612,220.409748,240.055829,240.121810,243.970715,244.199418,244.208317,244.227218,244.425266,263.468021,284.979117,287.971209,299.236053,299.247429,299.352860,299.352932,299.453046,299.462993,299.581467,299.612645","3,5,5,3,5,5,5,0,3,5,6,2,0,3,0,3,5,4,7,4,7,1,6,1,5,2,0,3,5,0,3,5,0,3,6,2,2,0,2,0,7,4,3,5,5,4,4,3,5,4,5,4,7,1,5,4,4,7,0,1,6,7,0,0,7,1,6,2,6,5,5,7,0,3,3,5,5,4,4,4",5
"12.728131,15.399858,31.564400,39.105137,39.501280,39.592033,39.606589,40.385668,59.067444,63.888106,63.899164,70.318991,70.594612,79.232204,88.021502,88.559769,88.589654,88.619011,88.703116,107.346446,107.387600,107.445964,107.510837,136.997687,137.019991,137.096759,137.144984,154.481840,172.372303,172.521459,172.675801,172.678737,172.683902,174.433500,182.265772,182.313423,182.324622,182.518366,194.806728,194.816782,194.849724,195.009470,195.059829,205.994765,210.322791,233.896727,234.204590,242.822542,242.866371,242.871522,242.886045,243.059702,243.066567,243.075215,243.080067,243.104587,243.136492,243.191365,243.191876,243.258745,243.277912,243.279478,243.332335,243.408924,243.413040,243.433232,243.450020,243.647660,248.191260,254.706216,261.045363,261.075344,261.108910,261.120616,261.155511,261.191087,261.210953,261.214919,261.234370,261.253078","7,4,4,7,1,6,2,4,1,5,4,6,2,5,7,3,5,5,4,1,6,6,3,5,4,7,7,0,3,5,5,4,4,6,0,3,5,1,2,0,3,5,4,4,2,3,5,7,1,1,6,1,2,0,0,2,6,0,3,3,5,5,5,4,4,7,4,7,0,3,7,1,1,6,6,2,2,2,0,6",5
"9.093322,14.516004,14.611354,20.273532,20.277464,20.282040,20.321951,20.349255,20.416827,53.442147,67.789980,67.815725,67.868772,67.926845,69.650113,69.831052,72.549133,72.609489,72.645957,72.667018,72.990816,72.993272,80.990366,81.088250,81.288058,81.346462,81.350416,81.364850,81.367382,81.402583,81.407352,81.436165,81.476695,81.481449,81.482631,81.504593,81.511415,81.516327,81.527374,81.529455,81.533866,81.540276,81.543738,81.552979,81.562052,81.567765,81.581497,81.581596,81.585220,81.611905,81.638559,81.671561,81.684154,81.712424,81.775169,98.007268,98.199127,98.266417,98.482890,99.310788,100.692843,100.749783,100.839541,100.936894,118.005120,118.051532,118.053409,118.383947,118.424789,132.236702,156.546154,156.785816,156.792518,156.907585,156.911000,156.926476,156.960411,156.961673,156.980972,157.122461","1,1,6,5,4,7,4,1,6,7,1,6,2,2,7,1,0,3,5,3,5,4,2,0,3,5,4,7,5,7,4,7,1,7,6,2,5,4,7,6,1,7,7,6,2,6,0,2,4,1,7,4,6,7,1,4,7,1,1,1,7,1,1,6,7,1,6,2,6,6,4,7,1,6,2,1,6,6,2,0",5
"3.416098,3.495804,6.417492,6.516870,24.882635,24.883971,24.885215,24.949448,25.010098,25.017755,25.069528,25.085404,25.110009,25.341951,25.382454,25.454511,25.466451,25.602001,25.634437,25.756205,25.965512,35.987497,36.813082,36.946942,37.030270,37.131130,38.424950,38.454789,38.953636,38.966675,39.149963,46.887761,56.603779,56.640332,56.756189,56.773230,56.826808,56.831461,56.875739,61.160658,61.257519,61.410093,61.470864,65.933618,65.970440,65.983050,66.081564,66.091866,66.109818,66.127917,66.135879,66.176494,66.247963,66.613704,66.857841,68.596698,68.629964,68.687850,68.705778,69.312826,69.330143,69.432236,99.000175,106.824260,157.852491,157.887548,157.890172,158.033496,158.070961,158.121374,162.870979,200.938267,200.991405,201.049427,214.484990,225.065843,277.397783,277.404822,284.511721,284.524700","5,4,7,1,7,1,6,1,6,2,6,2,2,0,3,5,4,4,7,4,7,4,7,1,6,2,4,7,1,6,2,7,7,1,1,6,6,2,2,7,1,6,6,4,7,1,6,2,2,0,3,0,0,5,4,3,5,4,7,4,7,1,3,4,3,5,5,5,4,4,7,0,3,5,7,1,2,0,1,6",5
"26.487937,28.462311,28.514339,28.764084,28.830244,28.936604,34.450990,34.476188,35.084280,35.085757,35.096317,35.206151,35.290380,53.799388,57.045496,57.120538,61.475168,61.755943,62.831715,66.821265,66.881771,66.983406,67.046945,67.626933,78.338367,92.710914,92.715808,94.817580,99.101050,144.471691,144.516977,144.531786,154.551181,156.201473,198.673718,204.632530,204.658413,225.155456,225.230621,225.236264,229.219718,229.271103,229.534959,229.543967,229.549916,229.551932,229.568464,229.572721,229.664689,229.696015,229.700556,229.712696,229.718890,229.741197,229.790386,229.888589,229.933753,229.993118,230.027620,246.231743,259.662025,259.663937,261.292086,261.362929,261.371959,261.389463,261.396934,261.498916,261.544981,261.570529,261.650614,306.496673,314.298154,333.041564,333.074666,333.100176,333.143674,333.251081,333.665218,333.696353","5,1,6,6,2,2,7,1,0,3,5,4,5,2,5,4,4,7,1,4,7,1,6,2,4,6,2,2,0,3,5,5,4,1,2,5,4,3,5,4,6,2,0,0,3,5,3,5,4,5,5,5,7,4,1,6,6,6,2,6,4,7,7,1,6,2,6,6,6,2,2,4,6,0,3,5,3,5,7,1",5
"0.140550,0.537254,0.648151,5.724032,5.796121,5.855966,5.905444,8.964894,15.204409,15.510552,15.609393,16.589562,53.504563,72.584013,73.799579,73.859244,73.876310,88.575390,88.601981,88.657013,88.689462,88.761342,88.774642,88.787720,88.809368,88.823492,88.827483,88.929707,88.942439,88.944407,88.999614,89.125165,89.126113,89.162342,96.309823,102.229821,102.365901,102.404563,116.186762,116.196617,116.306851,120.337657,147.716735,150.505228,150.528319,150.569509,150.619752,150.759055,150.887158,150.903090,150.922424,150.931342,150.940808,150.973967,151.148423,151.256323,151.263302,151.475649,152.940258,153.068002,153.087299,161.210347,172.193824,172.203107,173.510136,173.510544,173.590132,173.645884,173.703983,177.393866,177.398757,177.491536,177.500152,177.528320,177.609518,177.610172,177.815959,177.839986,190.640870,190.723297","7,0,3,5,4,7,7,3,3,3,5,7,4,7,2,0,0,2,0,3,0,3,3,5,5,5,4,5,4,7,7,1,6,1,5,4,7,1,1,6,2,0,5,2,0,3,5,4,4,7,4,7,1,1,6,2,6,0,5,4,7,1,5,4,3,5,5,5,4,3,5,4,4,7,1,6,6,1,6,2",5
"19.222702,23.077675,49.589073,49.606605,49.804270,51.456985,51.582198,67.127353,99.317680,104.917697,118.133678,118.332911,118.410013,118.433705,148.618137,148.669471,148.669869,148.689941,148.757747,151.109820,158.916003,158.978696,159.098853,159.136681,159.142183,159.234098,159.300721,164.736154,165.025478,184.100819,184.106261,184.125777,190.063527,194.947639,219.501723,219.520822,219.524685,222.879752,224.562966,225.567816,225.586646,225.793039,225.923425,225.982786,226.013218,247.032248,270.798640,270.858393,274.623851,321.752152,357.797015,357.801926,357.909952,357.914793,357.949495,357.973836,357.988354,358.002204,358.017618,358.042892,358.058068,358.081742,358.098561,358.153290,358.162494,358.225108,358.255798,358.294545,373.085751,373.204719,373.245287,410.849352,410.882229,416.917527,418.889157,423.034535,423.488183,427.403829,428.477608,434.858232","6,7,7,1,1,7,1,5,4,2,1,6,2,2,2,0,0,0,3,3,5,4,7,1,6,2,6,3,0,3,5,5,4,2,3,5,5,7,2,1,6,2,6,2,0,0,6,2,4,6,5,4,7,4,7,1,6,6,1,2,6,6,6,2,6,0,6,2,2,0,3,5,4,0,3,5,4,0,5,5",5
"3.555974,48.450309,54.312146,99.148910,99.162071,99.173107,99.186337,99.285348,99.400776,99.435247,113.635473,115.234241,115.240334,115.276225,115.370606,115.457785,115.517303,118.543736,118.577018,126.642441,126.804966,126.825769,126.857386,127.040249,127.049625,127.293285,127.326713,127.351116,127.438433,127.492303,127.813643,128.034514,128.057027,135.846608,135.939669,138.585619,145.600997,145.618964,145.912390,145.940118,145.961438,146.028601,168.351905,168.371493,168.403060,190.336719,224.526221,224.586696,236.558027,242.154596,243.270872,243.377410,243.438914,243.584690,243.631019,258.478125,273.046036,273.055702,278.028010,278.035948,287.127911,296.165532,296.191449,296.191964,296.199212,296.234863,296.262883,296.316507,296.364096,296.416139,296.475081,296.513435,298.190397,320.024715,320.166198,320.181220,327.382982,327.402481,327.403993,327.405624","7,2,5,5,4,7,7,1,6,2,2,4,7,1,7,7,1,6,2,5,4,7,4,7,1,6,2,0,3,2,0,3,5,4,7,7,3,5,5,4,7,1,3,5,4,5,2,0,2,6,6,2,0,2,0,6,2,0,2,0,5,0,3,5,5,3,4,4,3,5,4,5,4,3,5,4,7,1,6,6",5
"19.113072,29.201003,29.331538,42.405314,42.679932,42.981272,43.014619,43.017659,43.065112,43.099892,72.873966,89.970498,108.049711,157.344591,164.380523,164.392552,164.394121,164.421634,164.464740,164.474153,164.583412,164.802772,166.395538,166.755207,195.673402,195.714375,234.831037,237.902506,240.291282,240.382952,246.924770,247.632723,247.764616,247.765149,247.897014,247.908397,247.948090,247.973340,248.094500,248.337016,248.381059,250.989523,272.685137,292.260515,292.284842,292.309729,295.229517,295.271031,295.295859,295.297202,295.323168,295.594393,295.684587,295.732685,295.924698,296.015666,296.147752,296.160519,296.170703,296.200969,296.211107,296.411182,331.702316,338.197654,352.084781,352.104463,352.123394,352.133506,352.263688,352.305162,352.324581,352.390024,352.415005,352.457336,352.545575,366.888759,381.933073,390.059790,390.065208,390.076443","3,0,3,5,4,7,1,6,6,1,1,1,7,4,0,3,3,3,3,5,5,5,3,5,4,7,5,6,5,3,1,3,5,4,7,7,1,1,6,2,0,1,5,7,1,6,1,6,2,2,2,2,0,3,5,4,7,1,6,1,2,6,7,0,3,5,5,4,5,4,4,7,1,6,6,6,3,3,5,5",5
"4.835389,21.712199,21.827861,32.752216,32.967107,33.085497,33.120856,33.162455,33.201179,33.288224,33.294381,33.304801,33.316625,33.316678,33.335965,33.418842,33.428387,33.475415,33.528781,33.529310,33.558202,33.633224,33.720114,33.808411,33.880309,33.897317,33.965361,34.098359,34.101502,47.494217,50.890448,51.009138,51.454529,51.473982,51.579684,51.594205,51.611713,51.656664,51.666995,51.676029,51.682473,51.685296,51.709846,51.721628,51.724424,51.765459,51.793718,52.030321,52.097281,52.099985,52.129090,52.312440,57.637827,70.930335,71.091412,71.152422,75.617869,94.749130,94.783625,120.910903,150.235320,159.547801,160.730168,160.758519,160.814917,160.988012,162.128359,162.282382,162.688202,162.710024,162.816527,162.826667,163.019076,163.069125,170.494796,170.523790,170.550824,170.618603,170.626514,170.670887","4,5,4,6,2,0,3,5,4,3,5,4,5,4,5,4,7,1,6,2,6,0,3,5,5,4,5,4,7,0,0,3,5,4,7,4,4,1,7,1,1,6,2,6,2,0,6,2,0,3,3,5,0,0,3,5,6,7,1,6,6,0,6,2,0,0,2,0,3,5,5,4,7,1,7,4,7,1,6,2",5
"0.538442,7.774565,8.096679,8.143868,8.191532,8.593549,20.802125,20.953941,20.981394,27.554214,27.572634,31.151475,31.153293,31.198125,35.709551,47.177368,60.774994,69.473352,92.041874,98.702427,144.948820,145.271995,145.376533,145.387571,145.475974,145.579103,145.628676,145.743065,145.797815,145.810410,145.815981,145.884497,145.944052,146.060032,146.062569,146.071363,146.177956,146.182761,146.213887,146.286793,146.308033,146.371502,150.989222,150.994196,151.063461,151.091338,151.123565,151.162169,151.201848,151.329890,151.387437,151.392567,151.421549,151.431608,151.594217,151.635057,151.661816,151.853687,151.983152,152.082402,152.161219,152.162028,152.251293,152.256823,159.317217,159.336825,159.452609,165.602103,165.603484,165.615798,165.637502,165.680028,165.744649,165.776341,165.783969,165.810986,166.077051,181.620474,181.620806,181.701649","0,1,6,2,0,3,5,0,3,7,1,0,3,5,0,1,1,4,3,6,0,0,3,5,5,4,7,1,4,6,6,2,0,0,3,5,2,5,5,0,4,3,1,6,2,0,6,6,2,0,3,5,5,3,5,4,4,7,7,1,1,6,2,0,5,4,4,5,4,4,7,7,7,1,6,1,7,7,1,0",5
"43.031967,43.170601,43.201459,64.608795,91.779221,101.217894,101.331707,110.019350,110.054083,110.171809,115.991190,118.919504,118.948698,118.986311,119.003434,119.350911,132.626106,154.454982,157.227134,173.165134,173.222067,182.179938,183.804780,183.824183,183.874561,183.972346,195.176474,195.266229,195.354940,214.349267,214.626892,214.914195,215.186302,215.194130,215.212672,263.866865,274.869669,275.077650,281.892567,283.696443,283.713194,283.754145,283.772185,314.026837,314.247172,314.337604,314.383918,314.391218,314.485754,340.654408,355.275394,355.328898,376.193444,377.102921,379.376934,385.984661,386.036398,387.023391,401.452167,401.475387,454.270956,454.413789,454.420252,476.737975,486.869085,503.567743,503.581819,503.626213,503.651277,503.660985,503.699496,503.878465,508.339857,529.129816,529.265942,543.072606,543.152002,543.390044,545.280815,546.637880","2,0,3,3,6,4,7,1,6,2,6,3,5,5,4,7,2,3,2,3,5,3,7,1,6,6,3,5,4,6,2,0,6,2,2,5,1,6,2,7,1,1,6,6,2,0,2,0,3,7,4,7,3,6,2,3,5,2,6,2,7,1,6,5,0,1,6,2,6,2,6,0,5,2,0,2,0,3,0,3",5
"15.768043,18.395860,21.572519,21.627134,21.790187,21.857268,21.943024,23.908415,27.498157,27.629204,27.691021,27.733275,27.756644,27.758232,27.772098,27.864157,39.994524,40.077706,52.340706,54.528889,54.807804,106.563047,110.805961,110.821633,110.860864,110.890583,110.901504,110.923489,110.962240,110.977638,110.992360,110.999210,111.022291,111.022664,111.132306,111.141572,111.168412,111.174138,113.117672,128.190429,128.193044,128.289952,128.614358,136.730317,136.821830,136.877436,136.931227,137.109982,137.138328,137.196873,137.219268,151.006216,151.291801,151.374984,188.403247,188.546852,188.608498,207.629480,224.980526,233.495094,233.500155,233.504035,233.540213,233.565230,233.573355,233.587086,233.601955,233.627568,233.628595,233.645264,233.690709,233.701366,233.868096,234.058180,285.055202,285.151412,285.364857,331.602319,334.753374,335.006277","4,6,5,4,4,7,7,7,0,3,5,5,4,7,4,7,2,0,6,5,4,3,0,3,5,3,3,5,5,4,7,5,4,7,5,4,7,1,4,3,5,5,6,2,0,3,3,3,5,5,5,3,5,4,3,5,5,0,7,7,1,1,6,6,2,2,0,3,2,0,2,3,5,5,1,6,6,0,2,0",5
"6.058858,6.356537,6.435492,52.838837,52.896020,55.900980,55.921214,55.997657,56.002099,56.095912,56.102778,56.165693,56.180863,56.204908,56.263415,74.265138,74.321101,74.379070,74.657184,85.845493,91.945193,99.159208,99.168726,99.468418,99.503718,107.506319,107.564682,114.911335,114.962501,118.978394,118.980515,119.067880,122.571314,122.811466,123.341532,123.519431,123.556163,123.614514,123.886642,123.903688,123.998511,124.067050,124.084999,124.194360,124.195521,124.196483,124.223735,124.300581,124.383404,130.168378,133.532922,134.416394,134.429410,134.486524,134.537504,136.055598,136.189278,144.636975,159.614710,159.792337,159.840241,159.905876,168.189087,168.214158,168.274779,168.397734,168.418370,176.354062,223.047171,223.689990,227.591208,229.942825,229.984648,230.166707,237.393783,237.429938,237.659399,237.744039,237.763706,237.811622","3,5,5,2,0,1,6,2,6,2,0,2,0,0,3,6,2,2,0,2,7,7,1,1,6,3,5,0,3,1,6,2,6,5,6,2,0,3,3,5,5,4,7,1,6,6,7,2,0,1,5,3,5,5,4,3,5,2,0,3,5,3,3,5,4,5,4,5,0,2,6,2,0,3,5,4,4,7,7,1",5
"9.090242,9.294796,9.303891,9.352516,9.353011,9.366458,9.399633,9.491078,9.567576,9.705873,9.717208,9.730658,9.830454,9.951692,30.643988,65.331477,65.401317,65.405294,65.448434,65.485821,84.657577,84.661512,113.454714,113.488968,113.507778,113.546595,113.563956,147.406944,147.615536,154.165365,159.835268,166.940192,166.967448,167.038794,171.263265,191.671066,204.481125,204.513860,225.342272,225.742288,227.411404,247.818892,249.337986,249.749193,260.509393,270.011839,273.246644,290.880774,302.539734,311.376649,311.429061,311.470116,311.520808,311.527211,311.537374,311.548063,311.590813,311.593430,311.636453,311.679292,311.716673,311.735557,312.050652,317.995126,330.820769,339.865260,339.902311,359.405039,370.576548,370.889846,378.229094,378.273590,378.390338,379.694212,379.763983,394.542480,412.188160,412.213591,412.284052,412.374328","7,1,6,6,2,0,3,3,2,3,5,4,5,4,4,1,6,6,6,2,4,7,1,4,6,7,1,4,7,5,5,4,7,1,4,2,1,6,5,4,7,2,4,4,7,1,6,1,3,5,4,7,1,1,7,6,1,6,2,6,0,0,3,2,0,1,6,7,4,7,1,6,6,4,7,6,0,3,5,5",5
"4.524048,11.686589,11.720529,66.869368,66.871484,66.958504,67.041019,67.074477,67.153910,67.174999,67.178437,67.203186,67.206024,67.253363,67.326758,84.132930,84.182588,84.207328,84.219344,88.699344,98.790691,98.804270,98.811364,98.824107,98.938160,98.958875,98.972581,99.000074,99.032528,99.042553,99.056906,99.058184,99.067357,102.875214,116.977924,130.041907,160.269993,174.087966,176.313820,176.330265,176.380191,176.411160,176.519587,200.526550,200.546728,202.089888,206.326299,206.414751,210.541267,210.591480,210.608629,210.752994,210.756875,211.952375,229.367505,262.114014,264.037886,264.048125,264.109187,264.125273,264.139000,264.139950,264.275742,264.282739,264.287524,264.391626,267.044931,270.519082,270.607829,270.726255,270.786150,270.820699,270.890948,270.892241,270.992752,275.990040,276.082549,276.148722,276.188064,318.284975","1,0,3,0,3,5,4,7,7,1,6,2,1,2,2,3,5,4,7,5,1,6,6,6,2,0,0,3,5,3,5,4,4,3,2,0,5,3,6,2,2,0,5,3,3,2,6,2,3,5,4,4,7,2,0,7,0,3,5,4,7,5,7,1,6,6,6,7,1,6,2,2,6,6,2,5,4,7,3,1",5
"13.488992,13.600360,39.607932,39.774224,40.159895,42.132687,42.246641,42.385056,42.555090,42.562900,42.565317,42.574268,42.588594,42.833942,48.851127,75.629598,75.703132,75.753824,75.809711,82.923881,88.025010,89.507343,89.692532,89.755110,89.833359,90.071417,90.212730,90.275860,90.305126,90.633609,90.645081,90.702622,155.898401,163.879497,165.909813,169.543101,169.746077,169.758996,172.301572,172.328610,193.288101,193.458609,210.456558,210.523727,217.142742,217.205367,217.341031,243.221026,260.486711,260.910328,271.468796,271.620971,275.266993,282.245627,283.750697,283.951378,290.038653,298.874376,299.018237,299.070787,299.203351,299.293405,299.305864,299.365924,308.458398,308.473011,320.676065,321.078019,321.093311,321.193535,324.380827,329.342492,336.487605,336.488254,341.950470,342.022233,350.012488,350.076468,350.130933,354.116850","5,4,4,7,1,7,1,1,6,2,2,2,6,0,5,6,2,2,0,5,4,3,5,5,4,4,7,1,1,6,2,0,1,5,2,7,1,6,6,2,2,0,5,4,0,3,5,6,0,3,3,5,4,0,5,4,5,1,6,6,2,2,0,3,4,7,4,7,1,1,2,6,3,5,3,5,7,1,6,4",5
"1.685390,6.220747,7.361938,7.533372,15.085787,48.290155,69.846894,69.854793,69.997174,70.055203,70.165605,74.493257,114.040089,130.174592,130.228247,147.132767,170.434992,170.773306,202.258336,202.271973,202.444883,218.815220,225.834088,225.877955,226.122723,226.201407,226.740259,227.706786,239.094017,251.543128,251.562092,252.231121,252.272395,252.315498,273.993599,278.838665,278.877506,278.944809,278.998943,279.834547,298.483539,308.988932,308.991823,309.132735,326.577839,326.577883,326.583547,326.693705,329.195748,334.258974,343.305815,356.708799,356.766513,356.850159,357.034105,357.202078,357.301299,366.136946,396.596747,411.863348,411.998902,412.172854,412.275094,422.100231,422.107988,422.231971,422.282211,422.307881,422.332922,422.359275,422.419016,422.431037,422.468440,422.495220,422.521904,422.652565,422.725599,444.978579,444.985469,445.231036","5,1,5,4,5,0,7,1,3,5,5,5,5,1,6,0,0,3,5,4,4,7,1,6,2,0,3,7,4,1,6,3,5,5,7,0,3,5,4,1,5,3,5,4,1,6,6,2,3,3,1,6,2,2,0,1,6,7,6,2,0,3,3,4,7,1,7,6,1,6,2,2,0,3,6,2,0,4,7,1",5
"13.636145,13.638547,13.668983,13.709022,16.457839,16.492998,43.010287,58.043557,58.072147,58.182205,58.413362,71.131370,71.489374,71.727768,87.796161,88.011960,108.663049,108.696538,116.729470,149.121354,149.195510,149.234449,149.249120,149.274361,149.301320,149.377684,149.452231,166.515593,166.533454,166.600852,166.691214,166.709233,166.741939,166.789858,166.822091,166.953374,175.952750,179.882070,230.073863,230.081341,246.153316,251.636782,251.690838,251.726491,251.763651,251.989660,252.020112,252.061683,253.858853,278.490173,286.144426,305.992075,306.010613,306.013184,319.059926,319.092455,319.125835,319.139329,319.160571,319.169639,319.217249,319.227393,319.242619,319.243577,319.250527,319.347464,319.415105,319.415594,319.450440,319.482226,323.568134,323.793652,323.872207,323.905059,323.929371,323.960599,324.314004,324.390041,324.427444,324.464592","6,2,2,0,1,6,4,5,4,4,7,5,4,7,3,5,6,2,1,0,3,3,5,5,4,5,5,2,0,0,3,5,5,4,5,7,1,2,3,5,5,1,6,2,0,3,5,4,6,5,5,1,6,6,2,0,3,3,5,3,5,0,3,5,5,4,5,4,7,3,2,0,3,5,4,3,5,4,7,1",5
"9.674129,9.714525,9.871184,10.142709,10.189661,14.521693,16.986375,17.010558,24.293112,31.071780,31.092049,31.139574,31.165378,31.182890,31.201662,31.214777,31.247371,31.258284,31.274447,31.365950,35.570520,37.835769,42.074151,42.123285,48.709521,96.092608,101.553103,114.487302,117.982694,122.794154,122.993238,123.108801,123.345118,123.469548,123.867608,130.412598,141.746535,142.131286,143.560211,143.613414,143.634456,143.639178,143.640331,143.736053,144.008005,144.031948,144.050069,174.749047,174.779251,174.825748,174.828867,174.840490,174.861695,174.883281,174.903606,174.909416,174.927150,174.934146,174.960946,174.964613,174.978837,174.979123,174.987310,175.041721,175.051563,175.059963,175.061786,175.074329,175.082603,175.097532,175.126257,175.144043,175.149345,175.157644,175.191822,175.193839,175.193849,175.195253,175.212815,175.221704","6,2,0,2,0,6,1,6,3,3,5,5,4,4,7,1,7,4,1,1,0,7,6,2,4,2,4,4,6,4,7,1,6,2,0,4,7,1,4,7,1,6,1,1,1,6,6,3,5,5,5,5,4,4,5,4,7,7,1,7,1,1,6,4,1,6,7,7,1,6,2,6,6,2,2,7,6,4,1,2",5
"5.561096,12.771815,12.893942,28.018762,28.079598,37.074954,53.802056,56.618728,85.700299,85.708312,85.737989,85.755527,96.368962,96.430224,96.506494,96.557433,96.592425,96.599912,96.641049,96.690150,96.771447,96.809701,96.830523,97.063877,97.208343,97.243960,97.252612,97.347623,97.497095,101.493091,106.681096,106.701337,114.680086,126.601001,126.612111,126.999283,132.203316,135.624546,135.664238,135.707379,135.828613,139.764497,194.226777,194.289232,194.375879,199.432405,199.432961,199.582912,199.840224,199.844492,199.885630,199.890413,199.896012,199.909878,199.918629,199.996978,200.031004,200.048073,200.104003,200.165934,200.222957,200.274921,200.322824,200.325204,200.342481,200.350295,200.416341,201.168629,232.313584,232.507968,232.651935,237.374536,237.398596,237.491443,237.493648,237.532514,237.548936,237.605831,237.653091,237.663238","4,1,6,3,5,5,0,7,1,6,6,2,3,5,5,4,4,7,7,7,1,6,6,1,6,6,2,0,2,7,5,4,2,3,5,6,0,6,2,2,0,3,7,1,6,6,2,2,1,6,3,2,0,5,3,0,6,4,3,5,7,1,5,4,7,1,4,3,4,7,7,5,4,7,1,1,6,2,6,2",5
"7.479009,7.921975,7.929232,8.074384,14.654239,18.581533,18.598587,18.626198,18.675935,18.725661,18.771539,18.804899,19.355572,21.578210,21.585502,21.762589,26.412981,26.453643,26.465877,26.502029,26.608273,26.642133,26.649968,26.679580,26.752711,26.792800,26.828040,26.857412,26.859681,26.928854,26.958387,26.964642,26.968671,26.980853,27.013413,27.038133,27.095734,27.096409,27.146975,59.107137,79.512078,79.715279,81.351652,128.102252,128.186413,128.310694,128.389275,128.397759,128.608042,128.654310,162.848289,163.037444,166.793545,166.809026,192.024326,192.074287,192.078876,192.144930,202.631849,202.687791,219.373846,219.416275,223.957890,247.565508,247.681300,247.739255,250.725870,250.796996,250.932316,250.946360,261.410648,261.479132,261.588376,261.602203,261.662472,261.680723,261.685154,261.701839,261.734286,261.879978","6,0,3,3,2,3,5,4,7,1,7,1,6,3,5,5,5,4,4,7,7,1,1,6,2,1,6,6,2,7,2,2,0,0,3,5,0,3,3,4,0,3,4,3,5,4,5,4,7,1,2,0,6,2,1,6,2,6,1,4,0,3,4,4,7,1,5,4,7,1,1,6,2,2,0,0,0,3,3,3",5
"17.368527,17.442045,17.618791,19.547153,22.917191,30.432217,30.517729,41.700117,41.762070,41.860020,54.715924,56.706870,59.438576,59.505666,62.164274,79.674454,88.385965,89.201765,90.967035,95.611915,103.618757,109.515073,121.689728,126.088266,126.091488,128.484477,128.559997,128.701373,128.703916,128.715875,134.980955,135.001712,135.020566,135.020696,135.024527,135.104425,135.149878,143.612156,167.045941,188.246851,233.592301,243.335591,243.574749,243.790185,251.520095,251.528299,251.726886,251.739864,251.764899,251.778875,251.877757,251.880393,251.892932,251.981059,251.998498,251.999704,252.111590,252.168382,252.174493,252.211164,252.289992,252.302797,252.308890,252.455285,252.472771,252.555334,252.727241,252.750065,286.263155,301.757191,301.765118,311.538761,311.601068,311.680334,311.728277,311.751191,311.780659,311.795778,311.797190,311.810288","5,4,7,5,0,2,0,0,3,5,6,4,1,6,4,4,6,7,5,7,5,7,3,2,0,1,6,6,2,6,1,6,2,6,2,2,0,2,3,6,4,3,5,4,4,7,1,6,6,6,6,2,6,2,2,2,2,0,0,2,0,3,5,0,3,5,4,0,2,4,7,7,1,6,2,0,0,3,3,2",5
"0.515806,0.533460,8.671593,8.814092,8.871736,9.000386,19.468705,19.762174,19.803663,19.806193,19.878348,19.895827,19.922064,26.081596,30.522230,30.851906,30.962023,31.016859,46.879828,46.954366,46.962136,47.035573,47.352459,74.828909,79.964154,80.029602,80.073885,88.061587,88.095603,88.144202,90.993114,91.039101,98.649335,99.120275,99.216076,99.290378,99.290555,99.313965,99.716214,100.420168,100.529376,100.625900,100.713474,127.839931,127.863219,137.912659,147.076170,149.698451,149.739932,149.841107,151.803062,151.808736,156.959552,157.114244,157.202399,187.468985,192.824110,192.920999,192.966604,193.037012,193.202652,193.325435,193.346008,193.364048,195.720882,195.746768,195.919936,195.931721,195.943340,195.967017,196.074030,196.099533,196.116702,196.158481,202.523883,220.233437,230.869118,236.754910,236.824963,237.003416","4,7,1,6,2,0,1,6,2,2,0,3,2,1,6,2,0,3,4,7,7,1,6,3,3,5,4,4,7,4,7,1,4,7,4,7,7,7,1,6,2,0,2,2,0,4,2,5,4,7,3,5,1,6,2,6,0,3,5,5,4,4,7,1,7,1,1,6,6,2,0,0,2,0,5,7,4,7,1,6",5
"26.706684,26.747787,36.627021,36.768898,39.547382,47.547264,68.666860,75.479719,75.484204,75.491668,75.539837,75.618553,75.655656,75.682580,75.715555,75.746949,75.904066,75.950866,75.971225,75.990362,75.998269,76.057101,76.496862,83.412762,107.179384,178.061509,180.092423,180.112135,180.231517,180.253757,180.302254,180.354774,180.364401,180.372435,180.380685,180.465132,180.489238,180.553668,180.576324,180.706510,180.722103,180.753540,181.074684,181.181788,181.216943,181.240009,181.404170,183.391907,183.436390,183.440100,208.492637,243.312855,251.787881,252.491381,252.553238,252.571989,271.139666,271.299824,271.327873,271.341295,271.354473,271.360542,271.378984,271.457736,271.503443,271.549800,271.556249,271.568125,271.569243,271.654210,271.693975,271.836576,271.895520,308.277473,310.981043,323.650237,323.785485,323.794748,323.996933,324.087251","3,5,1,6,1,5,0,0,3,5,3,5,5,4,7,4,5,6,4,7,2,0,7,0,5,7,7,1,6,2,2,2,2,0,3,5,0,2,0,3,5,0,4,7,1,6,6,2,0,3,7,1,4,6,2,0,3,5,4,7,7,4,7,1,6,2,1,0,7,6,2,2,0,1,5,7,1,1,6,6",5
"12.630298,12.696111,12.722287,12.805350,12.811712,12.914178,32.327009,34.385814,34.522330,38.923587,39.339840,51.092274,51.178556,51.235247,51.246162,51.281783,51.327851,51.331137,51.583097,51.595001,75.374097,83.857308,83.956676,84.014569,99.418620,109.855576,110.487236,110.491902,113.158294,119.753734,119.945937,119.975865,120.065155,122.158808,122.922174,122.927398,122.966423,123.045695,123.127985,123.148940,123.152424,123.261724,123.481918,145.497543,145.572518,146.070470,149.297163,149.381300,152.925739,155.340713,171.789926,171.869592,171.904243,179.016805,181.660107,181.792314,203.499998,203.549581,203.698188,204.151294,204.298499,205.504047,210.031788,210.239808,233.997973,251.170934,251.185812,251.192761,251.332870,251.573226,251.832668,251.833610,251.903617,251.909646,251.929397,251.932342,251.944200,251.952389,251.957550,251.981022","7,1,6,6,2,0,6,1,6,6,7,4,7,1,6,6,2,0,2,0,1,3,5,4,1,1,6,2,5,2,0,3,5,0,1,6,2,6,2,0,0,3,5,7,1,0,5,4,3,2,5,4,7,0,3,5,4,7,7,1,6,7,3,5,6,3,5,4,7,1,6,2,2,2,0,3,3,0,3,3",5
"7.202499,10.223028,10.236502,27.937766,45.268774,81.977788,82.158635,95.441494,95.454199,95.540996,95.580042,95.610178,95.615169,95.615412,95.673058,95.693290,98.179998,110.055057,110.072522,110.213025,110.378456,196.407230,196.437871,196.452587,196.479688,196.567644,204.119618,215.778381,239.660068,241.210881,241.386547,241.470109,241.548868,241.707325,241.750775,251.284322,251.291299,251.299969,251.354328,251.360668,251.371779,251.401118,251.403621,264.149578,266.904421,266.948959,266.973020,266.991881,267.003158,267.045283,267.078082,267.079023,267.086281,267.123352,267.211041,267.271328,267.337814,267.409588,267.424351,272.387751,272.503442,272.548090,272.589661,272.592522,272.678560,275.114999,280.632007,291.607876,291.832800,301.364510,311.892703,318.947767,318.967856,318.994251,319.013720,319.028730,325.655346,325.746826,325.803712,325.828543","3,2,0,4,0,1,6,1,6,2,0,3,5,0,0,3,4,2,0,3,5,5,4,7,1,4,7,2,0,3,5,5,4,0,3,3,5,5,5,5,5,4,4,5,0,3,5,5,5,5,4,4,7,5,7,4,7,1,1,3,5,4,4,7,7,4,0,4,7,3,0,5,4,4,7,7,3,5,4,4",5
"1.524084,1.626181,1.704672,1.712359,2.050990,2.081523,30.998089,45.597378,61.717079,88.314079,88.386668,88.445693,88.669009,88.717988,95.235020,95.257402,95.349177,144.990464,146.041118,150.480924,158.376877,158.473786,158.710184,159.686935,159.687442,159.689949,159.737045,159.770748,159.777291,159.959334,161.085692,161.086018,161.152156,161.155609,161.171447,161.236372,161.239209,161.390387,161.458672,210.896927,210.931374,211.023564,211.027850,211.100319,211.344941,211.408925,222.002763,264.804108,272.260028,272.379272,289.481403,289.505871,299.483244,299.659565,303.877545,323.691504,336.120634,358.053616,374.486845,376.486726,380.629734,380.698529,380.703295,380.705671,380.731132,380.734243,380.850790,380.863680,380.866301,380.872016,380.878954,380.882260,381.059426,383.966414,384.003884,384.032552,384.104032,384.141038,384.201657,384.235808","4,7,1,6,2,1,7,0,5,2,0,3,5,4,4,7,7,0,3,7,1,6,0,6,2,0,3,3,5,5,6,2,2,0,2,2,0,0,3,3,5,4,7,7,1,6,1,2,4,7,3,5,1,6,5,6,6,0,4,3,1,6,2,0,0,2,3,3,5,5,4,4,7,0,3,5,4,7,1,6",5
"0.573734,0.749294,0.788146,0.831226,5.847057,12.043493,12.057802,12.690889,12.714529,12.719517,12.720250,13.040737,13.103445,13.124617,13.163564,13.245353,13.277035,13.327424,13.347426,14.406139,14.433996,22.189520,22.391934,28.808360,29.055207,29.094192,29.117554,29.142689,29.151516,29.152541,29.159002,29.246493,29.465186,29.568016,29.581150,29.672374,29.787217,40.464144,63.957427,64.395211,70.395187,70.447285,71.175708,71.340906,71.811155,76.168471,76.263988,76.264284,76.408689,76.496533,84.963420,87.261671,87.303966,87.396658,87.672993,87.749855,92.452768,116.085189,119.257915,126.129383,133.468054,133.585881,133.680545,133.767376,133.840821,133.879607,134.079783,134.123704,134.144644,134.179534,134.235740,146.326955,146.376810,146.504185,146.818425,166.681566,195.284681,205.291993,230.563487,230.615157","6,2,2,0,1,1,6,2,0,3,3,5,3,5,4,5,5,4,7,5,4,7,1,6,2,0,3,5,0,5,0,3,4,3,7,1,5,7,4,2,4,7,6,2,3,3,5,4,4,7,6,1,6,2,4,7,2,4,0,2,5,4,4,7,7,1,3,5,4,7,1,3,5,5,4,3,3,6,2,0",5
"0.957797,1.076955,1.107604,1.115873,1.128943,1.130745,1.153878,6.746698,19.212140,38.618403,38.642783,38.655356,38.671155,38.695333,38.705563,38.854529,38.899316,51.394161,51.410939,57.544402,57.545270,57.606687,57.800556,57.812415,57.836345,57.874765,57.953269,59.516058,59.536963,67.856470,101.599509,101.710978,101.720191,101.847436,157.880084,157.889209,158.175946,158.319250,158.618294,158.751121,191.783027,198.074380,216.612221,216.648229,216.690283,216.695873,216.707407,216.845909,216.863118,216.919653,216.939136,216.951960,217.004497,217.008733,217.103728,217.227607,217.270682,217.990967,217.997064,218.024000,219.570476,219.605814,219.675367,219.722032,219.801589,219.874976,219.875032,219.991557,220.000546,220.000636,220.005394,220.116629,220.118638,220.147540,220.294734,220.472020,249.194883,249.250574,249.255175,249.261473","0,3,5,4,7,1,3,3,3,1,6,6,2,2,2,0,0,2,0,1,6,2,2,0,0,0,3,0,3,5,1,6,6,2,4,7,1,6,2,0,3,3,7,1,6,1,2,2,0,3,3,5,0,3,5,5,4,7,1,6,0,3,5,4,7,1,6,1,6,6,7,6,2,1,6,6,0,3,3,5",5
"0.616497,9.058768,14.296742,29.366791,66.397618,77.639049,101.730812,102.838360,103.437509,123.467322,134.277608,134.330112,134.720310,136.778277,137.419505,137.592114,138.802763,157.753996,164.695308,164.712329,197.952694,197.967343,198.145758,207.730586,209.541168,209.946018,215.247220,215.374262,215.387983,215.496801,215.505632,221.566766,227.874230,227.874490,227.905300,230.628420,231.301908,245.610748,245.660614,247.820419,257.621922,257.677944,281.223072,281.397589,281.433806,281.590879,281.663124,281.686095,281.694720,281.703883,281.729132,281.759077,281.774676,281.789449,281.857183,287.427333,308.681355,308.782041,346.209533,362.985978,371.101843,371.278718,371.313366,388.113960,397.300046,405.821208,409.836759,409.882303,409.905579,409.915209,409.999051,413.640135,414.709851,414.963906,418.693147,439.997295,444.201490,444.348602,444.392235,444.461776","3,3,5,2,4,7,7,4,7,4,5,4,7,5,6,2,5,3,4,7,6,2,0,6,6,2,7,1,6,2,1,4,3,5,4,3,0,6,2,0,7,1,0,3,3,5,5,4,4,7,1,6,4,2,7,5,0,3,3,4,5,4,7,7,4,0,6,2,2,0,0,7,1,6,2,4,2,0,3,3",5
"1.819895,1.896544,6.578424,6.588308,27.387145,27.557843,33.798439,38.791967,38.858236,38.949981,44.520452,49.103728,49.131623,49.157869,49.202306,49.271119,49.319084,49.328799,49.335301,49.339012,49.342055,49.358340,49.462256,53.277484,69.216428,69.227466,69.259591,69.678670,69.789942,75.681546,75.705498,88.090103,106.497826,109.750813,118.290134,131.536268,131.751249,146.609296,146.631726,146.717135,146.860039,146.910658,161.791637,161.872711,161.892056,175.488273,175.798707,175.806627,175.816252,175.821571,175.860700,184.734413,194.103013,194.299366,209.110595,214.230677,214.426705,230.487582,244.655079,254.526618,308.938659,308.997125,361.494940,362.223455,373.320614,373.386156,373.623931,373.680793,387.917708,400.349774,402.216194,402.267916,402.273483,402.301119,402.331463,402.342215,402.362899,402.390923,402.425903,402.466951","1,6,4,7,4,7,2,6,2,0,7,3,5,4,4,7,1,4,6,6,2,2,2,7,6,2,0,2,0,1,6,7,0,0,3,6,2,4,7,5,4,7,5,4,7,6,2,0,3,5,5,6,3,5,0,5,4,1,0,5,1,6,2,5,3,5,4,7,3,6,3,5,4,4,7,7,5,1,5,4",5
"9.083123,11.564761,11.569504,11.600852,11.653489,11.674866,11.828296,35.401318,45.128320,48.597703,50.495575,50.541617,50.562813,50.574816,50.637902,50.655920,50.664180,50.682558,50.685947,50.718402,50.733352,56.889235,69.255299,113.805460,113.822844,114.074401,114.114728,114.446758,119.808871,119.812490,119.895529,134.233880,139.158141,178.934466,188.030395,188.066589,188.101683,193.219624,198.226193,207.762259,207.762662,207.874830,213.346020,213.492150,213.637898,220.074456,220.097373,220.164955,220.225056,220.239942,220.241712,220.292124,220.363260,220.446123,220.495340,220.532575,220.588340,220.611449,228.455591,228.506984,231.910470,302.977865,330.170033,330.229538,330.290301,330.393897,330.460661,330.596377,330.625349,331.097860,334.580040,343.939556,363.342944,363.354790,363.360893,378.711274,378.761026,382.751727,383.155724,388.795252","5,4,7,7,1,7,6,1,0,7,1,6,6,2,2,0,2,0,3,2,0,0,0,4,7,1,6,6,7,1,6,4,4,7,2,0,3,2,2,1,6,6,1,6,2,3,5,5,4,4,7,7,1,1,6,2,6,2,5,4,4,3,7,1,6,2,2,2,1,0,4,6,1,6,2,6,2,7,5,3",5
"13.422367,33.344791,33.502753,33.685764,33.725461,33.977932,34.065294,34.142489,42.818744,57.737346,57.748912,57.835867,58.006131,58.022957,58.122602,58.166817,58.220252,58.253854,58.261604,58.327092,58.329761,58.332006,58.357305,58.367588,58.402344,58.491614,71.793142,91.862338,91.874862,106.813333,107.152763,135.427532,139.956140,140.073147,140.081830,140.118359,155.412998,155.427538,155.483361,155.523185,155.525343,155.528325,155.539734,155.564860,155.601035,155.620537,155.630383,155.637467,155.639228,155.655496,155.716255,155.757700,155.782373,155.831942,155.834528,155.848726,155.914782,155.981355,156.143255,183.380752,183.381946,183.468169,183.506839,183.544970,183.550376,183.694816,183.703691,183.710314,183.715246,183.717930,183.756503,183.819564,197.769049,204.687039,233.487704,233.543187,233.554841,266.998252,267.008735,267.027887","0,1,6,6,2,2,0,3,0,4,7,1,6,2,2,0,2,3,0,3,3,0,3,0,5,4,1,1,7,7,5,3,4,7,1,6,4,7,1,1,6,1,7,6,2,0,6,3,2,1,1,5,5,4,4,4,7,4,7,6,2,0,3,5,2,2,5,0,0,0,3,3,6,1,1,1,6,1,6,2",5
"26.330013,36.324043,36.467537,36.607368,45.115082,45.182684,63.749983,70.947824,71.059647,71.068031,76.373261,81.901893,85.766804,85.952439,86.047601,89.344753,89.366454,89.417871,89.421562,89.439057,89.451229,89.539103,89.561239,89.593844,89.606500,89.652405,123.090389,138.999566,144.679418,160.661082,183.173317,183.190644,185.316907,187.983848,188.030093,215.795159,244.983754,249.124039,249.337362,249.432889,284.409829,294.701282,294.754668,294.856114,294.866535,294.922196,294.941446,307.847837,313.283089,313.430094,350.326044,357.648717,357.788272,357.867932,357.964380,358.083414,358.090109,358.090138,358.111623,358.111629,358.115865,358.121773,358.130684,358.138014,358.142139,358.152376,358.164582,358.213507,358.228949,358.237625,358.238301,358.271782,358.279260,358.303714,358.324996,358.348820,358.368723,358.368981,358.410215,358.441229","1,7,1,6,3,5,2,1,6,2,4,2,5,1,6,1,6,6,2,6,2,2,0,0,3,0,5,3,6,5,4,7,7,4,7,7,2,2,0,3,5,2,0,3,5,5,3,3,6,2,3,6,2,0,3,3,5,5,4,4,5,7,4,5,4,4,1,6,7,1,6,2,0,2,6,0,3,1,6,1",5
"7.053919,18.738838,18.949348,18.970010,18.973326,19.044690,19.047403,24.703204,25.352089,31.936844,33.651337,33.699138,33.889641,33.958108,34.048742,47.074178,47.122274,49.667673,49.709939,49.744956,49.764031,49.859963,74.193358,74.200222,74.322357,74.371977,74.954593,75.067727,75.127370,75.203821,75.232005,75.281134,75.295014,75.296292,75.305045,75.305790,75.331196,75.349272,75.380691,75.406200,75.413018,75.424599,75.494666,75.510470,75.545990,75.571298,75.600645,83.667456,83.691497,87.599533,92.587878,96.694253,118.132049,119.425675,119.574672,137.691752,138.853233,138.870274,142.751691,174.022248,177.677795,178.997079,180.702576,192.760486,192.894857,203.173019,207.753328,207.755219,207.761521,207.919884,207.998885,208.086921,208.125721,208.129585,208.153107,208.281593,208.316208,208.321547,208.325903,208.374358","7,4,7,1,6,1,6,2,0,3,4,7,1,1,6,1,6,1,6,2,2,0,7,1,1,6,0,3,3,5,5,5,4,7,7,7,1,4,6,6,7,1,6,1,6,6,6,5,4,5,2,6,1,3,5,3,5,4,0,4,3,4,2,3,5,6,3,5,4,5,4,4,4,7,7,1,7,6,6,2",5
"3.668720,3.752059,3.796749,3.979209,6.331580,6.349780,6.377507,6.429376,6.492453,28.153912,32.305799,32.321950,32.470507,47.656950,47.800056,47.836201,47.907890,48.099744,48.113258,48.197412,48.197674,48.198360,48.200950,48.207209,48.221455,48.263892,48.304217,48.317746,48.328420,48.470556,48.477919,48.514903,48.553493,48.568384,50.902566,50.917897,50.942104,50.970540,50.975730,51.014894,51.069881,51.179232,51.237746,51.315280,51.412298,51.627412,51.635410,51.826820,51.869346,59.912023,60.037236,60.295673,81.783747,81.842351,81.850133,82.088078,82.174417,82.194710,82.434794,95.717950,115.233767,115.354817,115.595810,116.361889,116.437346,117.387829,117.427773,121.169533,131.842911,132.618331,141.126031,151.473255,160.350379,167.013889,167.586286,197.577124,197.673380,197.675679,197.798970,229.117167","2,0,3,5,5,4,7,1,6,0,4,7,7,7,1,6,6,2,0,3,3,3,5,5,5,0,4,2,7,5,3,5,4,4,2,0,0,3,3,3,5,4,4,7,1,7,1,6,2,7,1,6,3,5,4,7,1,6,0,6,0,3,5,5,4,7,1,2,7,7,3,2,4,2,5,5,4,7,4,6",5
"13.530823,23.355282,23.421578,23.457542,23.745998,23.764552,52.733844,52.765156,52.794268,52.817512,57.269956,57.290399,57.357372,57.385435,57.475250,57.653636,57.819509,58.191676,62.569618,65.588095,75.666285,75.898923,102.702983,102.706577,110.458518,110.526710,121.904194,121.963873,122.070220,128.587910,128.715225,133.379530,133.656954,133.747730,133.809700,133.821802,133.905349,155.738038,164.443101,172.889601,172.906291,195.627142,195.656137,199.058369,263.121862,263.229927,263.258359,266.595068,266.699509,266.761578,266.792323,266.797497,267.002672,267.016765,267.019482,267.068527,267.146716,267.242258,267.258064,267.305717,267.321788,267.515599,267.685512,267.831262,267.871072,268.712368,268.792643,268.905332,300.545363,361.717623,373.099328,376.399148,377.079959,377.190780,410.001688,416.042090,416.047972,416.157784,416.664721,416.665131","3,4,7,7,1,6,4,7,7,1,3,5,4,7,7,7,1,6,5,4,6,2,3,5,4,7,7,1,6,1,6,1,6,2,0,3,6,0,5,6,2,6,2,6,4,7,1,3,5,5,4,7,1,4,7,6,1,6,2,2,2,2,0,3,5,0,3,5,1,1,1,4,2,0,1,2,0,0,4,7",5
"1.360900,1.370654,1.461847,1.786289,1.797211,1.800618,1.871372,1.911703,1.921606,2.082359,2.448134,34.717097,34.851461,35.077800,35.145898,61.632608,61.903209,61.958662,61.982664,78.105926,78.154237,78.220598,98.494145,98.564084,98.607279,98.986109,98.993986,99.111979,123.357282,129.060550,129.075668,144.171248,144.237118,144.327090,144.533622,144.539610,144.582823,144.613802,144.614568,144.618752,144.652369,144.742669,144.788423,144.834004,144.841133,144.852059,144.866760,144.882416,144.893913,144.901224,144.914059,144.914806,144.915227,144.952276,144.953315,144.991904,145.028831,145.083491,145.092670,145.107599,145.126747,145.147685,145.295160,145.552514,154.301072,160.114298,160.277595,160.285920,160.311872,160.361549,160.377358,160.404174,162.740970,167.158830,171.300453,192.744921,192.762237,192.783224,199.840707,199.858980","1,6,6,2,0,0,3,5,4,7,6,0,0,3,5,5,1,6,2,5,4,4,0,3,5,3,5,4,2,7,1,4,7,7,1,6,2,2,0,0,0,0,3,3,5,5,5,5,4,7,1,4,1,7,3,5,1,6,6,2,6,2,2,0,2,4,7,1,6,6,2,2,4,5,1,1,6,2,6,2",5
"0.300872,0.448852,7.247219,7.256456,10.530969,11.209997,11.316535,42.916901,42.959797,43.111047,43.301984,44.863268,44.915632,45.183669,45.200108,45.325926,45.356007,47.792650,47.823840,47.958992,47.963640,47.987254,48.014312,48.022307,48.081575,48.082138,48.146082,48.177415,63.940646,63.983876,64.151192,64.208160,64.229255,64.261466,72.446712,79.616476,79.905862,79.946403,79.961434,80.029373,80.073574,80.149813,80.197538,87.378077,97.783775,97.794014,97.847390,111.897071,115.507643,115.547107,128.932628,129.040845,152.080524,162.252964,162.322015,164.535773,169.460797,174.207098,192.166976,209.886893,209.999533,212.091921,212.092403,212.206828,216.403319,216.443823,216.492706,216.548391,216.551196,216.565006,216.651310,216.671608,216.681536,216.706826,216.711624,216.717141,216.764811,216.776730,216.926182,217.945653","5,4,7,1,3,4,7,1,6,2,0,3,5,5,4,4,4,3,5,4,4,7,7,7,1,7,1,6,1,6,2,0,6,0,0,4,7,1,1,6,6,6,1,4,5,4,7,6,3,5,3,5,7,1,6,3,7,4,0,4,7,7,1,6,3,5,4,7,5,4,7,1,6,6,1,2,6,6,0,5",5
"26.772200,44.530688,57.764924,57.897854,59.263475,59.281764,70.333806,70.402833,70.403366,70.660790,72.397484,72.566877,97.286822,97.435585,97.460137,97.889531,116.892901,116.938044,116.995985,117.059162,117.081067,117.337638,117.371244,117.385412,117.403829,117.411680,117.417305,117.441882,117.456886,117.474924,117.503268,117.616780,117.666964,130.947178,130.947592,130.972174,130.974233,131.021823,131.043081,136.911326,136.995230,141.906643,142.174821,142.221924,148.795354,148.799502,148.816873,148.819491,148.835794,148.841624,148.911439,149.047527,149.063166,149.141353,149.168156,149.492382,149.549219,149.577898,149.958748,150.389568,150.494837,165.947700,166.505022,166.507523,166.524962,166.591336,166.652882,166.703611,166.802458,166.857884,166.924680,166.966913,187.057070,187.612515,187.916256,187.921292,188.080045,197.674386,197.700139,197.713284","4,7,1,6,2,0,5,4,7,4,0,3,5,4,7,4,1,6,6,2,0,2,0,0,3,3,5,5,4,3,5,4,4,1,6,2,0,2,0,4,7,2,0,3,1,6,6,2,2,2,0,2,2,0,0,0,3,5,4,7,1,7,3,5,5,0,3,5,3,5,5,5,4,7,1,6,6,4,7,7",5
"1.628895,6.361586,23.655197,25.178847,25.696101,25.712646,32.388547,36.676905,39.234805,39.248544,39.259550,39.284416,39.284820,39.316186,39.439133,43.219513,43.340863,43.361855,43.520620,44.451972,54.891076,55.592703,59.203166,77.072315,97.079541,102.001476,124.562857,139.940123,140.029478,140.104215,156.392778,156.665095,156.913140,158.415725,166.117963,178.252640,178.335244,178.373349,178.536817,178.541444,178.568316,178.590647,178.789286,180.596733,194.179019,194.345515,194.347307,194.386404,194.457028,194.468225,194.502248,194.551488,194.595630,194.705258,194.735799,194.740645,194.741454,194.793774,194.836737,194.893172,216.209180,216.378733,225.104894,225.418177,225.515461,225.549970,225.623159,230.931200,230.959976,231.000454,253.077613,255.077461,310.965739,312.337457,312.554656,312.579380,316.013922,316.406517,326.630413,345.659131","5,3,0,4,7,1,5,6,0,3,5,4,3,5,7,2,0,3,5,3,0,4,4,7,4,4,3,7,1,6,7,1,6,1,1,6,2,2,0,3,3,5,5,4,0,3,5,4,4,5,4,7,7,1,6,1,6,6,1,2,6,2,4,7,1,1,6,4,7,1,1,5,6,1,6,1,4,2,0,3",5
"15.291946,15.307433,15.354083,15.619662,15.644375,21.123499,21.189255,21.208081,21.334603,21.571004,26.453557,29.366075,40.436340,40.447056,56.226372,69.774564,79.626893,79.633430,90.855827,90.870736,91.024120,91.267899,91.331925,91.354110,91.354331,91.545122,91.596087,91.764077,91.777266,104.902768,106.609354,112.724133,113.051398,113.080687,113.169760,113.286786,113.459618,124.602152,124.648124,138.778648,138.847438,138.869072,164.663676,164.663995,164.756948,164.765226,164.805744,164.820887,164.821205,164.909495,165.014134,165.046453,180.823092,197.039892,211.620181,253.996727,254.020325,254.024447,254.199876,254.573698,270.088807,283.909015,283.945743,308.362703,308.545473,314.597833,314.608723,314.610299,317.513390,317.525054,317.543609,327.034739,327.132749,327.137597,327.210192,327.583096,338.916541,345.357499,347.265984,349.805679","1,6,6,6,2,1,6,2,0,3,3,4,6,2,0,0,5,4,1,6,6,2,0,3,5,4,7,7,1,4,1,7,7,1,6,2,4,5,4,2,0,3,0,3,3,5,5,4,7,5,5,4,3,5,4,7,1,6,1,2,6,3,5,3,5,2,0,0,5,4,7,1,6,2,2,0,5,3,1,4",5
"15.964289,16.029352,16.032474,16.189152,16.195187,16.227204,16.289966,16.327444,16.392955,16.413619,16.460528,16.531609,16.624305,16.635337,16.659709,16.669110,16.681669,16.693082,16.712800,16.781155,16.870631,16.896282,16.947263,16.949014,16.963887,17.063552,29.336899,29.349034,29.388295,29.517716,37.335615,37.508379,37.633255,71.326948,78.214252,78.260141,78.382837,78.431607,78.439615,78.489254,116.424719,144.287576,144.402673,144.540595,144.696609,154.541412,157.163359,157.331593,157.374889,159.456880,161.847148,174.824611,198.888991,199.156097,199.281059,199.292062,199.357993,209.531400,209.553523,209.620292,215.953652,219.809181,219.821282,219.833668,219.854420,219.865342,219.873962,219.895432,219.917765,219.937143,220.020724,220.049006,223.230678,227.241894,227.370767,227.509163,228.453154,238.825620,238.847081,239.085472","4,7,1,7,7,1,6,6,2,1,1,6,2,0,6,2,0,3,3,5,3,5,4,4,7,7,0,3,3,5,6,2,0,4,7,1,6,2,6,0,5,6,2,2,0,3,5,4,7,6,4,5,0,3,5,4,4,0,3,3,0,3,5,5,5,4,7,7,5,5,4,4,7,7,1,6,3,7,1,6",5
"3.149083,3.223016,3.249385,3.282263,3.379317,3.560272,11.486822,30.975525,35.810132,35.827124,35.831262,37.995587,39.300278,41.173250,41.210493,48.245811,68.599142,73.729924,73.878694,74.036742,74.300389,74.370735,81.374167,81.404826,81.843899,109.486991,116.717507,175.392814,180.657294,181.115352,232.790899,243.059056,258.145114,258.193190,274.269204,274.271067,274.960081,278.075350,278.093155,278.160378,278.168840,278.267112,278.858958,282.739126,287.866108,306.771736,306.810105,316.271538,328.793389,328.823988,329.656290,335.349508,336.997879,352.244059,353.155182,353.261765,356.576881,361.774762,361.942138,386.377673,403.547381,407.594079,407.669663,410.031186,410.098134,436.800070,443.132751,443.144132,455.068258,456.082638,456.100608,456.119673,456.151478,456.212774,456.230500,464.846648,477.742784,477.816932,506.405909,506.413280","4,7,7,1,6,1,5,2,0,3,3,1,5,6,2,4,1,7,1,1,6,2,5,4,7,3,4,4,6,2,2,6,6,2,1,6,0,1,6,2,0,3,2,4,5,2,0,6,5,4,7,6,0,7,0,3,7,5,4,1,5,5,4,0,3,5,7,1,2,7,1,1,1,6,6,6,0,3,1,6",5
"7.495757,10.579442,53.007644,54.978760,55.166466,77.538110,80.945043,84.887864,94.334055,94.410572,94.602991,108.899458,108.929013,108.935416,108.997504,119.821922,119.847189,119.855457,119.867828,119.873409,119.986056,120.015825,120.149068,120.179150,120.221362,120.224540,120.264320,120.318609,120.464385,125.509072,135.240386,135.288043,156.681586,160.968988,161.083974,161.091339,161.233141,181.751316,188.017427,188.086966,188.298605,190.889358,190.956358,190.966400,191.030423,191.038174,191.157919,191.230973,192.825657,194.858673,195.103075,210.768721,252.325864,252.399500,252.459646,252.498284,252.581719,252.623187,254.977015,255.001451,255.016811,255.231051,255.238139,255.260432,255.430223,265.825087,295.706131,295.913627,296.229291,322.220965,326.909680,326.962688,327.011694,327.026868,327.057958,327.060652,327.096477,327.100783,327.214736,327.246324","4,0,5,7,1,1,2,3,1,6,2,6,2,0,0,0,3,5,3,5,5,5,4,7,1,1,6,2,6,6,3,5,1,3,5,4,5,0,2,0,3,5,4,4,7,4,7,7,6,6,2,2,7,1,6,1,6,6,5,4,7,4,1,7,7,0,3,5,7,5,3,5,5,4,4,4,7,7,7,7",5
"0.640563,0.728429,0.859220,7.809380,13.369504,37.973263,38.053895,38.070829,38.100926,38.224762,38.242844,38.326530,38.401029,38.520749,38.550537,62.333969,67.445585,67.739934,67.801104,68.147249,68.168825,68.238493,68.277990,68.385183,68.413217,68.425721,68.493144,68.507895,68.537713,68.599680,68.658877,68.672573,68.743389,83.771553,87.331048,93.528495,94.468636,102.253063,102.272150,102.356329,102.409784,102.410627,102.472215,103.723409,107.284644,107.439773,119.225193,122.094575,122.187189,122.193086,122.198804,122.209725,122.216681,122.230575,122.417116,122.419202,122.461462,122.489844,122.503336,122.522328,122.529243,122.542037,122.658860,122.755366,122.902500,123.050977,123.245378,147.084318,152.851734,152.990189,167.103657,167.104074,167.266592,167.282336,167.364791,167.405108,167.447333,168.658970,168.746168,178.531280","1,6,0,5,5,4,7,1,6,2,2,0,3,5,4,3,7,1,6,1,6,6,2,2,6,2,0,0,3,5,3,4,7,4,7,5,7,5,4,4,7,7,7,6,4,7,4,2,0,3,5,5,4,4,4,4,4,7,7,7,1,1,7,1,1,6,2,5,6,2,7,1,6,2,2,2,0,3,5,2",5
"17.954277,45.001380,51.105686,51.146213,51.288420,55.511321,55.628317,55.830955,55.883871,55.989739,55.999847,56.015461,56.050449,56.068201,56.091334,56.120497,58.538944,69.037667,69.052803,69.076412,69.093340,72.691894,72.723832,72.749571,72.784366,77.810643,92.142431,96.698465,96.767901,101.710499,118.988384,119.035182,119.054556,141.632274,141.819747,141.871134,141.902415,141.915336,141.947434,141.959339,141.982668,141.988992,142.004291,142.020684,142.045855,142.177337,151.103686,151.210181,151.370039,151.374679,151.375352,151.375845,151.388554,151.392077,151.393793,151.439231,151.738439,152.095477,152.142687,152.459928,152.652941,152.899136,156.294880,187.006031,212.097985,212.192331,212.201832,212.201851,212.227613,212.288348,212.349148,212.377405,212.381304,212.458280,212.493329,212.508114,212.523769,212.671752,212.730965,212.791925","4,6,2,0,0,6,2,3,5,4,7,7,1,7,1,6,3,7,1,1,1,5,4,7,7,5,5,0,3,6,6,2,0,6,2,0,3,0,3,5,4,3,7,1,7,1,0,3,5,4,7,5,5,4,4,4,4,1,6,6,2,0,2,6,7,1,1,6,6,1,6,6,2,2,2,0,0,3,5,4",5
"33.831580,49.807859,73.119802,100.578803,100.579469,100.585908,100.774564,125.649153,156.686777,156.715208,156.872497,166.633685,166.745534,176.962398,194.336872,211.213360,215.048959,215.088765,215.106039,215.128122,215.289021,215.837790,216.007159,216.014349,216.041297,216.049591,216.170871,216.193226,216.201098,216.205483,216.209528,216.219976,229.149223,229.215325,233.208403,233.431819,233.445568,233.625887,233.755182,233.757426,245.088689,245.124520,245.359714,266.472539,291.255880,307.418199,319.875137,319.932108,319.987608,330.980171,336.515422,336.566678,336.578940,336.580542,336.583788,336.590115,336.614663,336.628490,336.649619,336.652886,336.659566,336.724909,336.808003,336.809927,336.859923,336.920184,336.962934,337.109362,337.180362,339.262050,350.583580,350.599845,352.684749,352.899300,364.832629,367.668764,377.838260,384.092377,403.707412,403.766856","2,7,3,7,1,1,6,3,1,6,6,0,3,4,7,7,0,3,3,5,5,5,4,7,1,6,6,7,1,6,2,2,7,1,5,4,7,1,6,1,6,2,0,5,5,7,3,5,4,2,7,1,6,6,1,6,2,2,1,2,0,1,3,0,5,4,7,6,2,3,5,4,5,4,1,3,5,3,1,6",5
"11.270748,40.459093,44.869288,44.920060,44.941442,44.943660,44.947634,44.951089,44.951828,45.009108,45.116233,45.136432,45.190081,45.292736,60.422549,65.858548,65.885246,82.464516,116.568713,141.391870,144.140128,157.003743,157.009769,157.046377,157.121670,157.159719,157.170764,168.475634,177.953715,201.301648,213.807035,213.813021,213.821679,213.884289,213.893843,214.450273,214.454168,214.482304,214.538732,214.575969,221.615175,260.517016,260.527921,262.656200,263.259954,278.040108,278.106300,278.111424,278.324015,278.470178,278.516687,278.735974,278.919022,279.028580,285.432275,285.442165,285.464802,285.531381,285.574842,285.598671,285.636801,285.650410,285.667844,285.679002,285.682994,285.704394,285.706439,285.770925,285.820870,285.837425,285.848984,285.857248,285.873709,285.889011,285.944616,285.948511,285.965697,286.055481,286.071121,286.096739","6,5,7,1,6,2,2,0,3,2,1,0,2,6,7,5,4,1,7,6,2,2,0,3,5,3,5,7,0,4,2,0,3,3,0,5,4,4,4,7,2,4,7,6,4,3,5,5,4,7,7,1,6,2,0,3,5,4,4,7,7,1,6,7,2,1,1,7,2,1,1,6,0,6,6,3,5,0,5,4",5
"13.862827,13.896046,13.914930,13.938258,13.994987,14.001421,14.131977,42.824777,48.557560,90.289787,90.962393,90.993537,91.079442,96.340031,96.431937,96.664739,96.868563,96.917914,97.048311,97.091306,97.091568,97.147647,97.166089,97.200533,97.287848,97.348785,97.368813,97.376492,97.393975,97.423574,100.173634,124.755346,124.835078,124.886696,124.894708,124.914773,124.918262,124.934590,124.935697,124.940130,124.949102,124.950777,124.952259,124.961298,124.961311,124.967337,124.981232,124.982503,124.987920,125.001643,125.014535,125.065937,125.076121,125.084549,125.101324,125.109419,125.116603,125.163625,125.177854,125.180885,125.181419,125.198555,125.303128,125.317194,125.350784,125.394432,125.485953,125.550166,135.806026,140.804536,140.887276,140.952818,141.180724,141.289699,148.650125,157.024109,189.828219,193.092888,193.240157,193.327584","7,1,6,6,2,0,2,7,4,0,4,7,1,4,7,1,6,2,0,3,5,4,5,4,7,7,7,7,1,1,1,2,0,3,3,3,5,4,0,4,3,7,5,1,1,5,6,6,6,7,7,5,4,4,1,6,7,2,1,1,6,2,1,2,6,6,7,4,3,4,7,7,1,6,2,1,1,7,1,6",5
"22.200556,22.284190,22.436387,34.847487,40.666551,40.671027,40.763069,40.786669,40.807716,40.932576,41.042500,41.069945,41.073185,41.134662,47.753557,57.143058,70.769556,71.741641,71.866895,71.928281,72.024830,72.025312,72.043473,72.113463,72.247938,72.305524,72.361417,72.399512,72.508965,72.631559,72.709940,72.712807,72.736912,73.032340,74.441600,75.331864,89.943904,99.670078,101.142284,101.261213,101.692070,111.012233,111.148193,116.958174,117.117957,173.190997,187.548358,203.500243,215.033121,225.320164,243.545779,243.582405,243.641911,244.325454,244.465412,244.483678,244.533072,244.552859,244.586288,244.683137,244.790016,244.891523,244.894015,244.912494,245.136093,245.181253,271.381710,279.247079,281.515842,346.551707,350.478435,350.480943,350.504318,350.527396,350.573959,350.590252,350.610705,350.648097,350.734875,350.748375","0,1,3,4,6,5,5,2,2,2,4,7,4,0,3,3,4,1,3,6,5,2,5,2,4,2,4,4,7,4,7,7,0,1,5,1,3,0,1,3,6,4,7,7,0,7,2,7,1,5,1,3,6,4,7,0,0,1,1,1,3,3,6,6,5,2,1,3,6,7,3,6,6,6,5,5,2,2,5,2",6
"0.813344,0.837523,12.183900,12.209244,19.500243,19.501621,19.513607,19.568714,19.591934,19.614342,19.643889,19.729280,19.785154,19.816324,19.817812,19.869485,19.932525,20.003637,20.027243,20.029824,20.044641,20.058020,20.092300,20.107695,20.114271,20.114310,20.138002,20.208602,20.245939,20.420445,20.441560,20.461014,20.468259,20.517756,20.569318,20.656741,33.297093,33.369585,33.406189,33.453037,33.509627,33.552898,39.911506,52.440410,54.925721,55.029922,84.449127,84.592507,98.089465,98.122492,98.170480,98.190084,98.252753,99.747941,114.785342,122.192154,122.219265,122.315735,152.150999,152.194230,152.223457,152.283540,183.931642,224.319132,224.465919,228.172380,243.464295,243.689633,243.777774,243.779656,243.780437,260.807871,279.088594,279.256100,285.660677,285.698825,308.349192,308.362468,308.421505,308.428017","6,5,1,3,5,2,2,2,4,2,4,7,0,0,7,0,0,1,1,1,0,3,3,1,3,1,3,3,6,3,6,5,2,2,2,4,5,2,4,4,7,7,7,6,1,3,1,3,3,6,6,6,5,6,4,5,2,4,4,7,7,7,6,0,1,7,2,4,7,0,0,4,1,2,1,3,7,0,1,0",6
"3.993309,4.185371,5.467227,5.653719,5.660025,8.913783,11.471368,11.903872,11.926740,12.061935,12.075276,12.134589,12.137758,12.452227,12.457935,12.491188,12.495859,12.555946,12.559939,25.918328,28.881502,28.882929,30.412664,30.840678,30.877326,30.986110,37.410527,37.413255,37.441151,37.458122,38.606664,38.839947,75.373110,112.927447,125.998118,126.008651,126.053825,126.126078,126.138576,126.161023,126.218257,126.237580,131.844756,153.357598,159.367412,159.395431,184.738447,184.752325,184.778343,184.889554,219.406550,219.434740,219.447881,219.470440,219.718306,221.860304,221.937980,224.516015,224.577648,224.604734,224.606193,224.650199,224.697494,224.721421,240.669174,240.681636,240.701998,240.861231,242.265186,312.311797,329.152826,329.220519,330.180366,330.194887,330.195359,330.218091,330.240994,330.252448,330.319242,330.319442","1,3,3,6,5,7,2,6,5,5,2,2,4,7,0,0,0,1,3,5,7,0,6,2,4,7,1,3,3,6,4,7,7,1,7,0,1,1,0,1,3,3,0,6,3,6,6,5,2,2,0,1,3,3,6,1,3,2,4,7,4,7,0,7,3,6,6,5,2,3,7,0,5,2,4,2,4,4,7,4",6
"31.720325,56.139535,56.182052,63.060370,63.167533,109.981525,110.038927,134.106813,142.613294,142.665605,142.848719,150.325686,150.369173,150.379445,160.170888,160.255400,160.317513,194.490460,194.700750,194.730381,196.922759,203.929495,203.943561,203.954610,207.893258,214.864138,251.587030,267.439729,267.610878,274.893205,274.912855,276.322550,282.605946,282.627630,282.677613,282.691516,282.747976,282.762170,282.764375,282.794798,282.815776,282.822761,282.900980,295.918044,301.487782,301.498349,328.538766,335.823922,345.032934,355.410273,362.235852,362.283073,362.292421,362.526160,362.606675,362.661309,362.734578,362.740203,418.915781,419.105769,439.856204,439.903233,440.218644,440.324281,440.331609,457.507806,475.921452,476.036457,476.040833,476.072778,476.099155,486.239053,492.960981,506.546029,512.176286,512.369584,512.478915,512.531375,542.116695,542.125672","4,0,1,4,7,4,7,1,0,1,3,4,7,0,1,3,6,5,7,0,6,2,4,7,3,7,5,6,5,5,2,0,7,0,1,0,1,3,6,5,6,5,6,5,5,2,0,3,7,4,7,0,0,1,3,6,5,1,4,7,1,3,6,5,2,6,0,1,3,3,3,7,6,0,0,1,3,3,3,6",6
"6.809589,6.909063,6.978127,6.984355,7.048174,7.134408,7.146926,7.548559,7.562459,7.617292,7.618614,7.671114,35.737711,45.645162,45.657329,45.701732,45.809017,45.836172,45.839693,45.851170,45.878065,45.929099,45.934141,45.936305,45.954915,45.992647,45.998165,45.999656,46.007625,46.012268,46.033948,46.042366,46.066574,46.069708,46.089758,46.100029,46.102638,46.112121,46.131289,46.178908,46.180607,46.192402,46.201389,46.248552,46.253878,46.361243,46.448790,46.521192,46.828765,46.911903,47.135647,47.767650,50.137819,50.215740,50.330739,50.447637,50.564447,50.612722,50.675316,52.160159,52.191923,52.240682,52.352495,52.365360,70.854191,79.318969,79.343037,79.345208,79.494486,79.678908,79.687701,79.720488,79.739219,79.798807,96.064218,96.073386,96.265591,96.363781,96.407853,96.415495","0,1,1,3,3,6,5,7,0,1,0,1,2,4,7,7,0,1,1,1,3,6,6,6,3,6,5,5,5,5,5,6,2,2,5,4,4,4,7,7,4,0,7,0,1,1,3,3,6,5,2,0,6,5,5,2,4,7,4,1,3,6,5,2,7,3,6,6,6,5,2,4,2,4,1,3,6,2,4,7",6
"2.141757,2.156200,2.387450,2.397717,2.398559,2.630132,2.643250,2.741797,2.768374,2.772723,13.213162,13.354417,13.395505,13.409063,13.448380,13.469795,13.483027,13.585089,13.588255,13.598311,13.610202,13.620195,13.665611,13.674625,13.747601,13.786533,13.820789,13.906674,13.934284,13.938988,13.940052,13.943807,13.991704,14.017381,14.023020,14.027190,14.030556,14.126784,14.132550,14.139570,14.172657,14.193187,14.238652,14.294437,14.389780,14.396341,14.412754,14.427164,14.434070,14.440930,14.524343,14.530246,30.760894,30.847974,36.792006,59.475589,63.553676,66.752248,118.096755,125.477860,132.599467,132.774671,132.785353,139.050383,139.103045,139.197594,139.338974,139.348175,139.393166,139.428158,139.555860,142.356726,142.358352,146.577566,156.292932,156.348112,156.633559,156.636025,163.353240,163.354546","2,4,2,4,7,4,7,0,1,3,7,0,1,1,3,6,6,3,3,6,5,2,6,5,2,2,4,2,4,7,0,0,7,0,0,0,1,7,1,1,0,7,1,1,3,3,6,6,5,2,5,2,0,1,2,3,3,6,5,7,4,7,0,4,7,0,1,3,3,6,6,7,0,1,3,6,5,2,6,5",6
"9.304556,9.390808,15.933497,26.184837,41.174898,41.186374,41.269646,58.695088,65.332475,65.384108,65.408960,65.422922,65.478996,65.498169,92.522433,92.531018,92.649938,92.683260,92.747964,92.851219,94.115219,100.464952,100.470807,100.508762,117.372847,134.582635,134.610097,134.613755,134.632968,134.748027,134.831090,134.835487,134.884785,134.915425,134.953378,143.526293,143.691176,144.037406,144.083392,145.607329,145.621148,145.685762,191.731557,196.801726,206.215422,206.259682,206.311933,210.278130,230.828848,233.676433,233.715605,233.800681,233.823928,233.828408,233.851853,233.896783,234.152332,275.753838,275.861756,275.898880,275.912355,275.933488,276.038478,276.054876,276.105950,276.186709,276.229570,276.405561,276.561174,276.608200,285.423308,285.481719,285.567007,285.634302,285.767257,319.166774,327.390471,327.392731,327.448321,327.462457","4,7,2,6,3,6,5,3,5,2,4,7,0,1,4,7,7,0,1,0,6,0,1,1,2,6,5,5,2,2,2,4,7,4,7,4,7,0,1,3,6,2,0,7,1,3,6,5,6,3,6,6,5,5,5,5,2,6,5,5,2,2,2,4,4,7,0,1,3,6,5,2,2,4,7,0,4,7,7,7",6
"37.687770,37.770099,37.812239,37.854647,37.876281,38.043171,38.088132,39.829041,39.871202,39.935462,40.004399,40.024550,40.027379,40.038767,40.079130,40.085416,40.089895,40.112759,40.136102,40.141307,40.381924,49.443124,49.763404,49.930226,51.643747,51.646116,51.655887,51.705254,78.787648,88.841512,106.475271,110.585677,126.495560,126.517084,126.618922,126.787115,127.222119,127.255495,127.337956,127.344281,127.456382,127.471750,127.532935,127.702485,127.760493,127.921975,127.934639,128.078327,128.266424,138.748075,138.864167,138.955846,138.998388,139.008116,139.070683,139.155337,139.197213,139.201926,139.246539,139.270575,144.859670,179.998811,180.109138,180.296556,180.364928,180.424357,180.659999,201.195289,229.374389,229.416841,257.030726,257.046509,257.067660,257.319228,257.475987,257.499030,257.502412,257.598422,257.598748,257.598797","7,0,1,3,6,5,2,0,1,1,3,3,6,3,3,5,6,2,6,1,6,4,1,3,6,5,5,2,5,4,4,3,6,5,2,4,1,3,6,2,5,4,2,7,2,4,7,7,7,5,2,4,4,7,0,1,3,3,6,5,7,5,2,4,7,0,0,2,3,3,5,2,2,2,4,7,0,1,3,1",6
"6.389695,6.496646,6.593106,7.525035,10.872767,10.877162,27.988737,27.991811,28.081215,28.084335,28.096254,28.128411,28.139027,28.174070,28.242991,28.344263,28.374596,48.953544,49.085506,49.253206,83.827620,85.674080,102.418306,102.420398,114.442994,114.457840,114.737247,114.853025,114.900981,115.039866,156.066223,156.073520,156.079009,156.085121,160.549178,160.586009,160.617428,160.791439,160.793719,160.861343,160.978669,170.791135,214.470458,214.635434,214.644193,214.658509,214.678108,214.684471,214.684898,214.724059,214.730683,214.848959,214.913822,215.262367,215.272152,219.163236,219.190253,219.239029,219.701988,219.744264,219.751324,219.900786,220.028857,220.031971,220.069785,220.159623,220.165729,220.211203,220.222981,222.642938,235.692642,235.781938,240.379121,240.397428,240.527677,240.554984,240.612256,240.659569,240.672606,240.698626","3,6,5,2,7,0,0,1,1,3,1,6,3,3,6,5,3,7,0,0,5,4,4,7,7,0,0,1,3,6,1,3,3,6,2,4,7,7,4,0,1,7,4,7,7,0,0,1,1,1,3,3,6,0,1,1,3,6,3,6,5,2,4,7,0,7,1,3,0,1,0,1,1,3,3,6,5,3,6,5",6
"6.639665,17.368687,28.683353,58.629635,61.848554,62.724660,62.794318,62.817583,62.853268,63.000959,63.059917,63.162622,85.760872,104.237659,104.239901,104.255531,104.257537,104.276168,104.483659,104.523880,107.355337,116.885450,119.179045,119.191744,119.237980,119.278095,119.315828,119.609768,145.324159,145.361319,151.270319,151.443593,172.477282,172.530441,172.545272,172.564999,173.250497,173.956847,198.169998,212.735156,212.759184,227.825904,234.096617,234.131588,237.832980,251.032541,261.943548,337.803582,352.626218,353.870880,360.759669,368.362304,373.827264,377.111771,388.281701,388.312481,388.344063,438.360470,438.419985,542.364838,545.357445,547.516183,547.520045,547.547581,547.576813,547.588779,547.654271,547.800232,551.956192,582.685002,582.685205,582.688426,582.703512,582.806774,582.842519,582.871918,582.878358,582.881831,582.894702,582.942262","5,5,0,3,5,1,3,6,3,6,5,2,6,4,7,7,0,7,0,1,1,0,1,3,3,6,3,5,1,3,1,3,2,0,4,1,2,6,6,3,6,7,4,7,4,6,3,4,3,5,0,4,6,6,1,3,3,2,4,5,4,6,5,2,2,4,5,2,2,3,6,6,5,5,2,4,4,7,2,7",6
"20.317065,20.344425,45.154443,90.304436,97.545385,127.280650,172.614020,172.623089,172.647651,172.647998,172.652356,172.657035,172.660982,172.707526,172.731147,172.738706,172.743847,172.761625,172.782125,172.802195,172.802825,172.871120,172.921623,172.921637,172.951478,172.974456,173.022943,173.048184,173.071338,177.523397,190.258163,190.519623,190.563787,197.920936,197.996694,202.512712,202.586664,202.643796,202.664568,202.675692,202.684501,202.750374,202.770536,202.830994,202.841953,212.069606,235.223608,235.323640,235.429775,237.500340,237.518940,250.270544,250.284949,250.295538,250.308092,250.319440,250.324056,250.335229,250.338753,250.344303,250.360143,250.383861,250.385264,250.396598,250.408875,250.416565,250.425450,250.442394,250.463142,250.483919,250.546590,250.575654,250.640703,250.749658,250.785584,250.859102,250.960227,263.280564,274.984288,286.648308","3,6,2,0,5,7,2,4,4,4,7,7,7,0,4,1,7,0,7,0,1,3,3,6,5,6,7,5,7,4,4,7,0,1,3,5,2,2,4,7,4,4,7,7,0,2,6,5,5,2,4,4,7,0,0,0,1,3,1,3,1,1,3,6,7,7,3,1,5,6,5,3,6,6,5,5,2,3,3,5",6
"0.708262,2.249232,22.385698,22.526369,33.562901,38.779397,38.964857,46.110850,46.206313,46.208445,46.222164,46.231079,46.259660,46.293995,46.387326,67.247541,67.337117,67.441065,68.350395,68.521688,68.548438,68.585750,74.779062,82.167110,83.083660,83.100594,83.105715,83.269187,83.651848,92.581752,101.939351,102.019131,102.077248,102.095363,102.164325,102.181391,102.200929,102.218344,102.233683,102.290929,102.325385,102.445280,102.490278,102.559966,102.619923,102.648345,102.878186,108.647486,108.696285,109.031547,109.042645,109.060833,117.663717,118.936438,119.025460,119.074903,126.062098,128.425619,132.166834,143.483477,143.500500,143.501608,143.532808,143.534209,143.622168,143.638330,143.638686,143.663772,143.666449,143.672764,143.686014,143.696480,143.696856,143.713945,143.724997,143.753815,143.765815,143.790002,143.808890,143.812319","1,3,4,7,1,7,0,7,0,1,0,0,1,1,3,0,1,1,4,7,0,1,1,6,4,7,0,7,1,7,6,5,2,2,2,4,7,4,7,7,0,1,3,3,6,3,6,1,3,3,6,5,2,1,3,6,6,7,6,2,4,4,4,7,7,0,1,1,0,7,3,3,6,7,0,7,0,3,1,5",6
"10.124083,10.229308,12.430854,22.987235,23.159543,50.699669,50.714411,60.336600,60.427880,60.447656,60.489810,60.535593,60.541130,60.584118,60.606024,60.620559,60.646735,60.683752,60.696171,61.075798,71.120017,109.487130,131.505085,139.155524,156.253273,178.536538,191.274851,191.306746,191.493413,199.724387,225.439205,225.477922,226.576217,226.604332,226.621887,226.688634,226.759240,226.796587,239.704470,247.013958,249.127285,249.138779,257.640627,262.374581,281.156219,281.240165,281.253697,281.302163,281.312134,281.381633,290.954307,291.000980,291.044966,291.056977,316.795034,316.836706,316.844329,316.849995,316.871057,316.913484,371.523307,379.023485,385.506868,385.609133,397.083490,438.725541,438.731823,438.760795,438.795588,438.859194,450.573509,480.132523,480.281757,480.282175,480.367116,484.699754,487.320744,504.912123,504.954075,505.136452","2,4,3,1,3,7,0,3,6,6,5,5,2,2,2,2,4,7,4,4,5,0,4,3,6,5,7,0,0,4,6,5,0,1,1,1,3,6,4,2,5,2,2,1,6,5,5,2,4,2,0,1,1,3,5,2,2,4,4,2,4,0,5,2,2,2,4,4,7,7,7,2,4,7,0,0,1,7,0,1",6
"26.286462,26.380376,26.466840,26.525504,26.536533,42.069345,46.502940,46.523598,46.610617,66.976098,72.887183,73.019256,74.602030,74.620160,74.637024,74.688169,74.694490,74.733365,74.759179,74.855872,74.878094,74.900150,74.908482,74.984079,74.999090,75.071445,75.094111,83.422056,105.394310,105.613907,130.087285,130.127639,130.129414,130.141014,130.194147,130.281978,130.307803,138.444188,142.610098,142.759386,151.330693,153.030139,153.088969,153.122097,153.207035,153.225571,178.474977,178.517510,178.586571,203.280704,203.488185,203.491246,203.492953,203.577611,203.578521,203.582645,203.609981,203.722504,203.770233,203.813667,203.826681,203.827186,203.884384,203.916533,203.922760,203.932939,203.949895,204.017725,204.082296,216.054652,220.260127,220.299112,230.815851,235.425889,239.663179,253.317884,253.418904,253.449663,267.500677,285.168029","1,3,6,5,3,2,7,0,1,3,1,3,4,7,7,0,7,0,1,7,0,1,0,1,3,3,3,2,6,5,1,3,3,6,6,6,5,4,6,4,2,6,5,2,6,5,7,0,1,3,6,5,2,2,4,5,2,4,7,0,1,2,1,3,3,4,3,6,5,0,7,0,7,6,6,1,3,6,0,6",6
"32.097289,40.556637,40.568718,40.592398,40.627393,40.652222,40.731620,40.747294,51.617260,51.701510,51.705226,51.849007,51.853078,51.888842,51.889515,51.908820,51.933896,52.088622,52.293255,52.364155,52.416092,52.475231,56.331457,56.455459,56.550616,56.593794,56.625797,66.469785,66.475803,66.527736,66.538022,66.589899,66.595724,66.612453,66.671838,66.671892,66.767161,66.779830,66.785828,66.806171,66.835734,66.879636,66.887929,66.895436,66.908094,66.943983,66.968312,66.975805,67.007871,67.045614,118.780308,118.842641,118.974150,118.990867,119.039304,119.134513,119.181418,119.194069,119.307554,119.420815,136.863201,136.973437,137.150633,137.210763,137.392518,156.691680,156.692852,156.709696,156.755348,156.780116,156.799139,156.804952,156.836381,156.858320,156.868573,156.880118,156.897190,156.972880,157.119753,220.436291","7,1,3,3,6,3,3,6,5,2,6,4,5,2,4,2,7,7,0,1,3,0,1,3,6,5,5,3,6,5,2,5,2,2,6,2,2,4,7,5,7,0,4,0,7,1,0,1,0,0,7,0,0,1,1,1,3,3,6,5,2,4,7,0,0,2,4,4,7,7,0,0,0,1,1,3,1,3,6,3",6
"17.495392,54.028948,57.875101,64.903167,65.052630,103.693532,103.879685,103.943464,104.072984,131.248252,146.035268,152.137423,152.149997,152.168016,152.275867,152.331169,176.325594,180.251236,180.447977,194.761965,212.898759,212.904736,214.022266,214.047361,224.062651,237.539497,237.579388,237.694558,237.706051,237.741487,237.743549,237.804481,237.808029,237.808095,237.852342,237.858745,237.860027,237.952459,237.959085,238.113872,238.117766,238.342980,238.377199,238.928705,238.938140,239.043571,239.078073,260.065199,301.280317,301.291452,301.351074,303.298694,307.123735,321.519786,321.528284,321.556192,321.709795,321.777119,321.778435,321.801782,321.889766,321.932605,322.045586,322.071171,322.084849,337.734374,337.762970,337.775864,337.806243,337.822029,337.862133,337.880530,337.926829,337.935671,337.995356,338.017916,338.101995,338.121822,338.325886,338.621260","7,6,6,5,2,7,0,1,1,6,7,1,3,3,6,5,6,6,5,5,4,7,6,5,7,0,1,3,3,6,5,6,5,2,5,5,2,2,5,4,7,7,0,1,3,3,3,3,5,2,2,1,1,1,3,3,3,6,5,2,4,7,0,4,1,4,7,7,0,0,1,0,0,1,0,1,1,3,3,3",6
"2.503344,26.148460,35.850611,35.933931,44.198153,53.007709,73.628424,73.649811,73.696651,73.810843,73.836206,73.942811,73.948565,74.027078,74.123034,74.126802,74.274092,74.339379,83.050407,95.968299,96.074669,96.162933,99.130299,173.012497,173.037870,190.417318,191.631888,191.762123,197.600929,202.802835,207.789242,207.795993,212.845458,218.230851,218.461677,218.690407,234.756467,234.862972,239.504207,249.231257,249.235699,253.375571,253.412223,271.269532,306.343331,341.058549,356.285721,359.007249,381.380603,417.538639,417.538684,417.654500,417.823446,417.890337,417.981159,418.129660,426.122550,426.278067,426.301417,454.203631,454.212752,456.141387,467.518812,467.529057,467.769061,489.558946,511.218803,511.255343,511.262846,511.281939,511.282917,563.491006,569.172310,580.686995,580.761977,580.829801,581.057451,581.091314,586.716172,586.784476","2,0,7,0,0,3,3,6,5,6,5,2,2,4,7,4,0,1,6,1,3,3,3,4,7,2,2,4,5,2,2,4,3,5,2,4,6,5,7,4,7,2,4,4,1,6,4,5,6,0,1,1,1,3,3,1,2,4,7,7,0,4,7,0,1,7,3,6,6,5,6,2,6,3,6,5,5,2,1,3",6
"7.947214,10.088273,10.132955,10.241072,32.674404,32.698632,32.732868,32.742754,32.760242,32.827340,32.837544,32.841459,32.928863,32.953961,33.000648,33.076700,33.111774,33.138977,33.175039,52.213272,52.362916,83.139560,83.147759,83.188478,83.233220,83.379668,83.392513,83.397438,83.458759,83.481441,83.505885,83.515027,83.538089,83.592924,83.651035,83.664615,83.681535,83.689688,83.741784,83.802400,83.818155,83.869090,102.345481,124.590380,124.639880,124.777606,124.841664,124.888044,124.929151,125.006542,125.022345,143.439508,180.404269,180.531855,196.627713,198.131866,201.457693,201.460179,201.509717,201.566727,201.598463,201.670776,201.696900,201.708812,201.748581,201.962530,202.361960,213.575535,213.814179,213.837941,218.533893,218.625257,218.640337,218.916342,218.934068,219.013918,219.120954,219.121503,219.126456,219.242116","0,7,0,1,1,3,3,6,6,5,3,6,5,2,5,2,2,4,7,5,2,6,5,2,2,6,4,5,5,2,4,2,2,5,2,4,5,4,7,7,2,0,6,4,7,0,1,3,3,0,6,5,3,6,3,7,6,5,5,5,2,2,5,4,2,7,1,7,4,7,7,0,1,3,3,6,5,6,2,5",6
"5.063665,5.156479,5.157393,5.224093,5.256053,5.280448,5.294469,5.298067,5.304385,12.845772,12.935077,12.953766,13.021189,13.023898,13.051489,13.086877,13.146824,13.171233,13.171469,13.193972,13.200458,13.202743,13.233106,13.242559,13.257453,13.285789,13.310285,13.310845,13.315102,13.329265,13.330959,13.345808,13.355156,13.355605,13.356448,13.379908,13.388998,13.400435,13.412640,13.436153,13.457074,13.460096,13.467091,13.476002,13.538987,13.541160,13.543186,13.555882,13.588580,13.596958,13.601423,13.610259,13.632399,13.702597,13.724055,13.784227,13.848100,13.954550,20.324709,29.015784,29.147143,42.873402,42.954014,43.074043,43.077554,43.114795,43.126126,43.190577,70.597855,75.551012,75.606196,92.577753,92.665127,92.681588,92.758854,92.833315,114.600450,117.694094,135.363586,138.222947","1,3,6,6,5,2,2,4,2,3,6,5,5,5,2,5,2,4,2,7,7,4,7,7,4,0,0,1,1,3,0,7,0,0,0,3,2,1,3,6,5,0,3,2,6,4,1,6,6,6,5,6,5,2,2,5,4,5,2,2,4,7,0,1,1,3,6,6,1,6,5,6,5,2,4,2,1,7,7,6",6
"1.779203,2.691988,2.715213,2.746964,2.800393,2.835246,2.859651,2.942686,3.008931,13.310173,13.782582,13.791436,13.826200,13.880172,13.906610,14.048283,90.179113,90.274106,90.458094,90.501797,90.654428,90.728185,90.755540,90.794695,90.823126,90.890404,91.123054,91.126511,108.673436,110.948985,110.959146,111.132858,111.184481,115.808211,115.867750,115.920370,115.965552,116.031581,116.063408,116.102561,116.120849,116.194225,171.805376,182.974033,208.714627,233.415901,240.023013,240.052363,241.330027,254.509457,254.550476,261.419529,302.324150,302.455650,307.768070,314.517053,314.583934,317.025535,317.066756,317.070314,317.099091,317.119486,317.644336,326.532193,326.534696,326.675082,326.871748,326.878596,326.908980,326.952625,326.987188,326.987503,327.004828,327.036918,327.041835,327.064785,327.081356,327.087602,327.185855,327.233065","1,2,4,7,0,1,3,7,0,5,4,7,0,0,0,7,5,2,4,7,2,4,7,0,1,3,1,3,6,3,6,5,2,1,3,6,6,5,2,2,5,4,1,6,7,0,2,4,7,3,6,1,4,7,7,5,2,3,6,5,2,6,7,3,6,5,2,4,7,0,4,0,7,0,7,1,1,1,1,3",6
"5.372411,5.440967,5.650291,32.423890,32.459963,32.470192,32.531283,32.550095,32.740837,32.772663,32.775977,32.817222,32.984263,32.990116,33.171539,33.279342,33.280808,33.292849,39.885729,43.260596,43.319637,43.354133,58.633614,61.459952,61.468728,61.525225,61.544686,61.568413,61.587236,61.619076,61.644240,61.667611,73.688646,73.865364,90.164333,98.935334,108.014498,109.739732,123.849103,123.945062,126.154017,126.217795,126.654954,150.741873,180.176130,191.715135,237.869696,252.761655,252.920588,265.803311,265.934621,276.214092,276.428079,325.828512,342.262772,378.362178,378.376579,378.392582,378.400632,378.408144,378.439738,378.476446,378.522603,378.554623,378.611327,378.642368,378.643589,378.656022,378.691532,378.768846,378.935354,382.756559,426.232283,444.090172,444.130455,444.134810,444.446016,446.096834,446.255515,462.130941","3,6,7,3,6,6,6,5,5,5,2,2,4,7,0,7,0,0,7,4,7,0,3,5,2,2,4,4,7,4,2,7,3,6,0,4,1,1,6,5,2,4,7,0,0,6,3,5,2,1,3,4,7,4,2,3,6,5,2,6,5,6,5,5,5,2,4,2,4,5,7,7,4,6,5,5,2,1,3,1",6
"17.239940,17.466867,23.086191,29.910323,31.583831,33.650252,33.657991,33.690488,33.693686,33.715606,33.730725,33.736298,33.802571,33.810900,33.814424,33.837211,33.851316,33.852647,33.854026,33.861839,33.869276,33.877623,33.883862,33.887892,33.892516,33.893623,33.939306,33.948576,33.949378,33.965426,33.968224,33.976973,33.981644,34.011679,34.020529,34.027169,34.040842,34.043061,34.047251,34.054173,34.059977,34.061118,34.066675,34.110152,34.110292,34.137768,34.144004,34.180582,34.198661,34.203238,34.208717,34.209636,34.245753,34.247806,34.255738,34.291855,34.292076,34.306184,34.310828,34.313715,34.337585,34.338315,34.395730,34.404094,34.416878,34.450410,34.495863,34.671156,37.295159,43.157718,45.966634,61.433445,62.444872,62.448017,62.527842,62.544225,65.833061,65.840592,66.001473,66.026711","1,6,3,6,5,3,6,5,6,5,5,2,6,4,5,7,7,2,4,7,0,0,7,0,1,3,3,1,3,3,0,6,5,2,1,2,4,1,7,0,2,6,3,7,0,4,1,4,7,0,0,1,0,3,4,6,4,5,5,7,2,7,5,2,2,0,2,4,6,6,0,1,1,3,6,6,3,6,5,2",6
"11.441353,13.833022,13.864453,13.906016,30.020122,30.073767,34.918436,34.955028,35.112335,51.289606,51.325083,57.066840,70.669832,70.682649,109.501686,109.589652,120.242356,120.384262,120.408146,120.549794,157.288734,157.430808,157.479115,157.553316,160.026068,160.415282,160.415881,160.503069,160.605708,160.898813,161.141461,161.172728,161.193599,161.207655,161.278143,161.404309,161.470391,161.506613,161.525073,161.540251,161.559049,161.560338,161.577365,161.604736,161.618560,161.630138,161.664064,161.685502,161.731140,161.747673,161.820247,167.155380,167.267055,167.579551,168.276718,170.899767,171.149983,182.181202,183.044941,183.046197,183.054230,183.084033,184.322253,184.349414,184.366955,184.510816,196.811761,196.840327,196.917516,200.972673,201.034929,201.040739,201.191649,201.226336,201.291899,201.294545,201.298917,205.486926,205.733765,205.740237","5,4,7,7,3,6,3,6,6,3,6,5,2,4,3,6,0,1,3,3,3,6,6,5,6,3,6,5,5,5,2,4,4,6,7,0,1,1,1,1,2,3,3,4,6,5,2,4,2,3,3,6,5,5,6,6,5,6,6,5,5,2,4,7,0,0,5,2,4,1,3,3,6,5,6,5,5,0,1,3",6
"0.014084,5.101160,5.101999,5.122179,5.177442,5.576769,25.387707,26.377813,26.413442,26.653431,26.774322,26.873744,26.880767,46.591855,46.666642,48.688891,49.124564,75.849539,78.267802,78.351533,78.388714,78.509901,78.550694,78.687614,101.888960,103.297431,103.396905,103.473143,103.487611,103.545234,103.552529,103.644250,103.653980,103.657891,103.703500,103.717610,103.732318,103.849277,103.853204,103.861858,103.981965,103.982031,104.005424,113.220964,150.679571,153.707406,164.715242,164.847692,165.853877,165.888841,165.891881,165.894716,165.922990,165.928830,166.014104,166.044302,166.065463,166.091735,166.092535,166.122767,166.135390,166.152767,166.205529,166.257147,168.590434,223.050534,226.353971,226.529838,233.565426,233.732106,233.794045,236.318141,236.401070,236.445510,245.757155,245.809907,248.164411,257.884166,257.990325,275.418016","7,2,4,7,7,3,6,3,6,5,2,4,7,2,4,0,7,1,0,1,3,6,6,5,5,1,3,6,5,6,3,5,6,5,2,5,2,2,4,7,2,0,1,4,5,2,2,4,3,6,5,2,5,5,2,2,4,7,0,4,4,7,7,0,6,0,1,3,4,5,7,4,7,0,4,7,5,5,2,6",6
"23.180540,23.255688,23.318644,23.334016,23.380006,23.384200,23.401530,32.620479,32.696946,32.735566,32.758382,32.965031,58.931297,58.967103,59.057288,59.073399,59.113043,59.135390,59.183918,59.341643,59.721469,66.990917,67.109205,67.134814,67.188309,67.189919,67.296867,106.940177,107.851182,113.242009,113.441506,113.592224,113.685738,127.289841,148.594477,158.194337,158.237749,158.240699,158.250013,158.279121,158.344955,188.781516,188.782995,188.834775,188.896158,188.935283,189.015972,189.220641,189.257945,189.312323,189.398289,189.431207,189.440709,189.598241,193.868117,193.882112,193.912611,193.913888,194.103764,200.512683,200.519222,200.562078,200.571389,200.670322,200.694009,200.795353,200.855386,200.905091,222.564993,222.673781,222.804318,223.414838,235.702300,235.774879,237.742376,237.773512,260.899331,260.920749,261.200625,275.576195","6,5,2,2,4,7,0,7,0,1,3,0,5,2,4,7,4,7,0,1,3,5,2,4,7,0,1,3,4,5,2,4,7,4,1,7,0,0,1,1,3,6,5,5,4,5,7,2,4,7,0,1,3,3,6,5,5,5,5,5,2,2,4,7,0,1,3,1,2,4,7,6,1,3,4,7,2,4,4,6",6
"2.665634,2.877205,14.946273,15.093063,15.103046,15.123803,15.125694,15.175713,15.205550,15.240790,15.256812,15.257009,15.300001,15.309090,15.319018,15.413830,22.943392,22.952156,22.964786,22.970179,22.986062,22.991191,22.995160,23.038760,23.050105,23.056274,23.344459,25.348602,33.392929,43.186158,43.347086,44.810280,54.232536,54.366092,70.089012,70.484493,83.669754,90.558058,90.769999,90.787987,90.801840,90.823340,127.257111,127.319872,127.321881,127.360470,127.368911,127.378874,127.386881,127.388133,127.390035,127.485509,127.906767,132.954807,133.021594,133.024560,133.348994,152.850212,152.889641,158.524134,158.539143,184.905602,195.149318,238.810115,238.934497,238.943560,238.951803,238.958214,238.965591,239.122591,239.163140,239.195662,239.291517,239.437885,242.327142,242.367261,242.399405,243.489183,243.578422,280.150861","0,1,4,7,0,1,3,0,6,1,7,5,1,0,3,2,5,2,2,4,4,2,2,4,4,7,4,4,5,2,4,1,6,5,6,5,0,6,5,2,4,2,5,2,2,2,4,4,7,0,1,7,2,1,3,6,5,1,3,2,4,3,2,4,7,0,0,1,1,1,3,3,3,6,7,0,1,6,5,5",6
"3.517039,3.535006,13.465145,13.516483,15.166181,23.916939,24.023599,24.025784,24.071699,34.497965,50.151768,50.493841,50.552969,78.726072,78.818547,81.884188,81.915692,81.957236,81.967451,82.012218,82.140083,100.855408,100.976601,124.011830,127.221192,134.053540,149.941543,149.970925,150.062280,156.672871,156.694714,156.730752,156.746961,156.784478,156.857977,156.916022,156.954128,157.000822,157.029300,157.076126,157.174788,165.359710,165.409744,165.427883,165.438491,165.438774,167.035833,173.382325,174.976481,186.673204,186.742201,188.651392,208.373245,211.980469,230.658334,230.685718,230.746234,230.940197,230.985039,231.002909,231.008632,250.246932,250.277154,262.010725,290.667868,307.115019,314.378146,316.336996,336.121190,369.785949,387.127965,394.356801,394.505773,403.292185,403.318955,403.598445,415.789999,415.797546,448.742716,455.540664","1,3,3,6,3,3,6,5,2,3,1,1,3,2,4,5,2,4,4,4,7,6,5,3,1,6,5,2,2,7,0,1,3,1,3,6,0,6,1,5,1,5,2,4,4,2,4,5,4,3,6,4,1,4,5,2,4,7,0,1,1,0,0,5,6,3,4,4,3,1,0,7,0,7,0,1,4,7,3,6",6
"0.306598,0.386067,9.333333,36.703269,36.908767,44.413066,46.815299,48.358503,48.372955,48.757213,52.857786,53.005467,53.601657,53.630880,56.981399,57.009690,57.048037,57.143706,57.159420,57.166972,57.191088,57.197999,57.233588,57.253118,57.293622,57.318579,57.398840,57.406769,57.521991,83.622120,83.629722,83.646638,83.654743,83.707184,83.707550,83.718242,83.720964,99.670398,99.756031,99.756479,99.797169,99.834032,99.895748,131.555213,131.590635,131.612184,131.629297,151.238333,151.384987,151.421215,154.696632,155.046928,155.063643,155.085750,155.631569,155.725711,155.732488,155.783192,155.789187,160.134816,172.236613,172.241276,172.264170,172.273857,172.421466,172.445377,172.494216,172.520618,172.541172,187.646600,194.851717,194.904106,194.915149,195.101559,195.187769,205.430741,205.538571,205.651069,205.665827,205.834154","1,3,5,1,3,3,4,3,6,6,3,6,5,2,3,6,6,5,2,2,4,2,4,7,4,7,7,4,0,2,4,4,7,7,0,7,4,5,2,4,4,7,4,7,0,1,3,6,5,2,3,6,5,6,2,4,7,0,1,6,3,6,6,6,5,2,2,4,7,3,4,7,0,1,3,5,2,2,2,2",6
"9.604005,17.264495,22.912430,22.920534,53.132698,53.297946,53.309378,53.363803,53.364742,53.391835,53.400715,53.404049,53.404448,53.412683,53.551364,53.572262,53.580411,53.597446,53.612403,53.742670,53.915607,53.976547,83.569697,83.703169,89.719761,99.128814,100.228674,118.435510,118.484597,118.496058,118.525749,118.621225,118.682487,118.764084,118.905110,118.947601,121.549634,121.759621,142.172922,158.104348,158.104556,158.415840,162.840188,162.886858,199.144861,199.277397,199.291938,199.312135,199.426417,216.325182,216.375773,216.473553,216.476346,216.478542,216.594305,216.659572,216.692674,216.694061,216.721167,216.764068,216.779957,216.895702,246.430756,270.379846,278.755076,280.005206,280.019349,280.036830,280.037378,280.115819,280.125887,280.185161,280.229452,282.923381,284.261767,303.558853,303.752408,304.066273,304.148600,325.810265","1,3,1,3,6,5,2,2,4,7,4,4,7,4,0,7,0,1,3,7,0,0,0,1,1,3,4,2,4,4,7,7,0,7,1,3,1,1,5,4,7,0,7,0,1,3,6,3,5,2,4,6,7,5,0,4,1,3,3,3,3,6,2,3,2,6,5,5,2,4,2,4,7,6,3,3,6,5,2,4",6
"30.796981,32.863435,32.925723,50.144928,67.718628,67.751855,85.045308,85.069201,85.092819,85.103397,85.175687,96.501271,96.624501,96.845933,96.869484,119.064749,119.446339,128.471627,128.493971,163.282252,163.368181,163.649053,163.871604,163.895709,178.292806,178.336383,178.366231,178.394388,178.527860,178.663357,178.751416,178.773767,194.634197,196.742436,196.786303,196.811009,196.821984,196.888989,196.907355,197.014656,197.036494,197.074272,197.082552,197.390153,197.869229,198.441436,198.510021,203.003009,203.152666,203.369433,203.447574,203.462113,203.467393,203.505868,203.508924,203.516965,203.517384,203.600751,203.618540,203.660616,203.663279,203.692447,203.701339,203.823768,217.351774,217.361355,234.661865,234.711265,234.751003,237.493480,237.498856,256.207656,256.243441,256.381898,256.388344,256.411260,256.464056,256.541944,265.543224,265.578971","2,7,0,1,1,3,1,3,6,6,3,2,4,7,0,0,1,3,6,2,4,7,0,1,5,2,4,7,7,0,7,0,6,2,4,4,4,4,4,7,0,1,7,0,1,7,0,7,0,1,3,3,6,5,5,2,3,2,4,4,2,4,7,7,6,5,5,2,4,3,6,5,2,4,7,0,1,3,6,5",6
"64.067109,64.114504,64.196750,64.246116,64.374072,64.379058,65.479803,65.490536,65.493862,65.526392,65.561224,65.590726,65.635322,65.642811,65.845673,65.932399,65.945121,65.955686,65.961254,66.056529,66.080538,66.110854,66.117933,66.164116,66.212110,66.274626,66.342493,66.376160,66.382030,66.434036,66.449717,66.492855,66.542686,66.605650,68.258900,71.350941,71.351060,71.415811,71.429751,71.430979,71.446882,71.456493,71.456975,71.470546,71.492505,71.521119,71.522951,71.574986,71.576901,71.583949,71.584210,71.594074,71.603427,71.625982,71.651887,71.656874,71.665672,71.674511,71.702569,71.718708,71.723441,71.832957,71.833581,71.857341,71.891073,71.958404,72.010477,72.073095,72.110249,72.150408,82.736389,82.739907,82.781818,82.828002,82.840949,82.847353,83.289953,88.303336,88.331450,88.338067","3,6,5,2,4,7,1,3,3,3,6,6,5,2,5,5,2,2,4,2,2,4,4,4,7,7,0,1,3,3,6,6,6,5,4,1,3,6,3,3,5,5,2,2,6,5,5,2,4,4,4,4,2,4,4,4,4,7,7,2,7,0,7,0,4,7,0,6,1,3,2,4,4,7,3,7,6,4,1,3",6
"17.079887,17.343456,17.366588,17.396405,17.433443,17.470117,17.486355,17.489308,17.519325,17.532084,17.549556,17.763285,17.819482,17.843811,17.861001,17.868802,17.884340,17.905531,17.935116,18.038584,18.277612,25.319370,25.357761,25.368783,25.382447,25.490425,25.496701,25.555068,54.961989,98.769757,98.918252,101.249622,101.290304,101.338500,101.424188,101.433919,110.660837,122.523914,122.626998,131.175584,131.244792,160.043315,191.288452,191.430784,191.519876,191.831842,191.859270,191.872777,191.877585,191.915904,191.953094,191.964651,191.996882,192.004597,192.037147,192.110131,192.121716,192.157696,192.180067,192.246758,192.269123,192.273033,192.319746,192.426193,192.437692,192.473764,192.533645,192.562858,192.614328,192.614396,192.679135,192.684216,192.829981,192.946345,193.123613,200.394094,200.758409,219.546278,224.052108,228.064771","7,2,4,4,7,7,7,0,0,0,0,1,3,6,3,6,5,5,2,4,0,1,3,3,6,3,6,5,3,0,1,5,2,2,4,7,6,6,5,4,7,7,5,2,4,3,6,5,5,5,2,2,4,2,4,4,7,7,0,1,1,3,3,6,5,2,4,7,0,4,7,0,7,0,2,1,3,6,4,4",6
"10.501744,10.529784,10.598359,10.657768,16.339118,17.878087,37.158002,37.200284,37.254395,37.435038,37.476535,37.529037,37.558458,37.561046,37.573292,37.596639,37.626996,37.648745,37.696639,37.829179,37.902891,56.526590,123.606593,126.968584,130.339455,130.363276,130.725273,153.795640,154.222157,158.686544,174.694457,179.374684,179.427043,227.899967,228.022783,228.034369,228.069958,228.126285,228.188762,228.337013,262.434677,264.374087,270.975347,271.013270,271.104460,271.114769,311.582031,311.614198,311.665712,319.902149,320.088575,335.959547,335.997308,336.071272,337.142619,339.406493,339.559052,339.602819,339.643683,339.648096,339.677698,339.731928,339.871279,375.244623,391.971906,392.180967,417.738105,417.848176,418.145468,441.659915,442.112884,442.254258,479.953456,480.323423,510.232502,535.260564,535.297397,535.324047,535.376384,535.422558","4,7,7,7,1,2,2,4,7,7,0,0,1,3,3,6,3,6,3,6,6,0,1,5,0,1,3,3,3,4,6,6,5,5,2,2,4,4,7,7,7,5,6,5,5,2,7,0,0,0,1,6,5,2,0,5,2,2,4,7,7,0,0,7,6,5,4,7,0,7,0,1,7,0,2,3,6,6,5,2",6
"43.600044,43.737000,43.816667,43.960683,54.567342,61.437052,63.347943,63.375267,63.382586,63.425948,63.999799,95.795336,95.819535,95.870147,95.876366,95.901613,95.909816,95.951769,96.043987,96.048273,101.271653,111.752604,111.845181,111.906463,111.944180,111.965611,112.050926,112.319143,112.332850,112.640206,146.423162,146.441743,146.462657,146.500312,146.520347,153.215983,191.565288,199.732223,200.372621,200.410990,201.065221,201.103096,201.106642,201.170721,201.229580,201.244335,201.261537,201.323230,201.324396,201.335421,201.401257,201.414800,201.432044,201.434786,201.445923,201.447665,201.457207,201.471380,201.508759,201.538929,201.541640,201.542922,201.563842,201.578205,201.600922,201.602982,201.604077,201.622437,201.648351,201.668352,201.673608,201.705605,201.718231,201.719316,201.859236,201.885246,201.885600,201.894975,201.962365,201.972556","4,7,1,0,0,1,4,7,0,0,2,7,0,1,1,1,3,6,3,6,3,1,3,6,5,2,4,4,7,4,7,0,0,1,3,7,1,6,2,4,4,7,7,0,0,1,7,1,3,6,5,6,0,3,3,6,5,5,2,4,2,1,4,3,6,7,3,5,7,0,2,2,4,7,6,5,5,7,2,2",6
"10.690717,13.574472,21.925993,23.232768,28.335919,28.339923,48.622351,48.809930,48.846512,48.938591,79.846510,79.912081,80.308583,86.964396,86.990368,87.097513,87.308168,87.316451,91.807315,100.569116,110.177273,110.180564,110.236343,120.634693,120.666888,125.521858,125.637201,125.711683,125.754641,125.949446,160.095452,160.194789,162.053151,182.085910,182.092636,182.121930,182.162263,182.273476,182.417350,182.428064,183.519822,183.520873,183.605041,183.618311,183.681952,183.707000,183.714212,183.731291,189.412256,192.175886,192.369198,192.379873,192.408795,192.539642,192.541482,192.580651,192.601008,192.666470,192.701802,193.618373,203.833664,211.661219,219.636361,219.751621,219.769811,219.781879,238.876820,240.341358,240.420702,243.598758,243.610274,243.615832,243.654640,246.276071,246.365673,246.462151,246.664925,246.683014,246.724373,274.178562","5,7,6,4,2,4,4,7,0,1,1,3,6,6,5,2,2,4,7,3,4,7,7,3,6,6,5,2,2,4,3,6,6,4,7,7,0,1,3,6,2,4,4,7,7,7,0,0,3,1,3,6,5,2,4,7,4,4,7,3,6,7,3,6,5,2,6,0,1,4,7,7,0,1,3,6,0,5,1,3",6
"26.321536,26.335467,26.440120,26.471634,26.477547,26.516008,26.525652,26.654297,26.666981,26.692098,57.174776,57.196051,58.428732,58.544229,63.913083,86.755834,99.893042,103.058971,103.125743,103.216727,103.219974,103.243408,103.269194,103.283881,103.307860,103.319219,103.523221,103.630717,122.674420,141.584335,141.599023,141.609258,141.647553,141.753530,141.784088,141.904356,142.082955,159.965741,159.986199,160.418074,178.974882,179.007507,179.074909,179.128389,180.327726,180.344829,180.423399,215.893904,215.932994,215.954128,215.974352,215.979277,215.984844,215.988679,215.989843,216.074102,216.121685,216.142762,216.148866,216.149172,216.223793,239.959242,262.913208,306.739032,306.747370,306.803866,306.806374,306.820977,306.973611,320.382310,320.402729,320.508335,320.529296,320.536054,320.565651,320.615785,334.359151,334.548729,334.558197,334.608172","2,4,7,4,7,0,7,7,0,0,2,4,6,5,6,3,3,4,7,0,1,3,3,6,5,3,6,6,7,1,3,3,6,5,2,4,2,4,7,0,4,7,0,0,5,2,4,5,2,4,2,7,4,2,7,7,7,0,0,1,3,7,5,2,4,4,7,0,7,5,2,4,4,7,7,0,6,5,5,2",6
"40.698076,40.774679,40.791118,40.930801,51.004552,51.058577,51.059079,51.083026,51.094648,51.160542,51.197296,51.226753,51.305853,62.299628,62.359215,66.811199,95.789234,95.899428,95.911272,95.946157,95.972211,95.995006,96.010500,96.020053,96.130642,96.408261,100.469345,110.435191,124.158480,124.219922,124.323069,124.392571,124.396404,124.412721,124.442936,124.451480,124.468071,124.477800,124.574792,124.587518,124.588709,124.595990,124.611917,124.639465,124.658634,124.724126,124.789732,147.935990,147.945428,147.946468,148.011597,148.022669,148.071254,148.185599,148.386941,148.405435,148.495880,169.753398,169.808213,169.975983,171.426818,185.290839,185.615242,185.664926,203.590993,208.213698,208.306468,211.435073,251.239041,258.457090,258.587120,258.671164,258.685442,258.696915,258.702470,258.745162,258.904744,259.036535,266.098551,281.646912","5,2,4,7,0,1,3,6,1,3,3,1,3,5,2,4,2,4,7,7,7,7,7,0,0,4,3,2,0,1,3,6,5,3,6,2,4,6,5,4,5,2,4,7,4,7,7,5,2,2,4,7,4,7,0,1,1,6,5,5,4,1,3,6,4,7,0,1,1,6,5,2,2,4,4,7,0,1,0,7",6
"5.007933,5.014742,5.028707,11.273793,21.504864,21.631318,21.636871,22.006581,22.023549,61.434257,61.457153,61.458255,61.461570,61.549988,61.562557,61.638154,61.643875,61.644852,61.658712,61.687921,61.688371,61.693798,61.702858,61.712893,61.732233,61.734101,61.739283,61.746690,61.754377,61.757833,61.761098,61.764667,61.774046,61.801539,61.824918,61.830954,61.846137,61.872763,61.873413,61.888694,61.890893,61.908889,61.914663,61.916869,61.953029,61.956998,61.979873,61.980197,61.984310,61.987811,61.991807,62.013613,62.032228,62.038733,62.107524,62.235827,62.341269,62.438297,62.554700,62.658949,69.742289,69.796939,70.064441,70.108536,73.596335,78.821316,85.048104,85.210121,86.033894,102.414598,102.432679,102.459121,102.480393,102.501549,104.726074,104.738983,114.603781,114.768302,134.805286,134.848175","1,3,3,3,0,1,3,6,5,7,0,0,0,1,1,3,6,6,3,5,6,5,1,5,5,6,2,2,2,2,3,4,4,5,2,2,4,4,7,0,2,4,5,7,2,7,0,1,7,7,3,0,0,1,1,1,3,3,6,5,6,5,2,4,0,6,6,5,4,3,6,6,6,5,3,6,5,2,5,7",6
"6.104070,19.051710,19.132917,19.180412,19.181816,19.245678,32.607403,32.642557,32.654594,32.660760,32.748677,34.268631,34.690568,55.172734,70.394132,70.407957,70.446443,75.500791,75.533406,75.677233,75.743958,75.858223,75.888107,75.977465,87.603965,87.622162,91.537249,91.618877,109.797051,109.813823,109.936862,112.234470,121.499607,121.765552,121.771499,121.874621,123.879768,140.366396,140.632269,141.763330,160.339649,165.082816,165.084869,165.098031,165.106211,165.126505,165.223148,165.256957,165.272423,165.296228,165.298876,165.356732,165.457193,165.482808,165.554946,165.846635,165.912679,165.917644,165.921479,165.944566,165.997805,166.012694,166.017369,166.053830,166.058902,166.075697,166.088605,166.121183,166.165790,166.430627,166.629367,186.493045,188.461955,188.497284,188.501238,188.511573,193.546486,216.440899,216.513009,219.064714","4,1,3,6,5,5,5,2,4,2,4,6,5,3,6,5,5,6,5,2,4,7,7,0,1,3,1,0,7,0,1,7,7,0,1,1,7,2,4,1,5,3,6,6,6,5,5,5,2,4,2,2,7,0,1,2,4,4,7,4,4,0,1,7,7,0,1,7,7,7,0,4,5,2,2,4,2,6,5,2",6
"16.485233,23.365506,23.557560,46.266929,46.273462,46.274501,46.356713,46.390310,49.499335,49.508519,49.520894,49.636724,49.719354,60.032033,61.266625,102.958714,130.366805,130.373950,130.409430,130.415572,130.423254,130.456242,130.666110,130.679053,136.917886,137.682705,143.823504,145.867090,145.879551,157.296900,157.396650,157.436848,157.506013,157.515710,166.481152,183.432690,183.487078,183.489611,183.808865,193.719882,196.164742,196.204327,196.357342,196.458013,196.484677,196.496375,203.402483,232.172255,232.218778,232.431301,238.494171,239.270598,247.838139,260.137846,260.170933,260.200957,273.274190,274.486285,308.282969,308.309468,308.317724,308.340635,308.453795,308.462231,308.589990,308.638263,308.721720,308.750966,308.817993,308.847896,318.901662,338.999621,339.536946,339.562301,341.241369,350.438168,355.916690,368.609635,371.080189,371.170615","5,4,5,7,0,0,1,3,2,4,7,7,4,5,4,2,1,3,3,3,6,6,5,2,0,1,4,3,6,2,4,7,0,1,7,4,7,0,0,3,2,4,4,4,7,7,3,4,7,0,1,6,3,4,7,7,5,1,1,3,3,6,5,2,2,4,7,0,1,3,6,7,0,1,1,4,0,7,7,0",6
"2.927342,2.978299,23.015436,23.091492,23.354202,23.394269,23.804256,49.013346,51.713299,51.728124,51.759099,59.223915,91.561486,95.046188,95.069974,95.089696,101.964358,102.411905,102.646085,102.687733,102.692857,102.725631,102.729753,102.777910,102.780241,102.858529,102.993780,103.028941,103.037374,103.181356,103.225017,103.226484,103.238330,103.350601,103.355561,103.429361,103.455387,103.491739,103.517656,103.572094,103.694875,105.459939,117.328466,117.363224,117.461188,117.489179,117.502724,123.314973,123.545226,138.679360,138.797694,152.949204,156.144751,156.201805,156.212842,156.215250,156.223455,156.230457,156.318873,156.348108,156.435006,186.409332,186.409534,210.721173,210.742359,210.752594,210.754304,210.768007,210.776304,210.783787,210.788659,210.807786,210.856896,210.865283,210.884461,210.885782,210.921334,210.924972,211.005464,211.028479","1,3,3,6,6,5,7,5,0,1,1,4,7,1,3,3,7,1,3,6,5,2,2,4,7,4,0,7,0,0,2,4,4,7,7,0,0,1,1,1,3,7,2,4,4,7,0,6,4,7,0,3,1,3,6,5,2,4,3,5,2,6,5,1,3,6,3,3,6,3,6,3,6,6,5,5,5,2,4,5",6
"3.219447,3.445728,3.580140,24.492024,27.764356,61.979665,68.360003,78.926548,82.805848,87.001822,87.007469,87.018181,87.056907,87.062909,87.145331,87.296230,87.319822,87.323028,87.417876,87.417989,87.450080,87.459266,87.511791,87.557091,87.565594,87.571562,87.583426,87.689813,87.703935,87.742159,87.778248,87.844401,87.930184,88.010460,88.019402,88.036259,88.049490,88.172997,88.179556,88.181285,88.254857,88.333933,88.413254,88.552529,88.557457,88.733017,88.783517,88.897121,92.864770,92.917818,92.932367,93.097701,93.127784,93.170264,93.178636,93.189946,93.221355,93.304371,99.707477,122.365418,122.415141,150.094380,150.143684,152.050530,157.528123,157.722551,182.930337,222.488537,222.498731,222.533320,222.592388,222.654510,222.662676,222.671860,222.675935,222.691425,222.788909,242.442227,258.551268,258.566778","1,3,2,6,3,6,3,7,1,1,3,3,3,6,6,6,6,5,5,5,5,2,6,2,2,5,6,5,2,2,4,7,0,1,4,3,6,4,3,7,7,7,0,1,3,3,6,1,6,5,5,2,4,2,4,7,4,7,4,1,3,2,4,7,1,3,7,1,3,6,5,5,2,2,2,4,4,6,6,5",6
"5.341241,5.454821,39.016606,39.149184,39.226637,39.239974,39.310770,39.317738,39.472415,43.214520,51.618618,57.124669,81.097485,81.134702,81.207465,81.639235,89.384977,92.026046,107.526046,107.601935,110.418371,110.438325,146.912451,146.947285,147.007284,147.218225,147.512579,158.246007,170.187106,170.344722,170.345138,172.146896,172.230783,172.457377,182.548141,196.640103,207.682947,233.621264,233.647159,233.659604,233.951739,244.215366,332.620899,336.133067,340.959117,367.239303,367.241964,367.288385,367.297828,367.297881,367.330957,367.356105,367.455967,379.668087,379.730564,379.765723,379.843447,379.865803,379.881518,379.902137,382.340352,384.737812,385.266189,386.601026,386.697742,398.356429,411.592929,413.201982,414.011399,414.148876,414.296200,414.389305,415.572873,415.875864,426.245579,426.246534,458.202205,458.203924,458.237300,520.225921","0,1,5,2,4,7,7,0,1,5,3,3,4,7,7,2,3,7,6,5,2,4,4,7,7,0,0,3,2,4,7,7,0,1,1,3,4,7,0,1,3,2,6,1,6,1,3,3,6,5,2,4,5,6,5,2,4,2,4,4,4,3,3,7,0,4,7,2,6,5,2,4,4,6,3,6,7,0,0,7",6
"7.055417,7.190126,7.305677,7.352299,7.702842,17.385702,17.427312,24.136474,68.999107,84.593945,84.725071,84.731412,84.914542,86.510787,89.204492,91.417717,91.436968,91.807844,91.874011,91.893717,91.912685,91.939314,95.614628,97.169094,111.922426,111.971536,123.172825,123.191016,123.311208,123.388969,123.406348,123.407443,123.590877,123.712313,123.726196,123.824209,123.828690,123.941983,136.411641,136.505275,136.523293,136.524283,136.555561,136.818707,144.399811,144.450954,144.473148,144.484051,144.511948,144.539113,150.286503,150.327293,150.382108,150.430217,150.531115,194.512087,203.640844,203.648854,203.656999,203.657751,203.672631,203.681121,203.691078,203.692591,203.705332,203.709987,203.712215,203.742476,203.748616,203.750032,203.755993,203.756906,203.765903,203.794597,203.804336,203.815840,203.851847,203.856542,203.858924,203.908725","4,7,7,0,0,7,0,6,7,2,4,7,7,4,7,3,6,6,5,2,2,2,7,3,7,0,4,7,0,1,3,3,6,5,2,2,4,7,4,7,0,1,3,7,2,4,4,7,7,7,2,4,7,0,0,0,6,5,5,2,2,4,4,7,0,1,1,3,7,0,7,7,1,0,0,6,7,3,0,1",6
"49.163053,82.803856,85.495150,102.887363,119.436815,154.602071,154.645611,154.713103,154.796985,154.872481,154.988128,156.907632,156.930169,156.993691,157.008914,157.047383,157.085266,157.095422,157.253350,173.376689,182.897178,183.120478,183.138159,183.142014,183.147095,183.153600,183.200181,183.244078,183.269228,183.304000,183.311920,183.319199,183.365499,183.367017,183.395242,183.432029,183.432906,183.435056,183.445663,183.447880,183.472386,183.477477,183.491546,183.498692,183.542844,183.560289,212.380546,212.467210,221.689611,230.275973,230.358946,241.923020,242.148768,242.162230,249.473299,249.494229,251.829339,257.767008,257.789311,257.809451,258.056034,258.088443,258.090592,258.143789,258.220978,258.227188,258.229561,258.230207,258.235211,258.238840,258.244653,258.253185,258.262472,258.272531,258.308364,258.312623,258.324212,258.411246,304.546341,304.613746","4,4,5,2,1,0,1,3,3,3,6,5,2,4,2,4,7,4,7,6,5,3,2,4,6,7,5,2,2,4,4,4,7,7,2,7,0,2,1,3,0,1,0,4,7,1,0,1,6,6,5,6,5,2,0,1,1,0,1,3,6,5,2,2,4,5,2,2,2,2,7,7,4,4,7,0,0,7,1,3",6
"4.400228,4.414611,4.489708,4.603749,32.392932,35.918007,35.972834,43.216420,43.254464,43.266877,43.294475,43.295085,43.297562,43.335936,43.364013,43.366501,43.464600,43.481446,43.539933,43.563587,43.583441,43.585419,43.588531,43.596837,43.598052,43.608903,43.614435,43.629800,43.666102,43.860068,67.067125,67.099552,67.109651,67.156994,67.181677,67.200965,67.215901,67.234974,67.245553,67.259056,67.307538,67.307857,67.334256,67.337847,67.341613,67.341837,67.402482,67.452431,67.573486,67.594664,67.604307,77.581156,82.316275,95.068963,95.088610,111.330269,111.348268,111.355618,190.763071,190.810406,190.815630,191.021192,191.026965,191.041611,191.052749,191.102720,196.632392,196.642329,197.061943,198.550702,205.472100,205.722659,205.738321,207.590774,207.660090,207.690452,207.743041,207.755065,207.788432,207.894834","3,6,5,2,0,4,7,1,3,3,6,6,6,5,3,5,6,2,4,7,4,7,6,7,7,7,7,0,1,0,3,6,6,5,2,4,7,0,4,7,4,7,0,1,0,0,7,0,1,3,3,4,4,4,7,0,1,3,1,3,6,3,6,3,6,5,1,3,1,4,4,7,0,1,3,3,6,6,5,2",6
"20.078962,21.239689,21.261544,21.273592,21.327659,21.363012,21.364522,21.411250,22.342538,28.114196,33.799860,33.803295,33.888524,33.902752,33.989631,33.993977,33.995332,34.039809,34.086161,34.164315,40.596048,40.599122,40.607209,40.635548,40.644511,40.647259,40.665547,40.774688,40.837542,40.843144,40.873134,40.876766,40.916877,40.916925,40.944067,40.978808,40.980853,40.985133,41.013291,41.126156,41.137710,41.142983,41.239951,41.253587,95.016670,95.042418,95.091252,95.101394,95.105847,95.129340,95.135162,95.163094,95.182540,95.192228,95.208857,95.208901,95.212890,95.226837,95.235735,95.256139,95.268958,95.293250,95.311414,95.427625,95.436941,95.474738,95.583567,95.589116,95.600652,95.620843,95.649345,95.683213,95.899511,96.048972,98.562804,118.985195,127.850565,127.889961,127.952264,128.043905","7,0,1,1,1,3,3,1,3,4,2,4,7,7,0,0,4,7,0,0,0,1,3,6,5,3,2,6,1,3,6,5,5,2,4,2,5,4,7,0,1,1,7,3,0,1,3,6,5,3,5,2,4,4,3,6,6,5,7,5,6,2,0,4,7,2,7,0,1,1,0,0,0,1,4,1,1,3,3,6",6
"2.048654,2.103908,2.104519,2.129542,2.252149,2.262653,2.330403,2.386613,2.425326,2.438055,2.466339,2.475054,2.486078,2.505068,2.512130,2.609877,2.826237,2.958049,4.562767,41.540469,41.583836,41.836699,41.965113,42.003566,54.451061,54.847186,79.668345,79.669976,79.698428,110.716720,121.335506,121.341153,121.347691,121.358873,121.470428,121.471020,121.486683,121.507304,121.525885,121.786385,121.882732,175.183817,175.223716,177.674444,180.599921,182.869083,182.919763,183.831255,197.096843,202.282747,202.320121,217.993490,228.249987,237.716405,248.847048,258.551821,258.609504,258.675211,258.782618,258.804414,259.420018,274.012273,274.039016,283.026560,283.033339,283.054982,283.059133,283.088116,283.103113,283.114436,283.129291,283.150537,283.333918,295.303564,295.370333,295.371661,295.383920,295.430374,295.440838,295.445530","2,3,4,7,7,0,7,0,0,1,1,3,1,3,3,6,5,6,6,4,7,0,1,3,1,3,0,1,1,0,2,4,4,7,7,7,4,4,0,0,7,6,5,4,7,6,5,0,2,7,0,4,5,2,0,4,7,7,0,1,3,3,6,4,7,7,0,7,1,0,1,0,0,0,1,1,3,3,3,6",6
"14.453011,14.535549,50.720188,62.520302,75.325815,75.434385,78.430119,81.355423,94.336655,99.971390,100.024825,156.659653,162.394940,162.421825,162.423466,162.431878,171.273498,202.263463,244.956782,245.022003,245.036541,245.062635,245.108966,245.115587,245.118865,245.119840,245.153676,245.158197,245.164149,245.244244,245.453372,247.862995,247.901476,247.922244,248.202597,248.231212,248.238493,248.299770,248.361461,248.378581,248.747146,248.770569,248.838415,256.864556,258.843143,276.286080,310.673311,313.258078,313.401032,313.498045,313.503705,313.552467,323.398534,323.463259,323.471187,323.487197,323.499154,323.501589,323.518642,323.532279,323.556595,323.558061,323.574293,323.634165,323.717086,350.428062,350.474055,350.498978,350.509729,350.518705,350.582206,350.616738,350.864510,360.909507,360.941688,361.010343,361.028483,361.068693,361.087895,361.102752","2,4,7,1,4,7,2,1,0,5,2,6,1,3,3,3,5,6,2,4,7,0,0,0,1,1,1,3,1,1,3,1,3,3,6,5,2,2,4,7,7,0,0,3,4,3,5,6,5,2,4,2,7,0,0,1,3,3,0,3,6,5,3,5,1,7,0,1,3,6,5,1,3,5,2,2,4,7,4,7",6
"1.577062,1.719269,6.280202,14.464611,14.491896,14.519843,14.550014,14.597363,14.643250,14.687990,14.720455,14.752491,14.781677,14.802951,14.823674,14.830278,14.918386,14.947786,15.073100,15.147327,15.290287,15.337883,15.361648,15.462323,15.482057,15.501450,15.551296,33.035866,33.202276,49.986666,73.199185,82.361591,86.681120,86.722147,86.826103,120.563241,120.603404,120.619931,120.651737,120.680868,120.804199,120.882500,141.494358,158.389612,162.386453,162.507856,192.259874,192.271196,192.320369,197.004798,197.149757,206.034429,206.148116,208.389267,211.927836,251.323507,251.327735,254.939597,263.011519,297.857907,297.941623,298.002327,298.133882,298.202220,298.262987,298.294507,298.371287,298.549861,298.652212,298.657830,298.673145,301.344397,301.350976,301.397972,302.630004,302.705821,305.372288,305.422776,305.476364,309.089170","1,3,7,6,5,2,2,4,7,4,4,7,0,1,7,3,6,1,5,2,4,7,0,7,0,1,0,1,3,1,6,5,1,3,6,0,1,1,1,3,3,3,7,0,4,7,3,6,5,1,5,1,3,0,7,4,7,5,1,3,6,5,2,2,4,7,2,2,4,4,7,7,0,1,6,5,7,0,1,1",6
"2.607734,5.349934,5.820255,7.983949,34.246645,59.540798,61.702972,62.491716,81.119585,84.123013,92.122437,94.025190,94.065803,94.149125,94.247156,94.459908,97.422852,123.209000,123.214716,123.219676,123.333297,123.374285,123.448956,123.499656,125.968265,125.970123,126.077462,126.095674,126.215531,126.251030,126.261083,126.373959,126.455081,126.529183,130.942922,130.993254,131.035878,131.320996,131.466512,137.102430,142.879401,151.749266,155.211963,217.674477,234.002984,236.870445,236.934738,236.956375,237.002326,237.304846,237.360416,237.393709,237.564331,240.188576,240.377962,253.667454,254.906096,263.607482,263.692482,263.739296,274.964663,286.156741,286.207405,286.391850,286.425480,288.585697,322.467796,322.537877,325.294674,325.324511,325.324578,325.364886,325.406095,325.456335,325.456427,325.468906,325.491270,338.417874,338.442453,338.486766","3,5,7,0,3,5,2,4,1,6,4,7,0,1,3,6,1,7,0,1,1,3,3,6,5,2,4,7,7,0,1,1,0,1,6,5,2,4,0,1,7,6,1,2,2,0,1,1,3,3,6,5,2,3,6,6,0,3,6,6,2,4,7,7,0,0,7,0,5,2,4,6,7,5,0,1,3,5,2,4",6
"32.592304,32.622498,33.081784,45.333791,45.337404,45.361412,45.405337,45.447579,45.464271,45.476943,45.477031,45.513344,45.543455,45.556475,58.345764,58.451615,58.600092,58.638672,58.721564,104.114450,123.870087,129.358063,129.418540,129.432998,129.484459,129.493223,129.495676,129.508254,129.517438,129.528826,129.532006,129.555095,129.559661,129.601792,129.625633,129.640363,129.653397,129.665376,129.813272,139.556090,139.710650,139.727324,140.003460,141.094879,141.216903,141.219759,141.297298,156.645584,156.685923,157.016186,160.038474,173.805106,173.833810,173.865241,173.968335,173.997977,174.311934,190.774211,190.786857,190.798388,190.947035,190.993244,191.198792,191.201187,191.433054,191.524017,191.552770,191.594114,198.810295,205.453921,205.504886,205.674552,205.718653,205.756472,205.779915,211.392684,211.399030,224.872565,225.549569,225.639220","2,4,1,5,2,4,2,4,7,2,4,7,7,0,2,4,7,7,0,5,0,5,2,4,4,2,4,7,0,1,3,3,6,1,3,4,6,7,7,5,2,4,4,7,0,1,3,4,7,0,1,6,5,5,2,4,0,2,4,7,7,0,0,1,1,3,6,6,1,5,2,2,4,7,0,4,7,6,4,7",6
"44.541155,44.599252,44.670319,44.953888,44.961865,45.005706,45.038745,45.063513,45.117451,45.133776,45.203633,45.214104,45.231835,45.238798,48.052384,48.105262,48.120824,57.235772,57.288774,57.358123,57.363871,57.368070,57.395091,57.400717,57.443301,57.514235,57.540665,57.603420,57.612581,57.640077,57.652455,57.767861,57.803863,57.828374,57.863358,66.707485,66.729799,67.540390,67.732664,93.264928,122.814928,122.913991,122.966075,123.158774,123.250733,123.285157,123.285462,123.315956,123.378275,123.399335,123.402470,123.524794,123.541057,123.603132,123.603503,123.634492,123.651798,133.651607,143.031868,143.233386,143.577381,143.634432,143.670125,143.767411,143.823372,143.914024,144.041505,151.789679,152.000378,178.529177,179.154790,179.211588,179.223692,190.830354,190.925782,216.202282,216.230708,216.259001,216.521874,216.590759","1,3,3,6,5,2,4,2,7,4,7,7,0,7,3,6,6,1,3,3,6,5,6,6,2,4,2,7,7,4,7,0,7,1,3,4,7,0,1,7,6,5,2,5,2,6,5,5,2,5,4,4,2,4,7,0,0,4,2,4,7,0,1,1,3,6,5,2,4,7,1,3,3,1,3,6,5,2,2,4",6
"5.246047,6.834344,6.849522,43.948250,94.081665,94.177246,94.344890,94.349702,94.350543,94.419404,94.446883,94.557862,94.606750,94.692687,94.777217,115.008576,115.048204,115.131640,115.147086,115.402150,123.611300,123.678180,123.728768,123.758683,127.094752,135.258041,135.356440,155.193390,155.282227,155.282743,155.501149,156.068582,172.326371,172.349740,172.374269,172.375435,172.406510,172.451599,172.549378,172.611393,172.635907,172.640689,172.662479,172.674500,172.689620,172.689772,172.702595,172.733727,172.735426,172.772822,172.789705,172.790006,172.819179,172.847659,172.853151,172.868747,172.883480,172.898277,172.909654,172.953785,172.955355,172.957838,172.978941,172.982056,173.063807,173.087648,173.144903,173.165339,173.188676,173.197014,173.215810,173.246138,173.351106,173.412322,173.631463,173.653451,173.680160,173.719867,173.736209,173.809550","6,0,1,3,2,4,4,7,7,7,0,7,0,1,3,6,5,2,4,4,7,0,1,1,6,5,2,6,5,2,4,0,7,0,1,0,1,1,3,1,3,6,5,3,6,6,6,6,5,2,6,2,5,2,4,4,2,4,7,7,2,7,0,4,4,7,7,7,0,1,3,4,4,7,7,0,1,3,6,6",6
"15.104874,15.224908,15.262051,15.291179,15.359344,15.377278,15.440176,15.554498,15.589413,15.596123,15.616700,15.646566,50.078895,50.093106,50.104644,50.136191,50.155250,50.164538,50.176429,50.183461,50.200050,50.200228,50.207776,50.224863,50.255641,50.259713,50.263736,50.293198,50.304999,50.312480,50.315542,50.352130,50.377836,50.385434,79.690735,90.766858,90.800815,90.826462,90.897577,90.914213,90.929953,90.947977,90.964293,90.980401,90.990262,91.108855,91.245557,91.262767,91.274782,91.345806,91.378407,91.429169,93.661846,93.713975,112.638455,112.735324,127.284445,130.784263,130.977130,160.998415,161.094975,165.035449,165.077040,165.128519,165.132982,165.216180,206.202088,221.545630,228.067420,228.104187,228.417012,228.417044,228.431072,228.557238,228.577363,228.587779,228.621177,228.633047,228.636738,228.642849","3,6,5,5,2,2,4,7,7,2,4,4,4,7,0,0,1,1,3,3,7,3,6,6,5,7,2,0,4,0,0,4,1,5,3,4,7,7,0,1,3,7,3,1,3,3,6,5,5,2,6,4,0,1,4,7,7,1,3,7,0,2,4,7,7,0,1,4,7,0,1,1,3,6,5,3,6,5,5,2",6
"10.243147,10.272495,23.738937,45.689420,45.792791,64.085567,64.164740,64.207518,64.234010,64.373247,79.245523,118.643461,134.609027,134.616109,141.229992,141.355872,187.751902,209.870945,242.474316,255.890218,267.930271,270.223861,280.945621,283.282834,287.686143,287.696672,287.751989,294.560902,294.586810,295.729003,297.613156,299.219079,299.263943,299.294178,299.417548,315.509749,328.837494,347.196008,347.202935,347.230835,359.344353,359.363039,372.098876,382.256094,382.459375,382.691711,383.141766,391.174879,391.260623,394.657317,394.678492,394.754840,395.728160,406.825416,406.842709,406.851499,406.933249,417.057031,417.230547,445.737864,445.884207,446.547700,446.553827,446.809708,453.496132,453.701812,453.843101,463.698840,464.085491,464.214453,464.214577,464.224906,464.259743,464.262086,464.341614,464.342855,464.396765,469.065645,469.085508,488.926573","4,7,7,2,4,7,0,1,3,6,7,6,3,6,3,6,6,5,2,1,6,1,6,6,5,2,4,2,4,1,6,4,7,0,1,2,5,1,3,3,6,5,3,7,7,0,5,5,2,4,7,7,2,4,7,7,7,5,2,7,0,2,4,7,2,6,4,4,6,5,2,2,4,2,4,7,0,6,5,0",6
"0.789106,0.806634,24.523604,24.668780,24.716971,24.726119,24.727599,24.779253,24.837767,32.779036,52.012990,56.990375,57.030842,57.094036,57.513475,63.317812,65.294380,65.302409,69.393550,70.142103,70.149540,70.235404,70.236169,71.914841,71.925360,71.958317,76.707497,80.205986,82.070094,82.082381,86.427911,86.442387,95.620360,95.625275,95.743300,95.993740,96.011611,96.093569,96.179622,96.614915,110.799711,131.438846,131.527336,142.553937,142.602932,142.606595,142.632123,142.643927,142.650748,142.705325,142.754540,142.781415,142.824818,142.836698,142.875836,142.884035,142.885922,215.753264,215.863705,224.937057,224.961887,224.963329,224.983517,225.008833,225.049666,225.091783,225.202258,247.852086,247.858046,247.892915,247.956978,247.977476,247.987740,248.006854,248.017512,248.028489,248.082745,248.116686,248.135573,248.157401","6,5,2,4,7,4,7,4,7,5,1,3,6,5,7,3,5,2,0,6,5,2,4,4,7,7,2,3,1,3,1,3,6,5,5,6,5,2,4,7,2,2,4,7,0,1,1,3,3,6,5,5,2,2,4,4,7,7,0,3,6,5,5,6,2,2,5,0,1,1,3,6,1,6,5,5,2,6,2,4",6
"2.597320,3.768162,3.789908,3.790926,8.453778,8.516672,12.563244,27.902635,47.709431,47.798038,47.798477,47.827465,47.836970,47.874954,47.957862,99.214192,130.893086,130.969741,132.492198,132.557040,132.700872,132.878484,132.891944,133.106123,133.117324,133.123620,142.672318,142.737130,152.321169,152.355205,152.369923,192.533385,204.180606,233.876348,234.034041,234.083057,234.103968,234.155943,249.388073,253.513083,258.453555,258.485166,258.535503,258.580421,287.836192,287.907272,292.027796,292.110903,311.996735,312.103202,312.185990,312.272261,312.291181,322.020840,322.107219,322.621628,324.821178,324.903849,324.917990,325.138555,325.236476,335.825918,336.055446,336.131710,336.173612,336.361110,336.383983,336.439147,337.800249,340.827587,340.965713,341.034062,341.141200,341.181248,341.210293,341.218431,341.303820,341.350972,341.363443,341.419258","3,6,5,2,3,6,6,5,5,2,2,4,4,4,4,5,2,4,5,2,2,4,7,7,0,0,5,2,3,6,5,1,3,7,0,0,1,3,6,1,6,5,5,2,6,5,4,7,6,5,2,4,4,4,7,3,3,6,5,2,4,5,2,4,7,0,0,1,6,6,5,2,2,4,4,4,7,0,7,0",6
"7.056668,17.335735,17.341253,17.414826,17.475722,17.530754,17.545952,17.585476,17.723277,17.728041,17.730248,17.975607,53.828211,73.354901,74.881676,92.182594,144.012942,144.034137,156.666895,165.191124,190.709643,190.871977,193.550477,208.207786,223.682953,223.691718,223.706861,223.711146,223.750193,223.797002,223.820318,223.850815,223.854048,223.857857,223.867273,223.902080,223.904640,223.915164,223.966014,223.974896,224.013088,224.069883,224.085304,224.183720,224.211319,224.241802,224.484435,238.821313,268.188099,273.785018,273.847612,280.874811,280.883167,285.368009,311.383115,311.861154,320.732033,320.759976,320.812801,320.835169,320.891701,320.892784,320.897383,321.148136,321.205143,321.228909,321.236871,321.237434,321.246170,321.279700,321.310666,321.310929,321.351207,321.390887,321.422154,321.432282,321.432844,321.446372,321.509824,321.515420","3,1,3,6,5,2,5,4,7,0,4,2,4,0,0,3,5,2,6,7,3,6,6,5,1,3,3,6,6,5,6,3,6,5,6,6,5,2,5,2,2,2,4,7,0,1,4,2,7,7,0,1,3,0,3,5,1,3,3,3,6,6,5,6,5,2,4,7,6,4,5,2,2,4,2,4,7,4,7,7",6
"4.000225,14.053552,14.513995,32.658463,32.705602,32.723633,32.736259,32.748894,32.750676,32.761169,32.763563,32.771335,32.779526,32.787454,32.868911,32.962687,33.032121,33.183742,33.242921,33.652697,33.687453,33.894565,42.734513,42.831601,42.846209,44.106796,44.177841,44.187301,44.221059,44.243890,44.244200,58.454515,70.448190,70.466767,70.471241,70.475088,70.482689,70.504801,70.581344,70.616113,70.720981,70.734297,70.773999,70.861595,70.865829,70.875031,70.880299,70.884280,70.889088,70.901854,70.914940,70.918369,70.948422,70.989919,70.993939,71.003856,71.018900,71.020018,71.099278,71.219172,71.323327,71.375685,71.460787,71.493451,71.526862,71.633641,71.636331,71.653728,71.685104,71.718733,71.745647,87.479795,87.498310,87.555131,87.738061,90.200649,116.245153,123.925522,131.910831,144.373512","6,5,5,5,2,2,4,2,2,4,7,7,4,4,7,7,0,0,3,6,5,5,0,1,1,1,3,3,6,6,5,2,2,4,7,7,7,7,0,0,1,3,3,6,5,1,6,2,4,7,6,5,7,2,2,4,2,4,7,7,0,0,1,3,3,6,5,2,5,2,2,6,5,2,4,7,3,3,6,7",6
"11.802739,11.807490,11.925149,11.936307,12.104138,12.391191,12.491748,12.499851,12.503220,12.543248,12.558457,12.631248,12.850810,44.963573,45.166726,45.180569,45.278805,78.544363,78.573851,78.702498,79.518894,83.166440,83.171346,84.975311,123.042558,123.159359,123.233310,123.313395,123.318550,123.481082,125.665272,125.822168,140.878706,143.062211,162.163030,162.214335,162.248360,162.292287,162.395579,162.439740,162.585696,162.690227,162.825751,162.844791,162.859842,162.901040,162.933220,162.959216,162.966803,162.977229,163.000614,163.027490,163.166551,163.344433,163.354504,163.377488,163.430432,163.458577,163.460275,163.464545,163.493995,163.498700,163.503706,163.588810,163.603349,163.649107,163.701536,163.723234,163.822184,163.898569,163.900984,163.902485,163.979152,164.113153,164.383608,164.386974,164.409983,164.426772,164.459869,164.465973","0,1,1,3,6,1,3,6,6,5,6,5,2,4,7,0,1,6,5,2,2,4,7,0,6,5,2,2,2,4,3,6,3,1,0,1,3,6,6,5,2,5,2,2,4,7,7,7,4,7,0,4,0,7,1,3,6,6,5,2,4,7,5,6,7,4,7,2,3,6,5,0,2,1,3,6,5,2,2,2",6
"1.552330,1.611183,21.825044,30.724071,53.447920,53.453525,70.589459,76.527327,82.991286,83.022202,83.075860,83.102882,83.268611,83.525456,83.587134,83.964075,97.174050,97.301381,97.334322,97.347386,97.389298,97.390411,97.396911,97.448203,97.454725,97.481621,97.511976,97.553971,97.633248,103.426936,103.518933,103.590763,103.673640,103.691244,103.833175,103.841061,103.880285,104.003563,136.248238,146.926687,147.039909,147.051522,147.068938,147.079647,147.092568,147.100969,147.104107,147.116562,147.201771,147.281647,154.989880,155.188281,164.287117,217.059430,221.060229,221.063406,221.071126,221.083112,221.186160,241.912513,241.929159,242.007505,242.012897,242.020907,242.052045,242.052744,242.113116,242.114740,242.142696,242.145935,242.182448,242.206221,242.235707,242.264219,242.264944,242.454580,251.996448,252.029376,266.492054,266.605077","6,5,1,4,4,7,4,1,3,6,5,2,4,3,6,7,2,4,7,0,1,3,3,6,3,3,6,7,5,7,0,0,1,3,3,6,5,6,6,1,3,6,6,5,5,2,2,4,5,2,7,0,5,6,5,2,4,2,2,5,2,1,2,4,7,4,7,7,0,0,7,1,7,0,1,3,7,0,0,1",6
"3.749006,3.789969,3.862362,3.873803,3.883259,3.899158,3.921055,3.927041,3.927081,3.933977,4.002823,4.391076,4.472674,20.693131,23.501198,23.502008,23.566119,23.567115,23.679548,23.750896,25.361005,41.163050,49.830073,49.858249,49.899029,49.903547,49.922871,49.931873,49.934843,49.949583,49.960441,50.002998,50.065005,50.107376,50.114876,50.140587,54.756311,71.513216,72.066213,72.091357,82.878124,83.105685,103.558421,103.562469,106.146148,142.920413,161.926429,168.643637,168.710655,168.850266,168.865364,168.874012,168.916891,168.922526,168.937400,168.942225,168.969578,169.020827,169.078886,169.104605,169.186708,169.211454,169.224111,169.244471,169.246281,169.256339,169.322285,169.335638,169.337581,169.410348,169.454607,169.461710,169.465299,169.479752,169.527277,169.560399,169.574406,169.599920,169.600122,169.615990","2,4,7,0,0,1,1,7,3,3,3,6,5,6,1,3,6,5,2,2,7,5,3,6,6,5,6,5,5,2,2,5,2,4,2,7,1,5,2,4,1,3,4,7,1,7,7,0,1,1,3,3,1,3,6,3,6,5,6,2,4,5,2,4,7,0,0,1,4,1,3,1,3,7,0,3,1,1,3,3",6
"26.965798,38.071970,38.234437,38.267833,38.375669,38.388627,38.425284,38.445855,38.453221,38.497952,38.513289,38.516630,38.529215,38.530945,38.580105,38.596981,68.309675,68.318923,68.333337,68.536786,68.549904,109.304930,148.477042,148.538270,148.559178,148.615929,148.760879,148.814455,149.026885,149.106039,149.150358,149.218190,149.242699,149.279817,150.233788,150.246557,150.298185,150.427155,150.560993,150.563246,150.643354,150.681050,150.695236,150.698765,150.705985,150.715195,150.746341,150.756562,150.762149,150.813546,150.831867,150.869814,150.982143,151.037666,160.383580,207.404390,208.406105,208.448693,218.224126,218.224288,218.313300,218.604331,228.185339,231.997516,262.556043,268.255993,271.587545,284.614832,284.687608,284.743721,284.947189,292.305035,303.276111,309.717329,309.719515,309.736209,309.757611,309.797693,346.448111,346.705104","7,3,6,5,2,4,7,5,2,2,2,4,4,7,7,7,1,3,3,3,6,1,1,3,6,3,5,2,4,7,7,0,1,3,6,5,2,4,7,7,0,0,1,0,1,3,3,3,6,3,6,6,0,1,5,3,2,4,4,7,0,4,4,5,3,7,0,1,3,3,6,6,3,7,0,1,3,1,2,5",6
"21.276494,21.342113,21.360268,21.435134,21.452288,21.464431,21.468368,21.471197,21.488920,21.515629,21.516393,21.529914,21.567769,21.574583,21.611800,21.647626,21.684711,21.693040,21.700158,21.734265,21.737336,21.757500,21.839975,21.854350,21.855413,21.871888,21.875705,21.895408,21.915317,21.946733,21.987046,22.040414,22.113146,22.186523,22.272159,22.275942,22.303239,22.603586,28.953739,45.279338,45.324534,45.416511,45.473984,45.606665,45.625196,45.716785,48.396310,58.619335,64.065000,106.555488,106.572746,106.582971,106.733954,106.790266,106.822965,106.863703,106.869375,106.878730,106.919954,106.930031,106.942078,106.950050,106.964701,106.979027,106.992169,107.045853,107.049314,107.076031,107.089100,107.104322,107.107502,107.124481,107.125526,107.169751,107.170762,107.183151,107.203754,107.217567,107.278822,107.283221","7,0,1,6,5,5,2,4,2,4,5,2,2,4,2,7,2,4,4,4,7,0,7,4,7,7,0,7,7,0,4,1,3,1,6,5,6,5,3,2,4,4,7,7,0,0,6,2,3,0,1,3,6,6,5,5,5,2,2,2,2,2,4,2,4,4,2,4,4,7,7,7,0,1,4,7,0,0,7,0",6
"5.238261,23.657256,44.370677,77.440885,77.458306,77.461275,77.495985,77.503411,77.507603,77.520850,77.524269,77.601650,77.606672,77.624080,77.626122,77.759831,77.794567,93.462062,93.626467,93.650282,93.705026,93.971197,115.942823,115.944871,115.960884,116.017309,116.021008,116.065793,116.100147,116.157419,116.255320,116.322545,116.383626,132.095682,133.998307,177.760522,196.602586,215.127389,215.291575,215.302521,215.441984,230.353130,236.523921,236.554994,236.911331,236.929978,236.957598,237.390405,237.657612,238.542689,240.327123,240.457750,257.849966,257.860661,257.895443,259.341953,259.376897,259.487483,259.595909,260.221352,260.236494,260.243782,260.274212,260.346769,260.390101,260.399827,260.528308,260.595791,260.614533,260.667399,261.257462,261.290818,261.371729,261.403234,261.479784,261.552266,261.716508,261.788541,261.812911,261.820887","4,6,6,6,5,2,2,4,4,5,2,7,0,0,5,0,1,6,5,2,2,7,3,6,5,6,3,5,6,5,2,4,4,0,1,1,2,5,2,4,4,7,1,3,3,6,6,1,3,6,4,7,7,0,0,4,7,0,1,0,1,3,3,6,6,6,5,2,4,4,5,2,2,4,4,7,0,1,1,3",6
"5.747787,14.187419,14.218394,14.317725,14.342110,14.348462,14.431171,14.452613,14.463603,14.473163,14.476809,14.491904,14.563804,36.058187,36.922804,51.166583,57.392989,57.436200,60.707130,60.733366,60.736127,60.822551,60.891565,60.993200,60.996739,61.020151,61.071523,61.096283,61.181444,61.188292,61.230372,61.263020,61.275330,61.294872,61.305867,61.310092,61.317564,61.359096,61.392997,61.415322,61.440349,61.442477,61.481907,61.490548,61.498294,61.511721,61.588196,61.682668,61.684807,61.701358,61.703811,61.849468,61.874299,62.098002,87.804565,94.328907,94.383698,94.403537,97.570531,98.681734,98.739335,98.751785,98.756790,98.820885,98.834681,98.836363,98.867020,98.889406,98.953195,99.128393,105.659637,112.561196,145.325196,145.336737,145.355670,145.384150,145.427078,145.444223,145.444369,145.499141","4,7,0,0,1,3,1,3,3,3,6,3,5,6,1,1,0,1,2,4,7,4,7,7,0,1,3,0,6,5,1,5,5,5,3,3,6,2,4,7,4,7,4,0,1,7,7,4,7,0,7,7,0,1,6,7,0,1,7,4,7,0,1,3,3,1,6,5,2,0,6,3,5,2,2,4,7,0,4,0",6
"4.944428,5.080772,16.432452,19.583587,37.158552,37.358361,37.393836,37.394167,37.409425,37.419517,37.420284,37.452284,37.502114,37.520038,37.521154,37.548130,37.559694,37.571424,37.583830,37.584470,37.599200,37.600295,37.604266,37.609242,37.610376,37.621526,37.640055,37.641428,37.674695,37.691484,37.701080,37.707962,37.719657,37.725520,37.729850,37.740602,37.748867,37.781549,37.806078,37.819997,37.825708,37.852466,37.858811,37.876119,37.878024,37.939968,37.987448,38.046145,38.079613,44.531646,50.321074,69.153695,69.233317,69.268004,69.286912,69.329608,69.417033,73.935232,77.274152,88.068725,112.106645,142.861666,160.210284,172.756711,175.365586,176.274952,193.459154,203.445818,203.554728,211.807481,212.819648,212.890737,222.997658,223.058411,223.159759,227.198886,227.305158,234.628667,234.662381,234.791247","6,5,3,7,7,0,1,1,3,6,5,6,2,2,6,3,1,4,7,2,5,5,7,0,0,4,1,3,6,1,3,5,1,2,4,2,6,7,2,4,7,0,0,7,3,0,1,3,0,1,1,4,7,0,1,0,1,6,4,4,2,6,5,4,1,3,3,5,2,1,4,7,0,1,3,4,7,2,4,4",6
"7.283485,9.277128,9.433095,9.480539,9.506492,9.510529,9.553615,17.978780,17.985995,17.993228,18.001921,18.222526,18.441966,26.764997,33.079502,79.028114,79.060462,79.091647,79.137669,79.198483,98.819690,113.500557,147.839967,151.252949,151.436953,151.490762,151.532864,151.719020,151.934046,151.977724,151.982564,152.046548,152.064463,152.081664,152.095706,152.153545,152.167814,152.182149,152.223939,152.226043,152.241018,152.263448,152.312027,152.346433,153.201989,156.572388,160.960756,160.987624,161.319914,161.479469,161.497784,161.548807,161.745682,199.175634,199.249392,213.766645,229.171736,249.034831,259.716895,268.179561,268.330745,269.147061,269.193211,269.422914,282.910461,283.125664,284.263865,284.296553,305.148644,313.171202,313.225421,313.236551,313.302243,313.352827,313.364047,313.383526,313.394082,313.475342,313.485033,313.551002","3,5,2,4,4,7,7,2,4,7,0,7,0,3,3,5,2,4,7,7,2,2,6,2,4,4,7,0,1,3,3,3,6,6,6,6,5,3,5,6,5,2,4,4,7,7,1,3,7,0,1,1,3,0,1,1,2,3,1,4,7,6,2,4,3,6,0,1,5,1,3,3,6,5,2,2,4,4,7,4",6
"18.216595,18.234226,24.975904,25.055870,30.375477,30.522992,30.556676,30.722106,30.769946,30.786034,30.803052,49.233124,55.345431,55.354233,61.670252,81.905927,82.001540,82.184218,116.230483,116.268073,124.370945,159.451569,162.273023,177.899206,206.672090,225.234775,225.252984,225.299016,225.334887,225.359968,225.387634,225.454875,225.480422,226.984139,227.124891,227.126067,227.166517,227.216189,227.345525,227.385746,243.065475,255.107994,256.206356,265.538812,266.595277,266.612199,266.681221,266.739554,266.762636,266.876281,266.891618,266.899592,266.904541,266.915061,266.928516,266.940769,266.957207,288.537383,291.188662,291.370140,291.667918,308.143179,308.283576,308.351516,308.579968,308.662343,311.350255,311.468293,312.840576,342.629147,342.703847,362.845710,371.069935,383.296964,387.712903,396.895937,396.911891,396.933107,396.968016,397.038977","3,6,5,2,1,2,4,7,0,1,3,6,3,6,3,1,3,3,6,5,2,3,7,4,6,2,4,7,4,7,4,7,7,6,5,2,2,4,7,4,6,1,3,7,7,0,0,0,0,1,1,1,3,3,3,3,3,1,3,6,5,1,3,6,5,2,0,1,3,6,5,7,4,5,0,6,5,5,2,2",6
"3.154576,5.270015,12.055189,14.238674,17.195310,17.329947,17.471852,17.489836,17.504737,17.517823,17.544295,17.581510,17.607877,17.717130,50.266057,83.732251,127.146435,128.357943,128.406405,140.573997,141.333019,147.664486,147.680895,147.783111,147.915703,147.952153,147.955996,147.977066,147.991998,148.035588,148.051973,148.102857,148.119220,148.127552,148.159659,148.161279,148.170687,148.172814,148.203413,148.256980,148.281574,148.281790,148.297565,148.322721,148.338855,148.416142,148.419724,148.443392,148.461729,148.591367,148.638820,148.659019,148.663561,148.697011,148.698675,151.218426,159.324565,170.858879,171.054138,186.278379,189.017330,189.038826,189.261183,197.701092,244.003270,257.521693,265.107923,265.140389,273.000106,273.026620,273.206581,273.217626,273.226766,273.253471,273.276749,273.299761,273.303735,273.350055,273.460245,273.589528","4,6,2,4,5,2,2,4,7,7,7,0,0,2,1,0,0,6,5,4,2,3,6,5,2,5,2,4,2,4,4,4,7,7,0,1,1,3,3,3,6,4,6,5,2,1,3,6,5,5,2,4,2,7,7,7,4,3,6,4,4,7,0,4,7,0,3,6,2,4,4,7,7,7,7,7,0,0,1,3",6
"25.078799,31.758213,43.441076,43.555969,43.575696,43.610522,43.668344,55.366526,55.588309,60.735528,60.759871,60.838106,60.943579,61.031971,61.077882,61.103790,61.115909,61.122335,61.326631,61.376621,61.443733,61.597197,61.726122,61.791599,62.200358,62.201732,76.411264,89.019252,89.073897,89.090298,89.117550,89.147532,89.172467,89.183667,89.186159,89.216150,89.224572,89.258043,89.268834,89.303154,89.410632,89.453240,89.510245,89.525111,89.542876,89.724227,89.745325,89.823200,89.826736,89.833768,89.842220,90.508617,90.546181,108.124789,108.226074,108.246572,108.254748,108.265772,108.266887,108.279578,108.291205,108.291690,108.313428,108.328453,108.332144,108.337492,108.437087,108.556624,118.656555,132.074505,132.082748,132.098921,132.280271,132.517465,169.786114,196.025580,196.245580,205.957686,205.982862,206.200071","7,5,5,2,4,4,4,0,5,6,5,2,4,7,7,0,0,1,0,0,1,1,3,6,5,2,5,3,6,5,6,5,5,2,2,2,2,4,7,7,7,0,1,3,0,6,0,1,3,5,2,4,7,1,3,3,6,6,5,2,5,2,2,6,5,4,2,4,0,1,3,3,6,5,7,5,2,6,5,5",6
"3.545818,3.546335,4.225096,20.345128,20.345161,36.407438,44.605942,55.423335,55.656188,55.929051,67.554659,83.075870,89.809332,94.184082,94.357360,94.511488,94.694743,94.896701,94.905918,94.908093,94.920378,94.995976,95.047899,95.066389,95.175846,103.497554,137.581373,137.634548,139.283445,139.959248,139.997793,140.102290,144.699694,145.095500,146.648235,149.015294,158.027797,158.090562,158.096746,158.129651,158.176712,176.109844,185.655703,185.800085,185.849857,185.880112,186.002976,186.075709,186.206849,186.262948,186.280673,186.358706,186.421994,194.403506,199.124004,209.363927,209.435110,209.477540,224.094469,224.129111,224.171184,224.210283,224.239570,224.253929,245.019036,245.066325,245.190270,245.194078,245.219951,245.232415,245.234483,245.429574,245.444164,245.555182,245.593481,261.262279,281.717016,295.418300,308.533829,320.910883","5,2,7,1,3,0,6,3,6,6,7,1,3,5,2,4,7,0,1,3,3,6,5,3,1,4,3,6,1,3,6,5,4,7,6,6,2,4,7,0,1,1,7,0,1,3,3,6,6,5,5,2,2,3,4,7,0,1,7,0,1,3,6,1,1,3,3,6,5,2,4,5,5,2,4,0,0,0,4,0",6
"21.765840,76.095138,76.175124,76.296737,97.460937,97.549588,97.648588,97.731388,114.628668,126.451856,133.769370,133.775897,133.803423,133.815794,137.448967,137.616845,137.693826,137.757571,137.844614,137.863200,137.878593,137.880496,137.971070,137.998621,138.017247,138.081363,138.117347,138.147946,138.153003,138.155387,138.161264,138.211577,138.235041,138.264533,138.271018,138.320569,138.322823,138.337629,138.353104,138.369631,138.377456,138.385095,138.399253,138.410589,138.424492,138.449824,138.454855,138.457394,138.463091,138.466970,138.471222,138.472163,138.481738,138.488222,138.491119,138.496678,138.517704,138.529362,138.531728,138.542262,138.549535,138.551470,138.554393,138.557560,138.576452,138.577647,138.587481,138.614853,138.630754,138.666643,138.680730,138.714049,138.718165,138.726005,138.731801,138.757021,138.757784,138.762688,138.767509,138.782445","0,0,1,1,1,3,3,6,5,3,5,2,2,2,6,5,5,2,2,4,7,0,0,4,7,7,0,0,0,1,1,1,3,3,0,1,3,3,3,6,1,3,3,3,5,3,6,5,6,5,5,6,6,2,6,4,4,5,4,5,2,5,5,5,2,5,2,2,7,7,2,0,4,2,7,0,4,2,2,7",6
"31.684239,31.693139,33.811244,33.828386,33.887261,59.711498,59.756655,59.776380,59.796392,59.816194,59.817318,59.830557,59.835141,59.872715,59.884487,59.916249,59.920519,59.921407,59.929748,59.938649,59.941663,59.952832,59.955508,59.959660,59.982422,59.991177,60.005957,60.012777,60.025040,60.025665,60.029065,60.031401,60.042927,60.049277,60.076897,60.078239,60.081015,60.114672,60.118779,60.123093,60.125082,60.139183,60.153268,60.160754,60.186644,60.234729,60.239483,60.248811,60.260094,60.287077,60.293423,60.315996,60.349233,60.372732,60.394398,60.428111,60.444001,60.487242,60.495184,60.581546,60.617520,60.619360,60.628796,60.629671,60.650803,60.656158,60.685517,60.686161,60.692005,60.791507,69.134526,69.152732,69.176640,69.191552,69.242556,69.367500,72.425497,77.441609,89.771758,91.129632","3,6,0,1,3,4,7,0,1,7,0,1,3,3,6,6,7,5,5,5,0,1,3,5,1,1,1,7,3,6,3,1,6,2,0,3,6,4,3,5,7,6,5,5,3,6,5,6,2,5,3,0,6,6,2,2,2,5,5,2,4,4,4,7,7,0,7,7,0,0,7,0,0,1,3,6,2,5,2,5",6
"13.646409,13.695447,29.616509,46.496102,48.151707,48.224951,48.243807,48.258985,51.752607,71.275031,79.803906,86.170087,106.702602,142.470126,142.500827,170.627770,170.712529,174.912080,174.960338,183.481231,183.571663,209.605901,209.681607,218.538311,218.570179,218.586217,218.662221,218.741821,218.753534,218.842542,218.853735,218.864681,218.902960,218.947377,218.987044,219.032744,219.101403,219.510273,240.196526,247.331368,257.349697,291.387303,300.796952,326.924076,327.226478,327.285966,330.152376,330.220399,330.280854,333.104075,333.142286,333.165866,333.169087,333.191663,333.268277,343.410059,355.803165,355.854830,355.899215,355.899535,355.900572,355.924469,355.950991,356.016870,356.039035,356.046992,356.059126,356.082479,356.119926,356.123102,356.123158,356.135737,356.144595,356.150707,356.172500,356.204909,356.230346,356.251063,356.344328,356.416773","1,3,1,0,3,6,6,5,2,6,4,7,5,1,3,1,3,1,3,6,5,3,6,0,1,3,3,6,6,3,3,5,6,2,4,4,5,7,2,1,2,6,0,4,7,0,7,0,0,6,5,2,2,2,5,6,5,2,2,4,4,4,7,4,7,2,0,0,4,1,0,3,3,1,7,6,5,5,2,4",6
"5.164454,5.268246,9.401575,9.694307,47.902131,63.319762,63.357639,63.448347,63.460655,63.472440,63.500674,63.599977,63.828017,63.843375,63.885715,78.332262,78.343917,78.357395,78.418203,96.240688,96.630210,97.971018,97.983746,110.148321,145.719872,145.866344,145.871133,147.465535,147.511844,147.767830,147.771570,150.815563,155.789848,156.004054,156.021612,156.428041,156.457165,156.531811,156.584819,156.594287,156.702985,156.707942,156.741725,156.866258,156.934694,157.031097,157.054407,157.060717,157.151446,157.170186,157.262454,157.293513,157.325458,157.445793,157.480529,157.490664,157.549646,165.856217,187.294788,198.236545,234.269029,234.602165,234.752519,235.268063,281.248880,281.254053,284.251949,288.315815,288.334765,288.384422,288.485423,288.750090,288.793165,288.807568,302.736330,304.540402,314.266087,314.274795,314.280453,314.282542","7,0,7,5,0,1,3,6,5,3,2,5,2,4,7,6,5,2,4,4,5,3,6,7,1,3,3,4,7,1,3,1,7,0,1,5,2,2,4,7,7,0,1,1,3,3,6,3,6,6,5,5,2,2,4,7,7,1,7,4,5,2,4,2,1,3,7,4,7,7,7,0,1,1,3,6,6,5,2,4",6
"1.081144,1.103841,1.464382,33.767234,35.661058,35.689433,35.701434,35.734237,35.813822,35.875010,36.057883,36.095281,36.144297,36.165507,36.182370,36.204207,36.212931,36.238646,36.265427,36.281198,36.287449,36.287636,36.298698,36.308704,36.315652,36.324565,36.339246,36.348938,36.375435,36.391703,36.396138,36.404758,36.408503,36.414295,36.436029,36.438834,36.455942,36.526978,36.598471,36.611704,36.897424,36.909081,36.989470,55.786110,83.666512,89.848297,118.991854,123.351394,130.221447,132.510869,132.532778,132.550020,132.562209,132.573165,132.577994,132.626249,136.743758,136.798275,136.897094,136.919766,136.949471,137.149000,137.393958,137.461315,137.469058,137.492946,137.499040,137.521700,137.647694,137.653723,137.669523,137.799442,137.811700,139.284406,139.371354,139.392697,139.617386,151.767068,151.845947,151.913427","0,1,3,5,4,7,7,0,0,1,1,3,6,6,5,5,2,2,2,2,4,7,5,4,4,5,7,7,7,0,2,1,0,1,1,1,7,7,1,3,3,6,5,7,7,3,4,6,1,4,7,0,7,0,0,1,5,2,2,2,4,7,0,1,3,6,6,5,5,5,2,2,4,6,5,2,4,0,1,3",6
"2.522997,2.531809,2.561918,2.814270,2.816312,2.849618,2.869583,2.882120,14.860444,15.071332,40.847317,40.900554,41.032444,41.147982,41.177444,41.186771,41.198729,41.205954,41.221793,41.281280,41.299285,41.339284,41.369218,41.570353,41.582475,41.591113,41.601918,41.721682,41.813434,41.969046,42.104994,42.126379,42.194093,42.206719,42.235223,42.273700,42.302168,42.304049,42.361686,42.393791,42.439363,42.510573,42.535034,42.539379,42.544602,42.589040,42.617841,42.665839,42.703645,42.725091,42.882568,42.887861,42.904037,42.918448,42.993449,51.260871,51.283829,51.312082,51.351392,51.355960,51.428425,97.650734,97.684388,101.582407,102.398117,102.566318,117.466480,142.782899,142.786622,161.129942,193.599733,194.264866,194.427959,202.328690,231.409571,244.098073,244.103798,244.262263,244.297525,244.318986","2,4,7,7,0,1,0,3,5,2,3,6,5,6,5,2,2,4,4,2,7,0,0,1,1,3,3,3,6,5,6,2,4,7,4,0,1,1,3,6,5,5,6,5,3,5,2,4,2,7,5,2,4,2,2,7,0,1,3,3,1,0,1,4,6,5,5,6,5,7,6,4,7,7,0,0,1,3,6,6",6
"14.869749,37.433787,42.838292,42.857915,43.044162,43.049373,46.397165,46.479759,48.298963,48.374733,51.104103,51.158832,51.181823,51.303572,51.328920,58.934504,59.135404,63.236232,63.318429,63.396609,63.422319,149.911951,149.922829,150.095746,150.412220,157.656885,157.883639,158.012883,158.053759,158.067408,158.903948,158.957008,158.978014,159.022035,159.027251,163.085788,194.008188,198.733694,198.766303,198.905495,199.000446,199.152164,199.317849,199.835238,242.070263,257.171477,257.399413,282.473344,284.912630,285.043228,285.121381,285.160775,285.166532,285.193389,285.217808,292.464273,292.875054,292.981954,297.533472,297.571601,297.608488,300.069722,300.133423,300.162632,303.962739,303.985457,303.993840,304.008403,310.166121,311.355487,333.242871,351.545441,376.401334,376.433034,376.447404,376.455573,376.592504,376.621335,378.235847,378.261437","5,3,1,3,6,5,1,3,3,6,4,7,0,1,7,6,7,5,2,4,7,1,3,7,0,4,7,0,1,3,3,6,6,6,5,5,2,7,0,1,3,6,5,0,1,7,0,6,1,3,6,5,5,2,4,6,5,2,4,7,6,6,5,5,7,0,1,0,0,2,7,4,6,5,2,5,2,4,0,1",6
"4.049878,4.068162,4.266567,26.177544,31.223681,51.657611,105.390690,105.466459,105.475087,105.479521,105.571190,106.316322,157.024475,162.567326,163.602360,173.289858,173.391409,173.417821,173.422472,173.461339,173.529737,173.533551,173.539931,173.567427,173.602598,173.607889,173.611720,173.619606,173.621314,173.637098,173.644689,173.660208,173.685493,173.771200,173.873442,173.965737,173.973077,174.024884,174.034930,174.053308,174.514281,174.561660,174.808742,174.824812,174.856042,174.899091,174.954453,174.955100,174.956387,174.967466,174.981521,174.995926,175.011661,175.021738,175.060326,175.165383,175.203983,175.240488,176.491686,188.771410,188.803473,188.922833,188.937989,188.971975,189.093624,198.906584,228.337660,231.995545,235.843450,257.378276,269.016820,297.441705,297.497762,297.513565,297.677802,355.763231,356.147224,356.256263,382.430062,386.186446","1,3,3,6,7,1,4,7,0,0,0,7,3,5,5,3,6,5,2,2,5,2,4,4,7,7,0,7,0,7,1,0,1,1,0,1,3,6,6,1,5,2,4,7,7,0,0,1,3,0,3,1,3,1,3,6,3,6,0,0,1,1,3,3,6,0,3,6,3,7,7,3,1,6,5,5,4,7,7,4",6
"0.422513,1.540771,2.767653,13.808496,13.888908,13.935489,14.283840,22.334065,31.397943,48.653262,56.360861,56.514158,56.636835,69.995774,89.173370,89.279034,101.889373,107.835494,122.889170,122.923130,122.927148,144.703554,180.611085,180.622612,180.826172,181.049277,181.109599,181.200064,181.277729,212.166419,212.183281,212.201136,212.207088,212.210212,212.220839,212.222579,212.299599,212.318026,212.353950,212.367470,212.403044,246.555215,246.568773,246.608705,246.641516,246.707376,246.726850,269.735412,271.599097,271.841366,294.649986,297.604130,300.860360,302.734889,308.435319,325.819902,354.731564,354.743135,354.767894,354.822673,354.915956,355.011082,355.020335,355.049818,355.076471,355.170653,361.343750,366.856603,366.872184,376.626350,376.659453,376.665981,376.705176,376.711268,376.727763,376.787765,376.788381,376.794400,376.823234,376.826162","3,5,5,3,6,5,5,4,4,6,5,2,4,4,3,6,5,6,3,5,2,5,5,2,2,4,7,0,1,1,3,6,6,5,3,2,4,7,0,7,1,6,5,5,2,2,2,5,0,4,0,6,0,5,7,1,3,6,5,5,2,6,5,4,7,7,6,7,0,2,4,7,0,0,0,1,3,0,6,6",6
"48.798296,48.807881,48.830421,48.843805,48.901883,48.909131,48.914863,48.917236,48.923043,48.949145,66.386047,66.473034,66.500515,66.539909,66.575514,66.577810,66.682952,66.684148,66.724932,66.782819,66.896008,83.522023,94.152752,111.305922,111.481496,111.602889,111.603731,111.624112,111.656209,111.695436,111.751902,111.760976,111.782104,111.791518,111.814625,111.875913,111.907886,111.910239,111.933540,111.939777,111.956975,112.004463,112.012504,112.034917,112.035035,112.040657,112.050174,112.070966,112.100296,112.131965,112.151176,112.395710,112.428647,112.453663,112.518783,112.541472,112.552026,112.552462,112.563822,112.592592,112.665834,112.669262,112.805464,114.781552,114.798989,114.833494,138.130831,138.152784,144.175842,159.637938,159.765430,160.045088,160.062611,183.759226,183.892678,183.898915,183.932452,184.002320,184.041674,184.044876","5,2,4,4,2,4,7,7,7,0,7,0,1,3,3,1,3,3,6,6,5,5,7,6,5,2,4,2,4,7,7,2,7,7,0,1,3,0,6,5,2,2,4,6,2,5,4,4,7,3,7,6,3,6,5,5,2,4,5,2,2,6,5,1,3,6,5,2,5,2,4,7,0,5,2,4,4,7,0,1",6
"6.427339,6.433164,6.439774,6.590682,6.600070,6.679964,6.726836,7.536941,8.786170,8.888992,11.012582,11.059561,11.111908,11.159520,11.203642,11.248648,14.217426,15.385682,15.521236,15.574803,15.685587,15.737421,15.769570,15.783747,15.828209,15.908895,16.013667,16.056764,16.143916,24.815350,24.921901,24.945682,32.240083,55.737848,55.822977,55.832937,55.882054,55.937809,55.951996,55.955144,55.985639,56.012110,56.021298,56.030645,56.065340,56.094633,56.094727,56.106307,56.171900,56.174905,56.226095,56.250763,56.257685,56.286220,56.293847,56.483751,56.526932,56.917857,76.311014,76.352434,90.597753,90.654217,90.670284,90.702866,90.850596,90.862147,92.692013,111.278371,149.558143,149.769108,158.669676,158.708422,162.387349,162.457284,162.492688,163.466827,163.469837,163.538257,163.626820,168.488237","1,3,6,5,2,4,4,6,4,7,2,4,7,0,1,3,2,2,4,0,1,3,6,5,2,5,2,2,4,0,1,3,4,1,3,6,6,6,5,5,5,2,4,4,2,2,2,2,4,4,4,7,4,0,7,6,7,7,5,2,5,2,4,7,7,0,3,6,1,3,3,6,5,2,2,7,0,0,1,2",6
"35.445443,35.523803,67.510660,67.540587,67.552627,67.580955,67.912060,75.795291,79.383808,97.293802,102.409253,140.262303,140.307796,140.393781,142.652930,147.882748,149.820829,149.834400,149.844266,159.698802,163.034234,170.430265,185.018292,185.029435,185.030036,185.178041,185.242188,185.279791,185.287178,185.288529,185.304728,185.324696,185.426566,187.633821,190.925670,200.642526,210.292255,214.280651,220.826072,220.940978,221.057514,229.101565,244.384981,259.254257,260.575760,260.591007,260.701021,260.818462,260.893805,286.095036,286.165337,301.066147,314.290880,314.485795,314.504798,314.535494,314.565187,314.591744,314.592089,314.649615,314.859571,314.879859,314.917794,314.931557,314.933421,315.028582,315.059484,321.466630,321.549240,321.567094,321.588795,321.594461,321.607500,321.626738,321.632559,321.636419,321.677804,321.694280,321.710420,321.715524","0,1,1,3,3,6,5,2,2,0,3,0,1,3,5,0,5,2,2,1,5,6,6,5,2,6,4,7,7,2,4,7,0,7,2,3,0,5,2,4,7,0,6,7,4,7,0,0,1,6,5,1,1,3,6,5,6,5,2,2,5,2,4,4,7,7,0,7,0,1,3,6,5,2,5,3,2,5,6,2",6
"7.766975,11.346835,19.061642,19.293151,27.185842,48.078642,48.142120,61.657268,62.152422,70.319075,70.421993,70.466962,92.967889,93.017934,93.038437,93.134490,135.391055,135.457033,149.323378,149.339381,149.505452,152.799032,152.841322,185.615145,185.625945,185.660865,185.822923,185.830353,208.226192,208.258782,213.355630,215.707033,235.563732,235.617734,235.618798,235.619052,235.634246,235.690525,235.705471,235.737176,235.749533,244.094524,244.100767,244.195037,254.186752,271.301658,271.443098,272.180902,272.248777,288.426453,288.529305,288.699466,288.939382,289.062687,305.318804,305.333935,339.482037,348.706730,358.234544,411.916870,419.802531,419.870332,419.897409,419.908080,419.960612,459.982385,464.751954,469.588903,474.738374,489.385985,492.026472,503.088917,503.167558,506.579020,509.425106,509.439060,509.439413,509.448807,509.450067,509.543037","3,7,5,3,4,1,3,7,4,7,0,1,4,7,0,0,7,6,4,7,7,1,3,1,3,3,3,6,5,2,1,6,4,7,0,0,1,3,6,6,1,4,7,0,0,1,3,7,0,1,3,3,7,0,1,3,0,6,1,3,4,7,0,1,0,3,1,5,3,7,7,0,4,6,2,4,4,4,7,7",6
"8.016613,8.090718,32.507770,32.559025,39.673291,39.810644,39.896542,40.217903,52.157440,53.205222,61.754317,70.533304,71.333724,71.369769,71.410337,71.437774,71.452938,71.500639,71.635333,82.451288,101.295441,101.356882,101.372622,101.390719,101.435071,101.626445,133.816900,133.830541,162.760973,163.991711,170.427717,177.621840,177.702136,209.732486,209.752759,209.799572,235.454755,258.027852,258.098248,270.599541,270.656360,275.184915,275.328567,285.490627,285.962380,302.469047,303.863117,303.863127,303.870720,303.873338,303.967278,324.450557,345.367312,356.845439,393.734859,393.791121,393.866257,393.885195,394.479182,394.682605,394.792517,404.395034,407.745723,407.815350,420.883083,429.496005,433.910638,434.024282,434.054331,434.071302,434.082049,445.912467,445.971247,445.998566,446.036732,446.079656,446.106003,446.521136,446.544551,446.634947","4,7,0,1,6,5,2,4,5,0,2,3,1,3,6,6,5,3,6,4,0,1,2,4,4,7,7,0,7,3,3,4,7,5,2,4,1,4,7,5,2,2,4,3,1,7,6,5,2,2,4,5,0,6,2,4,7,0,1,3,6,2,4,7,0,4,1,3,6,6,5,3,6,5,6,6,5,5,2,2",6
"2.683485,2.703177,2.719860,2.725440,2.735571,2.761122,2.779567,2.821822,2.822896,2.901349,3.008649,3.095578,31.948043,31.954694,31.963924,31.968856,31.993247,32.020221,32.028327,32.087002,32.104719,34.593405,34.676584,34.699897,34.703409,34.830303,34.937824,34.966307,40.839920,40.924168,41.118375,49.357534,49.458194,49.492829,49.548003,72.872080,73.003790,73.111568,76.812819,76.900932,76.940990,76.944298,77.015107,77.047807,77.147037,77.288646,77.289048,101.602653,101.624994,101.631337,101.749911,101.761209,101.762032,101.765684,101.775629,101.822028,101.840213,101.841802,101.856821,101.880802,101.883037,101.891521,101.932171,102.019947,118.637667,118.709698,118.889279,121.669856,121.907070,140.670430,140.736840,189.231390,212.719173,213.037366,217.733826,217.763570,217.789176,218.101685,222.586702,228.426917","7,0,1,3,0,3,6,1,3,3,6,5,7,0,0,1,3,3,6,6,5,7,0,1,3,6,5,2,0,1,3,4,7,0,1,1,3,6,3,6,5,6,2,4,4,7,0,4,7,7,0,1,1,3,3,3,6,6,0,6,5,2,6,3,3,6,5,4,7,2,4,4,5,2,0,1,1,3,5,1",6
"11.543299,19.200166,40.752640,40.825095,40.851996,42.183075,47.704499,50.379217,82.770428,82.785606,82.821146,82.846481,83.018955,83.171741,83.238129,83.516576,89.157729,120.587484,120.639882,120.689795,171.553253,171.802577,171.809455,171.874839,171.891966,171.901987,171.917549,172.121832,172.225209,176.975404,184.569374,192.958746,215.540115,233.796621,233.855956,233.947393,233.948447,233.960291,233.960923,233.969995,234.003392,234.031891,234.056959,234.067314,234.070620,234.084538,234.092585,234.094493,234.095920,234.104731,234.110945,234.126740,234.137924,234.156255,234.175228,234.183962,234.188752,234.201310,234.208932,234.210227,234.212085,234.217795,234.224974,234.232580,234.233965,234.235520,234.240391,234.240406,234.242628,234.251529,234.274057,234.276144,234.307813,234.349522,234.406121,234.418805,234.423270,234.427377,234.442207,234.450338","1,5,4,7,7,7,4,6,5,2,4,4,7,0,7,1,5,0,1,3,3,6,6,5,2,5,2,2,4,4,5,2,3,3,6,6,5,2,5,4,5,2,4,2,2,4,4,2,7,7,4,2,7,4,7,7,5,0,0,7,2,1,3,7,0,4,0,7,0,6,0,1,1,1,1,3,3,6,5,6",6
"4.941895,4.996952,5.137986,9.384169,9.392052,9.433750,9.513201,20.315383,62.299647,62.519305,62.533059,62.559120,62.581176,62.598172,95.327373,101.179391,106.103582,109.245830,109.274786,133.284784,169.119696,173.364013,173.414221,176.362920,176.412159,176.424698,176.499508,176.508911,178.939172,178.993933,178.996388,179.011183,179.047022,179.098978,179.239709,179.268637,179.284320,179.315945,179.347855,179.371002,179.416365,179.419867,179.421809,179.466086,179.489297,179.586614,193.414644,196.386491,196.393138,196.448609,196.572542,196.598975,196.903171,196.983586,197.070924,197.078007,197.183010,197.261391,224.330827,224.345897,224.400057,224.451816,224.479503,224.526692,224.532598,224.549267,224.602858,224.683455,224.695262,227.541804,227.653936,227.721530,227.747633,227.751409,227.795974,227.805224,246.250659,287.040390,287.050491,291.174825","3,6,6,4,7,7,7,7,4,7,0,1,2,4,1,7,4,7,0,5,3,4,7,7,0,0,1,3,5,2,4,7,7,7,0,1,3,6,3,1,5,3,6,3,5,6,3,4,7,7,0,1,3,6,5,2,5,2,7,0,0,1,1,1,3,1,3,6,6,6,5,2,2,4,4,7,4,7,0,4",6
"63.982097,64.192316,73.210359,79.434911,79.467000,79.722629,79.737835,79.810311,79.818896,80.019227,80.042680,80.144041,80.172500,80.221846,80.233814,80.251139,90.893458,90.936853,90.953269,91.082167,91.449735,91.461991,91.467826,91.488910,91.492372,91.496927,91.503602,91.552685,91.571828,91.576888,91.590198,91.743250,94.553404,108.700391,108.747184,108.797866,109.079483,115.264711,123.299163,123.359162,123.543175,137.115942,137.817514,137.891717,139.952436,140.086420,140.094564,140.098575,140.169495,140.331431,151.096151,155.611458,168.011368,173.075854,200.473951,200.567436,220.767836,220.768070,220.791623,220.920459,231.625085,259.467901,259.489753,262.616849,262.725892,262.726152,277.770297,281.918329,281.950554,282.005932,282.016210,282.036638,282.109359,282.180980,282.260676,293.527048,305.167858,305.198897,305.202313,308.879384","0,1,7,3,6,6,5,2,2,4,7,7,0,7,0,0,4,7,0,1,3,6,5,6,5,5,5,2,2,4,7,0,2,5,2,4,7,2,7,0,1,5,3,6,2,4,7,0,3,4,7,2,5,6,5,2,6,5,5,2,2,1,3,1,3,3,4,1,3,6,6,3,5,2,2,7,3,6,5,1",6
"19.790109,19.858369,19.864037,19.881745,19.926608,20.476796,20.534492,20.538259,20.583938,20.832065,54.537515,54.544663,54.547600,57.245549,58.986434,67.035035,80.033192,80.116834,80.333315,80.359259,80.375514,80.392628,84.701734,87.926261,87.980411,88.045855,88.049253,88.162793,88.296853,88.311852,88.316978,88.332793,88.400214,88.549891,89.837142,104.077314,154.132002,174.716556,174.763875,174.784376,174.820536,175.003092,175.089165,175.139174,175.160189,175.201996,175.323400,178.840403,182.943263,187.181843,187.312277,187.312306,202.021092,208.006641,213.021024,213.058960,213.099230,214.544840,229.325795,236.629003,256.268196,256.334910,256.415972,256.450423,274.636772,297.466406,307.639091,307.852086,316.943802,317.026672,318.814017,318.884084,318.906510,318.912241,318.926784,319.075855,319.234068,319.714314,319.715059,319.721313","3,6,5,2,4,2,4,4,7,7,4,7,0,4,1,6,7,0,1,3,1,6,2,5,2,4,7,7,0,0,1,3,1,1,2,1,3,5,2,4,4,7,0,1,3,1,7,3,1,7,0,1,3,5,7,0,0,7,6,0,1,3,6,6,7,7,5,6,0,1,5,2,2,4,7,4,7,2,4,7",6
"28.074424,28.190695,28.356827,28.415028,28.447353,28.447723,28.510344,28.532026,28.561122,90.747086,90.781490,115.552324,115.613935,115.634493,115.806213,125.811138,131.572025,131.729711,133.484331,138.932376,139.007782,139.025747,139.035623,139.126451,139.136641,139.416980,139.461162,140.315619,164.969718,173.635983,173.636004,173.644211,173.652580,173.662127,173.689650,173.756802,173.783278,177.818111,177.913812,215.372551,226.952582,226.980539,234.429751,235.891088,235.945647,236.035738,236.046135,236.860886,236.925666,247.843940,247.912163,259.108555,259.128898,259.285706,265.913384,265.972142,265.982600,266.118782,266.194978,266.236669,266.346834,266.516106,267.230600,276.841295,288.665112,288.679343,289.000870,300.044031,323.717479,347.979902,371.470979,371.514898,371.539277,371.548062,371.586073,371.603463,371.656395,371.705605,371.886171,371.891832","5,2,4,7,7,0,1,3,3,7,0,5,2,4,7,2,7,0,5,6,5,5,2,2,2,4,7,4,1,1,3,3,3,6,6,6,5,3,6,3,0,1,7,4,7,0,7,3,6,3,6,0,1,1,6,5,2,4,7,7,0,1,5,2,7,0,1,5,3,3,7,0,1,0,0,1,1,0,1,3",6
"10.774002,17.645110,36.278033,39.531767,39.547448,39.561444,39.600682,39.608470,42.897752,47.761533,55.525355,78.779979,81.838572,81.849387,81.877006,82.242441,82.303570,88.957907,89.272242,89.328027,89.366200,89.367936,89.376912,89.387311,89.422394,143.423084,190.085072,202.160847,202.190626,240.719681,240.740603,240.790727,241.112280,241.157348,241.390374,241.416943,246.026334,246.129340,246.195130,246.217035,246.217497,246.250893,246.258509,246.281959,246.294414,246.439163,255.206502,255.308841,262.834970,262.845831,262.875351,262.876404,262.884174,262.897942,262.913869,262.919961,262.946522,278.677709,293.594132,294.327195,325.129971,325.210452,325.221053,325.236425,325.365006,325.406412,325.436216,333.870004,384.834218,384.948934,400.318482,400.380489,400.401141,422.840146,422.901982,422.968970,467.564893,467.603259,467.658597,467.706700","5,1,3,6,5,2,5,4,0,7,2,3,2,4,7,0,1,5,7,0,1,0,1,3,3,7,5,1,3,4,7,7,0,1,3,6,4,7,7,0,1,3,0,3,6,5,2,4,1,3,3,6,5,5,5,2,2,3,4,2,6,5,2,2,4,4,7,6,1,3,4,7,7,0,1,3,3,6,5,2",6
"31.287799,38.157737,40.301112,40.314052,40.347546,40.350598,40.363295,40.382651,40.596427,82.677717,84.229923,86.148736,86.183302,86.266047,86.509162,86.524644,114.215707,114.279833,114.281019,114.283278,115.092269,116.431667,117.938737,117.940235,118.131753,118.219784,118.322274,118.336927,118.384794,118.414602,118.560928,118.571055,118.599411,118.717474,118.897011,129.753972,133.460041,133.535849,133.545711,133.550018,133.582697,133.620907,133.623988,133.704836,133.745065,133.747422,133.809934,133.834312,133.844407,133.848282,133.861732,133.901787,133.902317,133.916924,133.918737,133.923645,133.935181,133.935402,134.003343,134.013419,134.016526,134.027072,134.035661,134.038153,134.063368,134.082856,134.082987,134.122235,134.122728,134.123334,134.171612,134.179239,134.219564,134.248342,134.404758,134.410534,134.438487,134.444897,134.453707,134.511608","5,2,5,2,2,2,4,7,0,0,0,2,4,7,0,1,3,6,5,6,7,3,6,5,2,4,7,0,0,1,3,1,3,6,3,6,0,1,3,6,1,5,3,2,2,6,4,6,7,4,7,4,5,5,0,7,1,5,1,7,7,3,0,3,0,3,0,6,2,1,0,5,6,5,1,3,2,4,3,7",6
"2.767574,2.784667,2.954624,3.022081,3.058745,3.502175,3.536871,48.282797,48.369988,48.387460,48.398203,48.418468,48.546754,61.753510,61.892997,61.944091,61.956842,73.550944,73.576433,73.585900,73.595453,73.612441,73.616740,73.617716,73.627653,73.643352,73.654548,73.759228,73.788820,74.107979,79.068486,80.044995,95.279683,97.308089,97.436320,97.478641,98.418040,106.754995,106.786863,109.265796,109.276205,109.519073,115.234370,115.267476,115.275826,115.427288,115.529530,119.704918,125.226910,131.248003,131.530724,131.790728,149.059080,149.074624,157.875481,157.880728,157.919997,157.922132,164.783735,171.470392,171.472781,171.508328,171.874066,171.934430,175.057691,188.284405,203.722106,203.733408,203.745653,203.753324,203.831979,214.654166,214.665586,215.405233,228.443819,256.880214,261.753187,266.981798,291.017728,291.046174","5,2,4,7,7,0,1,7,0,1,1,3,6,7,1,3,6,1,3,3,6,5,6,5,3,5,2,2,2,5,3,1,4,2,0,1,2,7,0,7,0,0,6,5,2,4,5,0,7,4,7,0,6,5,2,4,7,4,2,1,3,6,5,2,5,7,3,6,6,5,2,1,3,2,5,2,7,7,4,7",6
"14.947966,34.622921,45.653491,45.718101,45.851525,62.778392,62.907997,89.311708,89.366640,89.422588,89.454457,89.472814,93.402282,98.400645,98.519924,98.527836,98.591286,102.189820,102.198032,102.308599,102.381230,108.267690,108.270393,108.343519,112.112881,112.136852,112.138976,112.206334,154.629157,172.756538,180.608333,188.848292,188.888661,189.098359,189.151902,189.177889,189.178483,189.216233,189.225591,202.649310,203.473709,236.238140,236.262773,236.318119,236.371485,242.032741,242.162165,242.224166,242.226014,242.324901,242.468491,242.518128,243.628434,244.347727,244.477537,259.982575,260.023138,260.058229,260.144308,260.177328,260.196432,260.255900,263.878384,263.890233,263.900095,263.990051,264.001501,264.037497,264.105302,264.117338,264.156710,264.172898,264.419311,269.309465,269.351562,269.359615,269.395860,269.411057,269.422966,269.697498","4,1,1,3,6,1,3,4,7,7,0,1,4,7,0,1,3,0,1,3,6,6,5,2,2,4,7,7,5,0,5,3,6,6,5,2,4,7,0,1,3,1,3,3,3,5,2,4,4,7,0,1,1,7,0,4,7,7,7,0,0,0,3,6,5,6,5,2,5,4,7,2,2,5,2,4,4,7,0,7",6
"11.856892,11.891523,11.947269,12.026425,52.549960,57.683581,64.340344,68.702667,77.905957,81.512402,107.805312,107.982224,114.452557,114.481619,114.535095,114.594685,114.619431,114.747959,124.269551,124.506376,124.741934,141.795023,159.069386,163.805155,191.328410,191.427210,191.433375,191.438746,191.490909,191.561494,191.695524,191.734367,204.295802,208.767370,208.775705,214.527510,214.546431,258.050174,258.056047,258.378801,283.395405,289.832598,289.889287,296.381786,305.837642,311.056234,322.499208,327.342081,327.381855,327.391612,371.879210,371.988142,372.029781,390.815660,390.854139,407.003239,407.029521,407.033555,407.140019,425.549753,438.509629,438.554191,438.591595,438.782659,462.042907,468.353009,480.562724,490.173167,490.254856,490.296826,490.298984,490.692788,494.332385,515.388878,534.815091,534.817180,534.833422,534.866454,534.897167,534.904182","3,6,6,5,2,7,4,7,4,6,2,4,5,2,4,2,7,0,5,2,4,1,1,6,0,1,3,3,6,5,6,5,5,4,7,6,5,1,3,6,2,2,4,7,1,3,1,7,0,1,4,7,0,5,2,3,6,5,6,2,3,6,5,5,6,4,0,1,3,6,5,2,4,7,2,4,7,0,4,7",6
"2.457020,17.687090,17.726708,17.840954,17.856576,18.564892,70.096959,70.127361,83.031244,83.095572,92.527251,94.584354,94.679267,94.712236,94.725847,94.754170,94.775155,107.390504,111.248509,111.290158,124.198525,132.068978,155.379814,155.381391,183.736173,189.839805,196.577599,198.025706,200.935763,200.941501,210.608297,214.103280,214.110177,214.113251,214.165778,214.172798,214.183815,214.192373,214.248611,214.258107,214.265620,214.280268,214.281163,214.285894,214.305912,214.347329,214.381588,214.397947,214.420682,214.443457,214.454304,214.466887,214.467931,214.469300,214.471736,214.472688,214.481553,214.493365,214.513302,214.535334,214.561286,237.561055,237.781136,258.913909,258.936718,259.012080,259.215773,262.756831,264.351955,264.393637,264.791844,267.045269,267.394604,267.423965,267.531215,280.619188,280.853230,280.932364,281.013774,281.073615","7,1,3,6,5,1,5,2,5,2,2,0,1,3,3,6,6,2,1,3,7,6,7,0,1,0,2,7,7,0,2,0,1,3,3,6,5,3,1,2,3,4,7,0,7,3,1,6,3,4,0,5,6,0,2,1,5,2,3,3,7,7,0,5,2,4,7,4,3,6,6,7,0,1,3,2,4,7,7,0",6
"16.185190,16.203241,16.249641,16.253731,16.257961,16.283205,16.293013,16.295855,16.318375,16.328094,16.342670,16.351231,16.351601,16.355292,16.365195,16.372664,16.377645,16.409286,16.411527,16.474348,16.506976,16.516205,16.523607,16.553033,16.558427,16.559130,16.561008,16.568408,16.569595,16.587361,16.646429,16.725727,16.744857,16.755054,16.755559,16.763450,16.771171,16.772555,16.802087,16.815640,16.832468,16.843695,16.846061,16.851955,16.855445,16.858979,16.865670,16.867958,16.873085,16.876230,16.914685,16.924731,16.927891,16.932972,16.936094,16.950706,16.969102,16.995408,17.002558,17.005717,17.059670,17.080245,17.121417,17.165785,17.171512,17.188263,17.190746,17.332546,17.348222,17.349249,17.357458,17.386154,17.439805,17.458229,17.466025,17.485817,17.620739,17.623990,17.642770,17.699253","7,0,1,3,3,6,6,5,5,6,5,2,5,5,5,2,2,5,4,2,4,7,0,4,4,7,1,4,5,7,4,0,4,2,4,1,7,4,7,2,4,3,0,7,7,4,7,7,7,7,7,0,7,0,0,0,4,7,1,4,6,0,0,1,1,3,3,3,6,6,5,3,2,4,5,2,4,2,7,7",6
"2.680232,2.812573,2.947020,2.953769,3.015133,3.193317,3.318385,4.173766,4.305697,4.395277,4.654953,13.327733,40.865364,40.878731,40.897799,48.283697,48.300644,48.334843,48.364119,48.428534,48.899698,48.942348,48.970793,49.301461,56.282355,56.324703,56.328895,56.337323,56.341835,56.363491,56.385233,56.398923,56.480083,56.519122,56.538358,56.558548,56.559359,56.566445,56.568384,56.599610,56.635996,56.692243,56.698521,56.707550,56.720033,56.749891,56.751474,56.784050,57.131864,62.872633,96.722552,96.938597,96.969509,97.025651,97.107346,97.164021,99.740470,101.639999,101.644434,103.459947,116.086323,116.114200,134.740629,140.103968,140.200468,144.751620,149.366947,162.491298,173.790830,181.607258,181.777041,190.592506,195.073583,195.111172,195.128089,195.151825,195.165716,195.174836,195.214441,195.243154","6,5,5,4,1,1,7,7,0,2,3,4,1,7,0,0,2,3,6,6,0,2,3,3,5,4,4,1,1,7,7,7,1,7,7,4,0,0,2,2,0,4,3,6,3,2,5,5,4,6,1,7,0,7,0,2,7,5,4,0,6,5,6,6,5,2,6,6,7,7,0,7,4,1,7,0,0,7,2,3",7
"17.642296,19.413185,19.775707,19.885208,20.357006,23.896422,23.961103,23.968789,42.175296,42.178592,42.305045,42.307533,42.332044,42.356496,42.359395,42.419273,42.461632,42.531542,43.418473,56.395287,64.826143,66.520000,66.656906,72.660238,72.709596,87.166700,87.204487,87.227344,87.371954,87.372038,87.448478,87.898263,87.980615,88.103921,88.118187,88.366032,88.421437,100.368469,125.723011,125.746809,131.620178,131.686143,131.746964,131.753663,131.789384,131.809917,137.031633,149.388318,162.813721,193.478699,193.531979,193.552881,193.575841,193.591717,193.614794,193.623448,193.717525,200.537264,206.961864,215.498500,263.293979,263.429784,270.452630,270.555320,270.569943,270.609334,275.502487,280.514550,282.819299,297.450754,297.468066,297.500048,297.533156,297.560143,297.594545,297.656129,297.663856,297.691937,297.721276,297.797352","4,7,0,2,2,3,6,5,4,1,7,1,7,7,0,0,0,0,3,1,0,0,2,0,2,2,3,3,3,6,3,6,5,6,5,4,1,1,6,5,2,3,6,5,6,5,3,2,6,0,2,3,3,6,3,6,3,5,6,6,6,5,0,2,3,3,2,2,0,4,1,1,1,7,0,2,7,2,2,3",7
"2.542149,2.579074,2.605205,2.612823,2.693508,2.712150,2.825217,2.835032,2.879262,2.882783,2.886213,2.896442,2.954887,2.995267,3.003690,3.192301,3.198493,3.302103,3.308109,3.323996,3.326406,3.334339,3.343338,3.376240,3.422000,3.442735,3.468001,3.472811,3.478759,3.485993,3.486544,3.515495,3.525431,3.528271,3.542556,3.554813,3.605129,3.878142,25.338865,25.371130,25.433350,26.121895,26.126885,26.289881,26.324006,26.479159,26.961567,26.965024,26.993726,27.082128,43.994890,44.008317,44.012195,44.075181,56.838317,60.240765,60.344357,60.442850,60.625061,60.690447,73.131097,82.572948,106.451777,106.458754,126.559032,126.658194,126.676264,126.693665,126.699337,126.754696,126.775446,126.776523,126.841787,126.884580,126.885947,126.955151,126.990071,127.014140,127.025710,127.034887","6,5,5,4,1,4,1,4,4,7,7,1,7,0,1,0,2,7,3,0,2,3,6,2,3,5,6,6,5,3,6,6,4,5,5,5,6,5,2,3,6,5,4,4,4,1,7,0,0,2,0,3,6,6,7,7,0,2,3,6,7,6,4,1,1,7,0,0,0,2,3,3,3,6,5,4,1,7,1,0",7
"13.883665,14.033256,14.050204,14.109893,14.272152,14.384355,39.118718,39.261359,76.870091,77.522372,95.402101,95.495911,95.512126,95.545072,95.548936,95.650180,95.716565,98.889480,125.325896,132.637617,133.926098,161.970339,162.326697,174.926178,176.100643,203.079087,203.081795,203.109473,203.121010,203.221826,203.232647,203.234020,203.255934,203.275249,203.476430,203.487665,203.536370,203.643347,203.646935,203.708222,203.905948,228.045642,235.586878,244.588487,244.654828,244.657662,248.090542,248.118745,248.150058,248.294945,248.424785,248.559902,249.205239,249.439938,249.510961,249.535883,249.909802,251.655445,254.390465,260.710900,263.871270,264.084390,264.258129,264.523896,283.876871,283.924090,306.401994,323.755492,326.950816,327.000848,327.132285,327.183173,327.344691,327.464660,332.193002,375.046543,415.272204,415.278271,415.292733,415.334170","5,4,1,7,0,2,2,3,3,7,1,7,0,0,7,0,2,6,3,1,1,7,4,5,3,3,6,6,5,4,1,1,7,1,0,2,3,6,6,6,6,7,1,7,0,0,5,4,0,4,1,1,5,4,1,1,7,5,2,0,0,2,3,6,6,5,3,1,5,4,4,1,4,1,5,7,1,7,7,0",7
"17.454133,17.495519,25.731986,54.417388,54.425497,54.434266,54.437007,54.481032,54.531120,62.988079,160.694886,160.832022,160.885388,160.886150,160.948278,161.030745,167.815436,171.781070,191.871140,191.874728,191.898242,191.910878,191.954256,201.230247,212.985439,213.218229,237.172806,237.236119,237.631864,243.729319,254.854729,254.864003,254.929945,255.108115,255.111654,255.170730,255.174126,266.923565,267.016619,269.663074,269.710710,269.735888,269.768995,269.811032,269.822339,269.891836,269.937168,269.962478,269.970152,270.026771,270.046689,270.049771,270.059672,270.082468,270.094881,270.118089,270.149028,270.178043,270.183238,270.192082,270.275622,270.296731,270.317613,270.326791,270.334170,270.339605,270.393217,270.396729,270.402715,270.449453,270.473306,270.558548,270.561124,270.597030,270.607886,271.160550,271.224773,271.359357,271.364112,271.474040","4,1,1,6,5,4,4,1,1,6,0,2,3,3,6,6,7,7,1,7,7,0,0,6,4,1,3,6,5,1,0,2,3,3,3,6,6,3,6,5,4,1,7,7,4,1,1,7,7,0,0,0,0,7,7,6,0,2,0,0,2,3,2,6,3,5,6,2,3,6,3,5,6,5,5,3,6,5,4,4",7
"8.660176,17.459206,17.509933,17.667293,17.768045,18.172391,18.295214,40.245372,43.427468,58.311645,92.798917,92.867949,111.894650,112.052390,112.984717,129.255234,129.444867,129.451573,129.506109,129.515470,129.524590,129.532112,129.571093,129.611892,130.001138,134.700943,140.480286,140.540301,155.575881,155.745964,166.435796,180.661499,194.830704,194.890732,195.283775,195.291625,196.808161,196.899398,211.355980,211.356734,234.044871,234.199915,314.974156,317.477461,326.042800,326.094860,326.148240,326.172874,326.190269,326.194603,326.223677,326.228746,326.235779,326.260963,326.261902,326.274364,326.295892,326.302625,326.339391,326.341233,326.378787,326.394519,326.530658,326.556237,326.576774,326.647711,328.602163,379.225239,383.568871,383.743742,383.803200,383.812600,383.885605,383.917399,426.046004,426.047078,426.221112,426.240326,426.304309,426.432423","1,0,2,2,2,3,6,6,7,5,1,7,5,4,5,2,3,6,6,5,5,5,5,4,4,6,3,6,3,6,7,4,4,1,7,0,1,7,6,5,7,0,5,6,7,0,0,2,3,2,3,6,3,6,6,6,2,3,6,6,3,3,3,6,6,5,2,7,5,4,1,7,7,7,6,5,4,5,4,4",7
"32.739467,32.975841,33.032719,57.308519,63.596770,63.607385,63.631759,63.649622,63.672861,63.895061,63.981030,64.073800,65.594930,65.674241,65.707068,65.746412,65.760745,65.768328,65.831509,65.930168,65.986149,66.016410,66.044695,66.081778,66.213236,66.233460,66.269117,66.416194,71.898122,72.109361,87.006391,113.149260,113.205246,123.138025,123.182954,123.316351,123.352061,123.478100,146.298457,159.587852,160.409162,163.669662,181.556380,181.647958,181.698029,183.653875,190.861650,190.933299,191.004365,191.090338,191.188131,191.267041,191.270880,191.293040,191.294596,191.440587,191.465329,191.541527,191.602917,191.779005,191.796264,205.979415,206.150070,208.854826,208.889200,208.923911,208.940128,208.968927,209.035669,209.036482,209.040920,209.084034,216.445965,230.636215,230.653031,230.655616,230.657223,230.695953,230.729230,230.833746","0,2,2,4,3,6,5,6,5,4,4,1,7,0,2,3,3,6,6,5,4,5,4,4,1,1,7,0,0,2,2,7,0,4,1,7,0,0,2,3,3,7,2,3,3,0,4,1,7,0,2,3,0,6,3,6,5,6,6,5,4,1,7,0,2,3,3,6,5,6,5,5,4,5,4,1,7,0,7,0",7
"4.061739,34.322626,38.965456,39.117736,39.256841,39.310447,39.359488,39.619357,39.668961,39.806066,39.875610,40.230887,51.276629,51.466472,51.484664,51.491151,51.496794,51.541316,51.544165,51.555706,51.611837,51.804718,51.914193,53.397104,53.397521,53.399679,53.410997,53.503356,53.541494,53.557405,53.568394,53.630262,53.646094,53.659601,53.744190,53.757304,53.783214,53.806905,53.816831,53.821452,53.823224,53.830568,53.857367,53.863047,53.870436,53.871442,53.900851,53.907955,53.920900,53.939596,54.049263,54.064907,54.194187,56.027737,56.252956,56.266548,61.054293,61.146255,67.484274,67.728555,67.831013,68.287853,68.302844,68.305820,68.309431,68.381109,68.611377,88.461770,88.581409,88.673293,88.733120,89.638114,89.706720,89.993413,90.365663,90.379953,90.397112,90.416531,90.429472,90.445264","0,0,1,7,0,2,3,3,6,5,4,4,6,1,7,5,0,2,4,2,3,0,2,3,6,5,5,4,4,6,1,1,7,0,0,1,2,3,2,3,2,2,6,3,7,6,0,3,6,6,5,3,6,1,7,0,6,5,0,2,3,3,6,5,4,6,5,4,1,7,0,1,7,0,3,6,5,4,1,7",7
"0.511536,0.533225,0.628773,0.852161,33.445038,33.493939,33.531013,33.656402,33.675424,48.563431,48.587521,48.597742,48.848485,58.727972,58.798140,58.807792,74.575625,74.693499,81.043656,81.209882,82.096929,82.627738,82.714401,109.914194,132.742486,155.915092,169.049069,179.366228,179.466169,179.613712,179.645625,179.685722,179.714781,179.721315,179.775932,182.603475,182.630032,182.810893,182.851636,182.882759,182.932749,184.539804,184.743732,234.633471,240.463546,240.641615,243.630942,243.718375,243.831584,243.844559,243.846692,243.858426,243.865286,243.897622,243.915612,243.923524,243.923655,243.928681,243.964132,243.996270,244.012543,244.014097,244.021966,244.023464,244.051234,244.059350,244.078208,244.082961,244.092549,244.094010,244.105840,244.162850,244.176569,244.198927,244.244038,244.299390,244.335029,244.338284,244.361295,244.408023","6,5,4,1,2,3,3,6,6,1,7,7,0,0,2,3,4,1,3,6,4,3,6,3,1,3,1,4,1,1,7,0,7,0,2,4,1,6,5,4,7,3,6,6,5,4,4,1,7,7,0,0,0,2,0,1,0,3,2,7,3,0,2,2,7,3,2,2,6,2,3,6,3,5,5,5,3,4,6,5",7
"5.420713,5.466056,5.869247,5.883846,6.063707,27.613288,27.795958,41.137607,51.956047,51.994470,52.080402,52.172414,52.210825,52.483949,75.817625,75.836081,75.930820,75.983558,76.056676,76.064486,82.383753,90.759572,90.901828,91.483305,107.748342,107.806469,107.923760,109.989304,112.117387,116.216943,116.271237,120.836048,158.540861,158.570523,158.653041,167.856107,167.902232,167.987618,247.808886,247.865838,247.890089,247.959246,258.296989,258.443739,258.573032,259.439441,259.705862,263.014962,268.410019,270.317362,271.716291,279.329265,279.347339,279.363000,279.378442,279.379671,279.428669,279.544564,279.563549,279.656858,279.829375,280.909427,288.285503,288.336766,288.499632,288.517638,288.520619,288.535182,288.575213,295.925582,295.944631,296.048317,296.072543,306.144441,309.216939,311.191126,311.284534,311.394297,311.650290,312.031414","0,2,3,6,6,3,6,7,6,5,4,1,7,0,6,5,4,5,1,4,6,4,1,7,4,1,7,7,4,6,5,5,1,7,0,7,0,2,4,1,7,1,3,6,5,0,2,3,6,5,4,3,6,6,6,5,6,5,5,4,1,3,2,3,3,6,5,5,4,0,2,3,3,7,5,5,4,1,7,0",7
"14.391977,14.440834,14.584836,14.589377,14.603151,14.621323,14.640919,14.649683,14.688110,14.741543,14.868615,14.882100,14.932103,15.089451,15.119805,15.239711,15.500849,26.173713,44.639867,44.661580,44.769440,44.774756,46.810077,46.822664,46.906664,47.161352,128.293608,129.178027,150.460048,150.749873,150.837721,153.121647,188.307981,188.340847,188.359612,188.389890,188.414177,188.418002,189.182646,191.410952,202.770107,202.825139,202.839207,202.887290,205.566232,205.587999,205.619129,205.771637,206.529842,206.538305,217.932651,217.940975,217.949774,217.951181,217.969492,218.048663,218.120685,218.129340,218.305518,218.492396,218.643876,218.696789,218.785512,218.805447,218.819886,225.457347,225.458034,225.570399,252.798406,257.797307,276.545183,276.557012,276.599233,276.626417,276.642763,276.765221,276.822679,276.851482,276.898971,276.963036","5,4,1,7,7,7,0,0,0,0,2,2,3,6,5,6,5,1,6,5,4,1,0,2,3,6,1,7,7,2,3,4,7,0,0,0,2,3,3,2,4,1,7,1,7,0,2,2,2,3,1,7,0,0,7,0,2,2,2,3,6,5,4,1,7,5,4,1,1,4,7,0,2,0,2,2,3,2,3,6",7
"18.456098,33.962227,37.039056,37.275050,37.697678,43.576676,58.789868,58.929517,59.003272,59.005537,59.418638,59.625001,87.809285,88.828326,90.535366,90.602418,90.706473,90.709054,90.743456,90.803613,90.835917,91.076330,91.169072,91.434262,91.435775,91.455317,91.679324,91.710462,91.961994,91.986105,92.066833,96.304414,96.347223,96.477785,117.698460,126.327430,140.328271,140.414095,146.849257,149.418423,149.469386,150.630818,156.191851,176.011088,176.032690,176.075234,176.167121,176.206188,176.261383,176.330797,176.419195,176.483299,181.309909,181.330217,181.330882,181.438253,181.531660,181.615072,181.641601,181.647094,181.721818,181.735353,181.785398,205.948956,213.333969,213.582036,213.595474,213.613161,215.327381,230.011477,230.027375,230.054292,230.185677,230.243440,230.244128,230.289196,230.307284,230.383459,230.387576,245.247594","6,2,2,3,6,0,4,1,7,0,2,3,5,7,2,3,6,6,5,5,4,1,7,0,2,2,3,6,6,5,4,3,6,6,6,3,3,6,6,3,6,1,3,1,7,0,0,7,2,0,2,3,4,1,7,0,2,2,2,3,3,6,6,1,4,6,5,4,3,4,1,1,1,7,0,2,3,2,2,0",7
"13.346150,14.837881,14.851206,16.537130,16.591111,16.665481,16.730416,16.817988,16.839446,16.886154,17.062984,27.250702,27.251495,27.358098,33.267328,33.546015,33.571207,35.040214,35.096292,39.107706,47.080214,63.072095,73.586169,73.755825,73.795096,73.796769,73.826473,73.942238,74.026352,74.259064,74.293580,74.304354,74.362271,74.375222,74.605586,76.425575,81.617097,99.537326,106.394398,106.430225,145.842758,145.871291,145.918246,145.956837,146.025201,146.033324,146.033543,146.207413,146.351173,146.378154,146.396514,146.404263,146.409999,146.505200,146.588401,146.667988,146.673226,146.713363,146.874578,149.963251,150.238407,150.240224,150.282123,150.294349,150.307334,150.308537,150.442838,150.445671,150.530639,150.598348,150.684616,150.910881,150.971443,151.016607,154.465777,154.591256,154.649095,166.172873,178.326011,181.676029","0,0,2,0,2,3,3,6,5,4,5,6,0,5,2,3,6,7,0,3,6,5,7,0,6,2,3,6,6,2,3,3,6,6,5,2,0,2,1,7,4,1,1,1,7,0,7,0,2,3,3,6,3,6,5,4,1,7,7,2,3,6,6,3,5,5,5,4,4,4,1,7,0,0,2,3,6,3,4,6",7
"24.674156,24.705100,24.757153,24.784788,24.808873,33.665157,33.755818,33.756669,33.769803,43.940948,43.998625,47.181999,50.266162,66.413178,66.430986,71.770431,80.261990,91.708964,93.647483,96.628040,111.076488,111.207295,111.230456,117.573330,117.658152,117.671119,117.701246,179.816444,181.299910,193.815709,193.819716,193.845226,193.926914,194.227850,194.233944,210.445158,228.671250,267.942253,267.966446,267.993520,268.063691,268.070079,268.238434,268.253510,268.395054,268.432361,294.038487,320.701614,338.549617,338.582809,338.654667,338.673995,338.740115,338.766735,338.825703,338.851105,352.412375,368.989846,370.090895,386.789425,386.848776,386.898264,386.957426,386.963244,386.982233,389.545028,405.046311,422.163775,424.173095,438.374643,440.977837,441.016613,441.024604,441.092615,441.387591,448.338648,481.441123,486.513754,486.517215,486.623075","0,2,3,2,6,5,4,1,1,3,6,0,6,5,4,1,4,0,0,0,3,6,5,6,5,4,4,5,4,7,0,0,2,3,6,4,4,3,6,5,5,4,4,1,4,1,5,5,0,2,2,3,6,5,5,5,0,3,7,4,1,1,7,0,7,2,7,2,1,6,7,0,2,3,6,0,4,0,2,3",7
"7.333377,7.389279,7.402583,7.431894,7.542345,19.787814,30.937816,31.682576,31.712134,31.735526,34.821480,34.852728,34.914234,34.937110,35.003526,35.045993,35.051185,35.083401,35.177214,35.219332,35.226468,35.257624,35.266529,35.275892,35.355181,90.679701,90.689299,102.241455,102.436989,102.480547,106.409216,113.428850,124.050247,127.762832,168.577750,168.674669,168.798827,168.838278,168.965567,169.095259,169.172175,169.173184,169.178313,169.199775,169.201686,169.227853,169.676107,169.708809,169.735591,169.770102,169.795217,169.817617,173.775447,176.738380,185.721257,246.071945,246.139066,246.153951,246.172543,246.196572,246.226746,276.738172,276.780715,281.101678,281.258340,281.304357,281.397125,281.419842,281.447591,291.580434,291.611871,291.628248,291.629343,291.670155,291.728429,291.827945,291.830283,291.845041,291.930738,291.999791","5,4,4,1,7,1,4,0,2,3,0,2,3,6,5,3,5,4,6,2,3,5,4,4,3,6,5,7,0,2,7,6,1,7,1,7,0,2,3,6,5,6,3,6,6,4,1,7,7,0,0,7,7,1,4,4,1,1,1,7,1,6,5,4,1,7,7,0,2,6,5,5,4,4,4,4,1,7,1,7",7
"8.595253,8.667918,14.786453,30.048671,30.052806,30.240820,37.263176,54.117157,59.547047,61.716703,61.756117,61.805020,61.965482,61.995095,71.549602,71.588548,71.607925,71.626185,71.636346,77.802156,80.615646,92.895647,93.029027,93.069335,102.906293,102.939977,102.969089,103.000767,103.034066,103.036237,103.073605,103.117365,103.156902,103.184235,103.189124,103.292505,103.348718,103.524870,103.525026,111.102290,111.134542,111.150241,111.173411,111.256979,114.113528,114.133317,114.168887,114.173252,114.189565,155.563392,155.585208,155.845713,158.431233,161.345936,161.654702,171.610993,171.730502,171.792320,171.854270,174.131250,174.186285,174.283651,174.369958,191.178184,191.244168,191.283647,191.292674,191.293857,191.328472,191.337468,191.346293,191.352951,191.356073,191.359350,191.388086,191.412065,191.419003,191.443679,191.448767,191.462715","4,1,6,0,2,3,1,5,6,2,3,3,6,3,6,5,5,5,5,7,1,6,5,4,5,4,4,1,1,1,7,0,2,3,3,6,2,6,5,2,3,3,3,3,1,7,7,0,0,0,2,3,4,3,6,0,2,2,2,3,6,5,5,1,7,7,0,2,2,0,2,3,2,7,3,0,6,5,2,3",7
"55.324731,55.622049,55.666357,55.729609,55.851506,55.933194,66.380857,73.562444,73.592014,73.611565,73.638427,73.667438,73.695852,107.047479,110.117463,110.257760,110.272965,110.342941,110.360434,110.365682,110.376964,110.403430,110.430878,174.059149,174.414043,174.449259,174.505007,174.520485,174.527692,174.556640,174.619714,174.623944,174.930886,174.962936,193.781736,194.010485,197.558558,204.740417,211.366953,238.995872,239.095636,239.103798,242.761356,242.867904,242.881919,264.714793,264.753295,264.785532,264.786956,267.000229,267.136961,267.201209,267.405947,267.591097,267.647873,267.733151,267.759743,267.811456,267.827788,267.873184,267.985700,267.990371,268.247383,268.253116,268.274707,268.287440,268.309093,268.310648,268.341639,268.359938,268.382293,268.383948,268.419603,268.446053,268.449953,268.493282,268.521798,268.533976,268.583447,268.621344","0,2,3,6,3,6,4,3,6,6,6,5,5,5,3,6,5,5,4,1,4,1,7,1,7,0,2,3,3,3,3,0,2,3,0,2,0,0,2,2,3,0,2,3,6,6,5,5,5,4,1,1,7,0,2,3,2,3,6,3,6,5,4,1,7,0,2,1,7,3,0,0,2,2,3,3,3,6,0,6",7
"9.752278,9.812994,9.921423,15.902650,15.986060,16.096552,16.107923,16.130621,16.161863,21.131904,21.158355,21.354343,21.449756,21.463383,22.122307,56.821172,56.840222,67.455478,79.490741,90.876479,90.887870,90.961761,91.104163,91.346285,92.848647,116.822221,116.872484,117.025206,117.073649,117.145096,121.995247,132.067237,132.077424,132.110960,132.127418,132.134145,132.168024,132.170159,132.184489,132.185408,132.191615,132.196966,132.221473,132.244464,132.271319,132.280499,132.285126,132.307363,132.320598,132.327286,132.404714,132.476839,134.019043,144.096415,144.143594,146.564474,146.737222,152.022503,156.189747,164.778356,171.548347,171.553929,171.641614,171.651394,171.697519,171.837411,171.892924,172.049910,172.122152,172.175437,172.187516,172.190051,172.232221,172.236125,172.247416,172.263383,172.266054,172.267654,172.273868,172.281381","1,7,7,0,2,2,3,3,6,1,7,0,2,2,4,5,4,5,1,5,4,1,1,4,4,2,3,3,6,6,3,0,2,3,2,3,3,6,6,3,6,2,6,5,5,4,4,3,4,5,3,6,0,4,1,5,4,2,4,0,7,0,0,2,3,6,2,5,4,1,7,0,0,7,2,0,0,2,3,0",7
"12.338086,12.456208,12.680151,12.805019,24.668705,24.713931,27.081096,27.089635,27.142718,33.562919,33.624304,33.657999,35.388574,42.616742,42.757111,42.990311,56.013756,56.037262,56.269609,56.843564,57.404503,57.529553,57.608992,88.264298,88.308093,96.946087,97.039061,97.073994,97.135408,97.378596,97.432379,97.443152,97.468209,97.482157,99.634038,99.813706,99.902833,104.175720,104.196039,109.559223,109.737831,109.760269,109.761788,123.828999,123.883754,125.396527,128.667600,128.703377,136.921955,136.928109,137.043953,146.317473,147.498902,147.503730,172.688142,172.726954,186.648211,186.816632,186.845984,192.231111,192.237425,206.624026,209.723592,209.854723,214.680320,239.418707,239.757607,239.866357,245.254079,245.267399,285.693053,294.054946,305.930924,306.808812,308.425174,308.432408,326.693106,327.026267,327.083057,327.135403","0,2,3,6,7,0,1,7,7,0,2,2,0,2,3,6,1,7,0,5,4,7,1,7,0,2,3,6,5,6,5,4,1,7,7,0,0,0,2,5,4,0,1,6,5,4,1,7,6,5,5,1,7,0,5,4,7,0,2,6,5,4,4,1,5,0,2,3,0,2,1,3,4,5,3,6,4,1,7,0",7
"31.528154,31.569475,31.642477,31.678250,31.705043,31.720222,31.721859,31.753564,31.761044,31.793951,31.871303,32.140782,57.246225,57.591489,60.941161,60.956750,60.970293,60.979396,60.994661,61.000766,61.017871,61.020271,61.039155,61.048489,61.085120,61.115986,61.172323,61.449955,63.586282,63.767074,64.078880,76.043816,78.559846,78.616093,78.802821,80.817652,80.826642,100.790520,100.825066,100.830026,100.927289,101.007983,101.025017,101.045284,101.074151,101.425173,101.723921,101.772323,101.780307,101.843590,101.850189,102.197494,102.247506,102.273464,102.348740,102.362257,102.471943,102.664257,108.762062,119.858644,136.960616,146.393113,146.435064,146.611690,146.618196,146.643660,146.673384,146.826575,146.998575,147.061213,147.130325,147.138355,147.155720,147.186563,147.189683,147.202981,147.217567,147.236973,147.237490,147.253344","6,5,5,4,1,7,4,0,2,3,5,3,6,5,0,2,3,3,6,6,6,5,5,6,6,5,6,5,5,4,1,0,6,4,5,1,7,5,4,1,1,7,7,7,0,0,0,2,2,3,3,3,6,5,4,5,1,7,3,1,1,0,2,3,6,6,5,5,4,4,1,7,7,0,0,0,2,2,3,3",7
"8.064635,8.090400,22.602731,22.808962,22.866289,22.901278,23.015793,23.073682,60.043735,60.139245,61.281832,61.292837,87.880564,87.887924,87.930809,87.991789,88.232813,90.212781,119.560758,141.217907,141.252495,141.285914,146.066055,146.197452,146.204638,146.428799,146.544070,168.483390,168.596009,168.610401,168.656059,172.927914,179.675447,196.048462,196.099246,196.244978,202.395362,207.317565,210.617468,215.089776,248.929544,251.307674,251.415437,251.430687,254.914137,254.937438,254.977792,254.996486,300.972577,301.961247,302.004443,317.346741,317.359663,317.448432,332.275037,342.941646,342.943474,343.043377,343.147068,343.189993,343.190616,343.201709,343.350801,343.481073,356.760689,363.320127,363.526945,373.436242,373.440287,374.911528,375.000267,375.395946,375.522913,388.129871,392.295379,392.349863,406.057139,406.067990,406.078458,406.110181","6,5,3,6,5,4,5,4,1,7,1,7,3,6,6,5,6,7,2,6,5,5,7,0,0,2,3,1,7,0,2,6,2,2,3,6,5,6,5,6,4,7,0,0,3,6,5,5,6,3,6,7,0,0,7,4,1,1,1,7,7,0,2,7,0,2,3,6,5,0,2,2,3,6,6,5,2,3,6,3",7
"20.738690,40.674645,57.527713,57.554035,57.573708,59.891719,80.004073,80.088743,83.292857,83.361400,83.416683,94.259517,94.378481,103.130646,106.729056,125.465196,125.771611,138.932311,139.309804,139.374417,139.504535,139.587862,139.593614,139.604397,139.648750,139.666698,139.690083,139.721764,139.743582,139.750236,139.965023,140.333941,143.253395,143.297391,146.384809,150.421466,150.434002,172.622064,201.310406,205.004020,205.134170,250.565347,250.581726,286.305788,302.222419,306.085122,306.147538,306.200703,306.273245,315.793791,315.853154,315.937132,315.983341,316.021550,316.049533,316.050630,316.078249,316.092419,316.092563,316.124480,316.136264,316.165319,316.176891,316.231016,316.233945,316.245538,316.246523,316.249558,316.271858,316.293289,316.309694,316.338359,316.367453,316.383298,316.423565,316.442777,316.448323,316.555748,316.578123,316.601340","7,2,2,3,3,6,5,4,5,4,1,0,2,3,2,7,0,7,0,2,3,6,5,4,4,1,1,7,5,0,1,7,5,4,3,5,4,4,4,3,6,2,7,7,5,0,2,3,6,3,6,5,4,1,1,7,1,7,0,0,0,0,2,3,2,7,2,3,3,3,6,7,0,3,2,6,3,6,2,3",7
"4.394405,4.475259,4.650538,14.859829,15.065796,15.178951,15.182227,15.200421,15.265866,15.288514,15.419001,15.462782,15.485322,15.489474,15.498012,15.505802,15.515129,15.572347,15.583821,15.586121,15.619344,15.640922,15.647181,15.662609,15.676385,15.737247,15.758277,15.780798,15.881134,15.895909,15.918030,16.048085,19.402031,19.470962,19.670939,19.718227,19.761443,26.876611,37.713965,43.861857,57.685441,72.213661,72.227685,88.839334,103.297881,103.312843,103.392777,115.883280,115.975809,116.011144,116.087600,128.119582,133.604583,133.620000,147.635955,152.441421,152.445910,152.497075,152.504499,152.512390,152.526868,152.545200,152.552104,152.584159,152.596874,152.693534,152.709587,152.733717,152.741756,152.744581,152.748908,152.783268,152.868753,152.919263,152.947439,188.850787,188.883006,188.947840,221.347381,221.400773","7,0,0,5,4,1,7,7,7,0,0,7,2,0,0,2,2,2,3,2,6,6,3,0,2,3,6,5,6,3,3,6,6,5,4,1,1,3,5,1,3,1,7,4,5,4,4,3,6,5,6,7,5,4,3,0,2,2,2,3,6,6,6,3,6,5,3,6,6,5,4,5,6,4,5,6,5,5,3,6",7
"8.426524,79.898490,80.101979,80.113873,102.906506,118.692849,119.635857,135.082953,147.196804,147.199315,147.333866,147.882147,148.219210,150.358178,150.373443,150.389181,150.611795,155.322665,162.796813,162.859362,162.942585,186.971360,186.987475,187.008614,187.227720,197.859341,198.040309,198.055284,198.217376,224.907176,228.682207,269.925178,269.942169,281.002068,281.034041,281.166535,281.177293,324.736816,326.757580,351.412529,351.422772,351.437185,351.562244,351.600215,351.872159,351.930120,364.189463,367.670613,373.788240,375.266042,375.280646,375.330588,389.072297,389.087718,400.606843,401.676960,403.149095,406.104007,406.122463,406.158456,412.561615,420.577366,420.724339,429.315121,429.372949,429.385541,429.431783,429.473517,429.518950,429.521193,429.554455,429.556162,429.556183,429.593894,429.704779,429.739556,429.747865,429.748196,429.758610,429.811020","7,3,6,5,4,5,7,2,1,7,7,0,2,2,3,3,6,3,7,0,2,6,5,5,4,2,3,6,3,5,4,3,6,5,4,1,7,6,4,2,3,3,6,5,3,6,1,0,6,3,6,6,3,6,5,7,6,3,6,6,5,4,1,5,4,1,1,7,7,0,7,4,0,1,7,0,2,2,3,3",7
"0.923392,5.287976,5.772554,31.123832,31.186902,32.634776,32.875780,32.986590,36.301895,46.228738,46.245849,46.270221,46.385835,46.497989,46.659003,46.694913,46.870505,46.941693,46.990674,47.009801,47.038513,47.059805,47.067054,47.086396,47.097404,47.099400,47.124008,47.489109,47.498404,47.505523,47.567510,47.595806,47.710033,55.012309,55.032135,58.884407,59.424796,66.638458,69.201231,81.750891,81.783695,99.527900,110.681724,110.737898,110.820404,112.109463,112.395014,128.764231,128.852613,130.245802,130.287808,130.304440,130.416056,130.495639,130.518876,149.077828,149.095688,149.248189,149.255782,163.867466,167.011266,167.028154,167.033217,167.060207,167.182542,167.211445,167.250691,167.276786,172.294338,172.353729,172.360634,172.377417,172.393146,172.414683,172.426225,172.500483,172.517415,172.532317,172.550402,172.621044","4,6,5,0,2,0,2,3,7,1,7,4,7,1,0,2,3,6,3,6,6,5,6,4,6,4,5,5,4,1,1,4,7,0,2,4,5,2,2,3,6,0,5,4,1,7,0,2,3,3,6,6,5,5,4,0,2,3,6,6,1,7,7,0,2,3,0,3,5,4,1,1,7,4,0,1,7,1,0,7",7
"6.647515,17.471949,17.574383,17.593436,20.333492,20.372794,20.388353,20.439811,20.455730,20.499255,20.519138,20.555520,31.126621,31.194806,31.231822,31.302973,31.745239,31.764314,31.843411,49.706782,51.958948,59.576453,65.761115,65.870641,74.707887,75.685606,75.715526,75.724335,75.747539,75.764484,75.818515,75.884477,75.962477,75.975663,76.009357,122.861020,122.950608,132.051037,132.162614,132.184543,132.423932,133.546455,134.031899,134.044347,134.077913,142.185813,160.718927,160.757212,187.047926,201.106209,209.647557,209.673214,209.713043,209.827296,209.848156,209.873556,209.898181,209.900491,209.908468,209.934083,209.937521,209.942557,209.968257,210.004709,210.031344,210.035067,210.064140,210.177707,210.398358,210.458043,210.473454,210.515022,210.519022,210.525561,210.540772,210.562963,210.577967,210.593156,210.609344,210.635334","0,2,3,6,0,2,2,3,2,6,6,5,7,0,2,2,7,0,0,7,0,0,5,4,4,4,1,7,0,7,0,2,3,3,6,7,0,6,5,4,1,2,3,6,6,6,0,2,7,4,3,6,5,4,1,7,5,1,4,7,1,7,6,0,7,7,0,4,0,2,3,2,3,3,2,6,3,6,5,4",7
"15.945027,41.930662,43.134079,43.184357,54.505817,54.607429,68.573616,68.718491,75.148892,75.169196,75.197440,75.219294,75.234631,75.251805,75.366717,75.393973,75.431042,75.497158,75.634696,81.553203,81.576044,81.674704,84.052022,84.054294,84.197237,92.486182,95.784608,100.542320,110.188574,112.361076,124.355649,130.891823,130.929689,131.066148,131.072656,131.073573,131.114940,131.196689,131.328275,141.880233,141.890052,141.931191,142.090038,142.126111,142.182939,142.225676,170.797314,185.487659,185.688604,185.732848,185.748882,185.753581,185.773150,185.792227,185.799841,185.846244,185.873513,185.882365,185.896425,185.917459,185.930217,185.933867,185.957883,185.968609,185.974590,185.974597,185.980373,186.011744,186.011873,191.805882,191.809161,191.999166,192.144310,192.197764,192.222748,192.267073,192.320700,233.919949,243.404708,243.431605","5,5,1,7,4,1,0,2,4,1,1,7,7,0,1,7,2,0,0,0,2,2,0,2,3,3,1,4,5,3,3,7,0,2,0,3,6,2,2,4,1,1,7,0,2,2,6,0,2,3,3,6,6,6,3,5,4,5,5,6,6,5,4,4,4,1,7,1,4,0,2,2,0,2,3,3,3,1,3,6",7
"4.678859,4.774763,9.106472,14.203061,20.508694,20.538995,20.539476,20.567478,20.752236,20.919355,21.043589,21.085736,21.120626,21.129471,21.164134,27.690750,28.070449,28.144986,28.778529,28.866087,28.906795,29.247453,29.258540,29.419733,48.389700,51.717892,60.408997,66.558056,83.237384,83.273251,83.325747,83.346795,83.354199,83.558713,112.083336,129.574498,129.722594,129.731004,129.744893,129.748282,129.806161,129.840463,129.892895,129.926078,129.967314,129.973747,130.098109,130.864467,130.897355,144.367024,144.432021,144.435822,144.437577,144.475382,144.603571,144.638180,144.645126,144.708104,144.718689,144.790960,144.823381,144.845512,144.886336,145.162126,147.845536,147.858918,147.931581,156.004336,156.027218,156.558823,156.710728,165.146535,191.934111,191.994372,192.096626,194.361877,198.692601,209.268452,209.279402,209.389088","4,1,6,6,4,1,7,0,2,7,3,6,5,5,4,6,5,4,6,5,4,1,7,7,2,5,5,5,2,3,6,6,5,5,5,1,7,0,2,3,7,3,0,6,6,5,4,0,2,1,7,7,0,2,2,3,6,5,3,5,4,5,4,5,5,4,1,0,2,7,0,5,0,2,2,2,0,7,0,2",7
"33.293119,33.421678,33.460352,33.604335,33.615430,33.660473,33.747556,33.874031,33.881489,33.885698,33.983435,34.006726,47.828545,47.988215,48.022671,48.034077,48.151319,48.160824,50.910325,50.915559,50.953003,50.958323,51.157492,51.846069,53.506095,55.276846,87.423134,87.476530,87.484641,87.527109,91.179417,91.207158,91.257007,98.867425,98.921688,99.026263,99.040359,99.272298,99.314427,99.923737,99.980171,100.068389,104.579178,104.653793,106.449557,111.278028,121.833064,121.835462,121.902196,121.909456,139.653533,141.897330,154.762765,154.771640,154.866908,154.907995,154.922694,154.932933,154.951253,154.955194,155.072107,155.114702,155.130225,155.162223,155.206143,155.228669,155.240902,155.255843,155.319010,155.339009,155.468967,155.482401,155.504932,155.529777,155.532979,155.576316,159.122531,159.139787,159.207112,159.661341","4,1,7,0,2,3,7,6,5,5,5,4,4,1,7,0,7,0,4,1,0,2,3,6,6,5,0,2,3,3,7,0,0,1,7,0,7,0,2,3,6,6,5,4,6,0,3,6,5,6,0,7,7,0,2,2,3,6,6,5,5,4,1,5,4,4,7,0,5,1,7,0,4,1,7,7,6,5,5,4",7
"18.664016,23.776971,33.449794,33.492385,35.620393,42.602902,47.443260,47.529692,48.161009,52.521838,54.270725,74.126546,89.849527,103.079109,103.134992,118.909126,128.736450,143.259116,143.318647,143.336616,143.339730,143.341238,143.347719,143.356867,143.453953,143.592133,143.678774,143.708349,143.856523,143.875606,156.286519,189.178736,189.227692,193.510328,193.513848,193.521509,193.572813,193.581291,193.625174,193.797549,194.226276,194.610983,194.628396,194.761402,195.063267,195.070833,213.602783,213.910337,218.281499,231.470502,245.299519,245.341024,245.346227,245.432211,245.454216,253.731870,263.748643,264.020417,275.737980,307.411659,307.559067,308.546078,309.167636,309.324998,318.523043,324.341363,328.578792,343.729629,347.517073,347.526727,347.834376,378.209522,378.500201,407.269264,413.392694,413.466523,418.626860,421.646576,421.886881,421.931835","5,2,6,5,3,0,0,2,0,6,4,5,4,4,1,5,1,5,4,4,1,1,1,1,7,0,2,2,3,1,5,3,6,7,0,0,2,3,2,3,6,5,4,4,2,3,5,4,6,3,0,2,3,6,6,0,5,4,6,2,3,6,7,0,1,6,5,1,6,5,4,7,0,7,6,5,1,7,3,6",7
"1.306573,1.364287,1.436980,1.484074,1.629319,1.739253,3.460105,7.089173,7.152749,8.734710,8.750449,8.855993,8.882249,8.906187,8.912658,9.077018,9.163257,17.370191,50.163821,54.389397,54.470014,65.229721,71.670673,93.085857,121.570231,136.606870,136.725736,136.744915,174.607347,176.368179,176.395778,178.447643,178.550486,184.674536,184.685628,184.863847,185.505423,185.517531,185.540852,193.287268,193.353286,193.448443,203.723228,203.803557,203.984015,204.030291,204.096671,204.248742,204.263236,204.283399,204.292558,206.842997,221.217280,227.887929,235.065534,237.356013,237.360394,237.423507,242.266579,242.335850,242.407945,246.078204,248.730499,259.392193,259.412508,272.403553,272.561100,272.728365,277.746544,278.107721,278.164867,278.176355,278.270825,278.286880,278.288679,278.294223,278.406117,278.420382,278.443839,278.477250","3,6,5,4,1,4,3,4,1,2,3,3,6,6,6,6,5,4,3,7,0,5,0,4,6,4,1,7,7,7,0,5,4,2,3,6,6,5,4,2,3,6,1,7,0,2,2,3,6,3,6,3,3,7,4,1,7,0,1,7,7,6,7,6,5,3,6,6,6,5,4,1,1,7,7,7,0,2,2,0",7
"62.638111,75.155330,99.786621,99.801367,125.238599,125.245188,125.250819,125.333249,167.212528,167.269226,167.299519,167.306669,167.352391,167.466348,167.486984,167.572472,167.647939,167.653932,167.659734,167.660587,168.813058,169.012022,169.063639,169.066478,169.176294,169.185280,169.256871,188.902978,202.704715,242.074468,242.111826,242.115386,242.649229,242.739950,242.833270,242.864219,242.882171,251.647988,254.718615,254.783286,254.796687,257.174001,258.967568,258.970278,268.953169,272.139518,272.152057,272.194506,273.458631,294.292076,294.326388,328.370559,329.020793,329.040356,329.076494,329.171986,329.223897,329.294339,329.701344,329.737380,329.748304,329.799812,329.811562,334.157019,334.192834,334.196574,334.263575,334.284390,334.293562,334.310145,334.315797,334.329301,334.359103,334.398013,334.447775,334.456875,334.460126,334.492805,334.520302,334.568622","7,4,1,7,1,7,0,2,7,1,0,7,2,0,2,0,2,2,2,3,2,3,6,5,4,4,1,1,5,1,7,0,2,3,6,5,5,3,1,7,0,7,2,3,2,2,3,3,6,5,4,4,2,3,3,3,6,6,6,5,5,4,1,3,6,5,6,4,6,6,6,5,5,6,5,4,4,1,7,1",7
"12.959103,13.092083,13.167747,13.183258,13.268993,13.287850,13.305724,13.317745,13.348666,13.387812,13.416096,13.447839,13.448673,13.466657,13.470932,13.475103,13.479778,13.516123,13.560790,13.596285,13.599923,13.623887,33.629051,33.657594,33.672495,33.678086,33.788080,33.813312,33.814590,33.854980,33.896901,33.980393,34.008477,37.115553,43.700082,43.733498,46.805572,47.807926,55.190094,55.198628,55.222636,55.287328,55.408596,55.443305,55.641226,55.693739,55.821572,62.083813,62.165766,63.645333,74.348563,86.481549,96.097505,96.195576,99.568965,99.598962,113.487827,118.657972,118.860467,118.964746,119.100086,125.240282,141.358687,141.391981,141.400088,141.560791,141.578879,141.614619,141.628429,141.643703,141.644205,141.705485,141.822079,141.835981,141.864684,141.879267,141.908100,141.954898,142.043502,142.413558","7,0,2,3,3,2,2,3,3,3,6,2,3,3,6,6,5,6,6,5,3,5,7,0,2,2,0,2,3,2,2,6,2,1,6,5,5,6,1,7,0,7,0,2,2,2,3,4,1,6,0,7,7,0,6,5,7,1,7,0,2,7,5,4,1,7,0,7,0,0,0,2,0,2,3,6,5,4,4,5",7
"7.311307,7.370689,7.456370,8.896465,35.328088,35.344332,35.449900,35.458564,35.720776,35.777269,36.543529,36.561505,36.618808,36.876395,36.878009,36.888226,36.904028,37.067820,37.076928,37.109782,37.145118,37.285039,37.298135,37.400043,37.455173,37.466980,37.562452,37.611920,37.696288,37.722345,37.827888,37.839181,37.846106,38.061333,38.063873,38.067997,38.137259,38.165648,38.173285,38.242204,38.247856,38.865752,38.953447,78.251571,88.859530,100.713833,100.778000,100.862817,100.874992,102.334723,105.871365,105.886836,111.889256,111.977509,111.987684,111.987725,112.093036,112.105884,112.128548,112.136386,112.136445,112.187300,112.273500,112.281699,112.296888,117.583499,117.599802,117.645573,121.130753,137.608212,137.634884,140.655553,140.674355,140.739563,140.742675,140.852752,140.856453,140.915515,141.023398,159.350263","7,0,6,6,6,5,4,5,1,7,6,5,5,2,3,6,6,3,5,4,1,1,7,5,4,0,2,7,0,2,0,2,2,2,3,2,3,6,6,5,5,1,7,5,6,7,0,2,0,4,0,2,1,7,0,7,2,3,3,3,6,6,5,6,5,6,5,5,6,0,2,0,2,3,2,3,6,5,4,5",7
"36.488297,48.747108,56.661846,76.798595,77.119119,95.988058,96.033920,96.057549,96.072623,96.123148,96.194442,98.000857,98.293420,101.653208,101.666050,101.684521,101.734667,101.779845,101.874415,101.900785,101.902200,101.911796,101.922861,101.963836,101.974960,101.990281,102.016133,102.038420,102.042821,102.085399,102.135316,102.192104,102.409198,102.409309,102.430331,122.282177,123.486771,123.621422,123.721314,125.599494,125.672949,125.715043,125.750974,125.817864,125.834308,125.834971,126.022103,126.102456,126.142683,126.164648,126.297788,126.303854,126.306705,126.339623,126.354725,126.364831,126.397608,126.420781,126.514118,126.534913,126.642650,138.232054,138.263248,138.272261,138.317036,144.325498,144.366723,144.374097,144.407616,156.465336,169.237897,170.208301,170.371280,170.422564,170.442525,170.463836,170.485381,170.550576,170.560058,170.561355","1,5,5,1,7,3,6,6,5,5,4,7,0,6,5,5,4,1,7,4,1,7,1,0,2,0,7,0,2,0,0,2,2,3,3,2,2,3,6,6,5,4,4,1,7,0,7,0,2,2,1,2,3,6,7,5,6,6,5,5,4,1,7,7,7,0,2,2,3,7,7,2,3,6,6,6,5,5,4,1",7
"0.982051,1.004926,1.020618,5.739309,5.759545,5.762009,5.828172,6.023499,6.087603,23.417474,23.493487,23.495579,23.534026,35.711924,35.824585,35.926940,35.949143,35.998269,36.003740,36.009795,36.030485,36.079954,36.099541,36.148684,36.263447,36.433708,36.436008,36.579725,36.602294,36.697062,36.707482,36.710729,36.715651,36.717394,36.724398,36.729507,36.816088,44.196755,44.272751,44.393578,44.480008,44.509697,44.576994,44.581020,44.880881,44.965617,45.125909,45.150802,45.164484,45.227630,45.434389,47.088038,69.650653,69.734481,69.883542,69.899676,76.382874,76.383382,76.399257,80.762319,80.827630,80.880438,80.944294,86.364165,99.726122,99.757754,104.451443,112.221751,141.801841,151.678741,151.832937,151.837692,151.862230,151.984134,152.053493,152.065604,152.219156,152.320885,152.335195,152.367404","2,3,6,7,0,0,2,2,3,2,3,3,6,5,4,1,7,7,4,1,0,0,0,2,1,2,3,3,6,3,6,5,4,6,6,4,1,0,2,2,3,3,6,6,6,6,5,4,1,7,0,7,6,5,5,4,0,2,2,7,0,0,2,7,1,7,0,1,6,7,0,2,2,3,3,6,5,4,1,6",7
"4.391052,12.528527,12.640618,39.301920,39.346440,40.745066,40.794521,40.806493,40.897559,41.073102,62.299061,62.365502,66.554259,112.527835,112.680318,112.703477,112.715808,112.723054,112.730778,112.738201,112.743901,112.837228,112.869386,139.675058,139.833760,139.911897,167.174464,167.193977,167.260915,167.298049,167.299133,167.315296,167.339620,167.360370,167.409680,181.907198,182.150572,182.569647,182.645238,185.820425,185.889809,197.022226,228.544176,228.626973,228.704782,228.730591,228.732076,228.743113,228.796557,229.113142,229.240787,229.277692,229.282456,229.380667,229.424601,229.445278,229.467866,249.322244,249.333312,249.343031,249.349180,249.629724,249.703531,259.123916,265.819595,269.265924,277.048469,296.419800,300.907526,320.423990,338.355592,344.608817,350.648959,351.160266,351.395229,351.973351,352.012982,353.003626,353.013794,353.041605","6,7,0,6,5,3,6,6,5,5,6,5,0,4,1,7,0,2,2,3,6,0,0,6,5,5,1,7,7,0,0,7,2,0,0,1,7,5,4,0,2,4,5,4,4,1,7,7,7,0,2,3,3,2,3,3,6,7,0,0,2,2,3,4,6,6,6,3,3,3,7,5,6,5,4,4,1,2,3,3",7
"9.335840,9.356824,18.164534,18.175915,18.454365,41.158851,41.177252,41.200811,41.328328,41.339961,41.428378,56.118781,60.271382,60.433709,60.437406,60.438106,60.620987,63.461562,63.506182,63.598549,63.613927,63.627142,63.731533,63.770262,63.770627,63.799077,63.922989,80.760833,81.136964,83.731093,86.320524,122.174318,139.323456,142.657049,142.657339,142.682758,157.840760,157.871283,157.941325,157.946598,158.017872,158.027662,158.044845,158.188754,165.193481,166.620418,167.152473,190.687575,194.128777,194.531234,194.547560,194.607637,194.685111,194.743603,194.820591,194.880500,195.200681,195.206082,210.602351,221.521079,221.540888,221.567076,221.567162,221.619275,226.242017,226.321593,226.422724,226.461205,245.543191,245.557434,245.634045,245.658936,246.269693,256.585531,265.539530,265.544929,265.591416,265.661981,269.423249,269.484156","3,6,0,2,3,7,0,0,2,3,3,5,2,3,6,5,3,1,7,0,2,2,3,6,4,5,5,3,1,5,4,6,1,2,3,3,2,3,6,5,6,5,5,4,4,1,7,0,0,0,2,2,3,3,6,5,6,5,0,2,3,6,5,3,2,7,0,2,6,5,5,4,4,7,6,5,5,4,7,0",7
"4.033138,18.683280,20.133162,34.982735,57.181371,57.222618,57.266494,57.268002,59.192607,59.321275,80.307202,80.364585,80.411283,80.497073,80.530534,80.549344,80.659486,84.328331,84.353696,84.354888,84.357478,84.450175,86.091612,90.042625,90.103407,90.269315,90.390063,90.504611,90.581039,90.633081,90.661903,90.725245,90.738574,108.579225,115.978792,124.897520,124.897892,132.901493,172.776611,172.821154,173.090564,173.181405,207.011536,234.312199,234.320485,234.490934,234.519790,234.530497,234.531418,234.559702,234.598331,234.710322,234.756388,240.902590,240.948822,241.482340,258.074354,258.097767,258.113380,258.161049,258.222312,258.248749,258.279974,260.321405,260.394114,260.407248,260.430793,260.451518,264.663156,285.654610,285.919560,286.053552,296.138089,296.603334,296.608507,296.670299,296.715132,299.565361,322.668203,329.605454","4,2,7,0,6,5,5,4,3,6,7,0,0,2,2,3,3,1,7,0,2,2,5,1,7,7,0,0,0,2,2,3,6,4,4,0,2,4,4,1,4,1,1,3,6,5,6,5,5,4,1,1,7,1,7,2,4,1,7,0,0,7,1,7,0,2,0,2,6,6,5,4,6,3,6,6,5,1,5,2",7
"1.831367,33.477216,37.314961,52.917816,54.967163,54.970816,54.980620,54.980694,54.998661,55.105395,55.115130,55.147582,55.384411,55.436915,75.758802,75.833669,75.838762,75.850672,76.332218,76.468481,76.549171,76.555688,76.595192,76.659860,76.746617,76.756818,76.765211,76.777384,76.796492,76.807876,76.886491,76.886775,76.920445,77.062565,77.084328,77.108520,77.114799,98.854451,102.466589,148.497124,148.521174,148.523397,148.600251,148.601107,148.640199,148.647288,148.656909,148.661372,148.665538,148.699201,148.705662,148.724797,148.773790,148.797727,148.831058,148.844713,148.901362,148.925581,154.611971,179.351166,185.814372,206.381865,206.382529,207.117795,241.074300,241.080058,241.085145,241.097406,241.104480,241.124851,241.149836,241.160378,241.174671,241.302581,255.480227,261.911747,261.912251,261.946353,262.135460,262.140220","3,3,2,2,1,0,2,3,3,2,6,3,6,5,2,3,6,6,6,5,4,5,4,4,1,4,1,1,7,0,0,4,1,2,7,3,6,2,5,7,0,2,2,0,3,6,5,3,0,6,6,2,3,3,5,6,6,5,4,0,7,0,2,6,0,2,3,3,2,3,6,3,5,6,4,7,0,0,6,5",7
"23.074865,23.092771,82.926494,82.973812,83.013797,83.015469,83.198375,83.373152,83.384408,83.451152,83.467471,83.737979,90.012628,123.851401,136.534581,153.787440,153.790188,153.800426,153.818441,153.859966,153.895746,153.923197,153.970331,153.983540,154.003657,154.036860,154.074678,154.092712,154.160137,154.202307,154.210405,154.228092,154.230145,154.266101,154.483523,158.454318,158.541976,159.788957,163.710363,164.650874,164.869032,168.834476,168.860958,170.585911,170.638115,188.115756,205.346056,205.399706,210.295873,210.361088,210.365157,210.395706,210.452614,210.477127,210.505664,210.570992,210.584109,210.811675,210.891145,211.045881,228.933384,228.997326,281.040610,281.379318,281.796588,286.818707,286.902538,287.043585,291.753030,291.754796,291.775370,291.795391,291.809949,291.816044,306.101504,306.869731,333.529503,338.285579,338.371880,338.392381","0,2,5,4,4,2,1,7,7,0,2,2,5,5,7,3,6,6,5,6,6,5,5,4,1,4,1,1,7,7,0,2,0,3,6,0,2,1,6,1,7,6,5,6,5,2,2,3,0,2,3,6,3,6,5,4,1,6,5,5,4,1,1,7,1,7,0,2,1,7,0,0,2,3,6,5,0,1,7,0",7
"8.265164,8.361959,33.435470,40.661463,40.700698,45.534216,60.621717,69.458288,69.558624,80.845775,81.119215,81.455563,81.629377,82.797161,82.832828,82.842016,82.897688,82.937349,83.024166,83.036153,83.036154,83.213953,83.241482,83.249109,83.276992,83.390863,83.464876,83.512554,83.555028,83.620326,83.640610,83.713241,83.729486,83.749836,83.761730,83.848453,85.984565,86.081773,87.768930,92.178980,97.393278,97.400413,97.491762,97.539692,97.562787,97.564472,97.609257,97.610785,97.652113,97.754301,115.056103,124.111741,146.589327,167.830784,167.869763,189.202525,189.203518,189.212192,189.219193,189.317829,189.339460,193.012149,193.049408,193.124962,193.198185,193.303348,202.576368,207.096280,207.157108,207.188829,207.197622,207.210875,207.237508,207.248557,207.299369,207.301189,207.305583,207.318995,207.320055,207.330037","0,2,3,1,7,1,3,0,2,1,7,0,2,7,0,0,2,2,0,3,6,2,6,3,5,6,5,4,1,1,7,0,2,3,7,0,5,4,6,4,7,0,0,2,2,3,3,6,5,3,6,5,0,6,5,6,5,5,4,4,1,7,0,2,0,2,3,4,1,7,7,0,2,3,3,7,0,3,2,3",7
"11.759763,16.234795,27.604578,27.656242,27.716212,46.206469,46.239783,46.266307,46.295498,46.309990,46.333466,46.337499,46.410640,46.412464,46.429682,46.445961,46.484193,46.563353,46.563448,46.564861,46.575378,46.578905,46.624195,46.628586,46.633399,46.641278,46.778866,47.238177,47.284006,47.531531,47.690401,53.302797,53.400127,53.482152,53.485214,53.487003,53.720844,61.840455,62.779977,73.390339,73.409478,73.428253,73.486302,73.665417,73.711260,75.181576,79.624481,79.655458,83.110698,83.223515,83.321190,83.461966,84.164600,84.924829,84.966033,85.082829,85.087283,85.108450,85.121884,85.219221,85.219463,85.245241,85.282207,85.336142,107.095831,131.465046,133.229090,133.255447,133.375805,164.047703,164.257514,171.077186,191.405143,191.420052,191.490990,191.531926,217.489242,217.530103,217.577086,217.760483","4,6,6,5,4,2,3,6,6,5,6,6,4,1,4,7,1,6,7,5,7,4,1,0,1,7,0,0,2,2,3,2,3,6,3,5,3,1,3,5,4,4,4,1,7,6,4,1,6,5,2,4,1,1,7,7,0,2,3,2,3,6,5,6,7,5,3,6,5,4,1,1,2,3,6,6,4,1,1,1",7
"0.477652,0.489643,0.521385,0.545244,0.656091,0.702812,0.854973,1.145567,1.250486,9.992949,10.010047,10.056379,10.181598,10.219068,10.245227,10.257087,11.117823,18.066304,39.032953,39.047819,39.048117,39.162693,40.473478,40.483333,40.550048,40.732137,46.150752,46.186071,46.248793,46.294243,46.312500,46.353372,46.380392,46.397660,46.424709,46.427620,46.445987,46.507295,46.527063,46.528055,46.565531,46.566965,46.665225,46.677972,46.719215,46.774510,46.829013,47.015871,47.099930,47.100054,47.197357,47.283329,47.730909,54.418821,54.576208,54.649857,57.898099,65.546701,66.932509,86.610683,86.686871,86.705180,88.003684,88.064210,88.069885,104.247129,120.467464,120.739317,130.106064,152.210141,152.262494,152.266305,152.311195,152.336980,152.382020,171.676036,172.090052,191.956008,197.025386,197.061526","0,2,2,3,2,3,6,3,6,2,3,3,3,6,5,4,1,4,1,7,7,0,5,4,4,4,0,2,3,3,6,6,6,5,4,6,2,5,4,1,5,4,3,7,6,6,1,7,0,2,2,3,3,3,6,5,4,4,3,3,6,6,4,1,7,7,3,6,5,4,1,7,0,2,1,1,7,3,3,6",7
"30.542952,30.706963,30.718655,31.491292,31.617086,31.768550,31.984671,32.114821,32.170327,32.265591,32.294780,32.341031,42.291148,47.188756,47.286853,47.350811,47.351785,47.354598,47.436797,47.475871,47.530070,47.550572,47.733718,47.780516,47.793806,47.837620,47.875161,47.876927,47.886595,47.892086,47.956716,48.056195,57.390226,57.439596,67.747074,78.228515,104.462884,104.497230,126.912380,139.359722,147.624755,147.806873,152.575875,156.174629,156.307409,156.409551,170.106921,170.138178,170.229328,170.397484,184.116868,184.196795,184.252033,194.483767,202.235097,202.545460,202.601136,211.458304,218.764337,218.776986,218.836720,230.839136,240.697180,269.368023,269.411519,285.607829,285.629023,285.786280,291.338541,299.866196,351.417420,351.572630,355.292380,355.438421,355.699721,355.737751,355.880739,356.597839,365.086227,368.373486","4,1,4,7,0,2,3,6,5,4,4,6,6,7,0,2,3,3,6,6,0,6,5,4,1,5,4,4,1,7,4,4,6,5,7,6,1,7,3,5,2,1,5,5,4,4,3,6,6,5,5,4,4,0,1,7,0,6,4,1,1,7,1,1,7,6,5,4,0,3,5,4,2,3,6,5,5,7,1,3",7
"2.263210,2.306783,9.220153,9.248958,9.253410,12.430080,12.430735,12.889104,31.766776,31.816647,36.508398,50.225587,50.593892,56.220038,56.268434,56.277090,56.305179,56.459562,56.557051,56.769206,56.777567,56.871247,56.872629,56.893842,56.894865,56.900079,56.962609,56.996801,57.034324,57.047667,57.112892,57.146139,57.162626,57.189698,57.220411,57.227570,57.323503,57.323560,57.326991,57.375586,57.399383,57.418517,57.447131,57.488309,73.051251,73.070544,73.258143,73.288744,73.372918,73.430993,73.491826,73.605206,73.621373,73.643563,131.463361,131.609309,131.627407,131.667455,139.586862,139.601061,139.678706,139.699844,139.711884,139.753289,139.810897,139.854182,140.141661,143.436775,148.363698,158.626717,158.642933,158.799807,186.626482,214.938201,214.949547,214.960172,214.985793,215.369424,216.878661,216.951380","6,5,0,2,2,0,2,0,7,0,6,6,5,6,5,4,1,5,7,0,2,3,6,6,6,6,5,5,4,4,6,1,5,4,1,7,3,6,6,6,6,0,5,4,2,3,3,6,6,5,4,1,4,1,0,6,5,5,2,3,3,6,5,3,4,5,6,0,1,6,5,4,3,1,7,0,7,2,0,2",7
"9.172114,9.181871,9.227304,9.229673,9.320848,9.331738,9.354332,9.375548,9.400392,9.408125,9.410751,9.424487,9.480766,9.481776,9.504098,9.552158,9.555804,9.592074,9.628873,9.639430,9.800488,9.825437,9.826480,9.858341,9.884185,16.351350,16.447806,16.914082,16.934071,17.015188,17.045755,17.072711,17.177540,17.229283,17.239166,32.837079,32.845389,32.850835,33.068461,33.209024,33.296690,33.414332,38.771498,41.998856,42.141457,42.160293,42.308301,45.121292,46.506290,46.572849,46.625795,48.397259,48.472800,53.090299,53.164796,60.734548,65.058679,77.101315,80.252810,80.692629,80.725170,80.790897,86.472846,131.254543,131.281611,131.384687,131.397164,131.412154,131.475668,163.791121,173.704420,173.927567,184.631561,198.147313,198.249684,206.810778,206.868413,206.941553,206.967462,214.054590","7,0,2,3,3,3,6,2,6,5,2,3,5,4,5,6,5,4,4,1,6,6,6,5,4,0,2,3,6,5,5,4,1,7,0,1,7,7,5,4,7,0,1,3,6,5,5,6,1,7,0,5,4,1,7,1,0,4,4,1,7,0,6,2,3,3,6,6,5,7,7,0,4,5,4,4,1,7,0,1",7
"10.818581,37.397562,37.411204,39.656405,39.714179,39.729513,39.917831,39.926284,62.691957,62.928785,62.949352,63.034044,69.131820,70.170960,70.211304,70.267735,70.271231,70.281614,70.341309,70.352560,70.358594,70.369334,70.369418,70.370135,70.375215,70.390269,70.407035,70.409780,70.436591,70.440628,70.448032,70.476775,70.480549,70.481168,70.502697,70.506359,70.518148,70.570627,70.579760,70.583871,70.605560,70.646852,70.647070,70.657210,70.677925,70.680798,70.696279,70.728246,71.098021,85.028402,85.178047,85.280946,85.496450,85.499110,85.556707,97.636519,97.641913,97.663840,97.674907,97.681637,97.762681,97.792706,97.804490,97.804710,97.813345,97.841908,97.866510,97.867059,97.868455,97.877879,97.890111,97.896248,97.909712,97.970544,97.971440,97.982982,98.234143,98.281215,98.392731,102.889626","0,3,6,4,1,1,7,0,1,1,7,0,6,4,1,7,0,0,2,1,2,3,3,3,7,6,2,2,7,0,2,0,3,5,4,3,0,6,3,5,6,6,5,4,5,4,4,1,6,4,2,3,6,5,5,7,0,0,2,2,2,3,6,3,6,3,3,2,6,5,6,6,5,3,6,6,5,4,1,6",7
"3.842857,3.843871,3.845866,3.862700,4.046530,4.174263,13.034915,22.792368,22.848878,47.472541,52.614725,56.176560,56.649377,66.585038,76.231100,76.239100,76.381314,76.430872,98.820757,98.894110,109.852047,123.544621,144.978582,175.024298,201.342777,201.455781,201.464054,201.813935,201.954121,201.970353,208.976422,209.282712,218.389025,218.471750,228.195406,229.848151,229.852494,229.857000,229.954978,230.129067,230.344671,230.475412,230.514314,230.685016,232.742688,232.854766,232.910249,232.935783,232.943989,233.046841,233.064040,233.151892,250.187332,251.147712,251.259345,251.271035,251.272300,251.275327,251.293946,251.389074,251.398414,251.404236,291.215132,291.247758,291.448995,311.890766,318.221077,318.281973,318.390798,324.236762,324.247045,324.272960,324.354864,324.388873,324.407920,324.421244,324.422435,324.426638,324.453063,324.461559","0,2,3,6,2,3,1,7,0,5,0,1,7,7,4,1,1,5,6,5,5,6,5,2,4,1,7,0,2,3,2,3,5,4,0,7,0,2,2,3,6,6,5,5,5,7,4,1,7,0,7,7,5,7,0,2,2,0,3,2,6,3,5,4,1,2,5,4,4,7,0,0,2,3,6,5,2,3,0,6",7
"7.694770,7.712896,8.300716,39.918000,40.257110,42.221923,42.326052,42.338266,42.352602,42.398984,45.451518,45.503343,45.525908,45.531009,45.549010,45.609369,45.617026,45.623929,45.741300,45.742975,45.842197,45.859937,45.869035,112.367900,112.631931,112.647830,112.712219,112.718955,112.821390,112.831409,112.843366,115.956610,116.112928,125.732378,125.874466,125.915972,126.095793,126.152542,126.242350,126.261394,138.498582,138.561975,138.742879,138.847200,138.883659,155.339905,160.471767,160.600916,160.662276,160.689991,160.694357,160.728374,160.815340,160.841435,160.843587,161.921552,162.067528,170.114211,170.283425,180.029049,180.163903,180.258133,180.516199,180.547494,198.481136,209.597106,209.608016,210.017365,227.974104,239.119588,249.085766,261.806257,261.922501,261.964275,261.993554,262.009221,278.461851,294.879273,304.970262,305.010627","0,2,5,6,6,1,7,0,0,2,7,0,2,3,2,6,5,4,5,1,5,7,0,4,5,4,1,7,0,2,3,7,0,6,5,4,1,7,0,2,0,2,3,6,6,1,5,4,1,7,1,7,7,0,2,4,1,0,2,1,7,0,7,0,3,5,4,1,7,3,6,6,5,4,4,4,3,1,6,5",7
"12.190098,32.619001,33.113902,33.164893,33.257249,33.413979,50.641394,50.731947,53.825074,54.110006,63.676577,63.969086,64.020010,64.054305,71.873680,71.920495,74.471509,74.477779,74.492268,74.543026,74.573940,74.580412,74.610946,74.671011,74.728944,74.730860,74.869966,75.090815,75.227664,75.252340,89.055781,89.223989,104.272221,123.644450,123.783578,123.865867,124.027512,124.031691,124.092094,124.214641,124.375245,136.865374,136.880627,136.883785,136.901787,136.969409,137.013992,137.060742,137.249341,137.600210,146.452010,151.213330,151.288657,151.288913,151.347298,154.945777,156.544254,156.682473,156.833370,156.993018,157.054168,157.072624,157.088559,157.095845,157.147096,157.240359,157.928061,158.026860,158.080167,158.184709,229.173647,229.192094,237.268012,237.303907,237.310325,237.321048,237.361701,237.376908,237.424398,237.448148","6,6,5,4,1,7,1,7,6,5,3,6,5,5,4,1,3,6,6,5,5,6,6,4,1,7,7,0,2,2,7,1,5,4,1,7,0,2,0,3,2,0,2,3,6,3,6,5,4,1,4,3,6,6,6,7,1,7,0,2,3,3,6,6,6,5,2,3,6,5,6,5,7,0,0,2,2,2,2,2",7
"12.775281,23.522049,23.549656,32.699869,32.731981,32.952994,33.264604,33.304799,33.456094,33.536780,49.725052,51.754776,51.827712,51.835692,51.874636,51.903771,51.924682,51.938678,52.021734,52.045815,67.422488,79.706766,79.944078,93.085404,93.471740,93.573575,104.491601,104.572340,104.604172,104.681179,104.740481,104.824030,104.843666,104.894611,104.952246,111.646458,111.693188,114.448491,114.486505,132.287667,132.357339,137.666588,138.004453,138.035078,138.035197,138.471914,139.113669,139.321371,139.323570,139.405541,139.498779,139.602877,170.839244,182.485701,182.522846,206.205667,206.373284,206.433079,206.452844,206.574850,206.618595,206.645441,206.656261,206.747791,206.869361,206.982413,206.985246,207.141292,207.154005,207.234462,207.254218,207.435632,207.958109,207.998973,208.486447,212.103627,222.003744,226.433007,226.490715,226.584273","1,3,6,6,5,5,4,4,1,7,1,1,7,0,2,2,3,6,7,2,1,1,7,0,2,3,1,1,7,0,2,3,6,6,5,2,3,1,7,0,2,1,2,3,6,6,6,5,4,1,4,7,6,5,4,6,5,5,4,1,1,7,7,7,0,2,2,3,3,6,5,6,4,1,4,4,7,0,2,3",7
"21.450190,28.481869,28.514161,30.772353,34.067817,34.108183,34.109967,34.342761,42.718832,44.273190,50.345335,55.208916,55.221030,73.759896,73.921233,90.302570,90.359175,90.372463,102.179627,102.228627,102.251196,102.419623,102.559387,102.575262,102.577047,102.607715,102.626696,102.673272,102.999560,103.030941,103.056979,103.065376,103.142212,132.445055,132.448491,137.324585,143.227560,143.477113,143.506573,143.513485,143.520794,143.716720,143.727059,143.851206,143.972595,144.131505,144.202638,144.312466,144.331020,144.341955,144.367342,144.384807,144.435887,144.508374,144.574342,144.577616,144.582299,144.590932,144.607862,144.625146,144.662289,144.714936,172.384677,172.411390,172.479300,172.525199,172.669206,172.671319,172.793122,172.835220,173.042755,173.095850,173.097479,173.154737,173.220327,173.225947,173.226841,173.243525,180.956313,180.973799","4,3,6,5,1,7,0,2,5,3,2,5,4,3,6,7,0,2,7,0,2,3,2,6,5,4,1,1,7,0,0,2,2,2,3,6,7,0,2,3,2,3,3,6,6,5,4,1,7,7,0,1,0,7,2,3,0,0,6,2,3,6,0,2,2,2,3,3,3,6,6,5,4,4,5,4,1,1,7,0",7
"0.754368,24.522184,32.200895,32.351242,32.548172,32.689415,32.718528,32.775685,32.794872,33.079468,41.209794,41.501934,41.605177,41.721614,53.823162,65.378031,65.386402,65.395320,65.417715,65.421004,65.511365,65.603703,65.656030,65.687192,65.756035,65.879175,72.385349,72.848952,72.888575,72.904463,72.923048,72.996463,73.051721,76.937655,83.149732,90.699885,94.475224,94.500698,123.600842,123.656492,123.710793,123.852170,123.944052,123.994382,133.748135,159.186808,159.293112,159.386966,159.432299,159.550213,160.003984,169.765946,207.264354,207.275521,207.310228,209.963009,224.311352,224.319373,224.351328,224.431854,224.457871,224.720932,261.109806,261.259140,262.745983,262.780754,262.833889,262.964810,262.998545,263.003199,263.053204,263.074720,263.075092,263.125799,263.138088,312.271371,319.013961,319.056752,319.093017,319.154122","7,3,7,0,2,3,6,5,4,4,2,3,6,6,4,1,7,7,0,0,0,2,3,6,6,2,4,1,7,7,7,0,2,6,5,7,5,4,7,0,0,2,2,3,3,1,7,7,0,0,2,7,1,7,7,0,0,2,3,6,5,5,0,2,5,4,1,7,7,0,2,3,6,5,2,7,3,6,6,5",7
"15.822540,28.450874,38.242961,38.304108,42.487237,42.651296,42.663514,42.807041,45.807079,56.091127,75.046099,83.079134,86.943122,86.974359,87.025541,92.713029,92.787342,92.843924,117.637321,127.482568,140.100768,140.356879,140.875066,141.051571,141.062299,141.104546,141.107215,141.110153,141.126805,141.156071,141.317657,152.101767,152.106195,154.440211,212.685419,212.693973,227.031422,227.041201,227.078997,227.105160,227.366914,234.137334,234.137965,234.174497,240.498095,244.526549,245.865111,281.101551,281.311614,284.593389,284.662841,315.409234,315.489424,325.794574,349.048527,361.144822,372.221738,377.297053,377.301676,377.305440,377.387619,377.434090,377.509693,377.550381,377.705939,377.824800,377.879526,377.911238,377.923723,377.934203,377.940029,377.944431,377.952702,377.957088,377.986828,377.988756,377.995781,377.999601,378.006402,378.024304","6,7,6,5,6,5,4,1,1,0,6,1,3,6,5,1,7,0,5,1,5,4,0,2,3,3,6,6,5,5,5,4,1,7,1,7,2,3,6,3,5,2,3,3,1,5,6,4,1,5,4,4,1,7,5,5,1,2,3,6,5,4,5,4,4,1,7,7,0,7,0,2,2,0,2,3,0,2,2,0",7
"3.235768,3.240258,3.437250,10.836675,10.991205,10.996707,11.029825,11.075567,11.106431,11.112753,11.174822,11.459918,42.721932,43.003907,43.050497,51.567457,60.451025,68.251730,88.667192,90.203480,120.396760,150.763208,151.885993,152.017775,154.916971,154.966013,154.969020,154.988154,155.044274,155.052231,155.345130,164.158907,164.164802,164.238425,164.409812,164.435152,164.504600,164.743449,164.820142,164.934577,164.961809,164.975785,191.409971,191.434962,191.506096,191.555527,191.580372,191.586124,191.666918,191.684893,191.714704,191.828185,191.833192,191.840901,191.881092,191.918418,194.214857,194.257884,194.339613,194.370224,194.460244,194.718382,202.077009,202.297898,202.394705,202.502085,208.058412,210.230173,210.261804,215.437363,215.445020,215.559958,223.735151,223.904111,223.916346,224.000864,226.335791,226.396660,228.369809,239.344886","1,7,0,3,6,5,4,5,5,5,4,1,3,6,5,6,1,5,4,5,3,6,6,5,0,2,3,2,3,6,3,6,5,5,4,4,1,7,0,2,3,3,1,7,0,0,2,2,3,6,2,3,3,6,6,5,6,5,4,1,4,1,2,3,6,5,1,4,1,5,4,1,5,4,1,7,6,5,3,2",7
"7.086539,7.103870,7.168099,7.263088,37.422071,39.765226,53.054150,53.060709,53.102664,53.105678,53.142616,53.345508,53.381730,72.816918,72.990447,73.012534,73.013784,73.094141,90.446623,91.995320,92.005831,92.024276,92.049653,92.392929,103.063129,103.170408,129.335100,156.400033,156.523034,156.583324,156.659652,156.839528,156.856440,156.986507,160.795597,180.418356,191.729907,191.934746,191.948056,192.004054,192.164679,192.185043,192.224340,192.285147,217.629874,217.662270,217.711234,217.721765,217.724848,217.753350,217.795373,223.727843,223.907495,224.090662,224.278201,242.848056,253.757696,253.821021,253.851798,253.864534,254.020620,254.091476,254.106018,254.106917,254.129965,254.131562,267.195791,267.353560,271.256408,287.793967,294.165260,321.569124,324.839393,325.017489,326.913351,326.915451,326.966803,326.967662,326.983964,327.087759","0,2,3,3,6,1,3,6,6,5,4,4,1,4,1,7,1,7,5,2,3,6,5,4,7,0,3,7,1,0,0,2,3,3,2,4,0,2,3,2,3,6,6,2,7,0,2,2,7,6,3,7,0,0,2,5,2,3,3,6,3,6,6,5,5,6,2,3,7,1,5,4,3,6,1,7,0,7,2,3",7
"1.967351,2.007936,2.213160,22.119502,34.619853,39.274074,47.576718,52.872505,55.718791,69.829001,69.871164,69.878302,69.914937,69.980433,69.981614,70.040546,77.546153,77.547179,77.610559,77.617987,77.777070,77.818866,81.795123,81.811122,90.657044,90.730458,90.756857,90.784671,90.824516,90.926374,90.934669,90.972128,91.005517,91.056372,91.123041,92.066543,96.686617,96.763069,105.203393,145.304149,145.384464,145.412933,145.712155,154.780295,159.304917,193.224004,202.460262,210.899549,228.554619,228.574764,228.582049,229.100618,246.065858,246.110568,246.120808,246.161141,246.225660,246.233358,246.647650,246.653532,246.874827,261.141470,261.315735,261.362590,263.504307,263.525248,278.072751,279.299722,279.318948,279.322845,279.411741,279.669522,279.703376,280.301661,280.355397,280.390177,280.470926,280.471606,280.494548,280.575352","4,1,1,3,7,0,6,3,5,1,7,7,0,2,7,2,4,1,7,0,2,3,5,4,7,3,0,2,3,6,6,5,4,5,4,3,0,2,5,4,1,7,0,0,4,4,4,1,4,1,1,1,1,7,7,7,0,7,0,2,3,7,0,2,0,2,4,6,5,5,4,1,1,0,2,2,3,3,2,3",7
"15.233415,25.679996,25.904720,39.304886,39.405357,47.324137,82.915095,88.822841,88.844936,110.602970,125.654085,125.685557,133.379225,133.469322,133.479637,133.840871,133.873578,133.915983,133.927207,133.944070,133.952063,133.963552,133.995525,134.013780,134.146144,134.164024,134.199705,134.221774,134.236899,134.248533,134.262269,134.338375,134.417581,134.529083,156.822017,165.572668,193.040563,222.162972,224.867184,224.888599,225.129731,225.144851,242.790391,242.811934,242.824426,242.833861,242.834339,255.861097,256.079642,256.093994,256.227423,256.243415,256.252213,256.271504,267.135732,267.238447,267.272645,267.294590,267.326786,267.408839,267.432969,267.551863,267.648218,274.174615,274.341352,319.204578,330.089388,330.170305,330.377696,337.999719,338.046545,338.058209,338.065212,338.125759,338.149363,338.209245,338.224720,338.268175,338.271114,338.387667","4,5,2,7,1,5,4,7,0,6,2,3,5,4,1,4,1,7,7,1,0,0,2,2,2,3,3,3,6,6,6,6,6,6,4,3,6,1,3,6,6,5,5,4,4,1,7,6,5,4,1,7,7,6,7,0,0,2,0,2,3,3,6,7,0,2,7,0,2,1,7,0,7,0,2,2,2,2,0,3",7
"3.898592,23.843932,25.986029,28.432590,28.582599,28.609932,28.641196,28.643450,28.691781,28.709812,28.724545,28.733771,28.749831,28.763909,28.771886,28.798270,75.670776,84.169259,84.347695,96.757604,104.372494,123.036115,123.089480,123.089606,123.218911,124.163905,124.168292,124.204936,124.244339,124.287820,124.345111,124.365084,124.374022,124.413757,124.444849,124.450624,124.497151,124.508328,124.511353,124.514601,124.602217,126.187259,126.224310,126.227536,126.247326,126.268655,126.285632,126.312134,126.332694,126.334505,128.327225,128.408732,128.489936,161.434287,161.454101,161.493473,161.648712,161.684955,167.451015,180.890074,191.243147,194.461675,194.484832,194.512866,194.536030,194.560064,194.585680,194.648379,194.654715,194.737277,194.771278,194.909565,194.915095,195.228696,195.254639,197.309822,261.828564,261.861348,280.485673,290.615333","2,5,3,6,5,4,4,1,7,4,7,1,0,2,1,1,1,4,1,7,4,1,7,0,0,6,4,1,7,0,0,2,3,2,2,3,3,7,0,2,3,2,3,3,3,6,3,3,3,6,3,6,5,6,5,4,5,4,7,1,7,1,7,7,7,0,2,2,3,3,3,6,5,0,2,7,7,0,4,5",7
"2.358723,7.311309,7.403230,8.636696,8.739049,8.916018,8.928376,9.217094,9.355307,21.231785,21.451547,21.594500,40.641023,40.856423,40.884830,40.990233,41.012666,43.166818,43.286264,43.295418,43.316600,43.351923,43.452117,70.554474,71.445273,71.529683,71.541876,71.580555,71.756624,91.771092,95.831808,95.873330,133.452044,133.472758,173.638456,186.641725,194.745226,209.484660,213.880121,213.903626,213.958405,213.959978,214.037650,214.057648,214.094557,214.154571,214.195915,214.232299,214.277823,214.303440,214.355868,214.400841,214.430623,214.551220,220.949030,220.959317,221.016266,221.120559,230.857245,301.361577,309.244754,321.438641,321.456320,321.482451,321.502986,321.561116,321.575778,321.577737,321.614550,323.031764,329.675662,329.737974,342.155382,342.173319,342.267881,342.269688,342.270553,342.277697,342.283965,342.312164","7,4,1,3,6,6,5,4,1,5,4,1,2,3,6,5,6,5,4,1,7,7,0,7,4,1,7,1,7,5,0,5,4,1,1,1,3,3,4,1,7,0,7,0,2,0,2,2,3,2,3,3,6,3,5,4,4,1,0,6,0,5,4,1,1,7,6,5,4,3,7,0,5,4,1,7,7,7,0,0",7
"2.103426,2.120855,13.861849,48.477809,55.460349,55.509925,55.660701,55.676598,55.679008,55.681965,64.929139,65.103291,65.242266,65.415473,65.463879,87.234663,111.312859,111.398027,111.401102,111.527297,111.539975,111.574843,128.784180,134.590210,148.909601,148.917686,154.850473,161.942166,171.134063,177.040058,177.112234,177.246562,227.326725,227.404033,227.412060,227.418453,227.457383,227.457493,227.733003,229.063343,229.165569,250.620641,250.727705,250.745198,250.753141,253.969190,254.062982,265.103950,265.116632,265.124950,265.169812,265.220998,265.292769,265.332706,266.098645,267.755154,267.764498,267.796597,267.797159,269.237714,283.048917,283.094708,283.100907,283.202181,283.486870,295.678599,295.710968,295.737708,295.742576,295.792896,295.902937,295.905097,295.917482,296.213090,300.456471,300.623813,302.770385,310.663007,310.731004,310.737643","5,4,7,1,7,0,0,2,2,3,3,7,0,2,3,6,0,2,3,2,6,3,1,6,2,3,4,3,2,3,6,6,7,0,0,2,3,2,2,7,0,5,4,4,1,0,2,6,5,4,1,7,0,2,7,7,0,2,3,7,7,0,2,3,6,7,0,2,3,3,6,6,5,4,6,5,7,5,4,1",7
"2.615650,2.693356,3.196401,6.840139,37.847027,38.132300,38.430113,39.885148,51.350328,51.372156,51.390834,51.406365,51.443791,51.458557,51.541366,51.603635,51.621261,51.735307,51.844750,51.863239,51.866593,51.931537,51.932745,51.940438,51.963842,52.034908,52.067500,52.195741,58.971720,58.993809,59.263159,59.415002,110.680832,124.657225,126.188098,160.197176,161.472067,161.505696,161.557778,164.074579,176.486720,176.577279,177.595714,177.696121,177.808196,177.827330,177.849412,177.869716,177.911269,177.964993,177.970158,177.972084,177.989286,180.367553,186.785731,186.823384,186.924492,186.926843,187.214685,198.175718,198.369032,199.480731,199.491616,199.577349,200.015759,200.116155,200.130031,200.268598,200.507351,235.622888,237.958881,237.993121,238.035746,243.251786,243.435012,243.504284,243.626277,243.701525,272.614696,272.629231","0,2,5,1,6,5,4,5,0,2,3,6,5,3,5,4,5,4,4,1,1,1,7,7,7,0,2,0,6,5,5,4,3,0,7,5,5,4,1,3,7,0,2,3,6,5,6,6,5,4,5,1,4,4,7,0,2,3,3,0,2,5,4,1,7,0,2,1,7,3,4,1,7,0,2,3,3,6,7,0",7
"1.436842,32.952487,32.982789,33.012665,33.050300,33.070234,33.107377,33.174650,33.322773,33.483447,44.864400,44.869223,44.891794,44.904581,45.485245,45.545087,45.601217,61.091450,61.274660,72.857529,73.973381,74.033789,74.044033,77.096769,118.159708,131.495975,131.513237,141.652295,148.422915,148.557951,157.164098,178.372053,191.138141,196.846488,204.037363,204.922738,204.934041,205.026087,205.030584,205.186921,205.200965,205.235260,224.530875,239.740458,239.965171,240.206868,240.863803,241.040047,241.154276,244.936336,278.110977,286.159830,286.575512,286.580052,286.596654,286.788037,286.831940,287.077112,287.088799,287.114015,287.401261,287.418461,288.586940,304.921068,315.666860,315.696604,315.782557,319.758587,325.167705,325.178739,325.201268,325.393963,328.944662,329.037283,348.028150,348.082047,348.123274,348.195166,348.235124,348.277145","0,0,2,2,3,6,6,2,5,4,5,4,4,1,6,5,5,2,3,6,4,1,7,7,5,7,0,5,7,0,2,2,0,3,7,3,6,6,5,5,5,4,3,6,5,5,7,0,2,5,6,2,3,6,5,5,6,5,4,1,4,1,4,1,0,2,3,6,1,7,7,0,2,3,4,1,7,0,0,2",7
"16.813806,43.285143,44.305095,49.347482,49.414651,60.841868,62.966882,62.969404,69.330500,69.404970,69.413891,69.432975,69.516771,69.537339,73.930986,73.988683,74.289822,74.310094,74.387138,74.413534,74.456061,74.516679,74.605048,74.787401,74.989872,75.236266,75.245993,75.668630,75.970366,82.696715,102.401216,102.441870,102.583170,102.594326,103.528783,103.563703,103.680451,103.695256,103.919561,104.509284,125.596703,151.812250,151.862915,223.164493,223.258143,235.540672,235.735682,239.815850,242.502025,242.585793,242.634489,242.886219,255.868033,257.904421,257.911952,264.339666,264.480616,264.488354,264.510576,281.828613,281.908818,281.944756,281.953501,281.962785,281.975693,281.976764,282.006102,282.010089,282.044603,282.072756,282.077967,282.088112,282.126726,282.126948,282.138855,282.148983,282.161521,282.196616,282.248170,282.299757","1,6,6,4,1,3,2,3,0,2,3,6,5,4,7,0,0,2,2,3,6,3,6,5,4,1,7,5,4,6,3,6,6,5,2,3,6,3,6,2,4,0,2,2,3,6,5,6,5,4,1,7,7,6,5,7,0,2,3,1,7,0,0,2,0,3,0,3,6,6,5,4,7,5,2,6,3,3,6,0",7
"25.427595,46.891636,91.994134,94.829512,94.856728,94.950621,105.974882,106.124045,106.188709,106.192768,106.210769,106.411284,106.448931,126.992503,127.320800,127.371990,127.391251,127.408796,127.424330,127.427301,127.441115,127.500852,127.519829,127.527107,127.549120,127.557428,127.583524,127.587536,127.598227,127.671602,127.855071,127.944838,128.090428,128.179194,130.139256,141.706624,141.824994,141.873096,141.991487,145.382727,179.223178,186.419068,186.446800,186.461028,186.566878,186.587489,192.215684,192.241979,192.309079,212.209002,212.274274,212.279062,212.290818,212.418447,212.524295,212.556620,212.568731,212.630287,212.637377,212.645657,212.678223,212.681276,212.826637,212.839747,214.753506,220.888637,222.868586,247.559566,261.122580,287.805933,287.826853,320.543240,336.562176,362.201687,366.441806,369.985824,383.973886,390.747920,390.807068,407.123614","6,1,2,4,1,7,5,4,1,7,7,0,2,7,1,7,0,0,0,7,2,7,3,3,6,6,2,3,6,0,3,6,5,4,4,5,4,4,1,6,2,6,5,5,4,1,6,5,4,0,2,3,6,6,6,5,3,6,6,6,6,5,4,5,2,4,6,2,1,5,4,5,4,3,3,6,6,5,4,0",7
"25.152654,25.309934,25.328350,25.391332,28.211462,36.096099,40.454669,74.508887,80.534501,96.886825,97.114123,112.077737,119.118229,119.132450,119.172498,119.175697,119.242295,148.253368,148.322919,148.325455,148.355141,148.355919,148.431588,148.449288,148.488626,148.490117,148.493351,148.521291,148.526777,148.528451,148.544149,148.582525,148.654378,148.657034,148.714427,148.756865,160.175226,160.260403,160.270532,160.284456,160.313016,160.315439,160.344430,160.490507,160.604436,160.660565,160.784442,181.376928,181.677824,181.849974,181.864352,181.946885,188.949244,188.980707,202.146975,227.531691,229.329975,229.426289,229.446149,229.460356,229.501537,229.534247,229.573575,229.688899,229.798647,229.873517,229.990669,230.016419,234.874112,256.377878,273.081724,293.220139,296.050942,296.383099,311.258558,311.302486,311.324601,311.327862,311.418209,312.631491","4,1,7,7,0,2,7,6,1,4,1,1,2,3,6,5,6,1,7,0,2,2,0,2,2,3,3,6,6,3,3,5,6,6,5,4,2,3,3,6,6,6,5,4,1,7,7,7,0,2,3,6,0,2,6,0,3,6,5,5,4,6,1,1,5,4,4,1,6,7,1,4,1,6,4,1,7,7,0,4",7
"5.764602,5.812773,5.924102,32.638626,32.716090,45.706027,45.720795,59.202106,59.244705,59.257634,59.306277,59.312032,59.412948,59.430711,59.497356,59.532235,64.765724,64.816859,64.881735,64.882717,64.957689,64.974483,65.026756,65.044044,65.054640,65.058421,65.067656,65.249797,65.328295,65.381344,65.428285,65.432269,65.458346,65.489026,100.274095,118.111871,141.022501,141.028551,141.044138,141.076081,141.101915,141.626848,167.506716,168.185613,168.189509,188.521520,188.645354,251.894722,251.983875,251.995913,252.158592,263.039551,264.875703,276.198989,312.520240,312.528033,338.646985,338.759124,353.471979,353.572722,354.297649,360.741202,361.954479,361.959693,361.961923,362.164743,391.153275,391.211034,391.219796,391.221742,391.243446,391.249768,391.276422,391.293876,391.325296,391.357903,391.444083,391.605761,391.629150,391.740774","7,0,2,3,6,1,7,5,4,4,1,7,7,7,0,0,2,3,6,3,6,5,5,6,6,4,5,5,4,1,7,0,0,2,5,7,2,3,3,3,6,6,7,3,6,5,4,3,6,5,4,5,1,1,4,1,4,1,1,7,3,7,6,5,5,4,5,4,1,7,7,7,1,0,0,2,2,2,3,3",7
"4.956737,18.514332,26.255590,26.421297,26.442886,26.526718,26.915933,39.731306,39.731515,39.816411,39.879023,47.497416,47.513582,47.524173,74.053437,75.555994,81.057689,81.098157,81.102133,81.154610,81.291722,81.322747,81.333160,81.412343,81.514638,81.515046,81.632364,81.698953,81.716654,81.726131,81.731821,81.831241,89.863013,97.412568,97.446762,97.570821,97.644390,97.676812,97.677526,97.698970,97.752657,97.888215,102.961701,102.975141,102.989769,103.030174,104.671491,104.907487,105.038484,121.621745,121.726234,121.810965,122.006303,135.103594,135.315300,135.381236,135.385168,135.392085,135.417088,135.424784,135.491051,143.379060,143.712600,143.765635,144.071598,150.242440,152.006176,152.340417,165.906357,165.997403,166.018571,166.312796,166.350804,166.652991,166.660200,166.735807,166.804469,166.826146,166.832681,166.836180","2,6,3,6,5,6,5,6,5,5,4,4,1,1,0,0,7,0,0,2,2,3,2,3,6,5,5,4,4,1,1,7,6,7,0,2,3,3,6,5,6,6,5,4,4,1,6,5,4,2,3,3,6,7,0,2,3,3,3,3,6,1,7,0,2,0,4,4,6,5,5,5,4,4,1,7,1,0,2,3",7
"5.065237,5.074612,5.161112,6.229157,6.494086,16.863386,60.847582,61.027807,61.052475,61.143127,61.285128,66.343375,101.071994,101.090304,101.114020,101.191688,101.440443,101.549912,105.327136,105.382305,106.670403,106.709922,106.713215,106.718046,106.720791,106.729147,106.811774,106.821641,106.831243,106.866608,106.908254,106.920159,106.930014,106.938921,106.955020,106.957440,107.037622,107.092797,107.250873,107.358007,107.390712,107.395769,107.399509,107.475502,107.494282,107.560047,107.719795,107.901762,107.935806,107.977535,108.108669,108.234611,108.266690,108.268283,108.293163,108.296231,108.307568,108.412823,108.417786,108.459769,108.463351,108.485339,108.487306,108.514282,108.554293,108.563948,108.564934,108.585053,108.592016,108.597954,108.622108,108.659960,108.678210,108.705278,108.707910,108.741750,108.761203,108.769520,108.779340,108.824366","2,3,3,1,7,0,3,6,5,5,4,6,6,5,5,4,4,1,1,7,3,6,6,5,5,5,5,4,1,7,7,0,2,2,3,7,0,2,0,2,2,3,3,3,6,5,4,1,7,1,0,2,3,6,5,5,5,4,4,1,7,0,1,4,1,0,7,1,1,7,0,7,2,7,0,7,0,2,1,7",7
"1.318713,1.410923,1.436707,30.038091,68.769880,69.447627,73.650521,100.706874,100.711503,100.742629,100.812279,100.821522,107.367608,107.408127,114.923709,115.173869,122.319377,122.424015,122.482245,122.483099,122.511780,122.553904,122.572176,122.575977,122.600845,122.615990,122.709119,122.771173,122.809317,122.810012,122.866950,122.984627,122.989440,122.997707,131.321784,131.342865,131.502181,138.293327,153.268729,161.913235,166.072359,166.082919,166.144989,166.198717,166.209934,166.370907,186.111394,187.811192,187.860977,207.903316,207.920372,207.981198,208.017528,208.022440,219.706720,220.128958,220.218778,220.526062,220.679025,220.702270,237.248456,237.411470,237.558140,241.701337,250.472382,250.538426,262.077735,268.239725,302.127224,315.939073,317.337557,317.341656,320.146470,320.178862,320.254994,320.285360,320.391550,320.513627,324.815966,324.940800","6,5,4,1,6,7,4,7,0,0,2,3,3,6,2,3,7,0,0,2,3,6,5,6,3,6,5,4,4,1,1,6,7,5,6,5,5,0,4,5,5,4,1,1,7,0,6,7,0,2,3,6,3,5,3,6,5,4,1,7,3,6,5,6,5,4,5,7,7,2,6,5,1,7,0,2,3,2,7,0",7
"2.782752,2.784232,2.823974,3.124928,8.374409,8.374696,8.435041,8.457187,8.460305,8.462504,8.478653,8.512186,16.459420,16.515892,16.593642,16.694499,16.869372,16.870955,17.046068,34.328551,34.351994,34.405935,38.027746,38.138317,38.187729,38.196683,38.203488,38.208430,44.295206,44.305470,52.092793,66.295428,77.197786,83.728419,103.478796,110.558576,111.062520,111.262844,111.283711,111.369232,111.468800,111.515799,111.559430,111.563686,111.593763,111.617088,111.653182,111.896890,112.138249,112.408388,114.228234,118.710438,128.104237,128.153733,128.302343,137.714066,138.541312,139.124195,139.228863,141.450232,141.588495,141.611014,141.628415,141.685500,141.786337,163.320828,163.324068,163.384766,163.602431,170.308918,170.387722,175.596695,191.409155,195.917170,196.105332,198.740833,224.776300,225.131235,225.142047,230.951293","4,1,7,0,0,2,3,3,3,6,3,6,3,6,5,4,4,1,1,4,1,7,1,7,7,0,7,0,6,5,3,2,1,3,6,0,2,3,6,5,4,6,1,7,1,7,7,0,2,3,6,4,6,5,4,7,2,5,4,2,3,6,5,6,6,0,2,3,6,0,2,5,7,0,2,5,1,7,0,4",7
"0.751002,0.787033,7.314083,12.552954,12.600771,12.619597,12.632493,12.746555,19.981328,22.254074,22.324491,23.948798,24.089856,24.103548,24.121084,24.286536,29.967080,30.019546,30.106846,30.150767,30.176851,30.226031,30.249300,30.262112,30.273642,30.297233,30.311388,30.418338,30.439352,30.444952,30.482752,30.871218,30.993470,31.064862,31.111089,31.258456,31.258501,31.334197,31.361978,41.249859,56.740135,56.800188,56.903876,56.972234,56.985493,57.025410,57.032505,57.033209,57.045875,57.070162,57.080809,57.106637,57.122479,57.138928,57.155115,57.170777,57.188727,57.196755,57.262256,59.281913,77.933875,87.510001,87.541060,87.548503,87.638417,87.652795,87.670546,87.688985,87.773714,87.816573,87.944839,88.024431,88.051659,88.089491,88.180465,88.184621,88.219322,88.372705,88.374612,88.381280","3,6,7,0,2,3,2,6,4,6,7,7,0,2,2,3,2,3,3,6,6,5,6,4,5,5,5,4,4,1,5,4,1,7,0,0,2,3,6,5,7,0,0,2,3,3,6,5,4,5,4,1,7,6,5,4,0,2,2,5,1,0,2,3,6,6,5,3,6,6,6,5,5,5,4,5,1,5,7,7",7
"7.553131,7.568586,14.943329,14.965154,35.650224,35.761371,42.496865,72.969696,72.997627,73.050650,73.072717,73.164675,73.187937,73.235196,73.387396,73.576576,73.638456,73.641049,75.197505,78.849173,80.875284,108.788124,108.798245,109.117802,109.258930,109.320061,115.851164,120.395279,120.399867,181.223531,202.079957,211.283055,213.981421,219.658431,232.232267,232.235459,232.282092,232.305697,232.317879,232.321680,232.360038,232.372650,232.398277,232.407644,232.629354,232.803124,245.566444,245.580097,245.701916,245.757112,245.758338,245.795673,245.821127,245.848499,245.993076,246.006498,246.013973,246.020224,246.024106,246.033245,246.057332,246.112237,246.178042,246.198232,246.223021,246.239508,246.309729,246.395886,270.743809,292.570802,295.856631,295.866355,295.881480,295.905742,295.973264,295.974578,295.976896,296.072510,296.097186,296.129117","2,3,6,5,3,6,5,4,1,7,7,0,2,2,3,3,6,6,6,1,5,5,4,4,1,7,7,0,2,3,3,5,6,2,7,0,0,2,3,0,2,3,3,2,3,6,4,1,7,0,2,1,0,2,7,0,3,0,2,2,3,3,3,3,6,6,5,3,6,3,0,2,3,2,2,3,6,6,5,5",7
"25.147084,25.344494,25.383094,25.386319,25.445532,25.472455,25.479117,25.488565,25.494189,25.505894,25.673802,25.675773,25.707401,25.736094,25.739311,25.740272,25.751349,25.771619,25.785239,25.789247,25.828408,25.863306,25.908771,26.016970,26.018269,32.641368,33.460497,33.644801,33.818508,63.850473,63.996278,64.032987,64.087376,64.122106,64.176190,64.226244,64.228875,64.359170,70.555660,70.653550,70.677734,70.680820,70.683907,70.759914,70.777725,93.212312,94.678881,104.621918,106.396193,110.619882,113.479182,123.423978,126.721666,126.724185,126.764090,126.806622,126.893297,126.912827,126.954713,126.970680,126.979690,126.996672,126.997064,127.026637,127.028198,127.033310,127.043200,127.076559,127.089380,127.108240,127.113034,127.149484,127.289161,127.298850,127.347425,127.521956,127.634429,127.656927,127.662635,127.669251","4,1,7,7,0,0,2,2,2,3,2,3,3,2,3,6,3,6,6,6,5,5,5,6,4,5,2,3,6,0,2,3,6,2,3,6,6,5,6,5,4,1,7,4,1,7,1,1,0,4,5,0,0,2,3,6,6,2,5,5,4,4,4,1,7,5,1,6,5,1,4,7,7,0,0,0,7,0,2,3",7
"3.505124,17.113583,19.662258,19.684317,19.686470,19.718042,19.737634,19.884788,19.898819,20.017762,20.020190,20.297840,20.506187,25.137497,25.147486,25.176482,25.197933,25.202120,25.210016,25.215342,25.240276,25.240794,25.252450,25.259192,25.271484,25.279961,25.283264,25.289966,25.306432,25.363348,25.374098,25.411167,25.446254,25.459536,25.546312,25.630012,25.640223,25.649930,25.657629,25.718891,25.822642,25.903940,25.929002,25.962889,26.045560,26.080453,26.080655,26.097726,26.152183,26.165135,26.194267,26.246345,26.248029,26.281342,26.285454,26.376638,26.443355,34.691140,50.073820,50.088552,50.159475,50.303440,50.354214,50.518588,62.595346,62.732273,62.744392,62.749880,62.754641,62.759639,62.763314,62.769132,62.786327,62.819546,62.837763,62.855760,62.861344,62.880812,62.892747,62.898974","2,5,7,0,0,2,2,2,3,3,3,6,5,4,1,7,7,0,2,0,3,0,1,3,2,2,2,7,3,2,3,6,6,3,6,3,6,5,3,6,6,5,4,1,4,1,7,7,0,0,0,7,2,0,3,2,2,5,7,0,2,2,3,6,5,4,1,7,4,1,7,4,1,0,0,7,0,7,0,2",7
"14.963890,15.013515,33.636695,49.764669,49.827050,49.896058,49.925834,49.932975,49.948514,49.955839,49.958534,49.968564,50.019849,50.024958,50.058719,50.134166,50.135533,50.221478,50.334394,81.667252,81.741069,81.782685,81.907253,96.270126,96.285681,96.292335,96.388949,109.591334,109.601208,109.658010,145.015590,145.039078,145.060079,158.384674,159.433202,169.703515,170.974545,177.543253,177.585788,178.960422,179.002227,199.978692,200.091016,200.140434,206.368499,248.502957,287.115912,287.210840,287.257098,287.322442,287.403583,287.563385,309.967579,312.035357,312.076920,321.459022,334.188380,334.243543,335.216455,335.227159,335.285746,335.294090,335.402755,340.924598,340.959359,340.963443,344.586920,344.626987,344.642863,345.379502,345.379711,345.400670,353.585582,353.677489,359.525073,406.945442,432.237568,432.281036,432.311148,432.532181","0,2,7,7,0,2,3,2,3,3,6,6,3,3,6,5,6,4,5,0,2,2,3,0,2,2,2,0,2,3,7,0,0,4,2,4,6,7,0,0,2,3,6,6,7,1,6,5,4,4,1,7,2,4,1,6,3,6,0,2,2,3,3,1,7,0,0,2,3,2,3,3,4,1,5,7,6,6,5,5",7
"2.961579,8.561783,8.592190,8.621547,8.632616,8.671683,8.758363,16.802553,35.237243,35.798996,76.875739,77.066449,77.090250,77.163916,82.286290,86.815787,87.058554,87.062840,87.091711,87.361222,103.806843,103.856229,104.048639,109.347440,109.455302,109.688906,109.764375,109.965839,110.004448,110.187348,110.308096,110.336334,114.632160,118.538865,118.590565,129.590637,137.529509,151.831834,225.681741,254.486592,277.451921,277.646359,277.676413,277.679598,277.722938,277.787106,277.829224,279.609623,299.624746,310.723712,311.034320,311.071696,311.097406,311.127710,311.160386,311.160738,311.162553,311.166426,311.167926,311.281515,311.285536,311.294272,311.383523,311.452355,311.457879,311.473362,311.484388,311.517638,311.547381,311.585015,311.612436,311.620323,311.625103,311.664001,311.683923,311.761477,311.778802,311.804237,311.822897,311.825220","3,4,1,7,0,0,2,6,2,4,3,6,5,4,4,0,2,3,3,6,2,3,0,5,4,1,7,0,2,0,2,2,4,2,3,0,6,2,1,4,3,6,5,4,1,7,6,5,0,5,4,1,7,7,0,2,2,2,3,1,7,7,6,0,7,2,3,3,3,6,6,6,5,6,5,3,4,1,5,7",7
"7.019763,7.026218,7.099444,22.165048,40.807541,40.857084,41.030642,41.311943,55.891232,60.112719,64.053804,64.081520,64.104024,64.128867,64.217599,64.228102,64.302769,64.331173,64.411984,64.422231,64.671106,65.153315,75.816085,92.799698,92.813443,92.855225,95.150070,96.737717,96.787581,96.799012,98.115732,117.455936,131.544592,145.079419,145.118582,145.132588,145.176399,145.245884,145.247843,145.282747,145.322009,145.326465,145.372719,145.429626,145.431097,145.444774,145.532769,145.552487,145.557637,145.574845,145.577335,145.594152,145.607246,145.643538,145.668187,145.682938,145.716310,145.750760,145.763288,145.763524,145.774441,145.848923,146.006963,165.505477,165.541013,165.631086,166.068830,182.807825,191.683779,206.704552,206.976748,216.303085,233.161909,236.474173,236.511716,236.597718,236.664219,236.957437,236.959083,239.221680","7,0,0,6,2,3,3,6,7,1,4,1,1,7,7,7,7,1,0,0,2,3,3,5,4,1,4,4,1,7,5,5,4,6,5,5,4,5,1,7,4,7,1,0,7,0,2,3,2,3,3,7,6,1,7,0,2,6,3,6,3,6,5,5,4,1,7,5,7,7,0,5,7,2,3,3,6,6,5,2",7
"9.107209,9.128760,9.131607,9.141319,9.155402,9.177363,9.258800,9.358946,9.393892,9.726522,9.924870,10.106316,10.157429,10.228753,10.244922,10.352956,10.412202,17.915563,18.022456,25.880959,26.222796,28.601673,35.139274,35.358713,35.369145,35.425867,35.477519,35.536703,35.602415,35.620301,35.644999,35.665663,35.681616,35.715152,35.718542,35.724566,35.760174,35.764751,35.767582,35.777859,35.815717,35.867344,35.938891,35.961115,35.974015,35.981373,35.994019,35.997521,36.033568,36.033935,36.038178,36.077123,36.164157,36.186750,36.205590,36.234948,36.359072,36.642474,36.742674,57.911295,58.042094,60.665431,87.668318,88.513191,88.517432,88.625818,88.677686,88.875435,89.000177,95.078384,95.082807,95.103719,95.109314,95.125497,95.143144,95.160095,95.219350,95.234109,95.254650,95.258001","2,3,3,6,3,6,4,6,1,7,0,2,3,6,3,3,6,2,3,1,7,6,6,4,1,1,7,7,0,2,7,0,0,2,2,3,3,6,6,6,5,3,2,3,4,3,3,1,6,5,6,6,3,6,5,4,6,5,4,7,0,0,1,0,2,2,3,6,5,1,7,7,0,0,0,7,2,2,2,3",7
"11.486437,11.595884,11.716097,16.036210,16.087044,16.120252,16.136747,16.189913,16.276423,16.302848,16.317380,16.320272,16.345927,16.378627,16.388108,16.389800,16.516909,16.527664,16.626550,16.698169,23.203495,52.391948,79.849112,89.276465,89.410003,91.120597,91.376119,94.547954,94.675952,98.369721,115.470382,123.725741,123.729576,123.772590,123.943614,123.962535,124.051897,124.117329,124.200871,124.364072,124.425792,143.575720,143.578476,143.702805,143.737619,143.798994,143.815586,145.176216,145.185579,153.497017,153.511573,153.533108,153.567184,153.735124,153.809238,153.815016,167.396416,181.319217,184.234329,184.237480,184.244991,184.250688,184.270583,184.294518,184.319297,184.320629,184.346324,184.352668,184.360573,184.440334,184.445865,184.458886,184.547976,184.561101,184.585862,184.623093,184.749031,184.871178,186.788276,186.826648","2,6,6,2,3,6,5,5,4,1,7,0,2,0,7,2,0,0,3,6,2,3,6,0,2,4,1,7,0,7,1,0,2,3,6,5,5,2,3,6,5,6,5,4,1,7,1,0,2,2,3,3,6,5,4,4,7,0,2,3,6,3,6,6,3,5,5,6,5,5,4,4,6,4,5,4,5,1,4,1",7
"14.416248,21.575393,21.579083,21.610751,26.801041,36.829731,36.867559,36.967084,49.865300,58.732453,60.685636,64.778677,64.888407,65.049169,65.198869,73.032043,73.057940,99.566418,99.597174,99.628857,99.645834,99.671192,99.694858,99.745605,99.792086,99.811054,99.850378,99.882128,99.928660,99.973981,100.005974,100.201947,125.674550,125.698294,125.758478,125.764220,128.570783,143.056887,143.111741,143.159835,143.335706,143.359384,143.412606,143.462703,143.514253,143.536246,143.573940,143.616030,143.676071,143.681984,143.696507,143.719838,143.740691,143.934935,149.010518,149.273618,177.323231,181.607459,181.719200,181.756228,182.088956,182.144817,182.186242,182.201811,190.045198,190.187593,205.535214,205.608194,205.609964,205.716626,206.882987,206.941109,206.949607,206.955708,206.987291,207.061117,207.067818,207.228246,209.380257,209.474356","5,6,5,5,5,1,7,7,7,6,6,1,7,0,2,4,1,7,6,0,0,2,2,3,2,0,2,3,3,6,3,6,6,5,5,4,7,4,1,1,7,0,2,3,6,0,2,3,3,6,6,6,5,6,4,1,7,0,2,3,6,5,4,1,2,3,1,7,0,7,4,1,7,1,0,0,2,3,1,7",7
"7.066841,13.261634,63.375350,70.871808,71.036396,77.498190,77.502888,77.616247,81.824634,85.181025,85.376062,87.136222,91.228950,91.354015,91.368406,98.743267,98.812845,98.825202,98.889914,98.895461,99.013190,99.033084,99.209183,100.060390,100.086603,101.631190,106.810858,106.829294,106.833821,106.875713,107.066162,107.171131,107.361668,107.369131,111.308696,111.329779,111.330721,111.355970,111.375025,111.384703,111.468056,111.480735,153.495081,153.525464,166.245616,167.987160,170.562440,175.644606,175.718959,188.191028,203.467097,203.629767,203.688859,214.534656,214.727607,214.782491,218.404190,218.412296,218.476377,218.489482,218.528990,218.710173,218.795869,218.834945,219.056794,221.319865,222.398224,238.252171,248.287338,248.294658,248.465461,248.562539,248.739039,248.915814,249.236033,249.276055,249.304598,249.326484,249.431829,249.432512","6,3,0,5,4,7,0,2,2,0,2,3,7,0,2,7,0,0,2,3,2,3,3,6,5,0,3,6,6,5,5,4,1,7,3,6,5,5,4,5,4,6,3,6,0,0,5,4,1,2,0,2,3,2,3,6,7,0,2,3,3,2,3,6,6,5,5,3,4,1,7,0,0,2,2,3,6,3,3,6",7
"7.859806,26.848078,38.911915,38.928941,38.929714,51.647757,51.759166,51.780379,51.794536,51.801951,51.831489,51.838147,51.842315,51.890491,51.925225,87.721361,125.077580,129.502808,129.508895,141.649975,146.190688,146.603099,146.629682,146.754179,151.090527,158.821433,158.860924,158.888490,158.889694,158.911049,158.951978,159.013970,159.033482,159.083507,159.092714,159.100390,159.113060,159.116538,175.632421,175.706466,215.720264,215.803640,224.892461,224.976773,231.705982,231.713740,231.746911,231.763788,231.782701,231.804719,231.822757,231.863730,231.906367,232.196354,232.416896,232.503227,232.511542,232.513284,232.538492,232.797394,245.785739,272.797150,285.522628,285.602402,285.756956,285.892860,286.219765,297.341919,303.894169,303.909872,310.086324,310.124929,310.190377,310.323597,310.410868,310.416155,310.459814,310.468308,310.544434,310.588712","1,3,5,4,4,1,7,7,0,2,3,0,6,7,5,6,0,1,7,3,0,2,3,3,7,1,7,7,0,7,0,0,2,2,0,2,0,2,1,7,6,0,2,3,3,6,6,6,5,5,4,1,4,7,0,2,2,3,3,3,3,0,0,2,3,3,6,0,3,6,6,5,5,4,1,7,0,7,0,2",7
"3.555645,9.488726,9.515330,9.581761,9.620312,9.656011,9.692521,9.719814,9.750336,9.766473,9.818206,9.862019,9.888379,9.895075,9.924958,9.931979,10.005312,10.066810,28.088389,28.094411,28.140620,28.147482,28.168669,28.177580,28.344107,30.884226,30.918378,34.899917,40.764889,41.698574,62.339953,62.500224,66.192002,98.322510,98.347227,98.457904,98.642559,98.658713,101.865822,102.212343,102.224462,114.708900,118.688304,118.712707,118.724337,123.330630,123.356235,123.416556,123.495027,130.474993,130.689195,130.797509,130.841993,130.956017,130.962347,133.558248,133.668277,133.713910,146.341251,149.971376,163.640605,164.962907,165.019520,165.177457,165.870248,221.448268,221.462788,221.495372,222.468647,222.489792,223.861554,223.879184,223.883557,223.957640,224.164848,253.399289,253.463426,253.514920,253.540255,253.542104","7,5,4,4,1,1,7,7,0,1,0,7,0,0,2,2,2,2,0,2,2,3,3,3,6,3,6,0,3,4,7,0,6,2,3,6,6,5,5,4,1,2,7,0,2,1,7,7,7,1,7,0,2,2,3,2,3,3,0,4,4,1,7,7,0,3,6,6,0,2,6,5,5,4,0,3,6,6,5,4",7
"3.760954,16.812523,16.835726,38.132648,38.206924,39.384031,39.476799,39.644444,40.062591,40.083855,40.184757,40.212996,40.219470,40.966180,41.015240,41.906027,41.926984,41.929244,42.027565,42.227681,42.238402,42.250139,42.404289,45.753645,95.040875,95.045807,115.320031,115.342970,115.396079,115.408193,115.424986,115.438790,115.492353,115.525798,115.594396,115.602537,115.605169,115.646945,115.651387,115.653347,115.701664,115.719444,115.774624,115.791514,116.016743,116.067756,116.095604,116.115817,116.404065,116.471543,132.692951,132.697477,132.715878,132.880437,132.899615,132.910786,132.937485,133.023086,133.046086,133.120019,133.121569,133.178958,133.182523,133.194812,133.207300,133.227907,133.316334,133.375416,133.422930,133.456092,136.217524,150.714776,150.774233,150.798186,150.848844,150.879377,154.685665,165.787210,189.035810,202.586103","1,4,1,4,1,3,6,5,1,7,0,2,0,5,4,3,6,6,6,2,3,5,6,7,6,5,3,6,5,6,4,5,4,6,1,4,7,7,1,7,0,5,4,7,0,2,3,6,5,4,0,2,2,3,2,6,6,3,6,6,5,4,1,1,7,5,7,0,0,2,1,6,5,4,1,5,4,4,6,6",7
"10.506444,10.847191,30.098788,35.781325,35.783854,43.184735,43.248176,43.272278,43.304191,44.843646,44.867715,45.075022,45.107642,45.108103,45.142611,45.157058,45.184523,45.282543,45.357834,45.390123,67.108210,71.715531,77.011369,77.063436,77.130158,81.514233,96.155923,96.240999,96.323258,96.391502,107.107165,107.123537,107.146172,107.261431,107.311291,107.322716,107.335708,107.596749,116.293902,116.432031,116.432954,116.480821,116.531976,116.609580,116.698998,118.057631,118.166190,118.173276,118.186437,118.209026,118.259772,118.277569,118.295116,118.299943,118.303499,118.329561,118.336856,118.342370,118.344644,118.360509,118.366081,118.377276,118.377394,118.381801,118.398170,118.399398,118.401204,118.415947,118.431145,118.434773,118.435232,118.452775,118.456506,118.520817,118.522246,118.559855,118.563677,118.585092,118.586735,118.636337","7,0,7,0,2,3,6,5,5,7,0,0,2,3,3,6,3,6,5,5,2,2,0,2,2,4,1,7,0,2,0,2,2,2,3,3,3,6,4,1,7,7,7,0,2,4,1,7,0,0,7,7,0,0,2,0,3,2,2,2,3,0,2,2,7,3,2,0,6,0,2,2,3,6,3,3,2,6,5,5",7
"21.584037,21.587664,21.674228,32.111712,32.120393,32.134673,36.707618,52.936837,53.032089,55.013357,67.327814,67.432522,67.558448,67.588324,80.611274,94.757679,98.760053,107.196044,123.108624,123.204718,123.395412,123.458506,124.980053,125.137061,125.186769,125.217525,125.236441,125.303321,125.343771,125.452964,125.459237,125.475019,125.484733,125.504228,125.535438,125.576540,125.606658,125.647792,125.690970,141.147769,141.247824,145.998396,167.854506,176.262364,176.275790,176.278106,176.380410,176.424437,176.450603,176.632154,183.840861,184.282475,184.405978,184.455638,184.458957,204.519384,210.445159,234.343741,258.664073,262.474515,262.481186,285.326632,285.385603,285.449233,285.524523,313.354068,314.579408,314.626457,314.794305,320.102769,367.047556,367.111001,368.641041,368.900599,386.910431,387.111060,387.164337,387.190842,387.429888,387.783521","1,7,0,1,7,0,3,5,4,6,6,5,4,4,2,3,1,6,3,6,5,6,3,6,5,4,4,5,4,4,1,1,7,1,7,0,2,3,3,2,3,5,2,2,3,3,6,5,4,6,5,4,1,7,0,2,6,6,0,1,7,7,0,2,3,0,5,4,1,4,5,4,0,2,3,6,5,4,5,4",7
"6.146892,13.593693,14.903313,27.216479,27.302589,44.503023,44.532133,44.593749,55.569323,55.726950,55.728883,55.770331,55.967312,56.143180,56.153987,56.389328,61.907412,73.281714,73.365746,73.413233,73.578711,73.678956,73.683690,73.741655,73.744841,73.757502,73.799204,74.884028,74.933327,104.139429,114.158735,114.197886,116.740095,123.175657,123.259299,139.546868,139.675405,139.876667,139.945348,139.956306,140.005123,140.036539,140.053484,140.065340,140.102513,140.129786,140.131877,140.134998,140.166389,140.217110,140.223280,140.223825,140.238277,140.336289,140.365923,140.390834,140.532725,140.698925,140.745331,142.399739,156.866426,156.882243,165.022120,165.102485,171.723946,171.857517,171.868234,171.889652,171.963974,171.984772,172.152548,212.444826,212.551745,212.589435,212.595327,212.705985,212.784331,212.995233,213.015424,215.562867","6,7,0,5,4,4,1,1,4,1,7,0,7,0,2,3,6,0,2,3,3,6,6,6,5,6,5,3,6,7,0,2,5,6,5,4,1,7,0,0,2,2,3,6,3,6,6,5,4,4,2,6,5,3,5,1,4,4,1,3,0,1,2,3,0,2,3,6,3,6,5,7,0,2,3,6,5,4,1,3",7
"22.030928,22.070150,22.123289,22.188623,22.211296,22.217735,22.310221,22.334734,31.130304,31.153046,31.285302,31.449889,38.408649,38.532281,38.579510,40.324678,40.374801,40.461934,40.489147,40.622674,40.623207,40.638091,40.648577,41.683733,41.729140,41.773888,52.263915,52.274829,52.307255,52.377023,57.881746,59.427199,68.587697,87.485835,101.433050,101.702049,101.894540,101.969269,101.985521,107.469257,107.484342,109.093017,109.221467,110.560131,110.708829,110.762541,110.962485,111.162152,111.200261,111.347312,119.792780,119.827122,135.672372,170.387508,172.575228,172.587858,172.629279,172.646041,172.702016,172.710820,172.799410,172.814555,190.657732,190.659685,190.764936,190.809396,190.858849,190.904805,190.913572,190.933526,190.994015,191.063429,191.069344,191.212371,191.335233,191.539519,195.397049,195.450188,204.440323,240.249881","2,3,6,5,4,1,3,3,1,7,0,7,7,0,2,4,1,7,7,1,7,7,0,3,6,5,6,5,4,1,1,7,4,1,2,3,3,6,6,7,0,2,3,0,2,2,3,6,5,4,2,3,3,5,6,5,5,5,4,1,5,1,4,1,7,0,0,7,0,2,3,3,6,0,2,3,3,6,5,4",7
"33.670479,33.752628,33.779072,34.096026,34.228038,35.401393,35.406258,35.408979,35.434011,35.522635,35.534024,35.627920,35.855869,62.479911,62.567273,62.830235,67.966038,84.945627,94.758041,94.895511,94.915148,109.839232,109.914802,117.327535,117.578512,155.938203,168.781626,171.857994,172.035779,172.080533,172.158584,172.159164,172.228938,172.268319,172.286427,172.292998,172.300289,172.311131,172.343748,172.427084,172.439315,172.445153,172.493077,172.507762,172.515548,172.523708,172.535073,172.574166,172.576135,172.587268,172.589632,172.599067,172.630609,172.668109,172.694741,172.721737,172.743538,172.777409,172.781394,172.784105,172.786124,172.794397,172.798684,172.814420,172.828855,172.835531,172.853476,172.855871,172.868688,172.871987,172.923280,172.927854,172.956540,172.959405,173.036420,175.388291,175.404747,175.444291,175.498310,175.526922","3,6,5,5,4,0,2,3,2,6,3,6,5,3,6,5,5,4,2,3,6,0,2,2,3,0,2,4,1,7,0,2,1,7,0,2,2,2,3,0,3,6,2,3,5,0,6,4,3,2,6,6,3,5,6,6,3,4,1,7,7,4,1,0,0,5,7,2,2,3,6,1,4,2,5,2,3,3,6,6",7
"10.376550,11.320930,11.520260,11.529657,11.558458,11.637477,12.014308,34.220120,36.688278,36.852504,51.208413,52.108846,52.155102,52.245120,62.397367,70.299639,70.713565,70.725443,89.534323,89.615996,89.661273,90.061401,90.149467,97.461154,97.697379,110.927985,111.074901,203.313463,203.462091,203.726712,203.733349,203.831304,203.859043,203.880899,203.911893,203.950433,204.016134,204.075826,204.206838,204.663384,204.721881,204.837606,204.865716,204.880843,204.969158,204.973491,204.988424,205.038044,205.086677,205.157585,205.200042,205.206413,205.282380,205.481616,205.497050,205.594033,205.595671,205.696858,205.703469,205.823385,205.901316,205.935745,205.973147,206.028253,206.036231,206.069871,206.098978,209.724342,209.778821,210.051492,223.520919,227.609708,231.339509,231.373805,231.391752,231.418839,231.421400,231.431687,231.448192,231.466373","2,2,3,6,6,6,5,7,5,4,7,3,6,5,3,3,6,5,4,1,7,0,2,6,5,1,7,1,7,0,2,2,3,3,3,6,5,5,4,1,7,0,2,2,3,6,3,6,3,6,6,5,4,1,7,7,0,0,0,2,3,6,5,3,6,6,3,4,1,7,5,6,0,2,3,3,2,2,3,3",7
"8.844542,8.865866,8.983973,9.014191,9.020258,9.060433,9.077186,9.092663,9.132214,9.169315,9.170469,9.173176,9.218600,9.283199,9.300201,9.496972,9.520544,9.551096,12.785063,12.934884,13.085818,21.786343,21.798361,21.870026,22.100747,22.153637,22.219097,22.277914,22.301494,22.376474,22.620269,23.097542,28.763749,30.479638,30.517950,30.584317,30.616988,30.668299,38.025312,45.870176,74.887777,74.935174,74.935477,74.938996,74.941130,75.073181,81.683518,92.310354,102.001185,102.057302,102.090809,102.107662,102.147831,102.186350,102.193577,102.244948,102.267425,102.281431,102.333751,104.003734,104.965388,116.864635,118.167905,132.220990,132.282957,132.289141,133.455043,171.766932,214.479693,214.590726,214.676728,218.395841,235.676592,235.818003,247.421600,247.638862,247.647524,247.649243,247.657761,247.673930","2,3,6,6,5,5,4,6,4,1,5,5,4,1,1,7,7,7,4,1,7,0,2,3,2,3,3,3,6,6,5,7,5,2,3,3,6,5,2,5,4,1,1,1,7,7,6,1,2,3,3,6,3,6,5,6,5,4,4,6,1,4,1,0,2,3,1,0,3,6,5,7,7,0,7,0,2,3,3,6",7
"7.431242,7.469188,34.752576,48.093879,50.642379,63.463896,81.999839,82.056611,86.506223,86.522511,116.434903,116.479467,116.492142,116.643171,116.692248,137.393355,137.440189,137.451699,137.462676,139.057201,141.119825,141.127557,141.142673,141.179862,163.028693,163.050433,163.157631,174.034215,174.616707,176.175088,183.039678,185.979418,186.027983,186.304266,198.959895,199.014979,199.015956,199.067025,199.073166,199.081514,199.094761,199.133148,199.148410,199.195049,199.259824,199.259932,199.269468,199.272919,199.276624,199.286270,199.288713,199.294659,199.308646,199.332485,199.336530,199.339362,199.351955,199.359804,199.380350,199.384628,199.385261,199.393526,199.413117,199.437028,199.457189,199.464835,199.503194,199.519903,199.524185,199.540847,199.546761,199.550897,199.559156,199.584291,199.590999,199.598917,199.603763,199.617758,199.687105,199.788480","6,5,5,7,0,4,1,7,3,3,5,4,4,1,7,0,2,3,3,6,3,6,5,4,0,2,2,2,3,3,4,7,0,0,5,4,1,7,4,1,0,7,1,7,0,0,0,2,2,2,1,0,2,3,2,2,3,2,7,0,3,0,3,2,2,6,6,2,5,3,3,3,3,6,3,5,3,6,3,6",7
"7.946322,8.004025,8.005407,18.003424,18.075138,18.381199,52.819933,52.828818,52.845332,73.721230,74.080425,108.219162,108.267852,123.593901,123.624840,123.854107,123.998479,124.023969,124.039594,124.049737,124.054181,124.081508,124.127048,124.132297,124.135516,124.143786,124.152059,124.198397,124.210459,124.240259,124.295317,124.312406,124.321339,124.351199,124.429978,124.459910,124.487003,124.520048,124.542814,124.562246,124.567846,124.576175,124.590105,124.600053,124.602631,124.603743,124.615901,124.622678,124.634050,124.662056,124.677713,124.729678,124.758919,124.785901,124.856433,124.928286,124.940120,125.095971,158.786330,158.829057,159.047506,159.398848,159.724578,159.881729,159.975324,160.156298,160.178338,160.295369,177.387103,180.933039,183.946774,183.998497,184.039549,184.092056,184.141254,184.141411,184.145451,184.155439,184.168193,184.176806","2,3,6,5,4,4,2,3,3,7,6,0,2,0,2,3,6,6,5,6,5,4,5,5,4,4,6,4,5,5,4,4,4,1,4,1,1,1,7,0,7,1,0,0,7,2,2,7,2,0,0,3,3,2,3,2,3,3,4,1,7,0,2,3,6,6,6,5,7,4,3,6,5,4,4,1,1,7,1,7",7
"21.426723,21.761256,21.767552,43.109367,44.911001,45.032057,45.101474,45.244733,45.275489,45.277951,45.475504,45.868273,46.044383,54.986408,66.467311,66.532548,66.696444,66.867534,66.873632,66.910538,66.998287,67.324362,67.324980,67.344680,68.551524,68.776954,68.786306,68.814928,69.161859,79.623465,88.388818,88.395623,91.031488,91.214297,91.236354,91.425104,104.862728,119.221524,119.940421,132.363385,132.527654,132.689537,132.719056,132.766063,132.849112,133.079134,133.144025,133.179301,133.240845,133.261518,133.470404,133.791934,143.317343,146.220057,146.336732,146.345124,146.376624,146.404883,146.413547,146.485107,146.548501,146.588809,146.595683,146.626840,146.631869,146.658922,146.677647,146.684903,146.685956,146.708628,146.712443,146.745743,146.755953,146.774486,146.777019,146.846800,146.851331,146.852606,146.872920,146.898020","6,5,4,1,4,1,7,7,0,0,0,2,3,7,6,5,5,4,1,7,1,0,2,2,0,2,3,6,5,0,4,1,1,7,0,2,3,5,7,3,6,5,5,4,1,1,7,0,7,2,0,2,3,7,0,2,0,2,3,3,6,5,5,5,6,4,1,4,1,4,7,1,1,7,7,1,7,5,0,7",7
"0.303051,0.322622,0.327303,0.369245,0.385749,3.174168,48.368823,63.590346,63.787453,74.969849,85.167079,89.171295,121.006779,121.741919,121.906298,122.004883,134.153236,134.158041,134.168425,134.177613,134.201131,134.204296,134.221645,134.229613,134.239799,134.245095,134.265327,134.296186,134.309952,134.318886,134.336885,134.418575,134.440369,148.262691,148.301897,148.335454,148.362329,148.470503,149.939224,150.088902,154.026262,154.106732,154.129177,174.836159,174.855370,174.935208,174.986950,175.150519,179.614002,179.636523,179.639790,179.676202,179.680622,179.721831,179.755682,179.758662,179.762549,179.798098,179.803454,179.826256,179.843662,179.854052,179.895937,179.908677,179.915327,179.926243,179.932750,179.934254,180.016337,180.018139,180.035706,180.045811,180.105128,180.139484,180.143261,180.144023,180.153283,180.171627,180.184832,180.189764","4,1,1,1,7,5,7,5,4,7,0,3,7,3,6,5,1,7,0,0,2,7,0,2,2,3,3,2,3,3,3,0,2,7,0,2,3,2,3,6,5,4,1,6,5,4,1,1,4,1,1,7,7,7,0,7,0,2,3,3,2,3,6,6,6,5,5,4,2,5,3,3,6,6,5,4,6,5,4,1",7
"19.353799,19.466189,22.565651,31.717192,59.291214,59.380430,68.400586,70.826622,74.187652,85.501037,103.293616,111.872240,128.850469,128.953428,129.010359,129.204213,134.845789,149.114376,149.413195,150.006585,155.516947,155.526461,180.493540,180.542156,180.672372,189.064727,193.176581,257.843420,268.844151,268.930797,308.173103,327.740762,327.795805,327.932822,329.072276,329.220777,329.239533,329.458928,329.497404,329.798420,330.029933,330.039244,330.199088,330.235674,330.252983,331.322902,331.335081,331.417761,331.582362,334.031797,334.084918,350.069704,350.253447,370.029909,370.140672,370.214201,370.345383,379.607889,380.109405,405.395600,405.444734,405.463548,405.466762,415.836794,415.894280,415.959613,415.966138,416.154475,426.128691,429.419929,429.588966,450.173207,450.228277,477.534136,477.779802,477.880560,477.986035,477.991742,478.028194,478.336732","7,3,3,5,4,1,3,3,3,3,7,1,4,1,1,7,3,2,3,1,1,7,5,4,4,4,6,6,1,7,1,3,6,5,2,3,3,3,6,5,4,1,1,7,7,1,7,7,0,2,3,1,7,7,0,2,2,2,7,6,5,4,4,4,1,1,7,7,5,2,3,0,2,5,4,1,1,7,7,0",7
"17.719039,18.102132,18.109510,18.220808,18.278799,18.301319,18.317601,34.295128,34.307156,35.660870,35.959703,35.974777,36.025160,36.035851,36.068058,60.921434,78.083768,104.547193,119.740304,154.270235,154.398315,173.014699,173.032457,176.408433,176.717141,176.818106,176.826769,176.975732,183.069691,183.088444,203.651509,203.801734,203.908347,203.970072,203.989301,203.998276,204.032422,204.065256,204.139191,204.232108,204.306385,204.475250,204.519886,204.649596,204.787570,215.739126,215.804021,215.828847,215.835856,215.888451,215.904801,215.997720,216.011890,216.026262,216.030987,216.032108,216.047730,227.006283,227.063063,227.179498,227.189611,227.203199,227.433085,243.219410,243.344408,243.397197,243.484987,243.493034,243.529993,243.630560,244.043472,244.109079,244.209936,244.254006,244.284749,244.326871,244.393035,244.419750,244.504543,244.591547","3,2,3,6,5,4,1,6,5,7,7,0,2,3,3,7,2,6,0,1,7,4,1,4,1,7,7,0,5,4,7,0,0,2,3,2,2,6,3,3,6,6,5,5,4,7,5,0,2,2,2,3,3,3,2,3,3,0,2,2,3,6,5,0,2,3,3,6,6,5,0,2,3,6,5,6,5,6,4,1",7
"18.377903,18.384592,18.556522,22.458343,40.398488,40.545646,40.561973,40.569555,40.805876,40.828307,41.029359,48.297086,55.804352,55.814639,55.855403,55.934853,56.155993,56.211285,56.214895,56.240194,56.258104,56.393207,56.685890,56.855238,66.184820,66.326627,66.345254,66.406705,95.481342,95.590541,95.613327,95.628859,95.745645,95.785786,95.895648,95.928376,131.596527,131.632379,135.559571,135.803519,145.361640,154.204278,163.305057,163.320011,163.323612,163.337056,163.365779,163.595942,163.665786,192.823135,192.851980,192.915206,193.425189,193.531725,193.665230,193.724915,193.731946,193.786488,193.825325,193.846548,207.055612,212.425519,212.654253,214.735407,214.975726,215.000412,215.012401,215.127364,215.232102,215.239970,215.326263,215.381208,215.450543,215.460861,215.488616,224.602450,224.662243,224.707262,224.792464,224.800758","6,5,4,0,4,1,7,7,0,2,2,0,4,1,7,7,7,0,2,2,0,3,3,6,2,3,6,6,0,2,3,6,6,5,4,1,1,7,6,5,6,4,7,0,2,0,2,2,3,5,4,1,1,7,7,0,2,3,6,4,1,6,5,6,3,6,5,6,6,5,5,5,4,1,7,7,0,2,3,3",7
