event_times,event_types
"[6.88752328,8.36447503,10.37240501,10.53956301,12.09473105,20.18354066,21.50444104,21.97746843,26.79974897,26.96428689,27.29168891,27.43140666,28.82560545,29.06144928,30.84783316,33.03991625,33.09393359,33.49444231,33.58125371,34.22642493,34.5700315,34.70306137,35.2393265,35.51984532,38.08834732,38.80600912,43.69537476,46.762643,49.07838247,49.1268775,49.19390505,55.90545178,56.96802005,57.51191861,58.38280355,59.07057272,60.62807291,61.95300532,64.54585187,65.12651493,65.39484938,65.61318268,67.44062575,68.8307579,69.58356112,73.13198774,74.17580579,74.61016375,74.78202419,74.96574658,76.59882758,76.59967782,76.63745495,76.68169599,80.25998173,80.42522176,81.02903039,82.24158292,82.54765815,83.52480564,83.94031694,83.95821469,84.00455961,84.96350482]","[1,0,7,0,0,6,2,3,6,1,6,6,6,1,6,5,1,3,0,7,6,6,1,6,7,0,2,3,0,7,7,4,0,7,7,0,6,1,0,7,4,3,1,6,2,2,5,1,5,6,6,5,1,5,7,0,7,4,7,0,0,0,7,7]"
"[2.14634107,3.26215743,11.98787173,13.74747457,16.59170704,16.8210171,16.93205197,22.61716749,22.80087458,23.17678209,23.68817951,24.06884336,24.12821788,24.54095608,24.68372607,24.75865927,27.00478545,31.01496748,32.06220283,33.2323203,33.96305898,34.93449625,35.51966072,35.85936289,35.91675069,36.13744972,36.93493501,36.94709947,39.22860742,39.94324256,40.92504508,42.3903173,42.77476171,44.26264764,45.39697903,46.91953819,48.3864945,48.70255769,49.79900821,50.49871283,50.67585738,50.80881679,53.49038628,55.38306378,55.39801149,55.5180706,56.47189805,56.66253986,56.87857183,56.9056188,57.356022,58.61073258,59.01734569,59.81662775,60.17679233,60.22331216,60.8998478,60.91549362,61.07668478,61.32604092,62.21245123,62.56089051,63.72152,66.50116034]","[3,3,0,2,2,5,5,7,0,1,7,2,0,5,5,7,2,5,5,6,6,6,1,1,1,4,0,6,6,6,7,0,7,7,0,5,7,0,0,1,7,7,7,0,7,7,4,2,0,5,7,6,7,7,7,2,1,0,5,4,2,6,0,7]"
"[3.55585693,4.55604909,5.61992667,5.88719966,7.88806324,8.65602116,9.37574776,9.97894755,10.46173275,10.57943748,17.84792944,19.84650044,21.53233569,24.13616505,24.54446871,24.56074498,25.22471204,25.30999526,25.32683462,25.73907146,25.84694224,28.1263767,28.50517845,29.69682918,35.02856837,37.64006238,38.75185412,38.86947793,38.91847201,47.59231407,55.48458477,58.83606887,65.37954929,69.29075267,71.26985167,71.87757488,72.69898906,76.16000976,80.16132599,83.0865782,83.88395464,84.51773109,85.81140677,86.03894985,86.16322816,86.4848018,86.50282434,86.7477791,86.91906571,87.57830825,87.70994563,88.11204997,88.87607639,90.42196188,90.42442174,91.78214313,92.14898723,92.17288107,92.37941033,92.46093344,92.95158992,93.2712211,93.65287981,93.65405073]","[1,2,5,5,1,4,1,1,6,6,2,2,5,0,7,0,7,4,0,7,0,7,0,0,7,1,6,1,1,2,5,3,0,0,7,1,4,0,2,1,7,7,1,1,6,0,7,6,6,6,1,1,1,1,6,0,7,6,4,0,0,7,0,0]"
"[3.19514855,6.95109559,9.63202858,11.62163631,12.1868966,15.53958482,16.26352333,17.09754002,17.3180178,21.13261252,21.28430614,22.18052709,23.18423335,23.24899665,25.53986414,28.78583511,28.92813221,29.43606798,31.09363888,32.26647852,33.91765412,34.08693402,34.53172734,34.5939024,34.99150898,35.09857374,36.47044245,37.78541891,38.2505448,38.5698915,39.83675938,42.44494435,44.03435026,47.25326508,47.39459226,47.72044295,48.13246889,48.39397108,48.58223721,48.6525855,48.85168586,49.08320704,49.41476587,50.70890617,51.27771686,51.40473736,51.62810359,52.20594757,68.28204762,69.87448591,71.01735213,71.36865821,71.56839989,71.71993497,74.66809901,75.1670021,75.63567032,77.08959655,77.57875935,77.73689286,77.75713935,78.37117579,78.40147576,80.05342718]","[4,1,7,1,7,0,2,7,7,1,6,1,6,1,7,1,6,6,5,0,0,7,5,0,7,5,7,5,5,1,7,0,0,5,1,6,6,4,1,6,1,0,1,7,7,7,6,0,7,7,7,0,7,7,0,0,5,7,0,0,7,7,7,0]"
"[6.5614178,6.77014218,7.39227417,8.61760539,8.73000723,9.00956343,9.62235957,10.61418334,11.63321623,11.9768854,14.39230119,20.69741614,21.69434882,22.93068377,23.89272636,24.30069101,24.68134668,24.95762646,26.32654523,26.84389447,27.13720935,27.18848569,27.54359171,27.61248872,28.04489924,28.94062934,29.23979483,29.38422413,30.41567348,30.8282825,31.1474537,31.37296893,31.85947478,38.6224237,40.58856795,40.85903007,41.24256111,41.2594023,41.48718207,43.84582436,44.11423631,44.3268331,44.41195095,45.38672476,46.29645393,46.35879437,49.46639887,49.97112792,50.37754577,51.02128695,52.78753474,54.62097701,54.78089568,55.37086215,56.00597674,56.25359658,56.54810321,57.80246757,57.84887924,59.34685024,59.39858449,61.28317799,62.19244296,62.71476275]","[5,1,3,6,6,6,6,1,7,6,1,0,7,2,7,0,3,0,4,7,0,7,0,5,3,5,7,3,7,1,2,3,5,2,0,0,7,4,7,7,0,4,0,5,5,1,1,0,0,5,1,2,7,0,7,0,7,7,0,2,0,5,7,2]"
"[0.48997463,8.56388653,8.79245483,14.99000712,27.1615467,27.506601,28.09172743,28.76917832,29.42740352,31.23484552,41.22037426,41.61605329,41.71686083,42.36121067,42.60823577,42.74579065,42.85459263,45.91914261,47.77455587,48.14329479,48.73439947,49.97034214,50.1960623,50.39409979,51.26168192,51.56396806,51.63512911,52.11381903,52.72044801,53.34778526,54.60850984,54.81274808,54.9092526,55.5001689,55.79737592,56.1567703,56.29446293,56.83659632,57.0840566,57.36575531,58.17092193,58.58302351,59.8297459,60.67464482,62.21407268,62.31063849,62.35757237,63.2868401,63.51913823,63.74028148,64.91086811,66.0565668,66.18074399,66.8364371,67.16339058,69.10059768,71.70344466,72.56170863,74.22042617,74.22092091,77.60476377,80.2537268,83.71204685,84.17510305]","[3,5,3,3,5,3,4,2,5,2,2,5,7,4,0,3,5,7,0,5,4,6,1,6,6,1,4,1,6,1,6,1,1,1,6,2,6,1,6,6,1,1,1,1,6,4,1,4,0,1,7,3,6,1,6,7,2,6,6,1,7,5,0,4]"
"[1.32914246,1.56541047,1.58056877,1.95792245,2.0540323,3.58165461,4.42478809,4.57362672,7.9661393,7.98582735,8.09632312,8.3659349,8.99322338,9.36010238,10.99217604,13.01504806,13.90621874,14.59313333,14.98572366,15.14297959,18.54773492,19.33775746,19.76872204,20.11438498,20.51291086,21.38021857,23.19873353,23.7442915,28.52533822,29.869724,30.72657414,31.16292941,31.22098235,32.67930277,33.45375718,33.97127335,34.20975709,34.50632024,34.60764591,35.19479966,36.02181831,39.19733784,40.69737292,40.71313964,41.41910215,43.52352173,44.60695852,44.62767439,45.76552282,49.92672116,50.64252528,52.934078,53.23475499,59.67740653,62.93618474,63.03777017,64.64032064,66.08650188,67.8491317,68.6509702,69.38136827,70.60189508,71.27851267,71.80892736]","[0,7,7,0,7,0,0,7,1,6,6,1,6,6,1,1,0,6,5,6,1,6,1,7,3,7,0,4,5,3,1,1,6,1,7,1,1,6,1,1,6,7,0,7,0,7,0,2,5,5,7,2,5,1,2,5,3,5,1,7,2,5,5,5]"
"[0.64053078,3.36442493,6.69859909,7.66355365,8.61511532,10.27471198,12.10261526,12.36918577,12.83104696,13.2168966,13.6609729,13.83151205,13.91947108,15.00526811,15.58331197,16.2867601,16.73686608,16.92975933,17.20352867,17.39442651,17.49666494,17.51918883,18.83344204,19.38026351,20.730401,20.79701395,21.45212822,22.48079942,25.02596064,25.1764039,25.21693774,25.43637974,25.74234251,26.00817573,26.51084569,26.62661415,27.93430015,28.17636386,29.47466722,30.35202833,30.47622811,31.84341982,32.23204325,32.6072601,32.73105818,32.83384603,32.98799764,33.24984063,33.45896808,34.80328017,35.27836114,35.7241859,36.48610531,38.06798171,40.39155138,40.43648737,40.6343161,41.22792887,43.38116513,44.88090284,45.79078619,46.65245356,48.58528295,50.59328487]","[4,5,5,4,5,1,7,0,7,0,4,0,0,0,6,1,7,6,6,7,6,0,5,7,0,0,7,5,7,0,0,2,7,0,4,7,7,4,0,7,6,0,2,2,5,7,2,0,5,5,3,7,1,6,0,7,0,7,1,7,0,4,0,0]"
"[3.00369179,3.06320734,3.09951473,3.45807234,4.36913972,4.53684615,5.43796689,5.77032393,6.0430465,7.00768891,7.25847252,8.25885397,9.61196161,9.8669695,11.42605456,11.70093728,14.35994835,14.37077333,14.58761931,16.26957955,16.6435836,18.37488671,20.78229689,21.08613846,21.10574695,21.48588871,21.88233629,22.130118,22.84565312,23.54064582,23.81534091,23.97210165,24.23476901,24.26070109,24.35583187,24.56024219,25.04889973,25.38509918,25.90157605,26.42770831,26.73626003,27.41004924,28.28099616,28.34314544,28.85255305,29.59175248,29.66979546,31.28668179,31.8984278,31.94605524,32.06001161,33.52849707,34.15411148,34.65606848,35.26305431,35.32037205,35.89011396,39.34163034,39.72606139,42.41996797,42.85594719,44.41053802,44.62936275,45.8577965]","[1,6,6,6,4,6,5,1,6,1,1,6,3,3,1,6,1,6,6,1,1,7,4,6,1,6,7,1,6,1,1,1,6,6,6,1,1,6,1,6,1,6,0,6,6,7,0,6,1,3,6,6,1,0,7,4,3,7,0,1,2,5,5,3]"
"[3.01771735,6.42300519,10.82734043,12.53248116,22.97221646,27.08673994,27.2602779,28.00631801,28.95248456,29.01698655,29.21924611,30.24485309,30.26390633,30.45835266,31.7839165,35.63436821,35.77748854,42.95763206,44.77127601,45.39069771,45.44456869,49.36940206,51.37004304,51.56123814,53.71869488,53.84467812,54.42294183,59.44117551,60.37544686,60.83806556,67.7407246,73.98430027,75.13768671,76.2776316,78.9949425,80.6594105,81.2049889,82.10278232,85.47493861,86.16419362,86.78514041,86.92465577,88.47037817,95.25378985,100.55375588,101.76161217,102.66614595,103.20355889,104.83123886,104.84754394,105.72371663,107.17909537,107.70974426,112.88262368,114.91877768,115.12050342,116.11809315,120.04837774,120.56446707,123.49967953,126.1100365,129.22516011,129.76907162,130.2646974]","[0,5,5,7,2,0,4,7,7,2,1,0,5,1,7,2,5,4,4,6,1,6,4,1,5,1,6,1,1,6,3,6,1,1,1,5,7,0,0,4,5,7,1,3,6,7,1,2,5,0,6,0,4,7,1,5,2,3,6,4,0,7,7,0]"
"[21.05094638,21.59707653,32.00826772,35.64719654,35.93912523,38.44614201,40.09430242,41.28265458,45.58163838,49.81409129,52.39735256,55.61196178,57.65113444,57.8210163,58.50616553,60.00762083,63.69382623,65.88467521,66.24393562,66.99277228,74.85520231,77.228688,78.44942289,79.24100196,81.13526309,83.04600697,84.54308933,85.45535641,85.7473096,86.63748334,86.69729309,86.79707707,86.92439122,87.59916776,87.61705615,88.16819,88.50385234,88.55203833,88.6100706,88.64504375,88.91020113,88.9765839,89.01708233,89.24775519,89.28327752,89.92705252,89.94300786,89.97988758,90.08851965,90.55955848,91.13845781,91.699056,93.64599922,94.90167879,94.98549228,95.03925426,97.21550782,98.00828525,98.99574679,99.04977419,99.19266464,99.69919192,100.69465964,100.73542826]","[5,1,6,6,0,7,7,3,0,2,5,5,2,1,2,5,7,0,0,7,3,6,2,2,3,5,0,5,7,1,2,0,5,7,0,7,7,0,1,6,6,6,1,0,6,7,1,7,1,3,6,6,4,7,0,7,7,7,0,7,7,0,5,1]"
"[3.69583444,4.61304271,6.88681121,7.30364966,8.00351073,10.08691809,12.40051948,12.74230244,13.16576028,13.61920165,13.88037052,14.53586523,14.77244729,15.82206824,16.43740066,16.90214628,17.12992756,18.61515507,19.65275758,19.99948156,20.60901715,21.61431756,22.22038455,22.3241311,22.51909808,22.71354668,24.84087709,27.07039511,28.86008791,31.19404417,34.57423439,35.04157189,35.07282299,35.28049533,37.02845673,39.61781963,42.45993969,46.31671825,47.76551839,47.80754536,51.37980696,52.10814115,52.65648541,53.0266348,54.78028279,58.7309944,64.1872388,66.97292209,68.58489522,69.10588965,72.73990646,73.17885154,74.8497243,76.50027039,80.60773585,80.82382473,81.64462828,82.64427637,82.90660066,82.92796686,83.00747429,83.19424654,83.22022546,83.40405235]","[2,1,4,6,5,3,0,6,1,6,6,1,6,1,0,7,6,7,2,6,6,5,2,0,7,4,7,0,7,1,1,6,5,0,4,7,4,0,7,7,7,6,0,7,7,2,1,2,5,4,5,6,1,6,1,6,6,6,6,1,6,1,1,6]"
"[1.44065525,2.24336804,3.06267353,3.55919347,3.79986641,5.09645228,6.12854229,6.95212504,8.35344613,10.79360041,11.92863904,12.12084306,12.26179551,12.64099482,13.60925459,13.79665193,13.8565896,13.95864889,14.61022869,16.12843598,16.22031004,19.28744412,26.11179111,28.0778633,28.43221941,30.51212402,31.9722707,33.30056624,35.42191583,35.46311414,35.83479071,37.35261983,42.63657281,42.84893224,43.58224022,46.11072614,47.37471734,47.38909432,48.19521438,48.26124356,48.63440707,48.77377281,49.09048037,49.36523015,49.43952643,50.24792619,50.61187967,51.09134436,51.17457248,51.5983124,51.66593833,51.72235548,51.8748054,52.08056673,52.34559532,53.20816067,53.28968994,53.42789819,53.71468569,53.8312532,54.0935806,54.30810389,54.49601113,54.72536621]","[0,7,1,3,6,1,5,0,7,7,0,7,0,7,0,7,5,0,0,2,5,1,4,2,2,2,7,0,7,2,0,5,2,2,5,4,7,0,0,7,0,7,7,7,7,0,2,0,7,0,5,3,7,7,0,0,1,7,0,0,6,1,6,4]"
"[5.87916199,6.11961444,8.3228985,9.55890923,9.63344727,11.44389435,12.29357459,13.0291354,13.65643729,13.77972769,13.90742445,14.02825517,14.04639644,14.13233196,14.44615618,14.45779182,15.887433,16.4842036,16.51095657,16.65571271,19.43427066,20.13765803,21.61729326,21.81883652,22.36599802,22.79511482,22.82236141,23.11543407,23.40719373,23.817749,23.93613233,24.09110594,24.41851179,24.55142721,24.58172491,24.86777136,25.42792885,25.53647766,25.58261121,26.18227994,28.42835368,28.99799765,29.49276136,29.548657,30.94910806,30.96902074,31.37688738,31.51107958,31.72955139,32.87477516,33.44347707,33.95061082,37.58857702,37.64766392,38.41359921,39.82678689,39.84317604,40.15157838,40.37621717,40.53798449,40.72605423,46.80905052,47.59259663,52.4307204]","[3,4,7,3,0,0,7,7,2,0,7,5,7,7,0,0,7,7,7,3,0,7,0,7,7,1,7,0,0,6,1,0,1,4,7,0,7,1,7,0,1,7,1,6,1,6,6,2,6,5,1,1,6,1,7,0,1,6,5,6,7,0,7,1]"
"[2.30946179,2.59760797,3.35693326,6.14241558,8.1087229,9.11681129,9.71188884,9.94946699,10.08737862,10.25673612,10.27417299,10.75230241,11.12320119,11.41826076,12.45195836,13.43778397,13.5573945,14.2635435,15.91122261,15.92377353,16.48826972,16.69697946,16.79010251,17.16852315,17.57278075,17.84776055,18.69910429,19.43248337,19.67938247,19.83236889,20.09490719,20.41190606,20.71525686,20.71629426,21.18667345,21.30759321,21.54948567,23.18396301,23.38655532,28.30992161,28.83996907,29.44988828,29.45437952,32.94284965,34.04318598,34.75530322,35.64461121,36.70576325,37.46613823,39.3575734,39.70175729,40.4712498,41.63648183,44.83254833,45.64509735,46.21704674,46.58404133,47.64057923,47.69039157,51.97723838,53.28619858,55.13574725,56.42702342,59.11358121]","[1,1,6,1,1,0,7,2,5,5,3,5,2,7,5,0,0,5,7,0,7,1,4,6,1,0,7,7,6,6,0,1,7,0,6,7,0,6,4,1,6,1,5,1,6,1,1,7,0,7,0,6,2,1,6,1,2,6,4,1,3,5,4,7]"
"[0.01854879,2.20148276,17.0699119,17.94403236,18.2424079,18.48602818,18.51521418,18.94113577,19.44930732,20.14250944,20.2815617,20.46442929,20.4756209,20.73595897,20.73861878,21.06239592,21.19746958,21.33252271,22.18153136,22.35662716,23.09733689,23.52183674,23.52765909,23.66468644,24.2227996,26.25846088,26.28160324,27.07670646,27.83289396,30.02778497,30.37582107,31.02088203,31.31044164,32.27672733,33.118249,35.46556185,35.51486019,35.89818952,36.04859858,36.10807216,36.5630851,36.60396583,36.6624496,36.77626391,36.97534891,38.17332139,38.4848332,38.97092177,39.00298066,39.10142194,39.46557108,39.71333203,39.90287878,40.03619261,41.43438552,41.5212736,42.18485345,42.24034187,42.28775763,42.76976023,42.88961508,42.97925356,43.48902875,43.55905868]","[1,5,5,7,3,2,0,0,7,5,5,7,0,2,1,7,7,0,5,7,7,7,0,7,0,5,0,5,0,7,7,2,0,0,7,0,7,0,0,5,7,7,7,0,7,0,0,7,0,7,0,2,7,2,0,3,7,0,2,7,7,5,7,0]"
"[14.02461085,16.20914984,19.42267219,19.95339364,23.82226817,23.85710654,25.94414287,26.00841255,26.55474068,26.81907706,28.41040075,30.89881971,31.40681212,32.3895574,32.61192579,32.64638903,33.10321528,33.26583016,33.46405048,33.8878078,33.99012027,34.27606295,35.78556726,37.41853083,40.2010107,43.42303198,49.31929241,62.29107564,64.61059941,64.66984516,64.84173076,65.60212246,66.85215469,67.12024129,70.52035386,70.81523606,72.05587845,72.40363175,72.69131835,73.42925776,73.53677978,73.54915768,73.72567339,73.86702885,73.89864175,75.97606983,76.01417554,76.16701087,78.7780405,82.90954455,83.33374588,85.13344225,85.51234724,85.83705259,86.62509762,86.8015203,86.81780737,86.94673665,87.90812044,88.01876842,88.88595917,89.00400476,89.78009611,90.41647184]","[5,5,4,2,7,5,0,4,3,7,3,0,4,4,0,4,7,7,0,7,7,0,2,0,1,6,5,2,5,0,7,2,4,0,0,2,7,5,7,0,6,5,7,1,4,1,2,5,6,0,2,7,0,7,0,1,7,6,0,6,0,7,2,7]"
"[0.30897791,0.5944146,0.60441836,3.07733745,5.71097519,7.99052268,12.84845069,13.78547551,15.36569578,18.21702777,18.68819023,19.43183905,20.73938141,22.18386589,23.43311691,23.62345062,24.46764305,24.61683911,29.13717288,33.75958315,36.82126401,42.87129324,44.29990939,47.61855667,51.71460007,52.68363628,54.21956719,54.76043599,55.83544403,56.17804067,56.58747524,60.95723264,61.08421204,61.10948361,61.11809404,62.98101037,65.18852152,65.55282595,65.78932294,65.87146194,66.19492612,68.19695105,70.34833775,70.77529163,70.94533195,74.3766541,80.17435202,80.2077693,80.39597083,83.78436594,84.51320761,85.54535131,89.68994744,91.97484959,92.82544263,94.07815117,94.94484721,96.03706294,106.16526804,107.78070199,112.62444457,116.29631149,119.46413621,129.4315715]","[7,1,6,1,6,2,2,0,5,5,6,1,6,1,6,3,7,2,1,0,3,4,0,1,1,1,2,5,3,2,5,1,6,3,1,5,1,6,6,6,6,1,6,2,5,2,1,6,6,6,5,3,1,2,7,0,7,5,7,0,6,2,3,5]"
"[0.65832828,5.20318925,5.39471056,5.88432743,6.27116304,7.04451635,7.07013015,8.63637949,9.03214094,13.0173129,15.14066212,16.33483865,16.34288777,16.47821792,16.57470363,20.66899605,20.68043197,20.84179491,28.22239783,31.53469677,31.91599973,32.15610809,32.68841575,33.05711245,33.99610438,34.24929753,34.36285845,34.75385526,35.10055988,35.81290204,36.83170533,38.18607369,43.9969917,44.56264212,47.42951013,47.78704296,47.98033247,48.13249538,51.00956068,51.46790616,52.52273059,53.59444878,53.99336541,57.20282383,57.32841103,57.97809662,58.50557552,59.8677274,60.2795157,61.52234257,70.60918842,73.18785645,78.16872866,79.80697891,80.37361206,80.72806277,83.0256027,83.0437713,89.14281284,89.87986916,90.2121357,90.74693183,90.86761595,90.89242351]","[7,1,2,7,0,0,7,1,2,2,5,7,0,7,0,7,0,4,3,3,0,4,7,7,4,5,0,7,0,7,7,2,3,2,1,6,1,4,6,6,1,6,3,7,0,6,7,7,0,7,5,4,5,2,2,5,5,3,0,7,0,7,0,0]"
"[1.01308494,2.19253044,9.00238118,14.55658084,15.67283697,16.2467167,16.42654463,18.54710106,18.67708282,19.46186216,24.74523605,24.80144287,25.36756951,25.49571878,26.13013268,28.09325096,29.20392503,29.23463098,29.29140631,29.99730479,30.72103312,32.96464358,35.77943116,37.8879385,38.02208586,38.55851022,38.5982515,38.88747358,38.92304804,39.92466279,40.31665031,40.4514305,40.88833767,41.30432821,42.03671544,42.5976904,42.74852804,43.06662085,43.74801179,43.83632603,44.4001496,45.11304928,46.08148687,47.26677554,62.46098045,62.80359734,71.80100201,75.32297226,76.72749551,76.87184046,78.08837411,80.61164777,80.90624451,87.3274959,89.6033461,89.75882809,90.5637025,91.14763277,91.20617696,91.97305754,92.21918636,92.46280407,99.69163469,101.74950287]","[3,5,1,1,7,2,0,3,6,7,0,7,7,0,0,1,5,7,0,6,0,0,0,7,7,0,7,2,5,0,0,3,7,5,7,0,0,5,7,0,5,0,5,0,4,5,7,3,2,5,5,5,3,5,2,0,3,5,2,2,5,5,4,4]"
"[0.55338967,1.50518236,2.495216,4.55939883,7.78740565,10.19627094,11.96828407,12.89557368,13.56559644,13.93922682,14.12095923,14.20641578,14.47921947,15.33349109,16.25927801,16.49565045,16.75238668,17.31702179,17.57608923,17.72118687,18.69063801,18.98299082,18.99105491,19.17430583,19.48664212,19.50579769,19.60661229,19.62164072,20.33034233,20.99394767,24.22207342,24.24529667,24.64729234,25.38036482,26.57013483,27.98074195,28.15286338,32.5448648,33.72982195,33.90630717,34.05470636,36.55218088,37.74733363,46.47996858,56.14874817,59.17017757,65.08177701,71.43901976,72.42240491,73.19617079,73.47721362,73.62358966,74.74492906,75.55275436,76.0700653,79.04341367,79.52321826,79.56313227,81.64401369,82.17735689,82.38298884,82.60997014,83.9989425,84.3117178]","[2,4,5,4,1,5,7,0,7,7,0,7,0,5,0,7,7,0,7,7,0,7,7,0,2,6,0,7,7,7,5,1,6,1,4,7,5,6,7,6,1,0,7,0,5,3,0,3,7,5,0,7,6,1,5,1,6,1,4,2,1,5,1,7]"
"[3.68861278,5.57850946,6.31431359,6.44148575,7.57894553,9.47972471,10.72108652,10.96142077,11.13492164,11.78290427,12.39353074,13.36159685,15.51050592,15.59728697,19.89940343,24.75619199,27.5868329,28.68222901,31.80847516,33.5918829,35.95586695,36.42331845,40.93128911,41.86163412,42.81682755,43.6347162,44.24120954,44.63867769,44.97761996,45.45301737,47.08655731,53.20637083,54.91881897,55.54803885,58.53767882,58.60791528,58.77381881,59.08938113,59.74543263,59.96534393,60.56549075,60.57469763,60.91945363,60.94825058,61.03143175,61.96748129,62.34526161,62.7814615,62.82712889,63.13393838,63.44549063,63.84300611,64.10652027,64.21228486,64.44627796,64.80242938,65.43649598,66.20095187,66.85946151,67.69532429,67.87803548,67.97064849,68.79233476,69.08265429]","[2,1,6,1,6,5,2,0,7,1,1,6,3,7,5,1,6,2,2,5,7,7,0,7,2,1,0,7,1,6,5,5,1,6,0,1,6,6,5,6,1,6,6,6,1,1,1,0,6,6,7,6,1,0,4,1,1,6,1,6,1,1,6,6]"
"[2.80185868,13.71862231,14.15512481,14.22762692,14.9302973,15.21756275,17.04030262,17.52339558,17.62093687,18.20033198,20.87772034,20.95581745,24.88960304,27.15325763,30.88893261,32.60694119,33.51057148,36.34879171,40.07430719,43.23892784,47.79244903,48.25180336,51.31998211,51.98778726,52.58590767,59.48855307,69.37563646,69.54026772,69.72683777,74.31514457,74.65059651,75.74977304,76.28374451,76.61105488,78.09824378,79.52762831,79.61006784,80.08111651,81.22524523,81.67111897,81.9425705,82.16851811,83.39963893,84.36643872,85.95623118,86.65807886,87.45918655,89.17939437,89.78767667,90.80088381,92.3470612,96.58734049,97.92114971,98.85950867,100.17741208,101.74269885,102.28446094,106.9848213,108.56897919,108.98226018,109.08348796,109.79005859,110.57005442,111.15011685]","[7,7,5,0,5,0,5,7,7,2,7,0,0,2,5,2,2,5,4,3,1,6,1,6,5,7,3,0,4,7,0,0,4,7,0,0,7,0,4,0,6,3,7,7,2,5,5,5,0,0,4,7,3,7,0,0,5,7,0,7,2,1,6,6]"
"[2.77088899,3.35345527,4.25122019,4.37036589,4.70484068,5.25914136,5.78934866,6.30095055,6.3600554,6.4188306,6.88770871,7.07411896,10.33021845,11.14884803,11.25726856,13.04244961,13.29302487,17.17095821,17.85984138,20.36682472,26.8363048,28.66756571,31.28232962,32.23033039,32.66275925,35.22230635,35.88257095,36.12044379,36.42352285,36.46590588,36.50020449,36.64952389,36.67045005,36.90250098,37.19678916,37.96390343,38.36101826,40.1030162,42.21452274,42.45884613,43.0783346,44.40047073,44.49887498,44.63376525,46.64786592,49.15082584,49.36071167,50.90101894,56.03997464,59.36889792,61.60703857,70.58581439,74.21342496,74.81811437,77.67307939,77.77389611,79.53169819,80.78717978,84.05968929,85.65014079,86.70386936,86.74867647,87.58005789,88.72113214]","[2,0,6,7,7,0,7,0,2,0,5,5,0,7,7,4,1,4,2,0,3,2,4,7,7,7,0,7,7,0,0,2,7,0,7,7,0,2,7,7,0,2,7,7,0,7,3,7,7,7,0,5,2,5,2,5,4,1,6,3,7,4,5,1]"
"[3.47905499,3.92828787,5.11353435,5.26304743,5.7996163,7.21268929,7.8186715,10.65320703,11.25010533,14.19640745,15.59312865,15.71966073,16.11485813,16.76354031,17.05974842,17.09561679,17.23215821,17.48071295,17.63692748,17.87672746,18.07813215,19.43441079,20.99750927,22.34709269,28.04476076,29.40339587,29.51074666,30.41321785,30.84819881,31.2904548,32.58276318,32.68139348,33.14089351,33.46801609,33.49199617,33.69045804,34.20160231,34.24334956,34.33920189,34.76365652,35.04314868,35.11736747,35.34621015,35.86536494,37.94135437,38.12715787,38.57954428,38.58592254,39.23187307,40.4746834,42.17476002,43.68080811,45.88024025,46.59860004,46.9959935,48.0386263,49.75095657,50.78780334,51.05189784,51.22709843,51.76057579,52.48685158,52.9187481,53.32915728]","[2,5,6,1,6,1,1,6,1,1,6,1,1,1,6,6,6,1,6,0,7,5,3,1,7,2,6,1,7,7,6,1,6,1,7,6,1,0,1,1,6,1,2,6,1,1,2,1,4,5,3,6,5,4,6,1,6,1,1,1,6,1,1,6]"
"[3.71750584,6.0033566,6.9014682,7.40763998,7.94112092,8.26207923,8.84314484,9.61667709,10.05703517,15.18937299,19.13714804,21.24708862,21.30745293,23.57425137,23.85768187,24.39405358,24.86180003,30.10522123,34.45863045,34.66082847,40.60441308,40.72869405,40.85608405,40.89375994,41.13200129,43.47994598,43.51148506,43.76263481,43.90752612,45.27073956,45.47117165,45.75673763,47.61719705,49.00518534,50.10900759,51.49141672,52.99147885,53.89838093,54.23895733,55.01502844,55.01895062,58.44777704,63.10041539,63.76157822,64.40068534,65.03413933,65.44158513,65.93005302,66.19666222,66.81804123,67.10485337,68.77455089,69.96897422,70.42421748,72.06216924,72.43479805,73.139273,74.05054506,74.28431059,75.02837523,75.5260982,76.05835549,76.18463349,77.21578132]","[0,5,1,7,1,0,2,6,5,3,5,3,1,6,1,7,5,3,0,6,7,0,5,7,0,7,0,7,5,0,7,5,0,7,5,5,3,4,0,7,7,1,6,1,6,7,7,1,1,0,5,6,1,6,1,6,5,5,2,6,6,1,6,5]"
"[5.30307423,7.24582684,10.64706738,12.28685388,12.61136967,13.16444474,13.92985678,16.18844273,16.28835848,17.71267411,20.18437624,21.46899182,21.79831958,24.66358052,24.92613658,27.94790571,28.87060683,30.66355904,31.61733439,36.46099413,39.66122708,42.89552264,44.0342707,45.41807274,48.00979915,48.56314765,48.61432701,49.95247328,51.60769633,53.30474572,57.52712467,58.6322647,64.52915643,66.78840221,67.15940964,70.63113275,76.59433207,79.06762753,79.21991259,80.41115396,81.95279953,82.44352632,84.60832444,85.19283843,87.18668345,87.90874039,89.88168871,92.71471603,92.74852243,94.04313432,95.55819482,96.05897331,98.65723416,98.66066267,102.21895889,102.59444846,112.66806514,115.03580881,119.5785858,121.34096646,121.62320926,122.46515945,125.37595452,126.58148219]","[5,1,6,1,6,2,6,1,6,4,0,1,1,6,6,0,3,1,7,7,5,1,1,6,7,1,6,6,6,4,5,5,2,7,0,5,3,6,6,6,1,6,7,6,3,3,3,5,7,0,6,7,4,5,1,2,5,6,4,1,6,6,7,0]"
"[5.6985292,7.06954166,9.77465477,12.42778888,14.27128067,15.24131907,19.19354871,19.19493986,20.81963007,21.99964211,25.13869369,27.36145989,29.36027557,34.60651323,39.19937258,39.57303515,42.45979326,48.69829001,50.13218799,51.44582338,54.16469724,54.31925991,54.38735779,55.82310174,55.85180637,56.20383384,56.25515033,58.18316457,60.88490019,60.94564985,61.01471785,61.63906908,62.02287589,62.47161189,63.4050869,63.75966731,63.78945553,64.91615258,67.46357667,70.82317609,72.18526108,73.05789558,74.08511299,74.61900847,76.3870548,76.64025546,77.07466184,77.27246815,77.3995617,78.76123242,79.46581369,79.63616349,79.93256506,80.02000085,81.08069797,83.78408237,84.06038164,84.26408588,84.57372397,84.88614606,85.20374783,85.29667764,86.36512802,87.59585699]","[1,6,5,1,2,5,6,4,1,6,3,0,1,2,3,6,5,5,6,5,0,7,0,7,1,7,7,2,5,5,0,7,0,7,7,0,7,3,3,1,5,6,1,6,3,1,6,5,1,1,6,6,5,6,6,3,7,7,0,5,7,0,7,7]"
"[8.58432167,8.6367526,8.71638586,10.20938822,23.61322359,24.55912157,29.10356581,30.18369619,33.38215156,34.87169772,36.52250817,37.36472444,38.57826604,39.46967631,40.18252033,40.22644559,42.98245605,48.73132103,50.72782825,51.57905397,52.30065631,52.48813727,52.69563682,53.27075679,53.71981778,55.30281897,56.11952225,56.53624032,56.94084074,57.06542962,57.42099966,57.58686051,57.70660266,57.99904676,58.33370317,58.50084413,59.05438408,59.21529605,59.99002587,60.29302932,60.89275745,61.19857857,61.50188362,62.00526054,62.09038401,62.0938966,62.1570723,62.30395328,62.56990629,62.96642307,63.30580228,63.51838158,64.62705371,65.4275241,66.64590161,66.86699265,67.04428793,67.22516099,67.28696545,68.27828785,69.72547788,69.85267515,70.00063714,70.78022998]","[1,6,5,0,2,3,2,5,2,5,1,0,5,5,4,6,5,3,1,7,0,7,0,0,7,7,7,7,6,0,1,7,7,1,0,7,2,0,7,0,0,7,0,7,7,7,6,0,0,0,7,7,7,6,7,0,7,7,1,4,6,5,5,0]"
"[0.81120604,4.03476137,8.5272792,10.0054138,10.49096649,10.66834603,10.94100182,11.11443136,11.18793062,22.30127251,24.08601161,26.42465633,28.29770969,29.14445646,29.386734,30.54529928,35.29577999,35.74948516,36.6959034,37.48793643,37.51847777,38.84629889,41.53210965,41.60206883,43.40493256,47.97029986,50.22829472,51.14019206,53.32502747,53.52476358,59.16277955,59.30355983,59.49424166,60.6071391,61.94341424,62.06631237,68.21281453,72.295506,74.48029353,82.23648396,83.10174767,83.42931048,83.49619005,84.61150209,85.02768063,85.12580424,89.36729055,89.4485166,89.65170849,89.96294958,90.91325346,90.95480521,91.74248768,91.78640952,92.07626761,92.56441229,93.07809564,93.45771192,93.49628481,94.2001047,94.57338492,94.78676485,94.82511352,95.72937092]","[2,7,4,6,1,1,6,1,1,1,6,2,1,5,3,2,0,7,7,0,7,7,4,7,3,4,1,6,6,3,2,3,4,7,2,5,5,5,2,5,7,0,1,6,7,7,4,1,0,7,7,7,2,0,7,1,7,0,0,1,6,7,5,1]"
"[0.87522261,3.7601853,4.54181208,8.24886053,11.28813311,12.78547493,13.01477043,13.58847778,14.00819651,14.88033319,18.23529064,21.11254888,21.81810813,22.87137334,22.94453126,23.9108405,24.06584273,24.09808937,24.80945844,27.20487007,27.25909342,29.17921209,29.22916994,33.24091487,34.72127687,43.27103509,43.29470375,46.90907907,48.35669205,48.48803688,48.80913265,49.49241003,50.41697156,51.26527911,51.43992284,51.5384967,52.06847296,52.9600078,53.13640941,53.21479963,53.27795198,53.969834,55.85229554,55.99773939,56.96984315,57.37352808,57.43354359,57.8626238,58.22579832,58.92790158,59.39178287,60.43273326,61.05951931,61.34068036,62.73786472,63.30709248,65.11142803,66.55180802,70.56866271,73.53867164,79.44737333,81.26476129,81.6560895,82.90710565]","[4,0,4,7,7,2,5,0,7,7,0,4,0,7,0,7,2,6,3,1,6,2,6,1,6,2,5,0,7,0,0,5,0,7,2,7,3,0,3,1,0,7,1,6,6,2,5,6,1,1,5,6,2,3,5,4,5,2,6,5,4,4,7,0]"
"[1.11060062,1.44659533,7.6238365,12.06180531,12.74765709,14.85448047,15.36319093,16.17648466,22.38869036,27.38741298,29.12844525,29.34796267,29.63616264,29.96083907,30.80593231,31.51751673,32.0469141,35.46616562,36.44901381,39.01704931,39.4648302,40.15677617,40.73877394,40.92115682,41.30384326,41.8888326,42.19243886,43.45092462,43.54239066,43.67086159,45.60664045,46.5392982,46.76569856,48.27079935,48.34111281,49.37137778,49.83170772,50.17771269,52.08335243,52.75720649,54.12296322,55.65073784,59.85209172,60.58490138,61.28138517,62.27167973,63.14029369,65.23251179,67.19310364,68.78194421,69.00393331,69.90185625,70.49163149,70.72614684,82.18310785,82.36612322,82.38553247,82.62889109,82.96214481,83.61959483,84.06154972,87.98979357,89.31433026,89.98220959]","[5,5,0,5,2,5,7,0,7,0,1,5,1,2,6,2,5,1,0,0,7,7,1,4,6,1,0,7,6,0,0,2,1,2,5,5,7,1,6,2,1,5,6,1,7,7,1,0,5,6,3,3,5,1,4,4,2,1,4,5,3,2,5,5]"
"[6.04599557,7.42371961,11.26064323,12.02283035,12.18008304,13.65729177,13.88806629,17.81474328,18.58450759,19.14019477,20.49783793,22.36825951,22.90448237,24.27968445,24.57045795,27.47985863,32.07644393,32.33694078,33.01400153,35.32496442,35.71525918,36.95359412,36.97678968,37.44305598,37.6037051,37.62313623,37.64157987,38.0691857,39.11349306,39.55965863,39.92029397,39.92680491,40.11776293,41.21089871,42.14012066,42.49549263,42.64044006,42.70061527,42.7649628,42.86080485,42.89000858,43.01967627,43.0405112,43.19243345,43.23714816,43.58772945,43.73671716,43.74587337,44.23066334,44.74811159,44.79639829,44.97367863,45.05994515,45.14061598,45.49378607,45.89580589,45.95698111,45.97772916,46.05523222,46.19196789,46.28316498,46.57272805,46.8025868,47.03513538]","[6,1,3,2,5,5,4,1,6,5,1,2,5,3,3,5,7,5,0,7,0,7,0,7,6,0,0,1,0,0,7,0,7,0,7,0,7,0,5,7,7,7,0,7,7,0,0,0,7,7,0,0,3,5,0,0,6,0,7,0,7,0,7,0]"
"[3.48561534,8.45911088,8.5360208,10.76721749,11.22358865,14.57432374,14.69439725,30.93477836,32.07635619,35.86541653,36.66085121,38.07818457,38.72207973,42.65473542,49.35187467,49.69134206,50.97386294,51.18667416,52.41948592,53.44028838,54.2474085,57.94399702,67.80337576,70.93473319,75.85672566,75.86172313,77.26631553,87.79885138,90.18647117,91.52456016,92.52085132,92.95381725,93.29327422,94.26539201,94.28838188,94.55761538,95.42198968,96.50172882,96.67194748,100.72812591,101.26098326,101.78318026,102.02410734,102.99302724,107.4065564,108.84253968,109.16712216,109.2277053,109.79331256,110.35927066,110.60051825,110.91170905,111.45069998,111.65626024,111.70665143,112.93561997,114.19756295,114.92473549,114.99316554,115.66812207,116.16470516,122.38095012,123.08731071,123.12481432]","[5,7,6,1,0,1,6,5,4,5,7,0,1,5,2,6,1,6,6,0,6,1,5,6,7,3,1,4,1,7,7,0,0,7,7,0,7,5,5,1,0,2,5,5,5,0,7,5,0,5,0,0,7,7,5,7,5,7,0,2,0,1,7,0]"
"[2.39647001,8.6736917,9.20187262,13.59104347,13.92053149,15.12143639,15.89327764,15.9446202,16.21314707,16.73774001,17.23581392,18.32234037,19.9078336,20.76888198,21.74618201,22.02686232,22.11861927,22.47307415,22.55305626,24.26394461,24.35186828,24.5807977,24.79771718,25.02827297,25.71698656,27.77960962,30.5246772,30.63142239,37.29393996,37.42682208,40.93273989,41.32515767,43.44985288,43.81884673,45.28085762,45.37368,45.96903031,47.61337728,48.07972896,48.88420477,48.9957173,49.02209265,49.15133609,50.03016089,50.89117745,50.96000297,51.05603779,51.53018241,54.80269672,57.49028997,58.27406526,61.56780306,65.67551886,65.84665324,70.65277797,72.53978995,72.55028341,72.95019527,73.01369459,76.65314348,77.62764147,78.74536471,78.86056477,78.89160947]","[6,1,1,3,5,7,0,0,4,1,7,5,7,6,6,1,6,0,1,6,6,1,6,6,7,0,4,0,1,2,6,7,0,0,0,7,5,7,7,0,7,0,1,0,2,0,7,0,7,5,1,7,0,7,7,7,7,0,7,1,0,6,1,1]"
"[0.04659658,1.63608422,8.88843251,11.125722,13.78325298,14.09905759,14.11362363,15.43957139,15.54077786,15.90887193,16.05088537,16.60029527,17.28361103,18.09556779,18.71576199,19.18098488,19.31456332,19.42617455,19.51843835,19.92092789,20.46347895,20.6216628,21.17847539,21.18475245,21.48094839,22.53092679,23.50032848,24.52284381,26.08208318,26.29558585,28.13442533,28.37927398,29.01921458,31.40421606,31.88344234,36.81551509,38.05640805,39.79841025,41.3250184,50.31273498,50.74733689,54.36871927,63.62498667,66.59109625,67.73889283,68.43431477,69.01414522,69.09669888,69.35983716,69.83126045,69.96786925,70.43837734,70.58748935,70.702352,70.83741899,71.09752407,71.19616207,71.5393558,72.02262973,72.34572289,72.94906239,73.21325506,75.73693023,76.55254343]","[5,4,0,7,4,1,0,5,7,0,7,0,7,1,0,6,7,6,1,5,3,7,0,4,6,7,1,6,6,1,5,5,0,3,7,5,2,7,0,0,2,4,0,7,2,1,0,6,1,6,6,7,6,0,5,1,7,2,5,0,6,0,7,0]"
"[1.15629582,2.70691513,3.45098907,7.42184487,7.93849362,8.64921584,9.07721091,9.82291241,10.60082963,11.30837137,18.70568727,20.66321547,22.72854787,23.97598651,25.44883985,33.86490955,34.52886422,36.93114632,40.16541782,41.53586727,44.66353101,47.18136143,48.179765,51.08641449,55.02660932,56.70274446,58.42571002,60.24233103,61.68900313,65.86363745,66.64455644,67.33139399,67.90597815,69.8235711,73.10205756,75.98720962,76.177097,76.18520568,76.58162518,76.72807133,77.46212943,77.6302587,77.67139286,77.71659568,78.07085395,78.08858275,78.29889041,78.69047396,78.90515749,79.15481523,79.19808289,79.31378803,79.62633322,79.90158148,79.9737627,80.22780751,81.48524957,81.59680765,81.62896746,82.00539739,82.49768368,83.07482803,83.5492867,83.66539778]","[2,5,1,0,7,1,6,1,0,4,4,5,2,5,4,7,0,5,7,1,0,7,7,7,2,3,7,5,6,0,4,5,0,7,7,0,7,7,0,7,0,7,0,0,7,7,0,7,7,7,2,6,0,0,7,0,1,2,0,5,5,7,7,1]"
"[0.49033406,8.20053014,10.93511829,12.51570669,14.0290562,18.17497872,18.3824809,24.2214665,25.68445864,25.99275706,26.33544899,26.78139411,28.84571838,29.7979296,31.60761422,35.35909768,38.91404022,39.50546351,40.86021148,48.59538171,55.58378369,57.97373734,59.69601045,60.3498459,61.75590545,61.87988675,62.37141702,63.72806831,65.6084473,71.2272316,73.19109213,76.23971337,83.7892632,91.71404033,91.82057758,92.41599345,93.74409927,96.00043944,96.7204687,97.07881456,97.30821172,97.72777792,98.57626232,99.03482846,99.11101122,99.2688357,101.18891336,101.2207909,101.67024014,101.93766896,101.94485463,102.02240886,103.04873795,103.94251302,105.24956385,105.43492276,106.45241636,106.63881243,107.01669106,107.77601059,108.20975757,109.5723135,110.54868037,110.81299435]","[5,5,4,7,5,5,1,0,2,5,5,7,7,3,0,1,3,4,5,6,0,3,7,3,0,7,0,7,0,0,6,5,5,7,0,2,4,2,5,0,7,0,7,5,0,7,2,2,2,2,7,7,0,0,7,4,7,0,0,5,0,2,7,7]"
"[2.21750955,3.52321064,3.9880596,5.70177452,15.01284956,17.941957,18.29747969,21.09252396,22.04127198,22.57607746,22.66682431,25.70979022,25.78385757,27.16645356,29.99393733,32.01702243,32.95356093,34.05583045,34.05590774,34.18615054,34.44422324,34.98663911,35.25787378,36.01728322,36.30749805,36.51103738,36.52673138,36.67706557,37.78739432,37.95454442,38.00251211,38.57932523,38.68927889,39.06495637,39.1269484,39.47433631,39.67914611,40.42687506,40.42733927,40.643051,41.04454071,41.6125343,43.83818701,43.85001426,44.47296959,45.23480369,45.50078301,47.13689617,47.72025651,48.29966239,49.30789355,49.78394638,50.24220193,50.75330415,51.62636242,52.57661122,52.59504569,54.49250844,54.67425725,56.07357385,56.13558673,59.95403296,62.30833379,63.56141914]","[3,2,4,4,6,1,7,2,5,3,1,3,4,5,3,5,0,7,0,0,7,7,7,0,0,0,7,7,7,0,7,0,7,7,7,0,0,0,7,0,7,0,0,7,7,0,0,2,7,0,7,3,5,7,0,4,0,7,0,5,4,0,1,0]"
"[4.8008243,7.78837178,8.3892148,8.74383798,10.47343976,12.33767284,13.47254581,13.73280641,19.53574892,21.00378146,21.06372135,21.2013809,21.25600688,22.36242345,24.35214863,26.30746644,29.40464668,29.49102798,29.76369389,30.29033541,32.78764583,36.13807386,37.62242243,38.65430023,39.90128498,41.47016247,41.70824576,41.7303795,41.97759168,42.92138868,44.80911497,45.13968605,45.71139609,45.76873156,45.89423851,46.49411553,46.70973646,46.85386021,46.85818406,47.99730276,48.25196426,48.27651896,48.78803419,49.6794569,50.00826985,50.34547552,50.5171734,51.22308063,51.78782524,52.10244614,53.8244972,54.25510069,56.60416816,56.91152671,57.25170282,57.80947857,58.41155448,59.8055456,65.75973277,67.71651899,73.17228008,74.01683201,75.29069115,75.30544631]","[6,7,0,5,7,0,1,7,2,7,0,5,5,7,0,7,0,7,0,0,7,5,7,7,0,7,7,0,7,0,0,1,7,7,0,0,7,7,0,7,0,7,0,0,7,0,0,7,7,7,0,0,2,5,2,7,6,0,1,6,2,5,7,5]"
"[14.00507571,14.23120716,14.61232234,15.82137032,16.09427102,16.6773079,18.56350785,19.38812209,19.55019162,19.84201345,19.88848826,20.54566005,20.84552566,20.88228828,21.07506757,21.47190466,21.63563193,21.87217697,22.41316483,23.20136596,24.50721616,25.52988064,26.08776707,27.69770048,28.30478751,28.52831855,28.97374681,29.13377989,30.70661307,30.76681404,31.37379855,31.37795593,31.44939052,32.81269569,33.65755924,33.78221086,35.22554499,35.29330635,38.07071182,46.49248815,46.74363077,47.7920554,49.31453257,49.78045384,49.79703848,50.22579295,50.59764616,51.31912214,51.93164429,52.44561239,54.18108584,54.52414316,55.19535457,55.33978728,55.34748805,56.65411804,56.91822995,57.46759972,57.51744737,57.55666316,59.90852105,61.78139612,63.2852154,65.88272967]","[1,3,6,2,4,1,1,0,7,0,4,7,0,2,7,1,7,7,0,7,0,7,7,0,0,5,7,0,0,7,7,0,7,0,7,7,2,0,7,0,7,7,0,7,5,5,0,7,0,0,1,2,6,2,5,5,5,2,5,5,7,5,1,7]"
"[2.41585601,3.39133173,3.57759479,4.64609329,5.62238428,6.25924096,7.037027,7.89662599,10.79459269,11.48564496,11.55105278,12.20409949,13.45637917,14.18334005,16.51619897,16.70614091,17.122284,17.83767696,17.86565777,18.32457915,18.59878631,18.72108996,18.84373996,19.13619697,19.23714889,19.46631691,19.62909646,22.51766344,23.50539048,24.76519753,24.93706477,25.76450915,25.7751111,26.6826691,30.89355114,33.08074346,35.17404198,36.90825722,37.12959464,45.24716092,52.37191998,54.74635877,60.37989618,65.1364071,65.36974915,65.41467525,65.83248171,65.91145557,67.17262091,68.1064098,70.39946687,71.34067628,71.42754179,73.18562749,73.21856692,73.70640009,74.24959517,74.51606205,75.14274388,75.44835348,75.59976894,75.65721623,75.65829894,76.17425985]","[0,6,6,1,1,3,7,1,6,5,6,2,4,4,6,1,1,1,1,6,1,0,1,6,6,7,6,6,2,6,1,6,2,5,5,3,1,3,2,3,5,0,5,1,6,6,6,1,6,4,1,6,6,1,0,6,1,2,0,5,7,0,6,2]"
"[12.00566258,12.04858755,12.41258818,12.93341736,13.90522211,16.48530139,16.77751658,18.28546979,18.32251241,18.74097141,18.93858917,19.20147074,19.31056706,19.4246648,19.68699176,19.74568966,20.55753935,21.32391979,21.54460638,21.81617007,21.87448525,22.00979548,22.0366228,23.61939556,23.64024314,23.99675768,24.1010438,24.48001238,29.4694754,30.18310057,31.6962172,32.18098825,33.84363987,37.35793974,38.02095845,39.51720328,42.99766976,43.43583682,43.48943857,45.26983305,45.42052135,45.48594678,45.69740397,46.03848556,46.14393651,46.45806824,47.71651121,48.08077719,49.06971275,49.42043822,50.08302145,50.27783084,52.67661215,52.81800863,53.47233935,54.6322991,54.98752848,55.26912053,57.95200278,58.39020993,59.08893779,59.25103003,67.2805293,67.53328586]","[7,6,1,2,0,7,7,0,2,2,7,5,0,1,0,6,7,1,0,7,6,0,0,6,5,7,7,1,0,7,2,5,0,5,5,4,0,7,7,6,0,1,6,6,1,0,7,5,0,2,7,6,2,5,5,0,5,1,7,3,2,5,1,4]"
"[2.32046051,2.48648469,2.98758369,4.47380138,4.78185877,5.13276214,6.08600494,9.92108931,12.44100869,15.55234316,17.37264882,19.95638586,21.20345832,24.74125268,24.80953707,25.65429666,26.22747736,27.90978135,28.51099572,29.53691679,32.80828606,34.90178785,34.99274763,37.32406834,37.32747617,38.45572792,38.56553556,38.58036934,39.06406112,40.38894601,40.45962635,40.45967542,40.74050217,41.25359121,41.91188888,43.42928291,43.48870718,44.66602646,44.88289138,45.03881744,45.86217387,46.99479934,48.74050896,49.7330322,50.35223944,50.40912417,50.905787,51.11960851,51.40118638,51.95164305,52.63212705,52.76937974,53.23853065,53.29650476,58.78078744,60.29805102,62.37749313,63.3467865,73.33742548,75.00666451,78.22246362,78.61481902,81.57120666,82.94215686]","[0,2,5,4,3,0,4,4,1,4,6,2,5,7,1,4,4,2,6,6,5,2,7,0,7,7,0,0,7,0,7,7,7,0,0,2,7,7,0,7,7,0,0,7,3,7,5,0,0,7,2,5,5,5,2,5,6,1,2,5,6,1,1,5]"
"[1.59672171,2.17021263,2.4140589,2.72445061,3.19077686,4.10888258,4.56505152,4.81595921,5.07439617,5.28836884,7.21408283,9.4707793,11.83136651,12.3363206,13.00758861,13.87924514,14.50127953,15.06632958,15.78580167,17.99902802,18.96180408,20.29531688,20.56904235,24.41795469,24.51969312,24.95961979,31.32478332,32.04044524,32.3432428,42.69594952,43.78677616,46.77447013,47.46314663,49.12563128,49.42291293,51.36330578,51.73736695,54.01311283,54.25580143,55.09018694,57.27377878,58.27023423,60.66640822,61.87912112,62.82443313,64.05888955,64.91701732,66.1122957,74.94365085,78.46475796,84.76059887,84.79898256,89.37171695,89.3787744,92.36132142,94.14520919,94.49426748,95.727155,102.49179303,105.56920304,105.98824369,107.1459142,109.79799403,110.91788251]","[7,3,0,5,7,4,4,3,2,4,2,0,2,1,5,1,1,6,0,7,6,0,7,7,6,5,1,6,6,3,4,1,6,7,0,2,0,7,0,1,0,7,1,6,0,1,2,1,7,7,2,0,4,5,7,2,2,5,3,5,2,1,4,5]"
"[2.96627069,3.22893902,6.09429537,7.17836045,8.95336338,9.00402737,9.81624773,10.59167156,10.66896194,12.40887935,13.71744488,17.38053946,19.59791085,22.6129007,24.90472628,25.47834092,26.40613655,28.00202613,28.70589474,28.92814339,29.79229558,30.7557091,31.19095344,32.40313444,34.28720544,34.32969985,34.69839668,34.74429471,37.0135876,37.43751682,38.00002718,38.08224963,38.25528145,39.3236088,44.86034235,45.22205748,45.41231717,45.77894809,46.05825818,46.2152218,48.2513861,48.62369611,49.33883059,49.58429341,49.75340408,51.14322564,51.16075542,51.42565433,52.07804028,53.65212158,54.08055973,54.60501277,58.17977612,59.01112752,59.65198194,60.33329812,60.59090182,62.62056371,63.92404813,64.66360526,64.79508387,64.95634059,65.65493882,66.66791822]","[3,4,7,5,0,7,1,7,7,3,0,7,0,1,3,6,1,6,6,4,1,6,1,6,1,6,5,6,1,6,1,6,6,1,1,6,1,1,6,1,6,1,7,2,1,0,2,7,0,7,0,1,0,7,0,7,0,7,7,7,0,0,0,0]"
"[0.85827742,1.78167741,2.10319948,5.61507382,6.03036219,10.46085894,14.23675247,15.23436947,15.41872574,15.53295395,15.65263637,15.79390218,16.47760047,16.67450511,17.65747336,18.87527199,19.41649229,20.75369696,21.6799392,21.70403838,25.27509142,25.95267659,25.99687686,26.50788482,27.26244473,28.77711361,31.41475674,33.77462108,34.27131203,34.97021225,35.18975349,35.53538086,35.71539253,36.26292361,36.29581163,36.67668601,36.77628236,36.82300041,36.86234396,37.09535689,37.56836588,38.34400231,38.45011226,38.57745753,38.68942935,38.9600183,38.98708511,39.1642785,40.6925155,41.31594469,41.38325129,41.56608277,43.88739977,45.80808269,46.53899448,46.65422332,47.44577777,48.46410697,48.53217852,48.61281389,48.9751833,48.9927832,49.02294782,49.6387422]","[3,2,5,5,5,2,2,2,5,5,2,5,3,5,5,7,5,2,3,5,4,0,7,5,0,5,2,0,6,1,6,1,6,1,0,7,1,6,1,6,6,1,6,1,6,1,6,7,5,6,6,6,6,6,1,1,6,5,7,0,1,0,7,1]"
"[0.45332946,3.12923688,3.58171828,3.89232656,4.00920609,4.08344851,4.14676338,4.54261479,4.75641922,4.82859701,5.52223011,5.52878644,5.87512497,5.91367325,6.24215571,6.63937929,6.86414454,7.16170168,7.42878882,8.14943329,9.33478908,10.09212365,14.39714937,15.27336388,15.37667153,15.41852224,15.51294096,15.97668983,16.09612194,16.15542986,16.3812802,16.79618921,19.96131776,20.23152006,20.6153689,21.26147605,21.33445594,21.68848382,22.69370557,22.85372277,23.31443763,24.26234622,24.39621428,24.43670922,25.57243388,25.59291177,26.08552865,26.95425429,27.03829504,27.92361087,29.41927208,29.62518846,30.3063917,30.44119574,30.5154863,30.96800759,31.08978093,37.6269328,38.63569861,39.40839093,49.22235893,49.97377119,52.78028706,59.69582164]","[4,0,1,6,0,1,1,6,6,1,1,6,1,5,6,1,6,6,5,1,1,6,7,0,7,0,7,7,0,1,4,7,7,7,3,2,5,5,0,5,5,0,6,1,7,7,1,0,7,1,6,2,5,0,5,0,5,6,1,2,4,2,2,5]"
"[2.03768406,3.85900916,11.47800093,13.23102289,13.87878133,14.33931137,14.46639433,18.74084252,18.76911327,23.71550156,24.47672164,26.22523342,26.39028238,26.43402276,27.12932923,27.33992832,27.84411106,27.91465231,29.5450555,29.99360222,30.67436968,30.85860506,31.18530859,31.66546261,31.96981737,34.90042894,34.9647565,35.30134108,35.5865612,35.58962941,36.82777476,37.12447069,37.95869262,38.10289405,38.20515675,38.46188127,38.7405913,39.89852499,39.99198846,40.09904415,40.15567753,40.69216821,41.05928522,41.23967643,42.24981755,43.57509869,47.49118437,47.58915291,47.8840784,48.84377891,49.12977182,51.11325389,51.32372677,52.28722,52.45810388,53.28996891,53.97482284,54.02409382,57.03032948,57.85887732,58.25797851,60.72883603,60.83717332,61.58639409]","[5,0,3,7,0,3,3,1,4,6,1,2,1,5,1,7,5,0,6,1,4,7,0,1,5,1,6,0,0,2,5,7,5,7,7,5,0,0,7,1,6,1,5,6,6,7,0,7,0,7,2,0,2,7,7,0,7,5,0,7,7,7,6,2]"
"[0.24841671,6.12087039,18.93383959,21.6793989,25.51116839,29.64841432,31.86044941,35.07789495,35.56594401,36.98447309,37.18274759,39.12009086,39.49600224,42.1223217,43.0455274,43.28552399,45.04062103,46.4129681,46.42898132,47.13766035,47.71386284,47.98535264,51.35108988,53.11597781,54.1212049,55.46026614,57.14672208,59.24817742,59.6321757,59.89992804,60.35317293,62.00894716,62.09865905,63.10891054,66.15072367,69.18989233,73.89451961,73.90515692,73.97538903,74.35375375,76.04000262,76.65038463,79.67990644,81.7248882,83.89985678,85.66236738,85.79958628,86.13807478,86.44409817,86.77289393,89.35401795,90.25234521,90.28734409,91.88936754,92.27646538,92.3941473,95.65913433,96.19600771,98.99543263,107.79111736,108.57712664,111.12922476,112.03052493,112.71769763]","[3,5,5,3,5,2,4,7,5,0,7,0,0,7,1,1,7,0,1,6,2,5,3,1,5,4,6,6,1,6,1,7,0,0,7,5,7,7,5,2,0,5,2,0,7,7,0,5,7,7,0,1,2,1,1,0,6,5,4,5,4,4,1,5]"
"[2.99521601,11.75403285,11.92125704,12.16498545,15.20403728,15.34326953,16.12411045,16.99007639,17.09300603,17.55169814,17.75405811,17.79737289,18.36000215,19.03152281,20.33941265,20.4019302,20.46283349,21.70420479,22.4090347,22.71237219,23.12872426,23.26767728,23.28985102,23.45636861,24.91770199,25.26256243,25.38486838,29.26326032,30.93748923,31.24176,31.67732662,31.83446744,31.95309258,32.78797675,32.82788947,32.93845264,33.08415449,33.16064688,34.05122641,34.80646371,35.28458195,36.38649734,36.93990582,37.70510179,38.02412201,38.64747607,38.65755036,38.71984463,38.90677292,38.93231843,39.11624289,39.64134612,39.85633208,40.11935083,40.38464627,40.54221123,40.81377185,41.10278388,41.13415874,41.14112041,41.18814923,41.64493062,41.85722612,43.97859255]","[4,0,7,7,7,0,0,7,5,7,7,0,7,0,0,7,5,7,7,0,1,0,2,0,4,6,1,7,0,7,0,7,0,1,7,6,1,7,0,7,0,0,0,7,7,2,7,2,7,0,7,0,0,2,1,6,6,6,7,7,7,0,0,2]"
"[3.40931574,6.92162276,9.62839766,9.79226762,10.5587046,11.55746567,11.99642267,12.60633482,12.94801418,13.40478285,14.27107999,16.52786945,19.57134424,19.80395465,19.84016191,20.13468325,20.28560181,20.95555469,21.80597333,22.18438512,22.98781996,23.73580781,23.87761466,26.76849458,29.30147343,31.7345695,36.11583338,38.30172974,42.44636512,43.34595088,43.39323843,43.67603028,43.7993943,44.83229886,45.06465432,45.10859529,45.15652385,45.41858626,45.76440339,45.85042809,46.36183004,48.43594678,50.64987019,50.99116564,61.88898388,62.90876565,72.37239958,72.90142291,77.08693295,77.17344728,79.74930019,81.38209889,81.40321498,82.14686171,83.34486028,84.01031207,84.14390118,84.15366757,84.29577243,84.75597865,85.30705159,85.45997507,86.08044812,86.90860211]","[1,4,6,2,1,6,6,6,6,3,0,1,1,6,6,6,1,6,4,1,7,6,4,6,1,4,0,1,0,7,1,0,6,6,1,3,7,5,4,1,0,7,7,0,4,4,2,4,4,5,1,6,6,6,1,6,6,1,6,1,1,6,7,1]"
"[3.18632734,3.44987707,5.4664659,5.47700532,7.92948042,12.07412961,16.27650051,18.73463988,21.01727379,21.10192405,21.20057352,21.41197607,21.59273531,22.24665121,22.49976873,23.60995066,24.56382157,25.46419134,25.59546013,25.80372085,26.10680408,27.31964846,27.78196544,28.19028392,28.32844855,28.58456027,28.89194847,29.04172275,29.10373257,29.26330541,29.35614109,29.46747371,29.52847659,30.02979353,30.30074006,30.4453838,31.02735872,31.47434033,31.55966055,31.60947163,31.63973661,31.68722317,31.75411811,32.00031203,32.15761514,32.57883759,33.03829656,33.18422727,33.28277871,33.64737864,35.01913267,35.04127057,35.32159817,35.66402318,35.73057506,36.00424689,36.85197441,36.87379513,37.22640383,37.52880477,37.62857128,37.97136847,38.15199333,38.34594017]","[6,1,6,1,5,7,6,5,2,4,7,0,5,7,0,5,7,7,7,0,7,7,0,7,5,7,2,0,7,7,7,7,0,0,0,7,0,0,7,1,6,7,4,7,0,5,7,0,0,1,0,0,0,7,6,7,7,7,7,0,7,0,0,2]"
"[6.03623729,10.44623869,11.38099306,12.75924261,12.88162743,14.25103189,16.8243806,17.28299782,21.87480665,22.59553301,23.28255264,23.66691762,23.90467017,24.04787918,25.66337653,25.74565985,26.89780964,27.02610906,28.29607027,28.61050104,29.26164774,29.79026087,30.14054954,30.41289416,30.47259268,33.16307911,33.71204749,34.6387373,39.52141317,41.16190383,53.86494464,57.15599517,58.2325913,63.72012926,64.16866045,69.14408333,73.53111576,74.32330547,75.26317799,75.46170881,76.58468064,79.80080568,85.47092474,90.87620273,91.63472258,91.71644184,95.90533688,99.7620611,100.55378222,102.28096015,102.44440716,102.85494856,103.06603683,103.15067002,104.2504857,105.72032166,105.98142909,107.42827182,108.40848775,108.8579157,109.81437921,110.11402044,110.2074052,110.29130471]","[2,1,2,0,5,7,0,5,0,7,3,0,7,0,5,0,7,7,0,5,5,5,0,2,5,5,5,0,7,3,5,0,5,2,3,7,5,0,7,0,1,7,3,1,7,1,6,1,6,1,2,5,5,6,1,0,6,7,0,7,0,1,6,3]"
"[0.69261359,3.14223629,3.19038588,4.08690662,5.35961918,6.70797641,7.2567949,10.29215909,14.0376355,14.38246336,18.09476178,18.57940237,20.20200015,21.72293261,23.16430053,23.31353803,26.88475633,28.14192346,28.44927404,28.98706598,29.24311228,29.25471783,29.3223418,30.67232637,30.68736717,32.03213357,32.51622583,33.52636144,36.05807564,40.49930362,40.87897496,41.73398383,41.79749805,42.05000415,42.58258245,42.70902309,42.71337624,43.71426199,45.09175778,46.52853027,46.94144068,47.4190498,48.17339367,48.94156373,49.61240232,50.00602205,50.42603,50.46825909,50.61233145,51.42659906,51.64489178,53.61811375,54.3425394,54.62820621,55.21526498,55.39513404,55.55334141,56.27354538,57.60447328,57.61189355,58.70817024,59.42870181,60.14539537,60.42442602]","[1,4,7,1,4,7,5,5,6,1,1,5,2,5,3,0,5,1,1,6,1,1,6,1,1,6,5,6,5,0,4,0,3,7,2,7,0,0,7,0,0,7,0,7,0,7,0,0,7,7,0,7,0,7,7,7,0,7,5,7,2,2,3,5]"
"[0.40815683,0.62879053,14.45701765,16.5225386,20.43145746,20.45343547,20.61963463,20.80790231,23.00354921,24.34098927,25.06615395,27.52008886,29.23893112,31.64505368,38.1825287,40.57769532,52.00408783,53.42522397,55.43742684,58.41240463,70.86585394,70.95851573,71.12207467,72.84955098,73.82762967,74.07894507,74.55197073,75.8649827,76.53532925,76.99877162,77.38814331,77.63933183,77.78677598,78.22678479,78.70615656,78.92094416,81.07240234,81.93368636,82.22985799,82.80421338,82.94348096,83.22589453,86.27201532,86.33088016,86.9355076,87.29917106,88.54774934,88.67819482,88.79905596,89.88869001,90.03847271,90.19397653,90.42969403,90.76203283,91.14556186,91.27327335,91.29519545,93.93260568,94.65833018,95.04704082,95.08406056,95.5054265,95.86547853,95.9130343]","[4,2,5,6,1,6,2,5,2,6,5,3,1,2,2,7,2,1,6,7,0,5,7,7,0,7,1,3,7,2,0,1,0,7,1,6,6,6,0,7,0,0,0,7,7,5,0,1,6,1,4,6,1,6,6,6,1,1,1,6,1,6,4,1]"
"[3.82994652,5.95083124,7.85266622,11.85757434,12.36437316,12.64675636,13.00508301,13.14169521,14.72177005,14.7570051,16.67437031,16.924719,17.87200056,19.7898415,26.97876806,27.07657557,27.44484387,29.70228229,30.5985906,31.71676675,34.23909098,34.86053201,35.89730906,37.01778065,37.50921162,39.9172434,39.93964236,41.49155618,42.93256382,43.68060287,43.87036733,44.04448414,45.49276027,45.5476992,46.846283,47.03525606,47.31742465,48.49137773,48.72021718,48.77070172,50.61673768,50.70374751,50.75082276,51.54177796,51.91860843,52.36667563,52.58480303,52.75637621,52.76062653,52.7743455,52.8085353,52.937492,53.09233186,53.49442685,53.6587596,56.01947311,56.09928232,61.38461069,63.35620066,63.69449214,63.81906937,64.65436842,64.69032207,64.78447928]","[3,4,7,0,7,7,0,2,5,4,7,7,0,3,1,1,6,7,2,0,4,7,7,2,5,1,7,6,0,7,0,0,5,0,7,5,0,1,1,3,1,6,4,6,0,6,2,7,0,7,5,2,0,7,0,2,1,6,1,6,1,6,1,1]"
"[0.17834324,5.39705984,9.80470244,9.82338633,10.15282895,16.39340936,18.5341325,19.61172394,22.14801602,24.45694705,25.08330734,28.13091221,28.36953138,28.87176337,31.1614434,35.47655541,38.19862296,46.07390091,49.87161618,50.3273164,52.85562152,53.03659891,53.13547334,53.37889862,53.63356391,54.45932629,54.50185616,55.99974971,56.55061572,56.70019841,59.07837771,67.16141334,68.16209683,69.82527958,70.52089524,73.32918479,74.77176951,77.59661508,79.46756422,80.83449238,82.29918743,82.39807091,82.47237137,83.3427889,83.46901274,86.44116256,87.13039952,88.22163959,93.23512218,96.50670998,96.7412554,96.7604368,97.17806826,97.46702886,102.33664843,104.90096695,104.9244552,105.27792528,108.08442687,109.02909964,111.28588203,112.13113857,113.82570984,114.18739396]","[2,2,5,3,2,2,5,7,1,4,5,6,6,1,0,3,1,4,2,5,7,0,5,0,2,7,0,0,7,0,7,5,7,2,3,4,1,1,0,1,6,1,6,7,0,0,1,7,0,7,5,5,0,7,4,1,6,6,1,2,0,6,1,6]"
"[1.25459826,5.14979547,12.97227182,15.26675618,18.51439846,23.473204,24.37300822,31.15959581,31.16411988,32.31363134,34.43617684,35.96125321,44.2541029,45.79017089,48.83864049,54.69596901,55.70469078,57.35374548,58.00698861,58.76666103,59.14163186,59.51266019,59.9975727,60.5701903,60.68173932,60.73111622,63.02267919,63.44912597,63.7535151,63.95886257,66.22562464,68.79343087,69.90624904,71.79506015,74.94070066,75.758396,76.844316,77.9352966,84.93499931,85.81593241,88.3096313,88.69303681,91.26505661,92.1836483,92.62633948,92.79238324,92.79766272,93.54271556,93.74408718,93.91096914,95.92172233,96.31268065,96.59886336,96.93571984,97.09923212,97.84736982,98.0689962,100.08061126,100.90490967,101.94376334,104.77723219,105.63625594,106.22582139,111.06651697]","[0,7,0,7,0,0,3,0,2,3,1,6,1,1,4,2,0,6,2,7,0,7,0,0,7,0,0,7,0,0,1,7,0,7,5,4,7,0,7,0,1,6,7,0,5,0,7,3,0,1,7,0,7,0,7,0,7,6,1,6,0,5,1,4]"
"[3.26399459,8.18202897,9.51592148,11.001663,11.81148306,11.97043083,12.07194895,12.09034674,12.17435824,12.31614567,13.29284164,13.37074148,13.40438988,13.86613811,14.08166022,14.12499041,14.45288967,15.25123331,15.86140149,15.98876021,16.29965781,16.44932978,16.69376129,17.15273189,17.31729329,17.39142189,17.63480607,17.89576274,18.16717976,18.50981133,18.56573879,18.78331808,18.85587692,19.1809472,20.08064318,20.44294378,22.06163806,22.22956329,23.14195069,24.71901467,30.96135972,35.92597489,39.37887434,39.63915279,39.74675661,41.49190108,43.8871349,65.45867875,65.46169027,65.72932833,66.34233324,66.84525592,67.19484103,68.64629118,69.17333876,69.35503369,69.81203513,70.53652166,71.45807425,72.07513361,72.95435032,73.73445185,74.17758718,74.37869894]","[6,2,3,1,6,1,2,7,1,6,6,5,2,6,0,1,1,6,6,1,4,7,1,1,6,6,1,1,0,6,1,1,6,6,6,6,1,2,5,0,1,5,0,6,7,7,7,6,1,6,1,1,0,6,1,7,2,1,3,6,1,6,6,1]"
"[0.31201015,6.52670341,7.42768253,10.89577368,11.48084337,13.84948564,22.61879381,24.68655983,25.79916478,27.17203838,27.33349387,27.49435082,27.58550095,28.91157724,29.80276418,30.011532,30.01285265,30.18009426,31.00178234,31.17291324,31.62880092,32.57273526,32.84615355,33.01301521,33.74986975,34.97365093,35.77490079,37.14476126,41.24865037,46.0398228,48.71596723,51.4059901,54.59172105,55.98275623,57.06861187,59.28213255,59.84230792,63.07466073,64.50180458,66.85685204,67.79932459,69.63081946,70.68644614,70.75975782,70.76414156,71.01982784,71.13184615,76.90649055,84.49678665,90.66791897,91.02495629,91.30283918,91.58223933,91.7093229,92.11564315,92.20381468,96.14537314,97.1569079,98.55355597,98.60324936,100.30468265,100.77180859,100.90612512,101.46857016]","[6,5,1,0,7,0,1,6,6,6,1,6,6,5,6,6,1,1,1,6,6,6,2,1,5,1,0,5,6,5,3,7,7,2,4,4,0,1,7,5,0,7,1,6,7,0,4,2,1,2,5,0,7,0,0,5,0,7,0,0,7,0,2,7]"
"[0.17816977,0.90982859,1.39608063,2.42624044,3.97175666,4.34786803,4.89712032,12.81021775,14.25103937,19.68754459,21.76907288,21.97873828,22.36789663,25.78779524,26.82735722,27.82388214,28.6062327,35.8839983,36.83645449,38.55559581,42.98376056,43.31970534,43.68297012,45.11664594,46.2937044,48.76713548,53.53860576,54.47620126,54.61797809,55.61674228,57.95925529,59.80126836,60.21037717,60.36652387,60.39305344,60.66978972,61.16130147,61.50329261,66.10281495,66.26889323,67.10873962,67.42111778,68.3664111,69.12794355,70.14594471,70.55076286,76.36658873,81.83827042,85.94676862,90.03433503,91.77583947,92.02331889,92.64193369,93.34489645,93.81862674,95.42676729,95.57025955,97.1246065,97.71443143,100.9869296,102.00542347,102.53136055,104.09975789,104.28859757]","[7,0,7,2,3,5,7,7,2,0,1,6,0,7,2,7,5,4,1,2,6,6,0,7,0,2,0,2,4,3,5,4,2,5,5,0,5,5,0,7,1,6,6,0,7,0,3,3,7,6,1,6,6,1,1,2,1,1,1,6,1,6,6,1]"
"[0.22653026,0.27382016,4.26918147,7.41375061,7.8720314,8.25404479,10.38575972,11.84917239,11.92705814,11.96384321,12.72125421,12.98188106,13.0239888,13.96129717,15.55308676,18.07975203,18.12756991,19.67275187,20.2964784,20.52343894,21.80680182,21.85806817,23.87455548,24.86953665,25.45419708,26.54036533,29.39461587,29.72368967,30.41602056,32.32326685,32.87008829,33.16572307,38.39790404,39.39247814,41.54356862,41.57062444,42.20923386,43.41339949,43.92057788,44.08037833,44.18178188,44.26547504,44.77645156,44.99698773,45.46155963,45.82650528,46.12802869,46.55547787,47.23683536,47.55555389,48.06586947,48.3649869,48.79749037,48.84611976,49.10580796,49.49133783,51.77053911,51.80774057,51.92708105,51.96656106,52.50697768,52.76489889,52.85815389,53.79670757]","[2,5,7,7,0,2,7,4,0,7,0,2,4,5,7,7,4,2,0,6,7,5,3,0,1,7,3,7,0,2,3,2,0,7,2,0,7,0,7,7,0,0,2,0,7,5,1,2,7,5,7,0,7,5,0,7,0,7,7,7,0,0,7,5]"
"[0.29502538,6.53354498,15.23932762,21.29679634,22.0058989,23.54206985,25.46969731,26.4476247,31.5770334,34.35251672,34.356462,35.06277256,35.72670246,35.87242938,37.22440375,37.88173277,38.35478223,38.37534734,38.39477159,40.44049032,42.47306974,43.45013194,43.99821471,44.56990398,44.88396982,48.58895835,48.68785208,57.03797345,60.51130165,62.28009925,67.51798986,67.9719064,67.97965443,68.2107706,68.95425019,69.74090522,70.51548425,70.52514906,70.61114789,71.59881627,72.2688401,72.36513266,72.43659218,72.46179828,74.12447001,74.15693606,74.86349544,75.0261832,75.78715931,76.25997371,76.63293302,77.04472335,78.96101476,81.46062757,83.10480019,83.3794274,84.17082133,85.31593514,85.85214564,87.03442692,87.1642922,87.43705952,87.52945559,88.56675804]","[4,6,5,4,4,5,0,5,2,1,6,6,1,6,0,6,5,7,1,1,6,4,1,6,6,5,2,6,4,0,7,0,5,0,7,7,1,0,7,7,0,0,0,7,3,3,7,0,7,0,5,7,0,6,0,1,7,6,1,7,6,0,0,5]"
"[4.43931898,4.88887175,10.48691004,11.6235611,14.19835876,14.89033526,15.68101141,15.93930599,16.96278374,17.3716373,18.37660842,18.62927827,18.67751274,19.21603624,19.37489305,20.57065488,20.73577014,23.43461659,23.6767451,23.79623955,24.60912063,24.68612096,25.26808918,25.34798393,25.40567815,26.23225846,27.65754598,29.67341408,32.0972949,33.99482872,34.08028526,34.11951256,34.47749584,36.81298376,37.19607093,37.27999626,37.37018976,38.93539755,39.05773227,41.51200967,41.70312587,44.55998055,49.47464423,50.36870077,51.1568528,57.06216166,57.10746926,57.66417078,58.1754656,58.4687495,59.67343859,59.67844882,59.9922414,61.38798787,61.69705575,61.80557081,62.24521248,62.82736159,62.8392715,66.64871914,66.71508315,66.9518164,67.27054017,67.5270499]","[0,1,6,1,6,6,1,6,1,6,1,1,6,1,5,1,6,7,0,1,6,1,5,5,5,6,0,7,7,7,0,7,0,0,0,3,7,7,2,2,5,5,2,2,5,7,0,7,0,0,0,5,7,7,0,0,2,5,0,7,0,7,0,2]"
"[3.53278762,3.71027049,10.79825596,13.25043738,14.1433053,16.0033131,16.03976099,18.47832417,20.20807817,20.66749774,20.72711717,21.03582533,21.50303553,21.54614585,21.70401763,22.560543,23.18484481,23.23640902,23.25819322,23.30944735,26.00229211,26.46121722,26.66016087,29.55249275,29.83279625,32.65820517,32.89532569,33.19037402,35.21455303,35.56383345,37.05317261,38.5593715,39.41656353,40.20661455,40.36903278,41.19191927,44.26329216,45.07362721,46.13097832,46.95965651,47.53441311,47.81377517,48.15554454,48.22210961,48.33516938,48.46151868,49.01040847,49.25537664,49.60205135,50.39218055,50.58841432,51.78935198,53.68259659,54.1889316,54.27907411,63.12314619,64.62114918,68.41417947,71.96524149,72.20177542,73.57208343,74.0254809,75.06182076,76.02256789]","[2,1,3,6,1,2,4,5,7,5,1,6,7,1,6,6,6,1,1,1,1,6,4,6,1,1,6,6,6,1,7,0,1,7,0,2,0,7,0,1,7,5,0,7,7,0,0,7,7,7,7,0,0,7,0,4,7,7,7,0,0,7,7,7]"
"[6.88241202,8.99997047,9.7944322,10.1284858,10.36325692,11.54724574,12.05927043,15.16180667,17.69072642,18.22198251,22.09020437,31.41261076,32.2319874,34.5044316,35.27596681,35.39740012,35.48939603,36.88527612,37.05211996,37.10327049,37.95750341,38.16152644,38.67195267,38.67604594,38.94334321,39.12329907,39.13217466,39.18218245,39.22219179,39.45790422,40.43650386,40.77281688,40.84003821,41.0215423,41.55286033,41.67400268,41.95010793,42.11616682,42.13142993,42.8018166,45.26711549,46.1174468,46.32267356,46.84216072,47.87418159,48.99620315,50.72402243,62.5417611,71.76590377,72.01692862,72.30888179,73.85609739,74.21994744,76.17155185,79.09159392,79.90981411,80.73265439,81.19113409,81.92504342,82.05485633,82.82467572,82.83061091,83.59826342,84.99122675]","[4,2,7,1,0,7,3,4,5,5,4,2,0,7,0,7,7,0,0,0,7,2,7,7,5,0,7,7,0,7,0,7,2,0,0,5,7,2,7,0,2,0,7,7,4,2,7,6,7,0,4,7,7,4,7,1,0,3,3,7,7,1,3,0]"
"[4.01448471,4.22072489,5.04960074,12.9591961,13.3308756,13.94369791,19.32448644,19.4480535,20.14603661,20.45634705,21.14153055,22.15147109,22.35107475,22.53036656,24.08049542,26.41137165,26.86999867,40.84236445,47.28949273,50.86695818,54.68303621,56.69818088,61.2557161,62.44726433,62.52098422,62.69347483,67.07680714,78.57109507,83.60283469,84.61017682,90.71892258,95.83903478,97.15145073,97.39819224,97.82815137,98.37676782,99.61358574,99.62261317,99.63068525,100.2846185,100.82539066,102.91944849,103.57926948,105.58720918,109.99212076,120.36755883,128.39223878,129.15499083,129.77595146,130.498146,130.87583755,134.78153548,135.31381384,135.54847369,135.77214994,135.90360754,137.99540307,139.79042526,139.82055918,140.11349374,140.9427384,142.62700577,143.75660962,144.46903086]","[5,2,5,7,0,7,1,6,6,6,1,1,1,6,1,6,6,7,2,7,0,7,6,3,1,6,1,0,7,3,3,5,7,7,0,0,1,7,0,7,1,5,0,2,5,5,1,3,6,6,1,1,6,1,6,1,1,1,6,6,6,6,5,2]"
"[14.53508779,16.1480612,16.5633186,16.61419163,17.5177211,19.40392504,20.80748492,21.81710108,24.85127057,27.83607401,29.14099097,30.82319946,31.09458317,31.68308381,32.25368287,32.77109169,33.15707418,33.59158474,34.24055256,34.61495366,34.94918243,35.6334438,37.19474732,37.75117756,40.00622564,42.91127785,45.87306298,48.22267616,50.01634133,52.51172272,52.908714,54.08432612,54.75806974,57.35009138,65.18644918,65.9843954,68.93135938,68.98426833,69.65131211,70.26460361,70.41536441,70.74568532,70.77214883,70.79758113,71.20161906,71.36153013,71.95569245,72.76835597,73.36029761,73.58248844,73.65217472,73.77889477,74.19555805,74.20561229,74.26501562,74.75425532,75.28746593,75.37642885,75.54585762,75.57309298,75.80981781,76.07214432,76.26512917,76.34986077]","[5,0,3,7,7,0,7,2,2,5,1,1,6,6,0,1,6,7,1,1,6,3,5,6,4,5,1,1,1,1,7,0,7,2,1,6,7,1,6,6,4,0,1,0,1,1,0,6,1,6,2,6,6,5,1,1,5,5,5,0,6,7,1,6]"
"[0.05704517,1.37918408,1.8747888,2.70994387,3.1605238,4.48711969,4.86609238,7.13295731,14.39344489,15.134333,21.897847,22.58552298,22.79327163,23.39734507,24.22705227,25.19047048,33.57415257,38.65666785,39.79914646,40.72353262,43.31576458,54.37063032,54.83726988,55.24309391,55.53626539,56.84679222,58.0357264,59.00118512,59.00560287,59.23005611,59.24862536,60.25226119,60.29483112,60.30755201,60.45151223,60.66862295,60.81404996,60.91012099,60.93010511,61.36787949,61.75755757,62.68324982,62.90181647,63.11340454,63.69648443,64.19788019,64.63359006,64.86965151,65.03660107,65.9673688,66.03930296,66.62351513,66.76865001,68.07452609,71.64849945,80.59628887,85.43676513,85.4896636,86.46405779,87.05498677,87.06842479,87.70797586,87.76389366,88.10825162]","[7,2,0,7,2,0,5,7,4,5,2,5,5,0,5,7,7,6,1,5,1,1,2,6,6,7,6,0,7,7,7,7,1,1,6,6,0,6,5,0,0,6,7,0,1,7,0,7,7,0,7,2,5,7,5,0,6,0,1,6,7,0,2,7]"
"[1.45483447,1.68165447,4.31755618,7.0210843,8.29884006,8.61556624,8.80867892,10.57487221,10.81245902,11.85828117,12.23361972,12.89611957,18.22880095,19.15509369,22.46496816,23.18792781,28.4988712,30.53040612,33.6957462,35.05646185,38.72075851,41.06671375,42.50778016,43.3375748,44.41324577,44.73134193,45.07844003,45.87835367,52.52845903,53.54485821,54.94347376,55.04684383,55.26917233,56.3252389,56.55326184,56.68475712,56.95885907,57.609764,58.19725969,58.63310507,58.94957039,59.34899628,59.80382572,59.89934483,61.05298099,61.13820709,61.2023986,61.62451325,62.0035866,64.60464916,64.80994125,64.85010217,65.26761341,65.54386142,66.34842738,68.40716636,68.54869741,68.76159483,69.25142638,69.26524913,69.29789319,69.67169016,69.8992532,70.25775525]","[3,4,4,5,7,4,0,7,1,6,6,1,1,6,2,5,2,5,2,5,4,1,6,6,6,1,6,1,2,5,5,1,4,6,4,6,5,3,1,6,1,1,6,1,1,1,4,2,6,0,6,0,1,1,7,6,7,1,0,1,7,7,0,1]"
"[6.67538643,7.59763612,13.16217976,14.85421143,15.71000056,17.11516381,17.25004917,17.32217028,18.32859737,18.75876222,19.08823449,19.59064009,19.82902692,20.60779802,20.70231517,20.72176093,21.13491328,22.1728532,23.43324487,23.69801363,23.84991848,24.03873653,24.13443369,24.38132345,24.50109635,24.84673996,25.71819029,26.50972684,26.59403715,26.85161509,27.17904756,27.35506722,27.37297753,27.85049378,28.6756757,29.20160204,30.00276764,30.50027248,32.53272,32.76408442,34.09198539,34.1901824,34.33906846,34.58535842,35.69491311,37.70251103,37.84549017,37.97699566,37.99636243,42.92594418,43.9298014,44.62515391,45.09216823,45.68204571,45.70044293,47.04211275,49.33336164,50.11092249,50.39276193,50.58460547,50.87930563,51.81245919,51.86007845,54.83200158]","[7,4,7,0,7,7,0,7,7,0,7,7,0,7,2,0,7,5,4,0,7,7,0,7,0,7,0,7,0,2,0,0,7,3,0,7,0,7,7,1,6,7,0,4,1,0,0,6,1,6,1,5,5,6,4,1,1,6,7,6,1,6,6,7]"
"[7.79377971,8.62355149,13.8404712,14.06636505,15.47760743,17.02737246,17.05868659,22.2738747,23.70044291,25.87587324,26.68922081,28.00186827,28.23710535,29.60417644,29.88065717,29.92823269,30.12710617,30.26803186,30.44860748,30.77144965,31.27305642,40.4665625,40.97895134,42.17954586,42.45789206,42.931697,43.82186172,44.643119,45.47480764,46.13768685,46.31120288,46.35470498,47.11374587,47.3813284,47.45366967,48.1315108,48.14311885,48.40533631,49.79794951,50.71886386,50.95795894,51.80735659,52.12731082,54.35463266,54.53415535,57.6489158,62.86290696,63.12942023,66.9365818,69.01646336,70.13972227,70.54206771,70.64642878,76.70930487,77.37095119,79.71114609,83.02032229,89.56248979,91.50050455,92.89252794,94.87739351,95.93867028,97.53947261,99.571349]","[6,1,7,1,6,6,6,3,5,0,7,2,0,2,7,1,0,5,7,2,5,7,0,5,0,7,7,4,0,6,1,6,1,0,0,0,7,0,5,2,5,5,5,7,4,4,6,2,4,5,2,3,5,0,4,1,7,5,2,2,1,6,1,6]"
"[1.89824837,2.10694326,2.25711107,2.40330689,7.25796229,7.95236254,8.7285072,8.8038257,8.97420043,15.54366629,20.44296414,20.81097533,20.8631617,21.40846897,21.5855037,21.6137158,21.77274207,24.68957893,24.7147415,25.09606331,25.8233407,27.03872309,27.16534889,27.62755273,28.4326553,28.56254541,29.07557009,29.17700877,29.84662251,30.46052871,30.99688694,32.32647055,32.74202474,33.15403664,33.18573766,33.34593952,33.99753612,34.19048791,34.43000177,36.09644321,36.24930933,37.09279514,37.65058258,38.40034396,38.52325269,38.79398991,38.91093878,39.3636626,39.94384182,39.96924902,40.00101736,40.32945223,40.94045152,41.11377074,41.51301594,41.55781801,41.78164919,43.17562382,44.03578458,44.3172068,48.22690629,48.70918524,55.91227325,56.03662411]","[6,6,1,6,6,1,1,6,1,5,5,1,4,1,2,5,6,1,6,6,1,7,6,1,6,1,6,6,5,0,1,1,6,6,1,6,7,1,6,3,6,5,0,7,0,7,0,7,7,0,7,1,6,7,0,7,1,7,1,0,2,7,7,0]"
"[1.50716003,3.5844955,4.00597552,14.90766095,16.04172528,16.07096259,16.33912893,16.38006788,16.72799293,18.23277808,18.50937369,18.81752421,20.6256887,21.17585433,24.85354343,25.36234547,27.03916324,28.71229973,36.44269867,37.26484094,37.43741142,37.55063937,39.62349943,51.94364032,54.60744223,56.18396382,58.16719058,65.54272281,68.36265186,70.74803612,71.0582182,72.13102774,76.34905679,76.71882972,76.94454959,76.95047468,77.03265457,79.62494887,82.24417861,82.36091841,82.9043943,85.62173629,85.83014183,87.14752083,87.33941523,92.87113885,94.48389448,94.97834711,95.18173247,95.20418566,96.32614969,99.51155711,102.0232687,102.8854462,102.95245345,104.20189038,106.40419951,106.8411389,107.51970754,109.78015815,110.82389123,110.93880244,111.56291728,132.02802953]","[7,1,0,7,0,0,7,5,7,0,7,7,5,7,1,6,6,5,2,7,7,0,7,7,2,7,2,7,0,7,0,7,1,6,0,6,6,1,7,4,0,1,6,0,2,4,1,5,6,1,1,2,4,2,5,5,5,2,4,0,7,0,0,1]"
"[0.62641875,8.2499797,8.85552659,10.22738336,23.13495346,23.51552763,28.07818737,28.41663016,28.57492543,29.51018907,29.75181976,35.09854399,36.15567094,36.448017,37.83345149,37.89412244,38.42252914,39.10293047,44.90076826,45.01359514,45.71795161,46.53807265,46.93909835,47.82114434,48.78060072,49.26205409,49.30391797,49.53720856,50.59750568,50.66840056,50.78668689,51.1102462,51.17033117,51.60007248,52.15886952,52.5930277,52.74552181,53.10455868,53.92946515,54.63511379,54.64408831,55.05718049,56.32611696,57.90369373,66.19174139,67.30134837,67.50276166,68.93353895,69.68614931,71.0742597,71.58787133,72.32111883,73.82842029,73.88925001,74.79458759,74.96890121,77.45480297,78.59070305,79.23742303,84.444704,84.83295874,86.04051432,87.19792882,87.47212131]","[7,0,5,2,3,4,0,7,3,4,7,0,7,0,5,5,7,0,7,0,7,0,7,7,0,7,0,0,0,7,0,7,1,7,4,7,7,0,7,0,0,0,7,5,1,2,5,1,6,1,6,1,6,6,5,6,0,4,5,5,7,0,0,7]"
"[0.60112668,2.15899271,7.62801315,18.57555032,19.43477492,21.56186245,22.37154563,22.64551724,24.33530966,25.35662713,26.21228905,26.32510219,27.00798602,28.16286577,44.79457889,50.51007881,54.82266264,59.0129132,59.86133487,59.90509729,61.03758183,61.23239793,61.33258358,61.61253022,62.91100998,63.25862838,73.45362912,73.48604675,73.51853174,74.25967367,74.43304574,74.77147196,75.75755544,75.8562738,79.32632999,84.0163142,84.13357918,84.64050301,85.16654735,90.04262889,97.26641893,97.66392069,97.95650381,98.62459246,99.75162852,100.48289018,101.30662804,105.84713185,106.536652,106.89961668,106.934314,107.56818396,108.58452588,115.41776825,116.30625586,117.40669061,118.2684775,120.79608555,120.80811173,121.24672464,121.36692963,123.02292348,123.4239942,124.98516649]","[1,5,5,6,0,0,7,7,7,0,0,2,7,1,2,4,3,4,0,2,7,0,5,7,5,7,1,0,1,6,2,7,5,2,6,7,0,5,2,0,1,6,4,2,2,5,4,1,6,2,5,5,4,0,1,3,7,1,0,7,0,7,7,0]"
"[5.8061528,16.31398863,16.93382768,17.56707862,19.34721907,19.54221085,19.75346756,19.79864015,22.38160216,23.21934769,23.53739429,25.24306472,28.18776416,28.50491541,32.46156385,32.50179732,34.08284245,34.93311741,36.82738708,38.29453008,41.55751526,46.50713588,50.08963545,54.35404725,57.49350971,57.62972285,61.3846168,67.42104005,68.34602305,68.41760593,70.79121696,76.07999369,76.36859512,82.88658525,83.25280626,83.35551454,83.70585481,83.86274684,84.756113,84.9715332,85.24286157,87.35980291,87.93732175,91.02445029,92.43603827,93.43591812,95.67176276,95.77102589,99.4060666,99.61093345,99.63972337,100.3195832,101.00711666,101.06202463,101.44882051,103.04344526,103.46954251,103.5172387,105.5150286,105.90510502,106.264942,107.62654883,107.99264178,108.50458455]","[5,6,1,3,0,4,6,6,4,1,7,6,1,6,6,2,5,5,0,7,3,5,2,0,4,5,4,2,2,0,5,6,7,7,2,5,0,7,5,7,1,7,6,4,1,6,1,6,6,4,5,1,6,0,6,1,1,6,0,6,6,6,6,6]"
"[2.46881393,9.31642484,11.42475298,12.9497555,17.50565157,21.85262176,22.15123123,22.30798877,22.63076809,23.10668826,23.71575847,25.47533709,29.02236115,29.8485979,32.87614258,32.87803922,33.09480921,34.96550543,37.80763824,38.52638778,43.13037686,49.10112368,52.76006272,53.29103085,55.26993526,57.63306874,57.70501992,58.33536888,58.8188082,59.12166935,59.12912026,59.3747148,60.29224486,60.65712228,61.84541664,63.39414002,63.51093824,63.72453976,64.45132181,66.60995959,67.83062067,69.51965455,70.46956223,70.80019356,71.12730902,71.63235525,72.35163252,72.7916761,74.74630947,75.22585587,76.32633459,80.48496945,80.68928808,80.69750123,80.78837396,80.99584856,81.55034239,81.92015443,82.21561683,83.37667342,86.36799961,90.78272449,93.62833923,94.46632086]","[7,7,4,4,5,5,3,3,2,5,5,3,4,4,7,4,4,4,0,5,7,0,6,4,1,1,1,6,6,1,6,1,6,1,1,1,2,6,1,3,1,2,7,7,0,5,5,1,7,0,7,1,6,1,5,2,1,6,1,5,6,2,7,0]"
"[0.1769677,0.52067146,2.71310824,4.24011772,8.51771629,8.53006408,8.65624466,8.78441916,10.02152642,11.82397376,12.80416275,14.1412789,14.36679273,18.62186354,19.60350124,20.29057998,20.33408284,20.76306145,21.06809446,27.15812086,27.98440067,28.00778984,32.93234938,34.45781128,37.09816834,39.16262979,40.88673072,42.09411717,42.71015065,43.90207372,44.24691187,45.42754398,46.51188573,51.43873993,51.91551564,51.98662207,54.14590858,58.4091451,59.05361485,60.69209243,62.41727681,70.34485657,72.08136072,73.59644654,76.40657146,78.26706451,80.83429483,81.30820381,82.74550342,82.76960562,83.97055154,84.52870963,87.15766374,90.11998661,90.85230435,97.72470381,98.06564611,98.83534367,99.00911783,99.71655263,107.85212842,108.08133718,108.23382203,108.36483249]","[2,5,5,7,7,0,6,7,5,3,1,1,6,6,5,0,7,0,1,3,2,5,1,6,0,7,0,7,5,7,2,0,2,2,5,5,1,2,5,4,6,0,1,7,6,3,2,5,1,4,2,3,2,2,5,1,6,1,0,3,3,4,2,2]"
"[2.97801042,8.18314597,11.26413857,14.42185153,16.68167006,17.49653881,17.59220822,19.85750093,26.81933056,30.81391398,31.87465662,32.51924281,33.60054938,33.82207081,36.49701153,37.38940473,38.57808712,38.88920848,39.20664202,39.60181364,39.6376132,42.53838194,43.63820708,44.12353594,44.75802821,45.86558643,45.98893513,46.34218968,46.59205557,46.71915977,46.91786564,47.02679253,47.24015388,47.89846897,48.60552617,49.08489282,50.49640496,51.50703431,52.06848829,52.93131807,53.49467633,54.00658265,55.51079172,56.34062562,57.12338961,58.96350394,59.08463356,59.97844457,60.22616643,62.25398051,62.50014567,62.72575173,62.85984466,63.23797013,69.54698957,74.1639916,74.90538592,74.96046439,75.70454943,77.54578633,80.40027228,82.34364677,82.66737422,82.95084948]","[5,4,2,5,1,6,6,1,5,2,4,1,6,1,6,2,7,0,7,0,7,6,1,6,1,7,0,7,7,7,0,6,7,7,1,5,6,0,7,7,0,0,7,5,1,7,0,0,7,7,0,3,0,7,0,7,1,6,1,1,6,4,6,1]"
"[0.09068822,3.57816673,4.00777023,5.35143155,7.9587263,20.10324935,21.31307019,26.34188615,26.50618359,27.24613185,32.77253522,33.00592709,40.15631211,42.04354818,42.6168575,44.97879375,47.05214111,47.7434601,47.95108789,56.20409285,58.23888191,59.07958032,60.22360275,61.62591128,61.79751944,61.85489856,61.86351388,61.92164801,62.41387191,62.76784035,62.84577051,62.98697225,63.4878494,63.81106092,63.88841221,65.15886037,66.00247553,66.02903862,66.15056857,66.60478726,70.28080537,71.88258866,73.23523606,74.58032491,75.36174921,79.21725049,80.80211363,83.76848262,85.37660683,85.93526792,86.66434391,87.05894244,87.20437388,87.70931042,87.74733924,87.79964087,88.74995762,89.2947773,90.07002475,90.26262603,90.27672398,90.64651629,90.85733025,91.22951461]","[5,5,3,2,5,5,1,1,0,7,7,0,2,7,4,2,3,0,5,1,0,6,0,7,7,6,7,6,0,0,7,7,7,0,0,2,7,0,0,1,7,1,6,1,2,1,0,2,4,7,2,1,0,6,6,1,6,1,6,6,5,1,2,1]"
"[3.76594147,3.78082347,4.06977221,4.07134692,4.52032794,5.0201226,6.11724189,6.24209789,6.42136776,6.71647685,6.7808993,7.08698529,7.30738345,8.85477776,8.98918795,9.02149548,9.31684478,9.42230843,9.45996233,9.52581116,10.41086032,11.60628056,11.76103049,12.06243811,12.73995707,12.87038863,12.9145162,14.45119605,14.58079505,17.1067249,20.08967701,20.47306083,21.2812582,23.87626758,24.21663214,27.74367051,28.46749183,29.06635748,29.24515759,30.9337451,31.77803114,34.911567,37.5637705,38.90570877,39.28022453,40.69842186,40.74007846,41.43138502,44.82651243,47.63176856,48.10487035,51.38828414,53.24763029,53.33364902,53.52069011,54.35659839,54.71999816,55.4875915,55.69329162,55.76629075,56.15211426,56.184571,56.78007984,56.91256499]","[0,7,7,2,0,7,7,0,7,0,0,7,7,7,0,0,7,0,1,0,7,7,0,0,7,7,0,1,6,7,3,5,1,0,7,0,7,1,6,6,1,7,5,4,5,0,7,7,7,7,1,5,0,2,5,1,7,6,1,6,6,1,6,6]"
"[4.41242303,5.72654109,6.86073105,8.96762325,9.07278121,9.7427127,11.86231961,12.02398349,13.029838,13.87472729,17.15816717,18.65120332,19.60504879,21.72466794,21.76660674,22.02876997,22.44583209,29.15693381,30.4481066,30.67336549,33.07265161,34.06060616,34.88204291,37.45036705,37.82595178,43.46241208,44.45900958,45.05348922,45.47442489,46.86469655,52.41089672,53.35984544,53.94797005,54.00733659,55.44622309,56.95690204,64.63135665,67.75482626,68.18463299,68.18621939,68.38899352,68.60593447,68.62347004,69.03935337,69.6614465,72.29278643,79.80625008,80.27401653,81.04188475,81.30319449,82.73566689,85.72394559,86.38436761,93.58882067,99.42014501,100.14995671,103.64222975,109.34446228,111.32831376,113.78508254,114.16796673,114.74927308,114.8740325,119.04763349]","[3,4,7,5,2,5,2,5,5,5,5,3,3,7,1,3,2,2,6,1,1,1,1,7,0,6,4,1,7,7,2,5,1,0,7,4,0,0,4,2,3,5,7,2,5,4,1,6,6,3,5,1,2,2,3,3,1,2,5,1,5,0,6,3]"
"[3.2640483,3.83689135,7.21812769,8.71925532,9.54600934,10.07746415,11.32425565,14.371979,15.39158023,16.89276366,17.39489894,19.01985704,24.0793361,28.60377945,43.46789155,49.51436445,51.76830862,52.61324375,52.69080585,53.91653588,56.01667298,59.38656195,61.09177944,64.62929506,65.38170197,66.32269802,67.53420659,71.7048594,78.23478897,79.83524133,80.63305924,81.66373338,81.68291727,82.68092004,82.94072354,83.06183296,85.16385451,85.63289034,86.00446436,86.2664292,88.7067069,88.75980154,90.73447707,92.37334249,93.4681783,93.89400971,94.42230583,95.04042541,96.48518737,96.74253879,96.80124143,97.10123978,97.12742651,97.8572336,98.86908336,100.18484595,100.52380062,100.55070746,101.30387696,101.90068427,103.25715682,103.43707772,103.8080928,103.84051576]","[4,3,7,0,3,7,7,2,0,2,5,5,5,7,6,7,1,6,3,1,4,1,6,6,1,6,1,5,1,7,0,7,5,2,0,7,0,0,7,7,1,7,0,7,0,7,0,7,0,7,5,7,0,0,0,7,2,7,0,5,0,7,5,7]"
"[2.15984505,6.77908363,6.83252466,9.62311041,11.2364324,12.51323171,13.13611589,14.69437896,15.21829194,15.58017266,15.80420833,16.23060741,19.22604053,19.62298492,21.87961225,22.7713213,23.46347828,23.7151582,24.07427759,24.4059359,27.67416865,29.26748274,30.04234078,30.19134656,36.62346291,41.22475022,43.07945621,47.59628665,49.21208669,51.82842386,53.46027483,54.1986586,56.85767334,57.11964488,59.02765012,59.70680004,60.39043995,65.97623145,75.47437088,78.0500576,78.44496039,80.98827537,81.61100498,81.62923569,81.9411448,85.32606942,85.7371037,86.62292596,86.82942399,87.492686,87.80902818,88.11573616,88.31085468,88.60038161,88.7074384,89.43634734,89.52369985,91.41561986,96.39932282,97.2791305,98.42204422,98.81721252,99.24803876,102.32836743]","[0,2,5,5,2,5,5,6,7,0,1,7,6,4,5,2,2,3,3,1,5,6,0,7,7,4,4,5,1,2,3,5,4,1,6,6,6,3,0,1,7,6,0,7,0,6,0,7,0,2,1,5,0,6,4,3,7,2,1,5,5,6,5,3]"
"[1.83204425,2.65639228,3.09605173,4.37788758,5.07264002,5.11976455,5.45238824,5.47500746,5.90316008,7.2229466,7.24843214,7.38168802,7.56564504,7.65758213,7.74367529,7.80524223,8.02835289,8.07381025,8.20848618,8.50262341,8.90701594,9.17722898,11.97569058,12.79436763,13.81073871,14.72396884,14.8363835,14.91545264,15.15820668,15.2069815,15.67999084,15.8193563,18.13835772,18.43741706,19.43067665,19.44289006,20.371836,21.16779719,21.3004127,26.22020658,26.41026892,28.26670931,31.33290836,36.64691,38.27255022,40.70087489,43.78109067,44.71231387,57.00655874,60.34912371,62.32431166,62.45901279,62.65234214,64.58297036,65.51296331,65.78252765,66.98224221,67.09313098,69.11334369,70.25919317,72.37092189,73.18965382,73.23924678,73.30313401]","[0,6,5,0,2,7,7,0,7,0,7,7,7,0,0,0,7,7,2,0,0,7,5,7,0,7,0,5,7,7,0,7,1,6,6,1,7,3,6,0,5,7,7,2,5,3,2,5,7,4,7,1,6,1,5,1,6,6,6,6,7,0,7,0]"
"[1.31463142,2.77925103,5.26031345,10.23699434,13.27326537,13.54796055,16.68722098,17.21778593,18.17855347,19.97380535,23.43123776,24.7899867,27.12152942,28.52100279,31.13842173,31.22824345,32.20202397,33.29730303,33.82584157,34.18893372,36.01820178,36.1140854,36.37857283,45.51198926,45.60715125,45.94889384,46.85469346,50.18272453,50.47680447,52.78585524,54.30021531,54.3729898,54.80495146,55.37619016,55.99137685,56.47035778,57.26514595,57.41423253,58.33623413,59.5168979,59.9413277,59.96006087,60.02976606,61.07206893,61.50863832,61.61876881,62.21009417,62.829204,63.4391774,63.76582769,64.87120314,65.94098296,66.32087127,68.60192449,69.17628272,69.90124046,71.05798111,72.27074753,77.52736623,79.32725974,81.82765748,82.32508743,84.14137827,86.08439063]","[5,4,2,6,0,4,2,5,4,5,5,4,3,5,0,3,0,3,4,4,1,7,7,7,2,5,7,0,2,7,5,5,2,7,2,0,5,3,0,5,7,5,0,0,7,7,7,0,0,0,5,7,0,5,2,0,7,3,4,3,5,3,3,2]"
"[1.4719761,4.60016028,10.06142639,10.32764463,10.76000694,11.45103345,11.47842748,11.75971631,12.68541772,14.99590811,25.95141415,26.97839066,28.09924214,28.41716412,28.57185284,29.9340233,29.98194474,30.19377802,30.66317246,31.27669925,31.59271453,32.13741517,32.26388039,32.32934751,33.22896503,33.48643386,34.41714926,35.1179397,35.29607821,36.41256111,36.66157325,36.99446048,37.07956808,38.28341945,38.76233318,38.82811313,39.26318008,39.4898343,40.18758157,40.64597954,40.83203907,40.87709528,41.33797935,42.43670586,42.75522723,42.99107866,43.1216886,43.53438924,43.91486349,44.41920069,44.51244865,47.03469202,48.62356512,52.22001374,52.39432264,53.90731822,55.28542894,59.64929805,64.83969916,67.24623724,67.58818358,67.94602721,69.16469471,69.42361583]","[4,2,0,7,7,0,7,1,0,1,0,7,0,7,7,0,1,7,5,0,7,0,7,5,0,0,5,0,0,5,0,7,0,7,0,7,1,7,0,7,7,0,7,1,0,6,0,0,1,6,2,7,0,7,0,5,7,5,3,2,5,5,5,1]"
"[2.28040431,5.09386237,7.13798646,9.32597272,20.7976548,22.56206947,22.92806973,25.85091799,28.12181048,32.01859827,32.23394739,34.17516007,35.64610381,35.88508568,37.1990907,37.53693304,37.57806856,37.87090697,37.99708205,38.71306897,38.76242709,39.12941948,39.29079989,39.43427475,39.98426861,40.31493348,41.3552322,41.93311417,41.94849822,42.07590668,42.15546759,42.24178605,42.44753663,42.66899749,42.74600983,42.9906415,43.02863753,43.04180901,43.57249327,43.75951959,43.8570956,43.95350772,44.30959548,44.40792018,44.48030786,44.63824587,44.72092762,45.00332903,45.27522213,46.11230054,46.12912347,46.48984089,47.09814004,47.35591778,48.55870877,48.69925349,49.16175661,49.27227046,49.46389073,50.06814853,60.58975094,61.09161927,62.15719934,62.83546299]","[3,0,2,1,7,6,5,1,5,7,0,7,7,0,7,0,0,0,7,2,7,7,7,0,2,2,0,0,7,7,7,0,0,0,7,5,0,7,0,5,0,7,7,7,7,7,7,0,7,7,0,1,0,6,0,0,7,0,0,7,3,3,6,1]"
"[0.93599422,1.17494948,2.49391595,3.04968852,3.08345119,3.53289209,4.13713231,8.51085612,9.2445377,10.30162163,13.85566678,14.98055545,15.01256072,15.16241122,17.74336361,17.98603727,19.2044085,23.85252429,24.45011585,25.44144415,25.49450097,25.87057024,31.37315863,32.52531466,33.62813363,33.7050487,33.97715838,34.54734955,35.53057536,35.75118394,35.98204652,36.12365173,36.25682939,36.43908861,36.88511212,37.44812183,38.54276397,38.68151022,39.72377241,40.9702986,41.47866071,45.67479362,45.73325977,49.34535464,50.71992413,51.03844447,51.3021712,51.98077411,52.79541474,53.19258336,54.91791493,54.99150306,55.4367893,55.64033299,55.67057598,56.00364274,56.49873063,56.57691557,56.84702047,56.98207103,57.23033654,58.86130774,58.86843489,62.59692817]","[3,6,2,3,6,2,5,5,1,3,1,7,0,5,0,7,6,0,2,5,3,7,6,5,1,6,1,6,1,1,1,6,6,6,1,6,6,1,6,6,1,4,5,1,6,0,1,6,6,6,1,6,1,6,6,1,2,6,1,5,1,1,6,1]"
"[1.66746267,3.203506,3.46959952,3.8424462,7.4942852,8.64565939,8.98874847,11.04050969,11.73884946,12.06645388,12.25948473,19.05230049,22.43517528,22.62533077,23.47375033,23.603899,24.65354284,25.10193793,25.24342008,29.54094401,29.66687427,30.31511491,33.27934246,33.47837528,34.69780084,35.26003848,40.50329419,41.67617553,42.26524387,43.23968124,43.65121181,44.39444356,48.85445881,53.00614147,54.54180356,56.20516154,57.40560174,59.44946109,62.09862261,62.34145119,62.63708645,64.06187277,65.99733038,67.16803886,68.91039587,70.1676585,70.40938841,71.52123396,71.88517032,74.0523588,74.18725994,74.524561,74.57563193,74.67503109,76.07980994,76.72622592,85.24992813,86.06228896,86.31630706,86.61784643,87.60798228,87.60987263,96.11436314,96.74430727]","[7,1,2,5,2,6,1,1,6,2,5,4,5,7,4,0,7,7,6,1,6,1,6,5,1,1,1,6,0,7,7,4,1,6,6,7,4,3,0,5,0,7,0,7,5,0,5,0,0,3,7,4,3,1,0,4,5,7,2,5,5,0,1,5]"
"[0.16541544,0.46766799,14.85618163,16.87286476,17.00891367,23.55189156,23.75595839,27.02780267,29.09395447,29.28990601,29.48475529,30.42267085,31.31633322,31.84902376,32.42277561,32.75233863,32.84190919,33.25819223,35.08708293,37.10842069,37.1569847,37.92497596,39.33559053,41.30873496,45.72625268,45.87533261,45.90334835,46.24127686,46.51361807,50.38103365,50.55666527,50.63282639,51.56935859,51.92374676,52.53033645,53.17340796,53.27399649,54.29086789,54.36483156,54.70925913,55.08096285,55.14140927,56.3466639,57.1575778,57.53101006,57.85732458,63.78009019,65.03384076,65.83055895,67.00586113,67.90072562,68.54373377,70.25247632,72.08598864,73.02420254,74.10782932,77.34527024,79.13631433,84.37378553,85.15309537,87.75631658,91.35186144,92.82587922,93.11825369]","[5,0,6,5,3,5,2,2,7,0,1,6,1,6,1,6,6,1,5,6,6,1,6,5,7,0,7,0,7,0,5,1,7,0,7,0,7,7,7,7,0,0,7,7,0,4,4,3,3,1,2,6,5,5,3,0,1,2,5,1,6,0,7,7]"
"[1.32276096,2.12540617,4.52482763,5.05908828,5.10851163,5.89153278,5.98680419,6.55533304,6.63169682,7.14589796,8.87332659,9.5446146,9.88465874,12.14740925,14.83336675,16.10821697,22.84731319,23.43827367,23.62830434,25.51272711,27.57235714,28.59586499,28.62880785,29.33914271,34.21922283,37.50236895,38.26968431,38.604924,39.42742398,40.45406542,41.06270457,41.45562882,43.10895979,43.45914425,43.64016672,43.70679448,44.16137985,45.78159008,45.81232706,46.34183282,46.91556519,46.96745219,47.7029234,48.04894203,48.1366127,48.23651657,48.29789346,48.44434082,48.65147248,48.65192611,48.75260688,49.33000861,49.40114566,50.42838511,51.16175652,51.28648829,51.82822925,52.2702219,52.97114067,53.09436645,58.24167019,60.04860812,62.38788515,63.57714288]","[7,1,6,1,4,6,6,1,1,7,4,4,2,5,7,5,7,7,3,0,5,7,0,0,5,7,5,0,3,7,7,0,0,7,2,0,5,7,7,0,7,7,7,0,7,0,0,0,0,7,7,0,5,0,7,1,3,0,0,0,5,1,0,7]"
"[6.43505088,9.23372781,11.96352685,14.20116752,14.302668,16.41886485,16.69466563,16.93166783,17.35131717,17.37423882,27.10877129,29.24176012,30.43212552,32.37566167,32.70146365,32.97350881,33.16332827,34.90058468,38.15444221,45.31169453,45.69189626,46.32856928,47.31189248,47.65810236,47.80167665,48.22393364,48.4359758,48.67015464,49.0543713,49.53905035,49.73888303,49.90389259,50.16052555,50.47580949,51.70222015,53.13687841,53.54904907,53.64284928,54.13545784,54.28303966,54.33797682,54.42367223,54.6285568,55.13162624,55.16043151,55.22038956,55.54678274,56.78636782,59.24027707,60.751087,60.79801609,61.10485614,61.67315983,61.7088698,63.29816783,65.42152055,66.90804031,68.16274093,70.47020955,71.11927499,71.29203711,71.36361041,71.95242077,72.00333208]","[2,5,0,5,7,4,7,0,7,1,5,1,6,1,1,6,6,1,3,1,3,1,6,7,0,5,0,2,6,7,0,7,0,1,6,0,7,1,7,6,7,6,0,7,3,1,7,0,7,2,7,5,7,7,0,5,5,5,7,0,7,0,7,7]"
"[2.03509383,5.37074034,7.45155855,13.72958063,14.32257497,20.74835613,26.71665111,28.15183443,29.03108666,32.55374033,34.30082068,35.5080027,37.79291378,39.37775535,39.3880201,43.0819064,44.44913903,51.98200521,57.49022244,59.2351122,63.51136923,64.04688009,67.56851626,70.74346176,72.16868827,73.50747534,75.48920014,76.65314922,78.85616403,80.22136877,80.57842277,81.77082014,85.30837763,86.16218083,86.4407888,87.43118387,88.81790021,89.24376428,89.25034614,89.97540132,91.18060873,91.62805403,92.5737224,94.09956508,95.45061057,96.65629354,97.64593232,97.72153591,99.01702655,99.02467332,99.11614693,99.33282646,99.42148842,99.45155255,99.93164042,100.58797139,101.92080088,102.4998091,103.65570776,103.67018899,105.16426713,107.64546969,110.21989852,110.32369946]","[4,0,3,5,5,5,1,4,1,6,5,0,5,7,3,5,7,5,4,0,6,1,0,1,6,6,1,1,6,1,4,3,7,0,0,7,0,2,7,0,1,6,6,1,6,6,6,1,6,1,1,6,6,6,7,6,1,6,7,5,1,7,4,3]"
"[3.70273502,4.39076069,4.49613097,8.17435568,10.10395264,10.94369454,10.9751734,10.97982777,12.15331375,12.81043206,13.12122942,14.0694602,14.18307966,14.4970877,15.709278,18.76980195,19.61516393,21.63646677,22.17564894,22.61686924,22.89118126,23.10056517,23.17138258,23.58093534,23.95927441,24.10579246,24.31836308,24.67366728,24.89687303,24.9564235,25.10653657,25.55518444,27.91870879,30.28848221,30.32966829,32.3533318,34.12371457,35.87753339,37.55952584,37.83909684,38.72472469,41.13315226,41.52594625,41.90951111,42.42335423,42.57925178,43.2267392,43.63380232,44.55567667,45.8508855,47.09787899,49.9205884,54.51830831,70.05220572,76.51781103,77.55271031,78.50332086,85.61321942,85.84697811,86.08193228,87.21651465,88.25885582,89.29794182,90.56135656]","[4,2,5,5,2,5,6,1,1,4,6,6,1,0,7,0,7,7,7,7,2,0,0,4,0,0,7,7,0,7,7,2,7,7,7,0,5,0,2,7,0,5,5,0,7,7,7,0,7,0,7,7,0,4,5,2,5,7,0,7,0,7,0,7]"
"[3.26108884,5.59585213,6.81560803,9.83945197,14.07742068,16.37535073,17.40363928,17.99035653,23.7653615,26.48226625,28.37193122,28.6007433,34.34091159,47.16633997,47.34779654,49.52720231,50.63626869,50.99800547,52.57098189,52.81450685,52.85754185,53.46273816,53.73302281,55.43691139,59.30555364,61.92506972,62.64104225,65.91940573,67.67857657,72.74839994,75.88630457,76.69836026,77.25380779,78.09683722,78.21565014,80.48518814,81.62644036,81.67046665,81.99125905,82.49248837,82.71990614,84.23332005,84.58517226,85.24705629,92.05251906,92.76110699,92.78685974,93.23907085,95.38704776,95.44449129,95.90468227,98.09865138,98.14179943,99.10979664,99.17430982,99.33406363,99.39389772,99.7653121,100.01547451,100.28103001,100.49648412,100.89028913,101.36219019,101.69823646]","[5,4,3,4,4,2,0,5,4,0,7,0,1,0,5,4,2,1,6,1,6,4,6,6,7,6,1,2,4,4,6,2,5,2,5,1,5,6,4,5,1,6,5,5,6,1,6,6,1,6,7,0,0,7,7,0,0,7,7,0,7,7,4,7]"
"[0.456063,5.05124226,7.16452115,7.74343166,8.21891879,8.46993043,8.47412941,11.56770122,12.00866065,13.70754426,14.13486612,14.50889448,15.17525596,15.96045596,16.92014269,17.06462048,17.46667951,17.8440882,18.03257637,18.26423965,18.99526912,19.23392485,19.9126939,20.52247952,20.96023148,23.00222032,29.21601426,29.72037832,31.9725193,32.3653855,35.16611609,36.36120145,37.56653813,38.55745536,39.22610219,45.52667694,56.20194198,57.12115612,57.69346995,57.76503165,57.82808272,57.89453964,58.39887533,58.51767741,59.11567835,59.46460692,59.81505926,59.93350273,59.94433556,60.06066761,60.22174917,60.33795253,60.6823641,61.51883092,61.56398901,61.58424762,61.85143742,63.17504196,63.24924988,63.26172347,63.88646617,64.16414381,64.86967326,64.87241855]","[1,7,3,2,1,6,1,4,6,6,1,6,2,1,5,1,0,7,5,1,1,6,0,6,4,2,2,5,5,0,7,5,2,5,2,5,2,0,7,7,0,5,0,0,7,7,0,7,2,5,7,5,7,5,0,2,1,6,1,1,4,7,1,0]"
"[2.80703455,3.91353537,7.41960248,9.03301264,9.23606973,9.56523758,9.89277245,11.51130076,11.96672355,12.38064102,12.67572128,13.70240472,16.31949499,17.55748464,19.60762291,20.18465421,21.74761673,22.56884563,23.48127108,23.83895248,23.97769298,24.0196292,24.81217878,25.34395306,27.90913099,28.42437437,28.54977764,29.00722964,29.04682436,29.09491429,29.09816524,31.46053261,34.83551794,35.0958556,35.17774608,35.571193,35.64801897,36.16057529,38.59155354,38.86607649,40.47683395,43.57770424,43.9252071,43.99573261,45.40532319,46.01448407,46.38987388,46.52223364,46.60581138,49.91903314,50.58064141,51.02038036,51.71335366,54.1736333,54.58260676,56.30314965,58.72473418,70.48577287,74.71233849,75.30324552,76.34649059,76.98619325,77.02602885,77.21151302]","[3,2,4,5,5,2,4,1,5,5,2,3,4,6,7,0,0,7,0,7,7,5,0,7,7,0,7,0,7,6,4,0,7,7,0,7,0,1,0,2,7,1,1,6,1,6,6,6,6,1,3,1,6,4,6,5,6,4,5,6,1,6,1,6]"
"[2.23691954,3.99747443,5.15571121,5.69295911,6.98836607,10.36581654,10.39789966,14.93471104,15.05058081,16.821519,17.91545711,18.06930063,22.57791163,24.76573005,25.29346512,25.81164648,30.6241827,31.50323497,32.47344349,32.84492272,33.81945045,35.0591756,35.52737935,37.0446662,37.18209231,38.36525366,38.46638197,38.82982543,39.38330649,39.979383,40.5349647,41.15649617,41.30623742,42.50936913,43.02579164,43.24489461,45.25265789,46.04521381,46.43311513,46.68123091,50.91491193,52.83185893,53.58966602,53.93972428,54.37077163,55.36526738,56.02647452,56.51486712,57.95000094,64.54177798,64.72131758,66.41224849,67.21265531,67.35283685,67.58180989,68.66542713,68.90216205,69.15754468,69.17165122,69.22729157,69.91980671,70.85619038,71.21524452,71.72111655]","[2,6,6,1,3,6,3,4,1,2,2,5,5,3,7,0,3,1,7,0,6,1,6,5,6,3,5,1,6,1,6,0,1,6,1,7,6,1,7,2,5,1,6,2,6,1,6,6,1,1,6,6,1,1,1,1,6,6,1,6,6,6,0,1]"
"[2.84661071,4.55355442,5.44368873,5.66004067,7.48454254,8.15195608,10.80353239,13.56533192,16.47189413,17.61054903,17.76417475,20.90049966,22.05154729,22.43709971,26.00403854,26.28376777,27.64593223,30.45053807,31.37197096,31.53588784,38.89174573,39.83239913,42.59924213,43.48317953,45.0544943,45.13639439,45.42983864,47.77886943,48.06419547,48.46284699,49.33156509,51.12401641,51.20539459,53.22980305,53.95097173,56.25191649,59.17251752,60.16130354,61.91327823,64.45425916,64.89572273,66.12215862,69.50588082,88.20268848,90.20208639,90.63876559,92.0637371,93.04771432,96.21029048,96.34006637,96.44012285,96.63435009,97.00856368,97.15776906,101.87874635,101.95149019,102.0842923,103.06869304,105.12581468,105.20658634,106.99907197,107.33542181,107.37435689,107.59013269]","[7,5,7,1,0,7,0,5,2,7,5,0,4,5,2,5,5,1,6,1,1,6,5,7,1,6,0,6,1,6,6,6,1,7,6,6,7,0,7,0,2,7,7,2,7,1,4,1,6,1,6,6,1,6,1,6,6,7,1,6,1,1,6,1]"
"[2.11374329,3.20198626,3.62900127,4.03480444,4.66276895,5.21309016,5.9238132,6.98106649,7.63325865,7.86081216,7.92483498,7.97942489,8.63765828,9.17001796,9.46924391,9.4841594,9.6535703,9.94195647,12.68088392,15.29425578,15.57383799,17.82653779,23.09391868,23.42318304,23.50777856,24.53570933,25.79505266,26.51636826,26.78733877,27.11035673,29.65190395,29.88280824,30.2994967,31.44519325,32.12861022,32.96499792,34.40554274,34.45517761,35.12674447,35.31208693,35.43169926,36.36916771,36.50658091,37.07419471,38.28973995,38.54666632,40.39888125,41.48062619,41.48749151,42.61019144,42.84770358,45.44481431,45.58557782,45.75611782,46.3693142,47.06201272,47.14127541,49.15639647,54.3645964,55.01538645,55.05483586,55.15349354,55.17132625,57.52342565]","[7,0,4,7,2,0,5,7,7,7,0,7,0,0,7,6,2,0,0,1,6,6,0,7,5,5,3,1,7,7,0,2,7,3,5,7,7,0,0,7,7,0,2,5,5,0,7,0,0,7,7,7,0,0,5,0,4,5,7,5,5,6,6,0]"
"[0.15107224,3.88309996,8.5957498,9.71956047,9.79750286,10.0412472,11.91708576,14.76747325,15.00747072,15.31299567,15.5979902,17.00957278,18.40334838,18.68059958,18.82133578,19.77490916,24.34795394,26.2861862,27.54969955,32.32539582,32.45638969,32.639809,33.10791926,33.41061191,35.3440618,39.22819414,40.90462745,42.00433531,42.64597068,42.82583591,44.72417495,45.17672177,45.52769264,45.6665547,45.6866757,45.71288465,46.32803537,47.49710128,48.46185379,49.04900361,49.91034581,50.51580212,51.79493185,53.65910846,55.43256489,58.66782999,59.13153123,59.73672132,61.18910091,61.37388828,61.56455877,62.07407837,62.10148196,62.1111506,62.11835837,62.38734762,62.66062164,62.81844653,63.06405261,63.87626945,63.93215682,63.97085083,64.20131571,64.71445051]","[5,5,1,2,2,5,7,5,3,0,0,7,3,4,6,1,6,7,7,2,6,4,5,5,5,5,0,4,7,0,7,2,0,7,5,0,0,2,5,7,2,5,1,6,1,7,0,7,0,7,7,0,2,7,0,0,0,7,0,7,7,7,0,7]"
"[1.80281127,2.96309629,3.45328153,10.0425024,10.17135344,10.62869841,10.69317911,11.9035841,13.52423854,14.32093976,14.6037994,16.19532905,16.29663098,21.26663737,21.43398214,22.42870102,24.24739059,40.05265331,41.48232398,42.23541245,43.24503181,44.00657547,46.81607079,46.9255581,49.19339184,49.66083981,52.26096651,52.89931587,53.00552089,54.42216363,54.56699476,55.83370775,56.94161973,62.47936462,65.42379891,66.68190236,69.6152693,75.35709296,77.21621431,77.47982949,77.64939755,83.16922986,83.97466319,88.7987884,89.47263169,90.49860025,92.39758927,93.84622144,94.91030212,96.39404311,96.66843593,98.17122356,100.02433561,100.84248464,101.19120807,101.72868595,102.55329145,103.06617359,103.71724884,107.53946427,119.95296015,122.04862575,122.29499969,122.57477273]","[6,1,5,5,1,6,1,2,6,3,7,2,5,1,3,1,4,2,2,5,1,6,7,0,0,1,6,2,5,2,5,5,5,0,6,6,2,7,1,0,7,5,3,7,3,7,1,6,5,6,1,7,6,1,6,0,1,6,1,5,2,0,5,1]"
"[4.25103367,8.3795779,9.96758094,11.69594378,12.37249039,16.50916525,17.04737051,17.30833417,18.09390116,19.57809296,20.49364304,21.04595709,22.13773033,24.31233404,25.15899057,25.23976662,25.26251906,25.64743845,26.56263399,26.67681549,26.72631055,27.97649164,28.65571624,29.67005177,32.20589028,35.17268585,42.04457223,44.9940417,45.62706832,46.62036366,48.66642044,50.82713246,52.75671019,56.23199066,57.34161884,58.94501438,59.12227932,63.08042007,65.85761988,67.92777208,68.30005764,68.54311201,68.78862426,69.71382667,70.69866645,72.1021947,77.08854697,77.79999788,80.64844031,82.33912626,83.0856841,83.24368771,83.60911708,83.61659409,83.78569009,85.89340146,86.10491269,86.44206003,86.7548095,86.93715144,86.97468851,88.3080814,88.71352595,89.34520778]","[0,1,1,6,1,1,0,7,7,0,7,7,0,0,0,7,2,7,2,6,7,4,1,7,3,7,5,5,3,3,1,5,1,1,1,1,6,6,6,0,1,7,1,3,5,7,1,6,1,6,1,4,7,1,0,1,4,5,7,6,7,0,7,1]"
"[0.69496995,1.41128275,1.72785017,1.89925099,2.03577668,2.61225415,3.14691323,5.81148492,5.93346388,6.61311393,8.59515612,10.99064508,11.33559915,15.03350334,16.20426994,16.96892394,17.08623041,19.05371231,20.48417481,21.80358048,23.58111916,29.54231482,35.27917749,36.98137537,37.45346574,38.05482257,38.52814559,38.79503414,39.55840961,40.2277982,41.04034192,43.75454212,44.07602552,45.24811605,46.26309351,46.49096382,46.58775055,48.56073202,56.48820546,57.50420332,57.73734664,59.21602862,60.0487103,60.22057594,60.90202254,63.7078621,64.45722252,64.80019402,70.37602376,70.67467729,70.83935269,70.95189821,75.87729085,76.66511197,77.72344784,79.94006861,80.07473448,80.61555889,80.70920907,81.67290212,82.09607109,83.70196238,84.047771,84.34089041]","[6,1,6,2,1,6,1,2,5,4,1,3,5,0,0,5,7,0,5,4,2,7,6,1,6,0,5,1,1,4,6,6,1,5,6,0,7,2,2,5,7,5,5,1,4,7,0,7,1,6,0,7,2,5,2,0,7,4,5,6,1,1,6,4]"
"[0.32380676,2.29583667,3.24438956,4.48153827,5.1615228,5.68887761,5.84927248,8.0835913,8.1255885,9.07431957,9.26312684,10.08181826,10.14483412,14.1691306,14.25545848,14.9873597,16.02089462,17.39869774,18.50347271,18.7165641,19.9422884,20.03534897,27.89538263,28.26090731,28.5040829,30.78523748,30.91907589,31.27561973,32.60075722,37.12151211,41.73689353,43.40077865,47.87606209,48.71608885,49.26315644,50.32658678,51.03946255,51.42725216,56.43229028,58.86016834,61.28891866,67.39279338,68.42780459,68.75187551,70.82965018,81.90330968,83.43611865,85.76264637,86.23594691,86.25119773,87.07977654,90.40378319,90.79620303,94.60701601,96.83781219,103.03557171,113.76481001,115.69667426,115.89296264,117.43390721,117.63295344,121.50248995,122.43305853,122.46634001]","[3,4,0,7,7,0,7,0,7,0,7,0,2,7,7,0,5,5,7,5,2,3,0,7,5,2,5,3,7,2,5,4,7,0,7,5,0,4,4,0,7,7,7,6,4,5,7,0,5,7,0,0,5,7,1,5,3,7,0,7,7,7,0,7]"
"[12.31140669,14.98682522,16.04046377,17.54416839,18.82513999,18.96203225,20.13556268,23.12853161,24.40423162,26.82189487,26.94442769,27.46589374,27.72754223,28.30716357,30.24552199,30.25287228,32.4774412,32.62619325,32.80786153,32.88259333,32.93987302,39.2530751,39.62903942,42.59823099,43.86354483,45.65411384,47.01286982,48.79483109,49.07659866,51.83445956,51.95382698,59.65783766,60.48480804,60.67169045,61.20490694,62.30111574,62.54743183,63.23412575,63.44119687,63.59740245,63.63903121,63.7745269,64.20357364,64.45703881,64.60809586,65.91992398,65.96158769,67.9011734,68.39712645,72.36503007,84.94044497,88.39548435,90.12849568,90.62473515,91.26536484,91.89073594,92.25997338,92.92783188,98.12672356,98.59190852,98.81245038,99.088079,99.1318546,99.68246546]","[7,1,1,0,6,1,1,5,4,5,0,0,7,1,6,2,2,2,5,5,5,7,0,2,5,3,6,5,1,5,1,2,1,5,6,5,3,2,1,3,6,1,6,1,6,6,1,5,6,1,0,5,3,2,3,2,5,5,6,7,0,0,7,1]"
"[7.26473785,17.02143466,17.97977444,19.41355714,20.0274154,22.51414203,23.53811374,25.03865111,25.11592815,25.39644615,25.77598821,26.02872888,26.17027714,26.27943135,26.66864446,26.92831453,31.35644564,31.88067973,31.90258832,32.42771876,33.02690627,33.19120574,35.15141583,35.54245471,35.86011506,36.23789759,36.73781156,37.1589215,37.25276066,37.82621698,38.83738487,39.40207517,39.70435801,42.33189038,42.84676704,45.42337254,45.96664589,49.33684535,49.47527428,54.4551734,55.21864065,56.47008208,59.98425828,60.18158314,60.75088578,61.53636349,65.70299708,66.04188084,66.29167487,66.4601879,68.6273815,73.48810138,74.51572565,76.59674235,77.55510108,77.74932662,78.13417794,78.42970032,78.43874573,79.1769737,79.80551142,80.13191911,80.14438581,80.51449922]","[5,0,7,1,1,6,6,1,6,1,0,7,1,6,0,6,6,1,6,6,1,6,1,1,1,1,6,6,1,3,2,5,5,1,5,5,3,5,2,0,4,7,2,5,5,1,5,3,2,5,2,2,5,5,0,7,7,1,0,7,7,7,0,7]"
"[2.7944484,4.45357773,6.6768537,13.40634008,14.4750863,14.51139559,14.53432813,15.02586197,15.16218429,15.92928873,17.40433962,17.84817063,20.24256007,21.02796312,21.75109804,21.86507142,22.05422482,22.24862821,22.5854936,22.71473166,23.8425498,24.07580131,26.10823212,26.66941802,26.9051086,27.0449742,27.09868022,29.00276205,29.11628179,32.06660358,32.20278455,32.4947185,35.63721064,36.98225567,38.93510278,39.93901203,40.36011381,41.23365921,41.45836355,43.88752432,44.92131492,45.76955168,45.87508936,45.91715247,46.73326245,47.70183564,48.20314788,50.43790229,53.22205003,54.1079491,54.58930001,54.69411358,55.26474895,55.2784516,55.32114756,57.99171122,58.19812906,62.68047068,63.53960923,65.22247025,65.90920878,66.31930049,67.48402818,67.98403529]","[0,7,0,5,5,7,1,6,1,6,2,1,7,7,7,0,7,0,7,7,0,0,7,7,0,1,4,0,6,7,0,7,0,7,7,7,0,7,0,7,0,7,7,7,2,0,7,0,7,7,0,0,7,7,7,4,5,7,0,2,2,7,7,0]"
"[0.41564032,2.4105045,3.28121109,3.82497208,6.06193654,7.44962836,9.8132331,11.89930879,12.74039517,13.34847196,13.5364268,14.19596902,14.24089076,16.80193846,22.76574541,25.44140968,25.77746922,26.0425083,26.85268747,28.27520508,29.57997953,30.65574166,31.31495556,32.54871481,32.90250069,33.98917195,34.80845929,34.96722081,35.15918985,35.26586119,35.47006414,35.70971446,36.17099717,36.48679142,37.13174626,37.82001791,38.83094109,39.20138173,39.21386044,39.52275598,40.0792739,40.69172581,44.00176783,46.95250525,47.92939845,48.83104204,50.37848341,51.34451828,57.85213862,61.32926215,62.15593271,63.37531967,65.92265077,68.25910678,69.13763755,69.40759,70.34310277,70.38075542,71.87607814,72.0821715,72.29814746,79.77854642,79.9529913,83.05757886]","[5,5,4,4,2,5,6,7,0,6,3,5,3,2,1,1,6,6,1,7,6,6,1,1,6,1,7,0,7,0,6,1,2,1,6,6,7,0,2,7,1,5,7,5,1,7,7,6,4,7,0,6,1,1,2,5,5,5,7,0,7,5,2,7]"
"[11.97973083,12.71245605,15.09568691,19.06585604,20.69979306,22.24572139,26.01988676,26.02542619,26.45893384,27.19985086,27.55795378,27.82546038,28.02291862,28.38742977,28.42457123,28.61799365,31.07185187,33.31870021,34.85777613,36.42716803,38.67114486,39.48676695,43.82687426,46.70048751,47.58969951,47.63276303,48.77689057,49.90953653,50.07845204,50.13116102,50.32630186,50.66304223,50.77484779,51.02297873,51.13461447,51.74763592,51.85229231,52.05433967,52.59199862,52.81708944,53.214886,53.22814578,53.6496103,53.95565006,54.03347623,54.15827952,54.94531306,54.96133119,55.3095362,55.71487214,57.05966279,57.59230399,58.57713922,58.94418612,59.0032898,59.34691229,60.32109538,63.15364436,63.85060845,69.56784496,70.63988823,71.22072242,71.27476387,73.0988747]","[4,0,7,4,2,5,2,5,5,6,1,6,1,6,6,1,1,6,5,4,3,4,3,1,6,6,7,7,0,6,5,1,6,1,6,2,6,0,7,0,6,7,6,0,1,6,1,6,6,7,6,1,6,6,1,1,6,6,6,2,5,1,5,0]"
"[2.62365869,4.46030562,13.70219324,14.45759343,14.9278298,16.22370495,16.61283837,16.7271865,17.08229256,17.64882752,19.27596276,19.71568984,22.84728933,24.39635336,24.56339299,26.35187943,26.88052421,26.92839169,27.1595439,27.46888318,27.98398126,28.97076322,29.31008364,29.67827712,30.79941695,31.12706921,43.32060053,43.52735792,43.89273325,44.66104141,50.50367677,50.59966646,51.40354459,55.16774947,56.04603681,57.26845434,59.69596929,60.17997496,63.82532261,64.69127932,65.63797553,66.73295701,67.82855945,68.09006256,69.32536514,70.79678027,70.88323488,72.41751281,73.57857946,74.59805647,75.01923968,77.27237456,78.3936715,78.80954451,79.5038361,79.93459745,82.20467388,82.30154223,82.79281078,83.33803148,83.34869845,83.95040845,84.31318035,84.40984337]","[2,5,0,4,7,0,7,7,3,0,0,5,0,5,0,7,0,5,0,0,7,7,7,7,0,0,1,6,6,7,2,5,7,7,2,4,7,7,1,2,6,5,3,1,6,6,1,2,5,6,1,6,1,3,1,1,7,6,6,6,7,1,0,2]"
"[0.47030388,2.14638117,2.17752372,2.64914549,4.33620153,4.42681629,8.68303677,8.8292178,10.48820706,10.93162176,10.95164729,11.86194707,12.01985721,12.09338104,12.57214733,12.59488634,13.10447096,13.71555902,14.64638131,18.57586726,19.44110231,19.67975846,20.01088447,20.28351378,21.12542831,21.17854174,21.50531266,21.91144081,22.00471683,22.2494328,24.02192791,24.35422597,24.40883636,29.77505289,30.87249008,32.49038562,33.30762049,33.68030287,34.15146006,34.64302166,34.71053222,34.79016608,35.03983526,36.04237521,36.13103161,37.07630922,37.54567538,37.83638657,38.59377143,45.04328174,46.41175683,47.57165161,47.88865645,55.27638268,55.40599955,55.63792509,55.77794806,56.46754033,57.76443955,57.97081974,59.20161228,59.56533337,59.74518734,61.30583986]","[5,7,7,0,0,7,0,5,2,7,0,7,2,4,6,1,0,6,5,6,6,1,6,0,5,1,6,1,6,7,1,1,4,6,6,0,6,1,7,6,7,1,3,2,1,4,0,6,7,4,4,3,1,2,7,0,7,5,0,5,7,0,7,7]"
"[10.08478077,11.66245835,15.29785558,17.41607093,18.28374062,19.59462068,29.00941373,29.70635214,30.24972316,30.61887244,31.17113798,31.51310656,31.51615015,31.93640392,31.94782279,32.37012008,33.36897991,33.6908394,35.56037737,37.27109695,39.49047684,39.81825116,40.08389777,40.29094258,40.98814442,41.84623496,42.29558119,42.96202487,43.01520092,43.03571206,45.60353822,45.63417097,45.82179856,45.92756527,46.62310285,47.12356916,47.22328233,47.30406612,47.70635881,48.24776008,48.3114941,48.49080106,49.93414766,50.08571141,50.13728224,50.23384995,50.31213691,50.32588192,50.71658202,53.51757937,53.62889886,55.51955127,55.64259735,55.94176031,56.36249617,58.43044775,60.48635655,65.79639669,66.09808647,68.47080214,69.48944899,69.92774883,70.24753824,70.57116196]","[3,0,2,2,2,5,0,4,7,0,0,5,0,7,0,5,7,7,7,3,1,7,6,6,2,7,1,1,1,6,0,7,7,2,2,0,5,5,6,5,7,1,6,6,6,1,6,7,0,0,0,6,1,4,6,1,2,1,6,6,1,6,6,1]"
"[9.92151409,12.35870263,14.16124268,16.33224098,17.99390929,18.19776317,20.4133185,21.40275789,21.61714449,22.80153422,26.28743211,26.3057352,26.7619979,28.12093444,28.16106104,28.18551902,29.69502885,36.50208935,37.78314816,37.99082434,38.94408123,39.36318182,41.13919297,42.99126151,44.50684115,46.66345829,47.7537197,48.26545401,48.5173262,48.75618611,48.90254669,49.9445275,50.10645409,50.37167458,50.47415334,50.58334645,51.22067144,51.50955164,51.73422989,51.77221594,51.78996891,51.97179621,52.13495908,52.60369027,52.75866993,53.79525081,54.74390295,55.43523671,55.48283482,55.66221057,55.73606514,56.16302529,56.30275909,58.46899912,61.01323511,61.81767705,67.0545291,71.20933025,71.5286005,72.34433349,73.62083582,73.73133937,73.85014088,75.29726638]","[6,6,5,2,2,5,6,6,0,7,5,4,3,5,2,3,5,2,3,4,3,2,2,2,5,0,7,7,0,0,7,7,0,0,5,7,0,7,2,7,2,4,7,0,0,0,5,7,5,5,0,5,5,0,1,2,1,3,7,7,7,2,0,3]"
"[4.2504135,6.71314321,11.55576382,17.40821392,19.03333074,19.37149976,19.89416209,21.48475467,22.01558287,24.50326978,25.38733914,25.9561311,27.36478576,29.10939673,33.28887301,34.03546354,34.6017032,34.68605675,34.78123836,35.67816292,36.00937934,37.88682634,39.43751963,44.66978573,49.80230774,54.12704591,62.19645045,62.68611688,67.31728516,68.45478271,69.8656876,73.2431527,73.24341844,74.37373261,76.72962322,79.14817521,79.40848242,80.01598387,81.3037522,81.3559517,81.38447455,81.54598083,81.56125216,81.83400719,81.95477058,82.54709517,84.12102001,84.92029616,86.95211313,87.98352038,90.59191595,93.65018685,94.79153463,95.62162663,96.62698627,99.21625555,100.44385545,100.58440573,101.48747372,102.55745661,103.0366827,103.21588867,103.51264685,104.26545199]","[4,5,4,5,3,2,2,5,3,7,7,2,0,4,2,0,2,7,0,5,5,0,5,7,5,2,7,0,0,4,2,2,5,7,0,0,7,7,0,7,0,0,1,7,0,0,7,7,0,2,7,7,5,5,0,0,7,7,0,7,7,0,7,7]"
"[6.38050899,6.69310664,6.79299876,7.78281917,8.16705746,15.57735009,18.314988,18.70609517,19.27761402,20.77504321,26.40840505,30.18876422,30.90321942,32.56600489,34.47241939,34.59805514,34.68722062,35.02915653,35.93354151,37.02223737,37.34941691,38.50374022,38.88114627,40.06463214,40.18474074,41.54232494,41.74131779,41.97585621,43.39962658,43.60738653,43.88126045,44.07478735,45.71704322,45.84945075,45.9972992,47.0368668,47.84837316,49.55587784,49.84277657,49.94813032,50.92863088,52.92600719,56.59286103,64.54517245,65.27686205,65.41366427,65.43940933,65.50983742,66.25384456,66.68498847,66.98743377,68.11130386,71.82996372,73.21595102,73.40635714,73.75343196,74.05472074,74.12324158,74.38440569,74.95854115,75.59216725,75.98536904,76.72978583,76.98435109]","[1,6,7,2,6,7,3,1,6,2,3,1,2,6,6,1,4,6,1,7,0,7,7,1,4,0,7,0,7,1,0,5,7,7,0,0,6,7,7,5,3,5,4,0,7,0,5,7,7,7,7,0,7,0,7,7,7,0,7,7,0,0,0,5]"
"[2.92180564,6.47872877,7.77799778,7.86732664,8.27700842,8.59561212,11.93915596,12.59418047,14.7457852,15.84294947,16.64236244,18.3118553,18.53173941,18.62060569,19.27323009,19.87590684,19.9309472,20.14564104,20.14770023,20.36682751,21.36391155,21.60132222,22.39653784,22.51225499,23.75318818,25.92337526,28.91288769,29.17169678,29.28608972,29.93834056,32.25716796,35.08746759,35.99518073,37.81248001,38.13822137,38.53422188,39.29608574,41.93474948,42.72918457,43.45656442,48.76206575,49.59702858,49.77547908,49.94227146,51.32750743,53.62283261,54.07571778,54.80890104,55.94906699,58.33601758,61.02461952,61.23461626,64.4977728,68.89657148,71.89459342,72.19542492,74.73782252,74.8805543,76.46845793,79.61877813,81.05438835,82.75479752,84.96183813,86.65563718]","[1,3,1,6,6,6,7,0,6,7,1,0,7,7,0,7,7,0,0,5,7,7,0,0,7,2,3,5,7,0,1,7,0,2,7,0,7,4,5,0,6,5,5,1,6,1,6,0,1,7,0,2,4,0,2,7,7,5,7,0,7,7,7,0]"
"[3.82570152,9.62450439,10.35402243,11.00223775,12.06553077,12.97306911,12.98052904,16.53759751,19.01800239,21.92539127,26.49918186,26.6585152,26.72888631,27.55541586,27.57766601,28.95855598,29.34405279,29.38788421,29.68105665,29.89943489,30.0334948,30.07472443,30.29087717,30.85135022,30.99940124,31.4777479,31.8204896,32.0969059,32.51790349,32.63923534,33.74214535,33.89984692,34.0396073,34.54103518,34.5533065,34.60245773,34.68161373,35.29748072,35.39711149,36.04730361,36.3248547,36.74161539,36.86614511,37.18753887,37.20537951,37.38238752,37.54005148,38.23577482,38.52051631,38.84653447,38.96952833,39.36843855,39.40488,39.45814831,39.65397118,39.89302924,40.04224958,40.22798998,40.32140254,40.32363262,40.39910565,40.53884833,40.54486677,40.72978397]","[4,1,6,1,1,6,3,5,1,2,7,0,7,0,0,1,3,0,6,7,0,1,0,7,7,7,7,1,2,0,0,7,0,7,6,1,1,1,7,0,0,7,7,5,7,6,5,6,0,0,7,1,7,0,6,7,0,1,1,1,7,6,6,1]"
"[3.30277985,3.74073875,3.79915313,4.36951139,4.63790678,6.07386031,6.36010557,7.3091562,7.41286449,7.92872969,8.21755844,8.78227337,13.58961577,14.87550713,17.05250793,18.61214951,18.89248248,19.18501053,19.74145604,22.69076299,24.04840455,24.40416044,25.14452306,26.40964632,26.61526152,27.64452112,28.67714159,29.17144614,32.53062319,32.77053602,34.35972086,37.36124456,39.47315341,39.92066325,40.6025414,40.72640727,44.48939777,44.75537463,44.8136592,45.07364523,45.26794422,46.08940473,46.09621451,46.25049093,50.3032221,53.9005534,62.40897636,62.53082767,63.51255599,66.45321798,66.47588002,67.23730927,67.47579096,67.58962748,67.72470419,67.87829443,68.65503869,68.95070772,69.07107631,69.2549013,69.66206104,70.99186,71.02726816,71.652094]","[7,2,0,5,7,0,7,0,7,5,2,5,7,3,1,6,6,1,6,7,6,0,2,7,0,0,6,4,7,7,0,0,1,6,6,7,3,1,1,6,6,1,3,3,5,4,5,7,0,7,0,7,0,7,0,0,1,0,7,7,1,7,0,6]"
"[4.4920872,7.72263025,7.80348034,8.37056406,9.11605624,9.52092,9.74387832,10.01882055,10.43986025,11.2676744,11.99247141,13.9887762,14.27857495,15.69975823,16.02013136,16.18245339,18.02848283,18.46385831,19.05254014,21.98360755,25.80169326,25.88823053,27.66620926,27.74029715,27.76923773,27.85980302,28.66850308,29.05629708,29.57070451,29.67642724,31.93805884,32.20178127,37.62627267,39.36045895,42.81702401,44.32439509,44.56403728,47.84432426,58.1343027,60.35329802,60.62816903,60.79615831,60.86631322,60.99727327,62.22738136,63.59689691,64.11929308,64.35644956,64.47709531,64.97249494,64.97546218,65.30793377,65.46926093,65.99344136,66.43312353,66.77810975,67.67299632,69.07865423,70.69842603,73.87539837,73.94360892,73.99881522,75.67469852,76.0621019]","[0,2,0,7,5,5,5,7,2,5,5,7,0,7,5,0,5,7,0,7,3,5,7,4,0,2,5,0,0,7,1,3,7,2,7,0,1,2,4,1,6,6,6,6,1,1,7,0,1,0,2,7,6,1,0,6,4,2,1,2,0,3,5,2]"
"[1.60431526,1.62626522,5.24976958,7.39056248,9.13775873,9.87927733,9.94345134,10.30758172,10.88225809,11.48195564,12.96922155,13.33599766,13.87577515,18.61238389,21.52352684,22.92434008,23.68190582,23.69881796,24.36584591,24.9222161,25.32448521,25.99045455,26.78564438,27.09666699,27.11523427,29.19044371,30.50150132,30.95367358,35.76330186,36.20098829,37.96378361,38.93863865,46.50663779,50.82730154,50.91409047,69.40610189,77.93031052,78.20628882,80.11729411,80.36559092,81.58510221,81.92474544,81.94838263,82.27265692,82.45766448,84.02454354,84.11180223,84.9047789,85.56884204,87.46686665,88.19560042,88.69759326,90.47752736,93.74433611,93.84102457,98.90741012,99.0867653,99.67493268,99.8019536,100.13651966,100.42334971,100.44663513,100.48545597,100.5342924]","[2,5,4,5,4,6,1,1,6,6,1,1,6,4,1,1,6,0,6,7,7,0,0,7,7,5,7,7,5,7,0,7,4,5,0,5,1,0,1,6,4,6,6,6,1,6,1,5,7,1,1,6,1,2,5,6,1,6,6,1,1,1,6,1]"
"[0.04821574,0.29296059,0.42112646,0.5265663,1.8892628,3.23342453,3.9161867,4.93173326,5.00473098,5.10336748,5.10735074,5.15279345,5.55078061,5.58250312,5.59414182,6.22598778,6.3683139,6.59872962,6.79578345,6.82723539,7.0309384,7.30017094,7.83192113,8.0696018,8.61914943,8.91036947,9.15630997,10.21814562,10.50051036,10.51502361,11.06893889,11.20577093,11.3219446,11.39769977,11.49993857,11.62201816,12.42739476,12.79682682,13.27463357,13.41823286,14.90444897,15.01953249,15.31499241,15.88522833,16.52845867,16.7068867,16.75147279,16.90665731,17.17311527,17.27401301,17.96019932,18.32544546,18.50140084,18.70413362,18.71789482,18.78006027,18.84007984,19.03533139,19.25768471,19.84731953,20.4735511,20.53849632,20.79790605,20.88012717]","[6,1,0,1,7,5,4,7,3,0,7,0,0,7,0,0,0,7,7,0,7,0,0,7,0,7,0,0,7,1,6,0,7,0,0,1,7,0,1,7,6,7,0,0,1,1,6,7,6,1,7,6,1,7,0,6,1,0,0,7,0,0,0,5]"
"[3.98976264,5.01009516,5.36167977,7.08752671,8.6557233,8.87733179,9.86604777,11.52737923,14.67953437,15.14891325,16.18716322,16.22974743,16.34864831,16.39193785,17.07410117,17.24848015,17.34334036,17.46088935,18.12394791,18.13414576,18.19495562,18.28723757,18.38375643,18.60957566,18.87082788,18.88498149,19.59728083,20.06047393,20.21765564,21.31504646,21.77771013,22.07992201,22.28570808,22.33173691,22.68267874,22.96429964,23.41214782,24.39035011,25.06631679,25.44766558,25.45081375,26.02638393,27.59653743,28.88628973,31.35280611,31.67650529,32.11315792,33.14684988,33.2894456,33.95748098,34.65177888,34.65421939,34.69610184,36.2601642,36.68922411,36.80279874,37.32541988,37.4200415,37.77107787,38.28139255,38.42459472,42.58443329,45.60964805,54.0762129]","[5,1,6,0,7,4,1,6,6,1,6,6,6,1,6,6,0,6,7,6,7,1,7,0,7,0,1,1,7,6,6,1,6,1,0,1,5,6,1,5,1,7,1,4,2,0,7,7,0,7,0,5,0,4,0,2,0,7,7,7,5,0,7,2]"
"[8.3706657,10.69817688,11.60098762,11.63758783,12.87636783,13.54651611,17.04327459,17.91558159,19.34486192,20.05059341,23.89024521,27.93809498,31.05949609,31.52362047,32.06244358,36.68072335,37.17462219,43.13666783,46.02317141,49.63374954,50.8316482,51.20127947,52.22407578,53.76179619,54.18072257,56.43085245,57.84280981,60.84533881,62.17572601,63.81768153,63.98296995,64.16612382,64.44023875,65.21621017,67.52067189,68.21734462,68.49017275,72.58680457,72.77095064,73.56913664,76.48674854,81.62661875,85.6706027,90.87881651,101.68036154,102.06651049,102.15251292,103.88482606,104.51151204,104.81005437,104.97906913,105.52689543,105.64387788,106.61594896,106.83847409,106.91103278,107.62345565,107.80733002,107.8626358,107.95946076,108.29042068,108.6619486,109.48928603,109.66814205]","[4,5,0,7,7,7,2,0,5,2,7,1,2,5,5,2,5,7,4,6,1,7,6,7,0,7,0,3,5,0,7,7,5,2,0,2,7,0,2,5,4,5,0,7,1,6,6,7,1,6,6,6,1,1,1,2,5,0,7,1,6,1,0,4]"
"[1.32887498,1.81157215,2.26318398,9.05993869,10.54201334,11.64997687,18.77273991,19.01210174,19.39473977,19.59745849,20.57953873,23.68497074,32.07496532,32.24738007,32.47115805,33.23424353,33.56765704,34.76606124,35.06910623,36.17291757,36.66625771,37.27738697,37.68604362,39.2695874,39.96024488,40.88393381,42.14929375,46.75337978,58.17291692,59.12369689,61.90964396,61.93864684,62.07249384,63.40297385,63.75609013,64.72119774,64.79985191,65.38344521,67.91274846,68.73796547,69.53622069,70.8561913,71.23784317,71.24343492,71.7182667,72.02334844,74.54906707,74.61241775,74.62859267,75.89808952,76.20090136,76.76154165,77.95351604,78.33855875,78.64512502,81.25688843,82.96137089,85.34112284,91.34163226,91.38248335,98.36814967,100.34460717,101.88960657,104.04734835]","[6,1,2,3,2,5,2,5,3,3,5,5,1,5,0,7,0,2,5,4,0,7,1,6,2,5,5,4,4,7,0,7,7,0,7,7,7,0,0,7,0,7,0,2,1,7,0,6,7,4,3,3,0,7,0,7,0,4,7,2,1,3,7,2]"
