event_times,event_types
"[2.42491084,3.07104511,3.6120722,3.94705179,5.04842895,6.80659072,8.32413338,8.56521893,8.69164194,9.89630598,11.37413192,13.35198595,15.90468169,15.96724726,16.08976565,23.13377143,23.42283135,23.62562768,24.57801591,26.05132527,27.491153,30.63663982,31.06016302,34.25480192,43.73703862,55.36711408,58.74254819,60.86580776,62.42373807,63.24263545,63.70358433,64.88754201,64.94453641,65.39028277,66.21971396,66.60644464,67.84928679,67.86634564,68.73940669,71.89280032,72.31085988,74.16688376,74.34590053,77.58523637,87.71398831,88.37753493,90.94632757,92.37893335,92.41113654,92.78118186,92.80883745,99.06795167,100.43721785,100.65763791,100.68905845,101.33912403,102.3747365,105.30747715,105.57742805,105.70145078,106.25077023,106.3547286,106.38190507,106.98598073]","[0,7,1,4,1,0,7,0,1,2,1,0,2,3,7,2,1,0,0,1,1,7,5,7,3,5,5,3,2,3,0,0,1,3,0,4,2,1,3,1,1,4,6,3,3,7,5,2,3,3,3,0,1,0,1,1,0,5,1,4,0,1,0,1]"
"[0.54211594,2.69796926,3.00756111,4.71748189,5.83588243,7.56506139,8.89770591,13.34463852,16.76602625,24.62698707,24.73211636,25.01913875,26.53909374,30.46799726,30.61564337,31.11689221,35.14439522,49.04109194,50.51614101,50.74306349,52.58954906,56.10744088,56.55299368,56.77861214,57.13414953,57.87841933,58.96822714,59.25747991,59.38826133,64.56081032,65.19947689,67.34989436,70.54331349,72.89693603,73.13144826,77.36715828,78.03173248,81.07057065,82.03494987,82.20621513,82.53053239,84.19951333,86.62839893,94.02357788,97.20960998,97.22265115,99.03589958,99.73278154,101.66929564,103.28376166,103.40954966,103.47242061,103.99924501,104.22546846,104.44009926,105.54147475,105.72331702,105.76311747,106.09779208,116.6564134,118.86359137,120.08420304,125.22262891,126.18882567]","[7,0,1,1,6,7,3,4,5,2,2,1,4,3,6,3,2,7,0,1,1,0,5,1,0,5,1,0,2,7,0,4,1,7,1,2,6,4,7,1,0,2,7,2,1,3,1,5,0,2,3,2,1,0,1,2,2,0,3,6,1,0,3,7]"
"[7.12023385,8.25792195,8.45506925,9.16590127,10.69337572,11.03670882,11.08883029,11.59997089,12.25498185,12.52704259,14.09673308,14.51389788,14.86388467,15.63250901,15.64202245,15.7386413,16.04829449,16.54508624,16.60855593,16.76657671,17.8438082,18.36328774,19.70292407,20.07905145,20.12145994,21.11567555,21.59754234,21.73287623,21.85916091,21.909735,23.02189454,23.04605499,23.17094069,23.73108244,27.23109518,27.78459583,28.10618494,28.13019729,28.51209737,29.27213153,33.36560134,39.02227541,43.54063907,44.88919057,48.54956309,49.06139758,51.17491178,52.90181454,53.00860582,53.26747311,54.22616513,55.2199006,55.75079833,55.96451322,59.63734544,59.92188901,67.2668307,70.37827399,71.70034921,78.1811406,84.79638438,85.84896111,87.40672672,89.44012384]","[0,1,0,1,2,7,5,1,0,0,1,0,0,0,0,1,5,0,1,4,1,0,1,0,0,1,0,0,1,0,2,0,3,1,0,1,1,7,0,0,7,2,2,4,2,0,1,2,3,7,6,4,3,3,0,1,5,3,0,5,2,5,7,7]"
"[2.40745637,5.64990211,8.22900061,10.65025387,11.07777866,12.55097785,13.12127672,13.52154548,14.11996277,15.1963988,17.08017731,17.35075794,19.46503615,22.20919947,24.53165393,26.05293753,26.78191488,29.83299664,30.23439242,36.08222543,40.30018811,40.5946072,43.88206099,47.74635841,48.34210882,50.95353628,55.96763923,57.40938586,61.97080296,62.23792479,64.32189856,65.09103233,65.18664942,65.26603758,65.76496427,65.82846519,66.00107717,67.56611828,67.58075189,67.83552948,68.05879231,70.44675639,71.01162191,71.3173106,75.38773337,75.44006248,75.85258058,76.86822584,77.45898812,77.69929138,80.43279275,82.12269009,85.66311254,85.99918239,90.98983863,92.61255314,92.66559683,93.25444438,98.32911424,99.23423374,99.27363504,99.55549574,100.04588975,100.54854744]","[3,2,3,7,7,2,3,5,6,6,1,4,5,5,0,5,0,1,0,7,7,6,0,0,1,5,2,4,4,2,1,0,5,3,2,1,0,1,0,1,0,3,1,5,0,0,1,1,0,7,7,3,1,0,3,1,7,2,0,0,1,1,1,0]"
"[2.60505189,3.52911469,6.87420401,7.48195592,8.10745305,8.21782077,8.23084348,10.30238887,11.77295845,12.97154335,13.64938866,15.70849708,18.08731197,23.63035091,24.04407898,24.0721833,25.48846575,25.70152426,25.96949159,26.33888685,26.51250855,26.60159991,29.45660153,33.15890572,36.04455795,36.52066412,37.57293042,41.11349103,46.6026883,47.68313028,48.74827218,49.1505962,51.65689938,60.92957691,62.02199087,65.17760516,66.07395364,69.21908478,69.2868009,71.83707291,72.4425223,74.08700896,79.85514716,82.62416282,82.95868477,83.23729624,83.45246769,84.40747111,84.85019622,85.33608538,85.45063107,85.65988676,87.20966613,87.78935509,87.97287637,88.67508423,90.12860233,95.31223072,100.3211943,102.46210299,106.40574645,116.97125409,121.45463321,121.97412544]","[1,7,5,1,0,0,1,0,0,2,5,1,1,1,1,0,1,0,1,0,1,0,1,5,5,5,6,2,4,7,6,3,1,2,2,0,1,6,6,2,3,2,2,7,7,3,6,4,4,1,2,3,0,5,1,1,0,1,7,1,0,5,6,4]"
"[0.31947195,1.37785265,3.74015083,6.78835196,12.99644258,13.27732979,13.62436628,13.74330001,14.29924759,14.98272455,15.12536953,16.08801015,16.67734668,18.06977819,18.3877509,21.71545391,30.73896615,31.35270311,31.37319083,31.70679235,34.70620497,35.61314528,35.93588131,36.18158142,36.88626517,37.83754121,40.0089826,40.35406991,41.67545069,41.71826685,42.02572672,42.81360762,43.18583007,43.99966397,44.25337143,44.64885591,45.01637469,45.57041445,45.76670832,46.17879842,46.89560068,47.51145317,49.28165392,51.65831154,54.45646964,60.07131991,60.92003317,66.01201771,66.40388387,68.79900906,68.91737356,70.07834,70.6982146,71.57447675,74.24202599,76.24868558,78.39456129,86.36392423,86.95140877,87.91875627,88.79730293,88.8263585,92.03250281,92.30765002]","[5,2,5,0,1,6,0,1,0,7,0,1,1,0,6,5,5,0,4,3,0,3,1,2,7,2,6,2,4,0,3,2,6,1,0,1,0,1,0,1,1,1,5,6,1,4,4,5,7,0,1,1,4,7,0,0,1,5,5,6,5,5,3,2]"
"[1.33614808,1.6358567,2.25842132,2.39302349,2.96149098,3.26966513,4.98252106,5.6253928,5.66615448,6.66297384,10.48823061,10.58132343,10.81355489,11.09162351,11.61107654,11.83032351,11.98707694,15.46325755,15.46481344,17.25418029,18.04572451,18.65573903,19.36550909,19.44521457,21.89287499,22.17408141,22.8219109,23.44458885,23.77084557,23.80861473,24.44783405,24.49661978,24.58552216,24.59373223,24.60593825,24.66767121,24.81819912,26.05169238,26.65430964,26.91220366,27.02990634,27.09002351,27.24613124,27.4298905,27.5069846,27.54732553,27.54966349,27.78656119,27.95157355,30.07055981,30.66694822,31.69450236,33.49424852,33.89530411,34.02660348,35.2228579,36.13986092,36.33729567,36.95744317,37.19180792,37.98294653,38.4220814,38.86599621,39.11208303]","[2,3,4,2,0,5,3,1,0,0,7,1,0,1,0,5,1,1,1,6,0,5,2,0,6,0,1,2,0,0,1,3,0,1,1,0,0,1,1,0,1,0,0,1,0,0,1,1,0,1,0,0,2,1,5,1,0,1,5,3,6,1,0,0]"
"[10.44647152,11.37215133,12.06258337,12.31780925,13.49719623,13.66400044,13.90265942,15.18218131,15.38962526,15.55198834,15.66849945,15.77282402,16.39037335,18.13849807,18.85098274,19.17507845,19.30390995,19.83784054,20.12724062,20.27995729,20.43003917,20.73938706,21.23942973,22.57576396,22.74287398,22.86194569,22.95822976,23.36559514,23.53767446,24.62210881,24.73672045,24.95238053,25.09921288,26.43531344,26.58022493,26.74133724,26.84509422,27.04508147,27.17876374,27.53573264,27.70484708,27.88591649,28.07033384,28.28372895,28.36518916,28.51752918,29.13406754,29.57170926,29.84601209,29.9332711,30.60778524,30.65670522,31.27813939,31.29207661,31.71344514,32.4118359,32.77323614,32.79395385,34.05042937,34.42113327,36.80766407,36.8527874,36.86395709,41.85192971]","[1,0,1,6,1,0,5,0,7,7,2,1,1,0,1,0,0,0,0,1,5,0,1,0,1,0,1,7,0,0,1,1,1,1,0,1,0,0,1,0,0,1,1,6,0,1,0,5,1,0,0,2,7,0,5,0,1,1,1,0,1,0,1,1]"
"[5.22226451,11.78610654,12.62364595,17.64198785,20.31278163,21.06719633,21.50536294,22.30399227,22.47174261,23.17482305,23.59325504,27.87994371,28.09977098,28.77033004,29.31222212,29.36383316,30.47882009,30.80161933,30.97823334,31.25418894,31.43925579,33.13769807,33.40160904,34.38687034,34.38873124,34.60037515,35.23556008,37.83290739,37.85559428,37.88683131,38.10603403,38.4340375,38.92875007,38.97219439,39.20770303,40.22375025,40.38930169,40.46950301,40.54774387,40.62279006,40.62671442,40.7879916,41.9954178,43.39541974,44.13020652,44.60685274,44.6148716,44.86946287,45.04197765,45.05944365,45.10540969,45.22011648,45.54434018,45.70883407,45.87727866,46.0364435,46.06669213,46.08023495,47.26157401,48.05980747,48.33328089,48.47762657,49.16159035,49.6853132]","[1,6,6,2,0,1,2,1,0,1,7,1,0,3,1,0,3,1,1,0,5,0,1,1,0,1,0,2,1,0,0,1,1,3,0,0,0,1,0,7,1,1,0,1,0,1,0,7,0,1,0,0,1,1,3,0,3,3,2,5,3,4,0,2]"
"[2.94865075,7.88257265,11.57226549,11.61932116,12.62220106,12.71776011,13.03455659,13.05737899,17.16713187,18.64909286,20.31534602,20.74173258,21.46129751,22.26701272,22.33331262,22.56182062,23.40101296,23.46478879,23.67316267,23.70619981,26.09419373,26.75315308,26.9903733,28.86077152,29.55223014,29.76367729,30.36628681,30.81271781,30.88147179,32.79145231,34.21475193,36.14837425,37.34508558,38.74136644,39.90718244,40.25505703,42.61958506,42.67263538,44.25347519,44.6424931,44.89122864,45.61966629,45.69966962,46.16823156,46.37597686,47.00847145,47.93082561,48.42422163,48.58233999,48.71264968,48.82641587,48.9760822,49.25063356,49.44788863,49.9185833,50.26331644,50.74084614,52.10642902,53.2082637,53.93719702,53.97409403,54.4605725,54.56573218,54.59947668]","[5,2,5,3,3,3,2,3,2,2,1,0,5,3,3,2,4,3,2,4,7,2,3,2,3,3,3,2,2,4,3,1,3,4,3,2,1,0,0,1,0,1,1,1,4,1,0,0,1,0,0,1,2,1,0,3,3,3,0,3,3,0,2,1]"
"[3.35526612,3.92372492,4.7145272,4.90881944,5.97348724,5.98836548,6.2062117,6.23888595,6.25898798,6.39536328,7.40894079,7.87459836,8.69043691,9.98092408,11.48638109,11.56149294,13.25312763,20.34694693,22.28034841,24.83041701,28.36650464,31.00769313,31.872625,41.67845191,42.23598349,42.31896203,44.85847631,45.70199872,47.82896849,47.84502779,57.07332345,58.10746723,58.55509054,59.45329659,59.59992616,60.14156251,60.4033423,63.2390344,63.56116218,64.86223549,70.44198163,71.8172546,72.42358408,72.96562131,73.34199735,75.25217558,75.95773378,77.73706785,79.20810827,80.08200386,88.68008861,90.15953322,90.63482731,91.43606275,91.65554288,92.44153681,92.64156801,92.76257189,92.848775,93.02132563,93.08034907,93.2986825,93.38139536,93.54152818]","[1,0,0,1,1,2,1,0,0,5,1,3,0,3,1,0,1,0,4,1,7,2,3,3,4,2,0,1,7,1,2,7,6,3,4,3,2,2,7,2,3,1,2,0,0,0,0,1,3,3,1,0,0,1,1,0,2,1,0,1,0,0,1,3]"
"[7.69184844,9.46466824,9.65755572,9.77973901,10.36225049,11.8975352,12.08729812,14.75896088,16.75816412,20.82314702,22.48943596,23.83482159,23.96895129,24.37662019,24.47874323,24.50913942,24.77539069,24.95148804,26.95701903,29.43136743,32.28378822,34.01845198,36.01260678,36.9578172,38.46061884,39.94129231,43.70317376,43.94305658,46.64644422,54.71896081,58.14244977,59.92875976,60.78805506,68.15777308,72.62167981,75.28811134,75.56560117,77.21769087,83.79282188,90.84787386,93.35605592,97.59386806,99.58601783,101.81374149,106.76919858,107.21832113,107.93114501,109.84047725,112.50813736,117.23377056,117.95928524,118.09429658,118.40166767,118.49281471,120.77202668,121.10847052,122.08067153,122.12018886,124.30066771,126.39248772,128.49209136,132.05415055,133.2594675,135.03518998]","[6,3,3,1,7,2,0,2,3,7,1,7,0,2,3,3,3,3,3,3,6,7,2,3,2,3,2,0,3,7,2,5,1,5,2,2,5,4,5,5,2,3,0,5,1,0,1,6,7,0,1,0,1,0,6,4,1,0,3,0,3,2,3,2]"
"[0.01895575,1.19594937,8.16784954,11.632982,11.8700612,16.66576017,30.75397116,30.97591756,36.89540268,37.44195883,40.26261927,45.22270348,52.33582213,53.70762188,56.40821234,57.94609367,62.15797469,64.38076056,68.14646045,68.36545596,68.93834004,69.57685262,69.92922308,69.9664538,70.49088243,71.30733093,75.34601497,75.49076073,75.82737596,78.19187587,82.06814382,82.16853802,82.34617436,82.36811814,83.85236474,83.90722012,84.11653174,84.52661156,85.20785181,85.35177969,85.78952108,86.56275003,87.22942038,88.05183723,88.23216097,88.2843091,90.49137776,91.56347955,94.73147178,94.9908845,96.03266013,97.39290975,98.38033215,99.47707821,99.65187662,100.73444199,101.70328458,104.02048281,105.7529869,106.39249723,108.91193353,109.86557772,110.16023671,110.46665447]","[7,3,1,2,3,3,6,5,0,7,6,2,6,4,1,2,4,7,0,5,1,0,2,0,1,7,5,4,1,0,3,7,1,3,7,3,0,1,0,1,0,1,4,0,1,2,0,1,4,2,0,0,1,1,0,7,1,1,0,1,0,2,1,3]"
"[0.7686339,1.06992957,1.37891123,1.76427023,1.87411838,1.93855578,1.98922522,4.71450498,5.71099439,8.6282779,8.6989623,9.70544946,12.36495402,12.70916285,13.12445514,14.2991593,14.40742452,15.54963855,16.31504136,19.39189203,19.76894504,20.22006398,21.13660053,21.54022855,21.72239127,22.17776284,22.43937003,23.14066229,23.28165946,23.52220485,23.9066734,24.47633229,25.22097221,25.62201346,25.71621573,25.73748353,25.88004022,25.9949287,26.32284441,27.24019672,29.24720049,33.90748484,33.98981886,34.09955836,34.62500945,35.70500333,35.84091489,36.76923496,38.27325365,38.27859772,41.51627839,42.21763537,42.33421994,42.37086962,42.64341175,43.30952191,44.15447504,44.5431345,45.67933802,46.25844279,46.49899845,52.54154279,53.05338982,53.40612452]","[1,0,1,1,2,5,4,4,4,3,3,2,7,3,5,7,2,3,1,1,0,1,1,1,0,2,0,5,3,5,0,1,0,1,1,0,0,0,3,0,0,0,1,0,5,0,1,1,0,0,0,1,1,1,1,0,1,5,7,0,1,4,0,1]"
"[3.84198103,4.58874624,5.87236214,8.54335345,8.85278711,9.83283263,10.30657664,11.52088794,11.72199611,12.37683067,14.30030964,15.35911805,17.10330182,19.01388777,19.73812372,19.74875965,24.89420401,25.56637773,25.80448978,26.19623961,29.31833198,29.67663172,33.10458871,33.52252294,36.17632311,36.36717156,36.68027624,43.47942971,45.54143347,46.5021583,48.57317268,55.84724108,63.12630975,65.96881247,67.23171702,69.61067962,70.07557972,71.15900313,71.21434585,71.65719568,72.4379476,74.88811099,75.20778025,75.7326597,76.13960152,76.1913051,76.4805953,77.32044568,77.63893789,78.89559666,79.15022139,79.25384451,80.16359867,80.38127383,81.89888689,82.58050436,82.7276541,82.93556373,83.30952273,86.82465377,87.17436288,89.06525768,89.21697623,89.9209141]","[7,1,5,2,3,0,1,0,2,5,1,0,3,1,7,0,2,0,1,0,1,0,2,3,3,1,0,0,1,1,5,3,7,1,3,5,0,2,3,3,2,2,7,2,3,3,0,2,2,3,3,3,2,2,1,5,3,3,0,2,7,1,1,3]"
"[0.99073739,3.92387249,4.73332399,6.61967106,7.54559643,8.69954334,15.93520383,16.10092311,16.17421761,17.04237664,17.9488493,22.33107041,24.04730573,24.15305808,24.22621158,24.23649576,26.8947681,27.09062753,28.07616824,30.212619,31.26807599,32.11921353,36.07772694,36.9741265,38.02555823,38.52601213,38.87587297,39.14001323,39.71209746,40.03068992,41.49160624,44.32461165,45.16286776,48.66402147,49.63030402,50.47524313,53.77561384,59.29483797,65.72106665,66.49321789,66.57359816,68.38800452,71.72201791,72.72838834,77.02190056,77.84930821,80.84016187,86.55327241,87.16098169,87.92653758,88.09403954,92.96155948,93.08746357,99.82916265,100.06921251,100.09249324,100.40894632,100.77232456,104.83531751,106.74399048,108.37483833,110.4780292,110.89179672,113.20922035]","[3,5,3,2,3,4,6,0,7,5,1,2,3,2,2,3,3,3,2,2,0,1,0,1,0,1,5,0,4,1,1,7,5,1,0,1,2,5,1,0,1,6,6,1,0,1,0,1,0,1,0,0,1,3,4,4,3,0,7,4,3,4,7,2]"
"[8.3088838,12.46547456,15.68033987,16.16821337,21.81150677,29.25740812,42.05305297,45.6434063,46.14766806,50.33127799,56.37409581,61.09018688,66.16605602,66.84653874,75.76914749,75.98328851,76.00690457,80.8389228,87.58833913,87.70504785,90.59238536,95.29784706,95.54183868,99.25826749,103.75801276,106.78248952,107.51837715,107.85871018,109.81386794,110.10440901,117.85689934,121.97409757,122.48637255,122.78581681,123.24804335,124.47221606,128.1510436,129.49882081,131.85385119,133.50970761,142.72065618,142.78482332,150.64990903,152.13359973,152.72360006,153.65973438,153.70004018,153.94988785,155.55856661,156.33975275,159.28042771,160.134856,161.80046227,163.01056492,164.20287336,164.64483434,165.45628733,166.32289871,167.91227042,167.93904664,168.19410431,168.65604453,169.04336795,169.38867146]","[7,5,2,3,0,5,0,4,3,6,7,3,4,5,7,4,6,7,1,7,0,0,1,7,6,1,5,7,3,5,6,6,2,3,6,3,5,4,1,0,3,2,7,1,0,2,3,2,2,3,1,3,2,3,3,6,2,0,3,2,2,3,6,6]"
"[7.11129282,7.56878373,8.16968509,8.3520664,10.08115268,18.88338623,22.48538834,25.28208784,27.5089048,29.29978359,32.36597139,32.50492667,33.15872839,35.01783786,35.16380892,35.56555023,35.58783839,35.70412086,36.19819278,37.17353677,40.26578136,43.95109658,47.69843521,48.11408398,48.24594333,49.65781409,50.29398521,60.18815668,60.90224702,65.09546539,69.20545046,69.38036557,69.40628533,69.90882949,71.35551312,72.28466577,75.81892259,76.25278981,76.26114595,76.40280039,78.92434024,82.71833241,83.15049471,85.00900915,86.99052164,87.35498374,87.48179129,87.72269434,88.2773337,88.66129789,88.79193966,88.89847925,90.55862493,91.21074118,91.56608013,92.03431059,92.22919324,92.28697839,92.99196135,94.44211403,94.60861139,95.18831925,95.42178931,95.64189446]","[5,1,0,1,5,2,3,3,7,2,6,3,5,3,2,3,4,2,3,7,4,2,2,4,6,6,3,4,5,5,2,0,0,1,0,3,0,1,0,0,1,1,0,0,0,1,1,0,0,0,1,1,1,0,0,1,0,1,0,1,1,2,0,0]"
"[5.21777696,6.82973128,8.61990935,13.13519393,14.61015616,14.90309451,14.96171995,25.06029807,26.37776084,26.6499058,27.12993012,27.7634822,28.04507485,28.6636579,30.87998503,30.96504506,32.24708498,37.85468665,38.72786579,41.2828032,45.06756609,48.37511389,52.19209714,52.27111819,52.6412732,56.47612462,57.64479865,58.6388495,60.02181938,60.77201872,62.35772729,69.95941091,70.57775097,73.09857885,75.5845492,76.33048605,76.96140683,77.40432593,77.59576971,78.78424886,79.21585634,85.01886992,85.21896958,85.51658252,85.6436372,85.92779185,87.36438744,87.44946905,87.69509522,88.64926808,92.10362845,93.7605575,97.33988459,98.90462523,99.1422032,112.44815516,116.95203346,116.99320107,117.22158755,117.54586427,117.94326633,119.53982875,120.10415654,121.63636614]","[1,5,3,2,3,2,5,6,6,1,0,0,1,0,0,1,2,3,3,2,7,5,5,0,1,7,4,1,5,2,2,4,5,6,6,7,1,4,3,0,5,4,0,1,1,0,1,1,1,0,0,7,6,2,4,5,1,0,0,1,1,0,1,1]"
"[2.42477521,4.52626896,6.07519131,7.2237785,8.92427957,9.13768759,9.72842097,10.15282882,10.49237844,10.60313859,13.57310859,14.95932381,15.53183452,18.64778823,21.0198419,24.81847836,26.96436174,26.99313572,27.26231262,33.86228022,34.34231481,34.71129055,38.8569467,43.27711046,44.64138783,48.03676758,48.75542405,53.00612976,58.38347291,60.7986946,62.29632352,62.39703735,62.43709669,62.91776766,65.08666564,65.62473999,66.37377518,66.72615175,67.67998136,68.10726575,68.87391018,69.03598342,70.05504659,70.13629282,71.21114181,71.31478589,71.91339999,72.22334972,72.55158852,73.56493334,73.58048711,73.96000364,74.99658305,75.89324724,76.17963589,76.72562598,77.05666367,77.43745624,78.69710663,78.87439305,79.28502277,80.02097382,80.38228978,81.75464734]","[7,4,7,0,1,2,3,2,4,3,5,2,7,4,3,0,0,1,1,0,1,4,5,4,4,1,0,7,5,2,3,6,1,4,0,1,0,0,1,1,2,1,0,1,0,5,1,1,0,3,1,2,5,3,3,0,0,1,5,3,0,1,1,5]"
"[2.30598272,7.52431865,8.49910399,9.03022941,14.46915657,15.1302232,16.17302439,16.21814522,16.24201212,16.46446278,19.72949484,20.78491531,22.69517541,33.75446126,33.86459679,34.40472859,34.67102691,36.17777093,36.5978806,36.84622901,37.20431646,37.31901305,37.44618369,37.92953435,38.12599953,38.28138859,39.36375343,40.10754299,40.66409114,40.90248382,43.08713389,43.74754616,44.18568395,44.51081626,50.20887718,50.84240662,51.79530081,52.0964249,52.22702348,56.07368594,57.53183282,58.74659507,58.76200678,59.65101526,59.84440623,60.02680705,60.44836004,61.13580878,61.17601955,61.99880331,62.14679827,62.76401925,63.90562017,64.72324178,64.78824639,65.17073238,65.62173122,66.02582817,76.19126355,77.70418135,77.91476247,78.69779322,79.80435142,79.85593105]","[1,0,4,1,5,2,3,0,6,4,1,0,4,1,0,1,7,0,4,1,0,0,5,1,1,0,1,6,6,1,5,0,1,1,0,1,0,1,0,1,7,7,1,1,0,0,0,1,0,1,0,1,1,0,0,3,2,3,3,3,2,6,6,0]"
"[1.99500721,2.58530527,3.18618939,3.50609075,3.97219249,5.00351132,5.06571784,5.2270137,10.10736146,11.95034965,14.06538412,14.45698516,17.3862484,18.37931183,19.32232681,19.55673885,21.89575051,27.16676469,27.42730001,30.50568128,35.81342583,43.61184449,44.5133784,48.96468935,49.39926727,53.50182399,54.87951617,62.99486892,67.18496413,68.27121804,69.01973015,69.81857316,70.23241078,70.25879113,70.61623866,70.69365657,70.71461417,70.72666546,70.77207446,71.10561083,71.87210011,72.14495503,73.1137361,73.46485223,74.15594363,74.64149477,74.71574995,75.7797048,76.16521514,76.31858101,76.85332153,77.00318906,77.18104494,77.53079359,77.64335122,77.7436114,78.42682246,78.43247554,78.46588676,79.0044915,79.72794677,79.72887938,79.75243339,80.21787285]","[0,1,1,0,1,1,3,1,5,2,0,5,0,1,0,1,0,2,3,3,1,0,1,1,1,0,1,6,1,0,0,0,1,1,1,0,1,0,2,1,1,0,1,0,1,0,5,1,1,5,1,0,1,5,2,1,0,1,1,0,0,7,0,0]"
"[1.15551768,9.25598199,12.19432687,14.47764096,17.93535183,22.56598239,23.00385482,24.14706118,25.23433715,26.14074896,26.22282649,27.6597735,31.24124689,32.03429359,32.51985942,32.56509764,33.88423573,37.91201833,41.70314882,43.39408758,50.48119794,55.22574562,63.34318761,69.05399743,69.29718625,78.10878094,78.23299,78.76010924,94.57337222,95.36412836,109.15446327,113.17163653,113.22050935,113.64179818,116.96693774,117.5318931,118.10184829,118.22217348,118.5786799,118.67989305,119.36575389,119.38716404,119.53083573,120.10747598,120.1454349,121.19893366,121.30893762,121.73803148,121.85265547,122.12098283,122.5937538,123.04625506,123.17014254,123.18946037,123.4113854,123.59900278,124.39306448,124.47981411,124.64517518,125.22373099,125.3338262,126.09237736,126.24998031,127.15517359]","[2,4,4,5,7,0,1,5,7,1,0,5,0,1,0,1,5,7,5,5,1,2,0,1,5,0,1,1,5,5,2,1,7,0,0,6,1,1,2,5,3,4,3,0,1,1,3,3,1,0,0,1,0,1,3,0,0,2,1,3,5,1,5,7]"
"[2.23345899,2.4870311,6.31047429,6.34580785,6.91771292,8.08331375,8.2837406,8.78243592,8.84893302,9.1360048,12.85362205,12.91110159,13.16139579,13.60111031,13.96341724,14.78923142,15.03583005,15.43236224,15.64319371,16.31400056,16.805867,18.623861,19.30200227,19.74623856,20.3036211,26.92869375,28.78725294,32.13978117,32.36193072,32.3976929,40.24232796,46.99144769,46.99231793,47.4248023,47.81370791,47.90025724,47.92976926,48.0192003,51.0269909,53.21062399,54.35439209,57.68586353,59.28692701,59.65878327,60.46289495,62.07752788,62.70508082,71.19724528,74.05897576,75.26344992,76.47529047,81.2838346,84.97018754,85.67542118,85.97582796,86.40636597,88.89702644,89.52595971,89.7826169,90.74021764,92.67176961,93.04995923,93.85693317,96.99534619]","[1,4,0,1,0,0,0,1,0,1,1,0,0,1,3,0,1,5,3,1,1,3,3,7,4,1,7,6,1,6,3,4,3,2,2,3,2,3,7,6,2,1,0,4,1,0,1,1,1,0,3,1,1,0,2,5,7,2,1,7,1,0,0,4]"
"[4.09726733,4.2325852,4.33980645,6.07110928,6.57724342,7.01080511,7.13367986,7.44947031,7.67575973,8.47472589,8.48919572,9.76520252,10.18390743,10.33097972,10.55290929,10.71212843,10.7221978,11.0742011,11.50652515,11.85818149,15.93470233,23.79510927,24.50861138,25.08654935,26.63917902,27.75615487,28.88733177,31.23377355,35.234323,35.86193805,36.08102584,36.25674012,38.06555021,39.60873838,39.90958905,42.17003249,42.17718757,43.45497014,46.12369258,51.21011613,51.72988965,51.93856566,55.41490309,58.0041358,58.5640053,59.79975485,67.03012381,71.58501042,74.36089457,74.51271743,76.09045859,90.02916099,92.38914349,99.2738034,100.90301883,104.05838642,105.32791905,106.10481926,106.33511948,106.68624914,106.93994455,107.86040009,109.55622233,113.86112339]","[6,0,1,1,0,7,0,1,0,1,1,1,0,1,0,3,1,0,1,4,5,2,3,3,0,5,0,5,0,1,0,1,0,1,1,0,1,1,6,5,3,4,5,3,6,6,7,5,5,7,2,6,2,2,3,2,3,3,2,7,1,3,2,2]"
"[8.28344509,10.56380229,10.87144465,11.08762017,11.16135205,12.80678784,13.20108128,13.63408259,14.36724723,14.98069267,14.99068452,16.39435659,17.06164848,17.23382581,17.99031145,18.56743233,19.67211205,20.40723288,22.50541217,23.33075504,23.69697615,27.17462232,28.50096026,28.76699256,29.05140828,29.28954185,29.73145227,31.22219694,31.99952448,35.88197655,37.468489,37.504053,46.3585192,48.4582621,48.85881436,50.97373213,53.20379704,54.83206186,54.95412094,56.55871863,59.75386423,61.70626635,67.7211883,70.52191886,73.65030155,74.2088635,74.72744925,74.74240402,75.29173748,75.84935774,76.00103162,78.37381611,79.24241439,90.38024596,93.40319207,95.02373266,96.574603,98.18406431,98.55822062,98.57410909,105.53874847,108.92920078,110.29725428,112.55577565]","[2,3,0,1,1,1,2,3,0,0,3,1,0,1,5,1,3,2,3,3,2,2,0,0,1,3,3,1,1,0,6,1,4,1,1,1,0,1,7,6,6,6,7,5,7,0,5,1,1,4,1,2,1,3,1,0,0,5,6,7,6,6,6,5]"
"[1.47445508,1.74357546,3.78390482,5.50315824,7.94232405,8.81475625,10.87584657,11.99995299,12.07067566,12.58575923,22.38088252,26.79371719,27.83130109,28.12468537,28.71534258,29.51716399,29.58381372,29.93090637,30.68634493,30.74594342,31.16433674,31.74232918,31.81564139,31.92704442,32.8095739,33.04641206,33.09285008,33.49592927,33.54829794,33.71642361,33.83114175,34.19958954,34.23022396,34.37558508,34.85197297,35.42887544,35.61372151,36.25402893,36.42161038,37.79330282,37.92838545,38.06281694,38.3175887,38.50631806,38.94500318,40.4740833,40.75168342,40.95268069,42.15691599,43.52398561,46.43118785,46.79804671,47.72455657,48.32605315,49.04940655,51.7581205,56.04609314,56.12727193,56.21243936,56.39840396,56.76636165,57.74029052,58.26507206,59.99682115]","[0,1,1,2,7,4,2,7,3,6,0,1,0,1,0,0,1,0,1,1,0,0,1,0,1,0,1,0,0,0,1,0,1,1,1,0,1,1,1,5,0,1,0,1,0,0,5,1,6,2,7,1,0,1,3,1,2,3,2,3,3,0,3,2]"
"[0.4811825,2.1546782,4.40700118,5.8428094,8.78021354,8.85501151,10.51128941,15.04713312,15.35634091,31.99273344,32.58231438,36.18171012,40.74376654,44.18888412,46.60922426,48.076791,48.80809743,50.93735115,51.32361109,51.69980863,52.46030002,52.94380886,53.61455775,53.754669,53.91517976,54.2501564,55.32846617,56.17342512,59.0535722,59.22290363,59.579663,60.06289504,60.45343756,61.00111891,64.73913742,64.9529555,71.28723399,71.557279,71.85525659,72.56753058,72.60148924,73.94830024,74.32852452,74.60687875,75.31699436,76.66387415,76.75336352,77.0947847,77.32524786,77.38796106,77.79844614,77.88991452,78.00050426,78.14228497,78.21819129,78.27433206,78.46299536,78.89218826,79.11708934,79.33747234,79.76609226,79.97944017,80.00275246,80.40044967]","[5,2,1,6,3,1,3,6,4,4,2,3,3,2,6,7,1,1,0,1,0,1,0,1,0,1,1,1,0,5,1,1,0,0,1,7,1,0,0,1,0,0,1,1,7,0,1,0,1,7,1,0,0,1,0,1,1,0,0,0,1,7,0,1]"
"[1.91485767,2.06312156,3.01050842,4.83734112,9.77396163,10.88177907,13.56030997,16.665242,18.18584014,18.84549803,21.4069635,22.99719907,26.186009,43.04028245,43.32246049,43.51818147,44.54225257,44.90304148,44.96129472,45.65422135,47.36355945,49.98909537,50.20331989,50.25000833,50.41401114,50.57798096,51.34431477,52.73491734,52.8844197,53.85829916,54.35273708,55.45538083,55.99754337,56.10191431,56.60585713,57.17926387,57.21603107,57.22371697,57.43162985,57.72470243,57.77651553,57.93123258,58.17448168,58.22741527,58.30362984,58.30737229,59.14486788,59.29539688,59.32999178,59.82422483,59.92008066,59.93966193,60.93947326,61.11723107,62.265647,62.48942715,63.07176029,63.21481198,63.64372601,64.76020718,66.69824005,67.66561601,67.77703818,68.18495557]","[3,4,1,5,7,1,0,2,5,5,3,7,7,7,3,1,3,6,6,6,7,0,1,2,5,0,3,1,2,4,1,3,0,2,2,0,1,3,2,1,3,3,1,7,0,3,6,2,0,1,0,1,0,1,1,0,5,7,3,0,5,1,0,1]"
"[1.27947392,6.83803254,6.88058675,7.00075859,7.35269812,7.70069591,7.97531853,8.21025342,9.02247179,10.17502489,10.27617629,12.83183528,15.32094927,24.74946765,28.69986089,28.79776599,28.85998067,29.00250443,29.07335378,29.97529955,30.08007625,30.40413554,31.30894008,31.6271254,31.68759543,31.92954883,32.02611852,32.2137152,32.33101709,33.13620847,33.36395884,33.66334667,35.1046085,35.43433508,36.65008615,37.98555589,38.43239,42.62626887,49.83967749,52.94456343,53.19992844,54.56694864,55.88891758,58.11895843,58.69099219,64.43643187,65.43259505,65.48176281,65.50044556,65.86335894,65.9636388,66.03806456,66.1014661,67.09793974,67.65702375,68.29358631,68.54676091,68.82509893,69.57654844,71.12183874,72.6506933,73.85121656,80.4871333,82.44299486]","[6,3,3,2,3,2,3,2,3,5,1,3,0,1,0,1,1,1,0,0,0,1,1,0,0,0,2,1,1,1,0,0,1,0,0,1,7,7,7,6,1,6,4,1,0,1,0,0,1,3,1,2,1,0,0,1,0,3,0,1,0,0,6,5]"
"[0.76081612,4.23097068,9.55005017,9.56867528,9.94911378,10.15043344,18.28773337,18.51806097,18.71743018,19.20128871,19.24013144,20.02460916,21.37877522,22.86096009,23.07375553,24.66914432,24.9918098,34.34128338,34.7187392,41.36204913,41.97282608,42.1720592,43.96880233,47.44042865,48.44159529,48.81545038,53.47339179,56.78969412,56.95910466,57.31871239,58.14236742,58.34245108,58.48045041,58.93595905,68.42103898,71.3621709,79.7187872,83.27246329,83.35546441,83.35963554,83.41640739,83.62102876,84.60996,84.86100643,86.21188875,86.27643621,87.29001988,88.28205661,88.42666504,88.79945506,90.25789661,90.4095435,96.27780408,97.82960285,97.89582756,98.45172179,98.51938877,99.99686045,101.21565872,105.85314615,107.51355501,131.37603772,147.48689333,148.67402155]","[5,0,3,7,2,3,0,1,0,0,1,0,5,4,0,0,1,7,2,1,0,1,7,5,2,3,3,2,0,5,4,3,4,3,5,2,0,6,1,0,5,1,3,2,5,6,1,5,3,3,0,4,1,3,7,1,7,0,1,1,6,5,1,0]"
"[0.31247781,3.4418868,6.18223216,8.41666374,13.6801572,14.70032456,14.80519638,14.81464569,16.80672271,18.80681996,20.58079788,20.58445374,25.51729792,26.36476157,29.14835383,31.32765286,35.25155014,37.09359383,37.68675518,38.38174238,38.90297594,39.19505471,40.18698453,44.18807053,45.45466793,45.79989755,46.34528713,49.96429875,50.50781394,52.69376648,53.31429186,53.44520148,55.54789791,56.40181422,56.80987823,61.85386976,62.11222098,77.97820988,82.00722115,92.08296044,92.25153588,92.82684817,103.02529261,103.6360995,103.70547171,104.25847233,105.36760919,107.31302876,107.45998894,108.07730779,108.2265662,108.76022828,108.95574038,108.97764991,109.01484323,109.61241195,110.16717389,111.00833269,111.27205717,111.28670381,111.34880344,111.37294326,112.30172913,112.98407536]","[5,5,7,5,6,6,3,1,2,2,7,3,0,1,1,5,1,0,5,1,0,0,1,0,2,3,3,7,2,3,5,2,3,5,5,1,2,3,3,3,2,5,1,0,1,0,1,0,1,7,0,1,1,0,0,1,0,1,0,0,1,0,0,1]"
"[1.70305015,1.78519696,2.05039952,2.25728362,3.02357024,3.31893286,3.412442,8.01324247,8.94409613,9.08290188,10.09622929,13.63883969,14.99646136,17.63790894,17.82444095,20.84636458,21.41288547,21.69447394,21.73130739,21.90382109,23.99881859,24.90368053,24.94912193,25.06737696,25.1626425,27.7032231,29.93227841,32.62475526,33.0750444,34.5700286,35.31847941,36.30944058,36.43834319,38.72972847,38.73484545,39.07663264,40.29975951,44.57126782,46.19686614,47.01660305,48.52611097,64.44593936,68.57306217,70.77819471,71.38484478,71.55622813,75.68434001,77.45134429,77.86214201,78.70679579,79.01420989,80.70093848,88.64224668,89.01280914,89.65101346,90.29469983,92.19373975,92.79373688,93.56430029,93.60214818,93.71649181,101.32096981,103.22954084,105.232307]","[4,0,1,0,1,6,1,5,6,7,1,7,1,0,1,7,0,1,0,1,5,4,2,3,2,4,0,6,7,1,0,0,5,1,3,3,7,0,5,2,2,1,1,4,3,2,7,2,2,7,7,2,2,7,4,4,6,5,5,6,5,4,2,3]"
"[1.18236222,5.84273644,10.40291886,16.7197019,19.47965178,20.89229476,23.16725266,23.39184275,27.90399301,28.23786936,29.86421902,30.65977073,30.70473886,30.81921447,31.43440844,34.12473889,34.15982204,35.37825356,37.12669489,37.33448446,37.83855201,38.72959307,42.00477199,46.65775772,56.04069035,56.28950562,62.16743982,63.99262612,64.89005728,65.77219858,66.29214475,66.30325017,68.17480392,74.27389163,82.52436538,88.85612925,89.22068836,93.08755809,93.10467532,93.40941867,93.72863769,93.76747303,94.05761448,94.323255,94.37512174,94.52803231,94.61650739,95.87156816,97.24568904,97.89777143,100.277056,100.60128088,101.2708781,103.44091675,104.2376904,105.48830492,105.56688503,106.56785628,106.67633332,107.7117582,108.57130318,108.78148654,109.25797413,109.90871106]","[4,7,1,7,7,1,7,5,0,1,6,0,1,6,0,1,7,7,1,5,0,1,0,1,6,2,3,3,0,1,0,3,3,6,7,3,2,2,2,7,3,0,3,1,1,0,1,1,6,0,2,1,0,3,1,0,1,2,3,2,3,2,3,0]"
"[1.26120885,1.90423458,7.13090142,8.40695535,9.60009186,11.05869833,13.17178592,13.44179472,13.75423579,15.97358454,16.88623289,17.20474929,19.68103201,19.9013974,20.02772313,22.52690461,23.46605965,23.71349422,23.73540105,23.9063638,24.95731627,26.90430624,27.20737834,29.05575704,29.14683533,29.42097815,29.93571178,33.73741892,36.49816466,37.30989786,37.47599213,42.08174712,42.30495844,45.04041088,53.80720914,57.60247659,58.33018845,58.97866558,61.60293254,61.98366266,62.44238373,62.51549337,62.58353382,62.76182673,62.9420902,63.74909864,64.34131997,65.31498391,66.15128023,66.3398137,66.39896024,66.55780837,66.5985875,66.68954096,67.36656209,68.0128974,68.04887708,68.08903648,68.27261788,68.85040297,69.64285105,70.03124499,70.72116265,70.7985551]","[0,1,5,7,1,0,7,0,2,0,5,2,6,1,7,0,1,0,5,5,2,1,0,1,1,0,0,1,1,3,3,4,7,4,3,0,1,1,1,5,0,5,5,1,1,1,1,0,0,7,0,3,1,0,1,1,0,1,1,0,1,0,2,4]"
"[3.13247968,7.33595483,12.38821864,13.52715374,14.4054047,14.79877801,15.95567598,16.62093588,16.64535215,16.8930025,17.59747636,18.03219604,18.22901043,18.4500059,20.409675,21.2629369,25.72770967,27.0139384,28.74411273,29.2783042,29.28861784,39.89246597,40.67418229,40.7356653,40.7880153,40.99485436,42.07894461,42.12433998,42.38383391,42.43639098,42.84156859,43.169868,44.67010545,45.48209636,50.47582121,51.66749442,54.76956801,55.53595841,57.05588874,58.91876146,60.29409618,63.06280521,63.64819961,65.22319772,65.30687418,65.66388032,66.47888268,67.13085676,67.19955878,67.81663548,68.20982063,68.73774081,69.54502346,69.55733242,73.87927153,74.71848323,74.94913624,75.1122795,75.95519411,76.59461461,87.40692845,94.03615799,94.07006435,97.01164588]","[0,3,2,7,5,3,0,1,0,0,1,1,0,1,0,0,7,1,4,2,3,5,1,5,0,7,1,2,3,1,0,0,0,7,1,4,3,4,7,0,1,1,5,5,3,2,3,4,0,3,2,3,3,3,1,2,2,0,3,2,7,6,4,1]"
"[5.68349344,10.13096891,11.58248272,12.02683963,22.95726563,23.40605322,29.03256608,29.7394146,30.24179364,30.27957711,35.25675281,35.41669167,37.70897536,43.78608039,48.29376389,48.48435238,48.83737265,51.16821229,51.45247725,52.8160052,53.08127395,54.35800496,54.59280872,54.61078378,55.6420048,55.8317619,56.2808745,57.1044581,60.1348746,60.14583962,64.51661456,67.01228942,67.3644811,67.60013664,68.00749419,68.84484739,70.46619558,71.20662696,71.76587944,71.82740976,75.90897536,80.1117701,80.49816743,83.48168806,87.1204456,87.15532297,87.63933968,88.57417334,89.49640898,89.88549465,90.20576327,90.29110862,90.32699359,90.78022442,90.9155582,91.15997553,92.58671971,92.60245883,94.32387649,95.5386964,96.02140764,96.18447476,97.32307495,99.73456678]","[2,1,0,2,2,3,6,7,6,4,0,4,7,7,3,7,1,0,2,4,0,1,1,3,1,1,0,7,0,1,4,2,7,3,3,3,2,3,3,4,0,3,5,5,0,1,1,0,0,1,6,1,0,0,5,1,0,6,2,1,1,0,2,1]"
"[15.50279255,15.63228624,16.3794315,17.41543239,17.53489182,20.51364052,22.12499838,23.24690364,24.77673004,25.12850576,27.13031168,27.48896615,28.95214214,29.71219893,29.92075987,30.5582416,32.11552925,32.59613991,33.52759998,33.85563664,34.19195928,35.52789218,40.67782576,41.03989998,45.89880466,46.34818691,46.57941424,46.65133463,46.89581064,47.43047209,47.5325581,48.38270828,49.51240825,52.58620091,52.67861439,56.93569071,58.84250328,59.02723701,59.06768094,60.87439976,60.88551321,61.61321091,61.98782596,62.64383442,63.22359592,71.60815307,71.98251953,73.11101575,75.18201969,91.93368287,93.63348208,98.22283021,107.0965075,108.68186244,114.61622651,116.37763628,123.79664744,124.43820019,129.50757566,130.93154821,131.68105253,134.91383856,135.57042337,136.4949178]","[5,0,5,2,1,0,1,0,3,1,2,3,2,3,2,2,0,0,2,1,3,3,5,5,3,0,3,2,1,1,0,2,1,5,0,3,2,3,2,2,3,3,7,3,2,2,7,3,1,0,0,3,7,2,3,5,7,1,6,1,3,7,0,7]"
"[0.89515768,5.8596537,6.03622146,6.1696982,10.32700786,17.82826955,19.42982282,19.59641338,20.08202786,20.30280758,21.49966759,24.09749,24.95820523,25.94460133,28.26547469,28.32939621,30.82210926,32.12476795,32.4940113,33.86350714,36.03729155,38.73463827,40.53027231,40.58575011,42.30693318,42.83234141,52.38093746,52.90694406,59.44510997,66.63066496,66.7070805,67.17367111,67.96774711,69.58413216,72.58966611,76.29110101,79.14881639,79.34165528,79.43031698,81.6184297,92.59834225,93.0733363,93.2955659,95.9012773,96.53267538,98.51725672,99.45352418,100.48331824,100.70327548,100.77774029,101.2204341,103.22364655,103.27446147,104.21492889,104.45892574,104.91099235,105.48403238,105.92804283,108.14794443,108.95274553,109.40870175,109.55317355,110.33253589,111.85818716]","[7,2,5,3,7,7,1,0,0,1,5,0,1,0,2,3,2,7,5,1,0,1,0,5,5,1,1,6,3,1,0,1,0,6,2,5,5,2,5,7,2,1,0,0,2,2,1,5,0,1,3,4,1,0,1,0,1,7,2,0,1,1,0,1]"
"[1.36850298,2.14644631,5.22079574,5.26355548,6.00809138,7.09408816,8.33389336,9.51688133,19.19158342,21.53815176,22.7524145,26.98885973,27.0000686,27.06632218,27.93107352,28.38543125,28.6689981,29.95689153,30.79335869,31.98587906,35.48384766,40.51520141,40.63822519,40.80014924,41.5714808,41.64651802,41.66244317,42.89149368,43.70901218,43.8250921,45.69819224,45.92683053,46.97569848,47.86542679,48.49507432,48.89707348,50.0113605,50.71098364,51.69498474,51.8878811,52.23696645,53.4468879,54.62990086,55.96940424,56.2510131,63.45399226,75.88107265,86.0910346,87.77768915,92.29466484,94.01052009,96.43646443,96.53850801,97.03696516,97.12087363,97.31372874,97.95647475,99.43768071,99.8621372,99.88021247,100.21636999,100.24009,102.81289205,106.30133262]","[7,5,1,3,5,1,5,1,2,0,1,7,1,1,0,1,0,0,0,1,7,1,0,0,1,0,0,0,1,1,0,1,5,0,1,1,0,0,1,0,1,1,1,0,1,4,1,6,5,7,5,1,0,0,1,6,1,1,0,0,0,0,2,5]"
"[11.18866553,13.18951465,16.19808489,24.38892328,27.59649059,29.18659181,30.28348814,30.67824239,35.56362585,38.06743254,40.37039483,40.59216164,50.48639833,50.51430096,50.84466367,51.0145262,51.36918459,51.51785436,52.79723354,57.07778093,58.31666676,59.01119092,59.44176444,59.47492681,59.74990931,59.78021496,60.26980058,60.8748443,63.63818793,63.9148989,64.25693539,64.44440382,64.57847176,64.75640603,65.20867244,65.74856978,65.81217262,65.95833869,65.9802359,66.28827795,66.39098491,66.73729339,67.99594925,68.05515462,68.7563577,69.13767645,69.94173654,70.47674776,73.96454536,74.88204377,77.89154044,79.61374913,79.69996602,80.93984777,86.36380892,88.78320022,88.85714104,89.57826591,91.01749434,91.14516594,92.71106806,94.0292578,96.81596798,97.74876381]","[5,4,4,7,1,0,5,1,0,0,5,3,2,3,2,3,3,5,7,0,1,0,0,1,5,0,0,1,2,1,2,3,3,3,2,2,0,1,0,3,3,0,7,3,1,1,0,2,0,1,1,0,0,4,2,1,0,1,5,1,0,5,1,2]"
"[0.33580329,1.46278299,2.82745979,3.17229349,3.34918514,7.11996563,7.75142051,11.05145766,15.90730381,17.2906514,17.40540705,19.09869112,20.9680863,21.30046632,22.65640285,25.15900176,25.63442079,29.00887819,32.34851105,38.06115109,39.82626681,40.32131249,41.51374164,41.89770124,41.92614384,42.20204768,43.44902246,43.94569701,44.78163035,45.4351298,45.54423969,45.90235493,46.54652487,47.99140247,54.32038572,59.87679982,70.35337663,71.82408244,72.28655904,73.83015291,79.64179646,81.79647523,81.85859516,81.94077412,84.5322707,85.80630084,92.12966906,92.3386191,97.49253009,98.85130621,99.9866038,105.71856001,106.4170852,106.79720301,114.18368197,114.55864053,115.44933808,115.65215779,116.38034191,116.91181831,117.04899211,117.54468654,118.1257458,118.58282722]","[2,7,0,1,3,7,3,3,2,1,5,5,5,4,2,5,2,1,5,6,0,1,0,4,0,2,1,2,2,3,3,2,3,3,1,4,7,5,7,6,7,1,2,4,2,2,0,7,1,3,1,2,3,2,2,0,1,6,0,1,1,1,0,0]"
"[3.53884061,5.28835302,6.30044457,12.80372318,24.20879493,31.10281177,33.26223896,36.91067683,36.92132968,39.23894018,39.35825659,39.3606952,39.5239077,39.5425288,39.71574917,40.43191452,40.66469234,41.05701371,42.74534145,43.12495825,43.64363617,45.49487209,45.56057091,47.58700129,47.93819912,50.31305998,51.08464778,54.16552183,60.94856943,62.47817334,63.24325029,73.375303,73.46763746,73.52071896,74.6456485,76.13579372,76.81780003,78.17760655,78.3364961,80.45202203,80.82705054,81.16266974,81.41193111,81.89033778,82.3213086,82.36345513,82.48678915,82.66327158,82.94137238,83.7172745,83.7734202,84.19053697,85.52161059,85.98623403,86.28967024,86.58840769,86.89852949,87.77944169,87.83609392,88.01477232,88.37730761,88.49880726,88.74030635,89.44268964]","[4,4,6,4,5,5,3,4,0,1,0,1,0,4,1,0,0,1,1,0,1,1,0,1,0,0,1,4,5,6,7,7,2,2,3,1,5,0,7,1,0,1,1,0,0,1,2,5,7,0,1,2,1,7,6,0,1,1,0,0,0,1,1,1]"
"[0.34131922,7.67870366,8.15670397,9.484312,10.06373608,11.97283997,13.59584576,14.46619765,15.22041398,15.40449208,16.05075982,16.28331303,16.80085919,19.24191524,19.6003513,20.82661264,23.50704014,23.57797795,23.6775874,26.11408475,28.92126442,29.78596726,31.04337256,31.88390699,34.17956544,40.53729186,40.70467488,45.66895231,46.45386427,46.9064601,46.907679,47.20635187,47.83684643,48.03080216,50.18299132,52.45808087,52.91268701,53.73569877,54.00916929,54.36564201,57.51793086,58.94763197,59.5710345,59.75870884,61.5536866,61.55422532,61.67373774,61.73170289,61.97115621,62.13842346,64.1463967,65.42482407,68.90387678,69.05092781,69.70482981,73.59950965,74.44851737,74.86827416,75.00947926,75.10510507,76.28558428,80.43974779,81.50865462,81.72144154]","[3,1,0,3,1,1,0,2,1,0,0,3,1,0,1,2,3,2,2,7,1,3,2,1,5,0,1,7,2,3,1,0,2,1,7,5,5,2,3,3,5,7,2,3,0,5,3,4,2,3,3,2,2,3,3,0,1,1,0,0,3,7,1,0]"
"[3.08278158,10.04976824,11.52741899,12.80646081,16.59856355,19.2055079,19.4502283,23.09178777,25.75171315,28.92607137,32.55607196,41.10718276,44.25172699,45.28712568,47.98962944,52.97760872,53.98664139,55.38701044,55.72428932,57.48508878,58.38751716,58.66002117,59.28646809,60.52304037,61.51999257,68.35725094,68.70038705,68.80527308,70.27999178,70.48647562,70.60632242,72.09305853,72.64925085,74.07408724,75.51838362,75.73870905,76.325884,78.86723444,80.32047951,81.00007205,81.05084232,82.48639165,83.1452747,83.40672577,84.90990568,85.94146335,86.06476554,88.65714763,88.80323874,88.89530991,89.02418664,91.01622201,91.80361095,94.37684761,95.14994765,96.75608032,98.02652975,98.8231735,100.6239913,104.06270611,104.3248759,105.0959887,105.23311052,106.61916527]","[7,3,6,6,7,0,1,1,7,2,4,4,4,7,2,0,1,0,1,2,1,0,3,3,5,0,1,0,0,1,1,0,2,1,1,4,0,1,1,0,1,0,0,1,2,3,2,3,4,7,4,6,6,5,2,3,3,3,2,3,3,1,1,1]"
"[0.10965772,6.04517634,8.06523798,8.57920333,9.63760304,9.76378368,9.80454192,14.15211535,14.88662221,14.95719242,15.37825328,17.58741763,17.60473053,20.14250426,20.22843306,21.08472913,23.69625617,23.83712466,23.94267017,24.10609781,30.29957639,30.37216279,30.89351612,30.96470942,31.61285692,32.51122385,33.87155566,35.98748677,37.32818332,37.68223021,37.70824899,38.11606779,39.68002585,41.06781718,42.18812783,42.26093629,42.88245955,43.59957327,43.80272373,44.24245952,44.44354128,45.09752261,45.33717012,45.55136071,45.82347602,46.87309941,47.08669392,47.1812607,48.33593221,48.35282204,48.62427637,49.0602889,49.18200863,49.20713917,49.79240623,49.89050524,50.02969181,50.06868588,51.96656926,52.23551887,52.67688487,53.14469378,53.20232465,53.47174484]","[7,7,0,1,3,1,2,0,3,4,1,1,1,0,1,0,1,1,0,5,0,7,2,3,1,2,3,4,0,1,3,0,1,1,0,0,1,0,1,1,0,1,0,0,0,1,1,0,5,0,1,1,0,0,1,1,1,0,0,1,1,0,1,0]"
"[2.50922913,4.32494799,5.09242345,5.26378512,9.99596116,10.75923308,10.95393951,10.96973173,11.08393967,15.62053173,16.49172692,17.14160891,25.00026595,25.9751175,27.9740714,30.04790854,30.09786047,30.2402898,30.64679155,31.26394149,34.4247982,44.74968115,48.33464688,52.30995592,56.40359173,56.92934085,63.75673844,64.96449353,66.56148333,68.39468451,68.85042044,69.70124747,72.81716732,74.47703489,75.64712234,76.71623864,77.6232945,77.677271,82.76621094,84.48867699,92.71066903,96.93770462,100.32853784,100.60330481,105.81741471,106.12638565,108.69960217,120.05924538,123.22507271,123.87508969,125.69707194,126.20944564,126.35815346,126.50833506,126.54549193,127.35180563,128.29029969,128.33492938,128.53075908,128.54730848,128.77755041,128.89456663,129.57857515,129.70571881]","[2,1,3,0,5,1,1,4,0,7,2,2,3,4,4,3,2,3,3,2,2,0,7,5,2,3,5,7,2,1,0,1,0,1,7,0,4,3,7,5,2,4,2,3,2,6,2,3,1,0,2,0,1,3,2,1,3,0,5,1,0,3,3,2]"
"[1.39910289,1.62598194,3.43985176,3.77612516,3.93255943,4.57507163,4.70928069,4.76676888,6.1476603,6.31008407,6.33558319,6.5921811,7.2973534,7.69290998,7.72538875,8.17730855,8.44448633,14.20258364,14.62890079,15.94684377,23.75768864,23.77043778,24.3256043,24.8099792,25.28378953,38.3192856,38.37001954,39.65308831,39.73630474,40.80160305,40.99571815,41.6294577,44.30138632,48.32799396,48.75607599,49.11903703,49.22578171,53.14109599,54.31479319,54.95485567,55.99500567,62.4235658,68.51852988,68.64906699,70.11522849,73.62260302,74.06383368,75.68783359,76.47981272,78.43730176,79.61975745,79.77922605,79.78085248,79.78643906,83.15455826,87.78548732,87.97459547,90.31265218,90.40612189,91.15721984,92.24742191,93.64255164,94.08496919,94.26187596]","[1,1,0,0,0,1,2,1,3,0,0,1,0,1,1,5,0,1,5,0,1,0,6,5,6,2,7,3,3,2,3,2,3,1,2,3,0,4,1,1,7,2,3,0,2,0,3,5,3,6,5,2,1,2,0,1,4,7,5,2,0,7,3,2]"
"[0.66698946,2.98639194,3.26195587,5.36825569,6.22001308,6.90132704,7.09491452,8.16022793,9.63661821,10.6624753,16.37832146,20.63676671,25.64319754,28.20862189,28.33890562,28.56946241,29.72378536,34.15237051,34.44552314,36.41006461,47.65866089,53.09090392,53.72334402,54.59624708,55.00056507,55.04016266,55.54031317,55.75287852,56.06092929,57.0954762,57.11044704,57.65145611,57.68629805,58.19169363,58.55828403,58.66417723,58.86177572,59.77098178,60.3047624,60.65891991,60.98986601,60.99192204,61.37134975,61.89785956,62.44934508,63.55233321,64.33995567,65.93832405,68.04060084,68.83948864,69.47573673,71.82010982,72.18489056,84.13446613,84.97444561,86.26702536,88.04324461,89.18100115,89.81844677,90.12202945,96.78848692,96.81570421,97.14494935,109.43487489]","[1,5,4,2,3,7,2,7,6,5,0,0,2,1,3,2,7,7,2,3,6,6,7,3,1,0,1,5,0,1,0,1,0,1,0,1,5,0,0,0,1,1,1,0,1,0,1,0,6,1,0,1,0,6,6,1,7,2,5,3,1,0,4,0]"
"[1.93436927,5.06517199,6.310419,6.64020334,6.85395509,7.29347114,7.55061987,8.02710144,9.29499061,9.5963189,13.43580544,20.40569069,23.16655514,24.61367763,30.54763122,31.30719752,32.18934277,34.14926606,34.15648434,34.4656725,34.71127714,35.97867666,36.01969304,36.98901666,37.40480485,38.85792895,39.40401591,39.62980993,40.19185644,40.53882697,40.99183016,41.9823557,42.0938444,42.48862085,42.66627109,42.75989781,43.17534969,43.19695647,43.34027696,43.62480906,43.69879976,43.93399856,43.9420412,44.0708704,44.08286284,44.14646723,44.30698345,44.41317288,44.60049227,44.69364043,45.09841956,45.12596896,45.35572118,45.79442225,45.85864265,45.8680032,46.11061168,46.45480192,46.49932335,46.63704845,46.70667024,47.18349958,47.56521882,47.62284787]","[4,3,2,3,2,0,1,3,3,2,3,2,3,2,2,3,2,1,7,0,1,1,3,1,2,3,3,4,0,5,1,0,1,1,1,0,0,0,5,0,0,0,1,0,2,1,1,0,7,1,1,1,4,1,1,0,1,0,1,3,0,3,1,2]"
"[2.23465198,2.39147498,3.76628055,3.78220434,3.79524936,4.34788323,4.63396228,4.67353918,5.14460506,5.31883088,5.6302751,6.32206264,6.44653041,7.43124,10.63385663,12.40087455,12.57659603,26.16019324,26.82073836,27.09342924,30.46151283,30.7567662,34.44441421,34.54636523,35.68216843,37.08193943,37.66721119,40.15805932,41.63731768,42.39352112,42.45516068,45.02688627,45.3273717,45.90259426,47.307578,50.28486522,53.53989918,55.36375404,57.01808261,59.41756166,59.76154235,60.05255953,62.32598546,62.42593382,62.78377412,66.04578706,69.87432063,70.07467563,71.69531825,74.93886435,79.07458207,79.63764026,82.5936099,84.52491222,84.86805939,85.03244171,85.0679813,85.36343105,85.97586725,85.99990543,86.59859594,86.90591295,87.74974675,88.06599725]","[1,0,0,0,1,1,1,1,1,0,0,1,1,1,0,5,3,7,2,3,3,3,0,6,1,0,1,0,1,2,3,6,6,1,4,6,6,2,5,1,1,3,2,3,0,0,6,1,1,0,1,2,0,1,1,0,1,0,0,0,0,1,5,0]"
"[3.24842371,3.95993725,6.00546197,8.37422753,12.74771016,12.80406064,14.11564199,14.39587382,14.58026588,17.71706728,18.18639629,18.5372503,19.86205009,20.13714588,21.44842295,29.17598148,37.17523968,43.12483768,44.42415437,49.086078,51.37143038,51.53908825,56.92238314,58.0678511,59.45221333,60.59986718,61.53323818,61.55749149,62.42426424,62.90031008,62.99174421,63.28181778,65.08072488,65.74388751,66.3273175,66.35079751,66.93229055,67.48143394,68.07750199,68.2693122,68.54750742,68.69738194,68.85049589,69.86213843,70.19501155,70.35783311,71.66724535,72.61425911,72.80948936,72.813187,72.96195998,73.30705355,73.60265214,74.94450798,74.96124863,75.10566944,75.16634244,75.99242817,76.90587976,77.12275229,77.77000682,78.05238054,78.19518235,78.2794437]","[6,1,4,3,0,1,1,4,0,1,4,0,1,0,7,7,1,1,7,7,4,2,0,3,1,0,0,5,2,1,0,1,0,1,1,0,0,1,3,0,1,2,3,3,3,2,0,2,1,3,0,3,5,1,0,0,1,1,1,0,1,1,1,0]"
"[0.42966823,1.64988399,2.28376727,3.02515224,3.08738206,4.86204569,4.96322443,6.10889502,7.18032127,12.18752362,12.56629832,13.46094235,13.86588088,17.57161609,20.57602171,21.07597959,23.14497043,27.82123062,28.52898234,32.42167472,35.81509066,36.82661252,37.01684852,39.47754309,39.51952069,40.08508793,43.35308893,44.74723202,49.26962863,54.16757836,56.27055801,57.31568339,59.74638023,59.81203771,60.57191948,62.461886,62.61311586,63.85969921,64.62823375,67.89906356,68.10793422,68.40441945,71.15286419,74.68675238,74.72763582,74.98703528,75.24728949,75.40261185,75.61754867,75.75447726,75.83937568,76.66791889,77.25109836,77.44963338,77.76250141,78.08031944,78.12410485,79.0490233,79.15365368,79.78827434,79.99923879,80.14449769,80.88407018,81.2198126]","[2,3,6,3,4,1,0,7,1,1,0,3,0,0,1,0,5,5,4,4,1,0,3,0,2,4,3,0,4,5,3,5,6,1,1,4,0,4,1,0,5,1,6,1,0,1,0,0,0,1,1,0,4,0,7,5,0,1,1,0,0,0,1,0]"
"[1.28555597,3.04682471,10.13006828,12.43308824,14.67678259,17.38805079,21.92155433,23.03188932,23.53630792,32.57042835,35.86220032,36.37097984,41.14494829,43.37908657,44.73958515,49.36911382,50.02610552,52.70770283,55.85152654,56.00193746,56.20886314,56.81007261,57.18574369,59.32187319,71.26876991,75.24405781,76.78065506,90.83516278,92.23654148,92.69275259,93.39261514,93.96143205,100.10188293,100.39118332,111.91875207,112.48651256,116.94541904,121.32028908,122.1266169,122.3203291,123.46345342,127.07969244,129.66861467,131.36754343,131.94177059,132.18784607,135.10908983,135.61235006,135.845016,135.97995297,136.06976349,136.08598743,137.15660438,137.60945191,137.84651538,139.09645817,141.11767254,142.16237607,142.17123391,142.61151188,143.52494359,143.78299658,144.22291793,145.93138197]","[1,0,4,2,5,3,1,6,4,7,0,5,5,5,0,1,0,6,1,2,1,5,3,3,5,4,5,5,4,2,5,3,3,4,0,1,7,2,3,3,3,2,3,2,3,3,2,6,3,2,5,3,7,3,2,3,3,2,6,2,7,3,3,3]"
"[4.92675756,5.60868272,6.52489418,8.80172874,12.85613958,15.05081021,16.30498996,18.06572245,20.00135391,20.09834896,26.56486356,28.5355991,29.1841587,35.20716933,35.50929699,36.29207905,37.91194946,41.15826683,41.27955998,43.46185048,44.05514383,44.60608636,44.62926789,49.30562579,50.54181628,59.21661475,60.32578555,63.71605346,64.13520791,65.93773538,67.09702797,73.37230701,73.78501564,73.83550756,74.53255406,75.99695666,76.23392583,77.11399732,86.14848087,86.40790019,86.67208705,88.36098488,88.97232061,90.4850419,96.87870885,99.89965307,99.98256157,102.49519385,103.02206123,103.36926441,103.83781416,103.93856815,104.47607802,104.49718797,104.52945267,105.11791287,105.36437533,106.02166404,106.42981166,106.51732196,107.26722009,109.47419047,111.18352326,114.8388346]","[3,5,2,4,2,1,7,7,3,2,4,7,2,0,1,1,1,5,2,7,7,7,7,2,3,5,7,2,0,1,0,0,5,1,5,0,5,7,2,3,3,2,3,3,0,0,1,1,0,0,0,1,1,1,1,0,0,7,1,0,5,1,7,7]"
"[0.19948733,2.84926436,4.0462231,7.48247804,11.35560977,11.39731038,13.22697405,15.24680698,16.09800685,19.16712251,19.53221423,25.0300017,28.76934309,29.84001286,30.19109462,30.82142077,30.93054753,31.37382402,33.23014625,37.37565254,39.86141326,40.4781102,40.73598486,42.73840364,42.85181424,42.88681885,43.39103742,44.29986888,44.3381617,45.85507724,46.0560941,46.20960715,46.2621923,46.62296538,46.65884847,46.72124999,47.25887957,47.75634859,48.50060886,49.24732532,49.62883453,49.89055724,50.0899895,50.10356649,50.25778482,50.59370624,50.60495759,50.6707997,50.97480658,51.07587645,51.12263657,51.76122204,52.03488922,52.13323188,52.15306858,52.64596008,52.66685109,52.69421733,53.03666142,53.03713529,53.14580077,53.18873039,53.59685996,53.6662059]","[3,5,1,1,1,0,1,1,5,5,0,2,1,0,7,1,7,7,5,0,1,5,0,1,0,0,0,1,1,0,0,1,1,1,0,1,1,0,1,0,0,1,0,1,1,0,0,1,0,0,1,1,0,1,1,7,2,0,0,1,1,0,1,0]"
"[2.09077414,5.43311386,5.87037685,6.23018881,6.26506894,6.31835258,7.24848887,8.25180025,8.64987064,8.82448635,9.62022744,10.41928293,10.73623388,11.38178816,11.75501514,12.81189845,13.50727773,18.71113162,25.13705859,26.39977428,28.14195059,28.2171277,31.52661514,32.68557249,32.95005671,32.99685352,33.11793551,33.65279946,33.99859096,43.44731563,47.35683793,52.56551803,52.65904308,52.98526442,56.28941768,56.85566624,56.92828697,58.29528755,59.20691091,59.61039923,60.92232483,61.02804588,62.70449064,66.26717046,67.61363291,67.81610413,69.39890479,69.78945687,70.12921128,70.8635647,71.63178498,73.52104999,73.78524148,74.11059849,75.65077254,75.71231474,75.87491145,76.12940232,76.38404245,77.60274331,77.73098885,85.50864896,86.39585206,87.55828628]","[1,2,7,0,1,1,0,1,1,1,0,2,3,6,2,7,3,6,3,3,4,5,2,6,3,3,2,3,3,7,0,2,0,3,6,3,1,0,1,0,3,1,7,1,3,4,2,3,3,3,2,0,2,3,3,2,2,1,3,3,4,0,2,3]"
"[2.96324505,2.97726856,3.14597617,3.49825484,4.28705,4.73787848,4.8223039,5.62055066,8.52293541,9.27750189,9.75614481,14.43870524,18.27912779,18.82295919,19.37949452,19.72566607,25.39120642,25.82135074,25.88908793,29.5302774,30.98626398,31.92168301,32.76460038,32.89459217,35.71991155,36.00684443,38.43374698,38.77839393,48.02094231,51.61745457,55.11203818,55.21573729,55.53285955,55.85063202,56.479171,58.79701197,59.13552715,59.45666086,59.50675276,59.8379738,60.20201339,60.35620342,60.42222959,60.55598212,61.15078504,62.09422052,62.19868846,63.59223448,63.96548072,64.99130273,65.68155834,65.75522574,65.89387464,66.07252576,66.56377119,66.69862717,67.46653783,67.56565498,67.76876042,68.17889983,68.21330915,68.46380703,77.84287254,78.67987807]","[0,1,0,1,1,3,1,1,0,7,6,4,4,3,2,5,7,0,1,3,2,1,0,5,2,3,5,2,2,7,2,3,4,0,5,1,0,4,1,0,1,0,5,0,5,1,1,1,0,3,1,0,1,0,0,0,2,1,1,1,1,0,5,2]"
"[0.13813397,1.65984485,2.86295092,4.6593898,8.6334306,8.71852791,10.92694593,11.4552584,12.29981683,13.1671588,13.26577073,17.15435219,18.54611154,19.59668437,29.97332963,34.03359586,36.04715803,36.89624074,37.65853678,39.93947482,40.35686867,41.60953781,49.81195971,50.04815317,51.39787872,52.34792342,53.10133195,53.41090136,53.53626688,53.82265581,53.82513065,54.70163601,55.27988888,56.95955276,57.18255867,58.41163785,58.99510033,59.17858253,60.61032058,63.22256876,63.3662318,68.32403856,68.6230578,68.72721058,68.85513307,69.00416992,69.05281867,69.23045063,69.23201274,69.97798245,70.02101076,70.79465228,73.33465101,79.00767329,82.40547354,86.54596821,88.11759989,88.16850048,89.27838729,90.03081205,90.75972966,91.15065973,91.92275806,91.94358512]","[2,4,3,4,0,4,1,1,5,0,2,2,3,4,0,7,0,7,7,3,7,4,1,1,6,0,6,3,7,7,0,1,2,7,0,1,1,0,0,1,7,0,1,1,0,5,0,6,0,0,1,4,2,7,1,4,1,0,1,0,0,0,1,1]"
"[2.07726602,2.17883799,2.23522058,4.2744005,7.71028193,8.28691648,8.55178482,8.79304593,9.62293363,10.21259493,10.43399339,11.92257342,12.43013289,13.83688266,14.52291942,14.72769378,17.25903306,18.55136107,19.22506062,19.76161452,20.32402462,20.51532908,22.32336964,23.29408134,23.57817836,23.70137504,23.75752993,26.49309881,34.07658562,34.15484495,39.77284258,42.27106156,45.41741887,47.07561811,48.54765549,49.72049693,52.14348766,54.96446911,59.23331052,63.97141613,67.54537537,67.54595695,67.63222195,67.70411434,70.21971761,73.80915403,84.20015207,92.10524546,94.50177892,94.5364826,94.72792412,95.23724588,95.29760618,95.36062357,95.42375557,95.98756796,97.02909461,97.66016395,97.91801333,98.26722025,98.34254187,99.00808949,99.02402249,102.60261277]","[1,2,6,0,0,3,1,4,4,1,0,2,3,0,3,2,5,1,0,2,1,1,0,1,7,3,1,0,2,3,5,1,5,1,4,4,1,0,0,4,2,3,2,3,3,2,7,2,0,4,1,1,0,2,0,1,1,0,1,3,0,1,5,1]"
"[0.1902221,0.50473894,2.10589036,6.37457812,8.93830804,9.19196473,12.62878435,14.42996303,17.72803002,17.9997728,19.32717895,19.65070921,20.20999228,20.34950933,20.38403327,20.65738208,20.75159148,21.06552636,21.26286343,21.3836601,21.55854122,21.68418939,22.24288134,22.32668745,22.37689878,22.5246873,22.95586426,23.58837385,23.73969107,24.10588394,24.42407682,24.60779175,24.71076518,25.46058669,25.46734367,25.53305817,25.87423412,25.91735328,26.23173721,26.6559856,27.86817095,30.74792835,32.0287431,33.41105249,34.3290091,36.48648175,37.0679877,38.56070908,39.71690446,51.54934719,52.83524021,53.82226755,55.59028327,55.92427175,58.7310245,59.23287232,59.59161262,62.70047365,64.79687133,69.54675736,70.21121035,71.85354977,72.91757515,77.9287507]","[0,2,4,2,0,1,0,7,5,3,1,0,1,1,1,0,0,1,1,0,1,0,1,0,1,0,1,1,0,2,6,1,0,0,1,0,0,5,3,1,1,7,0,6,6,6,1,2,3,1,0,3,1,7,1,7,0,7,4,2,3,3,5,7]"
"[0.16994806,0.44443447,1.94093066,5.47170179,7.37432275,8.74548374,18.19850092,18.82264608,22.68283909,24.91990035,29.1248677,30.25877602,30.80621972,33.72973631,34.22498981,35.73367372,36.02801063,40.54911595,45.09247916,48.09746998,48.90438562,50.72088979,51.3020366,51.41595489,55.11826937,56.21298133,60.6382261,62.09261271,65.76222056,66.28536233,66.66467615,67.15071902,68.86308371,70.22713364,74.0027088,75.48038288,76.3706619,76.59727859,76.7000016,76.82086207,81.06354207,81.12557154,81.31410204,81.4153742,81.50511242,82.10578034,82.6975923,83.01703641,83.1874275,84.08732534,84.12748566,84.29528332,84.70154532,85.05899382,85.26680665,85.42527626,87.26921178,90.37322445,90.66834468,93.16791136,93.74282837,93.84990254,95.01374345,95.04915036]","[2,0,2,5,1,6,0,1,0,7,7,2,4,4,4,7,1,0,5,3,1,5,3,1,1,2,5,4,2,3,4,3,4,0,0,1,2,3,3,0,1,3,0,0,1,1,1,0,0,1,0,1,0,0,6,1,1,1,0,1,7,1,6,2]"
"[0.29555794,2.61562152,10.89347476,20.14169974,20.36278506,20.74414935,20.95230823,22.65695183,23.27395765,23.53585751,25.30900876,25.39292414,25.79770245,26.61292084,27.81940946,29.15316342,29.30645149,35.77550537,36.59120726,46.12529256,47.7200942,48.07274713,48.16747698,48.74210659,48.97480525,48.98389744,51.36786283,52.5287592,53.29870582,55.75335916,56.02637297,57.54877668,57.97349824,58.52574029,61.54838091,62.39563491,62.77263126,63.11763857,63.45166336,63.6278412,64.88533453,67.22597403,67.93375533,69.63820961,75.62909068,76.03605608,81.15041396,81.20632604,93.25086905,93.89552745,97.12034413,97.16652829,97.99460605,98.6479019,98.84671833,99.47025466,99.49745174,101.80002604,102.19185857,102.65493602,102.87767222,103.00536557,103.7822468,103.93611908]","[4,2,3,1,0,0,1,0,1,0,3,1,5,1,0,1,1,4,7,3,1,0,1,0,1,4,1,0,3,1,7,0,0,1,4,2,2,3,3,0,3,0,3,7,5,4,5,1,2,2,3,3,3,3,5,0,3,0,1,1,4,1,0,0]"
"[1.22224668,2.4742301,6.52242284,17.18664329,17.86304554,18.70449205,20.32552905,20.36506453,21.3105595,21.4081661,21.5460571,22.49368451,22.63868473,24.54501408,26.25395587,27.33132596,31.87042622,33.49344947,35.99447581,36.79717,43.52553276,43.82238093,48.05581714,52.92472249,52.93990452,53.02749529,53.62824628,54.10771184,54.19183318,54.7290265,55.78444871,55.82325593,56.11999651,56.49136807,56.60372552,56.74741931,56.83392794,56.925799,56.99337391,57.56305754,57.78591375,57.98982938,58.40246308,58.43657681,58.72194164,58.93152284,59.03796589,59.1006737,59.96710261,60.05032548,60.05407983,61.69679277,62.12177857,62.43520722,63.22512487,63.94002183,63.99596324,64.20902772,66.60865257,71.33819848,77.33481121,77.95116188,79.09645626,79.28134921]","[0,0,1,0,1,1,0,1,1,0,0,0,5,5,5,0,2,3,4,0,1,2,3,2,3,2,0,1,0,0,2,6,1,0,3,1,1,1,5,7,1,1,0,2,0,1,3,2,2,3,1,0,0,1,0,2,1,1,1,7,0,6,6,1]"
"[9.16797144,9.30772559,11.46867854,15.57912041,16.89904635,18.11306699,18.615234,18.81412776,19.11530741,19.67520724,20.18579197,20.45912841,20.50299459,21.63264613,21.72929649,22.44157656,22.8485028,23.54146589,23.74352163,24.31433457,25.13126646,28.59669926,29.66834395,29.94484728,30.86872191,31.410255,31.83888257,33.17317464,36.28141169,37.01461144,37.2943863,37.5404771,37.59600583,38.99967352,40.3893337,40.58306586,40.96204639,41.85810498,51.96410741,52.3293847,55.15322042,56.16809921,56.25152868,59.5897648,59.86432932,59.96595902,61.65755604,62.51242637,62.52506236,63.41851897,64.8473212,65.00303237,66.42474781,68.02594002,68.0373048,68.64458745,72.02679008,72.03998585,72.31035057,72.6156857,72.93253026,73.08857382,73.32113093,74.40864441]","[1,0,3,5,3,0,0,1,0,1,0,5,0,1,2,0,1,6,2,1,4,0,1,3,5,2,3,5,0,1,0,1,1,1,0,1,0,0,3,1,7,2,3,3,1,4,5,1,0,1,0,1,0,4,0,1,0,1,0,0,1,5,1,1]"
"[5.28644502,5.97069734,6.98129289,7.72675812,8.22164197,8.28352354,8.52035766,11.25494397,11.52021551,13.22833458,13.44592756,14.02889424,14.04442982,16.64908138,18.34422578,32.86593541,33.77531332,33.97208327,34.54896505,35.81547126,35.87420135,36.76590329,37.38566449,38.14630592,38.23775081,39.69091566,40.51494373,41.9608429,43.28894471,47.43540563,51.27189845,51.81597046,52.9239747,53.26242719,59.05592016,60.67571168,61.46335348,61.67792379,62.2350915,62.42340966,63.79294539,64.14972371,72.56901959,73.71356095,74.17840496,77.52147901,85.82912216,87.48383549,87.91967259,88.12392122,88.75998694,88.82192804,89.05134701,94.3755664,96.48164206,96.52223355,96.75275477,97.24342134,97.30786785,97.35162008,97.60587292,97.78574199,97.83977931,98.06270313]","[1,6,2,0,5,3,7,1,7,0,1,3,7,1,6,1,2,4,3,3,3,5,2,2,2,5,3,3,3,1,6,7,6,4,3,3,2,4,0,4,3,1,4,5,1,7,3,2,3,2,3,3,3,1,0,1,1,1,1,0,1,0,1,0]"
"[9.48309611,11.88805895,13.3962284,15.22087663,15.59550569,16.75044659,18.53679463,18.99181539,19.03826809,19.63409657,19.71498067,20.78182364,21.11780591,22.07654575,22.32907029,23.30676981,23.37735023,23.58523516,24.75975564,25.18326831,25.524465,26.04611377,32.031687,32.1398914,34.65805927,34.74339358,34.80687116,36.01946605,36.26902104,36.47862965,36.6337085,36.92174512,37.83962947,37.86999172,38.18996351,38.3231591,38.99819394,39.21635523,39.41802363,40.15702318,40.36344615,42.03149075,42.1108569,42.23538559,43.10440627,43.18836794,43.50652256,43.67502447,44.63374235,46.18741648,47.87198464,51.89594476,53.41895984,57.71628697,58.04666134,58.40968527,59.68596481,59.97905047,67.13802143,68.62911393,68.96901088,70.23870485,71.03815965,73.3935763]","[1,7,2,3,3,2,3,2,0,3,3,2,2,3,2,1,4,4,0,1,0,7,1,0,0,1,0,0,1,0,5,5,1,0,1,0,1,1,1,2,0,1,0,1,0,0,1,0,1,0,0,0,5,4,3,3,2,2,7,1,1,7,5,0]"
"[3.89363134,7.33407356,14.2137667,15.40283678,17.66185321,22.97270286,29.44608764,32.99846011,36.56946534,37.97620992,38.06761041,38.24695209,39.51207691,39.83793603,40.24376135,40.37944682,40.74604744,40.75735777,40.80507069,41.05193608,41.46499121,41.72774945,41.92898776,42.02202097,42.69248206,44.4251998,45.35029178,45.37157715,46.07519045,46.67756757,46.93730202,46.95828317,47.80106805,47.83611519,50.67172779,53.22071751,54.37005624,54.40297195,54.61153571,55.28975176,55.95445784,57.67031444,59.19220812,59.60254856,59.65803482,59.73175172,60.58744505,60.64941029,62.96261158,64.54898004,65.04148914,65.62668526,66.42150742,66.48856476,66.62216079,67.05795161,71.79835874,73.66205772,77.46806623,80.04497632,85.17266825,85.40849024,87.08731967,87.14464313]","[2,5,4,4,0,4,0,1,0,1,0,0,1,1,0,1,0,1,0,0,7,0,0,5,0,2,5,1,1,0,1,0,0,3,2,1,0,1,1,1,1,1,0,1,1,0,0,2,1,4,1,2,0,5,0,6,5,5,4,6,3,3,2,4]"
"[9.57738519,10.8879338,11.52800382,11.94932135,19.82172136,26.37143394,29.89143718,29.97733722,30.15555714,30.41127494,31.27464083,32.06936757,34.29740091,38.32040842,43.09692959,46.95184042,50.54428637,52.02646605,52.38138184,52.63861665,52.67006166,53.11616293,53.21259251,53.30423688,54.37437568,55.36697833,56.30097461,59.36622158,60.56579419,62.90704287,63.32110526,63.32645324,63.71853656,64.26168995,64.73327095,64.8273453,64.85120533,65.4179887,65.89468592,66.02704624,66.66260862,66.87808191,67.55727747,67.5969264,69.77768865,69.79656479,70.27221751,70.63262932,71.17838535,72.20519024,75.12486512,79.01437077,79.36707021,83.33420452,84.26757347,84.44667959,88.99288472,93.05726383,93.24193973,95.77957203,99.78090582,104.97941766,106.06997853,110.74659345]","[2,2,3,3,0,7,1,4,0,1,4,0,7,7,7,2,7,1,0,1,0,0,0,5,1,2,1,0,1,0,1,0,0,1,0,0,1,1,1,0,2,3,2,7,1,3,0,1,2,4,1,6,1,2,3,3,5,7,5,1,5,5,5,2]"
"[8.88460904,19.41475154,19.84003047,19.93597163,20.1391962,21.20009444,23.73760267,25.35953074,25.62623421,26.15623463,26.70507403,27.16300469,27.74699612,27.99569985,28.06442344,29.48277723,31.20815292,33.24496037,35.89950645,38.59814746,38.71154409,38.84878692,39.25714979,39.63848034,39.90075523,40.58484212,41.16709051,42.20978952,42.23430053,43.04257134,43.86242654,44.0890942,44.55218572,44.58043201,44.6224095,44.91779575,45.62390638,45.79099641,45.94574794,46.84765743,47.12174934,47.69209649,47.80357754,48.16134186,48.57938376,49.19869115,49.96637713,50.01734022,50.76315379,50.77574465,51.02721359,51.68980975,52.16053095,52.20754015,55.64915745,55.79449991,56.67989228,60.28385884,60.99783655,62.27849817,63.05622718,64.12495015,64.34311936,64.66035806]","[7,2,1,0,0,2,1,0,0,0,1,0,4,7,7,2,3,7,7,7,0,1,4,5,3,0,1,0,1,0,5,1,0,1,1,0,2,3,1,0,0,0,3,1,0,1,0,0,1,0,1,1,4,0,7,4,1,7,3,0,1,2,3,0]"
"[1.1139603,1.23182825,2.8489662,3.51385991,4.58376506,15.81881458,30.11470473,32.27723613,32.96375703,33.10903512,33.87159642,33.97227588,34.15673157,34.40675164,34.87249674,34.97774587,35.29288128,35.67274765,35.70447802,35.78137932,35.93236946,35.93435563,36.50361822,36.67046545,36.72710002,37.10254187,37.29621744,37.51189548,37.78425755,37.98741522,38.12107329,38.29354184,38.33643623,38.46875907,38.56640494,38.66225829,39.0210669,39.18457727,39.20729414,39.7345446,39.77444481,40.08372312,40.62106202,40.76032624,40.83561046,40.91026994,40.98885403,41.11920608,41.53611007,41.91652989,42.4905826,43.12364206,43.19392092,43.63197516,43.72205539,43.91768789,44.02908258,44.06587403,44.08220257,44.32045959,44.676363,44.87686489,45.13262537,45.486751]","[1,0,1,0,4,3,6,0,1,1,0,1,0,1,0,0,0,5,1,1,1,0,1,1,1,1,1,1,0,0,0,0,0,1,1,0,1,0,0,0,1,1,1,0,1,7,0,1,0,0,1,0,1,1,0,5,1,0,0,1,1,0,3,1]"
"[1.7073286,2.82248287,3.69713572,13.66721194,15.28488068,15.83646157,16.7050985,16.9528839,18.24239226,18.96432525,19.18863439,19.33435131,20.72215483,20.74764708,20.75214388,20.8457489,20.93892352,21.42856693,21.5057494,22.05400629,22.72843809,22.76079255,23.4118123,24.22630397,24.38037185,24.72451735,24.80721932,25.34352439,25.37597748,25.80455641,26.10906014,26.18757479,26.65631716,27.2456965,27.67136341,27.71472088,28.05254875,31.32445046,31.7307121,32.13467221,32.25219348,32.47838356,32.48203414,33.38597165,33.9050549,38.76676167,39.53960448,40.11753161,40.6992386,40.7985845,41.07973259,43.22507293,43.33954466,44.2613332,45.68139366,45.95004466,46.09002033,48.06427872,56.71760983,57.21060402,57.80711037,58.96156537,75.44454673,78.55942932]","[0,3,4,5,1,0,1,0,0,0,0,1,5,0,1,0,0,1,1,0,0,0,1,0,0,1,1,0,1,1,0,0,0,1,5,1,0,0,1,1,0,0,1,1,5,0,1,5,0,1,7,0,0,0,4,1,0,7,2,3,3,4,7,4]"
"[2.58322356,2.85862429,4.86383059,5.37576174,8.42131075,8.4226407,8.62837112,8.81636321,9.73340659,9.92455205,9.98094649,10.43045225,10.89849466,10.9527001,10.96822704,11.52133807,11.84374444,12.50526041,12.53233803,12.55730081,12.57332956,12.91110731,12.93002335,14.02334598,15.79720006,15.85071809,16.45595782,16.59400583,17.80374017,18.27261491,18.56414185,18.71003893,19.18104754,19.52690934,19.94123843,20.25531528,20.59791141,20.88281578,21.03050505,21.44249981,21.67070881,22.42560564,23.18216406,24.5411124,24.63315347,25.70472264,26.88360554,28.72031625,29.01065152,32.52710015,34.59745842,37.04242512,37.4913686,39.36470788,43.00430488,43.34531018,45.25725014,45.6859042,46.48776451,52.32136542,56.79027816,57.86021562,60.11815065,61.51123887]","[0,3,6,5,0,5,1,0,1,0,1,5,2,0,1,1,3,0,0,0,0,5,1,1,1,0,1,0,1,0,0,1,0,1,0,7,1,0,0,5,0,1,3,2,0,1,0,1,7,1,5,1,1,2,0,1,2,1,3,4,6,3,0,4]"
"[1.97412582,4.77974242,5.10051719,10.27403745,12.58767338,12.59386876,14.13413943,14.37144021,15.95100019,16.456991,19.40949456,20.13143193,20.89142661,21.58325803,23.91237739,24.17061506,26.09553853,28.40897244,29.10823113,29.51146146,29.87231184,30.18534044,30.46502127,32.10820435,32.3559914,32.53987772,35.6301232,36.54801591,38.0953994,43.27166771,44.21769481,45.29049835,52.11958948,52.58758394,52.85980578,52.90255891,53.73586706,53.77770585,54.53296985,54.59132293,55.45315065,55.75417561,55.96612057,56.07551857,56.46228455,57.29224534,57.50293835,57.93246938,58.09035871,58.39544896,60.31110531,60.50578808,61.32571072,61.85325137,62.12962981,62.16435081,62.85722917,63.39161366,63.68279427,63.72979413,63.7314794,63.9113733,64.0769575,64.77963184]","[7,5,5,0,1,0,1,3,2,2,3,1,7,1,6,6,7,0,7,1,0,0,5,1,0,0,4,1,4,3,2,5,1,1,4,0,1,0,0,1,0,1,0,0,0,4,1,0,0,0,1,1,7,0,2,0,5,2,1,3,2,2,2,3]"
"[0.44709856,0.91868666,8.14864021,8.45596629,17.16333191,18.34069625,23.06308525,28.48038572,30.83477577,35.23715864,36.83466387,40.18484406,43.90130357,48.63679787,51.07885704,51.51642932,53.20152177,57.01355459,57.54211061,58.41310708,59.63521417,62.45550804,63.04692098,63.69523755,65.89460739,70.58771456,70.95467276,71.92557466,72.321308,74.99537915,75.77680383,76.53397259,76.98654517,77.01491019,77.02377767,77.08411253,77.63253806,77.85942975,77.87828703,79.4478158,79.81340168,81.11264359,85.09292739,87.24602626,88.67620781,88.79339248,90.02403456,90.18922033,90.46736279,93.27905173,94.23628978,94.77280056,96.32265176,96.61242407,97.30280343,97.98552637,98.26830222,98.57829924,98.60125213,99.11032691,102.46974915,104.81507372,105.42717775,107.3353894]","[7,7,0,5,4,7,4,4,5,7,3,2,3,2,6,0,4,7,4,1,5,0,0,0,5,1,2,1,0,1,1,0,1,3,0,1,0,0,1,0,0,1,1,3,0,1,5,7,3,2,3,3,2,3,4,2,1,3,3,3,5,0,2,5]"
"[0.08193007,0.73578812,6.01403787,10.2944746,12.25627257,12.62300565,13.32285206,14.10832914,14.98771908,19.62976446,20.90595762,23.40500086,26.10211902,39.77487714,40.15018417,41.06304794,42.93968975,44.02863821,45.93836651,58.61078289,61.72889498,62.9008038,63.34606275,65.50540702,65.89796918,67.56574161,68.07210376,68.14202132,68.29280245,68.60032844,68.73110264,68.8058913,68.97737186,69.00258231,69.45883729,70.46526059,71.15827942,74.10920099,75.68825443,77.80180585,79.91050095,81.58682664,83.96424383,84.2302128,89.86406548,102.19166204,110.67062117,114.7664459,114.9065757,116.0717108,116.91840033,117.41552208,117.56364039,117.85030422,118.00499873,119.13568044,120.70872598,126.31914557,128.02038898,129.19640406,129.51817273,129.75577028,130.58545669,131.04794946]","[5,4,5,3,2,4,5,7,0,7,7,2,5,0,6,7,5,6,5,2,3,2,3,2,2,3,0,1,1,0,3,0,1,0,1,0,1,7,7,0,4,6,6,6,6,5,4,0,0,1,1,0,7,0,1,0,7,1,0,7,4,4,1,1]"
"[2.9686335,4.51726717,9.0907598,9.36612504,10.64719198,11.97962061,12.32339264,17.00739504,17.21196629,17.22313382,19.01931757,21.14365102,21.22154213,24.88567989,25.17158821,25.46168815,25.73204919,25.74402632,26.17694687,26.50782897,27.25736456,28.17745393,28.34270378,28.91273287,29.75040081,30.04412075,30.51685592,30.6313922,32.35871786,32.362595,32.50419654,33.0368024,33.48809246,35.04034616,36.57702711,36.99075633,45.53952826,45.86070962,45.86834815,48.90920827,49.06152059,49.30485521,49.58313646,49.78227306,50.02614951,50.54530733,50.81093526,50.98546235,51.27261117,51.72712196,52.53251834,52.59259666,52.75577749,53.50333787,53.53900738,53.6565114,54.08766096,54.30110133,54.87472744,54.98416625,55.28891497,55.39153533,55.7953796,56.38426701]","[0,7,6,4,5,7,5,0,1,1,3,6,0,0,1,2,0,0,0,1,1,0,1,0,1,0,0,2,1,3,1,0,5,1,7,0,1,0,5,0,1,1,1,1,0,1,1,5,0,1,0,0,1,0,1,2,1,1,0,1,1,2,5,3]"
"[4.44950413,9.1869577,10.39833143,10.51365123,11.19356086,11.53789761,12.5590106,17.44709209,19.42302816,36.645536,37.06904489,42.19768043,43.14491857,45.32854819,47.22705662,51.91727314,52.3246275,58.90383354,60.97688452,66.09708002,67.09368341,68.14432539,69.0806454,74.31124181,74.9262211,77.11967566,80.16643211,84.68339491,88.25081318,89.01728727,92.14790588,92.3150881,92.76758108,92.86586387,94.22300006,106.28645775,113.41075037,114.14333938,114.89392688,115.70129564,116.57404168,118.93007498,119.25498573,121.65324728,136.01711739,141.22269939,142.47110367,143.9042971,144.52290398,144.5559862,144.6511977,145.72168911,147.55342901,148.86121941,148.94688779,149.14897193,149.16887047,149.43041161,149.5745205,149.65531433,150.29909105,150.90853875,150.96028756,151.29035457]","[2,5,6,2,7,0,1,3,5,5,5,0,6,2,7,5,1,2,3,6,6,7,4,2,3,6,1,2,5,5,5,4,2,7,1,6,5,5,0,1,5,1,7,6,3,1,0,3,1,3,0,3,2,1,0,1,1,1,5,0,0,1,1,1]"
"[0.91895149,1.40486213,3.78400758,7.02838971,7.14702482,7.33133063,7.40154565,7.71999418,8.32033132,8.54952064,9.21188026,9.99765167,10.83857976,10.89639235,11.10580544,13.33123263,13.60279088,14.45045845,14.61777418,14.66585288,14.79723215,15.89791823,15.94313998,16.42077383,17.27996774,17.86246072,18.53516473,18.86153201,20.3674435,21.61060331,22.351175,22.79989444,23.57327952,24.05293592,24.7960025,25.53987419,27.82220357,28.27415915,31.18962808,33.52044709,35.59678803,37.26593143,37.95898711,41.09945978,41.41145256,43.13363879,44.20163377,44.30447033,44.43903451,45.22963125,45.83800442,46.41689334,47.92692624,56.95491661,60.35478032,61.46375956,61.87395741,62.44508747,62.80763156,63.04658009,65.14132212,70.07915374,70.30222192,71.46169039]","[0,0,5,2,7,3,3,3,2,1,3,2,5,6,0,0,1,4,2,3,4,5,2,3,1,0,2,3,5,0,0,2,1,0,0,5,7,1,1,1,6,1,6,7,1,0,0,1,1,1,6,0,1,2,0,1,7,2,1,0,7,0,1,1]"
"[0.00630055,0.30780399,4.19179566,4.35509488,4.38028217,4.76628343,5.00058611,5.03062155,5.12110044,5.19151476,5.42180997,5.42261442,5.64611948,5.89964201,6.1451641,6.42237086,6.5055674,7.03999668,7.62120086,7.84144953,9.70381322,14.0282813,17.05295129,23.45078174,24.05134306,24.59893673,30.62827969,31.32152403,36.18688682,43.82983616,48.74436364,50.51646103,50.70643853,52.85799195,53.52099623,57.42026749,58.42962105,59.26105457,59.32859659,59.79757993,60.7212872,60.76144004,61.2477718,63.55669321,66.26729115,66.32820513,67.09048016,67.79420185,67.94399649,68.51616477,69.45064916,77.69043252,78.64595884,80.93783021,83.91602549,84.03132937,84.83885658,85.78991815,86.88889938,87.20376093,87.58204521,89.56426249,89.99276223,90.97413507]","[1,0,1,5,0,1,0,1,1,0,1,0,1,1,0,3,1,0,1,0,1,2,7,5,7,5,7,2,7,3,2,4,5,0,3,0,3,2,2,1,5,4,3,3,2,2,3,3,3,0,2,0,1,7,2,3,2,1,0,0,0,1,1,5]"
"[4.00117498,5.15861561,5.61894026,6.78627812,8.32293915,8.44793181,9.34545146,9.99586515,11.01624296,11.09983065,11.14867754,11.26225009,11.42787498,12.54913173,12.59463661,13.34550923,14.23030222,14.9801616,15.08269135,16.01390612,16.48232714,17.1784618,18.41415106,19.88730384,20.18583037,25.66074404,29.14448819,29.37131149,29.58571312,30.78764208,32.37727237,32.52123474,32.84326074,33.81798766,41.53516116,44.70710621,45.75795004,49.48787109,53.41652905,56.02725129,63.0834237,63.3960563,64.11451251,64.17417117,66.59523075,73.59780703,75.58597994,79.22064938,79.27315988,80.69959783,84.56070402,84.69827846,85.13244449,85.40281264,86.48985658,86.53126111,86.89314074,87.20761588,88.92225989,89.37551722,89.52522802,89.66940934,90.8201292,96.85783191]","[0,1,6,3,6,6,3,5,2,3,2,3,2,1,0,1,0,1,0,1,0,1,5,0,7,1,3,0,1,1,0,6,0,1,5,4,2,5,7,1,4,0,1,1,3,0,3,1,0,0,0,0,1,1,2,1,1,1,5,0,0,1,2,6]"
"[1.82866108,5.20068711,7.21703432,7.96796647,10.15527206,10.41443236,10.43749132,10.91824998,11.48595198,12.22047858,12.68677122,12.94575224,26.86590791,27.34959833,28.91709923,32.87058141,37.00316405,40.23755306,40.60134727,41.11858185,42.25325145,44.11203002,44.60875592,44.83273399,45.39148127,50.27341652,62.10077492,63.32168929,67.97668296,73.58724553,73.68530769,73.90901592,74.2628349,74.73287066,76.60667224,77.77778515,82.14114776,82.18605581,82.98705675,85.90154387,87.58005988,92.31317953,97.01986347,98.14434654,98.59732471,104.52203937,104.5774104,105.09783861,105.5532165,105.58359347,106.60800291,106.88110349,108.09349473,108.60511136,109.56557983,110.14830042,111.00507161,111.09903149,111.78458882,112.05403463,113.6902507,115.51265282,118.05145121,123.98742757]","[2,2,2,3,2,3,2,3,0,1,4,1,5,5,1,5,5,0,1,1,0,1,1,1,0,4,1,0,2,1,1,0,0,1,3,5,6,1,0,0,5,4,2,2,3,3,4,2,2,0,2,1,3,3,3,2,3,1,0,1,1,7,6,5]"
"[1.10494796,1.62589907,3.35182544,4.00323405,7.70024054,14.30484052,15.57045775,17.74304537,17.89153891,20.26189706,21.83520326,24.56453829,25.36654095,25.99227155,26.0140022,27.52358474,27.70843607,27.83917639,27.91663653,28.41749652,30.89781044,32.5962087,33.41409476,34.48090205,35.09074675,35.25931648,35.76354479,38.70024546,39.70338226,40.95996812,41.26596116,42.48598046,43.05056978,44.13223164,44.4390499,44.88228852,45.65564413,46.03330084,46.48954693,48.03451182,48.899089,49.16545447,49.50234612,50.72961146,66.35706071,70.07730525,70.66691624,73.37421168,74.27637805,75.21922365,76.11417692,76.37898454,76.41583624,76.88507959,77.6393545,78.11467343,78.18640451,78.21685282,78.2983546,79.87594354,80.18608106,81.71098467,83.78434622,84.10105172]","[7,0,1,0,4,1,2,0,7,3,2,1,0,0,1,0,0,1,1,5,1,7,0,0,0,1,1,5,0,5,1,1,1,0,1,0,0,0,1,1,0,1,1,1,1,0,5,1,0,1,2,0,3,4,2,1,2,3,3,3,2,3,5,3]"
"[0.17320786,1.68806928,6.00519185,7.67925364,10.013031,13.60838889,23.77576351,25.94193285,29.21028145,30.2288684,30.59897642,31.14120139,31.85575418,32.02550926,32.45720991,34.22966093,42.23663829,42.75632431,42.98052086,44.06875313,44.55385243,44.99546749,47.26249056,49.04983668,49.13278427,50.26861319,58.96976959,61.91499424,62.51106636,64.67551707,64.81439279,65.78586873,66.04731565,66.1592704,69.89902367,70.44343581,71.17477423,71.27299488,71.55024608,71.71277169,73.08166466,73.17090842,74.09439906,75.73163948,76.9049121,77.37575198,88.76559542,98.64769603,100.30075459,101.5420268,103.48807284,103.56121734,103.65674208,115.70611569,115.80114876,116.83709758,116.83834275,117.99752383,118.96557942,120.37187047,127.17134928,129.70021989,130.51310855,131.35304161]","[7,1,4,0,5,2,5,6,2,3,3,4,4,5,2,1,3,2,3,4,5,0,1,0,3,4,4,0,5,1,1,1,0,5,0,2,3,1,3,2,3,5,1,3,5,0,6,2,2,3,6,2,6,5,2,0,1,1,2,0,7,0,2,1]"
"[0.18671609,2.06860632,15.66828327,17.93597929,18.0041736,24.19032865,28.3814493,36.7582111,36.78278701,37.54325533,38.31345096,38.96266797,39.5858997,39.77519322,41.28086384,42.06493189,42.50160194,44.37118524,45.10007953,48.32108168,52.88132913,53.95357778,54.09945466,54.18765104,54.28889124,56.16242348,57.61947474,57.79717307,57.91175135,58.46055925,61.23975997,61.65835892,66.73238313,68.67748889,69.11419709,69.73731805,69.79027384,70.34381006,70.44875185,70.97897989,71.728082,72.70519675,73.75926672,74.17905482,74.65902185,74.98429227,75.11328833,75.13568813,77.20979832,77.27537464,77.2790763,77.36104574,77.43507795,77.46047034,79.32752415,79.99206069,81.11003278,81.28166061,81.2893954,84.68826511,85.40658579,94.84914145,102.36938686,108.42820367]","[2,7,2,7,7,3,1,0,1,0,1,2,1,0,1,0,1,1,5,1,5,2,0,1,1,0,3,2,2,3,3,2,1,1,0,0,6,1,0,1,0,0,0,1,1,0,1,0,3,4,4,1,2,7,3,1,2,7,3,0,5,2,3,0]"
"[1.0006697,4.29033012,10.27604176,13.68976571,16.40778927,16.52573424,20.94479915,22.75747785,25.67472847,26.12127291,27.56369791,27.83631668,28.1683617,29.12588666,31.60441074,32.42733876,33.08711488,36.28630682,40.33553169,40.66222764,41.2566742,44.788186,45.24795138,45.65402694,47.75210308,50.99032748,51.05708102,51.41113638,53.22385037,53.27937837,58.70085609,59.38617074,59.62734078,59.65150822,60.00705617,60.07694223,60.6327843,64.46753202,65.13440192,65.71234433,68.01468333,69.04818303,69.26432693,69.6446724,72.44120792,72.70978177,72.80346735,72.88772783,73.20505041,73.22635428,73.48536308,74.07742133,74.18740074,74.21070993,74.42835895,74.7661882,77.19756709,78.02637244,80.78178169,81.064163,81.31913586,83.72117081,84.68647819,86.38475565]","[0,3,7,2,7,3,4,5,7,0,7,1,5,1,0,2,3,7,3,0,5,2,3,2,1,3,1,4,5,0,2,0,1,0,7,1,0,0,1,1,0,2,5,5,3,0,2,1,3,0,0,2,3,1,1,2,2,1,0,1,0,0,1,0]"
"[1.3275387,1.73296053,3.86063362,4.42933549,5.74181153,12.15138049,17.3129783,17.9618942,18.67622146,19.86515887,20.62467332,20.81226191,24.44001174,26.23219126,26.81304257,27.00607394,27.13433439,27.42309089,27.51796262,27.970614,28.04541367,28.15591312,30.77438711,32.38108987,32.43392928,33.02280321,33.56977838,34.52307118,34.91232619,35.0113734,35.05931234,36.71826378,37.30824657,39.62642864,43.29512777,44.55853084,45.44318842,46.09753951,46.11303453,46.77812627,49.35021733,49.44117279,49.98182892,50.86485589,51.02196068,53.69044748,54.0867158,54.62461237,54.86758986,60.90447885,61.54905621,61.57306181,62.49855609,62.84597116,62.95994064,62.97751761,63.97822275,64.01946177,66.81818908,66.8385026,68.28637405,68.90269582,69.62307542,71.06993555]","[7,7,2,6,4,5,2,3,6,7,7,0,1,1,0,1,0,1,0,2,3,1,2,0,1,7,1,7,2,3,2,1,0,1,4,1,0,2,2,6,3,2,0,3,1,0,5,0,6,2,3,7,3,3,3,2,3,2,5,6,7,5,5,5]"
"[1.91920194,2.43407595,9.10611506,9.43593735,10.14335842,10.54395622,11.3971049,12.71355289,13.46641552,13.91851336,15.59828276,15.7031169,16.95857189,17.57938411,20.79075358,23.08402676,23.53417073,23.81666768,24.28696894,24.34320465,24.35915842,25.44365165,33.59371479,33.93791438,38.01390126,38.42087315,39.99673264,40.65271593,40.72689339,41.28108594,41.39313566,43.76549831,44.49431799,45.95013482,47.93920383,48.11885053,49.85306476,51.32112153,53.46167736,55.82330704,57.46871671,61.66836844,64.30707704,64.71512769,65.71565009,66.64831655,66.65301165,66.71369547,66.78540796,67.14918542,67.72297644,69.12808918,69.17557926,69.19477795,69.75941951,70.32935177,70.86611311,71.20709721,73.00438157,73.12116237,73.37084458,74.86548242,76.27795254,77.78136367]","[5,0,0,4,1,0,0,4,0,1,1,0,4,5,3,5,1,7,0,1,1,1,0,5,2,1,1,0,5,0,2,1,0,1,0,1,0,5,3,0,7,5,7,0,1,0,1,0,1,1,0,0,0,5,0,1,7,5,2,3,1,3,4,4]"
"[7.98290019,8.42053668,10.91838314,12.58419192,13.63757863,15.69926668,15.7141127,15.72507915,16.17967745,17.23593591,17.28648666,17.61930948,17.66190728,17.90249375,17.97254974,18.26565855,18.63182718,19.98125941,20.51230784,26.71471667,28.36918704,28.97314456,30.01203162,36.06851936,36.57410723,36.93092873,38.14146032,38.66906161,39.23166733,39.2827163,39.63002806,40.20250691,41.69755599,41.98608884,42.04720142,42.81556171,43.04338717,43.80618037,45.65543406,46.18209292,49.9270088,50.72768705,51.21277741,51.27306205,52.0016277,54.09463422,58.96547599,59.40344498,59.84014455,59.84959838,68.72428493,71.39403108,71.87522698,75.68379576,75.86702239,78.87285551,80.71491774,83.01524402,88.6994571,88.86523993,90.40460343,90.96609237,91.25630087,91.39108322]","[1,7,5,0,1,1,0,1,1,0,2,3,3,3,3,3,1,1,0,5,7,5,4,0,2,1,0,1,6,3,0,1,0,1,1,0,1,6,1,7,0,5,1,1,0,0,4,1,7,6,2,6,6,7,5,7,2,2,5,1,0,0,1,1]"
"[2.01752991,5.69861119,6.83682809,7.01188697,7.16945713,10.89864237,10.93100458,11.82109587,12.12737271,14.72033903,15.42201424,16.85466704,17.14935303,17.62132969,17.89865665,18.03108723,18.3515457,19.05277887,25.54591437,29.46873619,31.50075035,31.77424348,31.83156378,34.85870626,39.89160314,41.65951835,42.63325012,46.33304687,47.24231052,49.36426981,49.75090179,51.99883107,52.30708542,53.1960717,56.67673123,67.43731649,67.9035643,68.24261394,68.91531648,69.0776442,69.11702194,73.61160125,79.09902847,80.31286571,82.51145847,85.2117089,87.08627536,88.848577,91.5866753,92.04042069,92.22410194,93.17941761,93.28253481,93.45467723,94.85395857,96.43312699,96.85027605,96.85225755,98.03457955,102.41605984,103.35621953,103.51496151,104.21859442,105.75271138]","[1,2,0,1,3,1,0,1,5,1,0,1,0,5,0,0,1,1,6,7,7,3,7,6,1,5,4,5,4,2,3,7,1,0,2,3,1,7,0,1,0,4,5,5,1,5,6,0,2,3,3,5,4,2,1,3,2,1,2,1,0,1,0,0]"
"[1.49044359,5.03113389,12.25346985,12.59917755,13.78508519,14.96688977,15.16568345,16.0986769,16.30084964,16.52779502,17.24553651,18.5634499,18.78778951,18.8790925,19.99550121,20.86843536,21.15624425,25.88399059,25.90959303,28.98129056,31.66181347,32.17102673,32.68289361,37.50982221,41.76601617,48.89797268,50.05140639,53.83895907,55.04121512,57.36185356,58.82880598,60.38738069,64.02233147,66.82629162,74.01409446,75.29717752,80.30397075,86.41451846,92.05720529,96.98238389,97.85726985,101.86672672,102.52935973,102.7915413,103.2187457,103.34621394,103.44872815,103.47894876,103.91282811,104.21750743,104.25701504,104.69443187,105.29905095,105.39162117,105.53391536,106.35640642,107.52027914,108.25392755,108.75479792,109.10778056,109.17576038,109.32718821,109.59574162,110.02925643]","[7,0,2,1,3,1,0,3,2,0,5,1,0,7,0,3,5,1,4,5,6,0,5,0,7,6,7,2,6,3,7,6,1,4,7,3,1,1,6,0,1,1,0,7,0,0,1,1,0,1,2,1,0,0,1,1,1,1,0,1,0,1,1,0]"
"[0.92949716,3.44721767,5.69034945,7.4704905,8.36499808,8.55778647,8.63093167,8.99605704,9.81857275,9.99293122,10.16306465,11.55026944,11.56490457,14.12343878,14.35158823,15.50759608,15.95627045,18.25596872,26.5123679,26.66138979,36.20159155,38.97087517,39.02730033,39.55367935,39.9692741,40.37832658,41.9839095,42.22157189,42.32299378,43.17773149,43.5395116,43.66127839,43.97518588,44.59186126,45.44918852,45.71819901,47.54620067,49.29763404,51.4431912,51.73071187,51.82953096,51.92398835,53.25001055,54.64589538,54.92298205,57.22268809,60.5723137,61.45298393,61.72250358,62.79724133,62.94709262,63.19067975,65.45322011,68.27835825,68.64951249,69.37894433,71.94001715,72.59062705,76.64643574,81.14737865,84.09672653,84.10348461,84.96598213,85.63020608]","[3,3,5,6,0,1,0,1,1,1,0,7,6,6,2,3,4,2,0,2,0,1,1,2,3,3,4,3,2,3,2,1,0,2,7,3,0,2,2,3,3,2,3,3,2,0,3,6,3,2,3,3,3,3,2,4,2,3,4,5,6,5,0,1]"
"[6.59696458,7.41767281,11.50666007,11.71884649,12.52437363,13.65712278,15.23352694,15.31458298,15.5968353,16.67488477,18.25821838,18.73023606,19.72090529,20.48890256,29.20118691,31.23688803,31.25063026,32.72037856,34.97878779,37.76479368,38.32798108,38.92160326,39.08237544,39.21789296,39.99459919,40.31508352,40.80777776,40.95750275,41.49581606,42.4203468,42.63443842,43.48966967,44.02054599,44.73210014,45.43533636,45.44512841,46.16859041,46.98898565,47.76379177,48.76083641,49.5783444,51.14012397,52.43030835,52.65375689,55.08540196,55.51687767,57.78373772,59.34207621,59.44109277,59.54943015,59.64480141,59.88716969,60.06379479,61.94785378,62.02584226,62.06840762,62.54393067,63.53959216,63.65509648,65.31662426,68.12836217,69.44115562,72.45318552,72.66430245]","[0,1,6,1,6,0,2,5,1,0,0,3,5,7,0,7,2,2,4,1,0,5,1,0,0,1,1,0,0,2,1,3,2,2,3,3,2,2,3,1,0,1,1,7,1,0,2,1,3,2,3,2,2,3,2,3,1,2,3,2,5,1,0,1]"
"[1.71383971,10.08193969,15.88081854,16.86266665,18.06267218,18.47709215,18.64786306,19.96412671,20.41432495,20.57895442,20.70710964,23.64103161,28.09341922,29.68068176,30.53587957,30.77311348,31.73139664,32.2301164,32.31497157,33.70163521,34.08567938,34.88844378,34.92679766,34.97118205,35.03727715,35.36782152,36.14859181,36.15433727,36.27917048,36.59088414,36.68401995,37.60971487,37.70254812,39.14666237,39.19537601,39.55988429,39.71863993,40.31258549,40.39559364,40.65972196,40.99214774,41.03781425,41.24980085,41.86719419,42.53380331,42.93104056,43.01609612,43.56413805,44.74849298,44.7777879,50.70491607,51.27119716,51.86325753,53.45064431,56.06039376,60.81065564,61.74708089,63.16510393,63.55458803,64.09480625,64.35504117,66.34313591,66.83909863,69.55221621]","[7,6,2,2,2,3,2,3,2,3,2,1,0,1,5,1,0,0,1,0,1,1,1,1,0,0,0,0,1,1,0,0,1,1,1,0,1,1,1,0,0,1,0,5,0,0,1,3,0,0,5,1,0,4,4,0,1,1,0,0,1,1,0,7]"
"[3.81860707,3.9740957,4.80983249,5.0532942,9.61509465,11.57951107,17.78287862,20.39356745,20.88218464,23.43637287,26.16602528,30.01803108,31.64529406,33.4592221,41.33671571,44.86757845,45.75085326,47.1463819,47.72533563,49.24069411,52.29834792,53.09634554,54.78165105,59.2704343,61.31733889,62.11904884,62.86697288,63.67569119,64.62996614,64.82721942,64.82823679,65.32873614,66.02109162,67.48702639,67.82077753,68.27500652,68.37246945,69.14945845,70.30525864,77.30879134,77.6389972,78.60768979,78.97104883,79.65296901,80.65939199,81.76827817,82.92365531,84.84297941,87.25059646,89.56513024,92.89058573,94.1389157,94.58607554,103.15688437,106.20922603,107.68777318,108.16867308,109.34508943,115.77229441,115.86642226,115.90222683,116.17403026,116.74758873,116.85897161]","[7,2,3,3,3,2,7,7,2,2,5,4,3,2,7,0,5,1,1,2,1,7,5,3,0,3,1,0,0,2,7,2,3,2,7,5,2,7,7,1,7,0,5,0,1,0,5,7,0,2,0,4,2,7,7,2,3,3,2,3,2,3,7,2]"
"[2.30975333,3.17943505,4.5879098,6.03019298,9.26238276,10.08634706,10.10302479,10.49086011,12.06303701,12.45589004,13.02283194,13.3460931,14.60810776,16.48162522,19.41209418,20.15416709,25.55547683,28.82506064,28.87382832,28.97914733,29.29071164,29.33772666,29.35644862,29.57317663,29.99301864,30.14093081,30.51358166,30.56686994,30.74421659,31.21973943,31.64238186,31.76168998,31.79550771,32.332517,32.56533291,34.35600937,36.05484763,36.98788703,38.14845991,38.18344021,39.45781134,40.56684568,41.07490346,43.21733467,43.60395946,44.46473059,44.54628945,45.42434993,45.60296099,45.83825852,46.09406618,47.11933031,50.6840415,51.65403658,53.38165967,56.89141679,58.63632935,58.87961593,63.49109796,64.29415787,64.88871416,66.85859262,66.93811952,67.70996693]","[4,5,0,2,7,1,3,3,2,2,1,3,5,3,7,7,1,0,1,0,2,3,0,1,0,0,0,0,3,1,1,0,5,1,1,2,0,1,0,1,0,1,0,3,0,1,2,3,2,7,1,0,1,5,4,5,1,0,2,3,2,0,1,1]"
"[4.2256908,4.74816455,5.55875761,5.63175254,5.78560128,6.00494528,6.04599957,6.82713899,8.11048977,8.24584139,8.3772893,9.19515267,10.07492808,10.60104524,11.79568169,12.27140068,13.01648573,13.02734074,13.72073528,14.00907316,15.0671112,15.11859673,15.24744901,15.31863163,19.13382816,19.67513053,20.06319243,23.03934612,25.24160979,25.25246681,26.85137262,27.0991114,33.75619148,33.78593299,34.35847108,36.47416918,38.15122815,38.86224689,42.10339052,42.4027736,42.95841221,42.97968167,43.79185559,45.52143064,46.57717405,46.58017247,47.04004633,48.2299631,49.97240515,52.10436702,54.4468163,55.3917275,63.98176627,76.85100196,77.41781505,78.77605492,79.04181658,80.73636549,82.58553316,82.99152565,83.07969375,83.2848279,83.3738915,84.79078359]","[7,1,0,0,0,1,0,1,2,0,0,1,1,1,0,1,1,1,1,5,7,0,0,0,0,5,4,1,6,2,4,5,0,5,1,5,7,2,2,3,3,3,3,3,0,1,0,0,2,4,1,4,4,0,7,1,4,7,7,1,3,4,5,7]"
"[3.31734273,5.34663019,8.20703644,8.5654364,8.61979893,10.31341163,11.04769181,11.57252476,11.82951018,12.58312092,13.26321818,13.3733008,13.58188996,13.64958462,22.11799985,24.10151186,24.22159643,27.80806476,28.33718192,28.60150747,28.74639026,30.82399193,36.04327849,37.93984158,39.05769509,42.3503974,45.8363334,47.0555634,50.35587332,51.4001279,53.71286853,58.8811536,60.07939051,60.74821144,66.52943138,68.14890924,71.97834155,80.21601915,82.54391211,82.73664075,84.13697227,87.92394512,91.2061092,101.96734731,102.57389423,103.57233456,104.93033987,105.59405218,105.63613615,107.1653327,108.22105793,108.35086073,108.81064942,112.25592176,119.33024419,121.37048419,122.19164655,122.50312084,123.56801134,124.13249011,124.31698913,125.08835267,125.12212284,125.69278346]","[5,5,1,1,0,3,1,0,0,1,0,5,1,0,2,0,1,7,2,0,3,0,7,1,5,0,0,0,5,1,0,1,0,1,0,0,4,6,0,1,1,7,7,2,6,5,3,6,4,3,3,4,2,3,2,5,5,6,0,1,1,1,3,7]"
"[1.07526188,5.32285535,6.06675379,6.33994458,6.81416847,6.92289045,6.96975966,7.0473025,7.18834581,8.54042414,10.47888545,11.24014118,11.36492903,11.43451659,11.63723454,11.77508548,11.99276167,12.08238756,12.47666857,12.93117455,13.05744689,13.0717021,13.25426322,13.53014978,14.03349131,14.31411809,14.79805797,15.1927359,15.66689087,16.55046921,16.63799762,17.17783656,17.29916939,17.47705177,17.83978475,17.89483161,17.9041182,17.93992584,18.94740761,18.98455257,19.62789975,20.17077147,21.31919532,21.32883689,21.96570158,22.24113628,22.58442708,22.58497502,22.72968783,23.04797227,23.07252399,23.28167935,23.80706987,24.0129545,24.87053207,25.21725942,25.61484967,26.07165758,26.64578037,26.78596901,26.82791146,27.05287507,27.57749091,28.55384348]","[5,1,1,0,5,3,3,1,0,1,1,2,0,0,3,1,1,1,0,0,0,0,1,0,1,0,1,1,1,1,1,0,0,0,1,1,1,1,7,0,0,1,7,1,1,0,0,1,0,1,0,1,1,0,1,1,0,0,5,0,1,1,1,0]"
"[1.87487301,8.9467285,9.72801447,10.96235339,15.22556822,16.78056172,17.2241427,18.12720716,19.14164188,20.23614457,20.49778071,21.01568293,21.21637247,21.44950269,23.01625194,23.37263832,23.38669713,23.38809196,23.56165328,23.56775574,24.0483928,25.30781643,25.67046395,26.15203452,27.02032496,30.70327823,32.30017255,32.72828003,32.81429434,32.90885173,33.52959516,33.70905408,34.17777309,34.5844412,37.34209717,37.58712322,37.68019479,38.31456945,38.47338041,41.004498,41.57274472,42.78668597,42.79111705,43.63893921,44.30208989,49.961557,49.99089979,50.18959674,50.2427356,50.47137324,51.32548055,51.34396307,51.78384634,52.53976606,52.70884296,53.43812833,53.51321839,54.23146382,54.69066241,54.88928279,55.35790462,56.08114867,56.23825011,56.27559447]","[5,2,5,1,0,1,4,0,5,0,3,2,2,1,3,1,0,1,4,0,3,1,0,0,1,7,0,1,0,1,0,5,0,1,0,1,1,0,0,1,1,0,1,0,7,1,0,0,3,1,3,7,3,0,0,1,1,5,2,7,0,0,1,0]"
"[0.75998875,1.15182113,1.63665858,2.83556154,3.14251029,3.48223886,5.94555552,9.32564267,10.28631075,13.24265332,13.2702298,15.86451557,20.51772925,21.52853155,27.98879502,29.58019076,35.17569283,35.96034531,38.68866426,38.92103593,39.18655843,39.6695737,40.83637742,40.89289539,41.15678015,43.06205454,45.46014434,52.0234298,52.28949541,54.04669248,54.55240138,54.73726988,55.02935181,55.09196702,56.32660244,58.23560479,61.5491261,62.45272735,66.72249553,67.55325913,68.14567791,68.9571457,69.09356976,69.52554211,69.91009754,71.22731461,71.71460119,74.50743108,74.57424099,74.90526973,75.38514028,76.20332766,76.89083132,78.65781941,84.34793143,84.48152903,84.6073513,85.61292603,88.29093143,90.17987201,91.3725136,91.8492191,91.87296209,92.85093054]","[4,0,7,4,6,1,0,6,0,4,2,1,6,3,4,1,1,7,1,0,1,7,0,0,6,5,1,1,2,0,1,0,1,0,5,0,5,1,0,1,1,1,0,1,2,0,0,7,0,1,1,4,0,5,1,7,0,1,0,3,5,1,0,0]"
"[0.70317526,1.37605092,4.38092154,13.23964275,22.76693134,22.77408245,24.75903798,25.14115009,25.7301537,26.1657063,26.37456365,27.69975187,30.17476289,31.31254781,31.83314472,33.91905061,38.22613459,38.89597161,39.12493717,39.80645412,40.41129591,41.77520057,42.93431622,42.94206392,43.04100277,43.2539447,43.5391709,43.73524501,44.3660045,45.26917326,45.42796006,45.89351017,46.29048422,46.85737907,46.98785546,47.1521551,47.34399894,48.03021584,48.24386331,48.48973255,48.77335504,49.78770102,51.33328026,54.57130426,54.72948394,54.95232919,55.93143512,56.71583349,57.30681965,57.480208,58.30997663,58.91156641,59.77576085,60.02845996,61.92215998,62.03774645,62.19573276,62.44287174,63.0791309,63.21723941,63.22502622,63.91303435,64.33831702,64.49274344]","[1,0,1,5,2,0,1,5,0,1,3,1,5,5,7,0,7,0,1,7,2,7,0,1,1,0,0,2,3,1,1,1,1,0,0,0,0,0,1,0,1,1,0,5,3,2,0,1,1,0,3,0,2,3,0,1,3,2,0,1,2,2,5,1]"
"[2.28696183,2.33966588,2.35669716,3.16966494,3.4445449,3.537426,4.11967577,4.83108599,5.57246275,10.3392598,13.04599932,15.50671526,15.91012842,16.12483852,16.13695267,19.24214517,19.42263342,19.71675682,20.48498657,25.2911424,25.71735759,25.79918459,26.09056552,26.87472633,27.00001236,28.33936481,32.99958167,34.51468851,35.1386545,38.32197114,38.35505645,41.95616324,47.5254025,48.53886055,49.03445632,49.08025378,49.3597561,49.40252117,49.55339687,49.67735423,49.98106426,50.33730594,50.44577667,50.75162821,52.64516032,54.71471604,55.26115588,55.28861131,55.38952953,56.73851197,58.41795431,62.23169992,65.70972059,68.21641181,69.35759492,69.41736227,69.79542176,69.80526399,71.70918196,71.93909714,81.14819621,81.52204697,87.7311547,88.50061474]","[0,4,1,0,4,4,1,1,0,1,5,1,2,3,4,1,3,3,5,5,3,4,4,5,2,6,3,4,4,5,4,7,3,7,2,5,3,3,3,2,2,2,6,4,3,7,2,3,2,3,3,2,2,6,3,6,4,3,3,4,3,7,1,0]"
"[1.21765355,2.5928716,4.4885924,6.95708262,7.30473087,10.03573505,17.18966305,18.38449007,18.64290751,19.58410143,20.1411188,21.76005256,21.97736155,22.12344499,24.8147483,26.0359517,26.37419113,26.95929849,27.14312345,27.18250311,28.14411235,28.64407986,28.85026525,32.12385465,32.35675006,33.43441724,35.56520231,37.50421212,39.16345092,40.95087418,43.47292038,45.05491473,45.80256597,46.06716954,46.42839752,46.55301442,47.86855278,50.98195048,57.11132372,58.80949445,59.03624712,59.24722371,60.34271599,63.074178,63.08930676,63.64288048,63.73885969,63.90934373,64.40927796,65.05591342,65.12345128,65.37647237,65.4509102,65.47783693,66.45776588,66.8334495,69.17680655,70.12379692,70.59893082,70.94237367,71.64227738,72.22185681,73.257834,73.30093296]","[3,5,4,6,4,1,7,0,1,2,0,2,0,1,0,1,3,4,1,2,0,1,1,6,1,0,7,2,3,0,1,3,4,2,3,3,4,4,2,2,1,0,1,1,0,2,0,3,0,0,1,3,2,3,3,3,0,1,0,1,1,0,1,1]"
"[3.85074561,11.04648298,17.55794901,26.76342532,26.87012774,27.68604183,27.87758873,27.96383085,28.76370752,29.00618156,29.25962757,29.72561667,31.51081451,33.43272256,35.13742083,40.0192884,40.32322181,41.44194815,43.41446355,45.47069415,47.84683449,50.33683627,50.5838773,52.46870855,53.22674622,53.73293417,53.76877726,54.03638659,54.18383116,54.33255156,55.18202861,55.21600718,55.48013943,56.38150426,56.38613549,56.84997112,57.07741018,57.14359108,57.55585735,57.57383798,57.63025094,57.7633893,57.81376657,58.64539994,63.74899495,64.03951741,66.20616462,67.02169663,67.26360449,68.90378687,69.95933104,69.96960421,80.45028396,83.15578115,83.74084155,85.25793491,85.4324324,87.6027134,89.65047225,95.39411856,97.22412197,99.70718309,101.63341787,102.0567384]","[7,3,4,3,2,3,2,3,3,3,2,7,2,3,5,4,3,5,0,7,0,3,6,0,1,1,0,0,0,0,1,1,0,1,0,1,0,0,1,5,1,1,1,0,1,5,1,2,3,1,3,2,0,1,1,0,1,0,7,0,7,7,7,6]"
"[1.74985751,4.27955089,6.85857999,7.58816309,7.75111624,10.37119501,12.11295384,13.46966374,14.1810984,14.6073589,17.20785671,20.8111566,21.57664122,25.67980028,27.65955523,28.1053945,38.12636878,39.09883428,39.93217605,40.03987441,42.18599112,42.53152219,44.52389647,45.49596253,46.95123722,48.84982041,50.25949297,52.04194522,55.34213303,56.27637515,58.16137156,58.28331321,58.36725255,58.91767115,59.33339356,59.35189728,59.83501904,60.21399955,63.71796582,64.2058976,66.67890152,69.12306803,74.16526034,82.05460313,82.40267044,82.55260856,82.58598147,83.76792618,84.74610807,84.96119513,85.16380491,88.0771706,88.33631499,90.81582385,91.12190401,91.52025941,93.99345559,95.34537461,95.65443249,97.10005181,100.02157645,104.91395187,106.88243677,108.5693484]","[5,2,0,3,1,2,0,1,0,0,1,4,0,1,0,1,0,6,4,1,0,1,2,1,5,5,6,1,6,2,0,1,0,1,1,0,2,0,2,3,7,3,5,2,3,1,2,3,2,3,2,5,5,3,2,2,2,3,3,1,0,1,2,3]"
"[1.98003322,2.22237265,5.2199903,6.37634333,8.72908656,10.9868185,11.17357305,11.17971934,12.39989158,12.46335107,13.25614441,14.0284044,16.29995796,16.31345997,19.7748456,21.39382712,28.34488134,28.81355493,29.14709308,29.19804464,32.9066338,34.56390411,34.7157293,37.13624293,39.43434484,39.70237587,40.00355505,40.30956395,40.6192679,40.68011324,41.44385526,43.19318408,44.29067003,44.63833237,44.95683737,45.72334092,46.79485996,47.32712799,55.98146351,56.82530838,57.34269362,58.23314061,58.69847046,64.0235687,64.31593248,64.68410322,65.50166941,65.97689281,67.49532269,73.61624075,74.79978831,75.17828419,78.58462175,79.07581379,79.54038173,80.61472698,81.65085851,83.30251789,85.08198193,86.71003313,86.80636374,87.70414142,87.84101717,88.40263831]","[5,2,1,7,3,0,1,1,2,3,5,3,3,0,0,1,1,0,1,0,1,0,1,1,1,6,0,0,0,1,2,1,6,0,0,7,5,1,5,2,2,3,4,0,1,7,0,1,4,6,1,0,1,7,5,4,5,0,2,3,0,2,4,2]"
"[0.48660349,1.968258,2.65573711,4.14026676,4.6034631,6.12050426,9.38759937,10.0616533,10.124574,10.17083829,10.24302718,10.62525156,10.70571709,11.4889064,12.73405583,14.43767742,19.34658641,22.44733111,24.22417352,28.4228141,28.72207778,28.92467437,30.67349796,33.21237494,35.46325498,39.08561872,39.24148098,40.2844244,40.9603323,40.97409387,41.02833338,41.08047889,41.71073962,44.24106577,44.66565366,44.68057531,45.25245088,45.26481644,46.25690514,47.19837647,47.27132939,48.98063853,49.41405304,50.9196029,51.26423337,51.81298194,52.97827488,54.15461264,54.34564352,57.37496621,57.65255765,58.16274006,59.82392722,59.91887066,66.48909374,66.78843176,68.15431322,69.64880452,70.39234751,70.58676801,72.36638892,75.26603631,76.72172518,78.28101437]","[6,6,7,7,1,6,1,0,4,7,1,0,1,0,5,0,5,7,0,1,0,1,1,7,4,4,1,0,1,1,0,0,2,1,1,0,0,7,1,1,5,3,0,3,1,0,2,1,0,3,3,0,2,7,7,5,2,4,7,3,4,5,5,1]"
"[2.80869751,2.83556203,4.7590847,4.81655654,5.11299959,5.12202273,5.92455712,7.05010882,7.88505792,8.39169505,9.89220319,10.33721044,11.96645866,12.54584854,15.99470815,20.72880218,28.00725941,29.38398782,32.09588106,36.17682033,37.21560959,39.34312864,41.9631812,42.3574107,48.55779369,48.63381855,48.83622218,51.29848686,51.87396858,55.88011631,56.1073676,56.34883903,56.77921135,57.52141527,58.34595054,58.58450488,59.07858758,59.3022136,60.82996867,62.83791301,64.19325785,64.61414491,65.57820213,65.65089458,65.69766689,66.38019798,67.92119942,70.25209646,70.27835102,71.48431772,71.64177284,74.44193191,76.78371291,77.70869107,77.80120245,77.93661726,78.23562082,79.26060494,79.61239392,79.72801362,80.09885549,80.32662183,80.7988896,81.05110612]","[5,5,7,1,0,2,0,0,2,7,3,4,5,6,5,2,3,1,0,2,4,1,7,5,3,6,3,5,3,2,2,4,4,3,3,2,3,2,2,3,3,2,3,4,2,3,2,0,0,5,0,2,3,1,0,2,0,1,2,3,3,1,0,0]"
"[1.23887309,1.33137491,2.06284647,8.1996619,8.40548587,10.8882095,15.29824206,15.33374332,16.19013967,33.70637227,33.8435113,34.09927417,34.2532014,35.12223275,35.73262266,35.79085307,36.26489991,37.24203508,38.10654701,38.67631683,38.77914381,38.7869732,39.58742697,40.13309871,42.27569025,44.39141551,46.55896548,48.0827303,48.33406376,48.69944941,48.79045929,48.99328829,49.68550901,55.85479338,58.41830969,59.09608123,59.80160431,61.30061614,62.6847986,63.40009285,64.51370482,64.97323803,65.70123389,67.24612351,70.29621797,76.44897776,76.61111806,77.06075938,77.09316539,77.96591973,78.8021524,79.05504228,79.11947502,79.29669184,80.26785885,80.7074896,80.91546296,82.11966979,82.46603504,82.50759515,82.79375784,82.82841044,82.89232919,83.05114399]","[1,0,5,0,1,1,0,1,7,3,2,2,5,0,2,3,1,3,1,0,0,1,0,0,0,3,3,2,5,3,3,2,3,4,0,0,1,0,2,2,3,4,3,2,3,0,0,1,1,1,4,0,0,1,0,1,0,0,1,5,0,0,1,0]"
"[2.93283823,4.29232871,11.6114959,17.4985528,17.70955152,21.1606828,21.26853091,23.25328254,23.65977461,23.73919335,23.93076106,24.04609667,24.76204805,25.67296189,26.5834117,29.81663064,30.27869412,30.43978796,30.90205599,30.96348286,31.3297355,33.56646098,35.6593917,35.88459785,36.03606122,37.25648439,37.545621,38.38799167,40.0488509,40.34442573,40.86667454,41.11900031,42.11267765,44.88013185,45.60931261,47.33513854,57.97320474,58.2162699,59.22510149,59.60818534,60.03744825,65.53678801,65.62216244,66.48939228,68.8663326,69.33355519,70.93088409,71.09925794,71.11525593,73.31307898,73.64412065,74.15946721,74.29210717,74.76460047,74.94172838,75.01867916,75.04158404,75.08447516,75.39972315,75.41668069,75.42548769,75.59781026,75.65177315,75.96807397]","[7,7,3,7,5,2,5,0,4,2,3,3,3,2,2,3,4,2,2,1,3,3,2,7,2,3,2,5,3,2,3,6,7,7,4,3,6,4,6,6,6,7,3,5,2,2,7,3,2,1,1,0,0,3,2,0,2,0,3,2,3,1,1,3]"
"[3.28762103,3.80290421,5.44171711,6.87852382,8.39102897,8.73164092,10.13572344,14.69845748,14.82047176,15.28178193,15.9730253,20.06042559,20.78825705,21.03906188,21.3035858,22.40372364,22.63362987,23.76221967,24.07975148,24.24088701,24.3352678,25.13465172,29.50218999,29.52869357,29.76493702,30.18022091,30.26307771,30.51383062,30.58357922,31.18674925,32.21795587,32.49708186,33.62447398,33.76397613,34.97643562,34.99102898,35.45133606,35.49906198,35.78847784,35.86275038,36.40930038,36.66197392,36.84654226,36.95443976,37.21309487,37.2656821,37.61239535,38.05482262,38.11712076,38.22966967,38.32530265,38.65700681,38.73406381,39.2577687,39.44693313,40.31172701,40.55942314,40.64823575,40.91420889,41.24225315,41.61650137,41.89424835,42.00055097,42.09616266]","[3,2,3,3,2,3,2,2,5,3,7,0,0,1,0,1,5,7,0,1,0,2,1,2,0,3,1,0,0,1,7,1,0,4,0,1,0,2,1,0,6,1,3,0,0,5,1,0,0,0,1,5,6,0,5,1,0,1,1,1,0,0,0,1]"
"[0.54891343,0.95152281,5.07983914,5.41712773,6.60731238,6.77088763,7.83604929,8.14523824,12.02589427,16.11617308,19.5038033,22.87255382,28.26409658,31.65836555,32.09473607,33.88186395,34.19393133,34.90462234,35.1215042,36.13881006,40.61848205,41.30040404,41.49888413,41.92753399,42.53461599,42.66681311,43.98317875,44.72520857,51.36562592,56.64475115,56.70153653,60.88940339,61.01677293,62.2350832,62.83176128,63.00195402,63.46512573,63.91150008,64.09642107,65.46259024,65.54391442,65.73949098,65.80125847,66.09590679,66.12821938,66.53836847,66.78601687,67.45828375,67.68380395,67.81282209,67.85288184,69.82872214,70.39490913,70.91388199,72.1068623,77.03009271,78.99448061,79.45306277,82.93309858,91.54487133,92.62794088,92.96510563,93.18489773,94.07485871]","[1,4,3,6,3,2,3,2,5,1,0,7,4,4,1,0,1,0,1,0,1,0,1,0,1,0,0,1,5,7,7,0,1,4,1,0,0,1,2,1,1,0,1,7,0,5,1,6,1,0,0,6,4,1,1,6,5,3,3,5,5,0,0,1]"
"[2.24292988,4.48320375,7.46100524,10.02091536,11.33631138,12.58913511,14.07794124,14.1837275,14.34534608,17.28129903,17.99037761,18.46350269,20.14122866,22.49493923,24.11014712,24.81579874,24.99502807,27.59456284,28.13447834,28.28450785,28.60262759,28.72050167,28.92675072,29.19760244,30.0233109,30.36910504,30.67527743,30.80009236,30.90806063,30.91201826,30.92825403,31.07675357,31.34130047,32.01687202,32.09275722,32.69548498,33.31046408,33.54214355,33.84359036,33.91344719,34.37072553,34.459727,34.88357372,35.15696466,35.18693609,35.38179897,35.58772091,35.7942476,35.82298376,36.31466317,36.42510207,36.4930686,36.55299422,37.11578789,37.22672717,38.13904095,38.29664774,38.92347955,39.1879278,39.47019395,40.28136434,40.58819861,46.48308479,46.65022444]","[6,0,4,1,0,2,3,4,4,3,7,2,3,1,1,0,4,1,0,1,7,0,0,1,1,0,5,1,0,1,0,1,1,4,1,0,1,0,6,7,0,1,0,1,0,1,1,1,0,1,0,5,0,0,5,0,1,2,1,1,3,1,1,0]"
"[5.00576511,7.10403655,7.63319998,8.38658739,8.62509986,8.8299326,9.57068077,9.78779956,10.08456884,10.09941127,10.92198593,11.66435907,11.9854308,22.54739908,30.51481058,30.75991731,35.73007557,35.99318768,38.05762217,38.32485809,42.57266681,44.22682178,45.3134768,45.917792,46.64641138,48.6478235,48.68748921,49.85156782,49.86381486,52.0724252,52.1558571,56.26748133,57.39090003,58.19592355,59.69827606,60.34084884,60.8665505,61.45553156,62.38283643,62.40055464,62.97627063,64.7778751,65.45686799,65.63266426,65.83912951,66.04385779,66.54732193,66.60943872,66.69616389,66.72335038,66.94486662,67.31874436,67.49050085,67.50913004,68.01878728,68.12452507,69.3270297,69.35303259,69.40953,69.80933511,70.83374198,71.46815751,71.6218697,71.66883941]","[5,2,3,3,3,0,1,0,3,3,4,1,0,5,2,7,7,2,5,6,0,4,4,7,1,4,0,3,2,1,3,0,4,5,1,0,1,1,0,1,2,3,5,2,0,1,7,1,0,0,1,0,1,1,1,1,0,0,1,3,1,0,0,1]"
"[0.11268125,2.46727209,5.24534005,5.79104424,7.34251494,8.16075221,8.3154112,8.82564395,9.31772893,9.72682118,10.96164089,11.95399027,12.25087937,13.48562031,13.84740102,14.07087138,14.09681496,14.67209514,15.55206861,15.70775048,16.26731085,16.82406132,18.71322109,22.30045432,23.59581006,23.89778169,24.25190278,24.58423649,25.0191067,28.06236647,28.11745257,30.01059246,30.10461256,30.22182512,30.33796251,30.93623596,33.09801311,36.09376757,39.45567466,40.16849635,40.41846781,44.25020691,44.26474823,45.602745,45.62067525,45.74165516,46.13935273,47.63490334,48.97903044,49.87889456,52.70498778,61.5030971,62.37654584,63.09647157,63.96287734,66.11027689,66.18815919,66.36992076,66.41219853,67.48682405,67.98194067,68.15871263,68.78828033,69.02000893]","[6,5,0,1,1,0,1,0,1,0,0,1,0,0,0,1,1,1,0,1,7,1,0,0,1,0,1,1,1,0,0,0,0,1,1,0,1,0,4,5,7,0,5,1,0,1,0,0,1,1,7,0,1,2,0,1,3,3,0,0,1,1,0,1]"
"[3.25194238,4.11040663,4.48704464,6.03095837,6.56300246,6.80344101,10.58641502,10.82466634,11.37601154,11.41440155,25.14797237,26.91828264,28.01247184,30.371279,37.96742096,38.71582814,42.19152712,42.5985095,42.90140429,43.06333991,43.38646628,45.21391345,46.70307858,51.10235787,53.06598338,54.39355701,57.76731659,60.08885509,65.66098562,69.46599918,69.80319287,72.84607234,74.4712473,79.29524239,81.21214924,81.26031035,83.28738643,83.80203838,86.8976123,87.24500683,87.83781858,87.94361462,88.65019546,88.68640684,88.72633256,89.08511339,89.82377968,90.12719674,90.18681288,90.73227413,92.68485531,93.51279293,93.70241997,94.28916344,94.63414909,95.09631166,95.3568851,96.83938643,97.33910474,97.86204901,99.25518779,99.38115895,101.12451042,101.53254649]","[0,4,3,1,7,0,0,1,0,1,2,6,3,7,0,1,0,0,1,1,0,1,1,3,0,6,5,5,2,7,5,7,2,5,1,6,5,2,2,3,2,2,3,3,3,1,0,7,5,1,0,0,0,0,1,1,1,1,0,1,0,1,5,3]"
"[0.38962183,4.27045018,10.31353611,11.41138032,11.54613837,11.69315964,14.51026613,16.09766758,21.43481426,21.77045414,24.04712098,24.1627916,24.91802316,27.4377613,30.69992362,30.93181744,31.65421548,32.5544255,33.49591682,34.4245088,34.57010552,35.04305381,35.66168775,36.03599765,36.15408207,41.24784622,43.45748416,47.3715847,48.03435525,48.49246157,49.00975021,50.10960069,51.01193697,53.1446934,54.90851696,56.13719125,59.03127051,59.0981323,59.83517187,70.25206595,70.84860995,72.3089431,74.78258754,74.80323549,75.85229798,77.24054231,77.89312475,79.54513688,80.11490256,81.81807376,87.62551326,93.05751855,101.53380893,102.04442015,102.94867981,103.04786613,104.12304845,104.14848141,105.12399148,106.99739697,107.25307618,109.49831982,115.32852228,117.12028862]","[3,7,7,2,3,2,4,3,5,7,7,3,2,1,1,0,0,7,1,7,1,2,0,3,5,5,5,0,1,0,1,1,0,1,2,3,2,7,7,1,0,6,6,3,1,0,1,5,0,6,1,4,1,1,6,0,1,2,1,5,3,1,5,0]"
"[4.45732977,6.61202188,8.56550897,8.67831636,9.56306669,9.84226688,9.85800939,10.93976846,11.4364082,14.13080215,15.66488107,16.00577433,16.1065633,16.36285682,16.79738881,16.94968897,17.29179762,17.37426623,17.9365916,18.42353367,19.66640242,20.76189069,21.13816795,21.43982698,21.71514367,22.24976323,22.45652835,23.87954267,24.49435368,24.74659281,25.26229431,25.3137739,25.52213792,25.59114641,25.61694815,25.76797545,25.89059889,26.02272805,26.36946681,27.55885584,27.94927948,28.03104928,28.25514019,29.12298618,29.40085337,29.5003697,31.61588478,31.68373472,31.76374339,32.15894852,32.42919796,32.87053741,33.52242703,33.75939988,34.2540734,34.38514908,34.49050843,34.64848415,34.66124729,34.79324313,34.86706921,35.39227801,35.50857234,35.63784273]","[1,7,1,5,0,3,1,3,2,0,1,1,7,0,0,0,0,1,1,1,1,0,0,1,1,1,0,1,2,5,1,1,3,7,0,0,1,0,3,3,0,1,0,1,0,4,0,2,1,1,2,1,0,1,3,0,2,1,6,1,4,4,5,1]"
"[2.68442531,6.18444526,6.1890521,7.24456101,7.31133898,7.74978241,9.06459187,9.27748267,9.42964736,10.97728036,12.50022825,16.07059406,18.2779051,22.95612811,28.07680492,29.10154978,29.12702867,30.01102761,31.16262644,34.11987587,34.73546809,35.58867017,35.69283998,37.26931559,38.18090067,38.90102072,39.21708953,40.45437307,40.60837282,41.53559556,41.55038292,41.7425997,49.6532762,56.40779564,59.85674907,64.14042272,65.10556247,65.35688527,70.24132587,70.62629562,73.59147411,80.92358078,85.31743748,86.9611417,87.92747739,89.67093635,91.6709919,92.12214305,95.06812273,96.62270108,97.18077165,97.77730334,98.52152073,98.69430439,99.61074889,99.83634213,100.66465356,101.31960338,101.49166823,102.25885763,103.76731308,104.5596407,105.96589194,107.9358581]","[4,7,1,0,1,0,0,1,1,0,1,0,1,6,1,7,6,3,2,1,5,0,1,0,1,0,3,0,0,0,1,0,7,4,2,2,6,6,6,3,2,1,4,7,4,7,2,7,0,3,2,3,3,0,6,3,7,0,3,1,5,1,0,4]"
"[2.16921434,3.38389565,6.36966815,6.73462371,6.91911368,6.97625896,7.59919198,8.15597913,8.67436843,8.71344305,8.97337891,9.199578,9.48216335,9.56504688,9.59507324,9.83307913,10.49982108,10.55241648,10.94920354,10.97831029,10.99981744,11.18602976,11.32916626,11.61574816,12.2126231,12.85456844,13.43961984,13.66007307,13.85912375,14.25060881,14.67655721,15.01651156,15.20127176,15.2640841,15.57137973,15.71537765,16.12068054,16.34732993,16.43493494,16.53462369,16.56639046,17.07996973,18.6885648,19.14256952,19.46926844,20.3490054,20.57683995,20.77691319,22.1724982,22.47085028,23.10008588,23.21262032,23.71483661,23.83400214,25.6976309,27.21315023,28.12574228,29.51202681,29.65518884,31.03144229,34.99144918,38.99072605,41.99558881,42.69344114]","[0,1,0,0,5,1,5,1,0,0,0,1,1,0,0,1,0,1,0,1,0,0,0,1,1,1,0,1,5,0,1,1,0,0,0,1,1,0,1,1,0,0,0,0,1,0,1,1,0,4,1,0,1,0,5,7,5,4,1,4,4,1,2,6]"
"[4.19542238,4.90017419,5.71065749,6.44288845,6.71142437,7.41995961,7.79873835,8.0893028,10.15266043,10.76024083,10.88186496,11.38578603,13.64244492,13.92413252,26.66201386,27.68439616,28.12258748,28.26092252,28.3561139,29.74908837,31.20213517,32.0762055,37.5483206,37.86153416,38.24450552,38.93550834,39.34472828,39.85925115,41.07091873,41.28940011,45.31358503,48.91307721,51.44717759,53.44961605,55.18763549,58.87378658,61.8264113,62.19858218,72.05346101,75.3935511,75.43348766,76.98167794,77.5222886,80.70229422,81.80833023,81.88976651,82.43820296,82.4509738,82.45607022,82.71976144,82.86669684,82.92029323,83.04232028,83.1746369,83.56615754,83.81099711,83.98692173,84.01048942,85.0100488,85.33957019,85.60578734,85.65882569,85.68463211,86.05755771]","[7,0,1,1,0,1,2,4,0,0,1,1,0,1,0,1,0,1,1,0,0,1,7,2,7,0,1,0,3,0,0,6,5,5,0,2,7,3,5,1,0,1,0,0,1,0,1,0,1,1,0,0,0,0,1,1,4,0,6,0,1,1,0,1]"
"[0.09897143,2.43310809,3.38691304,4.65058916,5.8808993,6.7240216,7.09147884,7.34753226,10.8062732,11.02236218,13.20344027,17.03278888,18.71400774,18.74879433,21.90442535,24.01939612,24.95245531,25.60695484,25.90274778,26.25870458,26.28949815,26.29338934,26.37823979,26.72335355,27.4930106,28.12676555,28.24937602,28.31302867,29.06378411,29.58685164,30.15848044,30.62678549,30.69101871,30.78397751,31.51034213,31.74569627,32.87515664,33.13397888,34.2825455,35.96700803,36.0869294,36.34819506,36.36605736,36.64204295,37.47413074,38.88727499,38.92726136,40.03173643,40.86125548,41.41756881,41.69813919,42.17261719,43.05497248,43.10157617,43.74663132,45.20626111,45.4246004,46.961437,51.32731484,53.00815136,53.15338229,55.12129182,55.19569515,55.22079408]","[2,3,1,0,7,4,3,2,2,3,2,5,3,2,7,0,7,1,0,1,0,3,1,1,0,1,1,2,1,3,0,0,0,4,1,1,6,2,3,0,2,1,0,0,1,1,0,0,2,1,0,1,3,0,1,0,1,1,0,3,5,1,0,0]"
"[0.27199824,1.40665617,3.60257106,9.87097056,9.96192305,12.51149711,12.51753341,12.94761635,13.06684422,13.9162343,14.28472033,14.43401794,15.62107067,15.84496886,17.58497584,17.98834535,18.22911364,18.64824704,18.67827818,18.74537873,19.07216568,19.11366133,19.41156315,20.69133624,22.41090445,23.22909054,23.58101913,23.64238397,24.42169843,25.01061018,25.2226041,25.97892877,26.45709899,26.56601498,26.93167305,30.02434329,30.31228494,33.19495643,34.7404676,36.25636856,36.37254928,37.08326472,37.28950774,37.82196889,38.66438395,38.97544474,45.82189875,46.39171394,47.71008558,50.26277053,50.41874825,50.63116818,50.90076968,51.11715334,52.72596022,53.05366754,53.40499814,53.91618109,57.16588506,61.95513341,61.9775723,70.7275566,71.95984021,73.7269063]","[2,4,4,3,4,2,3,3,3,0,1,1,4,7,7,2,5,3,3,2,3,0,3,2,1,0,1,2,1,0,1,6,0,4,3,3,4,0,1,5,0,1,0,6,0,1,0,1,1,0,1,0,0,0,2,3,3,0,3,0,1,2,3,7]"
"[3.70441618,9.07555314,10.21621965,16.96077589,18.34849159,18.45887652,20.96437912,25.21233001,29.21997462,30.81388132,31.09244963,31.4112337,32.07333609,32.33024681,32.4818759,33.47591756,33.75318668,34.57162243,34.88148598,35.18736695,35.25704545,35.28547485,35.36479822,35.50881821,36.66524042,36.77095205,37.34035962,37.43749785,37.68180737,38.16266245,38.33316915,38.9591463,39.24923053,39.64105587,40.34349221,40.41001913,41.86303648,43.32476006,44.54546467,44.65561525,44.70034612,45.75507878,45.99242025,46.94319681,51.98068101,55.81184949,56.12333817,56.2289264,57.30813941,57.77785343,59.6293133,60.61867584,60.86227126,62.39846633,62.88338049,63.14590912,63.7261266,64.49891889,64.50766623,64.97335782,65.11951592,65.12501719,65.69250995,65.82423065]","[5,0,7,3,4,0,0,2,1,5,0,1,1,0,1,0,1,0,1,0,0,1,5,7,1,1,0,0,1,0,0,1,3,2,1,1,1,5,3,2,0,3,6,5,5,0,1,0,1,0,1,0,0,1,1,0,1,0,1,0,1,4,0,1]"
"[4.52430799,10.82785221,12.25239643,20.10833207,20.37610815,20.52677624,21.46419464,21.82592309,25.30253723,27.89124605,28.19560635,30.02744092,30.76952967,37.80084104,40.67786277,42.49274065,43.92114458,46.25897288,55.44384173,55.66626692,55.69926331,57.71057131,58.72872774,61.0078915,61.50694805,61.79242147,62.52200558,64.83470596,66.68218346,67.57409453,70.06539266,70.81089345,71.87548459,72.06000277,72.83146418,73.95959231,74.3752494,74.97542639,75.53588952,75.71086967,78.07729844,82.12725517,83.46432837,84.08752975,84.97857157,85.18587971,85.58415901,91.50724618,97.51281944,100.51250397,101.02037499,101.83147518,102.95188798,103.78587328,104.23650628,105.79156979,106.05838791,107.95496696,108.8729048,109.72054183,111.08916812,111.37696731,113.35841354,113.94047489]","[7,7,2,1,0,0,2,3,1,0,1,6,2,7,7,1,1,6,6,2,3,2,1,0,1,0,5,6,7,5,4,3,2,1,0,5,3,2,0,5,2,1,3,2,3,3,2,4,3,5,4,2,5,1,5,6,1,0,5,3,6,5,6,0]"
"[0.36586885,3.35124267,3.68049631,3.72076425,4.17388873,5.02209737,5.631458,5.74175198,6.25805691,8.18544076,8.64293127,9.46935854,10.30852165,10.96086706,11.41543614,12.25707265,12.39437447,12.62567667,12.68875233,13.03978983,13.0641924,13.30530421,13.45563661,13.50790008,13.64426982,13.83917248,13.87151464,14.23368915,14.37995269,14.43823432,14.45802381,14.66920679,14.77426041,14.84383205,14.87648145,14.96767101,14.97944361,15.10989742,15.14390672,15.30476407,15.9041664,16.04705879,16.35916605,16.94382187,16.95517419,17.15408908,17.1549676,17.62704993,17.68229617,17.77627191,19.20200444,19.42285607,20.39998781,20.94507378,20.96896361,21.9801179,23.34304158,26.66530343,27.7725649,29.31234073,30.9931189,41.19727171,41.80011571,42.11816341]","[7,1,2,0,1,3,0,3,1,0,1,4,0,3,5,1,0,6,1,1,0,1,1,5,1,0,1,5,1,0,0,0,1,0,1,1,0,0,1,0,1,1,0,0,1,5,1,1,1,2,1,0,0,5,1,1,0,2,7,1,0,0,5,7]"
"[0.07322208,6.58399983,8.18403416,9.49176537,9.54740007,10.59827677,10.76489766,15.427244,20.68280292,23.13646739,33.92802931,34.48448539,43.96925428,45.57177714,47.95408597,50.88561807,52.26009927,56.55946419,58.03306446,58.90821493,61.55283776,62.19221158,62.46432475,62.60381107,62.70352255,65.20966267,73.97059444,74.54440555,79.51481834,83.71478343,87.5602505,90.83129829,91.90030377,92.62407005,93.29593857,94.38868776,105.60402143,105.60632596,105.66372521,113.56792923,113.79315086,115.36229215,115.50369286,117.42946885,119.34690751,119.62020453,120.24695175,122.47576261,123.87579843,124.2151087,128.6844043,129.55204225,129.5727462,132.68706671,132.70965695,132.80257521,135.13249126,135.88601406,137.73772801,138.2396699,139.66687462,141.20437293,142.41109712,150.52907486]","[1,4,7,2,3,4,3,7,6,5,0,4,0,1,1,7,7,3,4,2,0,3,1,2,0,1,2,3,1,5,3,5,2,3,3,2,7,0,1,5,3,1,0,1,3,0,2,1,1,5,0,1,1,7,1,5,0,7,2,3,3,3,6,3]"
