event_times,event_types
"[2.15421866,6.05121683,7.89287238,7.98145297,8.94440096,10.41134705,10.90591808,11.22568363,11.31244674,11.34843983,11.42410444,11.42845673,12.93261529,13.61458968,14.67268276,14.77658779,15.2305291,15.35223267,15.42637594,15.79080611,16.07113444,16.303543,16.63622088,16.97155484,19.50051292,19.87585333,20.26959533,20.30389595,21.1322688,21.93238127,25.70152342,32.57552518,34.93843827,35.01444982,35.03550834,38.73953021,39.64129053,40.2037871,40.44612252,40.90856774,41.25825834,41.87342623,42.42468935,44.50860188,44.53390456,46.0024528,47.1632531,48.55556274,49.69732096,52.22959631,52.56921051,53.38622591,53.72927314,54.06020807,54.48465012,54.49704802,58.13767353,59.52954025,61.38927162,61.49769963,61.92411701,63.54359395,65.33298504,70.09132727]","[1,4,0,5,4,6,1,6,5,6,6,6,1,4,5,6,4,4,5,6,6,4,5,7,5,4,6,3,2,4,6,3,5,4,4,4,5,4,5,5,7,0,6,4,5,4,0,5,0,5,6,2,4,5,7,4,5,1,1,5,0,0,6,0]"
"[0.30345925,0.43682682,0.88775066,1.56026999,2.08252558,2.08311614,3.06520187,3.86923387,4.23160368,6.11955833,6.17895937,9.64487118,10.26644797,10.39329946,17.0163234,18.93444633,19.15047405,23.86506881,27.26769134,31.15301066,31.29834972,31.71153019,35.7925031,36.52330187,40.85982017,41.59255264,44.2237686,47.54935526,47.8186943,47.89490375,52.37988643,52.75005468,56.55693642,62.53469819,64.68380861,69.60115728,69.7550494,69.76722465,70.09037446,70.109945,70.38955194,70.47497752,70.68509873,71.19203007,71.71522064,71.85933087,72.37399928,73.28234434,74.47324984,75.07214422,76.95631946,78.97358211,79.30088923,79.69090492,81.92731245,82.04460131,82.29520969,82.44554392,82.47754783,82.86120475,83.22120567,83.52039177,83.94057695,83.99705239]","[4,4,5,5,4,6,5,5,6,5,1,4,5,4,7,7,0,7,7,2,5,0,7,7,1,0,3,4,5,4,4,5,2,7,6,5,5,6,6,4,5,4,6,5,7,6,3,0,7,0,3,0,0,4,5,6,4,5,6,6,4,6,6,5]"
"[2.61227891,18.57556804,19.75297462,20.00916514,20.0659246,20.10520532,20.33985898,20.49260463,20.95564913,21.00545696,24.97052041,25.26926884,29.08227395,35.39966116,37.28071945,37.73971463,40.61604585,42.92774303,44.30955042,45.32853629,45.46223456,45.69311332,45.7233591,46.50633403,46.7113197,46.81688488,47.03234181,47.0611899,47.2512734,47.3194776,47.48347957,47.67873033,48.19725128,48.50276871,48.51346146,49.28868938,49.34798687,49.600889,50.10835051,51.36063312,52.56283561,52.96230405,53.24862026,53.51402435,53.61432826,54.23753052,54.47172542,54.47311928,54.91251859,55.00758885,55.05722237,55.58160974,55.79533262,56.2815358,56.77591369,57.04713524,57.07643397,57.90434648,60.21190883,60.42746987,62.07575199,63.00283324,63.29681857,63.31682798]","[3,0,4,5,6,6,1,5,4,4,0,2,1,7,5,4,0,0,4,5,6,4,5,4,5,6,6,4,0,6,7,5,1,1,6,5,6,6,4,4,5,6,6,7,5,4,5,1,4,5,5,5,5,6,4,6,0,7,4,5,5,4,4,5]"
"[0.18877027,3.48422228,3.69113838,4.56309441,4.8731834,6.99935994,8.23492457,8.52577923,9.54554722,20.03211188,28.53065161,30.92118542,34.22921888,34.95360127,35.01216429,35.46001601,36.15214231,37.83637199,37.95338167,38.01386724,38.33653721,40.60959386,42.57523362,42.60017926,51.03967959,51.05586086,51.99131659,55.04965957,55.53922379,55.88308925,56.09253866,56.17246752,58.17419966,58.5282033,58.64997885,59.62831483,59.72054823,59.74425767,65.66367048,66.98474436,67.55043178,67.68899929,67.68992818,67.74614807,68.56130739,68.86607415,69.23537033,69.30913148,69.46737929,69.89414573,71.42406495,71.9166012,74.01953014,74.23455438,77.66232157,78.02464283,78.40824811,80.95136941,88.19066569,92.28373984,93.00921151,93.17771034,94.55962375,94.57869302]","[4,5,6,7,5,6,6,7,4,5,1,0,4,5,5,4,5,4,6,6,5,7,6,0,2,7,7,5,4,5,0,4,2,6,6,2,7,7,7,5,6,4,5,6,6,6,5,5,7,6,4,6,5,6,6,4,5,1,2,1,5,6,4,5]"
"[14.38802086,18.44142096,20.78451159,21.0599764,28.59241561,29.1365408,30.24637893,30.24846359,30.72710979,32.51204511,32.98591313,33.05233204,34.29225974,34.32727284,34.48250767,34.77567482,34.92358681,34.96146941,35.06105861,35.63331933,37.49099561,39.212422,39.82363878,39.97501346,39.98688342,40.71680416,42.43640527,42.70854446,44.45872131,45.36250781,46.44164654,48.09052873,49.43365055,50.53723964,52.67664774,53.00304958,55.48447312,60.17414204,61.31875643,62.04779907,62.73313986,66.20601877,70.20020216,71.94461614,71.99640964,72.16445422,76.735158,78.17518375,80.96602412,81.43699695,83.02571596,84.65639493,88.61622742,88.61678462,93.20905648,93.36664559,95.20230549,95.32985974,100.21710078,101.47964905,101.4936522,101.58585996,102.23343366,102.52132758]","[3,2,6,2,5,4,5,4,6,5,4,6,6,0,4,5,0,2,4,5,6,4,5,5,4,5,1,6,2,2,7,4,5,1,6,7,2,1,1,2,3,5,6,5,5,6,4,2,4,3,7,2,1,0,3,2,0,3,3,0,6,1,3,5]"
"[0.72605313,7.71757749,12.53915724,17.53146964,19.84151201,23.2246734,29.06510968,32.40916708,44.9639359,49.20988965,51.95535068,59.88592254,61.9477845,62.34739548,62.44238498,65.0286576,68.522014,69.95581631,73.87538249,76.56995549,76.97089263,77.76725454,79.273305,89.38969987,90.07998554,92.48651289,92.63536846,94.93154745,95.0520704,99.15860038,99.88773954,105.34946695,107.13504644,116.09611089,118.77722301,125.1817832,125.45042537,126.69954708,126.92799885,127.49190865,128.16550829,128.26125183,129.63676754,133.02316273,133.7642771,134.31933514,134.42422091,134.57649352,135.44248601,136.16811053,138.09212883,138.24397137,139.61310035,139.84052528,140.40875615,142.01734112,143.09146331,143.46012276,143.79475518,143.83318979,145.25553305,145.6295647,146.40859861,146.8976707]","[3,6,7,6,4,5,1,1,5,2,1,6,7,1,3,6,1,1,1,6,0,7,7,6,1,5,7,6,0,1,3,4,6,7,0,6,7,2,4,2,6,5,5,4,4,4,5,5,4,4,6,6,6,6,7,6,5,4,6,5,1,0,4,5]"
"[1.05018688,2.60462547,5.57355259,7.83299505,8.94388831,11.00133442,11.18026488,11.77482049,12.88311264,12.98289593,13.37181791,13.48379068,13.84702084,14.1779819,14.52737422,15.21604692,16.99322427,17.31006727,17.67814473,17.98273697,18.23416858,19.06720629,19.29744626,20.1676254,20.43065768,20.52174045,20.99410959,21.0853808,21.75298913,22.0334211,22.91392537,23.24279997,23.28451423,23.32409904,23.40213697,23.43023865,23.79980519,23.94140219,24.45396733,24.48395878,24.88217043,25.00373142,25.27310594,25.48706196,25.57730405,26.01349804,27.04865174,27.26534911,27.34059298,28.09802347,28.31680283,28.57934451,29.62352293,29.97002031,30.32214439,30.41947941,30.9910105,31.51091532,31.62405158,32.03233285,34.73542893,35.23340111,35.98472791,36.31973998]","[5,4,0,5,4,4,5,5,5,4,2,4,5,4,6,0,6,6,5,4,6,7,4,5,6,6,6,5,0,6,4,6,0,4,5,6,6,6,1,4,5,1,5,3,4,6,4,5,4,6,5,6,5,4,6,5,6,6,5,5,6,7,4,7]"
"[3.11513725,3.58869249,5.82324122,5.94906047,7.72048349,8.652448,9.11578118,9.21836163,10.06080387,13.93880001,14.09018477,14.40853452,14.41846452,15.28848768,15.36725035,15.8120138,16.14127328,16.76451868,17.35267256,18.46614772,19.71945284,20.44174759,21.34359984,22.4119657,22.79062191,23.31074944,23.57321084,25.11000376,26.40664911,26.86680009,32.43912513,34.98757131,35.29100565,35.69812327,36.298881,36.80438322,37.17978728,38.0742659,38.38584691,38.60804524,38.68366694,39.76395683,40.69997247,43.3062712,44.66868395,44.67225487,46.85750159,46.86638714,47.65336782,48.69317071,48.78529416,48.95775591,49.23775838,49.2842482,49.37570093,50.93761439,53.18774597,58.2032743,61.55389415,63.83626152,65.40564728,67.1475495,67.72009829,68.27531901]","[4,5,1,6,3,3,5,5,6,5,4,5,2,4,7,4,6,5,6,4,6,4,5,6,5,6,4,5,7,2,5,4,5,6,4,4,2,5,4,6,4,1,5,1,6,4,2,7,5,5,4,5,6,5,7,7,1,1,2,1,6,7,6,2]"
"[2.67948462,3.60803373,6.90864467,12.28615242,14.43185742,17.7340539,18.93578726,20.69376772,20.9544983,25.69845905,29.73917554,32.54227025,32.5904417,34.30850194,34.43562091,37.61582642,42.54267809,46.74115998,47.03974913,48.58667332,48.74860352,48.99690067,49.19160226,49.91912702,50.33847911,50.54974225,52.87612396,52.89903033,52.96234068,58.03846574,59.58528639,59.93236069,60.04039843,61.16611789,61.58055849,61.91195778,61.94189299,63.5121664,63.58055814,65.62001807,66.01916296,66.28072486,66.70686946,67.1708064,67.23195114,67.29810711,69.15963291,69.80748854,71.48758884,72.15214621,72.42708872,72.52751485,72.60985789,72.8132334,72.97072427,73.52910577,73.79440039,73.85681118,74.01069313,74.83362987,74.92302576,75.29032177,75.44907956,75.53649999]","[1,0,7,3,1,7,1,7,1,0,7,2,1,7,2,1,2,4,5,4,0,0,1,5,2,4,4,5,6,4,5,4,6,5,1,6,5,4,4,6,7,1,5,4,0,6,5,2,6,5,4,5,7,5,6,5,6,6,6,4,5,5,4,1]"
"[1.32829753,7.02666553,16.56550065,18.84707861,20.80534559,21.57914075,21.99319193,24.00103389,25.24022709,38.19452398,38.54057665,39.07972276,40.36957902,41.0063769,43.36026856,44.50047642,45.61290519,56.51999236,63.53110162,66.80489363,77.15040717,78.07727772,79.2476055,79.8107351,82.35899172,82.95491804,88.38594346,88.46781425,90.73695058,95.04840529,96.60977595,96.78665189,104.77146275,104.77486344,107.14981122,109.82292168,110.54195478,111.08840846,111.21889365,111.38738394,111.66192479,111.95919106,112.49819286,112.79550325,113.73973061,113.79731522,114.16357315,114.28902193,114.39361187,114.60306036,114.61930064,114.66175505,115.65908429,115.76272971,115.84410285,115.90405189,116.68816981,117.54741521,119.74861014,124.00359965,126.02392139,126.29778962,130.92127104,131.30271154]","[3,7,2,7,4,5,7,6,6,1,1,2,5,6,6,1,7,7,0,7,5,6,7,7,4,2,7,0,1,0,5,7,6,7,1,4,5,4,5,6,1,1,6,5,4,5,4,4,5,6,5,4,4,0,5,5,7,6,7,7,6,0,3,6]"
"[1.71192136,1.89115806,2.0403228,2.67790024,3.25194243,3.4029548,4.26150042,4.34926065,4.46431676,5.44062829,8.71509752,11.46029451,14.53134252,21.79944422,24.49006738,25.90499608,29.72954208,29.93708262,29.96187974,30.05745024,30.2006951,30.36658009,38.15558644,42.96806422,45.030351,45.31871575,46.29041731,47.71749471,51.06667914,52.14025448,52.16946178,53.89049775,55.98472791,55.99071293,58.92027027,59.45217547,59.5470873,59.80327088,60.68390896,61.68370427,64.37511736,64.64378848,65.6044935,68.26140787,70.29789578,70.52612323,70.61009768,71.14172404,71.38439676,71.448398,71.82524536,71.92197575,73.23248813,73.25938189,73.6011279,74.39737102,74.47270709,74.64328666,75.11812534,75.20737557,75.29729868,75.3741308,75.38682872,75.96197757]","[5,5,6,0,4,6,6,7,0,4,7,5,4,2,7,4,4,4,5,5,5,6,6,7,1,5,4,5,4,5,3,0,6,1,0,2,4,5,5,1,4,6,7,5,5,6,2,4,5,6,4,5,6,4,0,6,5,1,4,5,4,4,6,6]"
"[8.11686713,8.79503178,8.8722852,9.20438231,11.40777741,17.46580418,18.31896794,18.46715856,19.43590702,19.66753884,20.33175048,21.44648014,22.60251641,24.51340176,24.6393095,26.50105361,26.70696785,30.06888344,30.25997507,43.37539307,46.22292748,46.45511602,50.94419624,50.94455297,50.98973862,51.11297427,51.31994166,51.38997897,51.564823,51.56742273,52.83839832,54.15651876,54.2718467,54.51441666,54.73400863,55.58978666,55.64026935,56.36951238,56.77482551,56.81067149,56.82282709,56.84216127,57.0782627,57.38761541,57.42338833,57.71258522,57.77760192,57.77825502,58.27182499,58.89923946,59.10627577,59.1609872,59.99099265,60.21246379,60.79063421,62.03113782,62.12504203,62.4737678,63.72672042,63.88483061,63.92231919,64.21286081,64.22969977,65.27925255]","[1,0,5,6,0,0,4,5,5,4,6,0,5,5,4,6,7,1,6,4,6,5,3,3,3,4,5,6,6,3,6,1,4,4,7,5,6,5,4,6,7,5,4,6,2,1,5,4,6,5,6,6,6,7,1,6,4,4,5,5,4,4,5,4]"
"[5.23087954,10.41550774,15.25955037,15.26103418,15.99702701,16.23095862,16.42961517,16.44120312,16.50221634,16.52357285,16.90482739,16.99785653,17.66992329,17.87952837,17.93348044,18.2296951,19.61584182,21.47738216,21.82073445,22.65960028,22.85855463,23.3230554,24.21348295,27.49303646,27.83053858,27.91627816,28.15225245,28.43846223,28.79867514,28.95598638,29.5004815,29.85368249,30.45886272,30.70979619,30.83875853,30.97743529,31.02297221,31.41313336,31.58515463,31.81381704,31.84850264,32.07806613,32.1062037,32.57224011,32.61437959,32.96018067,33.14495492,33.79442887,33.79926945,34.77740994,34.89144947,34.97302985,35.05323361,35.34359452,35.44629995,35.73808841,37.42025152,37.61517201,38.25763755,38.34921247,38.45533292,39.38378527,39.72877771,39.73387578]","[0,0,5,4,5,4,6,6,0,5,7,6,6,5,6,1,5,5,6,6,4,5,6,6,7,4,5,5,4,0,4,4,5,4,5,6,6,5,5,4,2,6,5,6,4,6,5,5,4,4,6,5,4,4,6,5,2,4,4,5,7,7,0,6]"
"[3.45092202,3.93379854,4.23769886,4.95197959,5.76650439,5.80390378,6.1164552,7.38435776,9.66369124,9.83857367,10.59666421,12.47581757,12.93738926,13.07558283,13.27042775,13.35269627,13.73854254,13.96408131,14.21303866,14.47133883,14.60027065,14.68158518,14.86688598,15.520867,15.66999507,16.05962683,16.25427033,16.28899994,18.52550005,19.15894734,19.57776061,19.60942793,20.92431825,21.06248465,21.33563061,21.37159479,21.64881464,22.4203768,23.42206985,23.46593715,23.74793634,23.90992279,24.29224893,24.78663046,25.36738267,31.0872113,37.90306384,46.69574862,62.65371969,64.872284,65.01016355,66.31501823,71.3752915,72.66411419,76.73071996,76.80487107,77.29721779,80.68750223,81.01989364,85.11402015,85.93759579,87.00646108,90.36703471,94.93679466]","[4,5,6,6,5,6,6,4,4,5,5,1,4,6,7,5,6,4,6,5,4,4,4,6,6,5,4,6,2,5,4,2,6,5,4,5,6,4,5,5,6,6,2,1,0,1,7,6,0,5,6,6,4,3,4,5,4,4,5,0,3,2,0,2]"
"[9.30001274,13.24270112,14.96965449,15.83061629,15.97223979,16.72620592,17.29655059,17.42456836,17.65483063,17.67225951,18.26112603,18.41018014,18.53258609,18.57534085,18.90861791,19.13565985,19.1689777,19.19917452,20.02256459,20.93352968,21.27203183,22.94193051,23.43663822,23.55224938,24.86610266,25.81713187,25.83229203,27.22815966,27.25466514,30.58187817,33.64302421,34.68955074,37.61672641,37.88974748,39.61462301,39.891964,41.49125523,42.19531974,42.93205591,43.36364693,43.65499514,44.19475921,44.24733024,44.73962857,45.08766466,45.96089606,46.24407399,46.28215796,46.39364587,46.46636732,50.35940498,50.4922988,50.85765333,52.96018654,53.52294181,54.23514195,57.42994185,58.12708167,61.1410164,71.35639084,73.97219864,74.63916184,74.89041454,75.05109699]","[0,0,5,4,5,4,5,1,5,4,6,2,0,4,5,5,4,4,6,6,6,3,4,5,5,5,4,6,6,3,1,5,2,5,1,4,4,5,5,4,7,6,4,6,5,6,3,7,3,4,5,6,4,1,7,1,7,4,0,1,0,5,6,7]"
"[1.23023957,3.51609981,4.09974834,4.31228571,8.36580359,11.60975344,14.2870365,19.90150263,20.08659168,20.14093311,20.19178799,20.37335426,21.18566323,21.43034734,22.04060044,22.23831948,23.17882664,23.96949084,24.09978565,29.13751363,31.47849524,31.49885443,32.44698486,34.90824125,36.69172796,42.41112612,42.71105398,45.40154915,49.29798495,53.93629507,54.25101778,54.7286516,55.20248223,55.65136465,57.25151129,57.96575125,58.7619244,59.48939383,59.53532497,59.54916235,60.32911502,60.75839363,61.37163864,61.53565477,61.58769227,61.72914858,61.79580318,62.43225443,62.77997952,62.82912967,62.993325,63.08002591,63.09987041,63.48508506,63.7922562,63.85906903,64.22881613,64.30227466,64.3344255,64.61214195,64.61691673,65.25336642,66.76522732,66.79314501]","[0,6,6,1,7,7,0,6,4,7,7,7,5,4,5,0,1,6,6,7,4,0,5,5,4,6,3,6,3,0,4,4,4,5,5,5,4,4,6,4,5,1,5,4,6,7,1,5,4,5,4,4,5,5,4,5,5,6,6,5,6,4,7,6]"
"[7.82442976,10.16629148,14.6802486,17.69970082,17.9854972,22.66663809,26.67733989,27.19212124,28.39656963,34.1419311,34.53342848,34.54716845,34.62942488,34.92316159,35.00353759,35.71480095,36.26253473,37.32206932,37.71021667,43.99675826,50.1364984,51.32870506,53.76201237,54.84957968,55.04740294,55.33748506,55.93744043,57.04914017,57.95189188,58.41276911,59.00758834,59.05093695,59.07329208,59.90669515,60.34466321,60.95480352,61.51448804,61.67805934,64.08775058,64.97632412,66.51371639,71.01418857,73.34312558,73.61174123,73.96015212,74.01946031,74.19921529,74.42682982,74.86636644,78.47619049,81.52725084,81.9776866,82.05366377,82.68392243,83.21433995,84.05255635,85.74830887,88.25887399,88.53880917,94.7061292,94.95795484,95.63445706,97.17259039,102.86316016]","[6,2,7,1,2,5,2,4,7,1,5,4,4,5,4,5,6,2,5,3,3,1,5,4,5,4,7,4,5,6,1,2,5,3,5,4,6,5,4,6,3,3,1,0,5,6,2,7,7,0,0,6,3,7,6,3,0,7,3,2,5,6,7,7]"
"[0.44056319,7.94688179,14.82802389,15.40636715,16.07357092,19.39902047,21.62032849,31.88782082,32.86013323,33.81040199,37.25052469,37.64559481,37.68158787,37.93062273,41.29935209,41.35303833,41.40588088,41.98616994,42.05042517,42.80485094,43.26084736,45.19222856,46.49564686,47.98541183,50.76239449,50.98818928,52.50685069,54.21341909,54.22061681,54.94622231,64.54088214,67.46340579,82.40349724,88.80277576,89.93488937,94.09991153,120.40533803,124.79821424,125.1782857,135.36134892,135.80977968,137.46503361,137.96600749,138.08035784,138.12441702,138.56773736,140.81412139,140.9832971,144.40843238,144.97891524,146.08899541,146.5783277,146.82064042,147.834004,147.87480973,148.01818758,148.90908116,149.38629496,149.60521695,149.79833718,149.91955419,149.99825825,150.66750307,152.28787127]","[2,6,1,7,2,3,0,1,5,2,4,2,2,4,5,2,2,4,6,7,6,7,0,5,3,3,1,7,2,2,3,7,1,4,0,2,4,0,4,4,5,1,4,5,5,4,5,6,4,5,6,7,4,5,4,5,6,6,4,6,7,6,5,5]"
"[0.21469418,0.7526593,0.865562,1.22009523,1.59561088,2.08643961,3.00561799,4.63550561,4.88960649,6.17854315,8.58748437,9.13490043,10.4713306,10.82547929,11.50914648,11.94652937,12.45741995,14.27332241,14.93292006,22.8460801,23.05713096,23.75074059,25.14593053,25.49593087,27.1477947,28.99021502,30.37170909,30.58410209,30.89532883,40.1389275,41.6769389,42.45325701,42.83695271,44.5620765,48.76019185,50.10459564,50.4342757,50.46506815,61.5794871,62.65203384,63.47326197,64.40701082,65.07971625,70.52380124,70.531562,77.45708458,80.86397835,81.27087463,81.63330699,92.1408516,93.07629171,94.92369158,94.92472086,96.90363309,100.44011181,100.78527762,102.33206195,102.47115983,102.69428219,109.15072732,110.35502908,110.99794341,111.54327118,112.04708445]","[5,5,6,4,0,5,6,4,5,0,2,0,5,3,5,4,4,6,7,1,3,0,2,3,7,5,6,3,6,6,7,0,0,4,4,7,5,6,0,0,5,6,6,2,6,1,2,2,2,1,6,1,3,2,1,5,4,5,4,7,2,5,6,6]"
"[1.0412546,2.91811207,3.96848014,5.98266267,6.85524742,7.03229683,7.82451876,10.79993946,11.10360727,11.78086951,12.53282788,12.77565856,13.06412781,14.4160116,14.95376516,15.34031293,16.29256923,16.54256828,16.73394604,19.53347566,20.60961985,23.98918369,25.17290811,25.33895735,25.7451691,26.67807914,27.30825824,27.4672512,27.57816731,27.72263697,27.8071589,28.39937786,28.61941633,29.10709394,29.51372228,30.43923915,30.7419265,31.096945,31.18293075,31.37470533,31.50990877,31.57492204,32.26688642,32.41770783,32.5462327,32.61075349,32.84784336,32.96980725,33.37458333,33.72832958,33.82649812,34.58888228,35.07202807,35.41252329,36.81003827,37.1447599,40.94123843,45.33397424,46.07846607,50.75024764,50.82672254,60.09192628,63.519924,65.32105156]","[3,2,5,1,7,7,5,3,1,5,0,6,2,0,0,0,1,0,0,5,5,4,5,5,4,6,6,5,4,4,7,6,5,6,4,5,6,6,5,0,6,4,5,6,5,6,6,4,5,4,7,4,6,6,1,3,6,7,0,4,1,7,5,5]"
"[3.65178766,5.8372097,6.420514,8.38272321,10.39105239,15.10119703,15.30243008,15.96417191,18.46420945,19.07641284,23.94024271,33.60332099,33.80042417,43.446824,43.74061057,43.90640666,49.11805822,49.40266821,50.78387078,57.7124511,58.18339923,58.40010745,60.17637739,61.40852868,62.62664667,63.22944565,66.43701136,71.76959192,75.04343537,76.14120276,78.26850445,80.54730247,82.72750339,83.58112621,83.73117141,86.91721346,88.22956761,90.95996153,92.73370352,94.96432319,95.459156,96.7743743,101.53696216,102.68858751,105.43541751,106.25674175,115.86049203,116.94112931,120.33179359,120.45820635,121.15390745,124.82981504,125.20251862,126.13257624,126.29115913,127.98504859,128.28804116,128.48630441,129.25425571,129.52183277,132.68976508,133.03526555,133.66716715,135.31885838]","[1,1,2,2,3,6,7,1,1,4,0,1,2,5,7,2,6,4,5,6,4,7,4,2,7,1,7,4,6,1,1,0,0,5,6,5,6,6,6,0,1,4,2,3,1,3,3,0,5,4,4,5,2,6,7,6,1,7,7,0,0,2,4,5]"
"[4.12602456,5.63614152,7.15437573,8.02827536,9.66059039,9.68638158,9.7101243,10.14800798,10.65712112,11.43331521,11.96190276,11.99573514,12.31836999,12.55738093,12.69727333,13.01158579,13.14745447,13.89655606,14.64427097,15.22907944,15.56028119,19.17564324,22.01518254,26.27039965,26.3239336,27.06149502,27.46894752,29.68445301,35.19251517,36.55481354,37.32146741,40.17347096,45.51445209,50.03771787,56.40463654,56.47855512,56.8847379,58.73398102,58.82119325,58.9137109,60.38501541,60.93949965,61.85055567,65.9199221,68.62885289,69.14456588,69.44976605,70.47759094,71.96027459,81.98451233,82.70550838,87.82934114,88.03808872,90.947799,91.57552911,92.03055085,92.84843973,96.48293815,98.20404118,98.37452328,99.31072902,99.62086929,99.76224978,101.53766735]","[0,4,1,0,5,1,5,6,4,5,4,4,7,5,6,5,2,4,5,6,5,1,2,6,2,5,6,7,1,1,1,4,0,1,5,6,4,4,4,5,5,5,3,0,5,4,6,7,1,1,0,3,7,4,3,5,0,1,5,4,4,5,4,6]"
"[1.35607057,3.34463482,3.9767263,12.45276092,12.84479609,13.19009486,13.41337282,13.44604633,13.71000299,13.74293103,13.86281006,14.025646,14.19905676,14.5158643,14.56444604,14.69558861,14.72403831,15.01149767,15.55455902,15.70154394,16.19534604,16.49818442,16.53151702,16.5718555,16.69466186,16.75721335,17.06319347,17.23179806,17.25926216,17.31022161,17.91596727,18.02039757,18.17530865,18.37566219,18.53362781,18.7002076,18.76805068,19.35324128,19.45763046,20.29441034,22.38385561,22.62837301,22.76820563,23.49159479,24.93324004,30.78052842,30.88419488,30.88636051,30.96455681,31.66103899,36.5244695,37.10814111,38.42050282,43.13059424,46.35882154,49.81929157,53.1339607,53.29071637,54.03241614,63.41562338,65.71096385,65.79894682,65.89102287,66.29190054]","[1,5,4,3,4,5,5,4,5,4,4,5,4,5,4,6,5,6,4,7,4,5,6,4,5,4,6,6,5,6,6,7,6,4,5,4,5,4,6,5,4,4,0,6,2,5,5,6,6,4,5,6,4,6,1,5,6,7,1,1,3,5,4,3]"
"[0.28117831,2.36505552,3.3690798,8.49263742,9.5182382,9.78632938,11.63861451,12.1731425,12.43904981,12.45191194,12.57056179,14.57575726,14.73182791,18.05955666,34.32412561,41.42513481,41.71157627,47.48907429,47.6862497,51.32186621,64.11122726,75.24566932,76.5517274,78.57672603,79.01368279,81.37808394,81.78604868,82.18226334,82.77224792,83.14590179,87.6899095,88.40199907,88.80301341,91.82492807,91.96003344,92.20003659,92.79922843,94.69395304,95.04378894,95.13585421,95.65619603,96.56298459,96.81091816,96.96530088,97.10746213,97.27904753,97.37361718,97.44573741,97.51724627,97.66655002,97.82396315,97.83782576,98.30646947,98.61768902,98.94230477,99.51102491,99.58348523,99.72994716,100.17733333,100.82758148,101.11337221,101.81703862,101.86070712,101.8609357]","[2,1,0,5,6,2,1,0,0,5,6,4,3,7,1,0,2,2,1,2,0,7,7,7,5,7,6,7,2,2,1,1,5,3,2,2,6,5,7,7,7,4,5,5,4,1,4,5,5,6,6,6,4,5,6,6,0,5,4,1,4,7,5,2]"
"[4.77333133,7.32342984,11.46869621,12.46936249,12.55898428,12.9951057,13.7209298,16.48065067,16.48545709,16.61113935,17.54819488,19.14571418,21.32937224,21.95115285,22.35058558,32.66290363,35.15590533,35.31933143,37.17522382,37.68763694,37.87956229,38.21014355,39.16859046,41.2559548,42.16820784,42.50459651,43.44886442,43.48702744,44.30005679,47.58133657,47.72577128,55.30134947,56.16493144,63.33131734,67.35833539,72.44158772,74.54340845,81.01401931,81.01784231,82.37368424,83.02832191,83.07790222,83.1352918,84.02731857,84.28809225,89.90269891,90.28288233,91.02549128,91.68341445,91.93182695,95.08308296,95.28628822,95.44838549,95.71693197,96.45298181,97.42506665,97.93554159,98.23173483,98.45673114,102.93204969,104.29371304,104.29825749,105.24703322,106.9000299]","[1,5,5,4,6,1,6,6,5,4,5,7,4,1,7,7,6,2,4,1,5,5,5,3,4,4,1,6,7,4,6,2,7,0,3,1,3,4,5,7,1,5,4,5,6,6,2,4,5,0,4,5,3,5,4,4,4,5,5,3,5,6,6,4]"
"[3.19380709,8.69242776,14.44416392,15.76143945,18.40136976,18.70215054,20.2070538,22.74258624,22.75702483,23.39330327,24.06399892,24.22845648,24.41093608,24.68510379,24.87626694,25.28380595,25.39602158,25.44599296,26.14119179,26.46537809,26.5249746,26.69663038,31.06163668,31.78239182,31.79120489,31.91810772,32.88600298,33.29974032,37.90575493,42.83494047,43.6149872,43.83012707,43.86250882,44.59472761,44.89859921,45.04545272,46.87947264,51.40346458,51.48311791,54.10598796,54.55029755,55.04542207,56.04776618,57.84032561,57.9663796,59.14367707,61.19187658,64.25574595,65.06408129,67.81335577,67.93209044,68.11205831,68.45247967,69.1371713,69.2461053,70.74996454,72.60466205,72.92638422,73.25307264,73.55185118,73.88635044,75.08256912,75.19000429,76.7106886]","[5,2,0,2,5,0,4,2,5,0,5,5,2,4,7,6,2,4,2,5,6,6,2,2,7,6,1,4,3,0,3,0,1,5,7,1,6,0,1,5,4,4,5,4,5,6,4,6,4,5,4,5,5,6,6,6,6,7,5,6,4,5,6,2]"
"[3.30184222,7.0848045,7.60928455,7.88617189,8.89994709,10.93653166,11.52960727,11.80983649,12.24401385,12.64911046,15.15696517,15.21894434,16.1769122,16.51633223,18.45232173,19.25386571,20.26362075,20.29098727,20.74715356,21.04103865,21.5236233,22.12860643,23.88695277,27.32342667,32.41108767,37.16991805,37.63345225,38.06898339,38.07586081,39.92096658,40.4841023,40.52155087,41.09620647,41.10051059,41.16155524,41.95940982,43.9109664,44.50656003,44.7783451,44.88622054,45.28021051,46.11913491,46.17149553,46.48793028,47.44357784,48.36212399,48.80063623,49.11623949,49.14832173,50.01266308,50.01498643,51.05547099,51.75670165,52.39555767,52.84268554,52.9511427,53.11008887,53.35665821,54.43070259,54.94336733,55.28223136,55.49900346,56.40309681,57.42613232]","[1,1,3,0,5,1,6,4,7,5,1,4,5,4,6,5,4,5,6,5,1,5,6,3,1,5,4,4,5,4,6,5,5,5,6,4,4,4,0,5,5,6,3,5,6,5,4,6,7,5,5,5,4,4,6,0,0,7,6,3,6,6,7,5]"
"[2.4870194,2.71962913,3.49907162,3.50837609,5.35191524,5.39859785,5.50975928,5.64562231,7.00728392,7.03124421,7.70333839,8.16151442,15.32784507,16.39189566,23.27834606,23.90871625,37.90769475,41.92048025,43.26920343,44.42564669,44.83410801,45.03710619,45.2089091,46.00712359,51.06491904,54.01790045,58.52081314,59.0846248,59.86053373,64.75494133,64.99071543,69.21785106,80.29485543,80.76068226,84.33114199,87.21412861,91.2988135,96.40795049,98.42474248,98.58962991,98.74379584,98.88861653,99.85984609,101.52146413,101.73913609,101.90450743,101.92446613,102.06985249,102.13005807,102.54284662,102.60308936,102.68772332,103.37113192,103.51713568,104.27365483,104.45697992,104.57098676,104.78646932,105.38839009,106.46727994,108.8565791,108.9183728,109.16143737,109.46841424]","[3,7,3,7,4,5,0,5,4,2,1,4,4,1,0,2,5,0,5,6,4,0,6,7,3,4,3,0,0,1,2,7,4,7,2,1,1,4,0,2,5,6,6,5,5,6,7,6,7,4,6,6,5,4,5,5,7,6,2,7,6,4,4,6]"
"[1.24458104,6.50474464,14.11686607,14.21834439,14.58816257,14.63603538,17.08701826,22.92351851,25.27206611,29.41223739,42.27041616,44.17310771,44.48053783,46.11829757,46.81084657,47.4135611,47.42670893,47.99410414,48.32657356,48.3878534,48.63068962,48.87168799,49.92235347,50.4927077,50.64644109,50.84576913,51.07400421,51.14106146,51.88693819,52.04646261,52.27440616,52.4572764,52.53358214,52.75289166,54.23766257,54.34463391,54.99558867,55.30644384,55.50906777,56.18641005,56.40419255,56.65931747,58.25840954,58.29691083,58.86742961,59.95163527,60.57460644,61.05087679,62.23510242,62.37406175,62.83924093,64.44987342,66.98785542,67.49232126,67.89778711,68.84251084,74.29644177,74.42805935,74.48178278,75.57853143,75.73272231,76.79560837,79.54477845,79.96108093]","[1,7,6,2,7,7,0,1,3,1,4,6,7,7,4,5,5,6,4,2,2,5,4,4,4,5,5,4,5,4,3,5,5,1,5,4,4,4,2,5,6,6,7,1,5,4,4,6,5,6,7,5,5,7,5,1,1,5,6,6,6,4,4,6]"
"[6.97551373,15.75298495,16.32292058,18.22242087,18.26190884,18.89496061,19.66946326,20.27148385,20.29811512,20.31514876,21.79577917,23.328119,23.58034289,24.08179477,26.38969986,30.43735033,30.53665217,32.79542035,38.29412727,40.61129497,43.21283647,46.33593084,47.30568523,48.2524726,49.86656735,51.17485116,51.22465457,52.45693997,53.87710787,58.50089261,60.39513314,60.42339189,63.26408277,63.30920736,63.70645756,65.33511674,65.48179353,67.01527093,67.79578595,67.83704385,67.97621786,68.84297399,68.87987466,69.57188942,70.10127437,70.93148883,71.3190857,71.39573756,71.41946508,71.57209114,72.76188896,72.9047537,73.07665632,74.43391017,75.64169098,78.25168501,78.37867454,78.60502828,79.62824066,80.27193013,81.12515086,81.25507054,81.61482078,81.76101011]","[1,6,0,5,4,4,1,6,6,7,6,0,4,2,7,2,1,1,0,6,0,4,5,6,6,6,6,7,1,1,0,3,5,1,5,6,6,3,6,7,4,5,4,5,6,4,5,6,4,5,4,7,6,7,0,5,4,4,1,6,5,1,6,7]"
"[2.78974037,5.83567566,7.07696185,9.16562305,22.68838279,24.58869082,27.69533955,30.21664367,33.12188714,38.74657708,38.8011937,38.83791354,38.8768893,38.90076042,39.01916145,39.17730455,39.23878626,39.31649517,39.86201301,40.95513761,42.46519024,42.6966301,43.27657572,43.27664353,43.65176968,43.71280258,43.84385325,44.00127356,44.47582928,44.96268408,45.1294789,46.19453306,46.55468415,46.72779755,49.41480917,50.39169724,50.47224181,50.94584043,51.11742223,51.45551691,51.61042852,51.85118274,52.33160001,52.62395464,53.22318669,54.71869596,57.58007204,59.74823093,61.27550179,63.60930005,65.79356516,68.87691269,69.11170693,72.9345919,74.14969478,75.43737612,76.25573372,78.542606,79.64172377,82.64699728,84.92949925,85.28570915,89.01858933,96.52385129]","[0,0,5,1,7,6,7,2,2,5,1,0,5,4,6,4,6,5,3,4,6,1,5,6,7,4,6,6,1,6,5,5,6,4,4,5,6,6,4,6,2,5,6,5,7,7,6,3,0,0,7,5,5,4,1,4,5,1,6,5,4,5,3,1]"
"[3.23455447,4.71775432,7.25491249,7.52726933,9.72395527,10.91043223,12.30080997,14.87474183,20.72860096,22.96848464,35.3247744,42.12764048,42.26492148,48.12944108,49.71399701,53.06272009,54.26504023,54.45393432,56.10258898,56.14897718,56.18700936,56.43473429,57.54838899,57.85721459,58.52352206,59.64647833,60.72141756,60.87193527,61.27204676,61.92399571,62.11258733,63.25179995,63.82751688,64.43319395,64.4898687,64.81613358,65.09076856,65.26991735,65.42776805,65.76356868,65.82324712,66.86501189,66.86674839,67.35340274,67.38923094,67.50208925,67.50209394,67.54884381,67.69646982,67.80573738,68.00752682,68.17947837,68.25849784,68.40147724,68.48549669,68.55296617,69.11286303,69.31540733,69.72364629,69.7455815,69.75064567,69.78666791,69.80647588,69.87374336]","[7,7,5,2,2,1,4,2,5,7,1,7,0,0,6,1,4,5,4,5,6,5,6,4,5,4,5,0,5,7,4,5,5,4,5,5,4,5,4,6,5,2,6,5,4,4,4,4,5,4,5,6,4,6,6,6,5,5,5,6,7,6,4,7]"
"[0.25205325,3.20145835,4.7771115,7.4973117,7.64238225,7.71570829,7.85674374,9.02509589,9.78485352,10.8023068,11.35432242,12.18594407,14.02101929,14.56367269,15.83557215,18.55390743,19.34246132,19.80604881,19.99002018,21.76145423,24.43888811,24.64883332,25.38067184,25.50637993,25.67976302,25.76665482,25.78460767,25.81567816,25.88124344,26.18221776,26.19085162,26.37127205,26.64700918,26.7482339,27.06264228,27.10391152,27.2994552,27.32060684,27.34662338,27.4582066,27.46109771,27.71561266,27.81071847,28.89096249,29.06219031,30.4427067,31.52341055,31.94900609,34.49019896,34.94240292,40.01687735,44.0247031,44.34974067,44.45683975,50.63339929,52.03087163,52.08199185,56.80686569,57.28128869,63.23987608,63.69804275,65.70487931,70.29738555,71.4793327]","[6,4,5,2,6,1,5,7,7,7,4,7,5,6,1,0,4,6,4,4,5,4,4,4,5,6,5,5,5,4,6,6,6,5,5,6,5,6,5,7,6,6,4,7,1,4,4,5,2,5,7,0,1,1,2,0,1,3,7,2,0,4,2,2]"
"[0.26794455,0.6392125,1.85362523,2.07409159,2.77207373,5.10328688,8.37971104,9.5684156,13.09977317,14.35422157,18.60079885,19.68387195,23.51628573,24.39666495,29.41980919,30.55626865,31.48429152,31.86506383,34.96710947,37.84885205,41.80452925,42.49271345,42.86813524,46.70921709,49.87170075,52.73822818,54.32277849,55.35507711,55.60447801,55.79719044,56.23970427,56.25352966,60.19757666,60.48463395,68.40287528,75.51884662,79.33089787,81.41632128,83.35921807,85.53286072,86.82708684,86.88577361,95.87576974,96.92723979,97.02297179,97.06957003,97.31614036,97.63208806,98.02695893,98.16178538,98.4637315,99.07530936,99.16451629,99.19298111,99.21776181,99.68088152,99.9697228,100.01838735,100.09170624,100.61356222,100.93364942,101.02195602,101.43324725,102.28930676]","[1,4,2,4,5,5,5,6,6,5,7,6,2,5,3,4,6,3,1,4,2,0,3,0,6,4,5,4,5,4,6,6,3,0,4,2,0,0,6,6,1,7,1,5,6,6,6,4,6,5,4,7,5,6,4,6,6,5,3,6,4,5,5,6]"
"[4.73252174,5.06976811,11.22056301,12.86632508,13.83032037,14.18055786,16.65217459,18.22299358,25.32271811,29.59664994,32.36218193,33.68669403,34.08918468,47.45345953,51.74443179,51.90618275,54.08821164,54.60798331,56.33427983,59.89883266,69.53353472,70.56939454,73.22505648,73.77210683,76.34218616,77.65874538,77.71454392,78.2099197,78.39878971,78.52107765,78.53217274,78.70031582,78.77244919,78.78083987,78.8453412,79.55553891,80.01536499,80.11978048,80.31877439,80.76854538,81.35313272,82.6481485,84.98500628,85.95728789,96.8796459,97.17629566,97.19637031,97.32128701,99.56838525,100.16302999,100.67060267,103.07846814,105.36676969,107.07641931,107.49517932,109.34715336,112.61255889,121.0878404,122.95210141,123.78518042,124.45240914,131.11798754,137.02992294,140.8695802]","[2,7,4,0,3,5,3,3,0,0,1,2,1,2,5,3,4,5,4,3,0,7,0,2,6,5,6,5,4,5,4,6,5,7,7,6,5,7,5,4,6,2,7,2,5,4,4,6,1,1,2,1,0,1,2,1,6,6,0,5,7,1,2,7]"
"[0.9278224,5.78607071,6.37349099,8.98206748,9.19692804,12.0906208,13.44994992,13.7685359,14.38069153,14.71355077,14.83127295,15.03188169,15.4341265,15.54569884,15.59710352,16.00884896,16.48197185,16.84127205,17.82185781,17.83799905,18.30990891,18.36406922,18.90394331,19.03849336,19.31390102,19.33335836,19.49155397,19.72395094,20.09009484,20.26930402,21.05311575,21.15722081,21.26810956,21.59539075,22.01789989,22.17146404,22.2622817,22.8442477,25.31537604,25.66425024,28.11232747,28.12511859,28.75669968,28.96632194,29.04590643,29.37226628,29.50360014,29.58497067,29.7467703,29.96248266,30.67417525,32.35864784,32.89435593,33.08557083,33.63501165,33.76658225,34.55436693,34.6304772,35.03021219,35.67419014,35.95242753,36.16431022,36.28139712,36.83515543]","[1,3,4,0,7,4,5,4,6,5,5,4,4,5,6,6,6,5,5,4,2,4,4,5,5,6,5,6,6,4,4,5,7,6,7,7,1,7,6,2,6,4,6,5,5,7,5,4,5,4,6,5,4,4,5,4,4,6,6,2,0,7,7,2]"
"[4.86864416,7.97243676,9.34342038,11.12053449,11.8899464,13.67399334,13.90336016,13.91291799,17.67499532,17.82761873,18.79978465,19.42164096,19.65773054,19.95975737,21.82446423,22.31809031,22.44491671,23.39214764,23.46182395,23.78027639,24.3083177,24.61038449,24.93319365,24.95724657,25.34887779,25.77576515,25.81112441,25.81194263,26.47394159,26.4922331,27.57765619,27.67382892,27.68643159,28.26433965,28.27037984,29.00690388,29.6585724,29.93410883,31.70192989,33.95857233,34.17467213,34.43167885,35.17213362,35.19930287,35.80162396,36.22888736,39.65199748,40.9661997,41.45418111,44.81739134,50.15355549,50.26896824,51.8511414,52.78523476,59.25233772,59.64043903,61.68270279,65.51030379,68.82682805,69.02846502,69.72310294,71.04258287,75.39074612,78.98960598]","[3,3,1,6,1,3,3,3,5,4,4,4,5,1,5,4,5,5,4,4,5,4,5,4,6,7,6,4,4,5,5,1,1,5,5,4,5,6,6,6,6,7,1,5,6,4,7,7,2,2,4,3,5,2,4,2,7,2,6,6,7,2,7,6]"
"[5.98708122,8.45400498,8.6768556,9.18800724,11.51779523,16.95236369,16.96949154,18.75056885,19.5831892,19.81663691,20.68314872,24.21421698,28.21564287,33.38460196,33.94799434,34.52259035,35.35964262,35.45796958,41.63634171,41.92407749,42.45678054,42.61976966,42.74592189,43.01036751,43.27664164,45.3077409,48.02672312,52.86946318,56.47808108,61.60897912,63.05893105,63.20687545,63.20763485,63.24808562,63.93678901,64.13613565,64.15373064,64.63520778,64.64747392,64.78363144,64.79488744,64.94497183,65.05386515,65.87164609,65.97062532,66.26557403,66.34594191,66.54194371,66.77430587,67.06323626,67.47272801,68.2182638,68.2639603,68.43458978,68.47599556,68.77097918,69.15121813,69.8177137,70.57162714,71.4768502,72.63146496,72.94785813,76.28067874,79.19999571]","[4,4,5,6,6,0,0,6,7,2,6,6,7,5,6,2,1,6,7,5,7,6,6,6,7,2,7,2,6,4,5,4,6,6,6,5,4,5,2,6,5,0,6,6,4,4,4,5,5,4,6,5,4,4,4,5,4,5,5,6,6,5,4,5]"
"[9.29118144,19.04994307,24.12572894,24.19168004,24.39389977,24.40753804,24.75823413,25.33694778,25.35281423,25.78749135,25.79515946,26.17178928,26.24887077,26.29265159,26.40125774,26.85742189,26.88086664,27.28538242,27.63290996,27.99930678,28.71551809,30.797899,30.81464849,33.09028665,33.38439032,33.60016516,42.38591024,43.78539433,44.23648386,44.49395919,54.7824939,61.01621502,65.72076497,67.08850856,67.57588897,69.76373202,71.90319177,74.83602138,78.55412505,78.72262511,87.08203131,88.42986934,89.76468718,90.09959039,90.22315743,92.25059432,92.35843136,92.38223469,92.58275849,92.62887036,92.77285102,92.89017649,93.22972637,93.37925001,93.44580056,93.48409129,93.48589515,93.69577919,94.02671931,94.13307866,94.51637932,94.6032663,94.80556671,94.86395342]","[2,7,5,6,4,6,6,6,4,5,5,6,3,3,0,0,4,5,5,6,7,5,7,4,5,6,5,6,6,3,2,6,4,5,6,2,6,1,2,1,5,2,1,2,5,5,4,1,5,5,6,6,4,6,4,4,6,0,6,5,5,4,5,4]"
"[5.51647222,9.96785409,11.91523317,18.80540159,22.5771994,23.14214982,27.68978923,33.63877705,37.76742971,37.79566366,38.48642913,39.11229018,42.04541244,43.42521715,43.85698477,44.69508495,46.18100055,46.4177039,46.68307993,52.48576282,52.81879094,53.64964847,55.38896905,58.06324753,58.50493901,59.70579955,60.77983593,60.79328007,61.27508745,61.82697153,63.49754369,64.18046392,65.10768807,65.57925534,66.48649224,67.74522039,68.01740743,68.44009998,68.72772774,69.14961111,69.41334759,71.92029305,72.2669791,74.75393199,83.68006905,85.08534272,94.14747764,100.39271503,101.49805771,102.04178329,106.78078491,106.93563106,107.23148735,107.28307151,107.98113168,108.23523291,108.50764201,108.77048308,108.92504766,109.11064316,111.61023602,114.09108326,114.46990925,115.16045897]","[1,2,7,3,1,0,2,7,5,6,4,4,3,7,5,7,6,5,6,3,5,3,1,6,5,4,5,6,1,3,6,4,5,0,5,4,5,6,6,5,6,7,3,7,1,7,7,4,6,5,6,6,1,7,0,4,0,7,5,4,4,5,4,7]"
"[1.8292256,4.54821778,5.77419164,7.06680764,14.87431179,16.51597201,17.95983405,20.24026029,20.51576416,21.15197981,21.3731003,22.0703733,22.6368806,23.80655374,24.04646775,24.28169554,26.12478382,26.3620824,26.53240457,26.74238023,26.79870585,26.82428145,27.39328344,27.53908945,27.54083109,27.90808934,28.28703214,29.38039395,30.0500736,30.34161367,31.0174606,31.15486081,32.04680653,32.41012423,32.80241825,33.31124633,33.58908091,34.03115618,34.42716454,39.99798754,42.02915676,42.83734529,43.05258539,43.06429085,43.19033705,48.02981659,52.63655826,55.00960395,56.44594902,66.27245952,69.98884503,72.06243787,72.13430654,73.06491776,75.06495527,78.52516124,78.68073014,79.33279709,80.27618922,80.51576253,80.85698519,80.97394282,82.93104518,83.69766047]","[5,6,3,1,6,7,4,5,5,6,4,4,4,5,5,1,4,6,5,5,5,2,4,7,2,5,4,6,5,6,1,5,6,2,6,4,6,5,4,3,1,5,4,5,6,6,3,0,2,2,0,7,1,7,7,4,5,4,1,6,6,4,7,7]"
"[3.57589164,3.92736032,4.13826542,4.26196042,4.44541845,5.41511313,7.08814168,8.88647241,9.9896945,14.46516781,16.76689293,18.24162139,18.27455994,19.3748313,22.78549609,22.84370065,25.03355383,25.03470605,29.87568671,30.68950326,30.69252749,30.94670714,32.70147209,38.99870496,42.21008282,43.22222959,43.31097376,50.38987098,57.32704326,57.54108294,58.04420886,66.37484187,66.9799459,69.47447638,70.27146257,72.38936788,73.00561475,79.38974945,91.30382945,94.2717217,94.99621537,95.26662888,95.37104862,96.18475866,98.20131818,98.20404762,98.22989764,98.62089264,98.70304715,98.92470771,99.51342915,99.63867351,99.64699964,99.73581444,99.93225072,100.677873,100.79006958,101.12329953,101.37951968,101.41955934,101.72396778,102.04649907,102.11488616,102.28190613]","[6,4,3,6,5,6,6,7,6,0,2,2,6,2,0,0,5,6,4,5,4,5,0,5,1,5,4,3,5,1,6,6,7,0,6,7,1,0,7,2,5,2,4,5,5,4,6,4,4,2,6,5,6,5,0,6,5,5,6,6,4,5,6,5]"
"[3.73395718,3.91065249,5.10129847,6.83413124,7.42116174,8.70261381,9.53743899,9.65610486,9.67669935,10.01534521,11.51135912,11.68082293,12.2218599,12.50711107,12.80944558,12.83831558,13.2119575,13.44917965,13.65465856,14.73638868,14.75020081,15.01924959,16.10135824,18.77524668,19.47562575,19.67429773,20.0758879,20.5585238,20.74802709,20.83291102,20.88889889,21.98353532,22.22958457,22.72587514,23.5799898,26.8156759,28.23153272,39.21995735,39.29192013,39.98501997,42.52585346,42.946967,44.91902593,46.7907446,47.05912148,49.04882163,49.74663927,53.19926991,55.28672899,55.73723603,55.75544311,56.0132039,56.06694072,56.52898613,57.15135883,58.02696478,58.59802192,58.72170044,58.78909476,59.33998302,59.6066864,59.82117256,60.01850688,60.22140499]","[1,4,7,0,5,6,5,0,4,4,4,5,5,4,6,5,4,6,6,6,2,6,5,4,5,5,5,4,1,6,6,7,6,6,6,7,2,4,1,7,5,5,1,0,7,0,1,7,5,5,4,4,0,5,4,6,5,4,4,5,5,4,5,6]"
"[6.8169869,32.22709265,32.39617994,33.4387619,33.45602072,33.61200686,33.90785081,34.08998962,35.04190932,35.11920546,35.31111259,40.71956222,41.66643939,42.09798816,42.47443703,45.17486704,45.19792902,45.48506082,52.91395669,55.13560845,58.45092136,60.1160099,61.88419689,65.03280842,65.06251399,66.35928878,67.7419335,68.63251272,68.86537542,71.160719,72.86230521,73.47312805,73.50488719,75.65873791,76.52793965,78.23549125,82.4517924,83.76612769,85.44614783,85.4571176,85.58559045,87.77926223,87.82209661,87.86374138,88.35733675,96.53661081,101.63559715,106.27574344,109.45186747,109.7081647,112.29272913,114.81510557,119.59304079,120.13804158,120.54827561,121.13978879,122.93915595,123.99587157,124.24741579,124.82037628,125.15927455,127.14311903,128.22774641,130.42461617]","[7,4,5,5,6,6,6,4,4,5,6,0,4,5,3,6,3,7,0,2,1,6,2,1,4,5,4,7,5,6,6,5,5,0,6,4,0,4,5,4,4,6,4,4,6,1,0,5,6,6,7,1,1,7,4,5,6,7,7,3,3,3,7,7]"
"[0.09885206,8.08134479,8.77617529,11.36533115,25.59443994,26.15202587,27.83760445,27.99697764,28.85593565,28.99594098,29.25981537,29.30814799,29.95349866,31.52321137,31.97212922,32.23315692,32.46637531,32.53308469,32.53772871,32.64667208,32.65356315,32.78088105,32.81416783,33.15826538,33.5982892,33.60882987,33.63159928,33.81978973,33.95378879,34.24490618,34.73476092,34.74278896,34.89494686,35.32089906,35.56158903,36.0354782,37.08948231,37.11251776,37.40817875,37.45775463,37.55249633,37.58595053,37.84270999,38.06092085,38.31593758,38.60067765,38.65155689,38.79270025,42.98675597,44.1388299,44.57222815,47.01712845,48.76047987,49.45452239,50.13820937,51.09321221,54.83109284,55.03022361,55.25597698,55.5413011,56.0848406,57.8659683,58.04463597,58.5290115]","[1,0,7,1,4,5,1,4,5,4,5,4,4,5,4,5,5,5,5,6,4,6,5,5,4,4,6,5,4,6,1,2,3,6,6,5,6,4,5,6,5,5,6,2,6,6,7,2,2,6,7,4,3,3,7,7,5,3,6,7,4,4,5,6]"
"[2.67495454,8.70167535,15.47936401,22.5606843,23.8118954,25.25688242,26.36645016,27.13104704,28.16563521,31.5109152,36.13215182,36.18692415,43.31776137,43.53926435,49.08206812,49.21237122,51.85592173,53.80412447,58.40062985,59.9770196,60.62294198,61.07274405,63.02140185,63.9276291,64.29324768,65.2291782,65.90678555,72.68211496,72.78410469,80.48382606,82.18354331,83.41641119,84.037921,85.95092285,86.59357909,91.30536819,91.62427096,91.89028287,93.26265523,93.56578609,96.16577936,100.47941582,101.06591179,106.98486499,116.40050416,116.66486963,116.84898452,118.6785609,120.85261288,121.5240023,123.72751256,124.12307822,124.13442039,125.3734656,125.79763116,126.49359045,127.85253821,128.61163538,130.99766087,132.36702817,133.02646087,133.98375186,134.10051303,134.8719746]","[5,0,7,0,6,2,6,0,6,7,7,2,1,0,6,1,3,6,0,0,5,5,4,1,4,4,6,0,0,0,0,5,6,1,1,3,5,4,4,6,1,4,5,4,4,0,5,5,5,6,6,2,4,6,6,7,5,1,2,6,5,3,7,6]"
"[0.98442533,3.70150086,4.57629719,5.06389636,6.19842901,11.39169763,13.65209075,13.75470508,16.32010399,19.85608955,21.30616789,24.27892482,25.68815802,26.45966294,26.6228214,26.69430136,27.33429692,27.62394115,27.86240325,27.89081831,28.07389309,28.43336779,28.6354416,29.35727268,29.44223444,29.72731923,29.7724492,30.25663078,30.99885043,31.02016426,31.04560516,31.89688278,31.90712683,31.9205915,31.9657882,32.12953403,32.79635943,32.85046375,33.08821926,33.73462245,33.97420901,34.03950821,34.05471594,34.29983935,34.46799573,34.54626002,34.72155785,35.53157823,36.24242199,36.94781888,38.31808813,38.40773672,38.4135166,38.8158998,39.00074241,39.05872168,39.86367119,39.86802951,39.91884276,40.14818502,40.29892857,41.03530481,41.08415706,41.71989662]","[5,2,4,5,1,5,6,6,4,1,4,5,4,5,4,4,6,5,6,4,7,6,5,4,5,4,0,5,5,5,5,5,6,1,6,7,3,4,4,5,4,6,7,4,4,2,6,4,4,5,4,5,7,6,5,7,5,6,4,6,7,5,7,0]"
"[10.65453443,12.99352278,14.44532186,15.32297169,16.70207498,18.24103403,19.45133861,22.52647862,25.25418926,27.66432144,34.23511641,40.65837189,40.7310434,41.40620784,41.71216524,41.85333961,42.39633008,42.4118535,43.45075005,43.94734661,44.10306365,44.37956228,44.50955014,44.59842457,45.76971333,47.91240438,48.07618504,48.44765973,48.52845337,48.63789612,48.75054836,48.86006073,48.87517307,49.07130798,49.14703004,49.37795934,49.54906838,49.55189731,49.61517974,49.8723871,50.70541777,50.77397614,50.78286418,51.44127046,51.62581026,52.0529433,52.45414577,52.48094584,52.96719695,53.10959184,53.3130213,53.48148104,53.58683057,55.31644713,55.68896661,56.42501979,61.09800673,63.40818037,69.48208897,70.76872352,70.79607874,75.87127002,79.38760178,80.70032862]","[0,5,7,6,0,6,2,7,2,0,1,5,3,6,0,4,5,4,5,4,4,4,3,6,5,6,5,7,7,4,5,6,6,6,7,7,0,6,5,4,7,6,7,7,5,5,5,6,4,6,6,7,2,6,5,6,2,7,3,0,4,0,1,1]"
"[4.01037509,7.23147115,9.97377155,10.45028216,10.70168418,11.57659046,11.69890553,12.9343597,12.94937361,13.14885899,13.66464836,13.99164013,13.99208132,15.10170487,15.18239428,15.40618863,18.83392275,22.83665096,23.49520699,25.87819826,26.89606756,27.04979812,29.39119656,33.83726489,33.90351749,34.10340429,34.56719878,35.50261137,35.61128362,36.66711696,37.749984,37.92262441,38.91837689,38.95827164,39.69217632,40.61120667,40.73769134,41.40421701,42.43856075,42.79950949,42.82056045,43.08918372,43.19029601,43.78235311,43.89980129,44.17290646,44.54645352,44.72930939,45.51779887,45.91567593,47.64605117,49.52093732,52.14383322,52.49215433,56.51878252,58.75748114,64.46693403,65.98701917,70.4669186,71.72612353,71.84165171,73.51261787,74.11112231,76.03207111]","[1,0,5,4,5,4,5,4,6,5,5,4,4,5,4,6,6,5,1,6,7,4,4,5,5,6,0,0,3,3,7,1,7,3,4,5,5,6,5,7,6,6,6,6,6,7,6,7,7,6,5,3,7,6,1,5,0,0,5,7,5,6,3,7]"
"[5.78069816,6.7493675,8.03374393,8.50595203,15.62001569,19.88026759,22.01354839,23.17232226,23.77091312,25.06820093,25.43447808,25.91731013,26.16823753,26.63536223,27.50866647,29.88152781,30.23499976,30.95565347,31.16021397,31.59383397,32.74189623,32.76072676,34.54405793,36.74069907,39.99323021,41.07222097,41.22443005,41.79978834,42.01336939,42.05118518,43.17566455,43.28311426,43.65449828,45.15535859,47.21262276,49.62278913,54.94212793,58.77812737,68.38949506,70.23132491,70.87536649,70.90575535,71.11082171,72.26619923,72.90478515,73.2239943,73.69463735,73.82691318,73.8709975,73.8982065,74.13507882,74.15751917,74.26559772,74.37960953,74.43597063,74.89783512,75.31884037,75.5817871,77.60214888,78.22820933,78.43024153,79.53521991,80.20906582,80.35291842]","[6,6,1,7,5,1,4,2,5,5,4,4,5,5,4,5,6,5,6,5,6,6,2,2,5,4,6,6,5,6,2,6,7,6,6,2,4,2,7,3,5,4,4,4,5,5,6,4,5,4,6,6,6,7,5,6,6,7,5,4,7,5,6,6]"
"[10.65916321,10.83109888,10.89910238,12.36300214,12.64572193,12.98448694,14.1305218,14.25532464,14.53373851,14.54388394,14.57122778,14.95038905,15.9874247,16.09048164,16.81858891,16.9558844,17.23568841,18.55039451,18.65795849,18.92361369,19.69909463,20.49725187,20.72026707,20.76722538,21.26802024,22.34003276,22.63009996,22.83339952,23.53482457,23.82710953,23.88108328,24.05992191,24.08906999,24.11824257,24.61968723,24.68251963,25.00505251,25.08790364,25.22685452,25.23656181,25.32809593,25.43417751,25.44661391,25.46349043,25.53697533,25.55487705,25.8803641,26.13017604,27.15753902,27.5799063,27.68056245,28.44038865,28.65836914,28.77072011,28.82275085,28.98166362,28.98470917,29.1471623,29.59576966,29.70327648,29.8646716,30.04938081,30.16623453,30.30164459]","[7,3,4,5,5,3,6,1,7,5,4,6,5,4,5,6,7,4,3,1,6,6,6,6,4,5,7,5,4,5,7,5,5,5,5,4,4,4,7,0,5,5,6,1,6,6,6,5,6,6,1,5,6,4,5,5,4,1,1,6,6,6,4,4]"
"[0.39088424,1.38934096,1.81330408,2.80981773,3.16467959,3.19070118,3.32293601,3.54359479,3.62325247,3.90537276,3.90939517,4.03712745,4.17016615,4.88186128,5.26048159,6.03368403,6.24281195,6.64672748,6.70216718,7.24714883,7.25971454,7.3582275,8.54345517,8.70877623,8.75820805,8.81520305,10.03861324,11.12017925,11.18057588,11.80567073,13.76507023,14.33302188,16.34187962,16.68327395,17.77923965,17.85266032,18.16991438,18.18911054,18.72721457,18.95198935,19.18209787,20.00504864,20.927728,21.39616564,21.65239652,24.72215493,26.61486668,27.72339793,28.63953887,29.00064093,30.30177961,30.7064837,30.83824282,31.50306052,33.18390802,35.29872797,36.78113124,40.16006946,41.32191173,41.36922904,46.10415467,49.45168396,52.02139468,54.48531217]","[1,6,4,5,4,1,4,3,5,6,5,4,6,2,4,0,5,2,3,4,7,5,5,5,1,4,6,1,1,4,1,5,5,5,6,4,6,6,7,7,6,0,6,2,6,1,7,6,3,4,2,5,4,5,6,4,0,5,7,6,7,6,4,2]"
"[0.32075503,1.72310629,1.79537958,2.02884166,3.54845457,7.95656681,11.08650873,11.17230615,13.97350626,16.88446851,25.38302892,25.51363685,26.72299064,26.87255614,26.96022023,27.43008653,28.1903069,29.14150292,29.84950857,30.52345345,30.99633092,32.79170929,34.23097781,45.21516685,47.59461264,48.52549014,51.99940307,53.78411112,60.8623378,62.70856489,68.81821692,69.33846845,70.47011117,72.80143757,72.87515605,73.24207779,74.19185236,76.09946925,76.45154127,77.20954793,78.71338214,82.32387835,84.0989735,84.92340233,92.99810096,95.10722769,95.75350548,101.05628216,102.94885809,103.7004033,114.91001355,115.61667813,115.87416611,116.98953207,117.32924367,117.49286228,117.77879292,118.06534107,118.35605802,118.36121626,118.54356612,119.05548613,119.37440822,119.73902342]","[7,7,6,7,2,4,2,1,6,2,5,4,6,7,7,2,6,4,5,6,6,6,7,7,4,4,2,1,2,4,6,6,6,4,5,3,1,1,0,1,4,4,7,1,5,0,6,2,1,5,2,5,2,6,7,1,4,5,0,5,4,5,6,4]"
"[1.86686772,12.17391047,12.58323387,13.16135435,14.6847865,15.28572208,16.54371322,20.37415032,20.74027359,21.00248899,22.36751574,22.7416442,22.82188975,23.18581754,23.21112298,23.39581143,23.54554074,24.21167071,24.76298185,25.52325796,25.64739138,25.83115452,26.2906676,26.40104643,26.42725501,26.58591951,26.77023079,26.84653389,27.06493792,27.08580843,27.10229291,27.52922012,27.64840329,27.98853399,28.08507038,28.45234265,28.46053104,28.46421529,28.5848754,28.83966532,29.07041064,29.30971201,29.68664318,29.88025971,29.91091477,29.92824011,30.15770441,30.31832952,30.79997998,31.04249378,31.16656479,31.21267823,31.40467421,31.49268419,31.56944547,32.85947224,33.66184579,33.68577617,34.00203819,34.14980348,34.34234077,34.52493804,34.89111803,36.84945358]","[2,4,5,7,6,4,5,5,4,5,4,5,5,7,4,4,5,4,4,4,5,2,4,5,5,4,5,4,4,4,4,4,5,5,6,5,5,4,6,6,6,4,6,5,6,7,4,4,6,4,5,5,4,7,1,6,6,4,4,0,5,5,4,5]"
"[0.06296652,0.42682294,0.64762725,1.34111246,1.70468685,4.91481829,8.20487611,10.90242935,11.09178426,11.7321659,19.42519078,20.1995476,21.57137433,23.40260147,24.92485694,25.26473309,26.52273964,30.38784215,32.99947607,33.66653643,43.13486083,47.59656716,47.9937539,49.21901844,50.44943827,51.37900199,51.45989792,52.42468545,52.44860677,52.5580349,54.41068269,54.57700912,54.89931472,55.68057826,55.90279059,56.13675039,56.70261414,56.8537275,56.89331618,57.05965171,57.56583305,58.18869423,59.22266858,60.40069424,60.61533904,60.79080502,61.69299141,62.59573362,62.79067779,64.39108472,64.75424432,65.25781137,66.13793664,67.03102189,67.30916453,70.84375674,74.09322071,74.18383669,74.19090957,75.96879885,76.81874475,76.91030062,77.71095663,79.51588631]","[4,5,4,6,6,7,2,7,1,3,5,6,4,6,7,1,7,3,2,0,0,4,5,5,4,5,5,4,5,6,4,4,4,5,6,5,4,4,6,5,1,5,6,1,5,6,4,5,7,3,4,4,0,5,4,2,2,5,6,7,2,4,4,4]"
"[2.36576752,2.91639526,3.16701028,3.25955615,3.30207087,3.3727474,3.39415226,3.56312303,3.62555368,3.79118229,3.96836586,4.22596568,4.47031148,4.60590988,4.63213121,5.10500676,5.41506489,5.52522518,5.84818577,5.95946557,6.30793437,6.39211319,6.68442392,6.82650856,6.90327893,7.08528619,7.52153828,7.52928361,8.20810016,8.78622722,8.96814284,9.94772363,10.50748308,13.35938049,17.53141004,17.71459247,18.32877502,19.67340486,21.97979666,23.11849474,23.88399044,24.0028976,24.59400226,28.34585494,31.85654707,32.78653842,34.24974667,34.32813264,34.48385898,34.68806686,38.54069392,41.71580689,41.89540697,46.31649926,48.35148857,49.93759459,52.34284048,53.71295889,54.7937671,55.07027716,57.30028451,57.94793976,61.78479453,62.17769736]","[4,5,5,4,6,7,6,5,6,4,6,6,7,6,4,7,2,7,4,5,6,4,5,6,5,6,5,4,6,4,4,6,0,2,0,3,6,2,4,3,5,5,6,0,5,3,6,6,6,7,2,5,6,0,3,1,1,0,4,0,5,6,7,7]"
"[1.04253885,1.42388196,11.10972921,13.26168318,13.26295023,13.30822444,17.36507657,18.26521399,19.11985316,21.4601583,22.22904797,22.64338767,23.09047908,33.43594831,33.93455215,35.24893013,35.6152341,36.38937379,37.35230623,37.41226849,38.68545888,39.22100518,44.89009191,49.46224265,50.40948614,50.56722776,50.89314493,51.23993725,51.91777948,53.32807567,53.55959855,54.29122567,56.08156263,57.86178634,61.00961651,63.6406211,65.63102258,73.94811471,74.26821286,76.71558231,83.60120692,83.74727949,87.83716967,97.10262743,98.41119879,102.53716652,105.49454159,106.00329418,108.39500039,111.17568405,113.24717409,119.18860259,122.65129281,122.76497239,123.0688953,124.23736187,124.97613033,130.74312133,132.05346523,132.10327012,132.46972697,132.52281302,133.01969643,133.51988248]","[3,7,1,6,7,7,3,5,7,4,6,1,1,4,3,7,2,1,3,0,3,1,2,7,6,5,7,7,6,2,6,6,7,2,1,5,6,1,3,2,4,7,1,1,5,5,6,7,0,1,4,2,7,2,6,7,7,1,5,4,5,5,4,2]"
"[3.57273115,6.00896267,7.63557167,8.16152579,8.31692275,8.39447659,8.54774708,9.60116181,9.71047384,10.41423238,13.83381592,16.76568481,18.09741986,19.65965709,25.50705868,25.7173479,26.34957027,26.79581718,31.12943147,32.90181833,33.26496632,33.83355483,34.32003116,34.61289975,34.88210993,36.22173845,36.94067094,36.98966476,37.20669964,37.22163891,37.29716359,37.44703752,37.6291301,37.73804926,43.98824763,44.19206932,44.32657368,45.21517286,46.26811652,47.3047259,47.56012463,48.36039258,48.47514305,48.90308555,50.31238406,54.07718803,54.20558015,55.52271547,55.52539809,56.05071521,56.34062,56.45728483,56.52363933,57.05089833,57.1444127,57.21882558,57.26533776,57.36820243,58.93451627,59.15193512,60.18442865,60.55117023,60.90778624,60.93182077]","[7,5,4,4,6,6,5,1,5,7,1,7,1,6,7,6,7,6,5,5,2,0,4,5,5,6,5,6,4,5,5,6,7,4,5,4,4,4,3,7,5,6,5,2,6,5,6,7,5,4,5,6,6,4,6,5,4,6,5,6,6,7,7,7]"
"[2.71286894,4.48776028,6.21413066,6.94118712,19.36699296,21.96743508,24.06447679,27.20558356,27.29372732,27.32806817,27.36661695,27.64415841,28.13224974,28.95605361,29.54688697,29.83063733,31.10819539,31.11796173,31.36663919,31.41286921,31.6262596,31.64800379,31.66948457,31.74089376,31.85481403,31.92373156,32.22425572,32.2775251,32.44815559,32.75302459,33.04635876,33.23184008,33.23885618,33.62078435,34.03461586,34.10946245,34.3503991,34.64432214,34.80816209,35.00445255,35.06808665,35.2991715,36.16702003,36.90635984,37.78076374,37.85744604,37.94702657,38.09677643,39.52808022,41.11915287,44.41505508,45.58243962,46.13908105,46.74696822,47.4602788,47.80322305,51.39398108,52.30637236,56.22510124,58.3387669,58.44428932,59.48854061,59.55471833,60.36380671]","[4,0,5,0,1,6,6,3,5,4,4,5,6,6,5,4,6,5,4,5,5,4,6,4,5,0,4,5,4,5,6,5,5,6,6,5,2,6,7,4,4,3,5,6,6,2,5,4,7,0,4,5,4,5,4,4,5,2,0,4,6,5,4,7]"
"[1.54765439,4.69176811,5.76328907,5.88177197,9.03590293,9.47186034,9.7865289,11.30610132,12.07178256,12.32880845,12.51599842,12.91403688,20.07952489,20.94439876,22.63757183,24.4273252,28.42976602,28.87577758,29.0120708,29.37150314,32.65554009,37.73463903,38.40148551,38.67874342,38.84869591,40.67081144,40.94348818,42.86041146,43.18210117,43.28129018,46.37232437,46.89186361,47.00225614,50.3467215,50.60453083,51.05852762,51.65309856,51.77420329,52.08211879,52.50879071,53.70832406,54.16639311,55.88413364,56.02383727,56.29492372,58.83830793,58.98244728,59.257618,60.17410113,60.48556673,63.53511309,64.49015194,64.9292681,65.06360885,65.15702202,65.84973084,74.3323102,83.52801034,89.02427024,91.34321721,91.50253133,93.72790745,94.85241129,102.11463798]","[0,1,7,7,4,5,5,6,7,5,4,2,6,3,2,3,2,7,4,5,1,2,5,4,5,6,5,7,7,4,4,5,6,3,7,4,1,5,6,5,6,4,4,5,2,5,2,0,4,2,6,5,6,6,7,0,5,1,2,4,2,5,7,6]"
"[0.10467209,2.32174644,5.01129633,5.05699134,5.34252514,6.35723137,6.86174007,7.82582985,8.02593464,9.07375246,14.99953255,25.91838966,26.79130096,27.33097531,27.36894853,35.92263816,36.91896932,39.07041049,39.7333508,39.83331359,40.23002665,40.29854417,40.71286714,40.99947148,41.13241512,41.47112208,41.48651713,41.54617171,41.57577515,42.68232265,43.01985486,45.75405007,45.94778113,49.01648275,53.09375228,53.16666089,54.07786748,54.67247959,55.47365801,58.89248561,60.16575665,60.49661497,61.39474864,61.61888753,64.21561413,64.78479953,65.79768547,67.3523608,67.49487624,68.36324039,68.48678626,69.12234332,69.30577765,70.07511561,70.73671341,70.83588048,70.90737628,72.06502846,72.96987688,73.0497617,73.44109837,73.6700136,73.8192153,74.45172167]","[1,4,4,2,5,7,5,6,2,7,3,1,1,5,6,0,7,1,5,4,4,5,6,6,7,6,1,5,4,6,4,7,6,5,2,4,6,5,4,0,5,3,6,4,4,0,0,2,3,4,5,5,6,5,5,4,7,5,2,4,4,4,4,5]"
"[1.0178644,2.82803453,3.968281,11.0423358,12.071667,13.23221405,13.83117318,14.62914637,14.81744759,15.18218073,15.34935565,15.51039726,16.02022308,16.39568425,17.83479001,17.92964176,18.25068602,18.26433107,19.58825544,19.60052494,19.91074255,19.96176023,20.25743106,20.26505368,20.47521903,20.64664533,21.94703702,22.14037995,22.17331486,22.39748402,22.48721518,23.10708078,23.22242955,23.22580553,23.43412483,23.47167498,23.67075788,23.73111104,24.25351664,24.38715746,24.54308036,24.64880964,24.75317163,24.82379035,24.96452087,25.05199249,25.11872422,25.12140297,25.16327962,25.24496907,25.73471167,25.88863428,25.9668065,26.07494831,26.15128265,26.23773887,26.25520145,26.30916754,26.48864895,26.68950292,26.72232104,26.77885307,26.79971055,26.93889125]","[5,6,7,5,6,4,0,5,4,5,5,4,5,4,5,6,5,4,4,4,5,6,5,6,1,4,4,4,5,4,5,5,4,5,5,6,5,6,5,5,4,5,5,4,4,5,6,5,4,5,4,4,5,4,6,5,1,6,4,4,5,6,5,5]"
"[3.85162279,19.23850401,22.20189934,23.75557424,25.42702125,28.64723654,29.28214686,29.38614387,29.71921241,29.90426184,29.90568718,29.97373237,31.40133782,31.58443008,31.61097777,31.62860077,31.75438736,31.89666281,32.02176837,32.094575,32.3368949,32.49110677,32.5940774,32.70888884,33.11198846,33.21848107,33.61041632,33.64741425,34.65089932,35.04391081,36.28166916,36.93191909,37.55768782,38.15073373,38.37553327,42.31500169,45.47654757,55.12166887,55.60540866,58.52620254,58.90055285,59.50131181,59.79113196,60.44050925,60.60453985,61.00511424,61.51159364,61.93865455,62.10778379,63.54099544,63.55737389,64.1174884,64.27052789,64.80712775,64.9249896,64.95500321,65.552359,65.56591749,65.57229118,65.74420992,66.13452408,66.30029755,66.35274507,66.39501994]","[7,4,5,2,4,1,5,4,4,5,4,5,4,5,6,6,5,5,6,5,5,4,4,6,6,7,6,6,6,5,6,4,7,5,1,6,0,2,1,4,4,5,7,4,6,1,6,5,6,7,4,4,5,4,5,1,5,5,1,5,4,6,1,4]"
"[8.74943957,9.58543242,10.20293332,10.67417775,11.82674681,12.65656818,12.94555827,13.43419505,13.69091582,14.98714349,15.30946772,16.46908456,18.19585259,18.67798466,22.59883798,33.76550843,34.49620998,42.86572697,47.55882635,47.62507686,48.97004446,49.16580293,49.19254435,50.01434583,50.57290824,50.61356779,50.71407768,50.7835227,51.10293562,51.2317691,51.31225031,51.98997429,52.25714233,52.6434834,53.07507,53.29284003,54.24324319,54.5108457,55.41582713,55.63470209,55.93920121,62.40434995,62.92502175,63.33667141,64.34166646,67.19603661,68.24232111,68.8973153,78.06155575,79.18076111,80.93119997,82.30106506,92.95103814,93.08223323,93.44644733,95.1587194,96.52064097,96.60373455,96.69850792,96.77445233,96.86763866,96.99651581,97.09885936,97.21219953]","[5,4,5,4,4,5,4,2,4,5,6,1,7,1,7,7,7,7,5,6,5,6,1,4,6,6,5,7,6,6,5,4,7,6,4,5,6,5,6,6,7,0,4,3,7,4,2,1,5,1,7,2,4,5,1,4,5,4,4,4,5,5,5,5]"
"[2.73895813,2.75031783,3.13357623,4.10613793,4.34181948,6.0543299,6.12307516,6.87931035,8.1320043,8.17881212,9.11874257,13.43829889,13.68341103,21.2733422,25.9230771,30.36887256,31.87812088,32.88603466,33.16159413,36.83373315,39.7093778,41.00210727,42.19845544,43.19365566,43.21366143,44.16324083,44.77000083,47.06093272,48.20976077,48.22641854,49.96766074,51.6632598,53.42968357,54.71721293,57.42198106,61.31854774,63.01771758,64.68624087,66.65549836,67.21937924,79.09345715,81.57499642,83.91643171,84.26880154,84.97477372,87.77150964,89.1221307,89.22857187,89.55857573,89.69611281,89.83855708,89.97771692,90.04068487,90.29709152,90.35371674,90.48644991,90.76995265,90.91797355,91.00588966,91.74199693,94.29876435,95.05279642,95.44130533,95.74776923]","[5,4,0,4,4,5,5,4,6,7,4,1,2,3,3,6,4,3,5,7,5,4,0,5,6,7,6,5,6,7,7,0,7,0,6,6,6,2,7,2,2,5,4,6,5,5,5,6,4,4,7,7,6,4,5,1,4,6,5,5,1,1,7,6]"
"[6.71002336,10.00151851,10.24768876,11.14197885,12.95818954,15.01424235,15.88952074,17.83192655,18.23054942,24.01950609,24.58799428,24.6474078,24.83834457,26.84578746,28.79994526,29.35010791,36.03093842,37.83821579,41.70809676,43.62219552,44.63710307,44.84752648,47.49180236,50.35957793,52.5954978,53.37861824,55.99769026,57.88712086,58.55787566,59.51542961,60.3979201,65.02663989,66.21202488,69.74871007,70.8052206,72.009616,72.44671268,74.69018852,75.51114292,77.54470118,81.62327837,82.42922465,87.7826951,89.97243221,91.54093925,91.80703463,92.88484366,93.21062944,93.30882535,93.66367369,93.6964322,97.88191833,99.72570061,102.45012343,104.19824756,105.3598881,109.4347927,111.12509785,115.48358676,116.95004631,123.62060632,124.18455255,125.04693104,126.08386863]","[7,1,5,1,7,7,2,0,6,4,0,5,4,4,4,0,6,1,6,2,3,2,3,0,0,2,2,1,5,6,6,3,7,3,3,5,4,5,4,4,2,3,6,2,5,6,3,3,4,2,5,3,2,1,6,2,2,7,5,1,3,2,0,2]"
"[2.13908374,4.83323743,6.73838651,11.94826903,12.31034208,13.23836213,13.52279949,15.26594111,17.65790239,21.45246874,23.63424196,24.07017114,24.73864955,24.75925067,24.77287224,24.88359199,25.82707417,25.97726471,27.69263861,27.87527354,28.25862777,28.34448944,28.54281705,28.58979397,28.79029402,29.10467491,29.12061559,29.22328809,29.89747147,30.09012852,30.52984159,30.72341504,30.75139578,30.84395831,31.00803199,31.11576624,31.20173389,31.63114185,31.70743028,31.76606088,31.82961612,32.67131229,33.45923519,33.59649479,33.63466862,34.39566892,34.64137272,35.63813804,36.65970295,37.60105495,48.68670208,51.17176429,52.8005375,57.30562009,57.44835247,57.47724057,59.57172124,59.61368795,63.67929287,64.34745376,65.03766455,65.56423362,72.80820876,73.59670055]","[7,3,1,3,2,0,5,1,5,2,4,0,7,5,5,6,1,6,4,5,0,5,4,6,4,6,7,5,5,5,4,4,7,6,6,5,1,5,6,6,5,6,7,7,6,2,7,6,5,7,1,6,0,5,6,6,6,5,4,5,6,6,5,4]"
"[0.80228979,1.01060175,2.69645794,4.46616137,6.74027676,8.05623141,13.70138975,14.88540774,15.16793968,15.25856217,17.03817839,17.23101547,17.27396683,20.18099229,20.22284542,20.34244434,20.59509053,20.70968942,21.13092106,21.13783468,21.24090587,21.28026511,21.5124969,21.56260507,21.75692921,22.44876291,22.6918799,22.81874124,23.00764144,23.18427733,23.513023,23.54115493,23.83014295,24.02705414,24.22608939,24.73474643,24.99389579,25.42104284,25.59882554,25.6875278,26.27252797,26.76656041,26.92436537,27.18326949,27.40151571,27.57207599,27.58390079,27.95857346,28.12823123,29.30018498,29.44194039,29.47785271,29.73334462,29.95304719,30.28501679,30.42656962,31.54281617,32.21744896,32.28554529,32.42453249,32.87637125,33.00626976,34.38156992,35.9972163]","[3,5,0,0,3,4,4,5,6,6,5,6,4,5,0,4,5,6,5,6,4,5,1,4,5,5,4,6,1,5,6,4,5,6,6,6,4,4,4,5,5,7,6,5,7,6,6,5,4,4,6,1,7,6,6,4,6,5,6,6,5,4,5,4]"
"[1.03089638,3.57706567,4.6026728,13.96907614,18.47211153,22.71568858,23.37020664,23.86781974,23.99584458,26.01233058,26.85142264,27.14138881,28.21382092,29.15478465,29.44392925,29.80262901,30.04370793,33.10112419,37.53165162,37.95360406,38.98747084,39.76603961,42.899407,43.03944069,43.45441394,45.23445777,49.50704385,59.92686812,61.57336242,70.15086093,71.00931359,72.82823405,73.92909626,75.21169229,75.68077114,75.83200751,75.84684673,75.99948328,78.7292233,79.16328373,82.03427716,82.04202319,82.29424884,82.61822562,86.71545588,88.79335115,89.1306238,95.41046752,99.1881001,101.7807469,102.14771965,105.32210972,109.1493317,112.69034203,113.13094082,114.87268052,115.06441021,115.37267621,115.48764894,116.55097666,116.85761603,117.00815422,117.12154002,117.33756829]","[1,7,2,2,2,7,7,1,1,4,0,3,5,0,6,6,4,2,3,3,1,3,2,6,7,2,3,3,5,2,5,4,5,5,4,4,5,6,6,5,6,5,1,6,7,7,5,5,0,6,7,7,1,0,5,4,5,5,5,6,4,4,4,5]"
"[3.24277694,8.77832672,15.15937507,17.68552736,18.51048582,21.93333294,23.79936086,23.99134857,25.04924963,25.66707621,26.46618778,32.31950638,40.75878363,42.49980212,43.0297509,44.21912524,46.36750483,48.39127537,50.46254505,51.3988234,53.8665371,54.5768239,60.25751548,64.42122112,75.95621359,80.06661687,85.50203433,86.4173218,87.18432055,90.2998205,93.70843431,94.27671349,95.96881677,96.51032416,96.69549487,102.34667315,103.24995648,103.25013318,104.50580742,104.83881825,105.70369317,106.7400767,107.03882988,108.53671391,110.51197067,110.52485345,113.39845921,114.27834707,118.67224958,123.01456803,125.44452988,135.05324919,140.14653061,141.20791085,142.3242022,143.60758265,143.74200607,146.10577187,147.42264341,147.68865389,149.71500471,149.93472113,149.94088781,151.62265978]","[3,1,1,6,7,2,1,7,4,0,0,5,5,0,6,6,5,7,6,0,5,1,6,7,7,7,2,1,0,1,7,0,0,2,4,3,5,5,4,5,6,0,4,6,5,4,3,3,1,0,2,7,5,4,5,4,4,4,5,4,4,4,7,3]"
"[0.61117075,0.87376433,1.26703511,1.50846275,1.73968946,1.98661404,2.42091159,2.48965641,2.49782702,3.05836107,3.22629687,3.30304368,3.34560564,3.61373925,3.69083037,3.73820832,3.78812836,3.90607996,4.0513956,4.63486155,4.79377206,4.84008185,4.89280727,5.11598979,5.59701485,5.62953563,5.8395186,6.35579673,6.43555541,6.916125,6.97175678,7.55170484,7.67904903,8.42398817,8.67419173,8.89137742,9.23512212,9.83569503,10.21396101,10.50236091,10.60024418,10.80990901,10.90748271,11.195648,11.23462488,11.28079117,11.45280347,11.5684892,11.65664148,11.86667391,11.87273357,12.03178531,12.11411022,12.23378376,12.39008389,13.88516044,13.89902123,14.07336938,14.98388879,15.01329074,15.56152365,15.74251862,15.9516157,16.28247343]","[4,5,4,5,4,5,6,4,4,5,7,6,5,5,6,5,6,4,6,5,5,1,4,6,4,6,5,7,7,6,7,4,7,5,7,5,7,4,5,4,5,6,1,4,5,5,7,4,6,5,4,4,4,2,5,6,7,5,6,4,7,5,6,6]"
"[0.17025941,0.47365923,5.88796065,10.04817901,10.35174483,10.36199734,14.29929908,21.6925639,23.21748156,25.72410094,28.56119624,31.51187795,32.48768523,33.32511163,35.19070079,35.74603773,35.84413967,36.78787802,36.81050775,37.063119,38.91337137,42.33080008,43.66728044,49.51180581,52.94693783,60.07387342,60.6934376,61.82683976,62.32122781,63.29625634,68.22064739,68.61764588,68.72918402,68.77214511,69.12091672,69.85857132,70.26422387,70.63945023,70.64318538,70.91416555,71.64867543,72.40743266,72.67746409,72.91507051,73.40410257,73.5986478,73.79770249,74.09603768,74.3060003,74.36618712,74.47025529,74.60141542,74.6567231,75.00048144,75.29258556,75.32782267,75.52251762,75.67839124,76.12745576,76.40189924,76.64043328,76.68713311,77.07991339,77.16616368]","[5,1,1,0,4,5,6,3,7,0,6,0,7,0,5,6,4,5,6,6,4,6,2,4,5,4,7,3,1,7,4,0,5,5,2,4,6,4,5,6,7,5,4,5,5,4,5,7,5,5,6,4,6,5,7,4,4,4,5,6,5,4,5,6]"
"[3.95518561,10.84679924,15.24815752,15.97500784,22.16313026,22.40008493,25.23426032,30.99642089,31.24518573,33.63770623,36.78195935,37.45429079,37.52401488,37.66873911,37.81843484,38.16675246,38.96664456,39.51439127,39.6670787,40.07768661,40.55126242,40.77781134,41.36225446,41.64419106,41.64781022,42.01370678,42.21447647,42.29022057,42.4876664,42.70388054,43.4229934,43.80083418,45.66131788,45.87638866,46.5296337,50.92698702,51.79446059,54.15491354,54.28737275,55.81587464,65.86161025,66.37764096,69.85292608,70.20302109,71.43134787,73.88068604,75.49401589,96.38931079,97.92398779,103.66485885,105.9366838,106.9271231,110.38611597,111.74537444,111.91269642,111.96387907,112.02506957,112.13329914,113.00588337,113.25329699,113.79580182,114.33421649,123.84578195,127.55905125]","[4,2,1,2,1,3,2,7,7,7,4,5,5,4,6,4,4,5,6,5,5,4,6,4,5,5,4,5,4,6,4,5,4,7,5,6,6,7,1,7,3,0,3,3,7,1,7,2,3,2,2,2,3,5,4,4,5,6,5,0,7,6,0,4]"
"[2.00083292,2.9210529,4.56139712,4.85065612,5.04352958,8.75270887,11.23460476,13.56467419,13.83174829,14.51024076,15.24106337,15.91231149,17.39420228,22.38729441,26.48584285,27.11090282,30.64659436,30.72729613,31.90605628,32.43802582,33.22247446,34.15735805,34.18794964,39.79538816,43.15442907,43.84709581,44.34409423,48.85141569,50.73513536,51.01466986,51.555903,51.65978928,51.82000992,52.12760449,53.5764131,55.74680044,56.14230904,57.32362117,59.33918196,59.51637204,59.68751282,59.77378303,60.50502178,64.31379859,65.50793217,65.58885859,66.43997745,69.62416036,71.10227592,73.539682,73.64234372,75.78032924,75.89612823,75.99796329,78.02199971,78.34626767,81.14946883,85.87332146,93.12757151,95.33125821,103.17308567,103.62125905,105.96845494,108.63396906]","[6,3,7,6,6,0,6,5,6,6,5,6,6,7,6,1,4,5,4,7,7,5,6,2,5,3,1,4,5,6,2,4,5,7,5,5,1,5,0,4,6,6,5,5,2,6,7,4,0,4,5,5,1,6,6,2,4,3,7,7,0,7,7,5]"
"[1.16926675,1.71433648,3.40463342,6.19349544,10.09659853,10.48591745,11.5242448,11.68806235,12.28098733,12.52187346,12.63899378,12.64171456,12.7387659,12.84764217,12.94323806,13.46167416,13.95211813,14.12741835,14.1750467,14.43839572,15.03997476,16.92118535,16.99595943,17.19969496,17.38156541,18.56017896,18.64842304,19.14214001,19.89397883,20.01290021,21.46565015,22.62004225,23.8240097,24.01888929,24.31346636,27.38895729,27.84465235,31.22764723,35.73833765,36.97683472,37.67268559,43.00078134,43.14148398,43.65473489,43.93642819,45.80830332,46.9025432,47.19309738,47.48167329,49.74461479,51.17204396,51.52815363,53.14852077,53.84554252,56.73851578,61.36116806,65.87096457,65.97478077,67.0099349,67.0608485,67.18626146,67.50041099,67.59200561,67.65812793]","[4,7,5,0,0,3,4,4,5,6,4,6,4,4,7,5,5,5,6,4,4,5,4,6,5,6,6,4,4,5,7,6,4,5,4,7,5,7,5,3,6,0,6,7,5,4,0,6,7,5,4,5,6,1,5,1,4,5,5,4,6,6,2,4]"
"[2.03509452,8.72149934,13.0435238,15.84008535,17.08277635,18.45534774,20.72825934,22.42633902,22.50719711,25.83515352,31.31099082,34.60313882,39.87130996,41.36135827,41.45223849,43.16643503,43.97914584,44.13166182,51.28166828,52.48795314,52.94152104,53.0843065,53.27551625,54.07707542,55.13477963,55.13571268,55.61511453,55.82203076,56.59561962,56.71053185,56.81120813,56.84431379,56.86963357,56.99743892,57.08750704,57.3163852,57.57660138,58.87325165,59.6716355,60.30537958,60.39913524,60.52818711,60.53823151,60.55169137,62.50317738,63.65093882,64.32736334,65.96869311,66.25187355,70.57774462,70.60626446,75.53048796,83.62717871,85.40446691,87.79819666,88.03137213,89.15011618,89.18289152,89.20112227,89.25778378,89.42162049,89.58772061,89.67546041,93.23195959]","[2,1,5,5,4,6,3,2,1,7,0,6,2,7,1,6,5,6,3,1,4,5,4,5,4,5,4,5,4,6,3,5,7,5,6,4,7,0,2,6,3,7,5,3,0,4,4,0,3,4,2,1,3,1,0,4,5,5,3,6,6,6,7,5]"
"[3.72239768,4.32362049,4.67568842,4.93310883,4.98506394,5.22409723,5.26870021,5.37565419,5.93876016,5.98448152,6.24686562,6.29641042,6.53608388,6.75652637,7.2785141,7.44420945,7.74633671,7.77484759,8.3352156,8.7645812,8.93306725,9.15113761,9.42927816,9.65658618,10.60410476,11.08704858,11.3514802,11.89496231,13.23400784,13.40582476,13.83429334,14.87482822,14.96479785,15.06831746,15.34881729,15.64573516,18.26558579,18.92215728,21.95254892,23.42189048,25.73689361,26.32440354,28.34234152,29.04042128,32.02387571,32.32994572,33.57813746,34.44789648,37.14480839,37.52348426,39.69696056,51.74675943,51.94513541,52.08709389,53.27923235,53.66072649,55.43396715,55.45932249,55.57001952,56.48888946,56.92357862,58.05307364,58.0841258,59.41334543]","[5,6,4,5,4,4,5,5,5,5,4,5,4,6,4,6,4,6,5,5,7,6,6,4,4,7,5,5,4,4,5,2,5,4,4,6,5,6,6,7,1,4,7,7,5,4,6,7,0,1,0,4,5,6,7,5,4,5,5,5,6,4,6,6]"
"[4.85646912,5.68927247,8.19694372,11.70460368,13.31582207,14.51736282,16.4561941,17.42177588,21.26954811,21.47805487,21.86952746,24.24424691,25.51741082,26.22934059,26.82336472,31.43563996,31.65657043,34.25502747,39.06515583,45.08326664,46.94130853,47.75550782,48.42599435,51.95530997,55.54916674,57.31517172,57.84054999,59.30349453,65.75701778,66.85544496,69.73994176,69.89082699,71.54918914,74.14481813,74.4519433,74.72262616,75.29672661,79.36900505,88.07265899,93.84957563,99.30986514,104.60840322,106.91744414,107.17533302,108.1329353,109.65069791,109.74892278,113.14272159,113.15107933,114.16029727,114.78802312,114.88566452,118.12875793,118.90672968,120.42403279,123.41224373,123.72501008,124.34872408,127.09244203,127.85530364,128.09096861,128.91864427,132.18353022,132.79107597]","[0,3,0,2,0,3,7,7,0,7,0,7,0,7,7,1,0,7,2,1,5,4,6,4,7,6,7,2,3,7,5,4,5,4,5,6,7,0,3,7,2,0,5,7,6,4,5,3,5,6,4,5,7,1,6,1,7,7,5,0,2,1,6,7]"
"[14.97468188,18.50536067,18.65632976,19.01949323,19.14969011,19.19031765,20.06782224,20.3063229,20.90693596,21.02380671,21.48157164,21.90945598,23.14546896,23.35709994,24.15075218,26.49417499,29.41091314,42.75484386,45.1705945,46.85757356,50.5666272,58.92162134,63.00485672,65.36543582,71.09949294,74.93914341,74.94603425,75.38789123,77.11984693,77.85578426,78.58081024,78.95410574,81.15254041,81.37744727,81.49058848,82.47355132,83.27694984,84.6566488,84.80876176,85.42025597,85.52853627,86.72991235,87.63934124,88.35513453,88.5477766,88.68497933,89.27158692,89.85319478,90.57407829,90.59011184,91.85863182,92.45880307,100.84305916,101.60656881,101.61135241,103.68208898,104.37537006,110.17779845,117.0917109,129.59083119,129.59265618,133.93383637,134.19571258,136.12322901]","[4,5,4,6,7,4,5,6,6,2,7,5,6,7,6,3,6,2,4,7,4,3,0,2,2,3,0,1,5,5,4,5,4,5,0,5,4,2,7,4,1,2,5,6,6,7,6,4,5,6,0,7,1,5,4,6,6,7,2,7,0,5,6,1]"
"[1.85541562,4.29812109,6.60868878,8.2694407,12.49327789,14.73944629,17.76096,20.01131729,20.60214203,20.73677886,20.84210751,21.69147122,22.14415527,22.26206954,22.28482027,22.31692156,24.51039284,25.16398992,26.28166928,26.70506211,27.13669554,27.47514571,30.12053136,31.86998151,32.00460515,32.09659821,32.25678578,34.88063254,34.9762127,36.48910911,37.80338609,43.07981484,50.78546042,51.73396263,54.46936147,54.58329667,54.8836579,56.86441685,57.20824416,71.7737922,74.09457083,74.46653443,74.55174654,74.82669251,75.49850017,75.72732901,75.91861876,76.72014332,77.31563089,77.82123931,78.12180533,78.46151259,78.49751917,78.59820299,78.66016426,78.7496477,79.03246532,79.81226265,79.83752165,79.95567054,80.1059526,80.11890928,80.13231751,80.15662341]","[0,4,0,5,7,3,3,4,5,6,6,7,1,4,2,5,4,5,4,3,4,5,4,5,4,4,5,0,0,3,0,2,3,4,4,5,4,7,2,5,6,2,4,5,5,4,7,6,4,4,5,5,6,7,6,4,6,5,4,5,5,4,4,5]"
"[8.7001039,9.32675462,16.98777342,18.76799264,21.61167573,27.18821006,27.90821078,29.6646592,34.81957446,37.23759647,37.77003258,40.78121933,43.999374,44.16815891,45.50460599,46.97331842,47.45025398,49.49078506,52.28029994,56.54397932,59.95601162,60.02470126,60.07968024,60.42854906,60.79293535,61.41868556,61.52845384,61.57698064,62.92473254,63.41317522,65.22587144,66.05715079,66.48176841,67.77796997,68.18599294,68.22815036,68.63493806,69.16696619,69.19430103,69.3068486,69.34114276,70.02526258,70.33761497,73.40030133,77.41493727,78.83292951,82.34253877,82.93269951,85.8275139,89.1116096,98.20928628,98.77538712,99.95506395,101.39459562,102.2487075,103.36408897,107.41936615,107.74006532,107.95778658,108.82353118,109.4520116,109.45455579,109.6075098,110.45209137]","[1,6,1,1,7,7,7,6,7,4,4,1,5,4,5,6,6,4,2,1,5,6,7,6,4,7,2,5,6,2,1,7,4,5,6,7,1,6,4,5,5,6,4,4,6,7,3,4,7,5,4,2,0,6,6,6,4,5,5,5,6,4,5,4]"
"[2.89172685,3.31297598,3.33104262,9.5061128,24.00873015,25.05741958,25.30799883,31.25964339,33.62281443,38.47899315,38.84180219,41.17812672,43.56114115,45.30678529,45.56963698,45.76655278,46.40085317,48.0282954,49.28718552,49.81500454,51.46836462,52.2601524,54.43105751,54.65770002,57.39827161,58.8382808,58.93573676,64.16676218,84.42332988,91.61646631,92.51589944,92.77324028,94.86684799,98.26845786,103.43112894,108.33406259,110.04929066,111.87884757,113.03898075,114.07525566,115.83128075,118.94463525,119.14909989,122.90048423,124.05064192,135.6481258,135.9577004,138.87665992,139.02963398,141.29891381,141.96411148,142.1580108,142.45305233,142.49860277,143.56924577,143.73679343,143.90407545,144.31066467,145.39728508,145.80069427,146.92906668,147.33797633,148.58074041,149.09557056]","[6,6,7,3,2,0,3,4,0,0,1,5,1,7,2,6,3,4,5,4,5,4,5,6,2,4,1,3,2,7,0,4,2,1,3,0,1,5,6,4,4,5,4,2,7,3,3,3,0,4,7,5,6,6,6,7,7,7,5,2,5,6,6,6]"
"[3.47444564,7.99424038,10.34737487,10.62273416,23.28715891,24.69342241,25.39263782,25.71894129,27.53075256,30.34454353,31.44110891,33.56146256,42.65833788,44.0335742,48.11647923,58.80998667,61.87599544,63.14496495,77.24256797,79.21549857,80.60408489,85.59545924,87.78946604,87.85547757,87.90838151,89.3808782,90.93327449,92.04798546,92.13118416,95.49465722,95.69602364,95.73595999,95.75665077,96.42130332,98.92103775,99.09241426,99.56106272,100.27343823,101.13040021,106.07404964,109.93795584,113.56527236,120.51143547,122.54346867,123.38459983,124.33512528,126.16435494,126.6103853,127.34183472,128.97276425,128.9825483,136.87558417,139.75187092,140.66434358,141.69907919,141.77653477,143.46115497,144.44194255,144.74588706,145.10017958,145.77404519,146.0981111,146.60240733,150.30468951]","[1,3,0,1,7,6,2,1,1,6,1,0,6,6,4,2,3,7,2,4,0,7,5,3,4,5,6,4,4,6,6,7,0,6,5,7,4,5,7,3,1,0,2,4,2,5,6,2,2,4,5,7,1,4,5,6,1,5,4,6,5,6,6,5]"
"[6.1359141,6.41759657,6.667644,7.13490088,7.16559373,7.72497457,8.24854321,8.36013661,9.36901827,12.76807716,13.44819638,15.44315605,16.64711297,18.38658162,18.50385075,18.83949146,28.01974077,29.04171017,35.99709642,41.03537158,41.16999555,41.7146294,41.88698766,42.23615385,42.69349229,42.89075944,43.42550613,43.67691572,43.99695224,44.7992749,44.80945838,45.57124696,45.8670143,45.97732788,46.01484898,46.49734694,46.97149804,47.03670048,47.21101645,47.32725569,47.63686837,47.71993668,48.51959033,48.55780536,49.04753998,50.13197041,51.2437028,51.26695728,51.94740565,53.61615303,58.92034968,59.51992478,61.02498763,61.51106106,63.16609184,65.28887517,67.95389871,68.0826353,69.9787097,74.16039694,76.37464227,78.95444684,80.98184844,81.45685238]","[5,4,6,5,5,5,4,4,5,5,4,5,6,0,1,2,3,7,0,4,3,4,5,4,5,5,4,1,6,7,4,4,5,6,4,5,5,3,5,5,6,6,4,5,1,1,7,0,2,0,5,6,0,5,4,4,4,5,0,5,7,3,4,4]"
"[0.4901237,0.99010918,2.30032411,5.10127515,7.06040659,7.64634094,8.32933357,8.53056224,10.57898039,10.7465006,10.95026973,12.30618835,15.21719199,20.09550374,30.26118332,30.86340225,33.95366418,35.28147668,38.47005945,43.31275248,50.396416,50.84746846,51.70439385,51.7135464,51.77324028,52.17163581,52.17622542,52.2695538,52.27335728,53.0610568,53.2384477,53.59848173,54.15830526,54.1615205,55.51857387,57.32534994,59.17155553,60.33192978,60.44518748,61.5871602,61.95123037,63.41243413,63.77864163,66.6971427,67.36476767,69.65526201,70.98854767,78.21817389,83.11148559,84.99603908,86.54991038,87.00233368,87.56385081,92.99529591,93.60129458,99.69021924,102.39629738,102.47100501,103.80548301,103.92550154,106.15873684,106.47876142,115.60099672,117.07029377]","[4,5,6,2,0,4,5,5,3,6,6,7,1,2,6,2,3,1,4,1,4,5,5,6,5,4,4,5,4,6,2,6,0,4,5,6,5,7,4,5,4,5,1,7,7,6,5,7,2,0,7,1,7,6,7,0,7,3,3,0,2,7,7,0]"
"[0.63385794,4.20919208,8.23051988,8.2720148,21.9452095,22.03451569,23.47061723,23.50508077,25.29067784,25.35372837,27.55102115,27.98222792,34.70384077,35.01589513,39.8196032,42.1649395,42.90681233,42.94945148,43.66373688,43.75195659,43.77688446,43.94233518,43.96393969,44.24326062,44.28972923,45.03199467,45.06377699,45.23280846,46.25476534,47.6153485,51.02806732,52.97966703,60.08776901,60.10139012,62.94207882,65.88764759,68.00473817,69.60680586,69.64332983,71.04634258,71.60493254,71.89598448,72.12395308,72.20316571,72.89746904,73.04069468,73.13692812,73.4351069,74.1202101,74.19276502,74.23142381,74.72678296,74.74716354,74.94457885,75.32806081,75.44647407,75.47140371,75.77987721,76.00172467,76.03785811,76.90654637,77.3816747,77.41403856,77.88646426]","[3,4,0,2,5,4,0,5,7,1,7,0,5,4,4,5,6,2,6,4,5,7,0,6,6,6,6,4,7,7,1,2,6,2,2,6,4,5,5,4,4,5,4,5,0,5,4,6,4,5,4,5,4,6,4,5,5,5,4,6,7,7,1,5]"
"[0.01443885,0.48194869,1.4557238,1.69463067,2.57602318,3.09693019,3.56532184,3.71900553,5.1357696,5.85289487,6.31656775,7.14334147,7.351327,8.22535819,8.65851608,8.72588708,8.96134246,9.34171043,10.18490207,10.42844856,10.59145255,10.66874585,10.72213418,11.28810633,11.79185289,11.85634705,11.96499191,12.36878348,12.89332188,13.24903255,14.38325357,17.72204298,26.16684273,26.52949921,26.63176541,26.95182545,28.00072124,32.17126855,32.8391883,33.61970325,34.69498302,34.73786936,34.73965411,34.82464821,36.98817371,40.92054161,41.66957909,42.61034909,47.36634048,55.60624807,56.81206135,57.1920636,57.40237929,58.19083628,58.82108814,58.83854605,59.13588287,59.15721891,60.18144169,62.37340582,62.70345079,63.9097197,64.00538686,65.42993468]","[4,5,4,5,5,6,6,4,5,5,6,6,4,4,5,6,6,6,6,5,4,6,4,6,5,6,6,5,7,6,4,7,5,5,0,6,4,4,5,0,4,5,6,7,0,3,7,0,3,2,4,5,5,4,4,6,5,5,6,5,4,4,6,4]"
"[2.30431912,2.56587746,4.66946241,5.8954093,9.41964067,10.41281575,10.42598713,11.07508058,11.14974108,12.24763495,12.56592954,12.81798509,13.15407321,17.13761695,17.78137963,19.73177582,19.91976625,20.4128458,21.75056773,23.69203823,24.94362386,25.55809608,25.80774989,26.00101424,26.14216089,26.18414798,26.33057646,26.44413102,33.15544981,33.82845346,35.53980535,38.61988416,40.17122325,41.92724836,43.50370048,43.52539448,47.22682681,48.92263188,53.13108405,59.26894864,59.7878592,60.09390998,66.11848749,66.78761828,66.83283773,67.37608609,67.93752346,68.34963273,68.68022936,69.00300909,71.70739104,77.97395788,79.37647791,79.80152897,79.98467034,80.48804023,80.85135919,81.15645066,81.27209914,81.4930868,81.5271198,82.04849961,82.13163162,82.44113112]","[7,7,1,7,7,4,5,5,4,2,5,4,6,7,1,5,7,4,5,3,4,5,2,5,6,7,6,2,7,0,1,2,0,0,1,6,2,6,0,0,3,7,1,4,5,6,6,5,5,6,6,2,5,6,4,5,5,3,4,6,7,6,7,1]"
"[0.90717339,1.01429282,1.33973726,3.14601575,4.39851079,4.70712814,5.19084409,5.3410145,5.45491662,6.1868792,7.69433638,9.42639068,9.50643523,9.60131875,9.66893034,10.30421332,12.22128608,13.44863444,13.50610996,13.82134648,14.04125871,14.04550886,15.53195012,16.1904212,16.48469538,17.94053018,18.94052775,19.3249717,19.63499504,19.98364289,20.88853352,21.32545556,21.43602039,21.46016936,21.56943912,22.42113004,23.21144044,24.05271435,25.37551405,25.53503901,25.78680258,25.8041528,25.99260138,26.06794414,26.36524547,26.37115184,26.44263909,27.11012386,27.17611665,27.28817616,28.19540082,28.22602307,28.37336,28.54834376,28.90176257,28.90389777,30.24564923,30.49480843,31.14764575,31.50988527,31.81510273,31.85656113,32.49823346,32.56762773]","[4,5,4,2,2,5,1,6,1,2,6,5,4,6,7,5,6,6,7,6,7,6,4,5,5,4,5,4,6,0,5,6,6,6,6,7,6,1,5,6,2,5,6,2,4,4,5,5,4,7,5,6,4,6,5,4,4,1,4,5,6,4,4,4]"
"[1.02881545,2.19807568,4.01833166,6.16589989,6.77738532,10.97770981,17.7188854,31.99940604,32.01609055,32.16954067,37.22851085,38.5424648,46.55574304,46.75747119,47.16054291,47.53138401,49.05920402,51.36197791,51.64221017,54.34743563,55.53786732,56.25958199,60.39719753,64.15923749,66.91043419,72.36081168,76.60322033,78.22951283,81.93635937,82.70984094,83.32876694,84.05963548,84.37617508,85.82814969,86.82885289,87.44299062,87.49216373,90.52423411,90.72526309,90.99647358,90.99775793,91.04403794,91.23176033,91.26779002,91.41029954,91.56781941,91.90760085,92.03596106,92.06157795,92.2594241,92.37123116,92.37133329,92.54427191,92.63406514,92.63661871,92.85654607,92.8729402,93.25796373,93.26259044,94.1748891,94.18839308,94.2457134,94.35508696,94.46510046]","[0,4,7,3,3,5,0,5,6,4,0,0,7,7,7,5,6,1,4,5,7,5,0,0,2,7,5,0,4,5,6,4,5,5,6,1,4,5,2,5,4,4,4,5,4,5,5,5,4,5,5,4,4,6,6,5,4,4,6,5,6,4,6,5]"
"[2.59232744,3.42043057,3.61050132,3.9661097,4.27869901,4.9534335,6.37409056,9.87483664,10.00679258,11.4975469,11.62875096,13.69830327,14.91416866,15.95012886,21.22045999,21.35190221,22.32502521,22.54201539,26.26191249,29.71265987,34.25389652,36.24996553,36.97623256,37.04455404,43.01255796,43.92568903,44.14771135,45.18694229,51.91162552,51.99029928,53.50691264,53.75225895,54.42192902,55.08362096,55.32308633,57.75249683,66.40849169,71.39337093,71.98882707,72.11238502,74.5888468,75.04761409,75.3069224,77.1750427,78.455163,79.5459865,80.50738701,83.06181495,83.12243425,83.15055632,83.23020947,83.40673958,84.17108936,84.24420081,84.49506745,84.92570829,85.01073282,85.25372225,86.41740911,86.48859286,86.84762698,87.32928264,87.47904666,88.63735207]","[4,4,5,5,5,5,6,4,5,5,6,0,4,7,3,7,3,3,5,4,6,2,7,1,0,4,5,6,0,1,0,6,0,6,6,2,7,1,4,5,6,6,5,0,4,7,7,5,4,4,6,4,7,5,7,6,2,6,7,6,4,5,7,5]"
"[3.80926218,4.00646056,4.15479065,8.14627163,11.58842098,11.78404963,12.22543651,12.51809923,12.9969289,15.43489538,15.64861031,15.77610244,17.07737103,17.11942262,17.49704796,17.6460683,25.72651682,29.4707684,30.39047427,33.40691076,36.615666,36.99437271,40.59649058,41.34756777,41.92773734,42.5645245,43.84945963,44.19727476,44.36321068,46.5578082,46.79335389,47.58828035,48.50413693,48.58117527,48.65632458,50.4816004,50.84257134,51.17609418,51.52826319,51.84833212,52.00726994,52.75293861,53.49299779,57.72120251,57.81553097,58.54532086,69.05759932,70.5920597,71.11075896,71.12076815,71.46969394,73.5472953,76.02889045,76.46430599,87.4299837,87.76556172,89.14156478,90.53071718,96.61174977,104.19648965,106.41860615,106.68526054,106.75593481,106.81180978]","[5,6,6,5,2,6,6,7,7,4,4,7,5,1,6,6,0,5,4,3,6,6,0,4,4,5,4,5,6,3,2,6,4,5,4,4,5,4,6,5,6,6,4,6,3,1,2,1,6,7,1,5,4,5,1,7,5,1,4,5,4,4,5,0]"
"[0.52668222,4.74833599,4.84985127,6.06487913,6.10311792,6.92367674,7.19908412,7.30446219,7.78205888,7.92336717,7.96584117,8.18242654,8.49221965,8.5160995,8.56564802,8.60699043,8.71891018,9.04749215,9.13392172,9.32069271,9.43459481,9.51556149,9.77400201,9.89665948,10.26471693,10.85184334,10.99486724,11.36800663,11.47590112,11.626544,13.60307354,14.18048203,17.66772947,18.46294001,18.93318673,19.31986156,21.95312538,22.01413769,22.72867815,23.84678421,24.62440319,25.79758377,26.40566606,26.64218271,27.00345803,27.28451287,29.9962009,33.81683118,55.41439756,55.56471157,55.60232404,56.32506473,56.78325236,56.8521863,57.00900956,57.76164316,58.38366226,58.73203316,58.7825251,58.94967612,58.95347874,59.30755018,59.32981104,59.36536297]","[1,4,7,6,3,5,4,5,5,7,4,5,4,4,4,5,6,6,4,6,7,6,7,5,5,5,4,6,4,2,6,7,5,6,6,7,0,6,6,7,0,5,7,2,6,6,3,5,0,5,4,4,5,1,7,5,6,4,0,5,6,7,4,6]"
"[4.81100996,5.22347946,6.14241347,6.36088016,7.43197668,15.8485934,24.46325771,24.69765815,25.52651342,29.56343361,32.08088134,36.92768285,37.90041071,38.39201828,38.61199454,40.38235813,41.41506086,47.71841509,51.51262185,52.01151121,57.73967076,59.25531606,60.96471816,61.08159022,73.23756137,83.28161711,86.20941874,88.18658959,89.54283782,91.66411726,93.66897844,94.44561075,95.61966904,96.04857199,96.94823739,100.71746788,103.89101908,104.54671792,105.11888087,107.31565572,109.62268558,112.62275237,113.67481635,118.73708749,119.30226614,119.46860874,119.70804385,122.40816292,123.21060656,124.20507331,127.43599176,129.72499915,130.94708203,132.56157432,132.79557834,135.00790017,138.59817648,141.64489862,142.07413563,142.95439847,143.01125696,146.58305798,148.44064804,149.09131891]","[2,0,5,4,5,7,2,2,1,6,0,7,7,5,6,1,4,7,2,1,5,6,7,0,2,3,7,2,1,3,5,1,7,2,6,0,2,6,7,2,7,1,2,0,3,7,1,3,3,3,7,5,7,3,6,4,7,3,0,7,5,3,4,5]"
"[1.98904943,3.02825264,5.57091262,5.74914692,11.21790798,12.36582959,12.776761,13.56184682,13.89798991,14.16145883,14.55469414,14.59836458,15.05275637,15.36924692,15.60606521,15.76710663,15.99336021,16.07451852,16.35185667,16.47578832,16.68869919,16.70529287,16.70736172,17.09488987,17.10295017,17.42987537,18.01340734,18.41647372,19.74009922,20.05355085,20.57521306,20.89426254,21.13840867,21.43024239,23.10472923,23.40899061,23.86844057,24.73817622,26.18626151,26.29801797,27.2406923,29.57622298,29.66502064,36.28861817,36.4279443,36.48995042,38.10560984,39.25449014,43.05320167,43.94040927,44.17497407,44.34039872,44.43508373,44.93958895,45.48598707,45.51836891,46.20148951,46.2098888,46.572735,46.806804,47.66815445,48.15819037,48.62761693,49.32295376]","[6,2,7,2,2,1,6,5,4,4,5,1,4,5,6,5,0,0,7,6,5,6,4,4,6,1,6,6,6,6,7,7,1,2,0,4,5,6,5,4,4,3,7,5,6,1,5,2,5,2,4,5,5,5,6,6,7,4,4,2,5,1,5,0]"
"[1.87987683,3.17640414,6.40631022,8.47856295,13.79834567,14.84708325,14.8869646,14.89829487,14.93026307,15.06355117,15.21668323,15.91672588,15.93701735,15.98133405,16.28761161,16.61708345,17.11856094,18.59589378,25.69808181,26.35714541,26.57577783,31.31022743,31.80605735,32.81768685,37.2813723,38.12027505,41.57017515,53.03628158,54.96829723,54.9846418,55.88301934,56.49104077,57.18273451,58.28766318,58.50821699,58.80140873,59.10500201,59.85436454,66.44808512,68.0233548,79.43301214,81.71359369,84.39852806,84.88151399,85.46734778,85.97060485,86.26221528,86.30237851,86.65142144,87.29411354,87.41766448,87.88536367,87.94553119,88.75202176,88.79248267,88.95749053,89.73272452,95.95818183,96.22935119,97.14469308,97.20064061,97.23788515,97.65612357,98.56547916]","[2,3,5,2,5,5,4,6,7,6,7,6,7,5,3,4,5,4,5,2,1,0,5,4,0,2,3,4,5,5,6,6,6,2,5,7,6,4,1,3,3,2,5,0,5,2,6,7,6,6,6,7,3,1,7,4,5,5,6,5,5,1,2,7]"
"[0.26041815,0.57492885,0.71841132,0.79900018,1.45570605,1.90523907,4.18171452,6.48910679,11.29565583,14.49769339,15.60402441,16.77682516,16.81221396,17.28205699,17.68900449,19.41095449,19.90763574,19.99144936,20.56279247,21.23038638,22.71566005,22.93602825,23.30402892,23.6285502,25.4842346,27.5268377,29.48420809,36.21463484,42.14014639,43.17144981,45.62371527,53.16560998,55.4785661,55.56828678,56.00226334,56.06029893,56.08709943,57.03872456,57.1943849,57.7440156,65.72990281,65.87268018,66.19897006,67.20859772,67.96146008,69.76057157,74.70375256,77.189096,80.96043905,81.49803794,85.76132434,91.35350941,93.53032498,94.9890026,95.04532431,97.02675201,97.59377634,98.91750574,99.51655518,104.95428566,110.35701332,110.56320413,110.78144721,114.03703129]","[5,6,7,7,1,7,5,3,6,5,3,2,4,5,3,5,5,4,6,4,4,4,5,4,4,3,6,6,1,7,2,0,0,1,5,5,6,4,4,6,7,2,2,3,4,1,3,0,0,0,2,6,5,6,6,4,7,3,3,4,0,7,1,4]"
"[2.7579049,6.18074434,7.79450481,16.03683857,19.50148448,23.31193759,27.41941304,29.07876508,31.75485861,32.09353709,33.15752956,36.10183437,36.29410503,36.53576485,36.71548332,36.80178479,36.85413394,37.00922774,37.49921241,37.74155824,38.16126763,39.07098122,39.56686539,42.67680191,48.59890134,52.1499493,53.15823314,53.30926064,56.56801092,59.92303051,61.27876645,61.88817497,62.7703401,63.00070168,63.27202612,65.66682728,66.40480248,66.64835253,67.1353432,71.50439079,71.78767195,72.45629299,72.4843157,72.7093452,72.72813172,72.82162422,72.91138221,73.02397999,73.10570727,73.33622542,73.59668418,74.22741899,75.88948049,76.16732599,77.05387131,77.06720353,78.06799839,78.93065625,79.08304347,79.17951556,79.46382743,79.69951648,80.18465849,80.36653192]","[2,6,2,0,5,0,2,1,5,4,5,1,5,6,0,4,5,6,6,7,6,4,5,0,4,2,3,2,0,4,5,4,4,5,4,1,6,7,6,4,4,5,4,4,6,6,0,5,5,5,4,4,4,0,6,6,7,5,6,6,4,7,4,1]"
"[0.64723782,0.8255744,1.43810401,1.62965181,4.79904949,10.52609575,13.15957773,13.44150025,13.64682003,13.75963282,13.77432751,14.26688205,14.96334517,15.36272776,15.5528074,15.91767922,15.96849146,16.10165345,17.75622179,18.73540692,19.81721299,21.58925836,21.90547782,23.60108209,23.75708434,23.96960962,24.52438851,25.1089928,26.01530623,26.64914636,33.37417776,34.54937368,36.55626373,38.47588434,41.01149135,41.7560787,43.4598142,46.63978407,50.40992637,50.95715205,51.95074856,53.38910232,54.83681043,55.15536071,55.22869901,55.2542938,55.314678,56.13496544,57.09515197,66.4745353,67.02418136,70.35447855,74.1615841,75.54301875,80.97230653,81.37062415,83.21973701,83.43429552,84.28712005,84.91591466,85.06401427,86.23600391,86.78988338,86.87967]","[2,1,5,6,6,7,5,6,1,4,3,4,5,6,5,6,4,5,4,5,6,7,3,5,6,7,1,2,7,1,5,2,4,0,4,0,6,0,5,0,2,4,0,5,4,4,6,6,1,1,7,0,1,2,7,4,5,4,5,4,5,2,4,5]"
"[14.93825652,18.11205633,20.59637019,21.73496413,35.60899152,40.9964673,41.17762302,50.93034501,52.21309143,53.18104808,53.71070953,54.12634916,54.49067797,55.4925695,57.26721446,57.69138742,58.16974768,58.77303088,59.32635534,59.45530153,65.04445751,67.30775757,67.84876048,70.78688841,73.51161348,73.95814606,74.41453179,74.84060464,74.91480496,74.94139702,75.42043622,75.93891396,77.55318451,79.7123735,79.74677768,80.01379485,81.31484555,83.24428752,83.56735644,86.69493821,87.75560702,89.55990923,91.70785893,100.96557006,102.01526197,110.72639473,112.45578516,125.39809159,137.36943659,140.49017642,144.48090856,145.85809539,146.26230171,146.55235045,151.84019702,155.63076995,159.63325195,165.40314263,175.29312679,175.46231683,177.69571817,177.8455418,177.91749281,178.59341921]","[3,1,2,1,7,6,6,0,6,6,7,4,5,6,6,7,4,5,6,6,0,7,5,4,5,6,5,6,4,0,1,3,0,5,5,4,7,5,6,5,6,2,6,7,7,7,2,1,1,7,7,2,6,0,1,1,1,7,0,0,4,5,5,5]"
"[4.04464255,6.99024754,7.28982185,8.32675718,11.81878266,11.92613379,13.47554517,14.09524848,14.36316751,15.16789474,15.79196678,16.03825428,16.08027165,16.27970935,16.93845771,17.27933313,17.55482702,17.62023832,18.39807073,18.45571987,18.53848889,18.8332213,19.65407768,19.71761447,19.77044179,19.92889145,21.23873577,22.40313659,23.16953957,23.78835817,24.02469144,24.87644528,24.9672829,26.25611487,28.77162366,31.61712493,32.59165346,34.53518778,34.85922816,36.15391509,36.6941912,39.64483907,42.3766125,43.96330289,46.00272653,48.6188705,48.97216841,49.92369475,52.0729796,56.58797181,57.12495838,57.21919072,57.71152943,57.93550534,58.34822223,60.11003757,60.29879137,60.4067061,60.42627692,60.70450768,61.83292415,62.86740388,63.10515593,68.20562839]","[5,5,4,4,7,5,6,4,5,4,1,7,5,4,5,6,2,4,5,5,3,4,4,5,4,4,3,4,2,5,6,7,7,5,7,4,2,5,6,6,6,7,7,1,5,6,7,6,6,5,4,5,6,6,7,4,5,7,6,7,2,1,1,3]"
"[2.98566757,18.80721615,19.7635619,19.99297452,20.09394684,23.59679489,23.73742123,23.98145891,24.1557852,25.02503494,25.41863071,25.86564399,33.77217104,37.36926614,37.86665919,38.56103323,39.60308985,40.84844947,42.29908875,43.35145864,44.26715067,44.96758584,45.15228615,46.5744403,47.54789631,47.75218866,48.98758557,49.78113757,49.85155612,50.11108873,51.06421795,51.2381648,51.5517988,51.87844717,52.10118446,52.40438468,52.44534264,52.68671333,52.81586952,53.06961613,53.37402846,53.42146073,53.44391743,53.78496065,54.14028155,54.39774174,54.63343781,54.78098858,54.98020818,55.14129297,55.50824717,55.89731842,56.97339278,57.37394598,58.72753216,64.15225679,66.24873046,67.07616765,71.23768839,78.06638315,78.08124071,78.95831979,84.24002396,86.12766775]","[2,5,6,6,7,5,7,6,4,1,6,1,1,5,6,6,7,5,4,5,1,5,6,5,4,4,1,6,5,4,5,5,5,4,6,5,6,4,5,4,5,7,5,4,4,4,4,4,5,6,6,5,6,6,4,2,2,7,2,1,2,0,6,7]"
"[4.71938337,6.95863621,10.40856255,12.30698689,13.45997281,13.66632278,13.86831806,15.12454832,18.58615381,18.73393856,19.22193085,20.45722547,23.4167499,25.6647519,45.62420845,53.8756717,53.96730024,54.49539143,54.69166585,54.98750395,62.51330956,65.53829079,71.32825714,74.16587918,74.26216168,75.35998178,75.78796491,77.18183057,79.95251891,79.98233226,81.02577279,81.69181275,87.365555,92.2511908,92.25988132,94.64944684,97.17702117,97.51230687,101.31723853,103.28554993,103.47203972,103.82743591,104.58971961,113.92787779,120.47374047,121.10782518,122.94727925,124.16072226,125.28196429,126.85763639,128.61585696,142.96427444,149.0578553,149.98038688,150.03219051,150.77028011,151.33695826,153.57506274,153.7554285,153.80762083,155.08342672,155.46105285,161.3395343,162.18125482]","[7,7,7,1,6,7,1,0,5,0,3,0,0,3,6,5,4,6,2,7,1,1,5,2,7,6,6,1,4,5,4,1,7,2,1,1,4,0,7,5,6,1,5,7,1,2,7,0,0,3,0,0,2,7,5,2,6,1,6,7,7,6,6,3]"
"[6.4331822,6.85985989,7.96263307,8.70605465,10.47528324,11.38545492,12.74077802,15.36680229,16.08000303,16.33899487,21.2222113,22.8604933,26.61547729,29.09892709,29.18642445,29.56584975,33.22042218,33.49909351,34.73259006,34.78672635,34.89848644,35.22175654,38.00786958,39.56565081,40.24778358,43.63019826,45.6265051,48.23507867,50.60968708,53.22143201,54.70175428,55.09159111,55.25441078,60.71422329,62.23457404,66.77454983,67.01405979,67.38045958,67.92624865,68.89347117,69.06972209,69.45399952,70.02040963,70.42640087,70.43360325,70.51859266,73.39821049,73.72125983,74.68263321,79.25227269,83.01124941,83.48553557,87.0200873,87.23231034,96.4785521,96.81720716,96.94891968,98.22841031,98.88247386,99.90184157,100.41520699,100.43410153,101.23934051,101.28262114]","[4,5,2,0,5,7,4,1,7,4,4,0,0,3,4,7,0,5,6,1,6,7,6,7,0,2,7,6,2,4,6,5,3,1,2,5,2,4,5,6,5,6,6,0,7,6,7,1,7,6,1,7,1,2,5,4,5,4,6,5,4,5,6,5]"
"[0.44812561,6.68364032,7.72943593,7.79221811,7.81619103,7.98409968,8.60059467,9.07610827,9.83159922,10.76741014,11.43486922,11.73082238,11.74155833,11.82992974,12.12970331,12.21875188,12.64226843,12.71725259,12.7246076,13.04981295,14.51146573,14.85286555,15.03253607,15.23833866,15.4068304,15.42391165,15.47372679,15.62573895,15.85142211,15.89203837,15.93322652,16.19210854,16.4116819,17.28572298,17.37081083,17.48416904,17.50451699,17.57487986,17.59237964,17.81999623,17.85363603,18.59435368,18.73058974,18.78024445,18.90363912,19.16425299,19.51854792,19.61595581,20.23401642,20.45790405,20.80260804,20.94788635,21.15406823,23.18263104,28.78723641,31.13647527,31.68247455,32.58853914,32.70457393,33.59532261,39.18495606,41.97906258,50.00444287,50.05313291]","[1,1,5,6,6,4,0,5,2,4,5,4,1,5,4,4,5,4,6,5,5,5,7,4,4,6,4,5,7,6,4,4,6,4,5,6,4,6,7,4,5,5,7,6,4,6,5,7,5,2,4,7,6,7,6,1,5,1,6,1,2,3,0,4]"
"[1.6127001,3.88280177,6.62912571,11.25775592,11.80314612,13.62731505,19.88169403,19.94304534,20.2894132,20.71469757,22.23743141,22.34720327,24.58991103,37.55783839,37.63402927,38.01489392,39.05061847,39.99160763,45.75281114,48.79140244,51.53064285,53.21971949,54.72653275,55.38250255,58.50339675,59.58330273,59.7682403,60.29884453,60.40957249,63.60527664,65.808284,70.24805134,74.51455651,75.25159046,75.76073315,77.15058315,86.74856293,87.74561023,89.26438215,91.55295431,91.65749959,91.84233178,95.1361156,101.63453828,102.6912144,111.58137124,117.16391745,118.16609797,119.2094925,119.79683671,125.70767979,126.55585486,131.93496936,132.41127185,132.85720128,133.34179129,133.46031359,134.81412725,137.83505938,138.002164,139.67664355,145.57047699,150.90438288,153.46232754]","[2,0,1,5,4,0,5,4,6,6,7,7,3,0,5,6,4,7,7,6,0,2,4,2,2,1,4,5,6,3,2,0,1,3,1,2,0,5,4,3,4,0,3,4,0,5,7,3,0,3,4,1,3,2,1,1,4,5,1,6,0,5,0,2]"
"[6.12458672,7.13684683,7.45398765,8.12833142,8.19949293,8.44661168,8.69378658,9.50209431,10.55788997,11.09710867,13.80699739,15.01620473,16.21464904,16.31989962,16.55405565,16.74870759,17.26222784,17.34455133,17.5881358,20.09136439,20.60441989,20.77357708,20.95428623,21.45448304,21.9554882,22.87657797,22.98653389,23.39101073,23.74054265,24.02892423,24.16944746,24.23126432,24.61876198,25.12485783,25.28822978,25.33748487,25.39452055,25.53774349,25.55315817,25.66466458,26.19952366,26.27487289,26.85583521,27.06095551,27.06857225,27.32158727,27.44076334,27.81223101,27.98974471,28.63095329,28.78276999,28.8709228,30.11927478,30.29530329,30.44371638,30.70916592,31.45172839,31.50314558,31.78507011,31.93098448,31.99514456,32.01629953,32.87840619,32.9051245]","[6,5,7,4,5,5,4,6,7,4,4,5,4,5,5,6,6,5,6,5,6,4,4,5,4,5,4,4,5,5,5,5,4,6,1,5,6,4,4,7,6,5,6,6,7,7,1,5,6,7,5,6,6,5,4,1,5,6,7,6,6,4,5,4]"
"[0.05274107,12.06310894,12.55026603,13.16439359,14.34674401,15.76174547,19.54698836,25.66290672,26.69232082,27.55186436,31.82006562,34.72317927,37.94138428,39.00079484,40.73710847,43.1490391,43.19524976,43.31037232,44.21948968,44.88680861,44.93015736,45.35759708,46.29828372,49.97664293,50.25850479,51.45597539,59.94779153,60.61213703,60.81760351,62.63696722,63.30612306,65.86077136,66.64669105,66.73337841,67.19294538,67.50158051,69.43260357,69.48879289,70.73003411,72.17116604,72.56363602,74.98155877,80.56078307,83.74156461,83.95715074,87.92302823,98.35994388,100.42893699,105.34625563,108.74465722,108.99835648,112.49054656,112.90060815,116.85283142,123.04924155,123.77192003,124.88220004,125.16139983,125.92492346,126.34437531,126.63431944,127.37784431,127.45495237,127.72347123]","[0,7,5,6,6,6,1,3,2,7,0,6,1,2,0,3,7,3,6,1,0,7,7,6,7,6,4,2,5,0,4,5,6,6,4,6,4,5,6,1,7,1,0,7,2,1,0,3,3,7,0,6,1,6,2,1,4,5,2,7,6,5,4,5]"
"[2.76982382,3.27106095,4.75910202,5.08888968,7.24092334,10.43751357,11.48632445,12.1673875,17.67736557,19.22328557,20.11355494,20.97874431,21.23633426,23.29034929,23.39868797,25.67736548,26.18242471,28.59013965,28.81807723,29.35294472,31.70211698,32.4494316,39.07320964,39.1171169,45.69011978,45.83945104,48.58665749,50.85790163,52.64303594,68.32631716,68.64014443,68.66582434,70.04033719,70.21785224,70.603722,70.70162402,71.91554508,72.11909055,72.81770244,74.27815173,74.46393774,74.62545436,74.68983275,74.83606338,74.94725983,75.11095836,75.18835554,75.38592753,76.46749903,76.92195404,77.17279118,77.36758221,77.90932914,78.172789,78.7161139,78.95083988,78.98034359,79.04312175,79.0550994,79.31573019,79.45471526,79.55068446,79.75726428,79.8670737]","[6,6,6,7,7,0,5,4,5,4,6,7,2,3,1,6,5,4,6,5,6,1,0,7,7,5,7,0,3,2,4,5,5,3,4,5,4,6,5,4,1,5,4,5,5,5,4,6,5,5,3,4,5,5,4,4,5,7,4,4,5,5,6,5]"
"[2.17041746,2.20138543,4.36406869,8.76243664,11.73432598,16.87091499,20.68060161,22.64446669,23.61110355,28.57856414,29.03774786,29.40253107,30.15680981,30.31790299,30.83891625,31.40165103,31.52558424,32.22516395,32.61116464,32.71331484,32.91309219,33.17463273,33.39482441,33.41654115,33.43022403,33.69974237,33.82893624,33.94086019,34.09101444,34.33682105,34.36843286,34.56155898,34.74082047,34.93844071,35.17495006,35.50638995,35.54902933,35.93769438,35.98510871,36.12127106,36.13450783,36.31597177,36.90076624,37.25017212,38.41214764,38.6673904,38.74079105,38.92567245,38.93007232,40.96315023,41.45981574,42.13881759,43.75117674,44.38596722,44.82287312,45.03652474,45.7360506,46.92334804,48.82639888,49.27215204,61.38206251,62.17688017,66.54516707,67.49865076]","[6,7,5,4,2,1,5,0,6,4,5,5,4,5,5,5,4,5,2,5,6,4,5,4,5,6,4,5,4,5,5,6,5,7,6,7,6,1,4,7,6,6,6,6,7,4,5,6,6,4,5,6,0,7,7,2,4,7,2,2,4,1,1,0]"
"[0.45277685,1.63903787,3.30840052,4.83205129,17.9041956,18.87454134,19.32786228,19.87855974,21.62509746,22.86053141,24.32935022,26.46686824,27.85734129,31.94446858,40.74476586,41.10090011,41.28188417,46.31870601,50.47510346,50.62592313,51.3903988,52.60132602,52.89441908,67.00388756,67.20841601,68.48618465,72.81306328,75.44110009,76.35992251,78.30291632,78.42758024,78.71186111,79.83934352,80.36000438,80.79951891,85.03056644,87.01052667,87.83254217,88.27566971,90.58314098,90.89100069,91.39973172,91.65704922,91.81450744,94.60484344,94.87205536,94.97897738,98.48730798,99.59566973,99.63206214,101.37670579,101.55161845,113.29040205,114.87448856,114.94887547,116.33011399,118.1011632,118.65422157,119.76325808,120.19212999,122.68568666,124.95380843,125.39061373,125.44245842]","[2,7,4,2,5,1,6,7,1,1,2,7,2,0,3,1,0,4,1,6,5,6,6,0,6,0,2,5,7,6,7,7,4,5,2,6,7,5,6,3,4,5,4,5,6,7,0,1,6,7,1,7,1,2,2,0,4,5,7,3,4,5,0,5]"
"[1.21515679,1.40683999,2.24731526,2.72421049,3.53864549,5.0797597,5.35560798,7.88793432,8.81646838,9.30744604,10.77745724,11.07426619,11.3986749,11.48393229,12.39224498,13.45166459,14.11263552,14.97991044,15.58780733,15.64145871,15.75058619,16.54925995,18.35188172,18.53175222,18.73025238,19.76668616,20.55692065,21.84042587,21.90531495,24.49462475,25.84617236,34.38654393,44.59830306,45.96359319,49.46572706,50.64494357,60.41215685,61.87752192,61.99982659,62.0367419,62.44138929,62.72012584,65.30767135,65.32104798,66.68871797,68.08385053,68.28570753,69.44722176,69.8296172,72.09793764,72.4351168,72.62373528,76.87135642,78.1618194,81.71485826,83.14869151,86.97924071,89.00154243,89.94026318,90.20000669,96.2675178,96.96224473,97.9640912,99.35411719]","[5,4,0,6,5,0,5,4,3,5,4,5,6,6,6,6,7,0,4,6,5,4,4,5,5,6,6,6,2,1,7,7,6,1,1,7,1,3,5,4,6,3,1,0,5,4,3,5,4,5,6,6,6,1,0,2,1,5,0,6,4,5,4,6]"
"[3.13067739,7.71359119,11.18605349,12.6501461,12.82978707,14.23326779,15.04673391,15.99231406,16.4897654,21.39129103,25.28227249,25.71663517,26.87098622,28.65455416,30.01450583,32.25568054,33.2623296,33.28874918,34.94103167,35.71648581,36.59695618,36.8405603,37.09950653,37.43549508,40.28247743,40.36055964,43.11284989,44.04856115,44.46702658,47.04947214,49.23313953,50.82783029,50.89224646,51.65625794,52.27304504,53.91271411,54.26249281,54.38052666,54.94751284,58.72440711,60.59519907,63.08168057,68.07562799,74.58782944,82.97123185,93.71671164,98.26506271,109.79922266,110.37383079,110.84722266,111.33208333,111.4795659,111.72046461,112.03493717,112.51109755,113.8175514,114.72416839,117.22274866,117.36310613,121.77220984,122.54701144,131.99598853,133.62792336,135.6962782]","[0,0,5,2,5,6,1,3,2,0,0,1,2,6,1,5,7,4,5,6,6,5,3,4,6,6,0,2,5,6,3,5,6,2,4,6,7,0,5,4,1,1,2,3,6,2,5,0,4,5,6,5,4,6,6,4,5,4,6,7,1,7,2,7]"
"[0.69692046,1.81655214,2.11796066,2.12039163,4.25725393,5.07072626,5.65402612,7.27659161,15.12643516,15.23888968,16.351824,17.44014206,21.52145084,21.91148397,23.37898998,24.76461663,25.50008649,27.70258983,29.68240314,30.88323598,34.25184756,34.25321854,34.51734371,34.72738586,36.37461952,37.67014618,38.27875496,38.3921128,38.40500616,38.48098875,38.93270087,39.174488,39.69349133,40.09008375,40.1574225,40.28370209,40.73337176,40.90602072,40.93759592,41.45870478,41.56212396,41.66293368,42.12646388,42.33247978,42.33962315,42.44905054,42.48094068,42.79717977,43.14021022,43.43683283,43.49006305,43.61218054,43.81840285,43.83437367,43.84130995,43.87010679,43.94606609,44.20214805,44.25673828,44.30132986,44.30206739,44.82032761,44.82360054,45.27897344]","[1,5,6,7,7,5,6,1,3,7,5,4,1,0,6,6,2,6,5,4,5,6,6,4,7,5,0,5,6,6,7,7,4,0,6,5,5,6,4,5,4,6,4,5,4,6,5,6,6,5,4,5,5,6,6,6,5,4,5,5,6,7,5,5]"
"[2.23772988,2.43148269,2.56130542,5.83676688,8.99196199,11.48739206,21.10582284,25.77732396,28.22502116,35.84377564,39.98098737,41.53645766,42.94010544,45.5735123,48.36755127,53.82858322,55.23107855,59.93887877,61.13696272,64.23895348,66.04581089,68.56100055,73.13961529,73.65063699,74.37710748,74.46124689,75.12206038,75.34103895,75.34180586,75.72525139,75.76337919,76.09418038,76.18724167,76.41636104,76.48516099,76.72545371,77.23635691,77.66083739,77.71559722,78.90659981,80.05644743,82.92336952,83.97342828,84.76713159,85.49254692,87.75566718,92.64497129,93.53056327,95.1764391,98.85463103,102.77644777,108.90103931,109.88299779,112.78343653,113.06075308,113.3650926,114.95517072,115.31752342,115.9883395,116.96866446,117.8132007,118.76475892,118.85428831,119.15758843]","[6,6,6,7,0,5,3,2,7,1,4,2,3,2,3,3,4,5,7,6,1,2,1,4,4,5,5,4,4,4,5,6,5,6,6,5,4,0,6,5,6,2,6,7,7,6,7,5,6,0,0,0,7,4,5,7,5,7,6,4,7,5,6,2]"
"[0.06818695,0.10286245,1.36111741,2.95469697,3.52320315,7.14183945,12.48931413,14.27146717,22.20745976,24.68052005,24.74454607,27.11825664,31.89231769,36.00264523,40.7434715,40.89108691,41.39635831,41.62930999,45.60445301,46.99351287,47.44904899,49.75697023,50.3803484,50.62518005,50.89188452,53.7034368,59.66827694,63.8040746,66.55403704,71.97025271,72.31381631,72.86064144,73.71092974,74.20796955,74.55545095,75.08987014,75.17669742,76.61555472,77.28132458,77.59771123,77.66565084,79.92529008,80.7219576,89.71822449,91.83610644,94.82797003,94.88777844,95.01587286,95.32676264,95.91494871,96.24803382,96.76282153,96.81984018,98.170382,99.86977537,99.94897814,100.24210427,100.50574887,100.68676199,101.51574802,101.58309734,106.01237072,109.23756841,109.413764]","[1,3,0,6,0,5,7,4,1,4,5,5,4,7,3,5,6,6,0,7,3,1,5,6,4,0,0,3,0,1,5,2,0,0,6,6,0,7,5,4,6,2,5,2,0,5,4,6,4,3,4,0,5,5,6,5,7,6,1,2,2,1,4,5]"
"[8.27738176,9.33205806,10.4179333,10.61254652,14.89816255,17.12464111,19.06709457,19.0762161,20.24944729,21.05279143,29.9364143,30.1395547,30.2145521,34.78824138,38.14394341,39.62947517,45.84438687,45.97172698,46.93302286,47.24268949,47.75313812,48.11540038,51.79324983,58.77057577,59.30183971,61.57521474,69.22920715,74.56789268,79.70842112,80.06993789,80.15172892,83.80860507,84.23890554,92.01452433,93.45960666,93.67724809,93.97810917,94.24420667,94.48681221,94.96192076,95.06033338,95.41805875,95.44853981,95.5282297,95.70228537,96.15904711,96.20711589,98.43352913,98.83014378,98.85860688,98.90579388,98.91202068,99.40153814,99.60740113,99.70177516,101.00726466,101.14479081,101.85682378,102.02487989,102.12608823,103.28191241,103.33714229,103.50251275,103.6722547]","[1,7,3,1,2,7,6,4,2,5,1,1,0,7,7,1,4,5,6,6,7,5,1,6,7,7,1,0,4,5,4,4,4,0,3,5,2,4,5,5,4,5,5,4,4,6,5,4,3,4,5,5,6,6,5,6,5,4,4,5,4,5,4,6]"
"[1.85956984,2.80182242,5.17379029,7.98523249,12.100777,19.33167057,19.56589439,19.76467967,20.0847963,20.18825642,20.96927273,21.70822696,22.22922993,22.75837626,23.23001733,23.61533126,23.89307063,25.00763261,25.52176355,25.72497721,26.01992937,26.49715085,26.90666012,26.93011828,27.00754898,27.34259939,27.34292995,27.96620325,28.23300332,28.50159165,28.60189364,28.61830016,29.24776556,29.41702448,29.42136742,29.47060388,29.57025245,29.76365986,29.87017874,29.958102,30.34325083,30.4040725,30.55560045,30.56800503,30.57673719,31.22998474,31.24627759,31.34940066,32.59105285,32.62978253,32.7062322,33.38388718,33.89073756,33.91441446,34.30882726,36.77404456,38.64695945,39.75894962,40.1023284,40.81781283,43.38000268,48.21425918,48.48708499,49.64831988]","[5,6,5,4,2,4,6,7,5,6,4,0,5,6,6,4,6,6,6,6,5,1,0,4,5,5,0,5,4,4,6,5,5,4,4,4,5,5,6,5,5,5,6,6,6,4,2,6,4,5,4,5,5,6,6,4,2,5,5,4,6,5,4,6]"
"[1.01867173,1.16534563,2.15693355,2.81236772,2.85786795,3.14976382,3.18190176,3.25862217,3.64095392,4.25231087,5.1977731,6.50107807,8.23755873,8.92016029,11.86250697,14.66338019,15.94553923,16.08156616,16.72430276,25.33468872,25.60588905,25.74406216,26.13418668,26.1926929,27.19926766,29.69573901,31.74188695,33.07501724,35.02541072,35.11350737,35.43847954,36.03202072,36.24976417,36.52293789,37.74629472,38.03803354,38.10794781,38.51182407,38.72271016,38.74762783,38.91844983,39.04184587,40.30372149,40.34802907,40.37612953,41.69173357,42.19883112,43.3995834,43.54649774,44.32662705,44.56651681,45.42191574,45.59748851,45.66695531,50.26049377,50.41257061,50.66167309,50.67993954,50.76111953,51.71717016,51.91804497,53.53348825,53.87596141,54.12707842]","[4,7,5,4,5,5,6,6,4,5,4,5,6,0,3,3,4,5,5,3,2,3,0,5,3,2,4,5,5,5,2,4,4,5,5,5,6,4,5,6,4,4,4,4,5,1,5,5,2,4,4,4,5,6,6,5,4,5,4,4,7,5,6,4]"
"[0.80893056,0.91393638,1.08765084,1.38569366,1.7181104,1.83276684,1.84570245,2.06267893,2.66558352,2.70069306,2.86597282,2.96855215,3.2901929,3.48504543,3.53126283,3.55437886,3.57765818,4.07593021,4.35773942,4.97473519,5.24209998,5.33837106,5.63650823,5.78441908,5.92871702,6.10334694,6.5718123,7.47692967,7.51366495,7.87550698,7.87810992,7.8913488,7.90561414,8.70101781,9.57348928,9.7168044,10.15821573,10.18450803,10.21769349,10.36501137,10.37785202,11.13782485,12.06534869,12.12146601,12.31532527,13.08309236,13.29376883,13.6390556,14.2029513,14.33598637,15.77086945,16.62809469,16.67173325,17.50988029,21.03963557,23.14939655,32.23535759,32.71287136,33.07177715,33.37315895,35.6535421,38.4700132,39.00875387,39.11495086]","[5,6,4,4,4,5,4,5,6,4,5,5,4,4,6,5,4,4,5,5,4,2,6,7,4,5,6,6,4,5,5,6,7,7,5,7,4,5,6,6,1,4,7,6,5,2,5,4,4,6,1,4,6,7,2,4,5,6,4,6,5,5,6,4]"
"[1.33973998,2.73820402,2.80568233,3.58855662,3.8301794,3.97783333,4.3525444,4.484917,5.48474663,9.82026634,16.202802,17.02682693,18.88251998,19.05348442,19.18034998,20.65795666,20.99317225,22.0663669,22.62712302,22.99166207,23.55617425,23.56465208,23.81301994,24.02649041,24.05950898,24.07417297,24.16896545,24.42427451,24.53546001,24.55823403,24.61052614,24.61194962,24.72643586,25.05455247,25.0864497,25.16924737,25.34832593,25.6692291,25.85358725,26.07443789,26.07763821,26.11179689,26.30129137,26.32974064,26.59733153,26.70386908,26.99874551,27.09605423,27.24485422,27.25481411,27.27948821,28.42612274,28.50585874,28.56452842,28.57533375,28.97145956,29.14238873,29.21198753,30.30272011,30.56960597,30.59308019,30.93267171,31.10590067,31.75376443]","[1,5,2,6,6,6,6,6,1,0,1,7,4,7,4,0,5,7,5,4,5,4,4,5,4,5,4,4,5,5,5,4,6,6,6,5,4,6,5,6,5,7,6,5,6,6,4,6,7,5,5,7,3,6,5,6,6,7,6,5,6,4,6,4]"
"[0.65732535,10.04367999,11.92298804,14.06085324,15.47597257,16.23748583,17.75511477,18.63143229,18.95319265,19.50867993,19.65824108,20.05836563,20.71594411,20.75909532,21.60501099,22.12477742,22.3582168,23.40940494,24.64186994,27.89804134,33.3685665,47.4781711,47.89240025,48.1793824,53.59541684,54.28542128,55.19606149,55.80544352,57.24314711,57.59105342,59.09219948,59.28717849,59.31634971,59.48734315,60.39686353,61.20233211,66.65093427,66.72595561,67.49763226,68.25924607,69.46406253,73.85094789,74.58054994,75.58137233,76.56313859,83.07325165,95.29393195,100.69171503,101.20269686,101.36701768,102.0035377,104.15880826,108.86977983,112.55419809,116.17313304,121.93679538,123.8722406,126.42671231,129.21939319,133.98904487,139.47826892,142.45046663,143.28497575,144.14319108]","[2,7,7,0,5,4,4,4,5,4,5,3,4,6,5,5,6,5,0,2,1,0,2,3,7,5,5,6,1,4,6,7,7,7,7,6,5,6,4,2,6,4,6,4,7,3,1,5,6,6,7,2,5,5,4,4,0,7,1,0,0,0,4,5]"
"[0.04202209,0.19098867,1.07141891,3.46992671,3.69161902,7.55071306,9.77860627,12.86009919,17.30240287,18.27982033,18.58508885,18.81714255,19.06808699,19.09532978,20.04509937,20.72117364,20.75638189,21.85072483,24.36446604,24.74387234,28.06877622,31.44198235,35.3048355,37.17101988,37.47414266,37.60916598,38.12453775,38.16884435,40.09262907,40.64431172,43.42751731,44.14143963,45.51055983,47.01660483,47.5943222,48.90338461,49.23527258,49.30343137,49.55435511,52.44233662,52.45921786,53.80263457,55.37390951,61.66456292,73.74346403,75.99280557,76.1011417,79.03097506,79.12867346,80.15409984,80.24978848,80.62121689,80.66746715,82.40208208,88.26439648,88.47314135,88.69573783,88.77261648,92.03060739,95.18423281,95.32383392,97.84903591,97.91628053,98.56537821]","[2,3,3,7,3,2,2,4,5,6,6,3,7,2,6,7,4,7,2,5,6,2,4,3,4,5,1,4,1,3,7,1,6,2,5,7,7,1,7,1,4,6,2,7,2,5,6,4,1,0,5,6,7,7,4,5,6,6,6,3,6,7,0,5]"
"[3.90471282,4.84525172,5.47713648,10.19819865,10.51254132,12.14004587,13.82627195,20.95494954,25.73308681,26.17709553,27.49663101,30.820581,30.97354706,31.07215397,31.98051502,33.84979136,37.30213126,37.52270411,37.53846404,37.561366,37.61980823,37.70500424,38.11195302,42.46554635,43.87353319,44.35976672,45.1847817,45.52311901,47.38315379,47.44097232,51.18827333,51.55183281,53.04455246,53.31730699,54.09065513,63.54194505,66.6859736,67.89283368,68.45703824,69.2724309,74.67874559,75.73871442,75.87136952,78.97185017,79.64401337,80.3394359,82.2380105,82.29850851,83.50167315,85.03536274,86.96490177,87.80677945,87.8311082,90.37044086,91.65528297,94.23105281,94.24722357,94.27429472,94.44072977,94.66100296,94.81892986,95.7154511,95.93003847,95.94116537]","[5,1,7,3,7,3,2,0,2,7,3,4,5,4,6,4,5,4,5,6,3,6,5,4,5,0,5,2,6,6,2,5,4,2,0,1,4,7,2,1,0,0,2,4,5,2,4,5,2,1,2,0,5,6,1,5,4,5,4,4,0,6,7,7]"
"[6.47829233,8.40809997,12.73103052,15.16593797,15.48914143,15.89240759,15.96927843,16.08065721,16.16666986,16.18073036,16.58398498,16.66289975,16.69436371,16.70174333,16.88377413,17.63625892,18.51631803,18.78836995,18.99952699,19.06310808,19.46589226,19.6176263,19.85670582,20.06460391,20.51380802,20.62904182,20.76893205,20.79843777,20.97572953,21.02073656,21.07579236,21.24785981,21.52510904,21.80742615,21.94864377,22.00294081,22.01777823,22.30781782,22.30881406,22.33006312,22.35769852,22.51086215,22.56002632,23.4071704,23.80637046,24.10129575,24.94642299,25.46441904,26.28921469,27.36549274,27.51374535,28.01005519,28.60136672,28.73217453,28.900878,31.77262366,33.08735201,33.14513104,37.77476217,44.22498756,45.88866015,47.74902195,48.14227316,51.52316588]","[1,2,6,4,5,5,4,5,7,4,5,5,4,6,5,5,4,5,4,4,5,6,6,6,5,5,7,4,5,4,5,5,6,5,6,6,6,6,6,4,6,7,1,6,6,6,4,0,5,0,4,5,0,6,5,3,6,7,2,7,2,7,7,7]"
"[0.89973329,4.12498151,6.1648099,7.57755003,9.1562702,9.18646968,9.79535867,9.79754372,9.87449737,9.98107209,10.59113491,10.90477306,12.91517949,13.13663182,13.88965499,15.00798601,15.03466861,15.36746306,15.53985899,15.54696121,16.39428979,16.40314459,16.47807151,17.50456936,18.22831661,18.31198549,18.47243545,18.52083413,18.58446328,18.99270913,20.23376561,20.27612614,22.02180174,22.42795446,23.59318038,24.34070001,24.82322438,24.9548628,25.02016502,25.56446827,26.19716933,26.43066716,26.7344917,27.49087913,27.58839162,28.18454888,28.24977703,29.19797679,30.19633983,30.58440442,30.64202117,30.91278181,30.94202229,31.58903177,31.8004252,32.05501329,32.22793049,32.49871863,32.7583002,33.90143418,34.46365079,34.82264615,35.15251324,35.63758567]","[5,2,3,7,3,4,4,5,5,4,5,4,4,5,4,4,5,6,5,5,6,6,6,4,5,4,5,4,5,6,4,7,6,5,0,5,6,5,6,4,7,5,6,4,6,2,1,2,4,5,4,6,5,5,6,1,7,6,4,6,6,5,4,2]"
"[0.16991889,0.29632695,2.9789781,4.1369654,12.0589642,13.31131522,13.52848461,15.17207327,16.07174969,16.81897706,17.46764235,17.76562292,18.27174295,18.3579323,19.14678682,20.16631198,21.26192152,23.20163383,24.4523768,30.31816427,32.50653465,32.76066261,33.50808123,33.59917578,33.66820332,34.34996829,35.64151094,36.8353215,39.60236505,40.93667853,41.58688466,45.2053255,46.66829738,48.58227873,51.96996878,52.29652901,54.25477605,54.3488172,54.69896343,57.19935623,57.53993578,65.29072094,66.2674837,66.60043859,67.94229087,68.37529226,68.4179482,68.45051252,68.57561154,68.72636055,69.59945441,70.18109632,73.28298223,73.3086124,73.98761002,74.2285855,75.68031792,75.89327711,76.67622706,76.73333389,76.78169126,77.12971314,77.95027257,78.08842061]","[2,1,6,0,1,5,4,6,4,5,4,5,5,4,2,6,1,7,4,5,3,6,2,5,6,3,4,4,2,5,5,3,2,1,5,4,5,4,5,1,3,7,4,5,5,6,5,5,6,6,6,6,6,4,5,6,4,6,6,4,5,0,3,5]"
"[4.46197256,8.91638869,12.82910156,13.11836617,13.43645023,14.06719384,14.23070465,15.09381791,15.64829224,15.69567589,16.3164476,16.93540207,18.6436955,19.17710618,19.61865758,21.25152109,21.3286146,21.41202981,23.29206589,23.35959022,23.50472195,24.30067366,24.69903886,24.91847286,25.27691304,25.6859106,25.71045936,25.72487131,25.94165576,26.23440234,26.28097346,26.33187496,26.40909484,26.45785876,26.45937439,26.46931849,26.47452714,26.58071345,27.21998295,27.22125967,27.41338492,27.51339442,27.52323997,27.5670164,27.66840273,27.71255009,27.77120963,28.21287348,28.53989094,28.74532334,28.78249383,28.88703445,28.92539425,29.20780023,29.33352667,29.79707704,30.01907739,31.06785262,31.35562445,31.74647573,32.72140903,33.15958141,36.2170852,37.4555668]","[5,2,4,5,4,0,4,5,6,6,6,2,6,3,0,5,4,4,4,2,5,5,4,5,6,5,7,5,4,6,5,4,5,4,6,5,5,5,4,5,7,6,7,6,5,4,6,4,6,6,4,4,7,5,4,7,4,5,6,5,6,7,5,6]"
