event_times,event_types
"[1.37465997,6.31090827,8.77865561,13.01819536,14.40974368,15.07303921,15.32396179,17.63752236,20.09263075,20.14263796,22.78011464,23.46876904,25.37675963,25.69108604,26.97470852,28.01311715,28.09654154,31.14690017,31.620688,36.77544539,38.00801709,38.78237619,39.74249193,41.00207195,43.93030866,44.59189157,45.14312128,45.92478511,46.72670827,46.81401121,47.10263495,50.3122931,53.14152937,58.82618571,58.9464589,60.68490104,62.05493659,62.50568759,64.48505902,66.59480725,66.88780597,70.65428706,82.74301006,83.06787036,83.1026195,83.23475237,83.39791512,83.50698548,84.34222835,84.68796105,84.69864538,85.12377967,86.87613568,91.3820027,95.47922681,96.30727759,97.05577636,100.61062965,102.46653609,106.43332021,107.69448216,108.50936942,109.8533279,115.73948342]","[2,3,5,0,1,7,1,0,0,1,3,1,5,6,0,7,2,1,5,1,1,0,1,4,0,1,0,1,1,2,3,1,4,0,0,5,0,4,5,5,3,1,3,4,3,2,2,3,5,2,3,5,2,2,0,1,7,2,2,7,1,0,1,6]"
"[0.65910969,4.39091249,7.66590357,8.83891435,12.73448615,14.67205714,15.78726531,20.60503003,22.5308662,22.90392841,23.68492726,24.25564156,24.59078525,25.09013449,25.16521694,25.27677584,28.49915669,30.39079435,31.23326053,33.1733209,33.31373262,33.77276743,36.06265802,36.17513702,36.27164832,38.52261708,38.71612346,38.97321336,40.0414713,41.36599577,41.64466321,41.69284566,42.05250991,44.0866011,55.00758362,55.07196007,57.74054819,58.14525849,58.23543715,58.73695301,60.10239802,60.36686377,68.53959603,68.63909048,68.84623314,69.32883899,69.43893456,69.80407965,70.28633046,70.45150393,70.69356184,70.80707735,70.87345878,71.18865194,71.20511333,71.5977912,72.05731247,72.47336024,72.49538091,72.68947725,73.58856175,74.66944391,75.4600542,75.57907815]","[7,6,2,3,4,5,2,0,0,6,1,2,1,3,0,0,0,1,2,1,0,1,2,3,2,2,5,3,3,2,6,3,6,2,7,5,2,3,6,2,1,0,1,5,0,0,1,0,0,1,1,0,1,0,1,1,0,1,0,1,0,0,1,1]"
"[8.26343038,9.19204593,11.05405183,14.09426405,14.87960067,15.85137121,18.16840265,18.22736964,21.63879195,22.07763716,22.11483321,22.45144334,29.9432757,30.01511291,33.27613148,33.87351731,35.27586408,37.34370542,38.03578596,40.75104047,40.83180751,42.07068803,43.9973071,44.42284157,44.79298607,51.14971914,63.55978879,63.82228782,63.99230766,64.12464328,64.31188261,64.38710542,67.32886895,67.67473993,67.96810903,68.63808767,70.13439136,71.04004479,72.72383024,75.45717964,76.75344198,77.07254108,82.06954506,90.2278358,90.856235,91.63544921,93.40803983,95.38801723,95.69895596,97.53687557,103.77055608,106.83026852,111.09426593,111.86167932,112.57677337,112.7876745,114.11069973,119.48124455,121.04020814,125.26382165,126.06690145,126.1702518,127.70643941,128.51823836]","[7,3,3,5,2,6,2,3,7,3,0,5,5,0,5,3,4,7,7,6,6,7,7,5,2,4,5,1,0,0,0,1,0,0,4,5,1,1,1,0,5,3,7,7,3,3,0,0,5,5,1,7,2,3,3,2,3,1,5,4,2,3,2,7]"
"[0.83931192,1.14710299,11.97158308,12.79318649,14.5741055,14.91735872,15.03128203,16.99969821,18.14162158,18.46805474,19.46688474,19.56243384,19.66488919,19.93793614,20.86746019,21.09000727,21.92697108,23.68698529,24.35019653,24.55419908,24.59216298,24.68352346,24.8977933,25.47413939,26.10146173,26.47377963,26.75688428,27.17230284,28.85972678,30.59158921,31.26308708,31.26494263,31.51767752,31.5938597,31.71015241,31.88805467,31.97452501,32.08462742,32.61455911,32.80735973,33.3674156,35.1510763,35.39637646,35.62112356,35.89497047,36.00449463,36.37510083,37.08548417,38.13957898,38.27109132,39.44935096,39.71951475,40.3445771,40.74140502,42.74099495,43.21498815,43.67877728,44.49631362,44.62586028,44.78165626,44.9660089,45.25280966,45.9754004,46.20850962]","[2,3,1,1,0,1,0,2,0,3,1,0,1,1,1,0,0,1,0,1,1,0,1,0,0,1,5,1,4,4,0,1,0,1,0,1,0,1,1,1,1,0,7,1,0,1,0,1,5,0,1,1,0,0,1,1,1,0,0,2,1,0,0,3]"
"[3.29345374,5.17560492,7.36382388,7.86956793,14.11933447,14.30853308,14.96561203,15.86052798,19.45349929,21.32643494,23.17190095,27.05604606,27.10432458,27.21976281,27.499129,28.15909758,30.70839819,37.06598551,40.78401663,44.9515821,45.88704129,46.14605366,46.24601802,46.82338328,47.7844989,49.67583054,50.9699629,52.40282505,52.94215888,53.03835814,53.05819164,53.29925102,54.96674745,56.00522187,56.01977038,56.10386035,58.61881178,59.21294603,60.14414461,60.32789228,60.57524451,60.95712786,60.97332502,61.27705481,61.81424101,61.86122224,62.13301412,63.32798923,64.76096696,65.13997087,66.44678789,68.03328214,69.42923354,72.19073417,72.56835053,74.98875349,75.24636608,75.48573126,76.63778789,77.62143825,78.60299011,83.48776999,84.05503664,87.04644706]","[6,3,1,5,4,2,3,5,5,7,2,1,0,5,0,1,7,5,7,3,6,2,4,6,0,6,0,7,1,1,0,1,5,0,1,0,5,0,1,0,0,1,0,1,1,1,2,0,2,1,3,0,1,5,1,0,0,2,3,1,0,3,4,1]"
"[1.32493567,3.98016155,4.11213619,4.53723394,7.8948809,8.5099629,14.97489726,16.26085467,16.8774628,18.4479002,25.9584393,26.43617625,26.97150075,28.91101755,29.31975407,29.41728605,30.35077368,30.40772885,30.54387716,30.54577963,30.71319663,31.41021899,32.35047559,36.28582159,36.5453749,36.8949193,37.46023606,37.60961448,38.08954256,38.46514297,39.15480842,39.91178873,40.58449805,40.59755986,41.34254604,42.0923127,42.46095535,42.65755773,44.11898987,46.60896171,46.82333073,47.6341282,55.63543096,58.91874872,62.58869131,67.63942345,69.59258987,73.11455585,73.89525962,79.69452466,88.15038554,89.76779982,93.23962105,94.84484861,95.4444191,100.69695852,101.88583334,102.73068698,103.42449573,103.4740101,103.8663031,106.25930985,106.48638957,107.14415699]","[5,5,0,5,7,4,2,3,2,3,2,7,1,3,5,0,1,0,5,0,0,0,1,1,7,0,1,0,5,1,1,0,1,5,0,5,1,0,1,6,0,5,0,5,5,4,7,0,1,2,3,7,2,7,1,3,2,0,5,0,7,2,1,1]"
"[1.68806673,1.94484846,6.02527596,6.90031963,8.75250393,15.87193047,28.89583248,34.9059907,38.05518235,38.74877441,43.09359819,43.25529446,43.8397859,44.22162798,44.44301554,45.03920573,45.56273802,45.7404115,45.95832657,49.94445708,50.11181594,50.26680353,57.14093275,57.64833722,57.79601424,58.07685687,58.97352203,60.02814602,60.65601138,63.53737222,64.52653484,68.47827548,72.5031857,76.94126424,77.28649042,77.90375917,78.63106612,89.91894475,91.37930142,99.7357525,100.24524367,101.01688936,101.2927901,101.38507027,101.43818655,101.81393948,102.14591205,103.20406481,103.72092727,103.79195796,104.28848697,104.59149955,105.32194879,105.61831267,106.19941594,106.96907585,107.26999892,107.39399309,107.7844285,107.8469732,107.97640556,108.14756584,108.33951473,110.01580392]","[6,4,1,5,0,5,2,5,0,1,1,0,6,1,1,5,1,0,1,4,0,7,6,0,1,1,1,0,0,1,1,7,1,1,5,0,5,4,3,2,0,3,2,0,3,1,1,1,0,0,1,0,1,1,0,6,0,1,1,1,1,1,0,7]"
"[0.64368128,2.60337904,2.6411933,3.12462379,3.16080448,3.2070503,4.2898623,5.40786804,8.19220865,9.10432126,9.32057016,10.06749688,13.73139098,14.5079275,15.15927107,15.69746389,15.92786706,16.0687199,16.61545897,16.89492408,17.14835309,17.80558931,18.60391052,18.89734258,19.89324327,20.12623747,20.41295768,20.4439866,21.08019017,24.10799199,24.16619046,24.39122537,24.62730971,29.79554431,31.25972448,31.59436353,32.30645049,39.99787426,44.04644503,44.94573952,45.87850539,46.16072863,47.07579011,47.19428455,47.70420472,49.14191471,53.31316721,55.40077272,55.79875582,57.44113041,58.14410126,58.69343176,59.30725403,59.46802624,64.56795827,66.58362653,67.39438455,69.34189629,70.32435122,70.97606669,76.12251152,76.447878,76.49445589,78.40102403]","[5,0,1,1,0,1,7,0,3,4,5,0,1,1,2,3,0,1,1,0,0,0,0,1,0,3,4,3,0,2,5,3,4,0,1,5,0,1,0,1,1,0,1,1,0,7,5,6,7,6,5,6,6,2,2,3,2,3,3,3,4,2,3,0]"
"[11.35181174,13.19828818,18.50455615,22.66954601,23.51574671,24.18429282,24.57052056,24.99836351,25.01187102,26.12195069,27.04943022,27.14458013,27.38059923,27.50764477,27.56079868,28.7819386,29.31316732,30.88341001,30.99259121,31.03923933,31.0888717,31.9039523,32.1599,32.3630754,32.47133487,34.33485124,34.35022183,34.68045257,35.95692849,36.12682306,36.17426939,36.7165164,37.08104527,37.14472959,37.78290317,37.87397721,37.94818476,38.18901926,39.44106577,39.8395775,40.00675216,40.02974326,40.34466572,40.40394201,40.49237971,40.60807629,40.79288832,41.3824348,42.3058323,42.63817719,43.49226453,45.04414962,45.16421077,46.14954997,46.20477755,47.86811361,49.5024203,49.82835362,51.27377501,52.5209363,53.99255976,54.66410625,55.6495532,55.85017525]","[4,5,2,2,1,1,0,1,0,1,5,0,1,0,1,4,0,1,1,0,0,1,0,1,5,1,0,1,0,1,0,1,1,0,5,1,0,1,1,1,0,1,0,1,1,0,0,0,1,0,0,0,0,0,1,1,5,0,5,2,5,0,3,1]"
"[2.10995475,3.63808522,4.32052859,4.80078664,5.50210362,6.38997464,7.42614307,10.21717977,11.68704847,11.86965282,12.024112,12.67472193,14.31960652,18.66080788,20.11537206,23.49786509,24.24551908,25.88481712,27.94264401,30.53843094,31.11035811,32.62650359,35.60540857,36.41900748,37.91499516,39.21481153,40.47405813,43.25866641,43.34464925,43.75608364,43.86272066,44.43830671,44.77827614,45.00793694,45.6386388,46.74652821,46.75356986,51.92800163,52.42643678,61.66901806,65.70486281,65.84033256,69.74160608,69.85563666,69.96077722,70.77074057,71.09561422,71.2497208,71.98157683,72.98574441,73.54987109,73.5752822,73.78873752,75.27854219,77.55769872,78.07378631,78.16396111,78.25768414,78.78456292,79.27508917,79.53966137,79.72909048,79.85797962,80.44389918]","[2,5,2,3,3,0,1,5,2,3,4,3,6,5,4,1,5,3,7,7,2,3,4,1,0,3,6,2,3,3,2,3,2,3,4,3,4,3,1,0,1,3,0,7,5,0,1,0,0,2,3,3,6,0,1,0,1,0,4,1,0,7,1,0]"
"[1.6700175,2.3300706,2.40520233,2.49910542,3.00702136,3.07257394,3.67579364,3.76678128,4.84526852,5.14493037,5.38633765,5.40873336,5.83146555,6.00478597,6.02328448,6.17061417,7.04862323,8.05189171,8.15449968,8.40731909,8.60068576,8.70079062,8.73477575,9.27439595,9.68772351,11.92513018,12.2996521,13.26131142,13.74005287,13.88511464,14.93409099,15.53548677,16.58321627,20.71169294,21.30230203,22.77664518,23.04567347,24.00661036,24.08824341,25.32863433,27.18402132,27.8525579,28.70674207,30.03667519,35.81965089,36.6998763,37.69119428,38.00869884,38.25674773,38.43337573,38.47676087,39.85546775,42.57276453,46.88492152,47.28957123,47.41164486,48.17160655,49.17402338,49.31216672,49.50702815,49.65565271,50.24232644,50.58850125,51.30105735]","[7,0,1,1,0,0,0,1,0,0,1,1,1,0,1,1,1,0,2,1,3,3,0,1,0,0,7,3,2,3,1,7,1,3,2,0,1,1,1,1,0,0,1,7,3,1,0,5,1,1,0,1,0,1,0,1,1,2,3,1,3,0,1,0]"
"[0.64521221,1.86913444,1.98868131,4.09748559,7.09147091,7.44612871,11.09178619,11.21676043,11.25747454,14.87006045,15.37123289,19.55611547,21.29688262,23.20267108,23.58450225,23.85925084,24.24116802,24.84806797,25.06434203,27.49236763,27.49245128,27.56713524,28.44546078,28.78538608,28.80174642,28.88930779,29.02679058,29.47655223,29.7603103,30.04942137,30.27789517,30.76110356,31.16009165,31.17533632,31.1956391,31.80738451,32.40747554,32.62178789,32.7628765,33.85060958,35.97689386,36.1655249,37.50993297,39.52306952,45.01075348,49.04995204,49.16568058,49.30786726,51.12501149,51.72723175,51.73240872,56.13215324,57.51093185,60.75945927,65.07070907,69.203318,70.1804979,71.79702808,72.08947893,77.39840612,79.36699211,79.92512782,79.97523076,80.41532989]","[2,4,3,3,4,7,5,2,3,0,4,5,4,3,0,1,1,0,5,1,6,1,0,0,0,1,1,1,0,1,1,1,2,1,2,5,1,1,0,3,2,3,4,1,0,2,3,6,2,3,2,3,5,5,2,1,6,5,7,3,7,1,0,1]"
"[5.95396399,7.45465892,8.49331401,10.38946561,11.19748019,11.96125994,11.98818378,12.59530542,12.59723366,13.15657595,13.7620786,14.4065533,14.72832014,14.75107649,16.07301606,20.94273996,25.86315327,29.21576751,29.50586149,31.09327153,32.94269427,34.57990508,35.47864542,38.53009299,38.91024258,39.74318716,41.85589633,41.91923631,42.05327644,42.39141375,43.99310316,44.06928958,44.51427681,44.56548104,44.6054777,44.62086974,44.80979643,45.23940573,45.24455785,45.61000795,47.04260027,47.80871096,49.24710524,49.93539614,52.4975909,53.15869304,53.78149982,54.04751141,54.18465341,54.27293732,54.63882524,54.80233122,54.87788763,54.98154989,55.0652541,55.07705105,55.20468236,55.26966488,55.28690755,55.45197042,55.50384058,55.8931812,55.98595447,56.22519736]","[2,3,2,3,3,3,2,2,3,3,7,2,3,4,4,6,5,1,0,6,7,6,5,5,5,1,3,4,2,0,1,0,6,0,1,2,0,2,0,1,7,1,1,0,0,2,5,1,1,0,1,1,1,0,1,1,0,0,0,1,1,1,1,1]"
"[7.01597664,9.03614353,10.06924035,10.16255414,10.30269826,10.47612997,10.91071237,11.0025321,12.29946082,13.78096883,13.87031344,15.74924238,19.5899292,23.34555425,29.4591846,31.46386489,36.5895039,40.06505558,41.13988636,41.86526793,42.06187136,46.73711654,50.96386144,55.21882098,55.87524445,57.66020015,57.87483586,58.56022251,60.30212128,62.85579232,63.75403664,66.27422659,67.81556494,68.16524919,70.31991386,74.81158572,76.74849966,76.80021208,77.06944916,77.45990539,77.88998696,78.32147434,78.70115133,80.42035355,80.85116675,81.24310523,82.61321871,83.68218497,84.60823405,85.7300398,86.01081358,87.05038097,87.76509021,88.64489626,91.02896717,91.29341649,94.46881297,98.6099791,99.29717873,100.5788157,101.26668891,104.38844801,105.45512165,105.59469517]","[4,2,6,1,0,1,2,0,1,2,0,1,1,6,7,3,2,2,3,2,5,5,4,0,1,5,1,1,4,2,0,1,1,3,1,0,1,0,1,0,1,2,1,2,3,0,1,3,6,0,1,1,1,1,0,7,1,1,2,0,0,5,7,0]"
"[6.86844648,10.03374673,11.72387621,12.49332013,17.50964349,22.42175555,23.90697908,23.94786038,23.98027354,26.22280545,26.5231943,27.15982978,27.4659339,33.08379313,39.14146903,40.07234141,40.21553094,40.3479524,40.46790432,41.363871,44.28005459,46.18121632,48.72903844,49.08174883,50.19337436,51.36307489,51.88264274,52.65098425,53.11197137,53.7751293,54.37036036,54.73082955,58.29225736,60.36242397,63.93444528,69.68183012,70.34183911,70.68389355,70.7064471,71.42914407,72.28887068,73.0645976,73.8285878,76.68600734,92.45155256,102.65284376,106.83686704,114.21307451,123.60226518,124.72935173,126.73983988,128.42367911,128.64251617,129.33960968,129.5945074,129.64698787,130.09655969,132.46282776,136.12594134,136.17633878,136.88027175,139.08220671,139.99796675,149.7412639]","[1,4,2,5,1,3,5,0,1,1,3,1,0,5,2,5,3,0,2,4,5,4,6,4,5,2,3,2,2,2,3,5,0,4,2,0,0,5,1,2,1,6,0,2,1,7,3,4,0,6,3,2,3,1,0,1,7,6,4,2,0,6,4,4]"
"[0.03318208,2.25957941,10.91330037,13.28295458,14.46519979,15.52673925,21.97442569,23.92988994,24.04142312,24.93163751,25.17347901,25.81439884,26.25197632,26.35910758,26.76339331,26.9694621,29.4983977,29.97313338,30.30043993,32.24481426,33.35931532,33.41716145,33.64940741,33.99505992,34.41882132,35.84171642,36.87959875,38.96038772,39.2210657,41.190679,42.23870534,43.84482301,51.66227852,56.69340103,57.91721477,58.61549984,61.31787647,69.50717565,72.08356047,72.55642451,73.69115576,74.59018481,75.43454737,76.35480573,76.42485671,77.45597702,79.14271741,84.9670722,86.37333313,86.65459523,86.84677521,89.39632526,97.26056664,99.21170497,109.98771787,111.12242338,111.84903957,113.67306231,113.90070802,114.33396572,117.24929286,117.30429115,120.49092337,120.5730916]","[0,4,4,1,0,2,2,0,1,1,1,0,1,5,1,3,0,1,1,0,1,3,0,2,1,3,2,3,2,0,4,7,5,7,2,3,0,3,6,3,0,1,2,1,3,1,0,2,3,2,3,3,4,4,2,3,2,0,1,0,5,7,0,2]"
"[3.72773322,7.97665627,12.47809089,14.32703145,16.20376777,17.77163598,17.92234901,18.71133905,19.40134068,20.34042263,21.41909601,25.08207273,31.70039585,35.05647635,35.08842134,46.58603926,46.92496119,47.01821223,48.11377637,48.55638758,49.30138746,50.37028262,50.44718709,50.53480145,51.22476114,51.30397359,52.59145397,52.60752679,52.85684089,55.22658713,56.06481497,56.3662037,59.04965153,60.77541757,61.11786716,66.88640684,68.22272627,68.67443899,69.04614226,74.5150118,75.40115716,75.55359387,76.07277722,76.12317278,82.10138041,82.22727767,82.58571846,83.33298924,83.41717456,84.38862491,85.64464474,86.34229319,86.71725678,87.9102769,88.70050762,89.88459326,91.47596665,91.86069862,92.06768338,97.452922,99.90469157,104.4751968,105.58010725,106.37034611]","[0,2,0,6,2,1,0,2,2,3,3,7,2,2,5,0,5,1,1,0,0,1,1,1,0,0,1,0,1,4,0,1,1,0,1,4,3,3,4,1,0,1,1,5,3,1,0,5,5,1,3,3,4,2,3,4,1,7,0,1,1,7,2,5]"
"[0.24745893,3.20718822,6.34312211,6.87697632,10.94628784,11.9323524,13.70154609,14.21557154,15.06545572,15.28779075,16.42357347,17.17899368,17.9901816,18.94361278,19.12065918,19.27138411,19.80458309,19.91887187,20.35346076,20.9537961,21.76820184,24.33508657,24.80971003,30.06111579,30.84489049,32.41431492,34.40755988,35.49964757,37.23522267,39.06329569,51.50106535,54.33475379,55.00560224,55.26011912,58.2746336,58.31684707,58.81905982,59.66586336,62.25589211,63.12465006,63.27043191,64.66451671,64.84588559,64.99963595,66.2172727,66.44935693,66.696272,67.17206321,67.44036004,67.48424155,68.10234886,69.17708127,69.27448037,69.49138953,69.56266478,69.79248378,69.86044297,70.23356117,70.62392177,70.96355606,71.96197414,73.56082907,76.97334689,77.65925866]","[3,5,1,2,6,0,1,7,1,0,2,1,0,3,0,5,2,1,0,0,0,5,1,0,1,1,0,5,0,4,1,5,5,7,1,1,0,1,2,0,1,1,2,3,3,2,2,7,1,1,0,0,1,1,6,0,0,0,0,1,0,3,1,0]"
"[2.32647643,2.62646696,3.94299927,4.15875728,4.19471123,4.38600662,5.4317338,6.64251651,8.38467998,8.70287351,9.21032756,11.19439008,11.62380624,11.70102954,11.7693343,11.86387813,12.06574611,12.31259018,12.57716564,12.79165957,14.98000651,15.30126149,15.72529998,16.15507041,16.42243846,16.6011037,18.19762811,18.56639823,18.98860046,19.49243911,19.86284242,20.45977878,20.65778833,20.88617661,21.1532006,21.27114188,21.71637041,22.82382636,24.38593782,28.2104853,31.00270449,32.7371335,38.99811964,42.90142873,43.26180187,44.35437752,47.9712711,48.07879741,48.2709082,49.21270969,50.57559029,51.45142857,52.13941701,54.17532513,54.23860839,54.61478638,55.3943536,64.70714442,69.62901497,70.37520512,71.21860347,71.44470565,71.46599037,71.61549628]","[0,1,1,0,0,0,3,7,7,5,5,4,1,0,1,1,0,1,0,2,0,1,0,3,6,5,1,2,2,7,0,1,0,1,0,0,0,1,0,1,1,6,7,2,3,3,2,3,3,7,3,0,5,1,7,6,1,6,4,0,2,1,2,3]"
"[4.97510244,6.61495299,6.98035619,7.65629041,15.44661994,15.57021719,16.44107706,17.20206867,18.9193369,19.54237042,19.62354917,20.77007628,22.97283177,27.97505678,30.59662581,30.70740848,31.27914707,32.46066237,33.32829784,33.37144529,33.51112942,33.54021974,33.64469015,34.12885813,34.55486338,34.80250526,35.80570491,36.12433803,36.31417971,36.73431147,36.75291189,36.77645807,37.17102189,37.55830016,37.63415613,38.44143575,38.50702593,38.61919088,38.68352705,38.91203917,39.3014492,39.63846753,39.82397502,39.98325159,40.00934997,40.16570578,40.47580046,40.50882681,40.81405547,40.84645667,41.17420842,41.43566833,42.52050105,43.10982382,43.19862416,43.56714715,49.38644998,55.28780576,60.77567395,64.24561696,70.78574061,71.67313363,71.72995006,72.4528855]","[4,1,6,0,1,0,1,0,1,0,1,0,1,5,0,5,1,1,0,1,1,0,0,1,1,2,0,0,1,1,1,0,1,1,1,0,1,1,0,1,1,0,0,0,0,0,1,1,1,2,1,0,0,1,1,0,0,5,7,1,5,1,0,6]"
"[1.49499999,8.83446646,14.07202424,15.57286452,16.82129068,17.49923325,17.61730179,18.76210989,19.39955666,19.87883439,23.26538081,25.21271648,26.37215229,40.4236507,42.14972402,43.76028064,47.21063335,49.64119837,55.36352149,58.48664455,58.98533512,63.62417383,63.725927,63.76650503,65.06582611,68.38265888,68.78081498,80.89915716,81.24527504,81.35423889,81.65124446,84.69412128,84.91492456,89.63362971,90.92168349,91.27142568,91.75952428,94.46513079,95.89050041,96.65928696,97.45033515,102.78034318,108.31446484,108.33694578,110.42922029,112.29643829,115.56223931,118.66627976,123.06915052,123.45426668,128.35249932,129.69598023,131.44402729,132.45812193,134.94839596,141.2662388,144.42221039,144.44193129,147.15032184,148.99083893,149.08105085,149.36476951,149.58734502,150.6642886]","[1,5,0,1,1,2,1,3,5,2,6,0,7,0,7,2,4,5,6,2,3,7,1,0,3,4,0,5,0,3,1,5,2,2,1,0,7,6,3,7,5,5,2,2,3,4,5,2,0,0,1,7,0,1,6,7,3,5,0,3,5,2,3,1]"
"[2.20044164,3.3219195,12.85078312,14.66429855,17.38897608,17.46818141,18.07349233,21.19400304,21.99726105,29.18168821,29.85923601,30.59326685,32.03298518,32.21994747,33.3250699,40.11237441,45.6143904,48.71255335,48.90382492,56.26727555,58.56014806,63.121865,63.70104916,80.13352702,80.52631707,82.47772363,82.87177623,83.36623823,84.19574964,85.63505294,86.36586901,86.50918894,87.16627085,89.72721864,91.82176739,93.97536573,96.90728387,102.47757598,105.29564304,108.563857,109.2648504,112.93229403,113.16173368,117.4430948,118.41283411,121.86816642,122.7762514,123.9440756,124.1273874,124.49090107,124.712164,125.41138257,125.65131419,125.79509684,126.70103836,127.27381126,127.27783132,127.64977303,127.7601242,128.60390439,128.67277466,128.71907026,134.36949055,135.56817333]","[2,7,1,2,5,3,4,1,0,7,2,2,3,3,5,7,4,5,2,7,7,2,6,1,4,0,7,1,2,3,2,3,3,7,1,2,7,5,7,4,7,7,3,4,1,1,0,1,0,1,1,0,1,0,1,0,1,1,1,0,0,1,0,2]"
"[4.72994203,9.35175535,13.90909686,23.70461114,24.15148851,25.68377385,26.50248038,26.52997597,26.6328934,26.76467594,27.01075554,27.4796568,27.74903276,28.05759913,31.03009,40.23615984,47.88590104,54.82916019,59.88908825,60.89314684,62.42090562,64.93344539,64.98369199,65.06712313,65.97560956,66.1042078,66.61250226,66.62883487,67.19473271,67.37807291,67.85892471,68.23511192,68.30101628,68.94168354,71.73748133,73.46317639,73.48886163,85.46904389,87.81050031,88.77606989,90.16122589,91.96467636,92.3798736,92.58609316,92.64820023,93.0991333,93.27304811,93.58294318,93.65880258,93.73693715,94.82794342,94.91179922,95.01446962,95.15486369,95.75457445,96.08804959,96.116328,97.47797746,97.83000106,99.52305914,99.66599937,100.8651397,101.03753355,104.18400817]","[7,6,6,6,1,0,1,1,0,1,0,0,1,1,5,3,6,7,4,5,5,1,0,0,0,1,1,0,1,0,1,1,5,1,5,0,4,0,3,1,2,3,2,2,3,3,4,1,2,3,3,3,2,3,3,0,3,3,0,5,5,1,5,5]"
"[3.35057808,7.81674201,8.58024489,10.10587123,11.82055672,13.29654132,13.34983858,16.21702193,16.25126625,16.71752536,17.80428588,18.49153415,18.73396199,18.74743879,19.8052091,20.70264572,22.98035069,33.44446581,39.34646217,46.74678057,46.97312204,47.53283247,49.09692607,53.45200245,54.83241634,56.4147503,56.92551395,61.56788518,62.43180809,62.52694005,63.87464159,64.0870628,64.15903718,64.78030817,65.12617474,67.14437748,67.94898656,73.50983006,79.44381106,80.78613976,81.17570639,81.18460868,82.12773957,83.00818198,92.27709205,92.48893836,94.99844189,98.38208103,101.46024175,111.59050166,111.88706049,111.98878549,112.14590821,112.35235021,115.40376066,116.23419264,124.19128095,125.50396387,126.16980984,128.15981707,132.48937527,133.94127441,137.94555296,141.62556324]","[2,4,5,3,2,2,3,4,2,3,3,2,3,1,2,3,3,5,0,4,2,3,2,2,2,5,3,1,0,1,0,1,4,1,1,6,5,7,1,3,2,0,1,2,2,6,2,3,5,7,1,0,0,2,0,1,6,5,5,7,4,7,7,4]"
"[2.20111214,2.70511942,3.74373798,4.24957277,5.0722951,5.62657398,17.84003692,20.36965897,23.21476585,23.55707724,24.22400951,24.42179411,24.69376986,25.43200489,27.65641733,30.02991054,33.10245651,38.80067268,38.84263978,39.69479111,39.75868193,44.31572406,49.30789419,49.70712277,50.59250141,50.93997951,51.06899435,52.20606945,52.26143209,52.7979378,53.40544789,53.53054944,54.07938835,56.12513593,56.1549893,57.75424706,62.89285486,63.03002411,64.79271153,75.58245647,75.68291557,77.52491859,79.74368873,80.4175302,80.46190223,81.07431423,81.58204992,84.82560712,85.78916056,85.84586034,86.16778979,86.32971765,87.29277945,87.81767053,89.33178423,91.93180907,93.73198414,94.13964907,96.00342955,96.31833522,96.95953572,97.04863506,97.77278774,98.24890551]","[0,7,1,1,0,1,5,4,7,2,7,2,3,4,4,2,4,2,5,2,3,3,5,2,3,3,0,6,3,1,2,3,3,4,7,5,3,2,3,2,4,3,2,5,7,2,3,2,3,3,2,3,3,3,5,1,5,2,2,1,1,0,0,0]"
"[0.553023,2.88491095,3.24389383,5.4323841,5.57317454,6.00474695,8.64941011,8.77767308,8.8256487,10.87173622,10.97452113,11.45493453,11.62922798,11.65697187,11.68690997,12.30822977,12.49851571,12.51143808,14.29598982,14.38227523,14.44644618,15.67357379,15.76339776,15.94052357,16.13046253,17.01147563,21.09777168,22.03524593,27.69365381,30.08782164,30.40373867,32.92133822,38.01332937,42.6735095,47.69021165,48.1932352,49.99348762,50.78918897,52.98999511,55.50918094,55.77777399,57.68785733,59.00991014,59.39530675,60.87388361,60.97643085,61.64891888,63.0585115,68.66615298,69.03300511,69.50993928,72.81863094,73.5927002,74.34441759,74.79459361,76.85483192,78.47128944,79.10254256,79.60438888,79.84427726,84.53211819,85.87266602,85.93159082,86.55326219]","[1,2,2,1,3,7,5,3,1,2,3,3,1,4,2,3,2,3,0,4,2,2,3,7,3,2,1,6,4,1,5,2,3,5,2,0,3,2,5,5,7,2,2,2,5,7,3,2,7,7,5,2,1,0,5,1,5,4,2,5,5,0,1,1]"
"[1.75936722,2.72891458,4.80937536,5.28999404,7.16157269,7.33235044,7.37879061,8.30390207,8.4116489,9.69613646,11.66414057,12.03636379,19.20846577,19.61155413,20.37441685,24.57747628,25.01294572,26.3531766,29.2395765,41.95318515,41.9588075,50.38477278,53.19644997,54.05460406,59.09448657,61.64487017,61.75275706,61.91283374,62.11944605,62.15218797,62.27733209,62.51132383,62.72224556,63.57089738,63.9529971,64.28061467,64.34648996,64.49596399,64.92737117,65.45868889,68.09523787,68.127027,68.32324666,68.76327776,69.02500438,69.08676885,69.76896315,69.96091848,70.30907747,71.16616239,72.08736515,72.24829982,72.39933198,72.91186774,73.01916122,74.82121421,74.83242532,75.77485176,75.80898541,75.86295246,77.1703205,77.21327243,79.62431696,79.81481773]","[0,1,0,0,1,0,0,1,7,0,1,5,5,1,5,6,1,4,4,3,7,0,7,5,0,1,1,0,1,0,0,1,1,1,1,0,5,0,1,7,3,2,3,5,2,1,3,0,2,4,2,1,0,2,1,3,3,1,0,1,0,1,7,2]"
"[0.32236779,6.7170104,19.56823824,20.90815172,20.93961401,24.0535397,24.11312266,24.13841763,25.44620643,26.11327083,26.54203615,29.00047551,29.54429989,29.66236225,32.02306851,44.75777112,52.54306966,53.51361388,55.20017683,58.49283803,58.8053816,58.91032855,58.94055324,59.42059965,59.42669481,60.22847281,61.27746408,62.7265169,62.88532223,64.59912165,66.25172505,69.67691247,75.42434965,75.42844897,76.64338244,76.77702294,78.8810269,79.47186283,79.79708638,80.59656034,80.654074,80.91787361,81.26901605,84.83873083,96.33789906,96.63221516,96.8309619,97.3619242,97.63420783,99.43149825,103.56817313,106.14530918,107.39785824,107.6865551,114.53738595,117.01903557,119.28857503,119.86533145,121.49660239,123.10307116,123.72783687,123.90241513,123.97260882,127.73174747]","[7,0,6,4,6,0,1,1,4,0,1,5,1,0,4,7,2,2,3,3,2,3,2,3,3,4,2,1,3,1,3,7,1,1,0,5,1,0,1,1,0,0,1,0,2,3,3,2,3,4,2,3,2,3,5,2,3,1,2,5,5,2,5,3]"
"[0.22238727,0.35039014,0.92646071,1.66654451,8.93132849,9.81862811,10.71695032,10.86149639,14.34972653,18.04534234,18.18052076,18.18671089,18.81688916,19.31210496,19.43841363,19.68808969,19.82087519,21.15663097,21.28390148,21.37329818,21.52852214,21.78981718,21.850483,22.24365101,23.80165359,23.97353781,25.21166099,25.92533198,26.58691178,28.12276246,28.60404185,29.66447402,29.74205261,29.95031681,30.02636913,30.17153886,30.29364435,30.32027157,30.49775024,30.87471821,31.04430736,31.04456054,31.49645665,32.01297687,32.54803093,32.63368078,32.70031141,32.89126175,33.0937229,33.96913676,34.32393409,34.42900631,34.91497484,35.39070646,42.25402633,42.53249563,42.64689865,43.68552909,43.89030732,44.04707521,44.69035049,44.88676587,45.754836,46.12762022]","[1,3,4,5,5,7,6,1,7,0,1,0,0,1,1,1,0,1,0,1,1,0,1,0,0,1,0,1,1,0,0,0,5,0,1,1,1,1,0,4,1,1,1,0,5,0,1,0,7,1,0,0,0,1,0,1,1,1,1,1,0,0,2,0]"
"[3.09856989,6.62030765,8.90931409,12.24388791,17.14220814,17.26294719,18.07131443,18.28421237,19.29099491,24.26756127,27.0946645,27.72446532,35.40507638,39.16274506,39.25006653,39.56583427,48.43387949,51.56660667,51.70113141,52.78814501,52.92464883,54.73931762,55.05990318,55.92526606,55.97950329,56.71385411,56.79447097,61.05740443,65.15678578,65.20569879,65.72806533,66.99694567,67.26597412,67.83145885,72.33983229,76.48593721,79.69635104,79.93176007,80.9935877,83.24385733,85.33215175,89.40430883,89.48046765,89.65751943,90.4673002,91.8503998,92.51459528,96.10055552,97.9478281,107.26740742,108.85531883,109.12667726,110.11161335,112.87218259,115.79210478,116.14734185,116.22191558,116.53049085,117.12633933,121.76920855,123.01374608,124.90145088,126.75846597,126.98798982]","[1,0,2,0,1,7,0,4,1,4,0,7,1,7,2,7,0,2,3,1,2,1,0,0,2,1,5,4,5,6,2,3,2,2,6,4,2,3,3,1,1,2,0,0,1,0,2,4,5,2,7,1,6,1,0,1,3,2,2,1,3,2,4,7]"
"[2.50986278,4.33433371,6.8811248,7.07836671,7.11383249,8.24438338,9.2183476,9.39754948,10.03384502,10.40722344,11.42584262,12.53480662,17.46068012,18.67037334,20.24000648,20.86393922,22.21713255,22.82022951,24.09826508,24.70852711,27.22566012,27.89599522,27.92179387,35.9162369,36.59458198,36.88060193,38.8594223,39.3238675,39.3536503,40.99376557,43.56467752,43.89190518,44.36623126,45.99437233,46.33206719,46.96747716,47.14577603,47.49282059,47.73901999,48.16678501,48.51155399,48.85407255,50.27142705,50.81809578,52.22356681,52.34225278,52.73016954,54.47468308,54.49966829,55.7131821,56.50957343,61.92989813,63.46101713,64.32827863,65.81018017,66.3915468,67.45632704,68.30152562,68.5049914,69.49317582,69.71661704,70.002995,70.24541762,70.52694226]","[2,3,7,2,3,2,3,0,3,3,7,2,0,5,1,2,0,5,3,5,2,2,3,0,1,1,0,1,1,1,1,0,0,1,0,1,0,1,6,2,0,6,1,7,0,1,1,0,1,0,1,4,7,0,0,1,0,0,1,1,2,1,0,0]"
"[7.43630998,9.62439404,10.809382,16.81645427,21.71500253,22.43477531,23.16461518,26.18335185,27.64516467,28.04801679,30.79801181,32.95860592,35.11260101,36.04018838,36.38030152,38.07457265,39.31822293,39.73820528,40.95138944,43.56721901,43.80045742,44.88400934,45.68231483,46.2952513,46.6477608,47.3307735,47.69970053,48.69549646,48.95294101,51.01825115,51.64589168,52.94519264,53.89331901,55.64569104,55.70669233,56.35082257,57.6457151,59.87369686,61.06370223,61.59375278,62.09557581,62.66398173,62.77753157,63.00416794,63.42317155,64.56917884,66.79727992,67.10609544,68.30440338,69.02537201,70.76006865,70.89878835,70.91962203,71.41262862,72.27175882,72.84246825,74.93295757,74.93539615,74.93739324,75.53444693,75.5535786,76.17551649,76.19566702,76.62313506]","[7,6,7,4,3,6,1,6,5,7,6,7,0,6,6,1,0,1,0,1,1,0,6,1,2,1,1,3,0,7,1,3,3,3,1,0,3,4,4,1,1,7,0,1,5,7,2,1,0,1,0,0,1,1,1,7,0,1,2,1,1,1,0,1]"
"[0.72035145,1.02571351,2.49789433,3.08910121,3.11295853,3.65849467,3.76844544,5.45291772,5.59831561,5.8684147,6.00984385,6.10094809,6.14798687,6.23873254,6.84400764,7.29377957,7.42889798,8.18503575,9.09183237,11.30683547,11.69612988,11.9067073,12.01785408,13.82658127,13.92627016,15.73495506,15.80221144,15.81018492,16.11399983,18.42195319,19.01863025,19.12580256,19.41290285,19.51412292,19.77911541,19.88598864,25.44908241,37.14701547,38.59266477,39.25340325,39.62526441,39.74309443,41.55232081,42.05567424,42.11397975,42.35607639,43.39792997,43.47833307,44.37565346,46.41666798,48.41611396,48.8640974,49.00483239,51.08167008,53.0028591,53.98005635,55.17980778,55.58482025,57.80064902,57.80297536,58.04859462,60.32358389,64.23012597,64.63159875]","[7,1,0,1,5,0,0,0,1,6,0,1,0,5,1,7,0,1,0,0,1,1,6,0,7,1,0,2,1,3,2,3,2,1,1,0,2,4,1,1,0,0,0,7,1,0,1,5,6,3,0,1,1,5,0,1,5,1,2,0,2,2,3,5]"
"[7.76821187,7.9338022,8.85673097,9.51684699,10.36179546,10.74303717,11.47258973,16.68914186,17.94913782,23.23762378,26.51831726,34.13357525,37.00737021,37.53917561,38.36229037,38.37116215,38.78305098,41.44093032,42.28166152,42.55700202,43.89751675,44.00026249,44.39597593,45.27183177,45.68864404,46.55310564,48.51459087,48.55549684,48.97290643,52.92370854,53.34168672,54.57722609,55.92265526,57.95354758,58.29419372,66.21193466,66.71091573,68.98572427,69.15461314,70.55376038,70.61641926,71.06410933,71.47329109,72.69616682,75.22404235,84.54423084,84.9089735,85.39785804,86.42205387,87.36379641,87.54232476,87.54874901,90.73775752,90.96192565,91.84340704,92.14503762,92.41272833,93.68695562,96.1987686,97.19852319,97.42588153,97.90861513,97.92893161,97.999569]","[2,5,3,3,2,3,4,6,1,2,4,4,1,5,7,0,1,0,1,7,6,3,1,0,3,7,2,3,3,0,1,1,0,2,5,3,3,3,2,3,2,3,4,3,4,0,2,2,0,1,0,0,1,0,1,0,5,0,1,0,1,1,0,1]"
"[0.06941785,2.98910121,3.60901211,5.05176241,5.72064398,5.78560423,6.0762164,6.07895239,6.3890595,7.32497037,7.88968035,7.97487842,8.10561266,8.23092066,8.60317687,8.85917832,9.56067022,10.36614661,10.43962724,10.91075171,13.06337871,13.24114872,14.99635711,15.92828543,16.3916319,18.20170786,20.21708117,21.64595215,25.02272341,25.9918789,29.66341411,32.66841781,35.50219549,36.24407299,40.26458759,43.13516864,45.62072884,45.92736045,46.98908382,50.12759827,50.29990399,52.62131476,54.9767738,63.68491305,67.14765997,67.71011691,68.22454682,68.53054683,68.69501033,68.69917183,68.83261319,68.84674502,68.99319398,69.08025827,69.60897761,70.61784844,70.79225298,71.46793107,71.50474141,73.36353122,73.99171743,77.79017522,83.48601246,87.37326923]","[7,0,5,2,0,5,1,0,1,1,3,0,3,1,0,6,1,0,0,5,0,1,1,1,0,6,0,4,3,6,7,7,3,2,3,3,3,5,0,3,3,3,4,1,2,0,3,3,6,0,3,1,1,2,3,1,0,1,0,1,1,1,5,4]"
"[0.22160785,1.29385905,2.08768764,3.77700216,4.73839121,6.78555972,8.00146858,9.00635322,11.64904018,12.24081672,13.0949502,13.87733043,14.05063935,14.58152241,14.77464393,14.84808724,15.0499415,16.41120873,16.43713732,16.77286649,16.81577808,17.77743934,17.84018929,18.09604599,18.14808938,18.26828638,18.61273087,19.16974236,19.75190821,22.08889227,22.13493583,22.20092828,22.3488481,22.86315862,23.79627446,24.28345874,24.85793796,25.16284799,26.18016603,26.88425014,27.39574186,27.68997671,27.85505781,29.35137546,30.19080867,31.55270729,32.2534559,32.70244146,32.71018639,32.75660724,32.86263859,33.24259818,34.05948335,34.4261946,34.75268177,35.43231848,35.68174164,35.77632988,36.40103784,37.41022233,40.63799173,41.06847056,41.68022979,44.66327561]","[3,3,1,0,1,1,0,4,1,1,0,0,1,5,1,0,1,0,1,1,0,3,3,0,2,2,1,0,1,0,7,2,1,0,3,4,1,1,0,0,1,0,0,1,3,0,0,1,0,0,5,0,1,1,0,1,0,0,1,4,4,0,0,1]"
"[1.32718842,2.54454441,2.79622192,4.4417124,5.04779235,5.06397658,5.59302924,7.67532419,8.44122577,8.73792071,8.82490466,9.40391567,9.58700777,9.94477766,10.68021377,12.40136607,13.47130872,18.64652711,20.778888,22.75614953,22.91144841,24.18749653,25.04749644,25.08653777,25.47634172,29.58564913,30.04453077,31.94068091,37.7448613,38.00133726,42.61281006,44.98643145,45.20286035,45.51169313,46.89217057,47.13564409,47.17861096,47.36545934,48.37917703,48.65246044,48.74077285,49.66925331,49.79271,49.97833896,50.7350447,51.53306165,52.50287579,52.76956709,52.8048064,54.79501771,57.66880549,63.25150047,65.82184565,66.89246902,68.83187567,69.18856372,69.99534003,70.53493979,72.7251899,75.12885643,75.74205767,75.92768948,76.80489752,78.42237406]","[2,3,2,4,2,3,3,0,3,3,1,2,3,3,4,2,2,7,1,0,1,5,1,1,0,7,6,3,2,3,0,0,4,1,0,1,3,4,0,1,3,5,0,0,1,2,1,3,1,0,5,0,4,0,1,5,0,0,1,1,0,0,1,1]"
"[2.25012485,2.99447159,3.5089765,3.7168895,3.73086232,3.99645568,4.38668453,4.61247362,4.74017063,5.33500274,5.85146762,6.70763443,7.0570653,7.09987177,7.87433378,7.8869508,8.40084534,8.99694774,9.89604482,10.06571664,10.32786911,10.3668756,10.67545642,10.70240955,10.8112192,11.01878436,11.04832544,11.54711143,14.13871766,14.45219636,16.35379064,17.35954102,23.08582017,29.00588849,36.20349103,38.06781421,38.65539207,44.58121312,46.70899006,47.16010207,48.16300486,48.51115617,53.51837188,53.71034404,55.20377048,57.76629205,58.94298547,59.16513224,59.27397064,61.01435114,63.64429738,64.47402014,65.00363177,65.02589596,65.23453683,66.05125748,66.69421058,66.78636412,66.84662212,67.05096364,67.50187354,67.51012315,67.64648952,67.95137108]","[2,3,2,3,3,2,2,3,2,0,3,3,1,7,3,3,2,0,3,1,1,0,3,0,2,3,0,2,4,1,0,5,2,1,2,7,5,7,2,3,7,3,3,2,7,1,2,0,1,3,5,6,2,1,0,1,0,0,0,1,0,0,1,0]"
"[1.55332867,2.42535741,2.49159395,5.28313258,5.65927286,6.50332626,10.2140891,10.40653117,12.91355649,13.01118198,14.39289965,14.79079559,15.0690601,15.98116922,16.45180206,16.89663906,17.17890951,17.30954363,18.34006309,18.63286103,19.2732249,19.28907041,19.90326666,21.24777805,23.76263973,24.15799569,24.58007661,25.09764518,27.1136363,27.43325711,27.93438924,29.42324569,29.58000229,30.62002143,31.54152427,32.60369053,46.7376885,47.43228285,48.30168586,50.20758984,52.24327495,53.87417787,56.47995939,57.06567857,57.15689745,59.44453081,62.6488704,65.80679647,66.5856093,70.8045878,73.70799864,74.87066778,75.22652357,77.17827568,77.41472595,77.53408387,77.70616685,78.19685771,78.4421861,78.88081891,79.53774556,79.94791885,80.34716815,80.37175656]","[3,0,1,0,5,6,6,7,2,3,3,0,2,5,3,2,3,3,3,2,1,4,2,6,2,3,3,3,4,2,4,0,1,1,7,1,7,0,5,7,0,5,6,4,6,7,7,7,4,7,0,1,0,0,1,1,1,0,0,1,1,1,0,0]"
"[6.19457973,10.52103595,12.64526251,15.09699811,17.06828008,17.55172668,24.76494891,27.13839711,28.05732302,29.84182194,30.40380325,31.28970576,31.47931384,32.46358645,33.08694657,34.58821783,34.6038048,35.67589235,36.08821066,36.32903419,37.59679968,56.41422216,58.08788137,58.64030017,58.74586473,59.30600483,61.81158917,62.16705225,63.03539034,63.09428679,63.40608313,64.85095808,67.0044598,70.04567,72.53672504,74.57966667,79.30881965,84.70648145,89.23289668,93.65458582,95.44692988,97.19065208,98.88222579,100.08391509,100.89350889,101.03781688,101.28348109,102.3063755,103.33622123,105.20632812,107.30585075,107.50266472,107.54952797,107.60074189,108.77198869,109.51023122,109.54275957,110.18496319,111.30241183,113.31580282,113.67485938,114.82623921,114.85278737,114.94930432]","[4,3,0,1,5,2,5,0,1,1,2,1,3,3,1,0,1,0,2,1,2,0,4,7,7,7,2,3,2,2,4,3,0,0,7,0,7,0,3,7,5,5,4,2,3,2,3,3,3,2,2,2,3,3,3,3,2,2,4,7,3,2,0,3]"
"[0.39232929,1.99870946,3.15749428,3.44707268,4.59143872,5.15755706,12.46657673,14.66658207,18.23441466,22.41372524,27.25096826,27.56473615,28.64098871,34.29141184,38.91294946,39.97275796,42.52709226,45.68789878,51.82560657,55.23220599,55.38639767,55.63780183,56.01747791,56.39630844,57.68934445,58.21319395,58.56501429,58.79222081,59.63239986,60.1508818,60.18962103,60.23696054,60.50175303,60.51750295,60.58994846,61.19329206,61.65248578,62.0985769,64.92279658,70.67297832,72.78992229,73.10296484,73.37477533,73.49892049,73.8857717,73.89795377,73.93646149,74.89062191,75.02439741,75.44983744,75.70255158,75.74663289,77.78834221,78.63938287,78.81617418,79.17175388,79.90884031,80.43017269,81.43065913,83.76406849,84.36522694,86.54897749,90.68367473,90.73712243]","[2,2,6,6,3,7,7,5,7,5,1,0,0,1,4,4,0,5,7,2,2,0,1,2,1,3,3,1,3,0,6,1,3,2,3,0,1,3,4,1,0,3,1,1,0,0,1,5,1,1,1,2,1,1,0,0,1,1,4,5,4,4,2,5]"
"[4.11375442,6.04531754,6.20446309,9.16755819,18.6921461,20.66297473,21.19731519,21.20388923,21.3300513,26.39095674,29.66585238,29.95638548,30.30568753,32.92097038,32.93419212,33.50644121,34.73562997,35.99276895,36.89342633,41.23631154,46.91465208,47.08300551,47.60983775,47.78633242,50.01773337,56.76178268,58.00285754,58.02115392,61.21065209,61.38600432,65.35203918,66.57438471,70.13575844,71.16589502,71.50822344,71.60069819,72.4596984,74.05612815,79.85644313,81.06918324,85.12356546,86.14068044,87.76014127,87.76294825,88.41300009,88.60230577,91.38560675,96.37698299,96.57783854,97.47232349,98.56248001,101.92239678,105.25281867,105.77297507,105.82950189,106.9506323,107.52429271,107.85900199,108.44159598,108.88690633,109.15580674,110.13896578,110.49848561,112.92354006]","[4,1,0,5,3,7,7,7,7,4,3,1,0,3,2,0,5,6,6,7,2,7,0,5,1,2,0,7,3,7,2,7,5,3,4,5,1,4,5,4,5,7,4,5,2,3,1,7,5,0,0,1,0,2,3,0,1,4,1,2,3,0,5,6]"
"[1.54850721,2.17898882,2.32527703,3.98073517,4.00062372,4.00825595,4.11178509,4.12108998,4.27217438,5.11954233,5.1634565,5.20463825,5.72634387,5.89067023,5.95431672,6.24794369,6.35698944,6.36824256,6.47477031,6.95083983,7.39268306,7.49133054,8.20666507,8.22113626,8.26119035,8.91632727,8.92080274,9.48301865,9.52464638,18.50872959,23.10317502,23.74582368,26.88251795,29.06596344,29.8334617,30.98538245,31.90665576,32.2478028,36.14327196,36.15732947,36.34188612,37.00347833,37.85372459,37.97578293,39.64929295,39.95876084,40.22862796,41.21691126,41.28081235,41.86738565,42.22953212,42.35374923,43.98262074,44.1399149,44.27589313,44.39598975,44.45293816,45.09261279,45.2516332,45.44052774,45.51842996,45.88541303,45.98859623,46.09835003]","[3,1,6,0,1,5,0,0,0,5,1,1,0,1,0,0,0,6,5,1,6,1,1,1,2,0,3,0,3,0,5,5,1,1,6,3,2,3,1,0,1,0,1,1,1,0,1,1,0,1,0,1,0,1,0,1,1,0,1,1,0,0,1,1]"
"[8.67883431,10.5007974,14.00766604,15.94586966,16.58280944,21.64889645,22.39473816,22.61953886,22.68069003,22.90554291,23.01361743,28.8379412,30.28321188,30.65695845,31.70304432,44.21008754,45.21929208,45.77014765,47.01925245,47.20452876,47.24670324,47.73125173,50.37113821,51.03246577,53.9131217,54.08973526,54.29299809,57.79833818,58.03940549,58.38629614,58.6033644,59.05890289,59.82397789,61.07141931,61.39952473,61.80678399,62.80365521,65.17860576,65.53573308,75.74574521,79.93346886,83.99400332,84.18164101,85.05301879,85.42927596,87.49178496,88.9848759,90.01806334,92.66141213,94.48552975,101.95996568,102.23794706,102.78453721,102.85781881,103.76505266,104.23372131,104.75997916,105.44377313,106.65922728,106.9368208,106.95389517,107.91512191,108.01987171,108.20202228]","[2,1,6,1,5,0,2,3,3,3,1,0,1,1,7,2,3,4,7,2,3,5,1,2,2,4,4,7,3,1,2,4,4,1,3,2,4,5,0,5,1,0,5,1,0,1,1,5,6,5,2,3,0,3,1,0,1,6,1,0,0,3,1,3]"
"[4.5387951,4.68959211,5.7302368,6.09805807,9.37609168,9.90715805,10.6114311,20.20335195,21.44572335,23.89608541,24.54344103,26.22057367,27.17195121,27.57922911,30.33152256,31.65387958,32.55459795,34.46987883,34.87132854,38.39588728,39.36328975,40.76420154,41.07036426,41.67962056,42.10165154,45.53377556,47.53025177,49.98722835,53.72649418,53.75045833,54.01477423,54.07058789,56.30704045,59.37530485,60.49293735,60.69571407,65.04278313,78.39187409,86.6056978,87.08263067,87.67258321,88.17420654,90.64093395,90.91196452,93.76474351,96.16573506,96.45691335,97.0118541,97.23876687,97.27356309,97.48253611,97.9148714,98.23511628,98.2812946,98.58040153,99.19123321,99.88836673,101.84662224,102.81198786,103.45227624,103.4877392,104.34511779,104.38799135,104.72303485]","[1,0,5,3,5,2,3,5,5,0,6,5,1,5,6,5,6,3,2,3,7,0,1,2,1,7,4,4,1,7,0,1,5,5,7,2,5,0,1,0,1,0,1,7,4,2,5,0,2,3,3,3,2,7,3,2,2,5,0,2,0,3,1,2]"
"[1.86794285,2.43441984,2.95370968,5.01124883,5.0756227,5.93335702,22.99510962,24.32445259,24.54461997,25.87057093,25.9197522,27.60546525,30.15076415,31.29794691,35.40132399,37.69640685,41.66126184,41.7583564,43.85429675,44.02443116,44.44674626,50.61975898,51.84366543,51.88166129,52.74938112,61.38476102,63.92120609,66.79377054,67.5441684,67.78425726,68.69418489,69.26008332,69.49497812,70.44763279,72.73260203,73.20792915,73.45017221,73.46269528,73.91833777,74.37777412,74.97014286,76.43737957,76.95622467,77.02387347,77.10191276,77.60414125,77.73841557,78.00581147,78.09310602,81.21349866,81.76853118,82.08309836,82.42280512,83.10667724,83.49046646,83.69847644,83.84035602,83.90582477,85.15310671,85.54634379,86.31614438,86.36220006,87.07340773,87.74592383]","[2,3,2,7,3,7,1,7,0,0,1,4,3,6,7,5,2,4,2,3,3,3,2,3,0,5,7,5,7,6,2,6,3,2,3,1,0,1,0,1,1,0,0,0,0,1,1,0,1,1,2,3,0,1,1,0,0,1,0,1,0,1,1,0]"
"[5.97912936,6.65468466,6.94929847,7.08979152,7.40169225,7.43173657,7.45209948,7.69585904,8.68777339,8.88694424,9.01636937,9.06997939,9.6150505,12.27045175,12.81294591,15.45480824,16.1351697,16.95040425,17.79056806,18.33252428,19.09011608,20.11292377,20.77178065,20.83669002,21.23041079,21.34766306,21.38991562,21.428763,22.64390895,22.78291779,22.85162546,24.76949171,24.91726914,29.07492822,29.59710139,32.58451838,33.56676004,35.33179782,38.05973419,38.15724003,38.25782424,38.54034117,39.36796033,42.03813512,49.05533532,60.46704769,60.81112551,67.02398947,73.14353372,75.70635655,76.73639219,78.10162131,84.83413435,98.17088435,98.9440693,101.48403698,107.35930338,109.41287965,111.46276945,123.00687576,134.07043617,138.72994688,140.4065764,144.26518898]","[1,0,0,1,3,0,5,1,0,1,0,1,1,0,0,0,1,1,0,0,1,1,4,0,1,4,0,7,1,0,1,0,1,0,2,2,3,3,4,4,1,4,7,1,0,2,3,4,6,7,6,2,6,2,3,7,7,5,5,6,7,1,1,0]"
"[2.50372042,4.5289932,10.75435039,13.5425926,16.433133,16.86905071,17.10029172,17.77163852,21.85482304,22.04302528,27.13507371,27.38313358,28.62050479,28.91582697,29.85099833,32.9604583,33.01863457,33.08261466,33.23266995,33.27799104,33.31527325,34.02819659,34.35180807,34.59978643,34.75424962,35.63931479,35.80390902,39.84998228,40.41308794,40.50714263,41.90744725,42.38469185,42.59453756,44.18237691,44.5342662,48.23503074,48.3467958,49.39755306,53.00908714,54.7295282,55.3033643,55.77352889,56.01032121,56.49307821,57.61464453,60.44630471,65.08857926,66.74654412,67.00652206,67.14547603,67.57336906,67.58783445,68.34607241,68.84585862,71.4272473,72.05408615,72.39643351,73.12328957,77.4587262,77.64063271,77.98356111,78.9732435,79.1663783,79.23671313]","[4,0,6,4,0,2,7,5,1,3,7,1,0,0,1,1,1,0,0,0,5,1,0,1,1,1,5,0,0,7,2,4,5,6,6,1,0,1,5,1,0,7,2,1,7,7,5,0,1,1,0,0,1,1,2,0,1,4,7,1,0,0,1,5]"
"[1.23484975,1.32564624,2.27424189,2.81167333,6.75654811,11.92469858,15.8892966,17.50956101,18.15273282,19.02561541,21.39411875,21.3983192,21.53383029,24.82187218,26.07584685,28.19057357,28.53837136,28.81361591,30.34842691,31.23281764,32.08941882,32.11668902,32.72885575,32.78254096,33.37017132,33.39831958,33.71827807,34.74523632,35.03593995,35.24007312,35.24504253,35.56353455,35.95235519,36.03624119,36.18680076,36.54256803,36.67314387,37.09059658,37.09474056,37.44255445,37.53983668,37.59659422,37.74060201,38.28529402,38.28996937,38.31110072,38.44089295,39.24955885,41.28595712,41.56087092,42.39564076,43.38030381,44.08706402,44.46213525,44.6281011,44.77871438,45.00128011,45.14992903,48.57334759,50.61873593,50.93663649,51.57197665,53.67143295,53.76667777]","[1,5,2,0,0,7,5,4,0,1,2,3,5,5,4,1,7,2,3,3,0,2,1,0,1,0,1,7,0,1,2,2,3,2,1,5,0,3,2,1,0,1,0,1,1,0,0,3,5,0,0,1,3,1,1,1,0,0,1,2,0,5,3,2]"
"[0.04317017,0.38303947,0.68298348,2.36914413,2.82328821,2.98305934,3.18970726,4.960302,5.3474468,6.11357085,6.27965799,6.68663812,7.14055302,7.24013614,8.7094956,15.73720451,16.55103653,25.34759281,29.4353441,30.25765098,30.72516421,32.8634034,33.69270064,36.23782736,43.57253585,44.62408711,44.65303415,45.26170663,49.38071021,51.28304986,52.89779762,53.04699137,54.26850322,58.35091079,59.90502431,60.22406836,60.77508414,61.77120527,63.22007545,69.35093684,72.38628601,72.98779733,74.9911726,76.71327502,79.48800568,81.23509499,81.72490406,83.15717142,84.69016796,86.76559244,87.23307651,88.1069854,90.07366133,90.25946308,91.09760977,92.79226341,94.42894403,95.93155759,96.01708861,101.40872394,102.21121222,102.37757958,102.62549977,103.02584858]","[0,7,1,0,0,0,1,1,1,0,0,0,3,6,0,5,1,6,7,1,7,2,0,1,1,0,0,0,5,0,4,7,2,2,1,4,2,3,3,5,3,1,0,1,1,0,1,0,5,1,2,0,3,0,4,1,1,0,5,6,1,0,1,1]"
"[1.3813795,4.22714953,4.91546106,8.28824423,8.86963965,13.39903148,16.82934905,18.10572485,18.6216172,19.50025335,19.60654155,19.71937226,19.86006131,20.92744061,21.33584483,23.65827477,24.11480867,26.18985725,31.04538925,32.84196899,34.81678023,36.17696611,38.88385409,40.43731767,41.44046733,42.19019679,42.87466848,44.14611006,46.16099379,46.37738558,46.86190028,48.9277555,50.1297603,50.34538031,50.85542116,51.54134459,53.40633841,55.56109154,55.58097109,55.74713763,55.91392731,55.99205752,56.21995254,56.57914035,59.52905595,60.11741927,62.41863133,63.22620253,63.26469508,63.33580345,66.49209806,67.17731893,68.50664261,71.0274418,73.55129709,74.35815766,76.36845626,77.16059216,77.69729377,81.50257829,82.07020228,82.3641511,82.58142025,82.6972869]","[3,2,3,7,2,7,3,2,3,3,1,0,3,0,7,2,3,4,5,4,7,5,0,3,7,0,2,3,2,4,4,0,1,0,2,1,1,6,1,2,3,3,0,3,2,3,0,1,0,1,4,4,1,7,7,1,1,0,0,7,1,0,6,0]"
"[4.46060159,5.48944413,6.74055467,11.19722672,14.44305562,15.40018685,15.51374743,15.8511139,15.87324329,16.36332656,16.61385988,19.12442954,21.05306904,22.68009298,22.70647068,23.3769047,25.80775136,30.87815921,32.08757167,32.38858345,32.51642818,32.71232384,33.19128608,33.7330799,34.41692915,34.82722778,35.43455258,37.39411145,46.09450904,46.82974447,49.70657018,52.03006244,52.22361474,52.26166378,52.40792094,55.87162987,56.75404858,58.83508764,63.28498491,66.13772949,66.89773768,67.89617489,68.01772284,68.39453214,69.34706935,71.57638858,72.75774092,75.68414754,76.37145081,77.23605879,77.30438253,77.61554012,79.41385919,79.98545089,80.02061093,80.33093767,81.69148908,82.35246605,83.39774589,90.10416186,91.47899851,91.72849185,91.8990026,94.16458299]","[7,1,7,0,1,7,0,1,1,1,0,6,6,2,1,3,7,0,2,1,1,1,2,0,7,3,0,3,0,5,0,6,0,1,0,2,3,0,5,6,0,2,3,1,3,5,7,3,2,0,3,3,2,0,3,7,3,5,1,1,1,0,1,0]"
"[3.73745995,4.72138183,7.94332959,11.82175406,13.90537285,13.97972938,22.46022767,24.17342919,30.55146814,33.63603701,34.98825869,35.67607872,35.81875227,37.46707675,37.75134034,38.79384709,39.04734797,39.32028696,40.16316804,41.27080049,44.09158492,44.60671703,47.29133716,54.70398135,58.42124882,60.36361116,63.00351806,63.15787453,63.53529646,64.26475955,66.51999549,68.2108539,68.25120642,69.20876282,70.19291851,71.97203272,72.94401999,77.33811638,77.74953808,80.22702719,84.38244343,84.42614532,85.18868256,88.82924348,88.87923932,91.83440544,94.79578866,94.99555127,95.12674314,96.52392666,98.73867299,99.10721966,99.83283259,100.17469864,102.78674575,102.91556819,103.43940879,103.54362571,103.92099195,104.15682489,104.40032412,106.73768824,107.53146933,109.06177873]","[5,7,1,7,5,5,2,5,5,0,7,2,3,2,1,0,3,0,1,1,1,0,7,6,0,1,1,0,1,1,1,0,5,0,1,7,5,2,3,5,2,3,2,0,7,2,3,2,7,2,7,1,0,5,1,7,0,3,1,5,1,0,0,5]"
"[2.19054695,3.03071498,4.16127872,4.95820523,9.16462308,9.24161864,11.14539331,11.32839344,11.63157138,13.59118137,14.76269567,15.20944826,17.18773572,19.02468546,19.23686541,19.66998782,20.01341325,20.42129484,20.42305893,22.03526844,22.33193546,22.98118251,23.22777806,23.52031654,24.11743491,24.32516495,24.39148128,24.4774203,24.8728459,24.92052797,25.39033742,25.63963742,25.73771483,25.89240989,26.00170003,26.28043377,26.46636176,26.9060041,26.91775587,27.04408867,27.96288822,27.98591733,28.6040535,29.20898546,29.98988107,30.13622345,30.78328729,31.33985862,34.22289515,34.32428592,35.28081949,35.75048687,35.77017781,36.11140551,36.56439858,37.49201731,37.94582785,38.1926023,41.91902959,43.38215016,46.45835961,47.70673218,48.37489515,51.61943586]","[7,3,2,5,1,1,0,1,0,0,4,1,1,0,0,1,0,1,1,1,0,0,1,0,2,3,2,2,0,1,1,3,0,1,0,1,0,3,0,3,1,1,1,0,1,1,0,0,0,0,1,0,1,2,0,2,0,1,0,1,0,7,1,1]"
"[0.23482495,1.06841136,1.38628383,2.65084579,2.73085064,2.8710543,3.34856564,3.79046839,4.11778537,4.75429817,5.08079759,5.4399562,7.10788366,7.49442304,8.03121523,8.29333032,8.3562108,8.50843558,8.60901453,8.66103017,9.93069902,10.22664779,10.40031248,10.5624192,11.41393832,12.31015539,14.06054315,14.29553071,18.71351059,21.14617916,22.28638199,22.61796004,23.00848277,24.31680895,24.4591461,26.83691216,27.26882405,27.43508485,27.68071895,27.72252127,28.19986905,28.64764745,30.33859931,32.52757835,33.21090222,37.61075159,38.63624221,49.36145487,50.08827334,50.21728892,50.45638749,57.63365705,58.77103769,59.17304144,61.24561297,63.3654334,63.42183881,63.64205468,63.81883255,65.06881753,66.12775863,67.36580804,68.08250965,68.35218548]","[7,5,5,7,3,4,7,7,2,3,3,3,2,3,2,3,3,0,3,6,1,3,0,2,1,0,3,1,1,6,1,0,1,0,5,1,0,1,0,0,1,5,5,6,5,7,4,3,1,7,7,1,0,0,5,0,0,1,1,1,1,0,1,6]"
"[4.71695679,5.61897356,6.64472124,6.9058282,7.81444728,7.88029394,13.62484694,16.05521667,16.2866132,18.8735136,19.46695272,19.95981776,20.18802946,20.34742846,21.19389841,21.41836214,25.94260633,26.9480666,27.44820916,28.08312917,29.71004973,30.28485731,31.41479128,31.44526244,31.4875296,31.89961154,32.27341294,32.51836855,33.62437147,33.66437943,34.50177387,34.68980934,34.82698405,35.0437904,35.04451475,35.13693104,35.8715199,36.84253182,40.04364324,41.52712347,64.17228776,64.81743898,69.06695173,70.49734941,76.93436484,81.32860924,84.28143769,85.4464605,86.05187823,87.60377352,92.5151748,93.95390865,94.6621824,97.25134213,101.03411583,101.16487611,101.46425381,103.15338721,124.82165917,134.38614825,135.68663016,136.45374095,136.88891044,136.94503552]","[5,3,4,4,3,0,7,0,4,7,1,0,1,1,5,4,3,3,5,4,2,3,2,3,4,3,3,2,7,3,2,2,3,2,2,3,2,5,7,4,3,2,3,2,7,1,5,7,1,4,5,5,2,3,6,3,4,2,0,1,7,0,7,0]"
"[0.26513137,0.71079513,1.5334586,2.44448838,2.46287904,3.13698467,3.2821766,3.35215851,3.46130992,3.47395767,3.62966053,3.70158871,3.72811021,4.17501647,4.27505051,4.59331189,5.05328367,5.55056903,6.64537823,6.94430398,7.19289817,7.45548969,7.6786638,7.90439182,8.27537445,8.59209397,9.12357284,11.71805468,12.2836464,12.53693857,12.63901158,12.91146531,13.03365107,13.10423874,14.53908822,17.56212127,22.73137646,27.43739122,27.50940974,29.20412661,30.16249566,32.15023526,35.04413323,38.7484415,43.86588798,46.51036432,48.65181321,48.66799671,48.83947408,49.38407745,49.96029169,50.98843516,52.64689483,52.7657905,57.73782865,59.3340408,59.70711531,69.5464494,70.32391703,71.68462627,74.08084039,77.2168652,81.19836915,81.34782161]","[0,1,0,0,0,1,0,1,1,0,1,0,1,1,0,0,0,1,1,1,0,1,0,1,4,1,0,1,5,3,1,1,2,0,1,7,2,2,3,3,2,1,5,0,3,4,7,2,7,6,3,7,4,3,1,2,3,0,1,0,5,4,3,4]"
"[5.04593023,8.01586998,8.75975457,9.28422704,10.91299761,11.55384236,14.83797874,16.01473663,17.99349994,19.17170771,19.18902181,19.6992444,20.33849891,21.18941803,22.38099573,22.82751084,24.73939781,27.88715775,28.47709757,29.50739637,36.53567971,40.35681451,47.66948583,48.73197248,49.12311628,53.761869,53.76217487,54.15832213,54.95923669,55.19476214,55.23006861,56.82418925,56.93577778,57.69949809,58.0358148,59.60208851,59.95288822,60.16557579,60.51466885,60.93077513,60.9494297,61.42266532,61.4497897,61.92562407,62.28974365,63.36861528,63.48027257,63.55316462,64.11894418,64.22016624,65.01348301,65.15930973,65.52183969,65.68504334,66.46937776,67.12116837,71.32929105,74.72228581,76.10360837,77.97634286,81.33839749,81.38113109,81.92465942,82.53660291]","[0,1,4,7,0,3,2,1,2,0,1,0,0,5,1,0,1,2,7,0,6,4,5,2,3,7,1,7,5,2,0,5,0,5,1,0,2,0,1,1,0,1,0,0,0,0,1,1,0,0,0,1,1,0,0,0,7,7,7,3,0,1,3,6]"
"[0.31803374,4.33765015,5.68992671,6.37004378,7.3574905,7.40306778,7.6080488,7.6947782,8.54952048,10.06671437,12.12458364,13.31175919,18.43298083,19.06282461,20.89260699,23.23154832,23.63371424,23.71131978,24.02184062,24.2738824,27.48206495,28.00929209,38.11189756,41.2949474,41.46378149,47.97252399,60.90076682,70.2046862,75.28098468,75.75537441,75.90623158,78.01105466,81.86992093,83.81619292,88.95383329,88.99450624,94.06492983,97.00509934,97.55941811,101.29474624,103.71515066,106.25412123,107.62232461,110.04947199,115.12661748,115.1519827,117.45250764,118.84334942,118.96035322,120.96047759,121.01095652,122.94819524,123.22739388,123.72222011,123.90680636,126.06915757,127.75538633,128.53618959,128.74310777,129.01284699,130.75976961,133.37592233,133.63369575,134.06902206]","[1,0,1,4,2,7,6,5,1,3,2,4,2,3,0,2,3,2,3,5,1,0,5,7,2,5,2,5,7,7,2,4,7,7,0,1,2,2,4,0,4,2,2,5,0,1,1,3,7,5,4,1,0,1,1,0,0,0,1,1,1,0,4,7]"
"[1.09012634,1.33369525,1.80533633,1.89611237,2.87049979,3.02567831,3.54459111,3.63234728,3.69594237,3.77083445,3.96684622,3.98996861,4.22593964,4.68873888,5.21690845,5.92032926,6.86370435,6.88602927,9.06999671,12.76671741,14.80211558,21.13725352,22.62719207,23.38512475,24.70706294,26.86086192,28.81894712,29.28962691,32.57029909,34.3407263,36.93291581,40.88383293,41.58273257,46.75319266,47.06227905,47.08981129,47.11466877,47.17014641,47.30897846,47.80415744,47.84964572,48.81706614,49.2695411,52.2239084,52.89620618,53.20357542,53.49355131,54.35800079,55.38676532,56.23578186,57.83399862,58.42650962,59.54132911,66.43868203,67.38863962,70.68251321,71.60948436,71.81429613,71.87558118,72.90583124,73.35934555,73.58663374,73.98922586,74.39370658]","[2,5,7,7,6,0,1,1,3,0,0,0,1,3,1,4,0,1,1,1,4,3,2,3,2,2,3,3,1,2,0,0,5,1,0,1,1,0,0,0,0,0,4,2,3,2,3,5,3,0,3,2,2,1,4,1,0,1,4,0,1,1,1,0]"
"[1.46465068,1.49362955,1.51230997,1.8240142,5.57884712,5.79239062,6.99883847,7.12099976,7.1402002,7.29647666,8.02304141,8.04167588,8.19423734,9.53874131,9.66277429,10.09240768,10.10932033,10.74118002,10.8953005,11.18315085,11.39610368,11.99709423,12.38322581,15.15065056,16.44796226,17.34237905,19.35947128,20.0760633,23.8854253,24.12674003,24.58001018,31.12694313,31.36998572,31.40799379,32.0426492,32.51490326,33.89522726,34.61809262,34.6210862,39.53950236,39.82568458,41.7424118,42.02216286,47.3918675,48.47085335,54.42417374,54.9163977,54.99838649,55.37374762,55.49121876,55.82665612,56.52668073,56.6214652,57.51772427,59.43139516,60.05934508,63.28134294,74.03115115,74.03321714,74.41518616,75.42010374,75.58356573,86.93907209,87.03037386]","[1,0,1,5,0,2,3,1,0,1,0,6,1,0,7,2,3,1,3,3,7,2,5,4,5,7,2,2,4,2,7,2,1,0,1,3,2,0,3,3,2,3,3,5,7,6,4,7,0,2,1,0,3,7,2,3,2,6,7,1,4,5,4,5]"
"[2.19131348,3.57344912,4.0476599,12.43697853,16.4406313,16.47196285,16.47562786,30.25682998,31.14669034,32.82891038,32.89980985,32.90210864,33.30451836,35.82542543,36.21556361,38.06085684,39.12452032,39.24699214,43.47856114,43.66459287,43.93311759,43.94795795,45.88597262,46.18707379,46.40152319,46.45227635,46.56016547,46.723549,49.03566515,50.56808104,53.72889831,53.98500411,54.48062804,54.74817368,54.98504361,55.31952091,55.46393251,55.63607795,55.86145763,55.92578183,56.7802921,57.12873864,59.10103153,59.60206624,60.45348595,60.47733415,61.85583312,61.91135089,63.39548754,66.42053997,66.82800204,66.99771518,67.12991818,68.45562956,69.19555608,73.07437364,74.88441301,79.8200127,82.66879195,92.3191682,92.44233983,93.07359668,94.97374238,95.43148765]","[2,7,5,7,3,1,0,5,0,5,1,4,0,5,6,0,7,1,2,3,7,1,0,1,0,5,0,1,1,3,0,1,0,2,0,5,6,3,6,3,3,3,2,3,3,2,3,3,2,3,2,3,3,6,4,0,2,3,1,2,3,7,3,1]"
"[4.39050851,6.10536102,8.73311606,11.12737747,12.27636518,17.96866328,18.04648482,18.95629482,19.25466503,19.68988634,19.76981901,19.84247592,20.41189572,21.12096402,21.37756643,21.97283162,22.13983885,22.37730521,22.58427866,23.14680092,23.42898195,25.41431192,25.91246288,26.84147321,26.94854721,27.34128889,27.45644167,27.48096316,27.71184905,27.74598496,27.9671223,27.99417129,28.36439996,30.15753247,30.60310244,31.80845801,32.11290167,32.19057761,36.69607781,37.45776326,39.58736426,45.69114185,46.71243429,46.77674274,47.42053918,48.5120269,51.92161171,52.64374152,54.32161346,54.38574453,54.82206272,55.52427355,58.05055552,58.06062262,58.38429664,58.75335397,60.66164925,61.20741777,70.59402953,72.6828296,73.41594243,74.24483968,74.43910058,74.4721402]","[0,1,1,0,5,1,0,1,0,1,7,0,1,6,1,0,0,0,3,1,1,0,1,1,1,0,0,1,0,1,0,0,0,5,0,7,0,1,1,0,4,6,1,0,3,1,2,3,3,3,2,3,0,1,4,3,2,3,5,6,1,0,5,1]"
"[0.15557873,0.47756931,1.33024067,2.13257822,2.25044988,2.41497238,2.87797139,3.21504764,4.87898437,6.38678563,6.448316,6.50325621,6.79109797,8.46658898,8.99846926,9.42207239,10.0039236,10.54961504,12.14639168,12.18806671,13.50240286,14.33240255,16.79935008,20.16696282,20.47610203,21.14960269,24.35220313,25.00049959,26.24771325,27.11334626,27.49504401,28.26883626,28.54626988,29.88385426,30.3857715,31.13210644,31.38302947,31.64134622,31.8075826,31.82073108,32.74652816,33.58369915,33.82068996,34.64267965,34.65575618,37.52281896,45.12232773,48.24100948,51.04436334,52.18381565,65.85095823,66.68022716,71.88598707,71.92744396,74.64821147,77.62114515,80.33424017,82.1415587,83.64008726,85.35363014,94.79895173,95.34133253,97.32496041,98.56671928]","[4,1,2,0,1,0,0,7,0,1,0,1,7,0,1,1,1,0,0,1,0,1,1,0,0,1,1,0,1,4,6,1,5,0,0,1,0,3,5,0,1,0,4,1,1,6,5,2,2,3,6,4,2,3,6,7,3,0,6,5,4,6,7,1]"
"[0.11628909,1.06143908,1.25836482,1.38185408,1.76540032,1.77171471,5.15578724,5.68243179,6.14814996,6.90236867,7.89406986,11.08335969,12.1606942,13.76842204,14.32379758,19.86073453,21.34208016,21.80633241,21.96283949,22.3404114,23.74467989,27.14565949,28.82535606,29.13626824,30.5665306,31.22217177,31.80513577,31.84286222,32.06748834,32.59125332,35.19381443,35.85378711,39.21345107,40.44952523,40.71438707,44.05973216,47.62940247,50.45404185,55.11499271,55.99474995,56.76326262,56.97051646,58.71672214,59.33245364,64.36329295,65.27150797,69.84624301,69.96082617,70.37988517,70.4932714,71.23887889,71.58199736,71.73930132,71.81492699,72.2223947,72.73136124,72.75051223,73.59374073,81.04306835,81.13627057,81.63183128,81.69723143,82.37544178,83.68022882]","[0,1,7,1,1,0,0,1,0,6,1,3,2,3,4,1,0,2,5,6,3,7,7,1,0,0,4,1,1,0,2,6,3,5,7,7,4,0,0,2,3,1,3,6,3,2,0,2,0,1,1,4,0,2,3,2,3,7,2,6,3,3,3,2]"
"[8.43833659,8.49500187,8.67380942,11.565724,13.374879,13.87659155,14.10686083,14.50247482,14.73077083,16.05322444,16.20735095,18.58326875,20.02887297,20.13858236,26.32184263,26.3338798,29.89138196,30.84187401,34.39721388,34.41525765,34.41693095,35.43851389,38.05888813,38.09726412,38.59317187,41.4716562,41.88756563,41.8884078,42.29507782,42.5904244,42.79950823,43.05534375,45.74811949,46.47140604,56.0538991,65.0607218,69.38204538,70.94959852,76.78633121,78.31456494,79.90744798,80.25152124,80.51399626,80.7733394,82.75641256,87.9047446,93.3114861,93.47621792,94.1028084,94.12652214,95.42018291,96.04909818,99.16084249,99.9055093,101.35369163,104.64188051,109.65671098,109.67210179,109.75702272,110.36634429,110.52220606,110.64432348,111.06292171,111.39535455]","[4,7,7,4,1,0,5,5,6,0,1,1,4,5,6,7,3,0,0,1,6,7,1,0,1,1,0,1,0,5,1,1,0,6,1,7,2,3,0,4,7,3,1,1,4,7,1,7,7,0,1,0,2,4,6,0,0,2,3,1,6,2,0,0]"
"[3.91580624,4.4617492,5.20493455,5.23616868,8.18516396,18.35702921,20.41643335,24.86922252,27.5366774,28.2615347,30.33031115,30.69763888,31.03784058,31.309447,31.43741385,31.99835918,32.24097324,32.45898503,32.51377026,32.69003998,32.82932738,33.09869097,33.12912314,33.76237351,33.8106904,34.94760479,35.32186809,35.78836339,36.18381477,36.18558456,36.34144148,37.5258377,37.60069272,37.94605915,37.9549713,38.10386668,38.42641153,38.99330124,39.12314324,39.28971654,39.49337847,40.02199289,40.51705763,40.87898825,41.76796586,41.96817556,42.57575352,42.79610111,42.80332188,43.11027753,43.18122763,43.52690201,43.56983942,43.62919398,43.86953247,43.99670535,44.13717445,44.32103965,45.60656371,45.76816554,45.97429787,46.03744255,46.11595377,46.25269017]","[2,3,4,6,4,6,0,1,0,1,0,1,1,0,1,0,0,1,1,1,0,0,1,1,1,0,7,2,0,1,0,1,0,1,1,0,0,1,1,0,1,3,2,3,1,2,3,3,0,2,1,7,1,0,1,1,2,1,1,0,6,0,1,1]"
"[3.76139038,7.30304554,9.4466266,11.64535588,12.41538885,17.26587226,17.3808472,21.60760695,24.32933874,24.37494372,24.7492873,25.24566855,27.03974678,27.34254914,27.73644214,29.48294373,29.73198699,30.84523582,33.06162526,33.57807818,36.75934587,37.15312845,37.58298615,39.10742698,39.24012814,48.39283601,48.84340722,49.96557856,50.21470805,50.68442579,51.17006055,52.88652191,53.14143151,53.16217135,53.9382158,54.62644381,56.14210679,60.58923502,61.90298899,62.21794146,65.70304629,66.21299722,66.22469787,66.50231953,66.74224144,66.94355583,67.56469014,67.5956152,67.85060528,68.97365446,70.15076781,70.2596429,70.45373372,71.02026181,71.49160959,71.97714733,72.13947513,73.29861069,73.38997638,73.5273262,73.56830229,73.67591636,74.93587221,75.12290666]","[7,0,3,4,7,5,1,7,3,3,2,3,3,2,2,2,3,4,6,3,2,7,2,3,3,2,1,0,1,6,2,3,5,0,0,3,4,2,3,3,0,1,1,5,1,0,1,0,1,1,1,1,1,0,0,1,0,0,0,3,1,0,1,1]"
"[0.91715771,6.77548255,7.55112359,13.11983267,13.15283147,13.42640694,13.53540449,13.59467342,14.46111063,14.47905243,14.58706513,14.60169695,15.22774601,15.27647171,15.29281324,15.49482951,15.89000054,16.28862427,16.5519421,16.71264889,17.03219961,17.81330632,18.01560199,18.27195032,18.41309191,18.93982166,19.05235632,20.02008154,20.29625798,20.72789014,20.74577103,20.78637275,21.21057674,21.51988683,21.58974395,22.38792984,22.39714399,22.66549228,23.38446457,23.60315142,23.93526202,24.21639052,24.77585668,25.65875777,25.75836726,26.05406287,26.09290595,26.16755187,27.06558029,29.37096705,30.7519173,30.97762745,31.78716044,32.00188683,34.41044666,36.6907181,36.7839716,36.81838808,36.91739696,37.43583232,38.7841939,39.55069133,42.41028191,43.016596]","[5,6,7,1,2,3,1,3,0,1,1,0,0,1,1,1,0,4,1,0,1,0,1,0,0,1,3,1,0,2,3,1,3,1,3,2,3,2,3,4,5,0,0,0,1,1,2,5,0,2,6,1,0,5,1,1,0,0,0,0,1,0,0,1]"
"[0.35450293,2.98667521,6.36421036,7.4941621,9.63909878,10.06992552,10.76210595,10.86747712,12.76371466,14.55283037,14.95918345,23.08391234,27.62538123,31.91118702,32.05675705,32.57372228,34.09286399,36.02961824,36.87551655,38.49582201,38.64644985,47.19085913,47.75798625,48.78583355,49.42715684,49.97607749,51.16760821,51.17280605,51.84218378,52.15101863,52.3490147,53.29400386,53.89748368,54.41292169,55.18717933,56.37476719,56.88896957,56.94125682,70.5896427,74.56908368,80.38623386,80.75407762,80.90320668,81.28643043,81.37462662,81.85060915,82.27812864,82.28984948,82.75944514,83.82815753,84.03570706,84.68323198,84.9510936,85.15489537,85.24418912,85.25304744,85.97886215,86.58336767,86.80485698,86.9995258,87.05081241,87.1354211,87.21666304,87.64430574]","[3,5,6,4,0,4,5,0,2,5,7,5,1,1,4,2,3,2,0,7,5,1,0,7,7,1,0,1,0,0,1,1,6,1,0,1,6,1,3,5,1,0,1,0,0,1,0,1,0,1,0,1,0,1,0,0,0,1,1,1,1,0,0,1]"
"[1.79072274,4.53028079,9.55971085,9.78660567,13.60454346,19.63591835,20.73216573,21.47034229,21.68819969,21.7627799,23.53263957,24.57405606,27.35151601,27.85694053,29.38230308,33.47647549,34.50501756,37.99132108,38.1043132,38.68262202,39.00639906,39.31694059,40.28901237,40.55555434,40.95921658,41.0771774,42.69120819,42.92430787,45.42180217,46.92672683,47.30392084,49.66178988,52.24575297,54.00807161,56.7882355,57.55714478,58.34985385,58.81117102,60.02669182,65.97858299,66.14613039,68.52502285,69.49494535,75.5424703,76.94327017,78.31240736,78.5222389,78.62564135,79.95466492,81.62822305,87.87572268,91.57244113,97.128413,98.34714206,99.88195799,108.13915449,108.58845151,109.93726821,109.96349482,110.51998481,110.72243592,114.5919458,120.35483285,121.01130354]","[1,2,2,3,1,7,1,0,0,1,0,0,7,1,0,4,6,1,0,1,0,1,1,0,1,1,0,5,2,7,1,4,5,1,0,1,1,0,0,1,3,2,6,1,0,4,1,7,7,0,5,3,4,4,6,0,6,1,7,0,1,0,2,3]"
"[3.93096529,4.88038319,5.47249548,5.72801584,6.23800053,6.50590583,6.86527011,6.99031409,7.0001504,7.06974364,8.03048974,8.33231053,9.00271569,9.13177207,9.54410281,9.58091417,9.63445604,10.22478494,10.32902661,11.05273141,11.3078653,11.34687833,11.42156785,11.53957017,11.56234813,11.57802462,11.82381784,12.48328717,12.57797248,12.92807697,13.05216074,13.1251607,13.43035215,14.00532017,14.0194053,14.17487338,14.40709065,14.8322515,15.11525069,15.60396663,16.48468842,16.98382175,17.06049327,17.07611892,17.35325607,17.51896933,17.52251223,17.73524334,18.14057381,18.21382151,18.40551663,18.46359748,18.95232385,20.09887675,20.21457405,21.02069171,21.0751954,21.11195779,21.29504463,22.1135226,24.24787209,25.76696961,26.74180592,29.03695072]","[2,3,7,2,0,1,1,0,4,3,3,0,1,2,0,1,0,1,0,1,0,3,2,1,0,0,1,0,3,1,2,0,3,1,0,1,0,1,0,5,1,0,2,0,1,0,2,3,1,1,1,3,0,0,2,3,3,3,3,1,2,3,2,1]"
"[2.32347279,3.54230089,6.70752866,6.81340547,11.31822244,11.4124797,11.94809641,15.45680749,21.3544271,22.10047933,23.43896772,24.56959962,25.57022326,27.2381779,27.61567448,28.11014049,28.32873153,30.48273242,32.22743823,32.7260716,33.23138712,33.54240278,34.2131786,35.57852783,37.19782655,45.48936915,45.6118224,48.15988466,53.03233436,54.59254292,57.60112865,57.62403013,58.86957794,59.2488341,59.98000328,60.4291453,61.83245714,62.20143242,62.24127808,64.73815968,65.12428964,65.55765556,65.57634363,65.58467082,67.43775995,68.03374885,68.13244378,68.24172871,69.27672824,69.40201609,69.65242322,70.2508119,70.60026955,71.21929663,71.80842208,72.12097426,72.12157666,72.12577298,72.39095687,72.44628789,72.61303897,73.12854295,73.34182174,73.39023611]","[0,7,2,7,2,3,7,3,5,0,1,0,7,6,1,5,2,2,7,0,5,1,7,4,3,2,1,3,6,4,7,2,1,0,0,1,1,0,7,3,0,1,0,1,0,1,0,5,1,0,1,2,0,3,1,1,3,0,0,1,4,3,1,1]"
"[3.62702691,5.71767782,7.7872877,8.06803893,8.43133597,10.04873884,10.43678036,10.68371603,10.80288812,11.14571097,12.19451745,17.39692299,18.07341519,23.78748842,28.15582985,32.39776515,32.68113416,33.04541676,33.2134303,33.27050973,33.79963592,34.05174967,35.89053054,43.61468073,43.84906351,45.14540697,45.79697863,46.10594662,49.45630433,50.71033266,51.33580235,61.44732142,63.53204292,68.97259651,69.58255222,69.76881671,77.18608663,82.98135079,83.0611074,83.26912554,84.73144228,84.92051167,85.65118355,87.3730957,88.04993422,88.40328188,88.61890555,88.90779963,89.22719354,89.53046467,90.22082505,90.7412682,90.76531476,90.8467173,91.998507,92.41981935,96.71203564,102.97825869,106.92083361,108.48042432,111.93836239,112.86738093,113.17146347,114.61840879]","[7,4,5,0,1,0,7,4,7,1,7,5,3,3,1,5,0,1,1,0,1,1,5,5,7,2,3,3,6,6,4,7,2,2,2,4,5,2,3,3,3,2,5,1,1,0,0,1,1,0,0,1,1,1,1,0,0,4,7,5,1,2,0,1]"
"[11.85890455,14.90531433,15.08572553,20.98981518,21.40053343,22.4891719,25.39042813,29.72515386,30.58860847,30.77711049,30.93747297,32.07459118,32.31259476,33.31738014,33.44413226,35.32735415,36.16197538,37.11201406,38.17250369,39.26620798,41.81853466,43.45292836,44.76507667,49.25242486,51.74110401,53.22974983,54.28112653,54.34361425,54.6605429,55.80702543,60.50175456,61.87328894,69.30305348,74.74496512,77.21195236,77.24321959,78.61768938,79.99518193,80.94164142,83.14504395,83.27847248,85.46987472,85.84462728,86.0423808,86.35831432,87.47586889,87.99902763,88.23947212,88.82025233,88.93139042,89.65694607,89.72838551,89.86177611,90.15879876,90.15924748,90.44953954,90.46939034,90.69899995,91.65185512,91.67494662,91.93232581,91.93317244,93.22262731,93.35477449]","[3,6,5,3,4,1,3,1,5,7,1,5,0,0,1,1,0,1,5,2,3,5,7,2,4,0,3,3,3,1,1,2,5,1,0,1,1,1,0,1,0,0,0,5,3,1,1,0,0,0,0,1,1,1,1,0,1,1,3,0,0,1,1,0]"
"[0.61617359,1.89080373,2.36116994,2.83617685,5.41196927,6.20890342,6.7809753,7.05308182,9.19100498,12.50636091,14.27618758,15.02657635,15.6887379,16.03398266,17.27630398,19.38927594,23.26555353,31.5305887,32.88644036,33.80109226,34.38494129,37.22925354,38.69456816,40.52333101,53.56615032,55.30357998,55.89934483,61.06602501,65.24381728,66.49763544,68.37743152,69.86502834,70.60026642,74.69009009,80.35473387,90.92595766,92.47917954,93.11846053,96.77637166,98.55727999,99.39932796,101.64482903,101.73508895,101.89684935,102.03061907,102.11300241,102.26647423,102.30544868,102.90279443,103.15470844,104.02738194,104.29415447,104.30947651,104.36521854,104.38610371,104.40348657,104.4396741,104.45628054,104.59948142,104.95714823,105.50579338,106.32102425,110.672453,111.83554734]","[4,5,2,3,0,1,7,0,0,1,2,0,1,7,0,5,3,5,2,3,2,2,3,5,1,4,1,5,3,3,2,6,1,7,5,0,0,1,3,2,3,1,0,1,0,1,0,1,0,0,0,0,1,2,6,3,1,0,1,1,1,0,1,7]"
"[2.22583815,5.37130165,5.47542708,6.92634921,7.10971361,7.60333512,7.64367424,7.73480722,8.84727414,9.39028705,10.10526885,10.95996909,10.98972331,11.46784102,11.50924512,11.61266548,11.66719927,12.14417315,12.78724674,12.81306942,13.03827192,13.31441969,13.39224946,14.06406296,14.23531033,15.30534683,15.31811063,15.67109661,16.10354459,16.21694901,16.66403824,17.14892373,17.18997629,17.81398886,17.89381846,18.19034214,18.37190975,19.12095391,19.20231557,19.99104615,20.04448149,20.14784683,20.29824943,20.48839182,20.8307777,21.57043607,21.59887273,21.61556793,21.62335197,22.14700087,22.29034983,23.55457218,24.08783721,24.57926477,24.94625584,24.94860983,25.19128605,25.97645096,25.98935936,26.90639286,26.92683697,27.11235048,27.34859171,27.36254723]","[0,1,2,0,1,1,3,1,0,0,1,2,1,3,2,3,1,3,3,3,3,0,0,2,3,2,1,3,0,1,1,4,4,0,1,3,1,0,1,5,0,1,1,0,1,1,2,1,0,4,1,0,3,1,0,1,1,0,0,0,0,1,0,0]"
"[0.4351784,1.22971648,2.35219237,3.4069731,6.22446367,6.90149522,7.8681645,10.86469813,11.10414552,14.40949518,15.32147114,19.27044099,19.94123508,20.52813122,23.10643063,23.3103547,25.43514342,27.12899965,27.97271278,28.56671411,29.41045991,36.65661461,37.90485035,39.03454624,41.46668333,42.56299452,43.28215338,43.58619123,44.98119023,46.88372099,49.56791541,50.75234897,51.70884699,52.82561132,53.51521247,53.77175352,54.55460703,54.66402798,54.79344016,57.41331189,57.44353644,58.66019394,59.3161766,59.48894197,59.70933782,60.20112935,61.55689696,63.30832678,63.45924919,63.70616188,63.72817903,63.88484733,65.77365335,67.02089653,67.11451806,67.95268631,68.21734714,70.82893838,71.77594429,72.2833351,72.60444957,73.11883144,73.43642612,74.53438315]","[6,1,1,6,1,7,1,4,0,2,5,2,2,3,2,7,3,3,0,3,2,0,7,1,0,0,1,1,1,1,2,0,0,1,0,2,1,3,1,0,1,1,1,0,2,5,1,0,0,1,6,1,1,2,0,3,5,0,1,1,1,1,0,0]"
"[1.82657109,3.80831489,4.32374823,8.37209579,9.55177983,9.90123494,10.0500229,10.5358722,11.15421354,11.26477585,11.41117494,12.4222404,12.43448479,12.52329683,13.54797964,14.36831487,17.21192767,22.02593969,22.610764,23.34354109,25.32368882,26.18759155,27.93123527,31.56228843,32.37266071,32.96137723,39.76933888,50.37232814,50.63785166,50.69497241,56.00785973,56.3056105,59.07516389,62.37559583,63.42750656,66.33476649,68.37457815,68.5148813,68.64777713,68.70411318,68.77437927,69.32530254,70.04222998,70.43007195,71.43376644,71.49435416,71.82764425,72.00190891,72.46995945,72.59281941,74.36479187,74.51813105,76.19259966,76.71537063,77.46363892,79.22867485,80.31686489,83.06021399,84.19807758,85.75183613,87.16063959,87.52711853,92.09785976,92.10859428]","[7,1,0,3,3,2,3,5,4,5,2,3,2,3,3,7,7,0,0,1,5,5,5,2,5,3,5,1,0,0,7,7,7,0,1,2,1,0,0,1,0,1,1,1,1,0,7,0,1,1,0,1,1,0,0,1,7,0,0,3,7,0,1,0]"
"[3.47821318,5.08185832,5.49716629,5.83312588,6.21619029,6.32333786,6.50459248,6.77377226,6.77848386,6.83732326,7.82274547,8.89867255,8.92924944,9.12223335,10.072404,10.21678256,10.33549568,11.45348075,12.24070704,12.91061538,13.08071878,13.56471091,15.35150384,21.1013935,22.72382162,23.93128278,25.90525057,31.89588745,33.32757875,33.81694059,34.215416,38.9004001,39.71968554,42.26333104,42.7347501,46.94630162,48.27841858,48.90388591,50.02500548,51.60492476,55.09614037,55.88023222,58.18317437,58.82270804,58.92941894,59.51085717,60.13675289,60.37835939,61.47873492,63.42670382,63.98445273,64.44538424,64.50273694,65.908555,67.27465051,67.55618373,67.55985809,69.24960744,70.21588383,70.86927722,71.39569819,72.60154266,73.07699466,74.37874805]","[1,7,0,1,1,3,0,1,0,0,1,0,1,0,1,0,1,1,0,0,0,0,1,6,0,1,5,6,2,3,3,5,6,7,0,2,1,0,6,7,7,4,1,4,6,0,1,0,7,2,0,3,1,0,0,2,3,1,1,2,0,5,3,2]"
"[0.18255158,3.09761732,3.84586415,7.31264791,7.54070387,7.95256337,10.84715526,11.24367285,16.56383084,20.10317823,21.97485111,22.65025786,23.85631145,25.44752059,32.45040013,32.75675715,32.88370295,33.14179848,33.17635267,33.57479079,33.70511499,34.30747565,34.90047614,35.91533853,36.44409535,37.16977651,38.54004378,38.56627324,40.68274149,41.48529245,44.00332036,44.22941478,44.31066131,45.9761448,46.05022038,49.14906323,49.80114623,50.68518081,52.96181252,54.86313648,55.91108847,56.59613737,56.84882007,60.59838338,62.86022995,67.81546697,68.13369454,69.37599069,74.09152868,75.21619127,75.93870662,76.27185151,76.56889498,76.89827274,77.0097636,77.01345556,77.31766233,78.52180013,80.84338985,81.22899148,81.52343492,81.59068526,82.14709974,82.20285237]","[7,6,7,2,3,3,3,4,5,5,4,2,3,7,7,2,3,0,1,1,1,4,0,1,0,3,1,2,1,0,2,1,3,3,4,1,0,0,1,0,0,1,0,1,3,4,0,1,3,2,3,3,3,3,3,2,3,4,3,5,2,2,3,3]"
"[3.62956389,6.0842587,6.08862117,8.57294257,11.55205345,11.77601635,13.6464787,15.17024947,16.32506062,16.64135635,18.00881389,29.39629799,30.02794251,38.56331439,38.5815486,38.69448383,39.57991673,39.89292838,42.27642487,42.70366068,46.84945075,46.90143709,48.492187,48.72548414,50.04635328,50.55223846,52.07364038,59.84957329,62.19742609,65.65425597,66.01319823,66.07729823,66.41431517,66.80987411,68.09568933,68.93920665,69.18377746,70.02027938,71.41711696,71.74098371,71.87768094,73.90120378,74.56446388,74.78307795,75.25872451,75.56477244,76.38453695,78.67231821,79.13622622,79.43884641,79.67152675,79.70111987,79.86416151,81.37561998,81.51517496,81.55030692,82.49545179,82.77100562,83.04296329,83.19663487,83.50449458,84.4714853,84.51782466,84.6896636]","[7,0,1,7,7,4,7,2,3,5,5,2,4,5,1,3,6,7,2,7,4,2,4,7,2,1,5,0,1,7,2,3,3,1,2,5,3,0,2,3,3,3,2,6,3,3,1,1,5,0,1,0,1,5,5,0,0,1,3,0,5,1,1,0]"
"[1.31784809,1.57962581,3.40620743,3.93207227,4.27963598,4.35614472,5.53897059,6.30995322,8.26353343,10.37463661,11.86691108,12.77546943,12.91114075,13.25879458,13.65653748,14.77093192,16.26717048,18.94399818,19.48015571,20.3541795,21.10834918,22.12140436,26.03743877,26.20213537,28.53746808,31.72386936,32.22470638,32.28239335,32.92348336,33.05698465,33.27136745,33.31847175,33.95260615,34.23313745,34.34483744,34.56066497,39.22591611,42.23392985,45.33061059,45.44002101,45.72208806,45.82593106,46.74762682,47.93907018,48.15055062,48.38190642,48.4765937,48.59530156,49.00821335,49.41451961,49.52587761,50.03895561,51.7693002,51.87134321,52.10628565,52.30377105,52.32322438,52.69842115,54.21967527,54.33841625,54.51836504,54.79308245,55.08428793,55.83764938]","[3,2,0,4,1,0,1,3,1,0,0,2,3,5,4,3,2,2,1,0,1,4,4,4,1,0,1,1,0,0,1,1,2,0,7,0,3,4,1,1,0,5,1,0,1,1,4,0,3,0,4,1,0,1,0,1,1,1,0,1,1,0,1,0]"
"[1.59750976,5.18130306,7.5206802,7.69056967,9.84039025,10.37117284,10.40835219,15.10711933,17.4953554,17.56595223,17.82506431,23.4526429,24.77277822,25.39384021,25.72647922,26.16910646,26.2553882,26.30953215,26.84668843,27.62809866,28.30217491,28.42667331,28.72806814,28.90179356,35.19857955,35.42807657,37.5182749,39.42327458,42.37306785,42.64576405,47.57531873,49.63529747,49.90482956,51.09858411,51.93224706,61.43857972,61.79469154,64.08681988,64.44614793,64.58445386,64.63777758,64.71435201,64.72631584,67.64178211,72.84470845,73.29720917,74.01540564,83.18912494,94.8402315,96.29133728,102.7875309,103.41024273,104.33162372,105.54734243,110.14844137,111.13402332,112.48706724,113.37601956,115.08094961,118.75631839,121.29265303,122.94961804,124.32651193,125.71847055]","[3,2,7,2,3,7,2,2,3,3,2,0,3,5,1,7,1,5,4,0,0,1,1,4,0,6,1,0,0,5,6,6,5,6,0,0,1,0,1,2,5,1,3,1,2,7,4,4,1,7,4,5,4,2,1,0,1,5,6,6,6,5,1,0]"
"[1.4611721,2.68303114,2.68927876,3.33577488,3.52069476,5.99761108,7.27351862,8.3899036,8.74954125,10.24114506,11.00146597,14.12867599,20.78589074,30.67143751,37.34366151,37.66795957,37.94027664,40.26442371,43.0833052,43.98590498,48.73602723,50.71850148,56.02243581,56.6519268,56.66320459,60.60230086,60.68553082,60.95952426,61.63936279,61.66465952,61.90809847,62.4248105,69.58310484,75.56478639,77.76640117,81.98055393,83.65059874,88.62787077,90.19919818,94.86718841,98.26597388,100.09120022,100.66491613,100.96470581,101.70205237,101.99297091,102.33097307,102.89421024,104.5054355,105.21679805,106.42565801,106.98944584,107.127488,107.16368372,107.65827034,109.25382562,115.25701389,117.02627366,122.6017874,127.60271214,127.77726739,128.3691078,128.98821011,129.48579134]","[5,2,2,3,1,7,0,0,1,3,6,5,5,0,0,1,1,4,6,7,0,2,7,0,1,2,3,0,1,0,3,2,7,7,5,7,7,1,5,2,3,3,7,4,0,1,1,2,1,0,0,1,1,1,0,0,0,3,4,2,5,3,2,3]"
"[2.30947143,4.55486334,8.34274192,8.62748478,10.68638229,16.13376943,16.15619461,21.44995921,26.44972179,26.95271037,27.46180277,28.58648034,33.59417702,34.28756925,35.26339667,36.43141878,41.07574117,41.08041842,42.59103814,42.80550372,43.46009748,43.98719083,46.07831374,46.08745412,47.326717,49.13783962,54.00508106,54.69921018,56.36632279,57.2561234,58.79609627,59.40420082,60.41502315,60.41797056,61.49919154,66.40877524,67.58399582,76.40745512,90.35933482,92.34531211,93.59144278,95.33446506,98.92066858,99.21969668,100.9755038,104.06974296,109.79604936,114.51808072,116.26276765,117.44493221,121.57832358,122.2110237,131.98235476,132.51576696,134.67745285,146.63213581,147.58152937,149.14007799,149.16529505,149.27397538,150.92978039,151.0292485,152.45478617,153.46625214]","[4,7,4,6,7,2,3,2,1,0,0,7,7,0,1,2,0,7,1,0,0,1,0,0,5,0,1,0,1,6,3,2,2,0,5,3,2,5,2,3,6,4,0,5,6,1,4,5,4,7,7,4,2,3,7,4,3,1,2,3,4,1,0,1]"
"[1.83713774,2.4065111,3.77088334,4.32658905,5.7100926,6.88855783,7.32640596,10.65364558,11.32931639,11.41771902,12.21099427,12.87645822,13.91381277,14.37158139,15.75526038,19.0775493,24.06692688,26.5534507,26.87699323,27.35580999,28.06702734,37.08141925,37.36975143,38.35529263,38.89255496,40.39048017,41.71330121,41.82927458,42.31409004,43.66220636,50.2909762,51.84635609,51.87708072,52.48015125,57.69701219,59.99735418,64.68405367,66.62391826,68.94647105,71.66077165,72.16449918,73.51088861,74.4701651,74.81805589,75.93724226,76.20335224,77.54309784,77.54598664,77.65143291,80.81361332,82.21539305,83.66567481,83.99304905,84.56214872,84.85955357,86.61534011,87.35881372,87.63436915,87.68526903,87.80404477,89.06368797,90.54300299,104.05742852,106.86515929]","[0,1,1,0,0,1,1,2,0,1,1,0,0,1,0,7,6,4,7,0,1,2,3,3,2,5,3,3,7,5,7,3,1,0,1,3,3,5,0,7,1,3,1,0,1,0,3,1,0,0,6,1,0,1,5,1,0,0,1,5,1,7,4,6]"
"[0.05294001,2.1688202,4.79969069,5.05841975,8.44904135,12.18049036,13.15249442,15.76713243,20.09701234,22.51308932,28.06212587,30.91647079,30.99075917,31.54046835,32.10530215,32.14528304,32.894393,33.44948517,33.89816054,34.62621052,34.70505881,36.48444054,38.45015856,38.96748124,39.12284911,39.74503426,40.72466217,40.99592788,42.05492361,42.37874193,42.42126515,43.6718757,44.35449412,45.24626991,47.61203439,48.71464822,50.07874085,56.51433587,57.41035191,57.56991764,57.73574998,58.10303106,59.87480281,59.90353613,60.6734472,60.75523367,61.14051272,61.5098675,61.64770926,62.29719272,62.70695325,62.87343927,63.46415667,63.60270604,65.28062314,66.2806128,66.68843482,66.98957504,67.50196223,67.73441603,68.16567313,69.67715053,70.67444925,78.42952277]","[5,7,6,5,5,3,2,3,7,5,5,3,2,3,3,0,1,0,3,2,2,4,2,1,3,3,3,2,3,6,2,2,3,6,3,5,2,0,1,0,1,0,1,5,0,1,0,7,0,5,0,1,1,5,0,1,0,1,1,1,5,1,1,1]"
"[5.34984995,5.76020727,8.62787145,20.53759098,22.84587123,27.83054827,30.13561121,30.35717114,30.85072903,31.16905827,33.00114694,36.03234254,37.39411134,39.43119237,40.01476713,40.13211242,40.63591802,46.66845898,47.05364115,56.49914977,57.28477986,59.39018378,68.09088229,69.72723657,72.92575471,76.9622801,77.29717637,82.70595647,84.44040403,87.7889273,88.01215121,88.7533239,89.52373889,89.53164213,89.99437884,90.45598154,90.59776134,91.01054706,91.62395778,91.77161104,91.94883265,92.16042057,92.22809048,92.48329285,92.71915653,93.15748175,96.07489047,96.56641741,98.01096032,98.54328204,100.23966049,100.57692912,100.7426298,102.80911941,104.09143247,107.44375972,109.66589618,111.92083629,112.56720986,112.757939,112.9398101,112.98474733,113.0446121,113.37842152]","[1,0,2,5,4,7,1,2,7,5,3,3,2,2,3,6,6,3,5,0,2,1,2,6,5,3,3,4,4,0,2,3,1,1,0,4,0,1,0,1,1,0,0,1,5,6,3,2,7,2,6,3,2,7,3,6,1,0,2,1,6,4,3,1]"
"[0.62212659,2.15068944,2.9195696,3.15443534,6.09165031,6.20956666,6.41436772,7.22378836,8.2741357,10.85363169,18.61428699,18.70691592,19.38468047,19.65369851,20.38949462,20.6055147,22.69249068,23.98371902,25.90514438,26.00825141,26.09652428,26.58690063,28.44618813,29.85330685,33.89420681,34.25843838,35.73463864,36.74030577,36.86066575,42.18510178,43.07623948,43.42762857,44.2173383,45.59691853,46.19222718,47.95629759,49.98907847,50.5198324,58.28996989,63.20922014,68.46094028,70.14622709,76.21273012,76.45418842,78.89017014,79.31313697,83.18866517,86.779613,89.39640633,93.15813651,96.20433015,97.48479172,100.61101803,101.95480139,103.19311536,105.01051398,105.71227247,105.85018992,105.93296291,107.13983124,107.42461396,110.20876401,110.45425791,111.4122298]","[4,3,5,2,1,0,5,1,3,5,0,4,3,2,3,3,2,1,0,1,6,0,3,3,6,3,2,7,3,6,2,3,3,3,2,2,2,4,3,1,0,6,2,0,5,3,0,7,2,3,7,5,2,3,6,1,0,1,0,1,1,7,7,5]"
"[2.99456525,3.19810502,3.56767516,3.69210084,4.30860295,5.02516667,5.09813329,5.77523334,11.69626095,13.45129092,18.58884687,20.65547892,20.89854738,21.39311968,21.51991588,21.71492134,22.35155557,24.741242,25.22859039,26.05648998,29.80821987,32.34979438,32.5875579,33.0149271,33.27477472,33.38299802,33.43902548,33.69849872,33.83470473,33.97594856,34.0790264,34.21453774,34.5275535,34.78001044,35.35219515,36.48680707,37.94702216,38.39751057,39.82810071,39.9607171,42.12513056,45.37127636,46.33260274,46.89817664,47.46167791,47.89669683,50.7718049,52.52205743,58.56613466,59.135692,61.00951405,62.21586516,62.82947556,65.38324543,66.4483723,67.55192391,79.56698304,80.54830172,80.66459224,80.77009352,81.73060471,83.14422896,84.79074778,85.90437426]","[2,2,4,1,3,2,7,3,5,4,1,0,0,4,1,1,2,1,0,1,1,1,0,1,2,0,3,1,3,3,0,1,0,1,1,2,6,0,0,1,1,6,1,2,0,1,5,2,7,2,0,3,2,5,5,5,2,3,3,7,3,7,7,0]"
"[4.94147918,16.28662036,17.38185384,17.61717673,18.76825192,19.73475768,20.42455733,22.9365885,23.33320047,23.8037569,24.91343593,27.12754951,29.87665661,29.95432891,30.26695254,31.25523739,34.76495858,35.83537159,36.20062759,37.71399894,44.15977147,51.94799768,52.45893061,52.77400437,53.29768736,53.3287155,53.50690273,60.6356641,64.60615714,67.65789802,69.31761413,70.42947894,70.88827234,75.10785735,75.11853508,75.53579245,75.82648594,77.68456102,79.4045232,85.87704236,86.90000562,88.06622009,98.58512983,99.06031502,100.88736309,101.55819941,101.97189834,102.85180575,103.054711,103.50782856,103.66086442,103.90321338,104.07330869,104.27561179,104.30598521,104.56047955,105.15320313,107.89956796,108.1674881,108.51705189,108.87433975,109.15243287,109.65336672,109.8956813]","[5,1,0,1,1,2,0,1,1,0,0,5,4,5,4,7,2,2,2,3,2,0,3,0,1,0,1,0,4,1,1,0,6,7,7,0,1,1,1,2,2,3,7,1,0,1,7,1,0,0,0,1,0,1,4,0,0,0,1,1,0,0,1,1]"
"[1.28042222,1.59570459,3.63983861,3.69074237,4.69981102,7.31416665,10.50845976,10.52602075,10.77778109,13.09252915,14.23109136,14.57961437,15.05393549,16.88114799,17.49895593,17.96089015,19.17746798,20.38639502,23.1726562,29.44347549,29.79990589,29.98167588,31.26405737,32.78084405,33.52384556,34.33007288,34.59965473,34.92146038,34.9335497,36.35092977,36.38382874,36.40114318,38.09374664,39.69297551,39.72074683,40.34330386,40.39409017,40.49274447,41.66130838,41.72557744,41.90770476,42.2131338,42.31449223,43.85209946,45.85463264,50.42170573,51.79577724,52.08363851,55.62585303,57.92840619,57.99866116,62.3519463,69.13113648,79.21633746,80.23802641,82.17123035,82.64088379,82.93431105,83.08973046,83.42087288,83.58456894,83.60184335,86.38970072,87.06565888]","[5,6,0,1,1,0,0,1,0,1,2,3,2,3,7,2,4,7,3,1,5,3,0,1,3,5,1,0,0,0,1,0,1,0,0,0,1,1,1,0,1,0,7,4,1,0,7,0,4,2,3,7,2,3,3,1,3,2,3,3,0,3,2,3]"
"[0.28955337,2.70536537,3.25032507,3.43023172,6.49448909,8.1573626,8.48318369,10.43834333,16.9498567,18.29985507,19.69278388,21.11600127,21.65899288,22.03952334,25.16381591,28.33128215,33.34363477,34.90727527,35.28637693,35.31599544,35.58384486,35.88780801,36.30924679,36.98915524,37.60508325,37.9515596,38.45500192,38.91167746,40.12958318,40.38958597,40.99955942,41.19117478,41.20064096,42.08254364,42.79120421,43.07278183,43.25976936,44.93424163,44.96953006,45.03348438,47.27776234,47.33095926,48.15991366,48.20997101,49.75962328,50.70583232,52.64672982,54.78054709,54.81455667,55.39447736,55.43693519,56.09962509,56.27511585,56.44963781,56.46796465,56.48106254,56.63584824,57.09114197,57.13497907,58.31019886,58.52127619,58.53330595,58.8828154,59.04551578]","[6,3,3,0,5,3,0,6,5,1,0,0,1,0,1,1,0,0,5,1,1,0,1,1,1,0,1,2,0,2,1,1,0,2,1,1,0,2,0,0,1,2,0,1,3,0,7,1,5,5,2,0,3,1,0,0,0,2,1,1,3,0,2,3]"
"[3.99941279,4.656018,7.01198457,8.23384139,8.66416907,9.350096,12.16135603,13.30153662,16.36562876,18.27755755,24.70739094,33.15621141,33.83007376,36.71858136,40.97763388,41.26632086,41.4312911,45.09375703,45.31847656,47.56626565,47.7648243,48.38578339,53.35644137,55.02431897,55.74723918,55.86567596,56.58255278,57.21234325,58.14556284,59.05649678,59.28292586,61.69322622,63.2555644,63.89304119,65.49180026,65.73668513,66.32472572,66.82236159,67.14454899,68.68091658,70.41948769,70.86323784,72.33997806,74.04400383,74.13743076,77.05036588,78.56654711,80.52390855,80.5633038,80.70299195,81.98165482,82.18991586,83.84519951,84.93013366,85.30827497,87.45959615,87.74047692,89.90475849,90.53780481,92.22048127,92.46233694,93.88733518,94.81730013,95.09617145]","[0,1,1,1,0,1,2,0,7,4,7,7,7,3,2,3,5,3,2,5,7,3,1,0,4,1,5,1,0,1,1,3,2,1,1,0,0,0,1,1,4,2,7,2,3,0,5,0,5,1,0,1,1,0,1,3,7,1,0,1,0,0,1,0]"
"[0.82988147,1.18079221,3.59956998,8.54390304,8.78896207,10.13850379,14.64986602,14.72893704,16.71614225,18.78970712,19.29915291,19.84162615,20.88932136,21.06791681,21.28895747,21.84324219,22.15901732,22.3813196,22.60631542,22.73245202,22.8524465,22.88513014,23.12698528,23.21136177,23.63906009,23.64626353,23.65857785,25.56501039,26.79938267,27.09635058,27.34761316,28.0311614,28.35737153,28.47423127,28.76506921,29.47381156,30.79626911,32.79194825,33.48797047,35.18548051,40.18371227,59.14657876,59.49637488,61.26703611,61.52403584,63.84907831,63.99294957,66.83585535,71.70252765,74.37944562,75.17194767,75.88094425,76.52714192,78.36119927,79.45133051,80.99989399,84.86199115,86.07064404,86.9873953,92.46027389,92.69657116,95.27687106,96.38514798,99.83649445]","[4,0,5,0,3,5,2,3,5,1,0,4,0,1,0,5,0,1,1,0,1,1,1,0,0,1,0,6,1,5,0,1,0,1,1,0,7,5,2,0,0,2,1,0,7,0,1,1,1,1,0,1,0,1,1,7,7,3,0,2,2,3,5,4]"
"[0.54753228,1.16976132,3.77610655,3.88065703,3.88566421,4.15631083,4.43232864,4.48133901,5.65688383,6.86994561,7.65290422,7.74601113,8.65384723,13.36635493,13.4104915,14.32108204,16.11709482,27.66019002,29.30924598,29.78208978,29.96555249,30.04734211,30.83509072,30.87997881,30.90557988,31.34790228,32.07526381,32.45621893,33.42548505,34.19848563,34.5502818,34.98356347,39.37002894,41.85565003,44.87288387,46.5446254,50.03737951,50.94074556,53.82411887,54.88119324,55.92884465,56.42437491,60.0216866,60.91121307,65.23877179,65.33474752,65.98078728,66.00009761,66.3405043,70.29357305,74.30485112,76.23225424,76.81748396,78.68628006,78.78124555,84.2365215,84.41666225,84.92890711,88.07358708,89.0099056,89.40056131,89.54588778,89.66683176,89.98760609]","[3,0,1,0,0,1,0,5,1,1,1,0,0,0,5,1,7,0,1,0,0,1,1,5,5,0,1,2,7,6,0,1,3,1,5,6,2,5,4,0,3,2,2,3,7,1,0,1,6,5,2,2,6,1,6,7,6,1,2,3,2,1,0,1]"
"[4.50058771,5.31006098,5.7262334,7.05462063,13.00370176,15.4837187,15.53527266,16.95962901,17.07248837,17.31679332,18.39031331,22.51777323,24.49246993,24.60860975,25.00371123,26.35145202,26.4825586,26.83892132,26.962747,35.94054679,35.97344626,36.67417906,37.85548219,37.87674743,38.20075866,38.69714558,40.13748521,45.19965126,52.47135726,52.50621772,52.72430601,52.87034825,52.89367912,53.33073382,53.35847561,54.09209055,57.64230136,60.79344887,60.8119488,65.2408525,67.6481587,70.68387831,71.11115395,71.4825091,71.80337997,72.21991945,72.40618611,73.63422392,73.95037532,74.2838015,74.50120896,74.65275354,74.87542466,75.71127816,76.41714087,76.50085341,77.26862777,78.01841766,78.43194154,80.95437581,81.07201762,81.11018119,81.99561711,83.47130944]","[3,0,1,1,7,3,1,3,1,0,1,1,3,2,3,3,1,3,2,3,1,0,3,3,7,3,7,5,4,3,2,4,4,2,3,1,2,0,7,1,1,0,1,1,7,5,2,1,7,5,0,0,1,0,6,0,0,1,1,0,0,7,1,1]"
"[0.10982153,0.35932098,6.57132281,6.98347139,9.71318981,9.74161483,10.80004098,11.94204645,12.16659646,14.56176623,34.16313529,35.55113345,36.47834372,36.60389244,47.64041615,49.40427349,54.53286141,56.81888942,58.52510655,58.94504388,59.13731826,61.03321073,62.5705802,64.031322,68.50358831,68.59258127,70.85813088,71.37177301,72.0457027,72.90985987,73.6820104,73.87687291,74.13568148,74.23155544,74.86224694,75.13447971,75.50776089,75.89969608,76.20733133,79.15059049,79.34680552,81.78501021,83.30055806,86.48837929,87.32485998,87.67934608,89.20331488,89.22825136,90.0689861,90.26519338,92.48677827,92.73074938,92.8061794,93.06936501,93.86244125,93.93549769,94.23462146,95.22674133,95.29078636,95.39755086,96.58381521,96.76471261,96.86446747,97.42273797]","[5,5,6,7,2,3,6,7,3,7,2,5,2,7,3,2,1,2,1,0,1,1,2,5,0,1,5,1,0,1,0,2,0,3,1,0,1,1,4,2,1,0,2,4,3,6,2,2,3,3,2,1,0,3,3,0,6,1,3,3,6,1,0,2]"
"[14.05585221,16.81253792,23.34885684,24.01723274,24.7225257,26.70341048,28.37769521,28.96913296,30.77069096,31.52709008,32.19163237,32.88869228,33.10503874,33.44437246,33.62124569,33.65318956,34.34935347,38.40426288,43.77304514,44.68212486,44.90350426,45.10785431,56.89469907,57.76343444,62.37679054,76.38364418,76.55612984,80.37491155,83.4110401,84.71561343,85.37401652,85.60361238,86.37315266,87.28091933,87.63682133,87.68261082,88.47506675,89.432938,89.50388792,91.58103537,92.14370974,92.17692214,92.24945335,93.09058095,94.72903261,96.05868948,96.93211952,99.87272348,99.88937479,101.96179066,102.59390977,107.61984798,108.14143067,108.50136339,109.78445368,121.03465489,121.67896693,121.78559861,123.9174644,124.14836416,124.34508353,128.55687475,132.1520018,142.03449478]","[5,5,3,6,4,1,4,5,1,2,7,3,3,2,4,2,3,4,6,2,5,3,1,6,4,0,1,4,0,1,5,0,1,0,1,7,0,0,5,1,1,6,0,1,1,5,0,0,7,4,7,0,1,0,0,2,1,0,3,2,3,2,2,0]"
"[2.4375489,5.22936637,6.79026612,9.28865924,19.57546511,24.89681987,25.07835858,39.96809515,44.28626355,45.06774952,46.61049017,48.27350241,49.01861339,50.29473245,50.54772843,51.62572231,52.16882304,52.26295686,57.60028341,59.03177738,61.16848755,62.8077012,62.89031796,63.84497839,64.08610239,64.09204608,65.01440895,65.05909639,65.74884605,66.89402624,74.86104148,75.17396964,75.26520073,78.72787669,78.76316783,82.88828579,83.87822543,84.10185019,84.3717579,85.12932665,85.28632004,85.46154631,86.68964425,87.20257722,87.87907121,88.02762092,88.89025949,90.70987454,91.56073491,93.8857752,95.19640468,98.14679372,99.5464789,101.88988953,103.87033615,103.87852806,103.89264599,105.2372213,105.72433677,106.07529922,106.26941093,106.35712141,106.50199059,106.7190442]","[0,5,5,4,5,0,1,7,6,1,6,1,7,6,0,1,0,6,4,3,5,0,0,7,1,5,1,0,6,0,1,0,0,5,1,6,1,1,0,1,0,0,5,4,1,0,0,0,6,1,0,1,0,1,2,3,3,1,2,3,2,1,0,2]"
"[0.61771071,4.09273838,4.70230169,9.12147356,9.65139837,11.02118351,11.12410044,17.19636696,19.86900617,20.57277467,20.62129379,20.71353462,35.96453259,36.2394122,39.07146941,39.77988281,42.11955573,44.0099496,44.54849423,49.63350093,50.48580883,50.87664092,54.53439284,54.73559355,54.7859769,55.4155244,56.11666921,57.31409751,58.11016566,63.11441374,65.43377711,66.69157778,68.21446272,68.47173693,69.66261634,70.59567409,72.8510436,73.83245851,79.07407951,79.70938529,80.5032475,81.56051056,84.84456639,90.05254097,102.10811225,102.22919694,103.87133489,104.70403203,105.13976124,106.18437036,106.64539729,107.24535962,108.89735176,110.78873167,112.53377206,112.87651674,123.57845878,127.55422922,135.39317203,138.65720819,139.7809139,144.18730929,147.8677715,148.59371948]","[7,7,1,5,5,4,5,2,2,3,2,3,7,7,0,1,7,7,0,1,0,7,6,1,0,5,5,1,1,2,4,7,2,1,1,0,0,4,7,2,2,3,3,5,7,7,0,7,1,2,3,2,3,4,3,5,7,2,3,5,7,4,1,0]"
"[0.71187428,1.25548974,5.10960296,9.10087346,11.34556013,13.99714429,14.22307953,18.84272296,21.1512615,21.70639827,24.52074452,27.56934801,33.65173921,36.45948489,41.26893542,41.74454868,41.95652864,42.32343714,42.72978244,43.76255363,44.63822219,45.10959976,45.88179239,49.3643762,49.51081589,49.76486752,52.30225377,52.62801519,53.08863435,55.50676736,56.61213055,57.03434869,57.18682532,57.76980398,59.6283465,60.36748009,60.73449138,61.49553703,61.54561196,61.5579638,61.8139075,61.86528718,62.16589644,62.18761524,62.19344183,62.19778715,62.39477639,62.68803131,62.85294312,63.10864425,63.94825214,65.26415817,66.53637458,66.86414857,66.89276376,68.16773239,69.67301804,73.6051058,75.88341435,86.01720203,86.4371279,90.12870303,90.84330187,96.30476189]","[5,4,2,7,1,2,3,3,4,3,2,3,7,7,4,3,2,4,3,1,3,0,2,7,2,6,0,1,0,1,2,1,6,3,0,5,0,2,1,1,1,0,3,3,0,1,0,2,1,4,4,2,5,1,1,0,0,4,7,4,2,0,1,1]"
"[1.35896302,2.17567842,3.32316196,4.4822889,4.48538084,4.63806582,5.23499815,6.82691102,7.19276376,7.41502982,7.55614645,7.63527606,7.99286494,8.43866994,8.76337285,9.04665584,9.05130453,9.42974094,9.51416455,9.9961759,10.1726862,10.28508678,10.38230092,10.65865518,10.79689766,11.09483701,11.19614306,11.73064148,12.84472105,13.14893154,13.77954406,13.83849735,13.96252669,14.05304486,14.60390843,15.16167355,15.26103929,15.33033236,15.91148691,16.55668198,16.60928298,16.69915087,17.13612213,17.34926311,17.55810137,17.68783911,17.91520209,18.2654905,18.44516754,18.74508591,18.86727695,19.56116197,20.39275372,20.52687437,20.71440448,23.58087026,24.38524215,24.85139801,25.0522962,25.7277247,26.30390069,26.5931552,27.06686712,30.08172903]","[5,3,0,7,1,0,0,1,0,0,1,0,0,1,7,1,1,1,0,0,5,0,0,1,0,4,1,5,1,0,1,0,4,0,5,0,0,5,1,0,1,1,1,0,1,1,1,1,0,0,0,0,1,1,1,1,0,0,0,1,4,0,1,2]"
"[1.03279302,1.33031015,2.15882246,2.55959569,3.3151941,3.9773109,4.07361284,8.31599375,17.91039281,20.54259126,24.04883398,27.12740948,30.21776196,38.99060761,43.25293278,47.22983655,48.71835537,49.18818782,51.78587304,51.82040353,53.1109136,55.37672012,55.44336045,59.26136127,68.53659061,68.97683785,69.55198949,74.5215377,78.4151081,80.44448965,81.57602098,87.19571647,88.75099401,89.04655496,92.73348614,94.11377036,100.02234136,102.84429659,105.41402803,107.65866886,112.39801794,115.2500009,116.83789973,118.02243006,118.93852935,121.1143146,121.52083347,121.82649803,124.88738386,126.7971815,130.57553359,131.3282704,131.41947007,132.10448335,132.81003025,133.06604436,133.81472619,133.87002859,134.39133408,134.82877693,139.63192682,139.71958837,142.83619268,143.0101594]","[1,5,0,5,2,3,2,7,2,7,6,5,3,5,5,2,3,7,3,5,2,3,3,3,2,3,7,7,0,4,2,6,2,3,5,5,1,0,4,5,4,6,1,7,0,1,0,1,2,5,0,1,0,1,0,1,0,1,1,7,7,2,0,3]"
"[1.03413823,2.4629963,3.47658502,5.45156655,8.06754622,10.27776924,10.87539749,13.04923098,18.71328863,19.55192411,20.95788642,22.31914608,22.67039191,23.00124501,25.7747175,27.3136819,28.43781089,31.25845801,32.6229806,36.4491704,37.10292546,38.32110928,39.18092266,39.41067977,39.52157742,40.52251773,41.76198345,42.05038948,42.6077901,42.68622001,42.79083062,43.12704999,43.71921571,44.48819893,44.7322551,45.35920345,45.61292248,45.67245105,46.02365511,46.09934312,46.19789535,46.22264942,46.23160287,46.69632551,46.7518147,46.76503888,46.79433955,46.93709997,47.08443588,47.94619132,48.06588845,48.27353579,48.43740222,48.99968432,53.5657619,55.26416299,55.48834907,55.84615025,56.18573866,56.61115704,57.16710301,57.27663284,58.82200034,58.86650619]","[0,5,5,2,7,0,2,3,3,7,4,2,3,2,2,2,3,4,3,2,3,1,0,3,1,0,1,1,1,0,2,1,0,0,5,0,1,0,0,1,0,1,0,5,1,1,7,5,0,0,1,1,5,0,4,3,2,2,2,7,1,0,3,1]"
"[0.24705987,4.38505768,5.8446871,9.26999085,9.91261513,13.38323519,13.86089389,15.02981087,15.37451046,17.83745898,18.14829075,18.62971773,20.14227609,23.42211821,24.40920596,25.07750638,25.45191758,25.91882661,27.34162661,27.54572399,27.58999481,28.01918488,29.12455468,33.29631046,35.10199606,35.18213015,39.1873491,40.26693692,40.76484711,41.90884878,47.60288249,52.40952953,53.84285228,56.09060156,56.77004574,57.5447463,58.31601894,58.56175145,63.60016971,64.16807765,65.44066921,65.6959871,65.81755241,69.85514021,72.145935,72.69958416,73.11590013,76.07569768,76.63449883,77.51980076,78.39670185,79.06330355,79.36924689,81.61271774,82.62450007,82.70127359,86.16591789,86.82450841,86.90989868,87.26964095,88.20376612,88.207889,90.05715865,90.98540527]","[5,1,4,4,0,5,1,6,2,1,0,1,0,3,2,2,3,0,7,4,1,0,0,5,7,3,5,5,1,5,2,0,1,1,0,5,2,1,6,5,0,5,1,1,0,4,1,7,1,6,6,4,0,1,0,1,1,0,0,1,7,1,1,7]"
"[1.87705522,6.01200884,7.75773534,8.11086745,9.68746429,11.90747907,12.26898757,12.34795541,12.40619602,13.41236398,14.24378943,18.50906292,19.58159057,20.43735559,20.87176923,20.95461484,21.57314542,23.84441813,27.87508331,28.16123926,30.93597812,39.44090739,42.56472288,45.57284911,46.34281824,46.4636279,46.8708103,47.05564046,47.47041277,47.64884356,48.05452149,55.74193099,56.19186086,66.03371187,68.80725716,68.83411783,68.91998873,70.51455332,70.53884222,73.39281929,73.76649727,75.12581089,76.6398029,76.8673565,76.95185428,76.98852981,77.6808883,78.65323493,78.7096872,79.85330182,81.59718479,83.24964923,83.70209921,84.54764807,84.76220264,87.90529072,88.42230934,89.21017222,95.96796657,98.04685479,101.90216174,103.19511181,103.20402692,103.32227544]","[4,4,5,7,1,0,1,0,0,1,1,3,1,0,0,5,1,1,7,5,1,3,2,4,0,1,1,1,0,0,0,7,5,1,0,1,1,1,0,2,4,3,3,7,4,0,7,1,5,5,1,4,0,6,6,2,0,1,1,5,4,3,6,2]"
"[2.34103431,3.32013632,3.56743428,7.46808384,8.9073055,9.14802298,9.45934815,10.44688503,10.94449701,20.71920535,26.33591084,26.48284937,26.55880198,26.97246536,27.05406496,27.78106965,28.88229808,29.4112267,29.78858032,31.24874706,32.20096051,35.51665111,42.28904114,46.08742549,52.7876085,54.59248097,56.13925922,57.16629789,57.60365387,58.62115683,60.18149664,60.59596688,60.86377779,61.16341069,61.1990192,61.19978123,62.11119123,62.77472872,63.15192685,63.26106588,63.73778248,64.08905801,64.40736762,64.45692666,65.03036966,65.32454665,65.48815467,65.88591746,66.77186024,66.77574466,66.82668797,66.97672149,67.14759759,67.21920669,67.3026177,67.65916677,67.77052729,67.8459846,67.94241883,68.09505046,68.25381588,68.26329298,68.4974636,69.70811767]","[7,0,1,3,4,4,2,1,7,1,0,3,2,6,7,2,3,3,7,3,2,2,1,3,4,3,1,0,0,4,1,2,3,0,5,3,0,1,0,1,5,1,1,0,0,1,0,1,0,1,1,1,1,3,0,5,2,1,0,2,3,0,5,1]"
"[1.75336232,1.98179956,3.21645183,3.98922782,7.13094311,7.31327197,8.53877823,9.28258119,10.02165194,10.06792828,12.26524351,14.15199712,14.90710256,15.7463319,16.41293384,16.76055451,18.12344886,18.15159083,18.43599727,19.59361406,23.52898981,24.06181507,24.8491276,25.5067151,26.71374214,26.82079397,27.13966146,29.82927697,32.33334771,34.23221654,34.72476541,35.64033397,36.03093738,36.69816149,37.20236004,37.47317848,38.35852288,38.49357328,38.80905115,44.62294973,44.99851,46.0063519,48.96029363,50.31763416,50.46834678,52.12250702,53.18065876,53.55762236,53.61982089,55.58982931,56.32260435,57.68337018,58.01585354,58.41837562,59.04797987,60.09641255,61.88666519,62.46935262,63.50274924,66.96264725,68.72731726,68.88376238,71.29626603,75.01644553]","[2,3,3,0,1,0,1,4,0,1,0,1,0,5,0,1,0,0,1,1,0,5,1,6,0,0,3,1,2,3,2,5,3,1,3,2,6,5,3,3,6,5,5,2,3,0,2,7,1,3,0,1,0,4,0,1,2,1,7,0,3,2,1,6]"
"[2.64916655,7.11937706,12.04305728,13.17620229,13.21265812,13.28016176,16.21237693,16.91667019,18.36318064,19.53093929,19.66903296,20.69712236,20.87482081,21.45667697,21.72667013,21.74959822,22.32761014,22.7702304,23.21353087,23.39187375,23.49033874,23.51062703,23.79695391,23.84161727,23.89879159,24.1776639,25.8300859,25.95878782,26.27568583,29.41301446,29.58417316,29.71901815,29.86671347,30.01254898,30.05899316,30.09964477,30.12318913,30.1723183,30.92633043,31.3656366,31.81645044,32.85863623,32.89143195,34.28336692,34.81851659,35.23995089,38.26745726,40.11741227,43.6286451,43.97860002,46.4123168,47.51470671,47.65768428,50.75486151,51.1635561,56.6528861,59.80035448,59.83831246,61.38758219,63.76770008,64.0996768,70.96692547,86.13960732,88.01858318]","[7,6,0,2,3,1,6,0,1,1,0,2,1,0,1,1,0,1,0,3,1,5,1,0,0,1,1,0,1,2,0,3,3,3,4,5,3,3,2,2,3,4,2,7,0,1,1,2,1,0,7,4,1,5,6,4,5,5,5,5,5,4,4,1]"
"[0.15505417,6.30904762,8.45209826,13.67186069,17.29678631,20.29190656,25.16153077,31.95409157,36.85734377,37.81492282,38.24536448,38.783647,39.45730895,40.31950843,40.3613795,40.83324481,41.09133128,41.26067558,41.33680485,42.15329743,42.38317391,42.95675867,43.09405184,45.55827811,45.77122553,47.54553049,51.24277907,53.9409709,55.37529071,57.11095254,57.83016846,58.89820047,58.99622884,59.13840991,59.14092326,59.14329299,59.68702458,60.75175326,62.15743994,64.46204603,65.12184765,70.1916918,72.08500608,74.04475406,75.74704025,76.56340639,78.38956499,80.22455835,87.92558783,89.99174525,90.85421767,91.28702005,93.56072933,93.60835081,93.62437154,96.21765457,96.6162381,97.30953952,97.41062658,99.20592902,100.05802434,101.16021357,102.24875074,102.49201857]","[4,7,4,2,3,7,2,5,0,1,0,0,1,0,0,1,7,0,1,1,2,3,3,3,1,0,0,1,0,0,1,0,1,0,0,4,1,1,0,3,5,4,0,1,0,1,4,1,1,6,6,0,3,2,3,3,5,2,2,3,2,7,5,5]"
"[0.353391,1.44602564,1.72934288,3.48633891,3.50372784,4.63333363,4.88137855,5.67235932,7.87859357,7.98566031,8.06917053,9.26290548,9.38881437,9.61561295,10.28002747,10.3430395,10.52062148,10.70274883,12.44733245,12.48808172,13.21687408,13.509029,19.30206951,20.06047308,20.41114712,21.91142512,21.92532366,21.93017215,22.3325628,22.49504757,22.52391804,22.83206522,23.63576997,23.67800548,23.72629161,23.97251692,24.35079642,24.5176643,24.62875114,24.93193122,25.27366111,25.28376082,25.34410132,25.35024919,25.55253157,25.58675487,25.75031764,26.55471026,26.67111475,26.70306408,26.83866286,27.08382167,27.31695816,27.63581504,27.83184851,28.22104418,28.23973296,28.29020989,28.88500129,29.10705545,29.12392845,29.46446564,29.50940922,29.56488456]","[0,1,0,5,1,7,0,5,1,1,0,2,1,0,0,3,4,1,0,7,0,5,5,3,3,3,2,3,2,1,3,3,3,2,7,1,0,0,6,0,2,1,3,3,1,3,3,1,2,2,3,3,1,2,1,0,0,3,4,2,3,1,0,2]"
"[2.67331187,3.57303878,5.05502733,13.36248709,18.41068032,19.68274685,24.68444695,28.53673512,28.73904187,29.25371245,29.69014483,31.1925971,32.83964369,35.38725837,36.39973526,36.65166932,37.73325332,38.0749561,38.62637297,40.44001579,43.879245,45.86918202,55.07977537,58.82994699,59.88354858,63.10979222,63.76913787,65.56687288,65.68739352,68.07916825,68.3787867,68.77156245,69.62818523,69.72869019,71.1012317,73.8794626,75.0384613,79.9290308,80.01885516,80.39504946,80.55405436,81.02219024,81.82151645,82.15491711,82.7625498,85.78880685,85.95527674,88.98458068,89.6600565,91.0358349,91.43096355,92.27140445,92.66321583,92.84526615,92.89213037,96.40379388,101.75692102,102.63358623,103.55525542,105.4481097,105.4731996,106.14555699,106.30680687,106.4321911]","[5,5,3,7,1,3,4,2,3,3,0,6,0,1,2,0,1,1,3,5,2,7,5,6,3,3,1,5,4,5,0,6,7,5,4,4,4,4,1,0,1,4,0,2,0,5,1,5,1,0,1,0,6,5,0,3,1,0,1,1,0,1,3,3]"
"[8.06649498,22.38555959,23.19129659,24.02537625,25.33933942,25.36419539,36.1772483,51.52141369,51.99713592,53.98019099,55.08801161,58.52980606,61.11505707,62.14756745,62.29496878,63.48172775,63.57371748,63.94020241,64.81813153,66.94583335,67.00958872,69.27710934,69.32736292,69.60742471,69.98819126,70.02108281,70.18713222,70.26046928,70.4780098,70.84617502,71.08898694,71.3411112,73.50570705,74.84296028,75.84533375,76.6315608,76.69014846,77.5586344,77.9340493,83.56466496,84.54359927,84.62168627,84.93318344,85.0884793,85.36942727,85.72677631,86.207879,86.21875228,86.34522623,86.44586845,87.34864113,87.89431806,87.97490049,88.33186927,89.1536007,89.9765987,90.29222593,90.39592518,90.54994361,90.75485476,91.47075046,91.70283306,92.13409606,92.92051003]","[7,5,3,1,0,7,4,0,5,2,3,6,3,2,3,0,1,1,1,4,1,0,1,1,0,0,1,0,2,0,1,1,1,1,0,6,1,0,0,1,4,0,0,4,1,5,0,1,0,0,5,5,1,0,1,0,1,0,0,1,1,2,3,0]"
"[1.33898899,5.11094018,5.81176477,8.17890463,15.41635652,15.83929043,16.06135526,16.81735877,17.23089898,17.63730258,17.64552784,17.65345979,18.45165753,18.48311259,18.96343091,21.49019739,22.40865695,25.63905385,27.24729898,27.2736545,27.97591841,28.5943356,39.27299128,39.56916051,40.94097108,41.86054155,44.93391209,44.9369197,47.21914301,48.26415791,48.29333433,51.31339741,52.13137047,52.58449044,52.70009378,57.25749189,57.87091962,58.02897163,58.35340126,58.50144744,58.91481308,59.78254227,59.84039225,60.05564683,60.07074377,60.2138799,60.76548057,63.84679475,64.29519729,64.51240879,74.1056688,76.46922661,77.15278669,78.1833058,78.211202,78.36787996,78.43166679,79.079384,79.8665996,80.61016224,80.69954158,81.14943589,81.36736424,82.13268019]","[3,0,7,1,1,0,0,7,1,5,2,1,3,5,5,7,6,1,0,1,1,4,0,5,1,6,7,1,0,1,1,1,0,0,3,7,1,0,0,7,4,1,0,0,1,0,1,7,7,4,7,0,2,2,1,3,0,1,0,0,1,1,0,0]"
"[0.65662549,15.20058072,20.87788114,21.43619041,22.59368024,24.64801338,24.76696533,25.37396937,27.15877393,27.38029268,31.85685615,33.18678794,33.55482864,34.10906746,34.55423973,36.51913883,39.30952086,42.50912738,43.16882611,46.71151716,46.94819336,47.52424834,51.02019736,57.20122544,57.84822245,58.62021876,60.98957577,66.75670221,68.26916734,69.53886182,73.80652449,80.2816408,80.97254245,86.40046338,89.57134159,89.808659,92.48568816,93.04034361,94.52070358,94.56699677,94.74489495,95.347781,95.62570505,96.09485245,96.53906645,98.32005593,101.03311494,115.33527816,116.38725219,116.53476699,116.76768297,117.03731036,117.45381157,117.81183844,117.88984109,123.35331122,131.85916309,133.66106384,147.51504379,151.71884479,156.5056784,158.4804202,162.16593603,162.26073999]","[1,2,1,3,2,3,2,3,2,4,5,4,1,0,0,1,0,4,3,0,2,3,4,0,0,1,2,1,0,1,5,0,1,5,6,7,2,3,1,6,0,1,1,0,4,1,6,5,0,7,1,0,1,0,1,6,5,5,5,3,5,3,1,1]"
"[5.55330942,6.44992201,9.9907871,12.59914361,16.75996784,17.09482934,17.11094355,20.24236449,20.53769458,21.10145818,23.52984128,29.0473961,29.72204389,31.42810194,32.41248335,32.60218717,35.49641493,43.24768632,43.77786968,44.98537993,45.00340601,45.42378103,45.99286367,46.68416582,49.14872366,50.70270322,52.86691861,54.26267277,59.25777053,59.91351031,60.61334453,61.74697869,62.37894096,63.70936299,63.76242919,64.46005649,64.93903165,65.21702908,67.07149406,67.14940444,67.64813492,72.23967728,72.39799306,72.56017266,72.85342137,73.93026963,76.57252132,78.80404908,81.01136815,88.94323099,96.77196799,97.12838781,99.74370484,100.55036083,100.97986414,103.17419153,103.87715271,104.22802945,107.26139734,107.53469629,107.92021443,107.92469956,107.95713019,108.04826669]","[6,3,7,7,4,0,5,7,2,3,0,5,1,4,0,1,7,3,1,4,4,0,6,0,2,2,3,1,6,4,1,0,2,3,2,2,3,3,2,3,3,3,2,2,3,7,7,6,1,5,1,0,7,2,3,0,7,1,5,1,2,0,1,0]"
"[0.81547159,1.85313141,2.83209809,4.0530077,4.99375877,5.29617553,5.48825169,6.29857122,6.93087469,10.37838198,10.90862444,14.28026177,14.76716145,16.8721086,28.68903307,29.36416604,30.78651262,31.04621223,31.49499259,31.73172981,32.25213562,32.3077997,32.34482746,32.56340081,32.82944072,33.0995021,33.1076849,33.24662545,34.50838419,34.6208294,34.85145897,35.72944866,36.39970924,36.61408063,36.63642432,37.44065554,40.79305524,41.83509857,41.95718308,41.97804978,42.58424793,42.92231218,46.05470612,47.34123891,49.11871484,50.9179725,51.29003756,53.18111708,54.19456815,56.02206653,60.52237861,60.89133232,64.03273584,65.35258041,66.56652805,66.82318945,67.01643091,67.55171021,68.26658729,68.73578207,69.32576637,69.94419849,69.97484087,73.0516742]","[2,3,3,1,2,3,3,3,2,7,0,5,7,3,2,0,1,0,3,1,0,1,4,0,1,3,2,3,2,3,0,0,2,2,3,2,1,0,1,0,7,0,0,3,4,2,0,2,5,6,3,5,7,7,4,2,2,7,1,7,4,2,3,7]"
"[5.11954363,8.09376204,9.42308541,11.29494847,22.7717535,23.31162446,23.48132129,24.81714696,25.06807096,27.28712572,28.31717904,28.43407319,28.53475086,29.16619155,29.52514436,30.18438387,30.79989395,31.25541537,31.4729346,31.73365765,35.91756567,36.68627552,36.82241426,37.02077221,37.72212741,38.15295683,39.4301551,43.37931127,45.14497662,46.15173968,46.83226658,47.66987879,53.54152122,57.41331796,64.23302761,69.42964257,73.30907218,75.77499972,78.23387538,78.44566123,79.13543198,80.58713582,85.69350318,90.4326964,93.11146028,97.30354951,97.32000752,102.7352446,104.37611327,104.49687878,104.72508812,106.12266442,107.80208245,109.31807612,109.51966944,112.3612151,112.45308652,119.1181434,129.2401303,130.24950807,132.33444984,139.70048183,141.55242427,143.28246092]","[0,1,4,7,2,3,0,1,5,0,1,0,1,0,1,0,0,1,1,0,1,7,0,1,0,0,1,1,3,2,3,0,7,4,2,6,2,2,2,3,0,7,3,5,6,2,6,0,0,2,1,3,0,1,0,5,2,2,3,5,7,7,2,1]"
"[0.32286496,1.52097443,4.71538616,6.65113716,11.57411318,11.93947533,12.24570272,15.08896478,16.80996862,16.97588739,18.26401226,19.53746314,20.11815094,20.25132053,20.49749002,20.83854106,21.12473923,21.23082011,22.85533945,22.93012426,23.14201286,23.15920359,23.75887616,23.77862956,24.40634505,24.45540012,24.83779754,24.96648005,25.26695449,27.0035994,28.39863874,29.72021947,30.32237281,30.48308371,31.42729828,31.45484659,31.48501966,33.30751318,35.6180807,36.61814278,38.60989788,39.28952386,40.60804662,41.51206769,43.85280055,44.0339338,45.23773274,50.50056878,51.25311561,55.27888537,57.2802543,59.59301514,64.53765624,65.41984015,66.7822496,67.53442434,70.02544179,70.96126867,72.2970697,74.92835083,75.64892665,75.91609553,76.61840677,76.90241512]","[7,2,3,2,2,5,3,3,6,3,2,3,1,0,1,3,0,4,1,1,5,1,0,1,0,1,0,0,0,1,0,1,7,0,0,1,2,1,0,0,0,2,5,3,7,5,7,2,2,5,1,6,2,0,7,5,2,7,3,5,1,0,1,0]"
"[2.53339986,6.48909878,12.1780198,12.28765944,12.66313553,12.76284593,15.71954548,20.29373747,21.75781636,21.92101921,23.8344363,24.4044696,24.69852121,24.71975039,28.9266076,29.43067375,30.28691365,30.76706166,31.18537605,31.27953959,31.31027787,31.40143165,31.51471066,31.87461944,32.16638743,32.45684284,32.60232234,32.66113536,32.86226403,32.96981044,33.84457975,33.96173646,34.14442747,34.17876742,35.37875535,35.71052711,35.71661448,35.73029145,35.90593861,37.02769406,37.07281446,38.75125732,39.21321413,39.58620409,40.85148622,41.48234196,48.59694709,49.68841416,50.57199002,51.17648626,52.05181853,52.39059809,54.40948376,55.87341187,58.9102013,68.67903137,70.27304637,70.98085508,75.57642088,76.23405136,77.08856082,77.55379674,78.86697548,82.47803237]","[0,7,2,3,2,5,2,2,7,2,2,2,5,7,1,2,1,0,1,0,0,0,1,4,0,1,1,0,0,1,0,1,4,1,1,1,0,0,1,0,1,1,1,7,7,7,0,1,1,0,1,0,3,2,6,1,2,3,2,1,0,0,4,0]"
"[0.00854893,3.57339114,4.2599104,8.77971244,10.76525383,27.98742832,34.14125057,37.57467951,38.22114311,38.23424584,38.80200026,39.65785615,42.29826982,46.95474389,47.44582749,48.73492346,48.81356907,51.31137316,55.5412763,56.15904352,56.90953219,58.49468123,59.1805111,59.19541,61.56646208,63.8458744,69.35105567,69.56827005,69.61966476,74.77790436,74.81777899,79.8574276,89.3116092,91.3828993,96.85252162,98.03593724,98.94085046,100.11349868,104.12783613,106.07991628,109.16773101,109.51302494,110.49088265,110.78433901,114.4606851,114.77700248,115.27798849,115.51471199,116.75224149,117.23985491,118.13992887,118.23671305,122.36633962,122.53206047,124.35207136,124.47661812,127.60005463,127.62530828,127.65278268,127.99090883,128.28965939,128.46797159,129.22229573,129.29486693]","[7,3,1,0,0,7,1,0,1,1,4,0,1,3,2,1,3,0,5,4,1,0,5,5,0,1,1,0,0,7,1,5,5,1,7,1,1,2,0,1,0,7,5,1,1,0,0,0,3,1,2,3,7,6,3,6,2,2,3,3,4,3,3,2]"
"[1.6510342,4.86189924,10.73521859,10.92506713,11.17029555,14.15115111,14.66332958,15.18863241,16.03904906,18.39995731,18.5956786,18.80035234,19.51775163,19.63950456,20.02597413,20.39659341,20.87258706,21.74097214,23.10791039,23.57782388,26.18928616,27.58943638,27.61791747,27.89787829,28.422658,28.71495295,28.91168717,28.92012227,30.96816625,31.50274452,31.80060195,31.81658538,33.59424207,36.70870317,36.87127613,37.22474607,37.78061511,38.15742961,38.40416468,39.14555381,39.65859536,40.64269702,41.35888698,41.74586994,42.55935956,42.61222746,48.37470376,49.09028882,50.38694925,51.44591226,52.20058364,53.06501029,53.28693965,53.53693365,54.34413154,55.64712228,56.21325096,59.99404289,60.49124916,61.58994388,62.95286792,63.83320931,64.98960921,67.5395237]","[0,4,1,7,0,7,4,5,6,0,5,1,7,0,2,5,3,1,1,4,0,1,0,0,6,5,1,0,2,3,5,7,3,2,3,7,2,2,7,3,0,7,7,1,1,0,0,1,5,1,0,4,1,0,1,0,1,7,6,1,0,1,0,0]"
"[0.02200249,3.94148964,4.10426171,5.26883834,6.0505122,8.0889268,8.21960548,8.43819251,13.58357826,13.7336325,16.05486155,21.59610954,24.52703107,27.72864861,27.99078661,28.22122338,28.29163807,28.40219888,28.83496022,29.61404112,31.45135911,31.544349,32.06616115,32.17596976,32.39047588,32.56275052,33.30695635,35.66477692,35.84231195,35.9444743,43.93803591,46.65522589,47.1001088,48.23713527,49.09152945,49.67729013,50.13832889,50.15918233,54.24333784,54.85444885,57.94112409,59.67562994,61.80468926,65.81985636,67.28691484,70.05566015,71.98010053,72.7006475,73.09326294,73.14244682,78.20722247,79.86002851,87.52460306,87.66205024,88.31088266,88.51529211,88.56674676,88.68484947,89.11280256,89.72279953,89.74062142,90.64021956,91.22327134,92.13165477]","[2,0,1,4,1,0,1,0,6,0,2,7,0,3,6,3,2,1,6,0,2,1,0,1,0,0,1,1,0,1,1,1,0,0,0,0,4,5,3,1,6,7,3,4,6,0,1,0,0,0,1,7,7,2,3,3,2,7,3,7,3,7,1,0]"
"[0.17991733,1.7177458,1.87496911,2.07993655,3.31252972,3.54237,3.60260361,3.86204717,4.12106874,4.14708373,4.33240139,4.42761069,4.53708283,4.84561055,4.98019876,5.12608234,5.86040893,6.71738916,6.89528454,7.2637824,8.67772742,9.01240222,9.22226001,9.59981982,9.67822781,9.83128072,10.40664683,10.53568072,11.63607336,12.80114973,12.84608231,14.55770124,14.84134617,15.38926613,16.37443437,17.53051292,22.58979288,22.81786329,22.88855156,23.165713,24.09248016,24.31926018,24.55671872,34.08949218,34.10080782,41.36963643,41.98612924,46.27514116,46.51689548,49.01181535,49.29700898,50.29571069,51.03953388,51.26492576,51.32370492,51.88247877,52.09483077,53.52550273,53.53133791,55.39032184,55.7387706,58.78058033,59.49184772,61.64879624]","[1,2,0,4,1,0,0,7,0,1,0,0,1,0,0,0,1,0,1,1,1,7,1,0,0,5,1,0,5,1,1,1,1,0,4,0,0,1,1,0,1,1,0,7,1,5,2,6,6,3,0,3,1,4,1,0,2,2,1,0,1,0,1,2]"
"[7.53744755,11.53859789,11.54134507,11.66088539,18.34945119,19.25795026,22.73544102,23.93199473,31.29406973,39.78598533,41.39902966,46.01044699,46.19134343,46.3964369,46.49734362,46.83306882,47.32375833,47.33132726,47.46972906,47.59686672,47.9939229,48.10864167,48.4980039,48.68324802,49.31531866,50.6765256,51.11618817,51.21665744,53.7885964,60.41715467,62.33822229,63.29471241,63.56649573,66.56864326,69.09057276,69.44552604,69.53897618,69.74849808,70.49814932,70.8653448,70.90479599,71.35549197,72.07508942,73.36320926,73.68030331,78.6593782,79.33186194,80.24755364,80.91668357,86.5465303,88.58276598,89.17056939,89.44280324,90.03422917,90.08671836,90.20589799,91.22602879,92.28267875,95.91694995,98.77240271,98.8379211,99.26286601,99.52870199,99.75743138]","[1,6,3,5,6,3,2,3,7,5,0,2,1,3,5,3,7,3,3,2,1,3,3,0,7,3,2,5,0,6,1,0,1,1,1,0,1,0,0,1,1,0,0,1,0,0,1,0,2,1,4,1,0,0,2,1,2,1,5,0,7,1,1,7]"
"[2.10277851,3.39774714,7.2609581,8.05407087,10.34330735,11.00112579,11.42785067,11.45069334,12.25953873,15.56416593,16.72965541,17.76182951,19.28032992,19.46386254,20.13674241,20.21461836,20.30675411,20.33783482,20.40125875,20.62631592,20.64970994,20.77009439,20.97690303,21.00575988,21.24072346,21.31028228,23.30936647,23.62014273,24.17839988,25.69872637,25.99348796,26.20921105,27.2480723,27.83450309,28.31991757,28.45941089,29.48527238,29.97345156,30.906694,31.47829968,35.6670701,53.53690714,54.23070686,56.23200545,56.33926466,56.54331411,57.16564539,58.85082314,64.10025658,66.19055937,66.39651541,66.64245711,67.02953008,67.62238954,70.18142946,78.0794668,78.75172253,79.56415946,81.86501183,83.15979685,84.0745171,85.35252843,86.45996172,88.24852972]","[6,6,1,6,0,1,0,0,2,1,0,5,2,1,0,0,3,1,1,0,1,7,0,0,1,1,0,0,5,1,1,1,1,0,1,1,0,1,1,0,5,1,0,5,4,1,1,0,2,0,1,1,0,1,6,7,5,5,5,6,1,5,5,1]"
