event_times,event_types
"[0.6298736,5.49672085,6.12102886,7.42097134,10.83179786,11.18702794,11.68342422,15.64984248,17.71010544,22.074799,22.35180757,22.91444363,26.38760194,26.66357197,28.55997742,30.04707899,31.05948893,32.2715502,37.0294018,37.10111071,40.38789133,40.62621504,40.9262321,41.14520568,41.29192595,41.71056259,42.46986898,42.93778804,43.14944407,44.98542573,46.53062362,46.82174518,47.25303013,47.42503915,48.33937646,48.43879998,48.62489316,49.03397147,50.29670008,51.43802961,51.55125187,51.5531435,51.67052654,52.49443623,52.56445696,52.61885114,52.68289528,53.97871545,54.35431038,58.28335995,64.18666423,66.11478765,67.36736647,67.51411358,68.15823832,68.81759089,69.18083913,69.38679583,69.6128049,71.78445305,73.7958364,75.34786253,77.32258464,78.39909488]","[3,3,6,7,4,0,5,0,3,5,4,2,0,2,4,6,7,6,0,4,0,7,4,4,7,0,6,0,4,2,0,4,1,7,5,0,5,0,0,4,5,0,1,4,5,1,1,5,4,3,4,0,7,2,4,0,5,0,1,4,0,4,4,0]"
"[1.04640842,11.59123427,13.39661271,15.95217039,17.03787441,17.89288605,18.53296493,28.10900359,29.92083008,30.28610513,30.79751384,31.63679358,33.18339015,33.4157315,33.61796784,33.91335685,34.09884891,34.54946109,34.63034821,34.8654077,35.01170356,35.63921614,37.15826835,37.3190096,38.55557947,39.04446639,40.52270421,40.96041058,43.62166671,43.93216802,44.34246408,44.77431458,44.96509091,45.62397591,45.95934834,46.58200151,46.64037937,47.44453922,47.58892525,48.04558012,48.226396,48.6294358,48.89005716,48.96119581,49.29768264,50.23316829,51.07683995,51.60013138,51.8133141,52.81259488,53.21299296,54.63204657,54.96013114,56.55190635,56.82548524,57.14537269,57.52434799,57.57138477,57.67019965,58.13555377,59.04797358,59.31522987,61.25430197,61.81485588]","[1,3,1,4,0,6,6,0,4,4,0,2,5,0,2,4,0,4,0,7,1,4,2,0,2,2,1,5,0,4,5,4,0,4,0,6,5,0,5,1,4,4,5,4,5,0,5,1,1,0,4,0,4,2,0,4,4,0,4,0,0,4,0,0]"
"[7.05003405,9.08363675,9.63428239,9.94986627,10.05790206,10.11735685,10.57414372,10.83156418,11.2406743,12.76578226,13.02400338,13.18636258,13.92505903,15.58984239,15.65739069,16.25076727,17.06178795,20.92006973,21.9185582,22.69381584,22.7172573,22.8097579,22.93702536,22.97189024,23.5132949,23.6963875,23.70157095,24.33811304,24.37004542,26.5636365,26.59471727,29.52071008,32.97773718,36.32381358,39.42256216,39.78711688,41.45901413,42.29410589,46.86715004,47.69129893,47.99822851,48.84968747,49.28276279,50.16724642,50.17381083,50.22823863,51.26708268,51.27849416,52.05172053,52.6642102,53.89776051,54.09439901,54.14834765,54.66528494,54.83754776,57.58939119,60.20054706,60.34351823,60.67421634,61.63989883,61.69357425,61.98152115,63.03353994,64.49636391]","[4,2,5,1,5,1,1,5,5,7,1,5,2,6,2,6,6,5,1,5,1,7,5,5,5,1,5,4,0,1,5,5,0,5,1,5,1,6,5,4,5,0,1,4,1,5,1,0,2,6,4,5,4,0,0,4,4,2,1,4,0,4,4,6]"
"[3.92914258,4.28276637,4.70107367,4.97429188,7.28086901,13.46395342,13.75933944,14.44993047,15.40724764,16.31023867,18.2889766,20.3006341,26.53345853,26.82134785,26.90358645,26.97799615,26.99783752,27.09104221,27.41996213,28.56640977,28.89648661,29.13752816,29.31085879,29.71229897,29.72826044,29.73280134,31.1424094,31.8421716,31.89448306,32.25215973,32.39293471,32.48099064,32.60749113,32.96065972,33.03389856,33.6877507,33.8560012,34.22191542,35.38172431,36.69089897,37.20808238,37.64504357,38.50446293,39.26667663,39.51694035,40.36914165,40.37451572,40.37978233,40.65890769,42.48688083,43.0218809,43.6627507,44.59983545,44.91518264,45.82397566,46.38829977,46.63908918,46.82947251,47.2054145,48.05511539,48.13284162,48.1391708,49.5748078,49.8198385]","[1,5,7,5,1,2,3,0,7,4,2,0,5,7,0,4,4,0,0,2,5,0,4,0,4,0,4,1,6,0,0,4,0,5,4,4,7,4,5,7,0,4,0,4,4,4,0,0,5,0,5,2,4,0,4,1,4,0,4,0,4,0,4,0]"
"[1.9005229,8.14452054,8.31859527,8.56309421,9.69393765,9.71426476,9.7936961,10.18687677,11.587823,11.86301775,11.88167899,13.24259313,13.48892804,14.82690619,15.08099868,15.81047852,15.92891202,16.57374965,17.8296577,17.83302474,17.87452608,18.64498918,19.14364234,21.32529515,21.33055877,21.73728546,22.68157806,25.7751449,28.482937,29.55421598,30.472461,31.80198481,31.92950071,32.15454489,33.7289496,35.04842036,36.35651198,37.55646622,38.62348525,38.93371861,40.15481646,44.40575393,47.57668893,47.78527129,48.14862424,48.15472107,48.42244715,50.17003505,50.77121206,52.53296442,52.93458597,53.87805527,55.07889571,55.93013566,61.11373012,61.20215564,61.28083344,61.74474819,61.86644033,73.39951478,75.07617279,75.08134081,75.12104543,75.23096309]","[2,5,1,5,0,5,1,2,1,0,5,5,1,4,5,2,1,5,1,1,1,1,5,5,5,1,0,3,6,0,4,1,5,5,5,1,4,1,7,1,5,1,5,1,1,5,5,1,5,1,5,1,5,6,5,1,0,5,5,2,6,1,5,1]"
"[4.15169642,4.71713622,7.78327282,8.34475769,8.51980547,9.30061954,15.66089221,16.66561402,24.14112444,26.93097573,27.79378423,28.06425377,28.11239474,28.51058825,28.70627974,28.91343919,28.95121165,31.6665067,32.73120799,33.51500696,33.91432574,34.11924986,35.87563909,36.0016436,36.59314733,37.03715214,38.29930413,39.55227239,39.61638733,39.66814483,39.68906286,39.90971483,45.10078261,47.14159255,48.11939046,51.15320451,51.31781449,51.54800543,53.02104954,55.5945072,55.62305111,59.14626031,59.15837198,59.24884954,59.93466776,61.31117175,73.00122624,73.90214275,73.92898293,74.01122458,74.22536268,74.62337999,74.73948677,75.07528484,75.14066403,75.99118221,76.25606855,76.67292161,76.77467383,76.96921008,77.35660149,77.52988451,77.66073568,77.7083118]","[4,6,2,7,4,0,2,3,2,7,0,7,4,6,4,0,6,4,0,4,3,4,2,3,3,0,4,5,3,4,1,0,7,0,4,0,1,4,6,1,5,5,1,1,5,2,4,2,1,0,4,4,0,0,4,4,0,4,4,0,0,0,4,0]"
"[0.84121608,4.22311203,5.75064316,5.85652579,7.38008705,7.79954755,10.00079822,10.49190629,11.14595484,11.48641836,12.00024419,12.27106592,22.7698589,22.89483353,23.08625609,24.15497183,26.22661751,37.53667559,38.33861915,38.63838755,38.87700671,38.93628165,39.03321968,39.07125501,40.06985176,40.16675351,41.56760793,41.76813134,42.53274805,42.7210235,42.87074319,43.03025247,44.74276301,45.83860645,47.84356088,49.67231035,50.04596676,52.59972198,54.71754224,54.75629313,55.64367122,59.56653751,60.30570481,74.04453294,78.40390397,79.2467486,81.12315217,81.22716429,81.51486603,81.53135845,81.90875901,82.26044965,82.45269407,82.80508909,83.20874946,83.63554246,85.39734505,85.63017941,91.81219186,93.6494368,96.34757048,96.87449066,97.03946581,97.2186495]","[2,4,2,0,0,6,4,5,1,2,1,5,7,7,0,5,5,5,1,5,5,1,5,5,5,1,1,5,1,5,7,1,5,1,3,7,7,0,4,2,0,0,4,6,7,7,1,0,4,5,4,4,0,5,1,4,3,2,4,4,0,7,5,4]"
"[0.16823266,6.8702503,7.85272955,8.52766228,8.89166632,9.82094507,10.61324885,11.04435226,11.76896251,13.58439909,13.62546972,13.73652433,13.96421355,14.07239132,15.24277876,16.12858345,17.4075889,20.3864878,21.79937333,23.15817556,23.78964431,23.88310507,23.99617632,27.37557101,31.95503044,33.5962829,35.31695064,35.87507163,40.73369732,43.24718122,46.03538043,48.78567804,48.97916226,50.15027681,51.31300431,51.35411182,51.88250658,51.91567334,52.83506211,53.51857048,54.26159811,55.08087571,55.29708761,55.5515422,56.63184743,59.2117847,59.24901188,59.79102162,60.67297909,60.81242125,60.88232203,61.06341914,61.37054738,61.40585505,61.58599271,61.99091563,62.94723229,63.59073729,64.13374679,64.25422046,64.74959647,65.82966456,65.88721242,66.28636388]","[1,0,6,4,0,0,4,0,1,4,2,1,0,5,0,7,5,0,4,0,4,7,0,4,6,0,6,3,2,7,6,7,7,5,5,1,1,5,5,5,5,1,7,1,1,1,5,1,1,5,1,7,5,1,5,5,5,5,0,2,1,5,5,4]"
"[0.75912517,1.73157118,3.44041848,5.92372324,6.34388251,6.91068415,6.92868851,7.54848977,7.91824345,7.93188767,10.24077053,10.64044931,11.6328017,13.29007174,14.94011759,15.95740457,19.85805326,19.9058294,20.53673787,20.76843982,25.98742742,28.13540278,28.27873995,28.50196502,28.99945526,29.84752235,33.89423295,34.78162169,39.15896987,42.11937866,42.17180608,42.29519555,42.72978981,42.81229844,43.01075962,43.24323097,43.50169716,43.76777226,45.10510609,52.33440519,52.54725735,52.56017184,60.04790021,62.55963812,63.92781359,63.97527193,64.31282112,65.46394886,67.21483336,70.10412386,70.36988754,75.78985291,83.25188906,84.65865346,85.08395326,89.13700275,89.87612307,96.44009176,96.85128415,97.07765626,97.48873708,99.11782238,101.53363576,102.71520119]","[4,0,4,0,1,0,0,4,0,5,5,1,4,1,5,4,5,1,1,0,2,5,1,5,7,7,1,5,1,4,5,5,1,3,7,1,5,2,4,5,7,1,5,2,1,5,1,4,2,6,4,2,3,4,5,0,0,1,5,1,5,1,1,5]"
"[1.5481374,7.86892581,14.04708121,15.32249239,22.89118068,23.23028771,26.19521294,26.26025834,26.51406976,26.8564947,29.41667088,33.08489105,33.79737698,36.17510431,36.79479226,38.91174975,40.93087031,40.96753568,41.39336514,41.44145505,41.49095616,41.50350619,41.78772817,44.12099408,44.70744073,46.77062652,47.88456433,51.61242048,53.99763179,55.96202442,56.49610779,60.39618612,61.09700585,62.57536305,65.35125831,65.42735204,67.92094186,69.5502523,74.1620516,74.54494908,74.77068167,75.07120528,75.70454692,75.86677505,76.16749656,78.08192355,79.06444818,79.42126795,80.86620766,81.28065651,81.73169126,83.51146408,83.81927373,84.8133621,85.22438808,85.73835049,85.76117764,86.7656016,87.0911808,87.27300079,87.54461886,88.02032173,88.43924063,88.45948744]","[4,5,2,4,0,4,4,0,0,4,2,0,4,4,0,1,5,0,4,6,2,1,0,0,0,6,2,4,0,4,3,4,2,0,7,5,2,1,5,3,1,1,5,5,5,5,1,1,1,1,5,1,2,5,7,1,5,1,5,0,4,4,5,0]"
"[0.22490986,12.4148627,13.77554934,15.22566275,15.47597417,15.51402727,15.54192414,16.82233399,17.74068169,19.33296044,19.91744183,20.44559092,21.60628608,22.49446421,23.62032452,27.33975178,28.31522631,28.71050319,29.2395638,29.6527003,29.85524556,30.18203886,30.2890853,30.60288733,32.06873688,33.562369,34.38680006,35.09575908,35.73324942,37.63395329,38.27703252,39.69120501,40.23069063,40.33640299,40.97265346,41.60967031,42.7881909,43.41155018,44.02535819,44.75847596,47.43488303,47.52141799,47.54332075,47.70234382,48.18760126,48.87764808,50.62588658,51.05633007,51.39494395,51.42701729,51.64614373,51.9029324,52.21110269,52.75262377,52.78770263,53.335842,53.97681695,54.43743668,54.98995763,55.32455669,55.37996132,55.49532872,55.77184343,55.86590844]","[7,1,6,1,0,5,5,5,5,5,1,5,2,5,1,4,0,4,7,4,0,5,0,4,1,7,5,2,0,5,4,4,0,4,1,1,5,1,2,5,1,2,5,0,5,1,5,3,5,1,5,5,5,5,7,1,1,1,1,5,5,1,1,5]"
"[3.5878259,4.32764897,5.31639257,5.37298169,7.24363081,7.34929211,7.6965886,7.97605423,8.18791318,8.19212442,8.3341257,8.56165804,8.70471094,8.76146963,8.78571837,9.11771922,9.99979607,11.54257575,11.66468012,11.84718912,12.19827791,12.33380484,12.55725646,12.58522931,12.73864963,12.97261742,13.20364284,13.26464571,13.41353002,13.60751435,13.61025858,13.81775865,14.11003609,14.15250189,14.47609965,15.50786462,15.64736374,15.74137759,15.78815561,15.8468594,15.89880651,16.22635332,16.46492426,16.80086897,17.01074552,17.14620048,17.93997172,18.19322325,18.24262033,18.51259662,18.54025318,18.8329293,19.20226419,19.23799777,19.25655061,19.75407618,20.07700852,20.19941362,20.24976699,20.46026762,20.5009716,20.79801397,21.15336232,21.1992969]","[0,0,4,0,4,4,0,1,0,4,4,4,0,0,4,0,4,0,0,4,0,4,0,4,0,4,0,4,4,4,0,0,4,0,4,4,0,0,5,0,1,4,4,5,4,4,1,0,4,4,4,0,0,5,0,5,1,4,1,0,4,1,0,1]"
"[0.38243279,0.38528421,1.50136772,1.87221783,4.25130159,5.96440076,8.01847171,10.1235129,10.67736884,15.29123346,15.81910225,15.98987725,17.9519479,18.02726276,19.17277974,20.42432449,24.39401012,26.34495209,26.77960387,29.40632983,36.43343881,37.25236992,40.97753252,41.21556793,41.741926,41.94166514,41.96221286,42.46409778,43.47233392,45.54774779,46.09717486,46.2498239,46.54128192,47.70521446,47.82331734,48.30204496,49.40328334,50.5684495,52.89657305,54.22988314,56.24920062,60.17150597,61.98616542,62.19419376,62.37088324,63.13056273,63.2710519,63.94329386,64.29148936,64.93015284,65.23159415,65.3779771,65.63455119,65.82205614,65.9017057,66.04817518,66.05306001,66.44422991,66.64435625,66.7386547,67.94484526,68.31110912,68.78202162,69.39520612]","[2,3,0,4,3,0,7,0,6,7,5,1,5,0,5,4,5,6,2,7,6,2,4,1,5,5,1,1,5,3,0,4,4,0,4,0,4,4,1,7,5,7,1,5,5,1,4,5,1,1,5,0,5,1,5,5,1,1,1,5,5,1,5,4]"
"[4.64120144,5.36904212,6.09864141,6.11122605,6.26815161,6.55183191,7.04236753,7.31841403,7.37668675,7.89743674,8.05542528,8.1108394,8.29309701,9.95940004,11.44678195,11.45988777,11.66461566,11.88171134,12.9259669,14.51743527,15.94612336,16.00752303,16.3875866,16.40954827,16.51070705,17.35731778,17.53877496,18.18216106,19.24843877,19.26368061,19.68582228,19.70328484,19.75732782,19.93682934,20.30853716,20.62442798,21.79330066,22.00484214,22.22747589,23.63450729,23.93751383,24.71636091,25.02137555,25.24169669,25.36530807,25.44969268,27.33388513,28.28820944,28.61591369,28.9613535,29.3440276,29.88127207,30.4334167,31.51849587,32.17049344,32.26480858,32.57776518,35.9337877,36.51741695,37.10200177,37.30884847,37.33923571,37.89932747,37.97225747]","[1,7,5,5,1,1,4,5,5,5,5,1,5,5,1,1,5,5,1,5,1,3,1,5,2,5,5,1,1,5,5,5,1,1,5,7,3,1,0,0,1,4,3,5,1,0,5,5,1,5,5,1,5,1,5,1,1,5,1,5,1,5,4,0]"
"[1.19689412,1.21083357,8.61263653,13.57311204,13.97660859,15.01894225,16.72289893,17.46658187,18.03880843,18.76362905,19.12892151,19.38558444,19.73682393,21.21641932,22.59811557,23.59346241,24.51578284,24.68464121,24.98243779,26.03248611,26.2775395,26.38917684,26.39280783,26.76340579,27.34215266,27.65594979,28.61012088,29.35539002,29.4188829,29.49666831,30.04100669,30.88236737,31.24186001,31.318607,33.07788449,33.76811292,34.44192788,34.94424163,36.54314648,36.70356287,37.69293271,38.0316455,38.69621865,40.25229382,41.0255397,41.27424993,41.79476914,42.24759052,42.30461797,42.4290114,43.91452971,44.55496082,44.6363892,45.89277667,47.18853624,47.63719999,47.66539358,48.23185362,48.40878844,49.01282421,49.11489342,49.28576727,49.52964701,49.77768585]","[2,0,1,7,0,1,6,2,0,4,4,5,0,3,0,0,4,4,0,4,0,4,4,0,1,4,5,4,5,7,4,0,1,5,0,4,4,0,4,0,5,6,0,0,4,0,5,3,2,1,4,0,5,3,1,5,5,5,5,5,5,7,5,7]"
"[1.39344355,1.51868489,5.35891954,11.68819921,14.94962326,16.92656884,17.85098804,18.04579056,19.87667469,27.9625669,37.32180304,38.60960095,40.97628088,41.00442901,42.98697742,45.68517961,46.68141974,48.72486242,49.77333723,50.332078,50.58852415,51.01947477,51.46049437,52.4246923,53.30583427,53.91015617,54.25148892,55.69828426,55.8899406,58.65615277,58.98853108,59.76909337,59.97691987,60.07897377,61.27541724,62.2120216,62.32452771,63.46006995,64.34042895,64.46194719,64.82924032,67.50139689,74.91568421,79.0620294,79.10218289,79.82614176,83.09666773,83.34322102,83.46378331,85.54345785,86.07983957,93.76500675,94.72006531,95.97105474,97.30478118,99.46394856,104.04320194,106.0458958,106.63702868,106.65868667,108.87109656,109.24316586,111.41719713,112.96533874]","[7,5,4,2,7,1,5,6,1,1,3,7,0,5,4,0,4,5,0,4,4,0,4,5,0,4,0,0,0,0,4,4,4,0,4,7,0,4,0,4,3,0,5,6,5,7,0,4,0,4,3,3,2,3,6,2,4,6,1,5,1,5,1,3]"
"[0.92392778,1.8210641,2.15271287,5.04884862,6.19501957,7.0385857,7.55489481,9.4212224,9.48317316,13.58845175,14.17320985,20.66996048,21.69411002,21.80450642,22.17325419,22.62535718,24.46757473,25.18465418,29.29530172,34.73721884,35.82815758,35.97601368,36.28210342,37.16108409,37.38186448,37.9228305,38.50518711,38.80888137,41.31174022,43.80837013,44.25674813,44.27246768,44.89540345,45.398352,45.51425425,45.73356156,45.92115199,46.55336033,48.55042112,49.91578392,50.53041337,50.69313738,50.91134834,51.19695494,51.33136387,51.62055081,52.40451472,52.56130725,52.95583263,57.00103122,58.42006844,60.04547439,60.59837511,64.97329742,66.65349287,69.28536839,69.57713467,70.49933008,70.84264392,71.36997065,72.00353631,72.29402679,73.04260916,73.33502134]","[3,5,1,5,5,3,5,2,7,3,5,6,4,5,1,5,2,6,3,0,1,4,5,7,0,4,0,0,4,0,5,2,5,4,0,6,1,5,7,0,6,0,5,1,5,4,0,4,5,4,0,4,0,2,2,0,7,5,4,1,2,5,5,7]"
"[5.63728447,5.73226666,11.20874501,11.62807353,12.42062916,13.12100229,14.38551672,14.9306778,15.13333981,15.52222526,17.8233121,17.98774383,19.155831,19.4045273,19.59983083,21.09400328,21.13752732,21.85132202,22.24926136,22.38505942,23.4462291,23.94115016,24.48285859,25.03976342,25.46551704,25.9969813,27.21032472,27.3056032,27.51688153,27.64347722,27.7868815,27.81820925,28.02738348,28.27359809,29.07740304,29.86708475,30.05853559,30.22616681,30.38868705,30.71588864,30.98633,31.31576308,32.03250961,33.75219251,33.84867844,34.61748594,34.7003864,35.11847418,37.76677231,40.36745374,40.53659278,48.5070767,48.99490787,50.09864428,52.28924254,52.67331233,53.13610374,53.23026539,53.33289309,53.92382023,55.24844877,56.04366507,56.05354527,56.59268991]","[5,5,5,4,4,0,4,3,0,4,0,3,4,1,5,1,2,1,5,7,1,5,5,5,1,5,5,1,5,5,1,1,5,1,1,5,4,0,4,1,4,5,1,5,0,0,4,2,0,5,7,4,0,6,0,4,4,4,6,0,2,0,4,4]"
"[6.50716227,7.16878833,7.34889092,8.52375209,8.56606737,8.69759636,10.59504784,10.67466217,11.118622,11.71167379,11.92737355,16.9540979,17.09013791,17.36114296,17.6877098,20.63394088,23.48449169,27.6631729,27.78561238,28.85647279,37.10123803,37.36024542,37.79103769,38.40560045,41.63431336,48.44253564,48.61714609,49.00425538,49.79794732,50.35797964,50.53501385,50.5495541,50.67302003,51.18245834,51.77663181,52.25885702,53.08928443,53.34906009,53.57195739,53.8339031,54.30803621,54.45574772,54.51030552,55.10613183,56.71096461,56.97670864,57.15444841,57.53796596,57.73396071,57.95768059,58.01118904,59.08151671,60.6944457,61.22750917,61.98557544,62.52462501,62.83504097,63.30825969,63.58397139,64.15843735,64.71067846,71.97886484,72.9929011,75.62510255]","[0,5,1,1,5,5,1,3,5,3,5,1,5,5,2,7,5,1,5,1,2,4,4,7,5,5,1,5,5,2,1,5,1,5,5,5,1,1,1,1,5,1,5,4,0,5,1,5,7,1,5,1,0,4,4,2,0,0,5,4,4,5,6,5]"
"[0.4600843,3.43059653,14.5845786,15.91463224,16.94075661,17.40552726,20.0453118,23.09166766,28.60161873,28.70385524,29.04794312,29.25205805,29.4682643,29.65361533,31.7354027,38.78723658,38.91248943,39.05596529,40.02893077,40.06209072,40.12167999,40.48435973,43.72405452,44.30422582,44.99734476,45.59287722,47.98316322,52.06406153,52.71389787,54.3305227,54.86340532,56.94181167,58.06104487,64.32286576,67.49452887,70.23532774,70.54894451,70.8519864,71.03185803,71.05426933,71.98971408,72.08791133,72.20091798,72.29136515,72.37386909,74.05677066,74.89354028,75.14656272,75.72767105,76.84444784,78.69431374,79.18332797,80.12174317,80.2130767,80.27576327,80.89650892,81.12131581,81.79961481,81.99414734,85.61807171,85.72790994,85.74908629,85.86029912,86.76071374]","[4,6,7,1,5,1,1,5,4,1,5,5,1,7,5,2,7,1,1,5,5,1,3,0,3,5,2,4,6,6,7,0,1,5,1,7,1,5,5,5,2,1,5,1,5,5,5,1,1,5,5,5,1,1,5,1,5,1,5,5,1,1,5,5]"
"[2.09176879,4.9956797,5.00859955,10.00366431,12.72368707,14.90208078,14.96460454,15.88718888,24.16150239,25.72487679,28.13584535,32.00899579,40.83289839,42.66149068,47.97750962,52.3170135,53.04148389,54.33994543,54.70187117,55.05138908,59.73563648,62.84458565,64.56415368,64.56643739,66.98533678,68.30317866,69.03827355,70.12013238,70.68961858,72.14570266,72.35621387,72.7188164,72.8821767,73.18295972,73.70328595,74.28212216,74.66545766,76.06586349,76.28581971,76.47695149,77.01595622,77.14988965,78.04483357,78.09996906,78.17721192,79.75545402,80.7221393,81.15681726,81.16733725,81.30674098,82.19963828,82.3111545,82.33270113,82.34382476,82.41042715,82.95310555,82.95585015,82.95714492,83.23969175,83.39767288,83.48415761,83.6877316,83.86155919,83.86833414]","[0,4,0,1,2,3,3,3,5,2,2,5,6,7,2,5,5,1,5,0,4,7,1,5,7,1,1,3,5,3,4,5,0,0,4,0,1,4,0,2,4,4,4,6,7,4,1,0,5,0,1,0,5,5,1,5,4,1,1,4,4,0,5,0]"
"[0.05251364,2.10889661,3.78649844,3.78668888,4.76584049,4.86235119,6.32233102,6.38508783,6.61712836,7.56581826,16.76905519,17.28841086,17.41155671,18.59654289,19.59807106,19.97070911,21.05351924,25.18277905,27.49990198,27.91630669,29.0716501,32.86415603,33.11837687,33.37536188,33.77596305,34.05508434,34.3980578,35.11371814,36.04982838,36.69257821,36.82375614,36.95720519,37.97453487,38.78532631,39.8754183,41.41774854,41.83747345,41.9580488,43.64405218,43.84652426,43.86286266,44.04388769,44.31938754,45.59737645,45.89827191,45.92217405,45.96907247,46.47334348,46.84700984,47.67341794,48.05648938,48.33501648,48.61291632,48.96379947,49.74196542,53.1538803,53.68512652,53.84113773,54.66527495,55.26486761,55.85565587,56.48686472,56.7425354,57.72077463]","[5,0,1,5,1,5,1,6,5,7,5,1,5,5,0,5,4,1,7,6,0,1,1,5,5,1,5,1,1,1,1,5,5,2,5,5,1,5,1,5,4,1,5,1,0,4,5,0,5,1,4,5,5,5,1,1,7,5,5,1,7,1,5,5]"
"[3.11147347,3.18373449,4.49752723,6.36649043,6.60639976,6.8344739,6.83701287,7.34612317,7.62423557,7.74544719,8.08225224,8.47228567,8.60778909,8.69095276,9.35394165,9.62352326,10.13441918,11.7165363,13.26661394,13.27147388,13.50498716,13.77158356,14.04957231,14.42463902,15.11938819,15.13233375,15.31541557,15.8310231,16.70335451,16.77884116,16.86963787,16.97991308,18.3107622,23.32921841,31.22145828,31.75695255,32.14737834,32.99134194,33.51985254,33.91584077,34.02363012,34.05088979,34.62124846,35.13664221,35.37365314,35.45119248,35.58817612,35.69922141,35.71549839,35.79472092,35.7967397,35.99473469,36.07342604,36.45755463,36.80900071,37.36866297,37.96975789,38.27729619,38.59038724,38.65682243,39.75195523,40.01224547,40.35181403,40.37260402]","[0,4,0,0,4,1,0,5,1,5,5,0,4,4,1,5,5,0,4,4,0,5,0,1,1,0,4,4,5,0,4,7,4,6,2,1,5,1,1,1,5,5,5,1,1,1,1,5,5,5,5,5,5,5,1,5,5,5,5,5,1,1,5,1]"
"[1.82616855,6.62744192,10.28013406,11.6693518,17.4039559,18.19832496,19.25667229,19.87612636,20.60157047,21.02607857,21.19397491,21.52304719,21.61530386,22.15431741,22.86955755,29.47758567,31.6385795,35.34829803,37.42197768,38.2284744,46.16676081,56.10701416,57.30874076,58.85124947,61.19441025,61.47026944,67.02651258,70.08868813,72.3592787,85.86458266,95.61123569,96.01530631,96.31514998,97.32217256,98.94660187,108.15528117,108.30702363,109.02042708,114.82967587,115.8571082,123.49287278,127.11142355,127.68483332,128.0345454,129.15583585,129.57976946,129.93972939,130.64264167,132.22599277,132.27364085,133.00959497,133.95987553,134.17832595,135.64541914,135.74447056,135.81852439,136.60580785,140.12823421,140.752602,141.75228484,142.74544932,142.76977233,142.80793756,146.42671971]","[5,5,0,5,2,5,1,4,5,5,7,1,5,5,1,1,6,4,1,7,4,6,0,2,2,7,7,5,7,7,1,5,5,1,5,7,1,7,2,5,2,3,4,0,4,0,0,0,4,0,5,0,4,0,4,0,7,0,1,2,4,4,1,0]"
"[3.6548415,3.65864928,6.10798143,8.75991244,12.22683179,12.84143557,13.78300852,13.78812759,14.1224662,16.11620157,18.056305,18.2913024,19.43518924,20.89527044,22.21176298,22.33659105,24.37539952,26.73342101,26.79511901,27.60289504,28.20950598,30.77691033,31.10903404,31.12419659,31.17873148,32.96183329,33.4258902,36.2802133,36.86048563,39.21482137,40.52053011,40.6207476,42.57989409,43.23479193,43.74578915,43.92163592,44.17335643,44.38969144,44.54705231,45.32203695,45.37710672,45.46615025,45.6779395,45.91121313,46.51143072,46.67750776,46.68561138,47.27476589,48.02927513,48.19948874,48.88220241,49.07603592,50.01764623,50.20139012,50.44152644,50.68829191,51.30897922,51.42139616,53.41303212,53.82671906,54.66475371,58.92016204,62.73507231,65.31763466]","[2,1,7,0,7,0,1,5,5,4,1,0,0,5,5,3,1,5,5,3,1,1,5,6,5,5,5,1,5,5,4,1,1,0,5,1,5,1,1,5,1,2,5,1,5,5,5,1,0,4,4,5,1,3,4,3,5,1,0,6,5,7,5,1]"
"[2.33842616,9.86710179,10.01797501,10.10158644,10.46976975,10.84847705,12.56855872,15.0814187,20.28429879,22.28119639,22.7396877,22.96191463,24.94617497,26.96188835,27.00152004,27.49984099,27.98718621,28.66905394,28.73602135,29.00204522,29.58324071,29.76475094,30.12960283,30.47060356,30.87444264,30.9257258,31.00892678,32.34889649,32.6874085,32.72316243,32.97420868,33.10652869,33.43603636,33.85906688,33.8739326,34.07393683,34.22760977,34.73788811,34.7967516,36.34913741,36.46944207,36.55527384,36.77696414,36.98146926,37.08387975,37.97588749,38.10306962,38.31277523,38.43082699,38.77216413,39.14992976,39.65372886,40.93990665,41.06948694,42.35288963,43.19784887,43.51953106,43.85559321,46.3531783,47.66600041,47.82371605,47.9402259,48.24957052,48.79186153]","[7,4,0,0,4,0,0,2,4,0,3,5,1,1,4,3,5,5,5,1,1,5,5,3,5,5,1,1,1,5,5,1,1,5,5,1,1,5,5,1,5,4,5,0,5,1,1,4,1,1,5,5,1,5,5,1,5,5,3,6,5,1,5,1]"
"[4.08727898,9.07948511,9.65404479,10.19373067,10.91841628,11.42881156,14.61585711,15.01846412,15.38968785,15.42748264,17.02767062,17.69143941,22.35366545,25.74291741,35.6097173,35.9210714,36.95124882,37.00307435,38.67540182,46.52797709,46.96885213,47.64086806,47.88002263,48.57437327,49.42937613,49.92621273,50.12737592,51.18508037,51.39835798,51.58332348,51.87283192,52.56353758,53.33245974,53.67130067,54.24225206,54.30518361,54.41850293,54.72856927,55.18443319,55.28838195,55.39001592,55.4118655,55.6432743,55.84594285,56.49492954,57.08780189,58.77808144,58.91971619,59.81396468,60.26919431,60.3742551,60.58694158,60.66447335,60.97980611,61.12811719,61.13808767,61.59377231,62.28550287,63.70251361,63.74600457,63.75122992,64.88737946,65.20432688,65.54746541]","[2,0,4,6,4,0,0,4,0,0,4,1,5,7,5,1,1,5,4,1,5,5,1,1,2,5,0,1,7,4,2,1,5,4,5,0,1,1,1,5,5,5,1,5,1,5,1,5,5,1,5,1,1,1,5,1,1,5,5,5,5,5,5,1]"
"[1.86116622,4.28511735,4.72112738,6.1738957,8.68806994,9.76793257,14.50245768,15.22988471,15.71774448,16.41724567,16.62444274,17.06471052,17.39515952,17.48048324,17.81430525,17.83853693,17.98134633,18.09113789,18.45850235,18.52583608,18.54418362,18.5695693,18.75753312,18.85460132,18.89771388,19.12188627,19.57461604,19.58095627,19.94330759,20.33026018,20.66774584,20.75461729,21.1430931,21.53637565,22.36291614,23.28549185,23.69978754,24.45679015,24.62483716,25.27560098,25.49581712,26.21335963,26.58790029,30.43502779,30.64412222,30.79176271,31.8499083,34.26723065,34.98136191,35.00962475,37.94466199,38.35701271,39.61471406,42.11584381,42.19659507,43.25091273,44.8904999,44.92397394,45.97797527,46.9607396,47.23371649,47.66470904,47.88716063,52.10325659]","[2,1,5,7,1,1,6,5,3,1,5,5,1,5,1,5,1,1,1,5,5,5,1,1,5,1,1,1,1,1,1,5,5,5,4,5,0,1,5,6,5,1,4,1,2,5,1,5,1,5,5,7,4,0,0,6,4,1,4,7,1,5,5,2]"
"[0.89772155,2.4786394,5.06128542,6.4090513,7.14913625,7.90389196,9.67693422,10.2906481,14.24117469,14.61352357,15.93810367,18.26756277,20.7233148,21.75479522,22.52037813,22.62388317,23.99134313,25.15602994,25.70668478,26.31135186,26.45283123,27.26552016,27.33146323,27.65664096,30.59564967,32.24572276,32.72960634,36.28678604,36.68831943,38.73140974,39.60538444,40.31326756,41.05148197,41.46357143,41.49152453,45.51994948,49.75138644,51.15715648,53.40308213,63.93501241,69.86312792,73.92378746,77.28853165,78.35887041,78.64312933,78.93717695,79.72401726,79.74994452,82.42117495,83.07407944,83.40765134,83.98124687,84.29965337,86.31135738,86.37131789,86.98103143,87.63652888,87.69170245,88.00547944,90.13059304,97.30803817,100.06681417,102.89309608,103.83701221]","[1,0,5,1,5,1,4,1,5,0,7,5,5,5,5,0,1,5,1,2,5,4,5,6,0,4,2,2,4,2,0,4,2,4,6,7,6,0,7,4,2,6,4,0,4,5,4,4,2,4,5,1,2,2,0,5,1,5,5,5,2,1,3,1]"
"[1.51279059,3.32900069,3.38322972,4.41409477,20.57933924,24.44070193,25.23066683,25.49441817,25.85041323,26.59124224,27.90759233,28.96417995,29.05495805,29.2435556,34.03811042,35.6032511,37.30697905,37.83313136,38.6419819,39.41037914,42.13210546,43.96585084,43.99648447,50.51931168,50.62299439,50.93308413,51.0562697,51.15619924,51.19675431,51.65726005,52.05171416,52.12081994,53.11661474,53.39714777,53.41435316,53.70324487,54.01931854,54.56644823,54.57289373,54.71119314,54.76058971,55.02595573,55.28650141,56.11933385,56.13353541,56.16247111,56.58300702,56.69106441,57.03146392,57.52898192,57.53671141,57.62959847,58.5195204,58.87153989,59.98993018,61.00432979,61.07468951,61.20271402,62.14551843,62.43007454,62.92839176,63.04336176,63.05360141,63.99213196]","[1,2,1,1,7,0,5,5,1,5,5,1,1,1,1,7,5,4,0,2,1,2,0,5,5,1,1,5,0,5,5,4,1,5,1,5,1,5,5,5,7,1,1,1,5,1,0,5,5,1,5,5,1,5,2,5,1,1,2,1,5,5,1,5]"
"[0.40740712,5.36316139,6.73069756,7.58618156,7.90616189,10.36811462,12.84569861,18.70535425,24.8250646,24.84023132,25.51692385,25.79174126,26.01287167,26.31637662,26.34571123,26.51129863,26.57196187,26.68683129,27.4656981,27.71008871,27.72025806,27.74579833,27.84191786,28.05231476,29.20004733,29.33519153,29.64132755,29.67228714,29.73246004,30.15570542,30.4893362,30.61426355,30.91887407,30.97106881,31.51174825,31.69529635,31.89015959,32.29178177,33.58792783,34.10781147,34.27530483,36.1132208,36.59384551,36.98819474,38.15424489,38.57852326,38.91985591,40.5318903,40.67716718,40.75480894,42.14967542,42.311182,42.33506197,42.89126056,42.99538428,43.11568555,43.78866748,43.92776992,44.36396958,44.74857899,44.7529284,44.8176162,44.92244477,45.56820538]","[5,0,4,2,5,6,1,2,3,0,4,1,5,5,1,7,3,0,4,5,4,0,4,4,4,5,0,4,5,1,1,4,4,5,0,5,4,0,7,3,6,4,0,0,4,4,0,0,4,0,5,0,4,4,1,0,4,0,1,7,5,2,5,3]"
"[0.05196612,1.04615094,2.14500069,2.22740755,2.61559431,3.71274276,3.7905331,4.16702396,4.17075047,4.18771564,4.42008256,7.22974143,7.77328771,7.95083182,7.9590118,8.01920528,8.93667654,9.78570546,10.29235659,10.30814035,10.48833198,11.45793842,13.16746105,15.98166696,15.99327209,16.56487813,18.57912993,18.94122494,19.58139991,20.53143895,26.47202271,26.63316454,36.65264334,37.01642328,38.10681619,38.58367771,39.17492049,42.4696582,42.64245824,42.93393358,43.19400833,44.28129533,45.03144406,45.65004647,47.58648411,47.70858382,49.21405667,50.49066619,52.04129779,53.24285573,53.82656854,53.97800768,54.05063886,54.9302302,55.06534845,59.58252968,59.67198922,60.1352081,61.21294139,61.92019859,63.89226481,64.29369031,65.33330512,66.4761635]","[2,7,0,4,0,0,4,4,0,4,4,4,0,0,4,0,4,0,4,4,0,0,0,4,4,0,6,1,6,7,0,0,1,5,2,5,1,5,4,0,0,7,4,4,4,0,4,0,3,0,4,7,4,4,0,3,3,7,4,7,4,0,0,4]"
"[0.12588631,3.4171264,5.15849869,10.18377431,10.35592672,17.06960575,19.36721271,20.04874553,20.15962826,20.46627822,21.34582156,22.48106186,23.73534471,23.78774615,25.30749256,25.44295483,25.51806477,26.15774228,34.45984128,35.76491546,36.07581351,40.01684126,40.05957889,41.4851659,41.86090684,42.83559015,47.96606868,48.27889279,52.2391959,53.42892082,55.10223913,57.81911642,61.96438919,68.17163872,76.6532679,82.48174224,86.64533155,86.79669317,89.49200994,92.33013446,92.81736034,95.68328189,96.46709742,105.93554933,106.52665898,106.59274584,106.87042197,107.1913458,109.62504515,111.58338379,111.78900964,111.99102912,112.33246086,114.15239622,114.96855694,115.16565694,115.41873548,116.73288133,124.43654085,126.34570998,126.98157037,128.09357791,134.26296811,134.77608515]","[5,5,2,6,2,5,1,1,5,2,5,1,0,7,4,0,3,0,1,1,7,6,6,5,2,1,5,1,5,1,7,6,0,7,6,4,7,3,5,6,2,3,5,1,5,6,1,5,5,5,1,5,5,5,1,5,6,5,5,1,5,5,2,1]"
"[4.28000072,5.91950797,9.27571001,14.02797261,14.18342874,14.86882912,16.11176837,16.2358361,17.32500169,19.43182008,19.7809345,22.12429723,25.5136896,25.78422261,27.61649292,28.61787164,29.14127499,29.52477943,29.80489722,31.14016055,31.15777309,31.90701354,32.22920343,35.99461452,39.37151599,39.83852671,40.4102082,42.1646245,42.22120063,43.28338257,44.59874767,45.39804226,45.78916111,45.83216862,46.81469625,47.02595066,47.75765566,47.89493029,48.8798502,49.17186588,49.22137692,51.23051368,51.26928261,51.42527813,52.05490344,52.13146144,52.89557578,53.41153205,53.55287762,53.93922126,54.42850124,54.45734915,56.46435486,56.62076177,56.74039498,56.88566497,57.22434558,57.32983609,57.38483355,57.7088741,57.9309451,59.17850082,59.58014651,59.6772732]","[0,2,2,6,6,5,5,1,5,2,0,4,0,5,4,0,4,4,7,0,1,3,5,7,0,4,4,4,4,0,4,7,2,0,1,5,0,5,5,1,5,0,4,0,2,0,4,4,5,0,4,4,0,4,4,0,4,0,0,4,4,6,4,4]"
"[5.26411673,7.75379703,11.57602445,19.1093912,20.19326837,22.61592843,23.01118396,26.81253349,27.00850379,28.86386304,29.39298764,29.43861863,29.52193968,29.67789705,30.00343067,30.11681097,30.20013525,30.21637263,30.23903719,32.31653864,33.40331551,34.97452999,38.18227906,38.22154194,40.13006086,44.07095077,48.32278936,49.35495403,49.35657051,49.83015684,50.08084237,52.09278289,58.62648902,61.27270742,65.94343859,72.64274449,78.14098652,78.93167247,79.81041228,79.92459974,81.07643515,81.48362327,82.26361509,82.43842544,82.62537072,84.23690386,85.02501993,86.48639134,89.77758438,90.39362292,91.0362337,91.31898155,92.17304754,92.19060714,92.19949681,92.36513289,92.48764341,92.72751599,92.75834708,93.07783244,93.4926167,93.63751658,94.37265724,97.21397536]","[0,2,5,5,7,4,2,1,2,5,1,5,5,5,1,1,5,5,5,5,1,3,3,7,5,5,0,1,4,4,5,5,2,0,2,5,1,0,5,1,4,3,1,5,5,1,5,1,7,6,5,5,1,1,5,1,6,5,5,5,1,2,5,0]"
"[0.3223746,5.98674578,6.99550041,8.74885444,14.33927594,14.92301665,15.2564392,15.6826706,16.2334664,18.00019976,29.37596991,29.53133657,35.3942434,36.15606242,36.51427776,37.07092811,37.79352399,38.68125101,39.52195957,39.60578178,39.6782184,39.74041464,40.2108233,40.25888232,40.47197659,41.07258512,41.25194235,41.75212705,41.79275382,42.69848657,42.91622377,43.24534195,43.28509968,43.39582,43.54493272,43.96841682,44.01412699,44.08571677,44.4963133,44.51308943,44.53602535,44.65465653,44.69132382,44.76964294,45.32228526,45.37333696,45.48094748,45.55680478,45.93404399,46.2928461,46.76032014,47.23525439,47.79949402,48.07169072,48.24966891,48.27143758,48.72505499,48.9282654,49.04109046,49.05914114,49.22796387,49.24253579,49.3358212,49.36801358]","[5,5,4,7,5,5,6,7,1,6,1,5,0,0,4,7,1,5,1,0,1,3,3,3,1,1,5,5,0,1,4,5,5,5,5,5,1,5,1,2,5,5,1,5,5,5,5,1,5,5,1,1,5,1,1,5,1,5,1,5,1,5,5,5]"
"[1.98487994,2.38539681,2.77252253,4.71018232,6.45998043,7.14926625,8.05382555,8.64188995,8.92047788,9.30503578,9.55727732,9.7768373,10.73663702,10.79432162,13.91872958,13.9777251,14.01069331,14.33363228,14.50750485,14.76777599,15.11759026,15.15190021,15.52263027,16.03954768,16.07975788,16.19576654,16.28112134,17.12118528,17.4515545,17.46475118,18.18078411,18.2314457,18.29870597,18.38074519,18.49231595,18.76505839,18.77351977,18.84445669,18.95415817,19.58088662,19.80809404,20.18410809,20.45746659,20.68390657,20.71424257,20.94766454,21.1737432,21.73108604,21.97699972,22.23240449,22.59743653,22.92151853,23.799008,23.93145798,23.98212552,24.01241401,24.18357274,24.6192177,25.21015966,26.73963319,26.75553245,27.56702038,27.66649904,27.74604614]","[1,5,1,0,5,5,5,1,1,5,1,4,3,5,1,5,1,5,1,5,1,1,5,1,5,5,1,2,5,1,1,5,5,5,5,1,5,5,1,5,7,2,2,5,5,0,1,5,1,7,2,5,4,1,5,4,0,1,5,0,2,4,1,5]"
"[1.09686177,1.72629453,2.65422926,3.12109811,3.3633885,4.19920343,5.08825947,5.59421711,6.86843202,6.99451475,8.13626676,8.23792574,9.12105145,9.43815013,9.51778524,10.43176778,11.13982097,11.30659247,12.39299655,12.99402243,13.08330595,13.11171,13.29918293,15.40260574,17.67153881,17.94989749,19.33103237,20.10997187,24.01226926,26.083549,29.53286839,30.20408687,30.27174462,30.79390955,30.99482293,31.20366519,31.54456668,31.61211959,31.89805414,32.14139003,32.45531248,32.56245765,32.83790905,32.95509124,33.18294859,33.30340107,35.40568858,35.48869927,35.70687856,35.95997645,36.16568674,36.24378997,37.63813288,39.43007996,39.43237352,39.45393683,40.72778564,40.83122203,42.95827953,43.85228648,43.92464304,44.09958134,44.38085514,44.61631425]","[5,1,5,5,4,1,1,5,5,1,5,5,5,1,5,5,1,5,5,5,1,5,1,5,1,5,0,3,1,5,4,1,5,1,1,1,5,5,7,1,5,5,1,5,2,0,0,0,1,4,4,5,4,0,2,0,1,4,0,4,1,4,5,7]"
"[1.00434649,6.87451501,7.02094658,15.18843538,23.68484327,29.75793643,31.37133854,31.42253835,32.80277012,32.81055933,34.26057356,39.27374095,40.07806064,43.74567135,44.19172792,44.68320629,45.61197961,46.11431407,47.44610918,48.68062982,48.83470058,49.24172684,56.65431982,59.79692723,65.52264598,67.32210831,69.10019564,69.29612721,69.49606253,69.73223478,69.95921086,70.43196724,71.04845361,71.72978735,71.86759765,72.63400067,78.16680663,79.39045394,80.54983901,81.13623143,81.98776227,85.77899095,87.01425563,88.63190002,89.21463114,89.25064263,89.97214426,89.99483392,90.33409495,90.53833205,90.59265633,91.29962274,93.23370237,93.38214294,93.85452867,95.29059568,95.99030523,98.94016156,99.43567884,101.50069466,103.26960928,104.40045834,104.89760503,106.01980016]","[0,2,0,4,6,5,7,1,1,7,5,3,7,5,2,1,5,2,4,1,0,4,5,3,4,3,0,5,1,1,5,5,5,3,1,3,4,0,7,4,2,5,1,1,3,5,5,0,1,5,1,5,1,5,1,1,5,1,5,1,5,5,5,1]"
"[4.42774833,7.82173151,8.55364704,8.72862142,9.94570565,10.62213784,11.16813614,12.85513975,13.08518391,14.40183167,14.4486894,14.88655645,16.81455409,17.03268695,17.25309711,19.79879598,20.23480743,21.18656496,21.63480867,23.11773012,28.4803303,29.65884875,29.96399234,30.17564415,30.26599632,35.08561026,37.9491366,39.47180261,40.49727188,42.27683749,42.55092278,44.41209277,44.80085724,45.23644326,46.01048042,48.75935769,49.62236368,52.59239006,53.18413897,54.27901714,54.54864761,58.08532166,59.60382712,60.31332669,62.45964015,66.64532035,69.05403346,71.86888667,73.87995152,75.63347761,76.77692894,80.11122327,81.47742768,83.62558585,83.76486722,85.66807127,89.50036528,93.42800613,95.10498231,97.01135526,99.19308986,100.00013139,101.83597326,102.0331549]","[1,5,1,3,5,1,5,5,5,1,1,1,5,1,2,1,5,6,7,5,7,6,1,7,5,5,6,3,1,5,4,7,2,0,4,4,2,5,6,1,7,1,5,1,5,2,3,6,0,0,7,4,0,0,4,4,0,7,5,4,2,2,1,5]"
"[5.32282264,5.9783635,6.02826538,6.09424956,6.46033709,6.58777742,6.9190654,9.04736682,9.1816678,9.35935351,10.62661687,12.4600797,12.85932379,12.93258531,16.98990372,16.99490321,22.97103303,23.96395238,28.05020998,28.54000497,31.08636909,33.27803854,34.0763487,35.16700276,35.28021862,36.41394738,36.86235551,38.38515075,38.83843364,40.04800792,40.56248329,40.80215381,49.33087923,52.90174861,54.96473435,55.2183077,56.3228303,56.41332886,56.84284563,57.07240541,57.13695554,57.97977118,57.99957432,58.20291687,58.70565133,58.78993761,59.72375275,59.95390128,60.0895502,60.33179315,60.49091211,60.91582641,60.92707069,61.06844054,61.53773425,61.78273241,61.94927171,61.99576996,62.35763891,62.60526049,62.64200239,63.04136633,63.28925291,63.52538376]","[1,5,6,5,1,5,5,0,2,5,3,3,1,2,1,5,1,5,5,1,5,5,1,5,5,5,0,1,5,6,5,1,6,1,5,5,5,1,1,4,5,5,0,7,1,4,1,0,4,4,4,0,0,0,3,4,0,4,4,4,0,4,0,5]"
"[2.08951185,2.44304085,5.24661595,5.79470631,5.83345538,6.87400925,10.3400198,12.29242758,17.34649917,17.63058391,19.11084249,19.21551102,19.24227661,20.18972808,20.45517322,21.35963234,21.60735245,22.7573952,22.91479398,23.87743745,24.83122989,25.0089418,25.13217054,26.27516174,26.76889954,28.71591317,34.53467414,34.61371659,34.78863888,40.79005909,43.22782295,45.05781445,48.95246833,49.37535548,51.33849758,53.3213645,55.30247878,58.8482351,59.43351091,60.28839203,61.26541252,61.98079329,63.46711217,63.81109555,64.05663811,64.17476798,64.37583226,64.40772064,64.43730162,64.64273988,66.33243162,66.93139141,67.140044,68.51258872,68.75937176,68.97386906,69.34839054,69.43075033,69.45444155,70.14365936,70.19878755,76.65191629,76.95835177,79.75050612]","[0,4,2,5,1,5,6,5,1,5,1,5,1,1,1,5,5,1,1,1,4,0,0,7,5,5,1,5,1,2,7,2,0,2,5,6,3,4,1,3,6,0,0,2,4,0,4,4,0,4,4,4,0,1,5,1,5,7,5,2,1,4,0,7]"
"[4.5866968,7.55834023,10.36757036,11.08479176,12.99073467,13.83570238,16.381635,18.94013006,27.85885253,34.73719214,39.15992697,39.63419237,39.93727663,41.67035416,41.88598162,43.35235965,46.78451645,47.30686064,47.94798067,48.11411773,49.37635731,49.40970413,51.19223792,51.82533494,52.10768661,52.58784251,53.71989757,57.25008857,59.72632624,70.75100706,73.37134085,75.2572952,75.43173135,78.62287607,78.73956183,78.95582617,79.80694631,91.49006749,95.49291299,100.88752822,104.25965598,104.98987344,105.6776718,107.96275366,112.1679989,114.3931252,119.42001069,120.55229436,120.58212936,122.29018617,126.67002274,128.02703163,132.33222474,132.61092089,133.23182507,133.60801935,134.05384129,135.11347265,135.27344814,135.4438221,136.09351424,136.30135131,136.66651843,136.92063734]","[4,3,0,6,7,2,7,7,1,4,1,5,1,3,4,3,0,3,4,5,5,1,3,3,1,5,5,0,5,6,4,0,2,0,4,4,4,6,2,6,2,5,1,4,0,0,1,5,5,2,0,4,4,0,0,4,4,0,4,0,4,4,0,3]"
"[0.90613676,2.67897757,2.87144174,2.90633231,3.70892439,7.37742266,7.51651387,7.99781418,8.09169569,8.48114445,8.55147644,8.66848193,8.70220067,8.73036265,8.85056003,8.87608232,9.72449023,10.02786856,10.12747063,12.01228578,14.54252863,14.64291908,17.01344743,17.83914574,17.84548627,26.80878804,28.1882546,29.28965727,29.70837031,31.54760895,31.58824558,35.07278906,35.30129937,35.43459568,37.14212146,37.48093784,38.79941056,41.48683743,44.52484917,45.53627611,47.51640322,47.54880587,48.2746193,48.33462078,49.97725657,52.71204547,56.79621113,58.33541464,60.09260128,61.51128991,61.66831844,65.25152163,67.31072109,67.56906126,68.49594594,69.0101117,69.48718958,71.19353316,73.35370439,73.62742894,74.62006233,75.10566673,75.20147556,80.83898622]","[7,2,0,4,0,4,0,0,4,0,0,0,4,0,4,5,4,0,4,3,0,4,0,4,0,1,0,5,4,1,1,1,5,1,0,4,5,6,1,3,6,4,0,4,6,0,6,7,2,1,2,0,5,1,1,5,2,5,7,1,5,5,7,0]"
"[2.88146346,3.384079,3.57628699,4.14726908,4.57849536,4.71464942,5.59708882,6.6090653,7.24921086,7.4852948,8.66585464,11.04728778,13.73887051,21.82903085,22.73152522,24.17444941,24.19665963,24.45372323,25.32245214,25.54471838,25.86861088,26.98471842,32.92106147,36.74704752,39.39910522,51.08894955,52.08676778,52.28396937,53.3645646,54.19094572,54.34169701,54.43184328,54.78892871,54.85578958,54.86984539,56.50403035,56.62372716,57.12286357,57.49683207,57.54730455,63.00852126,65.68599841,66.02768287,66.4127909,66.4594228,66.48698862,66.50919081,66.59479623,66.62288839,66.76412081,67.01576685,67.03512795,67.57142661,68.89382449,70.98040254,71.08529992,72.59922622,72.69643816,73.58243261,76.31128189,76.75881612,82.81566457,82.9904644,84.85749617]","[4,0,4,4,4,0,3,0,0,4,4,4,5,0,4,0,5,1,7,4,4,5,7,5,4,0,0,4,0,4,0,0,4,6,5,4,0,0,4,5,4,0,4,4,0,4,0,0,0,4,5,0,4,4,0,4,4,2,4,7,2,4,3,0]"
"[0.98658982,5.55551859,8.80382549,15.46780707,16.57487697,18.1492911,20.4152853,21.43122714,26.20375027,27.0904646,27.35053576,27.56212512,29.40182795,29.70922483,30.35195013,30.38253012,30.3890678,31.5962219,31.62449927,31.64932937,31.98227199,32.02907891,32.05867503,32.06747315,32.23285724,32.64237717,33.25867675,33.38303417,33.605108,34.11267969,35.2421105,35.51529587,35.94489117,36.48537616,37.83462586,38.44943245,38.65695516,38.73656419,39.00430116,40.19152345,41.45319831,45.2492267,45.69291718,49.15083836,51.99749568,54.78058049,55.39390499,55.41881989,55.50642203,56.20811017,56.28871771,56.72570738,57.49666346,57.77862621,59.83774201,59.92158292,65.6239192,66.10694633,68.83963939,69.23388315,69.43337039,70.14039762,71.36984755,75.3213353]","[5,6,5,5,7,5,1,5,1,1,5,1,5,3,1,5,5,1,5,5,5,1,1,1,5,0,0,4,0,0,7,4,4,4,7,0,2,4,4,0,0,4,0,3,3,0,4,4,0,4,0,2,0,4,4,0,0,4,4,0,7,3,5,0]"
"[1.25596422,2.33708178,3.6901237,7.06621164,10.40349968,10.46819661,10.50303301,11.1848682,11.83006471,12.239601,12.37039675,12.41288099,13.37872541,13.46292606,13.88568007,14.06590431,14.29795744,14.90882837,14.91921458,15.16303843,15.62520089,15.65825804,16.22945205,16.2817702,16.50111268,16.6127106,16.87054259,16.95132794,16.95672253,17.26328672,17.29855529,17.63920969,17.85534513,18.64464935,18.91367204,19.73280696,21.72589755,22.17426582,22.25673732,22.43336768,24.28434677,24.6126251,24.81288357,25.54026557,25.61013359,25.6822624,25.95025921,26.28277573,26.54568065,26.82762089,27.20606819,27.51268351,27.60792729,28.02912463,28.10118248,28.22888414,28.71983751,30.1401821,30.24768659,30.269905,30.6212364,30.62350928,31.10161789,31.56710483]","[2,4,0,1,2,2,5,1,5,5,1,5,1,1,5,5,1,1,5,1,1,5,5,1,5,5,1,5,5,5,1,1,5,1,5,5,1,3,5,5,4,0,1,0,5,4,0,1,0,1,5,6,4,5,5,5,1,1,1,5,5,5,5,5]"
"[0.257643,2.93269405,28.31564961,28.61403961,32.32479044,35.50389684,36.66830986,38.45429953,50.91948185,51.34517147,63.14423567,64.74213729,65.37212579,65.95165521,66.1141835,66.47927494,67.04746019,67.57443523,67.58060656,67.61566614,67.7416095,67.826463,67.94568927,67.97424202,68.02787375,68.29134161,68.51432177,68.69875265,68.80779693,68.82555569,69.21988113,70.03178249,70.04343595,70.31680877,70.88995018,71.1970998,71.77974467,72.12512486,73.03813816,73.04906458,73.93165254,74.15192049,75.2292104,75.48239439,75.71008297,76.45398745,77.37777804,78.03298543,81.2988177,81.4932266,82.34584441,82.47825493,84.335951,84.37343508,85.18598826,85.78956442,89.35858919,96.41402488,99.31726165,102.20607744,104.5635627,105.22426251,107.14256763,109.79919267]","[0,5,1,7,7,2,7,2,7,7,2,7,6,4,0,0,0,4,2,4,0,4,0,0,4,0,0,4,4,0,4,4,0,0,4,0,4,5,7,1,4,4,0,5,1,4,4,0,4,2,0,4,4,2,0,6,6,5,6,5,4,0,4,0]"
"[0.87990064,2.05153124,2.71172234,4.31247253,5.42069489,6.21844997,7.50465106,10.12702273,12.97376926,13.1170492,13.17204023,14.43618846,14.43754462,14.63163059,14.65034942,16.33052688,19.09232436,19.50863003,24.10087001,24.65150819,24.96046836,25.8596877,25.91037723,27.54153735,27.76603022,27.89719582,30.04022826,32.88193744,33.20275115,33.3948993,34.32749898,34.70716943,34.71618366,43.15252714,47.99493636,52.55741823,54.08536654,56.1614889,66.61190606,66.99910483,67.26888958,68.14695602,68.3991817,68.419018,68.49984451,68.50323042,70.34518553,72.90389182,78.23481374,78.86965287,79.34978159,80.94614661,81.87601834,82.72353862,95.28172444,96.05122926,97.31821698,97.45595922,99.02665919,104.29771404,107.98999313,108.5713281,109.96984546,110.02425103]","[5,1,2,5,1,2,1,5,1,5,1,1,1,5,5,1,1,4,5,0,4,1,5,5,1,5,7,3,4,3,4,4,5,2,7,6,2,6,5,5,0,1,4,0,4,1,0,3,4,1,5,7,1,1,7,1,4,5,0,0,6,2,6,0]"
"[3.2533017,4.25262762,7.60245944,10.6508889,10.81556457,11.11025177,13.19977948,17.53480695,18.5111845,18.84223901,19.25653566,19.61802759,20.28700022,21.21770002,21.83705882,21.9725123,22.8141761,22.88493767,23.28465447,23.46045399,24.20353212,24.88100104,25.27807996,25.91298383,25.9186748,25.91974146,26.40123921,26.64512617,26.93878986,27.0828524,27.61054358,27.65831187,27.78236735,28.08405216,28.13757963,28.42125628,28.5291965,28.57961007,28.90967047,29.12972547,29.16168344,29.29066429,29.66578191,29.73142219,29.92242038,30.68506345,31.05103283,31.61830928,31.61861019,32.70163361,33.50673673,33.90943286,34.96295759,35.05323596,35.83894048,36.03232729,36.06454244,36.47449335,37.44320461,37.9759412,38.38164342,38.5227611,46.9285905,48.71095448]","[7,0,1,0,4,0,3,5,1,7,5,1,1,1,5,4,5,1,5,1,1,5,0,1,5,5,5,5,1,5,1,1,5,3,1,1,5,1,5,5,1,5,1,5,1,5,5,1,5,1,1,1,5,6,1,1,5,1,5,5,5,5,0,5]"
"[0.89218614,2.22096815,4.60304628,4.88453267,7.36655383,18.45297042,39.58216632,40.80081153,41.62194701,41.99613126,42.22152474,43.07895641,44.05208316,48.4806981,50.76459565,51.03342842,54.06771458,54.60957743,66.23088859,67.05978202,67.51385624,68.27503102,69.42224984,71.26942128,72.82580673,73.36372069,73.61855947,76.51946133,78.72109673,81.21299262,81.34472118,81.54819643,81.59238496,81.86231982,82.08839206,82.42236985,82.6438095,82.84981425,82.97241943,83.37362381,83.60350609,83.61524619,83.65219072,83.7708942,84.00410149,84.51106922,84.76357358,86.69199744,88.23898809,91.46196762,93.20486604,97.88873546,98.19163144,98.43497859,99.25548782,99.58743871,99.60252626,100.35355292,100.47182274,101.10172606,101.78829594,102.68382586,102.83969672,103.53317289]","[2,5,5,1,7,2,5,3,1,0,5,5,1,1,5,5,5,1,1,5,1,6,5,5,1,2,5,5,0,0,4,4,4,4,0,7,0,5,0,4,4,0,0,4,4,0,0,0,0,1,2,5,1,1,5,1,5,5,1,2,5,1,5,1]"
"[2.81987792,3.08345967,3.77244763,3.96717979,4.00431077,6.48097713,7.1201798,7.15008019,7.87738672,8.14667843,8.26657034,8.28365998,8.38458935,8.57707804,9.27085394,9.74071931,10.55897092,10.68338684,10.87500113,10.89577364,10.9939545,11.41196301,11.65040732,11.87958853,12.15560245,12.28691297,12.70392604,13.29145741,13.41681643,15.04178168,15.09361351,15.17158296,15.24403532,15.99592518,17.82738743,18.56842114,21.45100696,22.93417883,23.41478772,23.84963582,23.897466,24.02805208,24.07844535,24.17712258,24.21384694,24.54652625,25.4959075,25.77998958,26.05692466,26.15330282,26.45648911,28.38775371,28.75434437,30.13947955,30.9890236,36.23334908,37.50951501,38.61456486,38.61829002,38.68095559,39.54659917,43.0688012,47.01840733,48.48467109]","[1,5,5,1,5,1,5,5,5,5,1,5,5,5,1,5,1,1,5,1,5,6,1,1,5,6,5,5,1,5,5,5,1,1,4,0,4,4,1,5,1,5,5,1,0,5,5,1,0,5,0,5,4,4,0,5,2,1,5,3,3,2,4,0]"
"[7.13269628,9.09892485,9.11712892,10.83086455,11.41727828,13.50418506,13.78225278,13.95987739,14.21001322,15.1794171,15.24730361,15.81592031,15.98647257,16.15735009,16.35639486,16.51726591,16.54359596,16.56035423,16.62662781,16.85564169,16.89314671,17.09124681,17.53236611,19.64870569,19.75460694,19.86062051,19.87436173,19.90150863,20.0311525,20.69962339,20.75373571,21.80470479,22.02514373,22.03477224,22.11304452,22.34095745,22.84465118,23.18791554,23.19804931,23.68728162,24.10279807,25.29643197,25.61007411,26.71119286,27.79403463,27.98396597,29.20147008,29.36060759,29.67914417,29.79773884,30.45328498,30.57991092,30.9866543,31.14013104,31.18902297,31.78809345,31.92357467,33.6599663,35.15888988,35.39435943,35.61836883,35.81029443,36.19658172,36.46070246]","[6,4,6,3,0,1,4,4,0,0,4,4,0,0,0,5,4,1,5,5,5,1,1,1,5,5,1,5,1,1,5,5,0,1,1,5,5,5,5,1,5,5,5,0,1,5,0,5,5,5,4,1,0,5,0,1,5,4,0,4,0,0,4,0]"
"[0.51805968,2.04907195,4.57101278,6.4797219,6.93594632,9.70172994,9.78222922,11.03662266,11.67346944,12.57824182,15.38304127,17.04651063,19.20337757,19.98324699,20.90362876,21.55394527,22.33981308,22.376573,22.40386991,22.64802164,22.8116536,22.82748777,23.44746343,23.5717139,23.84769428,25.14342489,25.47035604,25.70628389,26.66007709,26.86247082,28.20386288,28.54223221,32.16304254,32.30318259,32.79060282,33.70630383,33.8828237,34.06583337,34.48039142,35.83458317,36.09914811,37.1114943,48.30469411,51.6678138,65.81345192,74.27702354,75.30565063,76.33461962,77.05394446,77.66575129,77.98580383,79.42628058,79.85059033,81.79418278,81.91205658,81.9563762,82.46876906,82.90465806,82.95648685,83.07710201,83.23778766,83.57194343,83.70592357,83.78233741]","[7,7,6,4,0,1,2,5,1,5,1,3,4,4,0,4,4,4,0,0,0,4,6,0,6,5,4,1,1,1,5,1,7,5,1,5,1,5,5,1,1,5,6,2,6,2,1,5,1,3,5,5,1,3,0,5,0,1,1,1,5,5,1,4]"
"[5.55118026,10.76380529,11.73802314,13.10835726,15.77816473,17.12996945,17.27178703,17.82891436,18.57947547,19.74283405,23.88487942,24.26846038,26.1989676,26.58695091,26.93474669,27.50819023,27.76868367,28.02550035,28.45216609,29.59284529,30.22929414,33.72166414,34.35796387,35.01475229,35.30333424,35.56088531,38.38720307,47.70662098,51.82512807,54.37242197,56.08744263,56.86003128,60.76331161,61.90254524,62.31063413,65.06690503,67.30568291,67.39191864,67.85667067,68.72604485,69.54393972,69.58166094,70.58922523,70.96687616,71.70097632,74.50094529,76.38672317,79.03219462,79.2253139,79.78876526,79.99969711,80.62863318,80.66762259,81.7119677,82.12982931,83.15432867,83.66257817,84.40204398,84.59107493,86.42315296,87.05437308,87.24550042,87.9745428,95.0431407]","[5,3,3,5,2,7,0,5,5,1,6,1,7,7,7,1,0,5,5,0,5,5,4,0,4,0,2,2,7,6,1,5,1,5,3,1,5,1,5,1,5,5,5,1,1,4,6,5,1,1,5,5,1,1,1,5,5,1,5,2,5,2,4,6]"
"[2.87496631,3.94974874,4.15825981,4.25724128,4.36930968,5.00346222,5.02835618,5.24339914,5.92453059,8.1452389,8.5379075,11.53417844,13.14195941,13.40576314,16.52322825,17.48559048,17.64456503,20.92243898,21.18789387,21.4414018,23.06491097,25.10219099,25.62740775,27.30063045,30.51720105,30.79124301,34.6243561,38.3369369,40.05303782,41.12431922,42.48530366,42.55431557,42.70758195,43.4309515,45.9253217,48.18673702,49.01495556,57.11407514,58.35613253,59.20497259,59.36876209,59.79851111,61.05562576,63.72067675,64.0981061,64.48132059,72.02043878,76.28775333,79.02646628,79.31449971,80.05459668,80.44074354,80.44326281,80.94833424,81.21037009,81.45021556,81.58494459,81.60389982,81.62974306,81.81446873,82.11926513,82.24488934,86.51920285,89.7419347]","[6,7,1,5,1,6,5,1,5,2,1,2,2,2,7,7,0,4,0,0,0,1,4,7,0,5,7,4,7,5,1,6,6,1,5,6,7,6,5,1,4,5,2,2,2,7,6,7,5,3,0,1,4,1,0,5,1,4,1,4,0,0,1,5]"
"[1.07648219,4.16882608,10.46177719,10.71148772,12.57060829,13.98079506,14.58296803,18.93329891,19.55325019,20.00117666,22.59201843,23.76395697,24.55643865,25.40013697,25.56648847,28.34747841,32.062289,39.13224157,41.47855844,44.12389068,45.15442482,45.372889,45.42343614,45.60760482,46.79592949,46.87631194,47.1404561,47.68032618,47.72504183,48.37529482,48.4130046,48.44407782,48.46664409,48.60617624,50.51465405,51.92333916,53.17617476,53.582694,54.64797424,54.84023232,55.19668242,57.14693948,57.68336961,60.47730478,60.51294586,60.95331293,61.4921544,63.15011713,63.63276835,63.80840082,64.72403373,66.21823305,66.81733604,67.07524294,68.92324274,71.4283299,79.74190378,80.18758454,81.11642712,81.71669971,82.38768438,83.88232752,92.29558283,114.15113494]","[1,6,7,2,1,2,5,2,7,5,6,2,1,6,6,4,6,3,2,5,0,4,0,4,4,4,0,0,4,4,0,5,0,4,4,4,0,4,0,4,0,4,4,0,4,4,4,0,4,0,4,0,4,4,0,2,5,7,0,0,7,1,2,4]"
"[0.66085436,1.83016164,10.77961614,15.17405184,16.40280202,17.17465751,18.51917929,19.53611143,21.81572434,22.47790721,25.36984722,28.15767427,28.44761217,29.15906557,29.36686599,30.26173689,32.73176114,32.94263559,33.05190658,33.19924612,36.01775436,39.79438826,42.22107594,42.34045695,43.17070778,44.44515551,44.84890594,49.29570214,50.75113409,52.14926386,52.9762568,54.74789092,55.30921737,56.58349089,61.52211287,63.83320509,65.08041994,65.5975853,65.62176635,65.95474799,66.50028477,69.86064441,70.14021177,71.99532725,72.77433349,73.30095072,73.40291247,74.38690144,74.71478412,75.59710717,75.8224445,77.93554402,78.83885654,78.93182755,79.55165782,80.53851709,81.4484392,81.54286106,82.11749058,82.22486534,82.81867339,83.13114125,84.41501093,84.44996256]","[4,0,5,5,1,1,2,5,4,0,7,0,3,2,3,5,1,5,1,3,5,5,1,5,1,1,5,5,1,5,5,2,6,6,1,5,0,5,4,1,4,3,4,0,4,0,0,0,4,6,0,4,0,4,0,4,0,4,3,0,4,0,1,5]"
"[1.20351856,1.27735544,10.19815527,10.92918058,11.50477681,17.80522042,20.7933794,25.01077602,27.44199765,34.09971615,36.51855935,37.45726654,41.08128854,44.84101313,49.25040196,50.9465414,51.69701568,52.74167344,52.79009754,52.99588201,53.96608733,54.24650381,54.44733484,55.87898556,56.04133557,56.87116778,58.02742995,59.31482525,69.57385391,69.75208069,71.35473491,75.96520336,76.0887489,78.24872581,78.84363251,80.41815228,81.05537156,81.17871032,82.48114596,84.26390451,85.20901707,87.73858111,88.16417074,89.17081127,89.38802073,90.07931187,90.14282553,90.27495439,90.6749369,91.02739847,91.05171072,91.09454725,91.2664472,91.60910747,91.65162862,91.69584919,91.80020789,91.87867023,91.91928724,92.00210162,92.03973315,92.05373597,92.10988472,92.1675078]","[7,3,1,5,6,7,3,4,4,7,4,0,7,2,0,6,2,0,6,4,4,4,0,2,4,0,5,1,0,4,2,5,7,1,5,5,1,2,1,5,1,1,5,5,5,0,1,3,4,5,4,4,1,2,0,0,7,5,0,0,4,5,1,4]"
"[2.62194743,5.22898458,8.89369677,16.09049749,16.38232898,19.28007374,21.95137924,32.63012673,35.01936063,35.20403412,35.65855875,36.17248886,36.33441254,36.38407742,36.9609343,36.99674343,37.2684387,37.36328092,37.594046,37.84175194,38.48211804,38.56556087,39.18249216,39.81402413,40.17457131,40.19369004,40.24087823,40.39177731,40.51945847,40.69949023,41.14195939,41.18290707,41.21926623,41.48968617,41.56713133,41.83619549,41.86132797,41.92265455,42.22894096,42.44650069,42.4825313,42.59194713,42.83880618,42.87074802,43.27774703,43.52009557,43.52576497,44.37740707,44.40483295,44.41635956,44.44633733,44.51695842,44.80843658,45.11846107,45.1711779,45.51652852,45.66209859,45.72951187,45.83409123,45.88648794,46.4558838,46.5837642,48.49704104,48.81688518]","[7,7,2,0,7,7,4,4,0,1,4,5,4,0,4,1,0,0,0,1,4,4,4,5,1,5,1,4,0,5,5,0,1,4,4,1,5,4,1,0,4,1,5,3,5,0,0,1,5,7,0,0,5,5,0,4,1,5,0,2,4,5,1,5]"
"[0.22355933,3.14106475,5.82071045,8.64098834,10.92789205,12.23241863,13.63725831,14.1459945,16.7398401,22.98098312,23.93035748,23.97542345,24.4364339,24.55229567,24.84083247,24.87767906,25.59535771,26.16862459,27.3051127,27.41002344,28.3280566,28.61508579,28.98725838,29.34530274,29.65124172,29.85959146,29.95986892,30.23097951,31.89172197,33.63466322,34.54292911,34.79591333,35.25059527,35.30733366,35.81714262,36.21224596,36.35124672,38.29355837,39.35967137,39.89258464,40.07286524,46.03635808,46.09442324,46.11845718,46.22527321,46.26541407,47.29125361,47.32467329,48.91998877,49.09657447,49.89212494,51.19460326,52.92888212,53.68480525,58.12565641,58.72565001,61.2752281,68.86348507,70.88056062,73.16647514,73.44621822,73.54901198,73.80222779,80.44274104]","[5,5,4,1,5,5,1,6,2,1,1,5,5,1,3,7,5,1,5,1,5,3,5,1,5,1,1,6,5,1,5,1,1,1,4,5,0,1,5,7,6,5,1,0,5,1,1,5,4,5,3,0,4,7,0,4,2,7,2,5,1,5,5,0]"
"[4.69433576,12.60233363,15.49687902,15.94523964,17.79775122,17.80020299,18.42581966,18.90522042,19.33045347,25.14771743,25.44910709,26.94275499,32.22857984,36.30922805,37.27837916,38.88800165,39.36063989,51.55234258,51.82847914,54.26839004,57.83975859,58.04278458,58.46381045,58.88516098,59.21388983,59.80824124,62.58049326,67.32658139,67.44381824,68.08833231,70.81830244,70.83855381,73.00578806,73.05435431,77.38911118,77.99078719,78.67020114,78.72930511,79.34671027,79.37445582,79.52115733,81.49376842,83.20179255,83.55136239,85.06992987,85.27701883,86.17273823,96.58042443,98.67377837,100.48973569,103.3323587,104.26654925,105.34182831,106.73337412,106.99505492,107.07526549,107.31150219,107.31346157,107.62550256,107.71061422,110.05000441,110.91456682,110.98658264,111.72804223]","[2,2,4,0,4,0,0,4,5,5,4,6,2,6,6,0,2,2,5,5,4,0,4,7,0,3,4,7,4,7,1,5,0,5,0,4,0,4,5,2,0,6,0,4,4,7,0,3,3,0,4,5,0,1,5,7,1,5,1,5,1,5,4,0]"
"[3.83986532,8.64910279,13.634959,14.73957567,14.96760007,18.29392727,18.71424372,20.36844795,20.68458125,21.00228054,21.4714407,22.26712928,23.30808372,23.54023506,26.86243293,27.75669277,29.51416419,30.73764063,32.37666658,33.51977797,43.52772308,45.39252906,46.60279102,46.8059098,48.30554344,48.58475625,48.88607357,49.64801232,49.74130211,50.48695127,50.51957591,50.52696446,52.28196236,52.44467353,52.58342185,52.98783621,53.09143371,53.45915311,53.63244288,53.75665558,54.02374362,54.16563798,54.44932883,54.64131319,55.1459586,55.20492573,55.21207211,55.23827441,55.2681573,55.46650077,55.85155843,56.07491073,56.1416793,56.46334904,56.49163997,56.98053327,57.14281651,57.27982104,57.77543517,58.24479485,58.25283807,58.34143591,60.90970814,61.36657418]","[6,3,7,7,0,4,1,0,1,5,2,1,5,6,1,5,5,0,5,5,6,6,1,5,5,5,5,1,5,1,5,0,5,5,5,5,1,1,1,5,1,5,5,5,1,1,5,5,1,5,1,1,1,1,5,5,1,5,5,5,5,1,5,1]"
"[0.68610817,7.28942285,8.39792404,12.23065494,14.84751286,18.62719697,22.24378506,28.3957012,29.01694039,30.59122187,31.95933068,32.73999053,42.30246798,47.79558781,48.03823846,48.99196709,50.15499276,52.41172519,52.58062099,52.69625801,54.86260139,55.2210474,55.2212232,55.25620242,55.40624905,57.13918916,58.40114089,62.54653695,63.02901464,68.81944888,70.40103687,73.49502624,74.89029539,76.50319364,77.22667228,82.49179391,86.58117583,88.07281865,90.15783192,93.53218073,94.51281773,94.93836231,96.60902736,96.6959735,97.05873627,97.15261941,97.17239681,97.17580208,97.357612,97.92955883,103.43304071,103.76974915,103.88275946,104.18653623,106.88917616,107.22775375,107.62550728,108.1761962,108.63704633,108.89356999,108.98114705,109.15785781,109.35863804,109.42977351]","[2,2,6,4,3,0,2,4,1,5,5,1,5,6,2,1,5,5,3,3,0,2,1,5,2,7,7,1,5,1,3,0,3,5,0,2,5,7,6,7,2,7,1,7,1,5,5,2,5,5,4,0,0,4,4,0,4,0,0,4,4,2,5,4]"
"[2.35485505,2.46048427,2.77056326,4.14614673,4.32601799,5.52498799,5.9545027,6.19901862,6.22439535,6.32512557,6.81113209,6.88486223,6.95660886,6.96795349,7.13133388,7.49999932,7.62285202,7.68016651,8.44187452,9.44110503,9.5005605,10.3801301,10.54160593,10.99372427,11.38597936,12.28317916,13.62558838,15.42822384,17.2065554,26.07560918,29.34240835,29.94219036,34.8325331,37.56887473,38.76466423,39.79221288,40.30528679,41.13423375,41.6072226,42.78324335,46.77460351,46.82392142,46.90201061,47.75643585,47.92722719,47.93262996,48.41530188,49.16497612,49.92933662,51.06228533,51.52003488,52.19529127,52.34194176,52.89237408,56.95068073,72.05865961,72.23713375,73.96095228,77.05673269,78.6027891,80.00938648,80.34247872,80.64155426,81.20370387]","[5,1,1,5,5,1,5,5,1,1,3,1,5,1,5,5,3,5,1,1,5,5,5,5,5,3,1,7,4,7,1,5,2,0,7,6,0,6,4,2,5,1,1,7,1,1,2,5,3,1,5,0,1,5,5,6,7,0,1,5,5,0,1,4]"
"[0.30151327,5.51424339,6.31883033,6.77137289,8.02020657,8.06895063,9.57318527,9.87932469,10.85555507,11.37330833,11.48843385,11.88704628,11.98398403,12.6296115,13.66430166,15.06953708,16.12328801,16.55277162,17.41407757,17.53766004,18.3973192,19.63127479,19.82560622,20.33855254,22.90257407,23.95827389,24.20581315,26.01347695,27.3222065,27.58130904,27.80549883,28.80823943,29.42321289,29.59745882,31.48713056,31.83561421,33.55613567,34.30836915,34.5427541,36.47774273,38.97343274,38.98422796,39.09097954,42.14065257,42.9058117,45.92065629,48.12030063,49.03601156,49.06007891,49.76452861,50.12734866,52.48542467,52.53209712,53.33310643,55.32639539,55.60195784,57.39061955,61.69851376,61.79478284,62.81000042,63.4819167,63.4989621,64.39554504,64.57505739]","[3,0,1,5,2,5,5,1,1,4,0,5,1,5,4,0,4,0,0,7,2,5,1,5,1,4,5,3,4,5,0,0,4,0,4,2,4,2,0,4,6,5,0,3,7,4,7,1,0,5,5,1,5,1,5,7,5,3,2,6,7,0,5,1]"
"[5.15557354,6.090099,16.11363359,17.31089129,17.86466404,19.16539536,21.28684493,22.29348916,23.15600497,23.33377298,23.51104624,23.98683351,25.30690089,25.34506256,25.4710561,26.88401776,27.34536652,27.99593323,28.45294031,30.0361575,30.16381738,32.20680771,35.61466248,36.97805501,37.6902272,39.31798172,39.52787435,39.54709702,41.47121319,47.69138975,48.09730528,54.18525007,56.07805828,56.35872452,58.00766199,58.34439896,58.79656115,58.91802016,59.43532584,59.93777636,61.83092407,62.92245994,64.43748709,64.81241189,65.57083172,68.15243806,68.35222598,74.72563612,75.85912515,76.6328687,76.79361592,77.41783053,80.51339439,85.80430869,85.96491708,86.58536644,87.18080388,87.71202273,88.56724615,89.33613531,90.21284319,100.55205279,101.39547746,101.89096675]","[5,2,2,7,1,2,1,0,1,5,5,1,1,5,1,0,5,4,7,0,4,2,4,7,5,2,7,1,1,5,1,6,7,1,5,5,1,1,1,5,1,5,1,5,1,5,1,2,1,1,5,0,3,5,1,5,5,2,1,5,1,2,2,0]"
"[7.10405235,12.87876036,16.64363481,18.57088012,19.54802976,20.42632433,23.14658949,30.48925538,34.56756312,36.74110932,37.78996063,39.86123822,40.26960713,44.86444903,49.44078575,51.7722531,54.58988877,55.52816012,58.34928475,58.75305694,64.79793353,66.33045835,67.85346414,68.40408932,68.69058751,72.07207442,74.23763528,77.59081414,79.9627576,80.35654585,83.32866351,85.6220307,86.65969206,86.80099161,89.38916957,90.78358419,93.48238329,94.47954648,94.56189269,94.77865432,95.80324169,96.27791137,96.40190479,96.54322705,101.97755898,105.86453776,106.5738917,117.09032488,117.46103301,117.54180195,117.74164686,117.75312488,117.80787177,118.18617473,121.6450001,122.11961051,123.47825649,123.96079028,124.40707398,124.48661973,124.56742652,126.03626667,126.11570013,126.48342211]","[7,2,3,4,0,0,6,7,5,1,1,6,2,4,5,3,2,7,1,5,1,2,5,7,5,3,7,7,2,3,2,1,5,5,7,2,1,5,5,1,5,2,5,1,6,6,2,1,5,5,1,1,5,5,0,1,5,1,1,5,5,7,5,1]"
"[3.66772875,3.881203,4.40854805,5.14894554,6.11517414,7.3295618,7.47765171,9.17346751,12.98946109,14.27399966,16.00199278,16.54475988,18.74832079,18.78238236,21.66381937,22.12225395,22.15515381,22.3129663,23.05376493,23.11568316,23.68891288,24.00145604,24.43011404,24.6622189,24.95874848,25.24547117,25.3387528,26.67386173,26.86549982,27.07165927,27.64659268,27.78772025,27.90735576,28.72312905,29.38155208,30.05592335,30.14616788,30.60890092,31.4192107,31.42043036,31.64028674,32.09197878,32.10957535,32.94147289,34.8050787,35.34293327,37.45438518,44.59559498,51.59431115,52.78479856,52.98724417,53.78464297,54.10563051,54.12840341,56.21621091,56.97945568,57.35142586,58.12822435,58.16773306,58.9876584,60.35459194,66.39306527,72.04130278,72.21702208]","[5,1,1,5,5,1,3,5,4,1,0,1,5,5,1,5,2,1,1,5,1,5,1,1,5,5,6,5,5,5,1,5,5,1,1,5,5,5,7,7,1,1,5,5,1,5,5,5,0,4,5,0,4,0,1,3,3,5,2,0,4,7,6,5]"
"[3.43225631,5.69114438,5.7942602,8.00582317,9.13716032,11.19804884,12.77343433,13.49649933,14.89764654,14.92157917,15.31065211,16.25337091,16.61499338,17.20706344,17.68039276,17.69975417,17.80040359,17.9054445,18.25587394,19.58403038,20.80714617,21.91172043,21.9357814,25.64112866,28.42793969,32.52856423,32.67321539,32.91242739,32.91874626,33.17031814,33.23595943,34.07151146,34.53976258,34.86224199,34.87066421,34.89962671,35.27572988,39.42749865,39.68350041,40.25721693,41.91073684,43.21687344,58.18067376,58.20126765,58.85345576,60.38437061,60.79040266,61.6242688,64.46340003,65.06968898,67.04693316,68.86225153,69.00873309,69.26425679,69.62014906,69.76834107,69.96061303,70.21986144,70.25758305,71.01938178,71.1760066,71.22582463,71.39015486,71.84922627]","[0,4,4,7,0,0,6,0,3,1,4,5,5,1,1,5,1,5,5,2,5,0,1,7,2,0,4,4,4,0,4,0,4,6,4,1,5,1,0,5,5,4,7,5,1,5,1,7,1,5,1,5,5,1,1,1,5,1,5,1,1,5,3,5]"
"[2.548858,3.02694564,3.78485101,4.98474185,5.59630424,7.22517704,7.9114361,8.52994688,9.22580098,10.46605609,11.33421039,12.01844368,13.49284083,18.79223795,19.77742538,19.95407801,20.00944072,22.92601519,28.35221819,29.11504124,29.31185458,29.61233556,34.74392975,35.15186497,35.91061171,38.6542845,38.89934081,39.11231216,40.31213555,40.41415673,40.51473856,41.64938203,48.49702176,50.12297598,50.65095562,52.28035981,53.61259019,54.98567353,55.33454923,56.76097245,59.20691888,60.44200282,60.4943319,60.79857355,61.23588066,61.33463392,62.7803531,63.6645364,64.49273576,65.48597332,65.52678809,68.08628662,68.89922701,71.90639141,72.13458912,72.39847517,73.90023799,74.95707006,75.69412061,75.78524878,77.68574479,82.71536478,83.01095702,84.28751791]","[0,4,5,4,0,2,0,4,4,0,4,4,4,5,1,5,5,2,4,0,4,4,4,0,4,3,2,3,7,5,1,2,4,3,0,6,7,2,6,0,2,4,0,4,0,0,4,0,4,0,4,3,5,1,7,1,5,0,6,4,0,1,5,5]"
"[1.31577762,2.17759892,2.81596136,3.69942008,4.43333997,4.61140529,11.07573913,11.93164553,15.15820293,18.25257611,18.4159256,18.82279317,18.94248921,19.96189585,20.05546385,20.19594026,21.14335705,21.88695193,22.03597608,22.31010515,22.87523775,24.04395042,24.16250035,24.51468055,24.54407771,24.82154553,25.1492704,25.5891351,25.81005124,26.29654989,26.7156235,26.96854916,27.18228432,27.46628746,28.65914007,31.90910024,32.69601876,32.8672397,33.91726215,34.85011059,36.13500885,36.64886002,37.7838157,37.83682219,39.29402067,39.37097966,40.73504922,43.53422736,44.24560667,44.45301016,47.41446126,48.99382912,49.83512573,49.96718758,50.91133913,51.13326311,51.32458893,51.49035251,51.78098017,51.79029555,51.98888221,52.35288659,52.37102207,52.50475012]","[1,5,1,4,2,5,5,1,5,0,5,4,0,4,5,0,0,2,5,1,1,1,4,2,5,5,5,0,5,5,2,1,1,4,5,0,5,0,1,5,5,1,5,2,4,1,3,5,2,3,6,1,5,1,1,5,4,5,1,0,1,5,1,5]"
"[8.67408038,9.0519903,9.16780438,9.59415726,11.40408658,14.08630852,14.20097226,14.75492583,14.93087828,15.21516598,15.23353784,15.32130471,15.60252788,15.65009945,16.36047487,16.47112147,16.86671995,17.38149455,17.77986735,17.9326432,18.66960405,21.46577614,24.85458181,25.03676767,26.54598925,30.64238612,30.67752532,31.39551621,31.40653823,32.06128884,33.68975394,34.05366596,34.0655754,34.37389284,34.5486415,34.87451537,35.65810496,35.76049262,35.87791579,37.24575363,37.8399738,37.93396056,38.81232681,38.97732685,39.41413771,41.81031876,42.86359833,42.99232826,48.68418937,49.07283408,53.67380773,57.90683078,59.13212312,60.92924949,61.72285672,61.83902823,62.9639293,64.03202153,64.11730454,64.29149645,64.79561963,66.7059658,66.76542568,67.57056959]","[7,1,5,1,1,5,1,1,5,2,5,1,1,5,1,5,5,5,1,5,2,2,5,6,3,1,0,4,4,3,0,5,1,2,5,1,5,7,5,0,4,4,5,5,1,4,1,0,6,6,7,0,4,0,1,0,2,4,4,1,0,0,4,4]"
"[3.82209182,4.20314585,6.41677742,6.73682947,6.79435297,7.28293635,18.13840601,21.77878127,24.0247502,28.27308329,36.83639889,39.04873691,40.58597424,40.79912025,44.16086932,44.40969359,44.72291566,46.83400314,48.7065368,48.93693402,49.93510832,50.44050012,50.44284171,53.12474577,53.49388453,53.80244015,53.96883548,54.10682486,54.10977098,55.01768348,56.5666814,56.75676549,57.72164045,61.10989342,63.17211673,63.50122562,65.23771874,65.24061896,67.04979046,74.27500092,75.09587519,75.97954519,77.08907592,77.53267394,77.81143727,78.12844725,78.24468489,78.54521993,78.58456197,78.65180658,79.20218178,79.68282522,79.79774924,79.83124599,80.20771501,80.46069613,80.52888877,80.80227198,80.83139598,80.95546609,80.99584751,81.10819037,81.28543591,81.34651319]","[5,0,1,0,4,4,0,7,3,5,6,1,4,0,1,0,2,4,4,1,5,5,1,1,5,5,5,5,1,3,5,1,1,0,5,2,1,5,3,4,0,4,0,4,4,0,0,4,0,4,0,4,4,0,0,0,4,4,6,4,0,0,0,0]"
"[1.00448611,2.20996186,3.24270656,5.48804513,5.54826688,6.50547041,11.29810529,12.91218554,22.66793366,23.94386095,24.35051574,24.91822428,25.24835073,26.0384925,26.45221925,26.78050282,27.65125763,28.01557506,28.88077016,28.94784357,29.68060317,29.7499701,29.92575232,31.125473,31.63538283,33.74939446,36.91795786,38.12061777,38.40958491,40.40354814,44.04498244,44.48123129,44.91469017,47.36657548,48.88383443,50.31517195,51.84825065,57.76461491,59.06954472,59.322359,64.75612696,65.97555806,67.42780525,68.11070809,75.17078322,77.39946402,78.14038837,85.23544009,86.92213422,89.79755692,89.94946404,89.97110273,90.30231227,93.43080247,95.29377078,95.72056294,96.07822804,97.21658344,97.31906939,98.02512532,98.86256077,100.9580536,103.78986481,104.90319593]","[1,5,7,0,6,6,4,2,5,1,5,1,5,1,5,2,1,5,1,1,5,5,1,5,1,1,2,1,5,2,5,1,5,1,0,5,4,3,2,1,5,2,3,5,4,1,5,7,2,1,4,6,5,7,0,4,0,4,0,4,4,1,2,7]"
"[2.95100551,4.38014567,4.78609292,6.77626354,11.49864239,12.62558904,20.56352424,21.94118519,27.50909483,28.21859989,29.91913642,31.08716991,31.96301511,32.74272149,33.01901737,33.31559016,33.71308347,34.9433472,35.48697238,36.07253164,36.45624708,36.57576985,37.4082814,37.47441201,37.67201731,40.30705044,40.95282626,42.0011951,42.14549879,43.15277069,43.27551674,43.68313733,43.68884463,43.71464865,43.97028759,44.50559976,44.83593299,44.8949906,45.6289294,45.89210777,46.06108792,46.20808672,46.3687913,46.72114641,46.8425499,46.85159987,47.05995675,47.24080342,47.41024201,47.63396114,47.71220792,47.80123659,47.86670939,48.68439955,49.05307196,49.50101927,49.64576632,49.87453373,49.97956898,50.06703377,50.89047981,50.92117185,51.08368122,51.19880146]","[7,0,4,0,0,6,4,0,0,5,4,0,4,5,7,4,0,1,5,4,1,5,5,3,3,7,4,2,0,1,5,5,5,5,1,5,4,0,4,0,4,0,0,4,5,5,4,0,4,7,1,0,0,4,1,1,4,4,0,0,0,5,0,0]"
"[5.10193708,6.3573371,7.32219741,14.31827016,15.36833346,16.86914935,17.99270149,19.37945543,19.78705952,20.99918383,21.49883423,23.1111282,24.03528303,24.09784748,24.3178219,24.9177536,25.20883522,25.61118745,25.79248115,25.90223996,26.19307531,26.32724817,26.32725959,26.37983619,26.48593433,26.60710094,27.22119624,27.50915842,27.89360776,28.41526851,28.73565019,29.15797653,29.45115219,29.56596352,29.7725119,30.09376348,30.12003395,30.1796829,30.33800787,30.41056394,30.5279209,30.57738984,30.73198425,30.84761298,30.90357318,31.01463804,31.08632585,31.34237623,31.36539783,31.40613847,31.71149601,31.72150551,31.74083345,31.78540409,31.80763115,31.84036215,32.04663734,32.09644732,32.33735304,32.63654662,32.81615701,33.12026014,33.59260992,33.65835038]","[5,1,0,1,5,4,0,1,4,2,5,1,5,0,1,5,2,5,5,1,5,3,1,5,1,5,1,4,4,1,5,0,4,5,5,5,5,5,1,1,1,5,5,5,1,0,1,0,6,4,4,5,0,1,5,4,5,1,2,5,1,7,5,5]"
"[1.16302946,6.55019283,8.78939972,21.85463647,22.82100651,26.50615421,27.35753292,28.21818798,28.35112386,29.56247525,30.13289706,30.37586451,30.58945018,30.86368307,31.49515577,31.74270471,31.8880093,32.83980835,33.17328046,33.18704885,34.18127292,35.04364378,36.3187305,36.51056215,36.66742783,38.2661506,38.29283607,38.44181462,39.02739078,39.04623558,39.31190966,39.60171974,39.63196635,39.81221604,39.82077371,39.95606785,40.00049674,40.05922245,40.56804861,40.59215837,40.76687218,41.09672075,41.47145563,41.48811287,41.54748011,43.85181779,44.29268065,45.32985844,46.34158954,59.19438539,62.95659232,65.11423049,67.20937095,67.21996428,67.56257181,69.4620656,69.61385997,70.28197593,73.26415694,73.79229229,74.06006747,74.72397887,75.10306902,75.51429025]","[5,3,5,7,2,5,2,5,1,1,1,5,7,1,5,5,5,5,1,5,5,1,5,5,1,5,1,1,5,1,5,5,1,1,5,5,1,1,1,1,5,1,1,5,1,5,1,5,1,7,5,5,5,1,5,7,6,5,1,5,5,1,5,5]"
"[1.76739158,4.68432778,10.9216525,12.15814363,12.3262618,12.64041194,12.94054887,13.53930385,13.64961086,13.92119743,15.0602698,15.97923819,16.04319302,17.32496633,18.12791445,18.53075038,20.70904536,22.04821629,23.37185101,23.53557862,23.80523227,23.90122365,26.33867729,26.58845727,27.83418139,28.4327902,28.50410866,29.35035348,31.25269066,32.61730907,32.78157586,32.83641004,33.38024248,33.75620103,36.24002323,37.7293686,37.79035446,38.63217452,39.39781079,40.39134082,40.44163036,40.56740908,40.57732424,40.81511353,41.14332577,41.8599926,41.87785473,41.90191618,42.0291013,42.76318803,43.85950808,44.27166459,44.27179665,45.91783195,46.0584722,46.90383343,46.95134322,47.71872199,49.255331,50.26651506,50.91821143,50.98091402,51.98084491,52.27995653]","[1,5,5,1,0,5,5,5,1,5,5,1,1,5,7,1,1,5,0,4,0,0,4,0,4,0,4,4,4,6,0,4,4,0,3,0,4,5,0,0,4,0,4,0,4,4,4,5,0,0,0,4,4,1,4,0,4,5,5,0,5,1,5,1]"
"[3.54288312,3.78530299,5.73797094,5.98013178,7.34632493,7.51619227,8.12533045,8.22665634,8.78893372,11.24654004,13.82055345,13.85900726,14.1155743,20.09966845,21.25898477,21.44162799,21.55018111,21.65772312,21.73582585,21.94969791,22.02152748,22.04264957,23.86549587,24.09266293,24.27413846,24.71690985,27.44199431,27.80127158,28.02404594,28.04681656,28.57080435,29.03912927,29.08935638,29.31190799,31.22293537,32.08875243,32.34367992,32.94845347,33.91197982,34.32317795,34.61818516,35.63971394,37.21446139,38.32083876,38.36134238,39.48022231,39.57945063,39.75445006,41.10471178,41.81800378,42.66344758,42.76945589,43.15695842,43.18413932,44.67828199,44.78802204,45.59567805,46.86341636,46.8948786,47.68769998,48.13209263,48.56246657,48.79729584,52.22449879]","[4,2,6,0,2,5,1,1,5,5,5,4,1,4,4,4,0,5,0,0,0,0,0,4,5,4,4,1,0,5,5,3,7,2,4,0,4,5,1,4,0,0,0,4,5,1,5,1,3,5,1,5,5,5,1,5,5,1,5,5,1,5,5,5]"
"[0.30474482,7.00702033,12.75305284,16.82505153,16.98887781,18.2449826,18.48401597,19.49834384,19.69031506,21.02105056,22.14913837,22.60073384,22.7275534,23.2836838,23.93885933,24.95331795,25.50725684,25.57259998,25.58453694,26.45623955,27.15356299,27.39841547,27.41202446,27.77412049,27.89805269,27.90107408,28.00816129,28.65049913,29.14806335,29.94000493,30.06892506,30.22711758,30.65616709,30.85225693,30.94496984,31.51514872,31.75570917,32.08764699,32.37557607,32.41699895,32.85444859,32.85846554,33.18094682,33.66953556,33.72991486,34.41311049,34.54376875,35.01611146,35.73526655,36.14806293,36.37096443,36.53185839,36.84044429,38.68776139,38.89788659,39.04540627,39.21295818,39.85099622,40.173626,40.17992694,40.65130616,41.11394674,41.27147173,41.39057213]","[3,1,5,1,1,5,5,2,5,1,4,7,1,0,5,4,0,5,1,0,1,4,4,5,1,1,5,1,5,1,1,5,5,5,1,4,5,1,1,5,7,5,1,5,1,5,1,1,5,5,5,5,1,1,5,5,5,1,1,5,5,5,1,5]"
"[0.75067786,2.8908674,2.97334806,3.00988507,3.04549804,3.69210805,3.95357998,5.06169154,5.84916192,7.13896237,7.49811259,7.73000416,7.74182702,8.25151838,8.72680483,9.43291926,12.0014902,12.73845573,15.37645871,23.45696827,24.44908445,25.0910753,25.82198083,27.16935479,28.13749484,31.55338372,35.311354,37.91485591,39.62241494,40.6451937,41.37768087,41.82755263,45.33706434,51.58100721,54.29408809,55.01541037,55.79981556,55.87787181,57.00391248,57.12062007,58.32250844,58.8105076,59.47596683,59.96452247,61.70662364,61.74451276,63.01448596,63.57417027,63.82359024,64.23766034,65.13887962,65.80173955,69.72061641,73.98493352,74.67155753,74.94280491,75.98015025,76.00994834,76.04087663,76.14736681,76.42432954,76.91349407,78.42737266,79.21517348]","[1,5,1,5,5,5,7,4,2,0,0,1,4,5,6,5,4,4,0,6,1,7,2,1,5,6,1,3,1,3,5,4,2,5,5,1,5,1,5,6,5,1,3,7,2,0,1,1,0,1,4,7,5,4,0,5,4,6,4,2,0,4,0,1]"
"[4.84480426,5.30584313,10.12990945,11.54618425,13.08812976,16.1218077,19.52827547,20.10079533,20.45396711,20.50427619,23.59485842,23.97915472,24.8384749,27.67417744,31.08956712,33.15031335,33.33488074,34.23547419,34.30910388,34.67225931,46.58930511,47.56042538,51.98391082,52.35392533,55.27378005,56.6263595,57.03718374,57.47048154,58.20583603,59.99526532,60.81000638,61.27919362,61.52931251,62.4289431,62.71071964,62.7119023,62.92806173,62.95196367,63.53469405,63.5488263,63.82379943,64.62788246,64.79998051,65.54391148,74.28151609,74.85796154,74.91535177,76.05541638,81.12945479,81.83598715,82.1205761,82.92052801,88.52604077,90.26808231,92.47003043,95.47767945,95.6270322,98.24840333,98.55521174,100.04610574,100.19189765,100.41319267,100.88447868,101.10949125]","[2,2,7,4,2,1,2,1,5,5,4,7,7,5,7,1,2,6,4,0,4,7,3,5,1,5,1,5,5,1,1,5,4,0,0,4,7,0,4,4,0,4,0,0,1,5,5,1,1,7,5,5,1,5,6,6,6,5,1,5,1,5,7,1]"
"[4.70226385,4.89069052,7.64066468,10.10417749,12.98031428,14.94701945,15.00588099,16.3492221,16.43245852,16.63083236,19.37625397,19.7147477,20.08423896,20.69949016,21.87472792,22.68671012,23.68651869,23.8629731,24.47503524,24.52979108,24.84750409,24.85786395,25.07398718,25.14500064,25.41216314,25.97721079,27.51786405,27.84511265,27.85368689,27.96431576,30.16257243,31.39283052,31.46107505,41.0260097,51.37170384,66.48184663,67.86587453,68.09757865,70.09354817,70.7960646,71.80868045,73.00350358,74.92007465,78.08193572,78.97219194,79.75962589,79.78081268,79.9844157,80.70182842,80.73691467,80.79275142,81.51332662,81.65006711,81.68722456,81.75752426,81.80297987,82.88925651,83.35495316,83.82163298,84.28364097,84.40065587,84.67715218,85.18655652,85.37226898]","[7,7,7,1,5,5,4,2,0,4,1,5,0,2,0,5,4,0,1,7,6,4,4,0,5,1,0,5,0,4,2,5,7,3,4,7,1,5,5,1,0,5,6,0,5,5,1,5,1,4,5,5,1,5,5,2,1,5,5,1,5,1,1,5]"
"[4.41474134,4.72607675,9.29548444,9.41858709,11.56758599,13.33455237,13.49248014,13.60726916,14.02145562,14.59261959,14.6588988,15.28555167,15.35941073,15.53035727,15.65983719,15.74740946,16.08450712,16.45283551,16.51947042,16.64010228,16.79900462,16.82002904,17.12777466,17.21038446,17.27296841,17.43622893,17.44130941,17.46881469,17.53896124,18.0673264,18.11750745,18.45779568,18.56113347,19.42045362,19.84953761,19.96505795,20.21551407,20.28626874,20.7674872,22.0053764,23.52546562,23.70833679,25.01572716,25.1254144,25.20012636,25.27350197,25.2903264,25.37641793,25.50376418,25.93747618,26.91743082,27.2164232,27.77236565,27.86813745,28.14468614,28.67522697,28.69652106,30.02468997,30.09623465,30.12936144,33.13079405,33.37549755,34.75135652,34.96294985]","[6,4,6,0,5,5,1,1,5,1,5,5,1,1,5,5,5,5,5,1,4,1,2,1,5,5,5,5,1,0,0,4,1,1,1,5,5,2,5,1,4,1,5,5,1,1,5,5,1,5,5,5,7,3,1,5,1,1,5,5,2,1,3,5]"
"[5.28060771,5.99889004,6.59533584,8.08162032,8.17712965,8.40775863,8.95039763,12.73770405,13.38250059,15.33978877,16.03424539,16.12554526,16.8691311,19.78962954,20.45482796,20.87256925,24.50508491,25.97502528,27.06248739,28.16350561,32.94589286,36.26656271,36.36597756,39.5435282,41.23409191,43.27434527,43.94509647,50.5811272,50.91397548,51.10160903,51.76890536,52.12316801,54.84788457,55.26966725,55.66962921,58.70875265,58.92830877,59.92900188,66.5203274,70.90937534,70.92192543,70.98759245,71.17079371,73.71443389,75.06343958,75.89705359,76.17938,76.45650421,76.54534142,77.01235224,77.41552616,77.53395517,81.85470548,84.08853945,85.88677185,88.22373227,96.48949564,96.75590879,98.12612233,98.30081127,99.74069223,100.02399771,100.2247116,100.76123788]","[5,1,5,1,1,5,5,1,5,1,2,1,5,1,5,1,2,3,5,1,7,6,5,2,7,4,0,0,5,1,1,5,2,1,5,5,2,2,0,0,1,2,3,5,4,4,2,0,0,2,0,4,3,3,6,6,5,7,1,4,0,7,4,0]"
"[4.09223269,4.14605626,4.57908747,6.44350226,7.29296806,7.62303785,8.20415044,14.40728295,15.58340752,15.78752852,16.49477993,18.45277184,22.40355459,24.02595685,25.8550938,26.0301731,27.53467039,28.25663707,30.63583293,31.52370601,32.0730436,34.43130738,37.01036136,42.60269895,43.07460421,43.68279337,44.10765755,44.59699639,44.67443729,46.81446844,47.09716101,49.38215066,49.45082485,50.18336737,50.39628462,50.78819463,50.87990504,51.33004232,51.59819688,51.8505361,52.08022994,52.69646069,53.80427614,54.79826696,54.81286266,55.43760212,56.30710307,59.12174886,61.13576217,62.73714441,63.20994596,63.75871832,65.47643816,65.89645354,66.35499156,66.83777983,68.56584375,74.44588759,75.46641512,76.74600803,77.08484831,77.76018278,78.0448839,79.72140435]","[4,5,2,1,5,1,7,7,3,4,0,0,1,5,1,5,1,1,5,2,4,5,0,7,5,1,5,5,5,3,1,1,1,5,1,1,5,1,5,5,5,1,1,7,5,5,5,5,5,0,4,4,1,3,2,3,1,5,5,7,1,1,6,5]"
"[1.33527083,2.91540705,3.5431759,6.06591497,6.37012838,6.40310512,7.63002707,7.93796936,8.3155187,8.4395309,9.27794406,9.84213123,9.99317998,10.0473737,10.88036802,13.03894934,16.7178214,17.08822487,17.10053863,17.404381,18.9717007,19.42828795,21.16281386,30.39549568,34.48050808,35.1239902,35.98754776,36.51323742,38.29304932,50.28630605,55.43583108,58.39351835,60.06604166,63.22218292,65.77174065,65.8437664,67.56623574,68.76265654,68.7658337,69.53574533,70.01341801,70.14733731,70.75360995,70.79578942,71.56531073,71.83668946,75.69837875,78.32642522,79.02207002,85.90035851,87.66310306,90.11463088,95.07816446,95.61488677,97.14949168,97.64881922,101.84259836,106.84865001,107.37235601,108.6803545,109.09641342,109.8416075,110.26249779,117.82037697]","[1,5,5,1,5,7,1,5,5,2,5,0,4,1,4,7,0,4,0,4,2,0,0,1,5,1,3,7,2,0,4,2,2,1,5,2,5,1,5,5,1,0,5,5,2,4,1,0,4,1,3,6,2,5,1,7,2,0,6,0,4,0,0,0]"
"[1.07938028,3.30217799,3.70768501,4.85700839,4.94978795,5.10853724,6.22990742,6.36689248,11.80657552,13.26603806,13.27994743,13.3529938,13.45317244,13.59207973,13.62701351,14.218961,14.53601351,14.55971262,14.813927,14.95264057,15.53400317,16.00044909,16.565737,18.42213197,18.46346457,19.06009676,21.13252848,21.82831536,23.61389244,25.0413995,26.52891267,27.13861373,27.19771349,31.89505189,31.97196419,32.39283083,32.47134621,32.47643494,33.10441484,33.60519841,33.76105841,35.74126888,37.65918516,38.18619676,41.61779781,42.01839543,53.44029172,53.74357672,55.6638937,56.54994279,58.57566771,64.84530989,65.39187233,65.68602125,66.51317249,66.91896727,67.310882,67.32874509,67.67736857,67.90651722,70.00791439,74.36043148,76.36775941,76.97622173]","[5,1,5,5,5,7,7,1,7,3,5,1,1,5,1,5,7,5,5,5,1,5,1,6,3,6,5,1,4,5,5,4,1,1,1,5,1,7,5,1,5,5,1,3,5,7,0,2,7,4,7,5,1,5,4,5,5,5,1,0,2,1,5,7]"
"[4.36486283,6.83437461,9.69579016,9.88514391,12.38787712,14.79925631,14.93211872,15.78610651,16.49725059,16.73410113,16.87696348,17.10217069,17.83390275,18.21757106,18.57192225,18.91247926,19.78527159,20.5289799,21.42105446,21.6011021,23.7157891,24.22311903,26.06598983,28.13729171,29.24483979,33.81951884,35.12750864,36.46485215,41.51243057,42.24141782,44.6915755,45.10111269,45.25707244,46.07806367,48.53914488,51.92244217,55.49900523,56.01114599,56.08229948,65.87653063,72.97076476,77.92425125,78.04354534,78.99652702,79.70640672,81.40466529,82.34758139,82.58640873,87.97898137,95.571415,100.14178724,100.85346295,100.904628,102.85027972,103.42370842,103.93442429,104.0827467,106.39416996,108.56767541,109.333136,110.10054577,112.35503333,112.47069712,113.075077]","[7,4,7,2,0,4,4,0,4,0,0,0,0,4,4,0,4,6,1,2,0,4,7,5,1,5,1,3,2,2,5,1,5,2,3,1,2,5,1,7,2,1,5,1,0,5,5,1,0,4,3,4,0,4,0,4,4,4,5,1,5,1,5,1]"
"[1.09019645,1.17591199,2.8793765,3.36199184,3.74764641,3.81773225,4.23578781,4.53513937,4.85506361,7.5702653,7.5921616,7.65616946,7.86806485,8.07346281,8.21122958,8.33817772,8.47848905,8.56160885,8.71701081,9.05098819,9.27355774,9.37489602,9.42869349,10.43268842,10.43588896,10.67621426,10.84337907,11.7554303,12.91121633,13.35003135,15.78617974,16.329563,16.55849251,17.67708206,18.56332468,19.4605752,20.74053047,22.1076211,23.71471975,28.97720553,30.18709789,34.001373,37.7420661,40.64839927,41.84971962,43.73647647,45.59325473,45.87553249,45.96492815,47.45290352,47.52991825,48.43624156,49.39937606,55.36582459,55.7925009,56.00459393,59.86901098,61.03019566,61.33113676,61.55517839,61.6606643,61.83500287,62.05961254,62.17273458]","[7,4,0,3,4,1,0,5,4,4,0,1,4,4,0,0,4,0,4,5,4,4,0,3,1,0,4,5,5,4,1,5,5,5,1,4,0,1,5,4,0,4,0,4,4,0,4,0,1,4,5,0,4,2,6,6,0,4,0,5,0,4,0,4]"
"[6.64571056,7.63710277,8.82592757,9.20193957,10.20311053,10.80245534,11.15129054,13.00486654,14.87956204,15.56774934,15.8471719,16.55845982,18.28948559,20.76244955,22.84764203,23.68452728,24.73838034,25.82585983,26.04998446,29.33501679,30.13945734,30.76112624,31.31546341,31.67058756,31.86033072,31.94904593,32.39033993,32.77688924,33.09192322,33.09611244,33.99046089,34.36425097,34.36666484,34.60226289,34.63031107,35.04247763,35.33082755,35.53031915,35.72722197,36.13625905,36.30148538,36.63203263,37.31914691,38.23504195,38.85070394,39.07859647,39.9859791,40.40401625,40.51157033,40.94000516,41.69269176,42.11935173,43.77485034,48.78789806,51.42751861,53.72316735,53.81811228,54.22957392,55.0964421,55.14271538,56.17403039,58.12912846,58.21431006,59.11855393]","[4,7,1,5,5,1,5,2,1,5,4,7,1,1,5,1,5,1,5,5,2,4,0,5,0,4,4,0,0,4,5,4,4,0,4,4,0,0,0,4,6,0,4,4,0,2,4,4,4,0,4,2,5,2,3,1,5,4,5,1,2,5,1,1]"
"[0.4826124,2.61658719,3.5561141,4.78363663,4.95798573,5.94693065,6.2733627,7.10716201,14.69223294,15.6027539,16.38436939,17.61417048,22.69177139,24.30100957,24.87705664,25.25949479,28.76841241,28.96412976,31.82454075,31.86340107,32.05925148,33.3067062,33.90303676,33.91985529,34.01865283,34.02100835,34.02954958,34.62835616,35.19895966,35.35483649,35.82240993,38.19666814,38.78259914,39.06124994,39.34129663,40.10164501,40.52505858,41.38320298,41.63733206,42.09744736,42.14029718,42.60726425,42.83484987,43.62121964,43.78034113,44.28835409,45.1151764,45.45462826,45.48681092,45.99979842,46.08004061,48.38297687,49.36573649,51.17768332,51.75688307,51.83536829,55.66172579,55.71761371,56.89722009,57.14612802,57.17087325,57.5815128,58.96001126,59.34601135]","[1,5,4,1,5,1,5,5,4,7,5,3,7,2,5,1,2,1,5,1,5,1,5,1,5,1,5,5,5,5,1,5,2,1,5,5,5,1,5,5,1,2,5,1,4,0,0,0,4,4,5,2,1,5,1,4,6,1,1,5,4,5,5,1]"
"[1.08549173,1.75893534,2.18580116,4.59315464,5.15895486,6.08247953,6.3223661,7.67742614,7.75913819,7.7678957,8.27549976,8.30526515,8.66285196,9.04249442,9.04991892,9.4490256,9.52923468,9.88972921,10.25832153,10.32165301,10.43036917,12.0050325,12.14837622,12.26096539,12.45899063,12.57837806,12.83191246,12.97923154,14.23475652,14.97455387,15.15429095,15.2050902,15.83949079,16.92656057,17.08611753,17.13575423,17.67086438,18.020102,18.08869497,18.90398027,19.11573991,19.28811947,21.05304574,21.19471933,21.24292146,21.46148228,21.4669597,21.51954154,21.85266065,21.86676846,22.27549027,22.28356046,22.29346956,22.69950777,23.21441395,23.87627756,25.4224865,25.74070481,25.99980509,28.70645181,29.43936095,30.54556223,30.89478082,30.97460344]","[5,3,1,1,1,5,1,7,5,1,5,5,5,1,5,5,5,5,0,1,1,0,5,1,5,1,1,4,5,1,1,5,5,1,0,3,1,5,5,1,1,5,1,5,0,5,1,5,5,4,1,1,0,5,4,0,5,0,4,6,4,7,2,0]"
"[0.85528643,1.48744062,2.16668658,3.1543598,3.86549086,4.25163205,4.39205527,4.61722092,4.91359873,5.7215608,5.79124133,5.80490793,6.95906009,7.2138348,7.78904429,12.81557763,14.70775981,15.52216839,16.34858554,22.79560276,26.15237989,32.4269609,33.97476028,40.60865449,44.85406329,50.24703646,52.64119187,52.77897431,56.5924439,57.17432228,61.1236604,63.09150739,63.57227745,64.34564934,68.07408857,73.73963466,74.2613903,74.36073318,75.06096003,75.41495903,76.56783316,77.70180955,86.36040985,87.47123672,88.19774964,91.35445371,93.19605213,95.60695869,97.82527321,97.93144286,98.26625198,98.65798511,99.3588495,99.88239816,100.32956766,100.45435831,100.62473363,101.79388189,101.82549675,102.83368562,103.36682023,105.87846512,105.90410634,107.42364119]","[0,5,1,2,1,5,1,5,1,1,5,5,1,0,5,0,4,0,4,6,7,2,1,0,4,6,1,5,5,5,3,3,4,7,6,4,0,1,0,2,6,6,1,5,5,5,7,3,0,1,4,4,5,0,4,0,5,0,4,5,0,0,4,5]"
"[4.7179773,5.84081122,6.82597579,15.44461601,15.84536101,19.57627366,20.02488781,20.52491445,25.28938762,25.79043214,25.8358693,27.52268713,33.02273449,33.53533162,35.33739004,35.43168252,38.83915022,39.19541754,39.43144621,39.50303489,41.47389593,41.92391431,42.12007349,43.30302819,44.85858244,44.86512357,45.83671143,47.59500677,48.94725065,49.65194815,53.33344343,56.49598357,56.83050043,58.43420752,66.03673911,68.26431753,68.39208457,70.92573259,70.96221796,71.89118959,74.00068039,79.09582407,79.50656833,79.95203965,83.69823204,86.49484511,86.78771867,87.72361689,87.91119714,88.37797869,88.49565741,88.53850943,88.56794768,88.65041082,88.65907488,88.7362691,89.20929845,89.50027954,90.22050674,90.32702067,90.62446558,90.80739698,90.8613204,91.02288248]","[3,2,6,5,1,7,1,5,1,5,5,2,4,1,0,4,5,0,5,1,0,4,4,1,7,5,1,7,1,2,2,0,5,2,5,0,5,1,5,5,5,5,2,3,7,0,5,7,4,4,1,5,4,1,1,0,4,0,0,0,4,0,5,4]"
"[4.58184361,13.4524364,29.33994844,29.6746843,31.20463102,32.41480263,36.94854097,36.96035042,39.52498928,40.6717506,40.82996004,42.19194039,43.46115007,43.69341523,43.87047754,44.56247105,48.83331743,49.92175782,51.21135529,51.46081744,51.65701899,51.99201204,52.44132058,53.87216929,54.11458949,55.08708141,55.76209289,56.12671483,56.71766723,57.24658202,57.35041889,57.7538509,58.40760161,60.90537236,61.46650377,62.98988105,63.15518994,63.62249936,64.07324689,64.50581902,64.55333397,64.69346086,67.04646943,67.52342146,68.16662097,72.60144197,73.7575127,75.18650232,81.55054466,81.61899097,82.31041306,82.34707384,88.03482604,88.48375261,89.48443092,94.73168999,103.70719853,105.28207585,114.08128121,114.64154748,116.72882475,118.99215879,120.95282819,121.52428375]","[2,4,1,5,5,2,4,0,4,0,4,0,4,4,5,0,4,0,0,4,1,4,0,0,4,4,4,4,0,4,0,0,4,0,5,0,1,5,2,5,1,5,2,7,5,4,2,0,0,4,4,4,4,0,4,4,4,2,2,2,6,6,3,2]"
"[6.72839678,7.87549755,8.2149035,9.02907849,9.40013304,9.503144,9.88782803,11.16460067,11.60480196,11.99347902,12.75890466,14.26868362,14.73311708,17.40506564,17.41712387,18.90805659,19.0806314,21.49057251,22.08236918,22.15739106,22.44993616,22.64320554,26.58136397,26.91365692,27.1072311,27.19747755,28.44900603,28.47510395,28.67512368,28.7341785,29.01975371,30.32961136,31.04299397,31.41386263,32.63423906,34.30475733,42.2971367,49.84978617,50.23986207,52.07306373,55.16066542,55.83323974,56.28822946,57.16447009,57.61390368,58.13638477,58.51641635,59.03239565,60.171067,60.41068654,60.91140303,61.16888456,63.88177663,65.0736738,72.70552655,72.7562149,73.00315164,74.66733061,75.27389394,78.23869216,83.08309276,83.27718443,83.38211859,83.90423776]","[0,4,4,4,2,4,0,4,0,4,0,4,3,4,0,0,4,0,7,4,4,0,2,0,4,0,4,4,0,0,4,4,0,1,5,0,5,6,6,7,1,0,5,5,1,2,4,1,5,2,1,2,5,7,4,0,0,0,4,0,1,5,5,1]"
"[1.61160049,8.21571433,12.92466336,13.46723119,15.07400015,18.98298145,19.63975709,22.2380884,22.95063349,23.83683486,23.90129489,24.20038226,24.6186618,24.65982921,24.97696102,26.69599402,26.94927338,27.06132199,27.56753981,27.56930049,27.60433742,28.24221555,28.27201156,28.32555392,28.39940904,28.68760508,28.95569099,29.2149921,29.23442937,29.44655437,29.48496731,29.70634985,30.01984905,30.17513811,30.56242987,30.76371739,30.84172033,30.93893387,30.99331434,31.09039196,31.12198043,31.37743313,31.6419605,31.69476625,31.91703964,32.11680495,32.19947924,32.24807754,33.23056619,33.35173575,33.51051034,33.56204553,34.08083442,34.16308634,34.42047467,34.97628991,34.98554438,35.06700242,35.20125888,35.2422231,35.73536569,35.86010199,36.0646797,36.15148345]","[1,7,2,0,7,1,5,1,1,1,4,6,0,4,1,4,5,1,5,0,0,4,1,1,1,4,4,1,5,5,1,5,4,1,0,0,5,1,1,3,5,5,1,1,5,5,1,5,5,5,5,1,1,5,5,1,5,5,5,1,1,1,1,5]"
"[0.15175575,0.29780851,1.66447947,2.56086915,3.99516571,5.60947248,6.17363165,8.43564366,8.76491582,10.22508509,10.52478791,11.67216547,11.6849809,13.33716045,13.37415825,13.64773743,13.68934811,14.12061515,14.57151282,15.13353933,15.1362336,15.19984858,15.35215025,15.70722734,15.93470793,16.42243177,16.85977006,16.86483153,17.11132377,17.30910278,17.43318126,17.63372085,18.58816243,18.74872864,19.58855665,19.597288,19.79949438,19.8793238,20.05529516,20.30015058,21.20453871,22.03096616,22.95457643,23.59388047,23.67930868,23.88440476,29.27340562,37.97840119,39.71945682,45.22950991,50.53790803,54.21540514,55.75860362,58.92202618,59.3305094,60.14795142,60.80332472,61.08310119,62.29644937,62.66546725,63.16013607,64.65190231,65.65779618,68.89940992]","[0,2,5,5,4,1,4,3,0,2,5,1,1,1,5,5,5,7,1,5,1,1,5,5,5,1,1,5,5,5,1,1,5,1,5,5,1,5,1,5,1,4,1,5,1,0,0,2,3,2,2,5,1,5,1,5,2,1,5,1,5,1,5,3]"
"[0.35173342,2.09874078,8.17384271,11.28043655,14.05593757,17.40558801,17.59507088,19.23840985,20.24361802,20.37874762,20.94417505,21.06474018,22.75352843,22.93834326,23.09846426,23.20677966,23.63454272,23.99266107,24.09341715,24.28715797,24.86323052,25.01020142,25.45498781,25.68145696,25.72398586,25.77099505,25.87170121,26.54019631,28.95857417,28.96645697,30.50658008,30.5589073,31.47442979,32.52286438,32.61912098,33.9078156,34.65509058,36.32706763,37.24649522,37.40968729,38.20976735,38.71570662,40.08679783,40.12096643,40.86703299,42.10930429,46.05195656,46.92021383,48.86614042,50.12324762,52.07209624,53.57948685,59.33506128,62.67592996,64.19580404,69.52773745,70.67018228,70.80469518,75.95909019,81.0015053,81.03843063,82.75853282,83.60374926,83.67784382]","[6,7,4,6,2,7,2,1,5,1,2,1,5,1,5,5,1,1,5,1,1,5,2,4,1,1,5,5,5,1,5,1,5,1,6,1,6,6,0,1,4,4,5,1,1,2,4,0,7,2,6,1,5,2,3,5,0,1,4,5,0,5,1,1]"
"[2.68364889,3.01464634,3.53250898,4.07272569,6.46906719,7.19108162,8.74181348,12.84579679,16.14689488,18.19523476,18.76767505,22.01627719,22.50625643,25.66647106,27.38276386,29.09545352,29.62893116,31.0308143,32.99423005,35.54668557,38.97636335,38.9972931,39.05510585,39.0671058,39.86810014,42.17196676,55.28568612,56.43906307,57.42136226,63.83773989,64.22834378,64.79523268,65.19167659,66.07158185,66.99211417,67.03589645,67.24407386,67.50155176,68.17716077,68.77704559,69.11921259,74.55138079,79.39775476,80.03844437,81.20875538,81.31881929,82.16421424,83.71952702,85.8314278,87.68675352,87.71029003,88.26480227,88.51399734,88.65777452,89.00615272,89.33526323,89.95859521,89.98704226,90.16453,94.13914763,94.42336696,95.03690112,99.63567991,99.6966417]","[7,1,3,5,0,4,0,0,3,5,1,5,4,7,3,4,0,4,4,5,1,5,1,5,2,2,5,0,4,0,4,0,4,7,0,4,4,4,4,0,4,4,1,5,5,1,4,5,0,1,1,5,5,5,1,3,5,5,5,5,1,1,4,0]"
"[5.39903714,7.00200089,7.99526862,8.17348226,8.55292515,10.1330048,10.91298194,11.16694988,11.39025959,11.40759658,11.45916565,11.8904366,12.09088198,12.25474161,12.52673067,13.13306962,13.48705188,14.13819499,14.38803918,15.21061675,15.26825161,15.63019589,15.66396425,16.18708924,16.27908792,16.28681329,16.51341916,16.5930434,17.43684836,17.74305276,17.7849024,18.05619702,18.14380131,18.17141692,18.31474332,18.58071983,18.58792507,18.68042165,18.69616061,18.97246523,19.01031599,19.17265532,19.18109742,19.18326484,19.23021914,19.26279568,19.7999936,19.85905469,20.57775842,20.71899914,20.93465418,21.04849355,21.25806588,21.26313664,21.3865922,21.52598271,21.62902666,21.79326888,22.05929607,22.12768387,22.21683535,22.28204877,22.29246361,22.50343387]","[0,0,4,0,4,1,5,5,0,1,5,1,2,5,1,5,4,2,0,4,3,4,3,4,0,0,4,4,0,0,0,4,4,4,0,0,0,4,4,5,4,0,3,5,0,4,0,4,4,1,5,4,0,4,7,0,5,4,4,4,0,1,2,3]"
"[0.71165478,0.81799834,1.90023718,2.18377648,2.28673031,2.65475998,3.08563528,3.16394093,3.38163942,3.41631028,3.46265159,5.59929974,6.04439387,6.63362375,7.14296644,7.23961795,9.13298865,9.83764993,10.83400248,12.6595962,13.41583773,13.65757568,13.66717144,14.29128028,14.46824179,14.62979931,14.73838801,15.39608538,16.37325591,16.39111564,20.05828338,20.43998421,20.45457725,22.70100311,23.51760733,23.63202128,23.76212151,24.08771224,24.65578185,25.05303982,25.31090276,26.00641059,26.33471355,27.10676598,27.99485865,31.97294184,35.07891722,35.24995599,39.40167791,39.67227958,40.73401701,41.2007995,41.41083591,41.58173946,44.17132867,45.40147246,46.5713595,46.80427511,47.55742684,48.01579434,49.59886657,50.92483582,51.05409271,51.07852325]","[4,2,7,7,0,4,0,4,1,5,5,6,1,1,5,3,7,3,2,4,4,0,4,0,4,4,4,0,4,0,0,4,0,4,3,0,0,4,0,4,4,0,0,4,5,5,4,2,0,0,4,6,4,0,6,1,4,5,2,1,1,5,1,5]"
"[2.85257406,3.35267024,4.56746374,4.94251846,6.70010876,9.62823496,10.82662265,11.9390347,12.46879454,12.84764932,13.76377464,15.46911419,17.86809004,18.19293481,22.45032751,22.66462524,23.47422164,27.65907031,37.16212012,37.28358075,41.90492439,44.47942673,45.52686228,45.87418328,52.61436072,52.75849677,55.99885221,56.54022587,57.01773663,59.92269943,60.76458913,61.35576182,61.75688521,62.61766488,63.25346723,63.40568896,63.45068031,63.51380017,63.84310705,64.3572878,65.16406222,65.51829657,66.54703571,68.41406199,68.67865606,69.1242076,69.49526618,70.34737237,70.97994416,71.86481327,72.87377106,74.00215078,74.09612915,76.16002381,76.35307828,76.47981359,78.28662401,79.22677628,79.30494815,79.44431477,79.80574024,80.38519664,81.46224876,82.5328338]","[4,0,5,1,2,5,1,3,5,6,6,4,1,1,2,5,3,5,7,2,2,0,0,7,0,4,0,4,4,0,0,0,7,4,4,0,4,0,0,4,4,0,0,1,7,7,4,4,0,0,0,2,1,5,4,0,4,0,0,4,5,0,0,4]"
"[10.09724851,12.84758587,13.32488312,13.79135215,15.8506394,16.88446182,16.91081905,20.2839529,20.65229611,25.08937449,25.76245322,25.80397146,25.95899727,26.37134667,26.70141344,28.32706587,30.03261163,34.34617713,38.93925772,39.74289294,40.03847197,42.79406389,43.49096697,43.6942148,46.91831553,49.58933765,50.05444381,51.44580478,51.77621312,52.95144639,56.42469171,57.99819701,58.33290232,58.69751609,58.81938155,59.29116862,59.98586959,60.12161064,60.44855042,64.19913186,64.71038277,67.57618371,68.58610462,69.71892252,74.32357063,80.93776731,83.03004504,83.27298622,83.91585284,84.0962279,84.34817592,86.62764741,86.66759509,87.39394903,89.79547278,90.39081293,90.57209724,92.64176859,93.24152031,94.50125174,94.57558615,95.95745494,96.62750193,96.89502342]","[7,3,1,5,5,5,2,1,5,2,5,3,3,3,7,1,4,6,0,4,2,1,5,5,5,5,1,1,1,2,1,5,7,1,5,5,1,7,5,1,5,5,1,4,7,3,0,4,3,4,7,2,4,3,1,5,3,1,5,1,3,5,1,5]"
"[1.40269119,6.20018332,6.79322085,7.65828875,8.22511141,9.61626681,11.51152589,11.91594833,12.09484157,12.13699286,12.3074544,12.56148714,12.70711873,12.9011577,12.98373403,13.12714824,13.32228697,13.59955839,13.70658675,14.19176185,14.58762086,14.8685699,15.12149297,15.33486921,15.52670184,15.86469534,15.93437013,15.99995995,16.08420649,16.33312413,16.39639168,16.48767068,16.62029334,17.48622872,17.84699773,17.8667875,18.00215636,18.01583697,18.30981915,18.33740563,18.40669722,18.45074531,18.52554699,18.80809891,19.20643633,19.36226909,19.60684232,19.76779699,19.97175429,19.98131981,20.46380903,20.50025971,20.562982,20.57911858,21.11575799,21.13077003,21.98972665,22.08197649,22.12968093,22.17138946,22.3923486,22.43731317,23.00207328,23.11396502]","[6,1,5,0,4,2,1,5,1,1,5,5,5,5,5,1,3,4,6,4,5,6,5,3,1,1,1,5,1,1,3,1,0,1,5,5,1,1,5,5,5,5,1,5,1,5,1,1,4,5,5,5,5,1,5,1,5,5,5,5,5,1,1,1]"
"[3.55057035,9.28641822,9.62477793,10.10611285,10.4546757,12.44530857,12.50382223,13.14742841,13.56272583,14.12458765,14.81815025,16.052352,16.26144033,16.30754138,16.70791723,16.97213836,17.15507634,17.19095933,17.28063057,17.34751064,17.51172564,18.67964694,20.67535709,21.45786371,21.47274634,22.31790192,22.51647294,22.87048728,24.59266494,24.78745401,28.66923293,31.22107059,34.99168533,35.93381194,37.34093932,45.92492408,46.08231747,46.38042405,46.77895779,47.06773792,47.19763529,47.22195576,47.52874024,48.08370026,48.46237297,48.53444387,49.00952035,51.36623471,51.60307851,51.73450299,52.7754492,52.96756237,53.00075058,53.17046479,53.30711822,53.58786938,53.66886525,53.6860357,54.87667764,55.03148137,55.50625471,56.38323745,56.54849494,57.44440856]","[7,5,2,5,1,4,0,0,5,4,4,4,4,1,0,5,0,4,4,0,0,3,4,0,6,4,0,2,7,2,0,1,3,4,2,0,4,4,0,6,3,4,0,4,0,0,4,4,4,0,0,4,4,4,0,4,0,0,4,1,5,0,4,1]"
"[0.91853348,6.34774118,11.37031563,15.52448797,16.63664991,16.87400583,17.126057,17.58537512,17.98003388,19.6810761,19.8855399,20.22594371,20.94487343,21.62877768,22.24505061,22.54396174,23.77473241,26.07328006,26.32769256,26.5225482,27.03250163,31.56557713,31.91121046,32.40999111,32.72024152,32.74084165,33.21449447,34.17297613,34.49237151,35.06093843,35.59049845,36.11841082,36.37189436,36.37861353,36.63597917,36.90101601,37.10467817,37.64828644,38.26983097,38.3723917,38.38324935,38.42937301,38.63363308,38.76649391,38.86391416,39.28492932,39.29133884,39.35419104,39.94266332,40.0817576,40.19199647,40.59246866,40.92373867,41.02569864,41.24900325,41.82709141,42.51418094,43.13906202,43.21676827,43.238771,43.27657158,44.45794277,44.76517341,45.1183272]","[6,2,0,5,1,1,2,5,5,7,5,1,5,7,5,2,5,1,1,5,1,7,5,1,5,5,1,5,5,3,0,5,5,4,5,0,5,1,4,1,5,5,5,1,1,5,5,1,5,1,1,3,5,5,5,5,5,2,2,0,4,5,4,0]"
"[2.65878855,6.0800718,8.72660656,11.50289685,13.86202479,14.49379508,14.9798003,15.41147696,16.08493233,16.39948026,17.36176502,18.35567491,20.08647411,20.78848939,21.63237206,23.26393213,23.65168415,24.30766778,24.32025266,25.90855566,26.56420995,28.05339011,29.75987703,29.80013476,29.94448993,30.77836322,32.15681759,33.69855627,38.32226503,39.57439386,40.16348064,40.30453379,40.43386606,41.37679003,41.53546031,41.72009772,43.61903505,48.13884944,49.29451067,49.61247836,49.840311,54.02556111,55.0346579,55.66838343,56.92377163,57.84155913,60.27860471,60.42260666,61.4647173,61.85878405,62.37495412,64.39649862,65.70515816,66.1974871,68.30919186,68.82270785,70.26953753,70.27112733,71.29393627,71.8032163,72.42233559,72.57141781,76.63755439,79.85882544]","[7,5,7,7,7,2,4,0,4,4,0,4,1,0,4,5,0,0,4,4,4,1,1,5,5,0,1,7,1,5,5,5,5,1,5,5,2,1,1,5,5,1,5,5,2,6,4,3,2,0,4,5,1,5,6,1,1,5,1,5,5,1,5,4]"
"[2.57198704,2.83523664,4.96788597,9.44929768,14.2251135,15.4977531,17.31046884,19.13338682,19.23321743,19.44380329,21.83577356,22.20983112,23.43188963,25.54746428,25.57755082,25.86221767,25.87824119,26.46277882,29.06873803,33.19427175,37.41631076,37.61400182,38.78083242,42.92943759,43.13931661,44.14057184,46.83055903,46.85065974,47.71527327,47.7692097,48.04087063,51.18391911,51.91059902,52.54732786,53.62946926,54.47608853,57.2325959,59.99196576,60.24700718,62.73497241,63.68231238,63.81851072,65.32050896,66.3413706,66.54574303,66.6939936,67.85508607,67.97990399,68.03692116,68.2748809,68.83363282,70.31621696,70.40759707,70.527472,70.75154706,70.95065758,71.19924476,71.30401823,71.30856942,72.87575807,72.88191795,74.21298777,78.28443129,78.6927695]","[2,1,7,6,7,4,7,1,7,5,1,5,5,3,1,5,4,4,0,0,0,4,6,5,1,1,1,5,1,5,5,1,5,5,1,5,5,3,5,4,0,4,2,4,0,4,0,0,4,5,0,4,4,4,1,0,5,4,0,1,4,4,0,7]"
"[7.33475978,8.18891196,9.4770001,13.45290379,13.85203581,14.15884355,14.26563511,17.28933918,17.40944239,17.50200686,17.70881909,18.97404242,19.0455323,20.37804927,22.67608352,34.20895351,34.46361472,38.0465223,38.90555518,39.35656652,41.66879574,41.89875195,49.54479911,52.30448764,52.5079295,61.12467891,61.75319845,61.87480597,62.22075557,62.91797603,63.20309284,63.79433099,65.93349353,68.3216846,68.79919793,69.69525734,71.77194087,72.12607094,72.74608994,78.48229276,79.0324908,80.63580614,85.80096962,87.08241859,87.24680465,88.68245167,93.94543983,94.51371379,94.60072383,95.57673524,97.22339541,97.7786884,98.20906103,98.49806617,98.89045745,98.96931567,100.10446808,103.23618321,103.44593934,103.73699074,104.3210543,104.40433068,104.56277109,104.7900717]","[3,7,3,1,5,5,5,5,1,5,3,6,1,7,6,4,0,3,0,2,3,3,7,0,7,0,3,4,5,4,1,5,4,5,5,1,7,1,1,3,3,1,6,7,2,5,5,0,4,7,1,4,5,1,1,4,5,5,7,1,1,5,1,5]"
"[2.47771323,5.61119817,7.6840016,11.96822634,12.04928817,12.07475362,12.111048,12.13635482,12.18158798,12.72996536,13.80640587,13.87615522,14.51318541,14.64443462,14.70500617,15.08528175,15.47568961,15.69488062,15.89726817,17.0067101,17.8194008,23.27297434,25.84378937,25.89026658,26.0730977,26.18343822,27.8548946,28.36373391,29.42406514,29.52814395,29.72107582,29.72448643,30.16015775,30.27323984,31.54032521,31.66274505,32.23552137,32.89532139,33.2882604,33.42126249,33.57717669,34.86006492,38.37543127,39.03196286,39.29784526,39.71491014,40.25548259,40.74806884,41.0531987,41.32051452,41.44553024,41.5930809,42.09781156,42.21636903,42.35247584,42.55308209,42.71663545,42.98150677,43.30223809,43.43590239,43.8214798,43.8686297,44.64227139,44.8405728]","[7,2,7,1,5,5,5,2,1,5,1,3,5,5,4,1,4,5,1,5,1,2,1,5,1,5,1,5,1,5,5,1,5,5,5,1,5,1,5,5,1,5,1,5,1,1,6,6,5,1,5,5,4,1,1,0,1,5,5,5,1,5,0,2]"
"[1.26739067,1.35834471,2.33731547,2.97096273,4.57562104,9.88470934,9.96837473,13.30346222,13.79836661,14.07740069,15.20168283,15.2726368,15.35622356,18.76339381,25.02698863,25.37217511,25.50666364,26.37876472,26.77822713,27.95479044,33.43466952,33.57930132,33.62572177,34.31527602,36.48587533,36.60138525,36.7403732,36.87931417,37.08769113,37.1880379,37.32673432,37.39317137,37.50997536,37.78491687,37.7985125,39.14623247,41.29251625,41.32861011,41.90270219,42.43744995,42.58278704,42.58552624,42.60537943,42.77196878,42.96815604,43.03933461,43.03996518,43.04732581,43.71418523,44.11755859,47.65635531,51.49021045,52.61878186,54.82671892,56.46673103,56.96304967,58.07603724,60.39895304,61.8264992,63.84419913,63.906,64.39665579,65.65260447,67.15954696]","[0,5,1,5,4,5,1,3,5,1,5,1,5,5,1,6,6,5,1,1,0,3,1,5,5,1,5,1,5,1,5,5,5,5,1,5,5,3,1,1,5,1,5,1,1,5,5,1,5,1,2,7,7,0,4,0,0,4,4,0,0,0,4,0]"
"[0.29320819,1.21669158,1.45295309,2.77900665,3.45105085,4.22232352,4.35254164,4.59847703,4.88112169,5.30452707,5.93841517,6.57415737,8.27266417,8.52344353,10.73454618,14.20395805,15.97481368,17.43926882,17.6632317,17.68633999,18.03691209,18.05215053,18.23062476,18.29749112,18.60060982,18.75813795,19.14051401,19.14203853,19.27032959,19.33067928,19.54791115,19.78863016,19.92966486,20.12591773,20.14582017,20.25697962,20.63599459,20.75940666,20.76081385,20.7833568,21.01257631,21.18935474,21.21202215,21.45152894,21.82697362,22.14988405,22.72511087,22.79818344,23.26633612,23.33897834,23.51600665,23.54063971,23.56694947,23.71869577,24.34718388,24.40627411,24.40934033,24.95713673,25.72888534,25.99682704,26.06732113,26.26355839,26.28296893,26.7884106]","[0,4,2,0,7,1,4,5,4,5,4,4,1,5,2,1,3,5,0,1,2,5,5,5,1,1,5,2,1,5,5,5,1,1,5,1,1,5,5,1,1,1,5,5,1,5,1,5,5,5,5,5,5,0,1,5,1,1,5,1,1,5,5,1]"
"[5.56131395,5.71468298,7.78019587,7.80077039,8.09430333,8.62620348,11.23942601,11.2886442,12.10371798,14.31046336,17.16835456,23.06682315,25.92131343,27.06236177,27.50674007,27.83475933,27.91436989,28.01351546,28.09924633,28.80017101,28.89986568,31.34403236,32.06159018,32.21081733,32.77336996,33.19522591,37.90887528,38.2633433,43.70667482,45.00136146,47.63654456,54.71468491,57.51251793,59.06679769,59.56020295,59.56370837,60.21562686,61.40686663,61.80287362,64.0207201,65.4804146,65.57894693,65.654495,66.29187024,67.27824864,67.96095469,70.12757154,75.62472923,76.55535595,78.42483076,88.19981034,89.5274159,89.83065524,90.21200497,91.07880348,91.61675918,92.48084191,93.64864886,95.52893885,95.98717714,97.04934366,97.50522341,104.01561438,104.15581085]","[2,7,5,1,1,5,5,1,5,5,2,2,2,2,7,3,5,3,1,5,1,5,2,7,5,5,1,2,7,4,2,5,1,5,1,7,5,1,5,4,0,5,0,4,0,1,4,6,2,1,1,5,0,4,2,1,1,5,4,0,6,5,0,4]"
"[0.90605461,4.2180094,5.37674828,5.86108308,9.13419478,11.76102057,12.00078928,14.43123395,17.00090315,19.70623056,19.85614139,20.54396685,20.73271017,21.75914995,24.03709087,24.16484381,24.57074987,24.86080445,26.81397483,26.82195268,27.42410583,28.64227277,29.06615681,29.15886665,29.36931843,29.72322427,29.7527984,29.84529621,30.32224933,30.32802073,30.33923929,30.35039798,31.08089297,31.4327644,31.8448152,31.89751715,32.58387026,32.68009128,32.68382832,33.00977437,33.36190163,35.14690383,35.40178505,35.85443109,35.85742148,36.1428557,46.24086207,54.65993446,55.02438958,57.53884753,70.71273335,74.74774245,75.73413571,81.83937039,84.5138968,85.10960762,86.49067247,86.90665897,88.09583896,88.5727084,89.39197675,90.39844296,91.24829089,92.0176962]","[0,0,6,4,6,6,6,7,7,0,4,4,0,0,0,4,4,2,4,0,0,0,4,0,0,1,0,5,0,4,2,5,1,4,5,1,5,3,0,4,2,7,0,6,4,7,1,5,1,1,3,4,0,0,4,5,4,1,4,0,5,1,1,5]"
"[1.32242676,8.00598965,10.97492672,16.50219813,17.00316887,17.6591939,19.24054373,19.57255371,21.25088465,24.5995139,25.43639758,25.69470866,25.99582032,27.42884857,30.88721871,30.91214962,31.1955367,32.01081699,33.53228038,36.10461421,40.59332737,47.06833199,47.29037656,47.90625389,51.88945441,51.98503188,52.69196539,53.63222227,55.7515497,55.8171869,56.01889028,56.09171684,56.26869147,56.40949422,56.50306006,56.9909734,57.33428546,58.22989528,58.64580783,59.0605372,59.78644474,60.71230345,61.80208717,61.86338373,62.27814587,62.32563218,62.57095575,63.06287375,63.68654653,63.69582787,63.78862253,64.53925064,64.74750999,65.25254973,66.01874766,70.38039822,71.49083627,71.8569579,73.0392976,73.29039526,73.34543156,73.98683955,74.54517728,74.7975493]","[1,1,2,6,1,5,1,5,5,2,4,0,2,1,5,1,5,5,5,1,7,5,1,5,1,3,4,5,0,0,4,5,1,7,0,4,4,1,5,5,0,0,4,7,0,0,5,4,4,1,5,1,0,5,2,1,5,5,1,5,5,1,5,1]"
"[3.22414294,4.10092685,4.69209361,5.11193622,5.78399052,5.95838047,6.39359727,8.65591445,11.13617586,13.01229083,14.60696307,17.52900238,30.09679856,30.14901007,31.68715245,36.53531114,37.00603859,37.17527695,37.23106718,37.30915608,37.62596266,37.97933867,38.61335539,38.7971304,38.92608873,39.12972942,39.66988929,39.89888475,41.19470848,41.55052761,41.56639682,41.7704267,42.11723703,44.38975263,44.49284714,44.62621377,44.73415575,44.97877508,45.42548942,45.94257356,46.36040847,47.04729259,47.31796473,47.58363042,48.01217534,48.53484186,48.92593395,49.80793069,50.18981143,50.28348174,51.87174201,53.34289979,55.21806658,56.98112545,57.32234648,57.84106429,58.42274349,58.56019892,58.85476758,58.91003818,59.45712059,59.55991007,60.25884389,60.86735424]","[5,5,1,5,1,1,5,5,1,1,3,6,0,4,4,5,1,5,5,7,3,1,1,5,5,1,5,1,1,1,5,1,1,1,5,1,5,5,1,5,5,5,1,5,5,6,5,5,1,1,1,1,1,5,5,1,1,5,5,5,4,0,4,5]"
"[0.38849086,0.72300731,0.98786018,0.99126748,1.38746117,1.40304866,1.44186285,1.48114518,2.04926019,2.42035771,2.48609868,2.57173224,2.79342441,2.82012351,3.05704437,3.09061418,3.19448756,3.40485983,3.4922601,3.54050881,3.62886634,3.65153672,3.72572431,4.54575841,4.67429968,4.75889884,4.91795013,4.96519106,5.38103464,5.39874596,5.93607543,5.94902558,6.0603873,6.20016686,6.59504829,7.42432431,7.42579135,7.62628953,8.20455219,8.3518401,8.64484719,9.38262703,12.38527125,12.94836603,13.85379772,14.45989665,15.54400318,15.5483987,16.64937033,16.82863636,18.22250488,19.52561457,20.2910019,20.39011988,20.82263948,21.15237488,21.53064576,22.49971784,22.81380342,23.1838168,23.72556577,24.03586407,24.46179952,24.64512932]","[1,5,5,1,5,5,1,5,5,5,1,1,1,5,5,1,5,5,3,1,1,5,5,5,1,1,5,5,5,5,5,3,3,5,1,1,1,5,1,5,5,2,1,3,3,4,0,4,0,2,4,4,0,0,4,0,4,0,0,4,0,2,4,4]"
"[0.76412554,1.25701935,1.47786252,2.20008206,4.5097447,5.27130698,6.63108259,7.48334856,7.72353269,8.02063318,8.06524434,8.77049836,8.82430592,8.90991566,9.16834945,9.36300538,9.44884213,9.63510564,9.73805333,9.89403297,10.22862965,10.31353985,10.41175107,10.59047505,11.22547895,11.31381907,11.84434953,11.92551224,12.39545366,12.78254739,12.97128627,13.60882957,13.72831816,14.73071691,15.59507171,16.58220764,16.63278574,17.25878269,18.95253843,19.41730695,19.54386296,27.18940531,28.76482969,31.82119159,32.7290244,33.58115309,34.50428517,35.74518708,37.48014943,43.29428703,44.21069554,49.99557957,57.91172737,58.69483833,61.758868,65.47807303,66.47085106,68.27505071,72.40045494,72.58008723,72.96064017,73.45898788,77.65768306,77.82303522]","[5,1,5,5,5,1,2,5,1,5,5,3,1,1,1,5,1,5,5,5,5,1,4,5,1,1,5,5,1,1,5,5,1,5,1,5,5,1,1,5,5,7,0,4,4,4,0,4,4,3,7,6,2,4,0,2,5,2,3,4,0,0,1,4]"
"[1.22311082,1.46128819,1.68271605,2.64933008,4.58560471,4.79990728,10.8259601,12.28964629,12.91960081,13.2291665,13.36580954,14.07804111,14.0939388,14.42699349,14.82784138,15.03761548,15.10683642,15.48280534,15.72707387,15.92012978,16.97275506,17.0068216,17.24949982,17.40252368,17.52959761,17.5749607,17.62969796,18.96788637,19.40988117,19.63547857,20.01575453,20.1618166,22.2050767,22.38823775,22.67041716,22.87356221,23.60086261,23.97887897,27.15705141,29.25843338,29.91158159,30.66223272,31.45408232,32.10905111,32.3168905,33.45769417,34.49155473,34.60985085,34.62117895,35.27851019,35.77850515,36.8682147,37.01875938,37.09075478,37.09443155,37.80639648,37.97991319,38.16371214,38.50122877,38.83954809,38.90140762,39.75349151,41.3816111,41.62908148]","[5,1,0,5,4,2,5,1,5,5,1,5,5,4,1,5,1,1,5,5,5,5,5,1,1,1,2,2,1,0,5,5,5,3,7,1,5,1,2,2,1,5,6,5,1,5,7,1,5,1,5,5,1,2,1,5,1,5,5,5,1,1,5,1]"
"[5.2018377,5.28439234,6.09986444,7.7420336,8.62147602,9.63984471,10.29490029,10.80622687,10.97694522,11.21750966,12.79164445,13.57848831,13.62835302,14.2132954,14.67034512,14.71720742,17.16983438,17.17446841,17.44720122,18.76650385,19.74444004,19.92566858,19.99147506,21.71118314,21.80882422,21.83007866,21.95400575,22.14085603,23.1223053,23.8630862,24.0643387,24.22808239,24.75785925,26.6618697,28.59504829,28.76767408,29.11229002,29.67464496,30.32562464,30.67888984,31.83157452,32.22437559,32.25763494,32.37159469,34.60863957,36.06211318,36.88635284,37.26641007,38.29811869,38.94093971,39.06541269,39.12880882,39.24614162,39.36920051,39.56278564,39.56886173,39.7088148,39.90959989,40.15800661,40.58640811,41.34718399,43.07785257,43.76011895,43.81985238]","[7,2,2,2,1,2,5,1,1,5,1,5,7,5,6,5,5,4,0,5,1,5,1,1,5,5,3,5,1,4,1,1,1,1,3,5,1,5,1,5,5,1,5,1,1,5,5,1,5,0,5,5,1,1,4,5,1,5,2,1,1,4,5,0]"
"[1.41584718,2.65872866,3.299342,3.39390003,3.71814879,4.27371795,5.22828673,5.379338,5.45199806,6.3077536,6.68910997,6.82688629,7.80708445,7.81210896,8.23553685,8.55665637,9.13827675,9.77805136,10.29957672,11.31208409,11.72852249,11.73998233,11.84360257,11.96248292,12.27763149,12.30250292,12.34619765,13.43153748,13.64089272,14.10796032,14.17787582,16.19057921,16.51274457,16.85246985,17.05509154,17.1383309,17.31456918,17.77157289,17.80713198,18.04183577,18.07232828,18.0846992,18.31610193,18.33106633,19.12668021,19.20374185,19.95740016,20.05793777,20.07065604,20.16851453,20.65253525,20.96139255,21.2394934,21.54500022,23.11677399,23.34511632,24.35646318,24.49853805,25.77866487,28.06464997,28.18817373,31.0644196,32.3262275,33.74712307]","[4,5,4,1,5,1,0,5,0,0,4,4,0,4,4,0,0,4,5,4,0,0,0,4,4,5,0,4,4,0,4,1,0,5,0,5,4,1,1,5,5,5,1,1,0,1,4,5,1,1,1,5,2,5,5,5,5,5,1,3,1,7,5,1]"
"[0.80628652,2.47456502,2.64049662,12.76810581,14.64191486,15.19042003,15.45754557,17.92546615,20.02368184,20.65081158,20.67260672,21.02872094,22.09685785,23.83044042,24.21259948,26.14703704,27.56337592,28.35774494,28.71807539,39.26077475,41.97949772,44.17377175,49.71986443,50.00589415,50.498459,51.03035268,51.2259001,51.91910519,51.98260216,52.01459475,52.0572906,52.35700234,52.98796522,53.05293582,53.70263207,53.76924806,53.95865039,56.24648712,56.69272945,57.42517896,57.65327579,58.12794089,59.01336397,60.13115242,61.00190966,61.06522584,61.25706736,61.84999284,62.59973529,62.77554982,62.87318807,63.23525299,63.36224688,64.01325695,64.08401985,64.13655879,65.70413868,66.13223878,67.55226581,67.6868412,69.6034232,70.02869172,70.50920693,70.76740475]","[5,0,4,5,5,1,1,0,4,1,5,1,5,0,4,5,1,2,5,2,3,2,0,5,4,1,4,4,0,4,4,4,0,0,5,0,0,5,0,1,4,0,4,4,0,4,7,5,1,1,5,5,3,1,5,1,7,5,3,5,1,1,5,7]"
"[5.00634006,8.67425802,16.71229769,18.96926991,19.79313251,20.01527079,20.1353787,20.49908673,20.55282298,20.74763138,21.76370033,22.04915528,22.46170697,22.62613834,23.0146838,23.05999292,23.53444231,24.3617402,25.28393311,25.52441704,25.90553116,26.10324969,26.18036075,26.23211735,27.82301281,28.2546807,28.32005277,28.59703094,28.9419371,29.03452873,29.06945285,29.28742417,29.46285641,29.77008757,31.05816087,31.13617016,31.20590019,32.15152538,32.5322339,33.61841999,33.79785328,33.97349535,34.10799351,34.21531288,35.08253647,35.17460746,35.18993568,35.58417079,35.99209901,36.11425263,36.85074593,36.96754382,37.09107114,37.29807349,37.47122248,37.59908615,37.72308643,38.0023209,38.03339071,38.69464352,38.70109337,39.12051506,39.37506511,39.51526171]","[0,3,2,0,4,7,0,4,0,4,0,4,0,0,0,4,4,7,0,4,4,4,0,4,0,4,0,0,4,4,4,0,0,4,4,0,0,0,0,4,4,4,4,0,0,4,0,4,0,4,0,4,0,5,4,0,5,4,4,0,4,4,0,0]"
"[0.24519708,3.70612961,4.32245733,4.93956882,7.56934243,7.78961583,8.25623763,8.40605279,8.85081109,9.97066362,10.13614696,10.35837379,10.49459008,10.84338629,11.12652825,11.47403728,11.93751082,15.82759629,16.41466266,16.57933292,17.26070539,17.4705739,17.65920657,17.99969529,23.97211954,24.07991313,25.60550318,26.39338049,27.1037382,27.56205561,28.51290297,29.86115425,38.39424665,39.76929336,43.27551302,43.39440711,43.71409967,44.40871126,44.58060578,45.01047687,45.28016526,46.31249056,46.34554937,47.09014576,48.07918835,48.40940084,50.43429734,51.06190288,51.80226169,52.44666959,52.82223446,52.83105193,53.12311684,53.43780252,53.53763212,53.93756205,54.24174924,54.25788858,54.3153396,55.16550255,55.20819882,55.47983591,55.56355444,55.58792611]","[0,4,7,0,2,5,6,0,1,2,5,1,5,1,4,5,5,0,4,1,5,1,0,5,1,5,0,1,7,5,1,5,5,2,4,0,5,4,0,0,0,0,2,4,1,5,1,0,1,5,4,0,5,4,5,0,4,0,0,1,0,5,4,5]"
"[1.02447556,1.12228983,1.67735838,2.15195901,3.88747116,6.03985261,7.71262698,8.65419312,10.76379043,11.84702316,12.61621994,13.01830179,19.04963828,22.8089197,23.59849142,23.94185265,24.29817813,24.43481919,25.41617818,25.65227077,27.48648899,32.25670105,32.42203832,32.61228145,32.67556844,33.28822,34.01769014,35.00941063,35.60483385,35.63252332,35.77430268,37.02247588,37.04449226,37.25226933,41.37836675,41.51123271,41.94126356,42.22583669,42.39571418,42.70682173,42.81635023,42.91150367,43.00881916,43.07112434,43.2858571,43.72127858,44.0330862,44.07159009,44.09988513,44.38266384,44.78275318,44.84149059,45.08333788,45.75430365,46.12932837,46.98879776,52.22817968,58.49910808,62.16118576,65.74380499,67.3595946,67.37539376,67.7812387,68.15913046]","[1,5,6,0,3,0,5,1,5,5,1,1,2,5,1,7,5,1,1,0,4,7,5,0,1,4,0,4,0,4,4,0,7,4,0,1,4,5,1,5,1,5,1,5,5,5,1,5,6,0,4,3,7,0,5,1,7,1,5,5,1,1,1,5]"
