Using device: cuda
DataFrame shape: (1700, 3)
Columns: ['event_times', 'event_types', 'cluster']
加载了 1700 个序列
检测到 8 种事件类型: [0, 1, 2, 3, 4, 5, 6, 7]
第一个序列长度: 80
[Hawkes Cold Start][001/010] train_nll/event=4.273062 val_nll/event=3.740769 max_grad=1.7795
[Hawkes Cold Start][002/010] train_nll/event=3.405243 val_nll/event=3.259835 max_grad=0.5574
[Hawkes Cold Start][003/010] train_nll/event=3.097862 val_nll/event=3.072356 max_grad=0.2723
[Hawkes Cold Start][004/010] train_nll/event=2.981458 val_nll/event=3.004127 max_grad=0.1706
[Hawkes Cold Start][005/010] train_nll/event=2.938245 val_nll/event=2.976134 max_grad=0.1754
[Hawkes Cold Start][006/010] train_nll/event=2.918717 val_nll/event=2.961527 max_grad=0.1807
[Hawkes Cold Start][007/010] train_nll/event=2.908339 val_nll/event=2.953137 max_grad=0.1811
[Hawkes Cold Start][008/010] train_nll/event=2.902360 val_nll/event=2.948058 max_grad=0.1843
[Hawkes Cold Start][009/010] train_nll/event=2.898798 val_nll/event=2.945133 max_grad=0.1862
[Hawkes Cold Start][010/010] train_nll/event=2.896611 val_nll/event=2.943036 max_grad=0.1869
[Hawkes Cold Start] checkpoint saved to /home/xinye/HawkesMemory_wfy/checkpoints/hawkes_backbone_init.pt
[Hawkes Cold Start] spectral_radius=0.756667, min_mu=8.554223e-03
[H_tree] initialized 33/33 node_emb from /home/xinye/HawkesMemory_wfy/Data/tree_17/h_tree_one_circle.pt
[Routing] mode=active_frontier frontier=2..7 temperature=1.100 exploration=0.000

[Residual init]:   0%|          | 0/1700 [00:00<?, ?seq/s]
[Residual init]:   2%|▏         | 29/1700 [00:00<00:05, 288.71seq/s]
[Residual init]:   4%|▎         | 63/1700 [00:00<00:05, 315.41seq/s]
[Residual init]:   6%|▌         | 96/1700 [00:00<00:04, 320.82seq/s]
[Residual init]:   8%|▊         | 129/1700 [00:00<00:04, 318.78seq/s]
[Residual init]:   9%|▉         | 161/1700 [00:00<00:04, 316.82seq/s]
[Residual init]:  11%|█▏        | 193/1700 [00:00<00:04, 316.87seq/s]
[Residual init]:  13%|█▎        | 225/1700 [00:00<00:04, 316.04seq/s]
[Residual init]:  15%|█▌        | 257/1700 [00:00<00:04, 314.88seq/s]
[Residual init]:  17%|█▋        | 289/1700 [00:00<00:04, 314.78seq/s]
[Residual init]:  19%|█▉        | 321/1700 [00:01<00:04, 313.09seq/s]
[Residual init]:  21%|██        | 353/1700 [00:01<00:04, 314.00seq/s]
[Residual init]:  23%|██▎       | 386/1700 [00:01<00:04, 315.99seq/s]
[Residual init]:  25%|██▍       | 418/1700 [00:01<00:04, 316.80seq/s]
[Residual init]:  26%|██▋       | 450/1700 [00:01<00:03, 316.24seq/s]
[Residual init]:  28%|██▊       | 482/1700 [00:01<00:03, 315.37seq/s]
[Residual init]:  30%|███       | 514/1700 [00:01<00:03, 315.94seq/s]
[Residual init]:  32%|███▏      | 546/1700 [00:01<00:03, 315.60seq/s]
[Residual init]:  34%|███▍      | 578/1700 [00:01<00:03, 308.71seq/s]
[Residual init]:  36%|███▌      | 609/1700 [00:01<00:03, 306.14seq/s]
[Residual init]:  38%|███▊      | 640/1700 [00:02<00:03, 303.80seq/s]
[Residual init]:  39%|███▉      | 671/1700 [00:02<00:03, 303.87seq/s]
[Residual init]:  41%|████▏     | 702/1700 [00:02<00:03, 303.15seq/s]
[Residual init]:  43%|████▎     | 733/1700 [00:02<00:03, 301.26seq/s]
[Residual init]:  45%|████▍     | 764/1700 [00:02<00:03, 301.61seq/s]
[Residual init]:  47%|████▋     | 795/1700 [00:02<00:03, 300.84seq/s]
[Residual init]:  49%|████▊     | 826/1700 [00:02<00:02, 300.75seq/s]
[Residual init]:  50%|█████     | 857/1700 [00:02<00:02, 300.31seq/s]
[Residual init]:  52%|█████▏    | 888/1700 [00:02<00:02, 299.98seq/s]
[Residual init]:  54%|█████▍    | 918/1700 [00:02<00:02, 298.88seq/s]
[Residual init]:  56%|█████▌    | 949/1700 [00:03<00:02, 299.42seq/s]
[Residual init]:  58%|█████▊    | 979/1700 [00:03<00:02, 297.01seq/s]
[Residual init]:  59%|█████▉    | 1009/1700 [00:03<00:02, 295.55seq/s]
[Residual init]:  61%|██████    | 1039/1700 [00:03<00:02, 296.58seq/s]
[Residual init]:  63%|██████▎   | 1070/1700 [00:03<00:02, 300.43seq/s]
[Residual init]:  65%|██████▍   | 1102/1700 [00:03<00:01, 303.66seq/s]
[Residual init]:  67%|██████▋   | 1133/1700 [00:03<00:01, 302.06seq/s]
[Residual init]:  68%|██████▊   | 1164/1700 [00:03<00:01, 302.32seq/s]
[Residual init]:  70%|███████   | 1195/1700 [00:03<00:01, 302.12seq/s]
[Residual init]:  72%|███████▏  | 1226/1700 [00:03<00:01, 302.77seq/s]
[Residual init]:  74%|███████▍  | 1257/1700 [00:04<00:01, 302.07seq/s]
[Residual init]:  76%|███████▌  | 1288/1700 [00:04<00:01, 301.14seq/s]
[Residual init]:  78%|███████▊  | 1319/1700 [00:04<00:01, 302.85seq/s]
[Residual init]:  79%|███████▉  | 1350/1700 [00:04<00:01, 303.96seq/s]
[Residual init]:  81%|████████  | 1381/1700 [00:04<00:01, 303.78seq/s]
[Residual init]:  83%|████████▎ | 1412/1700 [00:04<00:00, 302.88seq/s]
[Residual init]:  85%|████████▍ | 1443/1700 [00:04<00:00, 301.83seq/s]
[Residual init]:  87%|████████▋ | 1474/1700 [00:04<00:00, 301.96seq/s]
[Residual init]:  89%|████████▊ | 1505/1700 [00:04<00:00, 301.32seq/s]
[Residual init]:  90%|█████████ | 1536/1700 [00:05<00:00, 301.19seq/s]
[Residual init]:  92%|█████████▏| 1567/1700 [00:05<00:00, 300.47seq/s]
[Residual init]:  94%|█████████▍| 1598/1700 [00:05<00:00, 297.29seq/s]
[Residual init]:  96%|█████████▌| 1628/1700 [00:05<00:00, 297.51seq/s]
[Residual init]:  98%|█████████▊| 1659/1700 [00:05<00:00, 298.46seq/s]
[Residual init]:  99%|█████████▉| 1689/1700 [00:05<00:00, 297.60seq/s]
[Residual init]: 100%|██████████| 1700/1700 [00:05<00:00, 304.84seq/s]
[Residual Initialization] sequences=1700 rank=4 grad_norm=5.301e+00/9.817e+00/1.504e+01 clipped=0.000 membership=[100.0, 100.0, 100.0, 100.0, 100.0, 100.0, 100.0, 100.0, 100.0, 100.0, 100.0, 100.0, 100.0, 100.0, 100.0, 100.0, 100.0] target_mass=[0.05882352963089943, 0.05882352963089943, 0.05882352963089943, 0.05882352963089943, 0.05882352963089943, 0.05882352963089943, 0.05882352963089943, 0.05882352963089943, 0.05882352963089943, 0.05882352963089943, 0.05882352963089943, 0.05882352963089943, 0.05882352963089943, 0.05882352963089943, 0.05882352963089943, 0.05882352963089943, 0.05882352963089943]
[Initialization] mode=residual_signature semantic_blend=0.0000 semantic_delta_mean=1.8265e-02 semantic_delta_max=2.7678e-01 offset_mode=path_additive route_balance=0.1000
[Symmetry] mode=residual_signature router_gain=0.0500 router_norm_mean=7.3961e-02 leaf_delta_mean=2.3055e-02 leaf_mean_error=9.537e-07 spectral_radius=[0.751336,0.762674]

[H-align 01/05]:   0%|          | 0/107 [00:00<?, ?batch/s]
[H-align 01/05]:   7%|▋         | 8/107 [00:00<00:01, 73.61batch/s, acc=0.609, loss=0.663]
[H-align 01/05]:  16%|█▌        | 17/107 [00:00<00:01, 81.77batch/s, acc=0.628, loss=0.656]
[H-align 01/05]:  24%|██▍       | 26/107 [00:00<00:00, 83.00batch/s, acc=0.626, loss=0.653]
[H-align 01/05]:  33%|███▎      | 35/107 [00:00<00:00, 83.82batch/s, acc=0.621, loss=0.653]
[H-align 01/05]:  41%|████      | 44/107 [00:00<00:00, 84.62batch/s, acc=0.624, loss=0.651]
[H-align 01/05]:  50%|████▉     | 53/107 [00:00<00:00, 85.51batch/s, acc=0.628, loss=0.647]
[H-align 01/05]:  58%|█████▊    | 62/107 [00:00<00:00, 85.50batch/s, acc=0.629, loss=0.646]
[H-align 01/05]:  66%|██████▋   | 71/107 [00:00<00:00, 84.33batch/s, acc=0.627, loss=0.648]
[H-align 01/05]:  75%|███████▍  | 80/107 [00:00<00:00, 84.65batch/s, acc=0.628, loss=0.648]
[H-align 01/05]:  83%|████████▎ | 89/107 [00:01<00:00, 85.09batch/s, acc=0.628, loss=0.648]
[H-align 01/05]:  92%|█████████▏| 98/107 [00:01<00:00, 85.42batch/s, acc=0.63, loss=0.646] 
[H-align 01/05]: 100%|██████████| 107/107 [00:01<00:00, 84.93batch/s, acc=0.634, loss=0.641]
[H-align 01/05]: 100%|██████████| 107/107 [00:01<00:00, 84.36batch/s, acc=0.634, loss=0.641]
[H-align] epoch=1/5 loss=0.641366 acc=0.6343 p_target=0.5466 confidence=1.0000 grad_max=8.154e-01

[H-align 02/05]:   0%|          | 0/107 [00:00<?, ?batch/s]
[H-align 02/05]:   8%|▊         | 9/107 [00:00<00:01, 80.63batch/s, acc=0.733, loss=0.524]
[H-align 02/05]:  17%|█▋        | 18/107 [00:00<00:01, 82.48batch/s, acc=0.713, loss=0.535]
[H-align 02/05]:  25%|██▌       | 27/107 [00:00<00:00, 83.43batch/s, acc=0.723, loss=0.518]
[H-align 02/05]:  34%|███▎      | 36/107 [00:00<00:00, 84.27batch/s, acc=0.736, loss=0.497]
[H-align 02/05]:  42%|████▏     | 45/107 [00:00<00:00, 84.39batch/s, acc=0.747, loss=0.478]
[H-align 02/05]:  50%|█████     | 54/107 [00:00<00:00, 83.71batch/s, acc=0.757, loss=0.461]
[H-align 02/05]:  59%|█████▉    | 63/107 [00:00<00:00, 83.23batch/s, acc=0.765, loss=0.447]
[H-align 02/05]:  67%|██████▋   | 72/107 [00:00<00:00, 83.76batch/s, acc=0.774, loss=0.434]
[H-align 02/05]:  76%|███████▌  | 81/107 [00:00<00:00, 83.30batch/s, acc=0.784, loss=0.417]
[H-align 02/05]:  84%|████████▍ | 90/107 [00:01<00:00, 83.75batch/s, acc=0.794, loss=0.402]
[H-align 02/05]:  93%|█████████▎| 99/107 [00:01<00:00, 83.82batch/s, acc=0.804, loss=0.387]
[H-align 02/05]: 100%|██████████| 107/107 [00:01<00:00, 83.74batch/s, acc=0.811, loss=0.376]
[H-align] epoch=2/5 loss=0.376290 acc=0.8107 p_target=0.7379 confidence=1.0000 grad_max=3.830e+00

[H-align 03/05]:   0%|          | 0/107 [00:00<?, ?batch/s]
[H-align 03/05]:   8%|▊         | 9/107 [00:00<00:01, 81.67batch/s, acc=0.919, loss=0.2]
[H-align 03/05]:  17%|█▋        | 18/107 [00:00<00:01, 82.96batch/s, acc=0.921, loss=0.194]
[H-align 03/05]:  25%|██▌       | 27/107 [00:00<00:00, 82.99batch/s, acc=0.923, loss=0.19] 
[H-align 03/05]:  34%|███▎      | 36/107 [00:00<00:00, 84.92batch/s, acc=0.929, loss=0.179]
[H-align 03/05]:  42%|████▏     | 45/107 [00:00<00:00, 85.05batch/s, acc=0.935, loss=0.169]
[H-align 03/05]:  50%|█████     | 54/107 [00:00<00:00, 84.74batch/s, acc=0.939, loss=0.16] 
[H-align 03/05]:  59%|█████▉    | 63/107 [00:00<00:00, 84.38batch/s, acc=0.944, loss=0.149]
[H-align 03/05]:  67%|██████▋   | 72/107 [00:00<00:00, 84.11batch/s, acc=0.947, loss=0.144]
[H-align 03/05]:  76%|███████▌  | 81/107 [00:00<00:00, 84.43batch/s, acc=0.95, loss=0.138] 
[H-align 03/05]:  84%|████████▍ | 90/107 [00:01<00:00, 84.18batch/s, acc=0.952, loss=0.134]
[H-align 03/05]:  93%|█████████▎| 99/107 [00:01<00:00, 83.93batch/s, acc=0.954, loss=0.128]
[H-align 03/05]: 100%|██████████| 107/107 [00:01<00:00, 84.18batch/s, acc=0.956, loss=0.123]
[H-align] epoch=3/5 loss=0.122833 acc=0.9564 p_target=0.9195 confidence=1.0000 grad_max=3.731e+00

[H-align 04/05]:   0%|          | 0/107 [00:00<?, ?batch/s]
[H-align 04/05]:   8%|▊         | 9/107 [00:00<00:01, 85.29batch/s, acc=0.984, loss=0.0546]
[H-align 04/05]:  17%|█▋        | 18/107 [00:00<00:01, 85.23batch/s, acc=0.987, loss=0.049]
[H-align 04/05]:  25%|██▌       | 27/107 [00:00<00:00, 85.25batch/s, acc=0.989, loss=0.0441]
[H-align 04/05]:  34%|███▎      | 36/107 [00:00<00:00, 84.51batch/s, acc=0.988, loss=0.0438]
[H-align 04/05]:  42%|████▏     | 45/107 [00:00<00:00, 85.32batch/s, acc=0.989, loss=0.0419]
[H-align 04/05]:  50%|█████     | 54/107 [00:00<00:00, 83.00batch/s, acc=0.989, loss=0.0411]
[H-align 04/05]:  59%|█████▉    | 63/107 [00:00<00:00, 81.49batch/s, acc=0.989, loss=0.0417]
[H-align 04/05]:  67%|██████▋   | 72/107 [00:00<00:00, 82.71batch/s, acc=0.989, loss=0.0407]
[H-align 04/05]:  76%|███████▌  | 81/107 [00:00<00:00, 83.95batch/s, acc=0.99, loss=0.0393] 
[H-align 04/05]:  84%|████████▍ | 90/107 [00:01<00:00, 84.48batch/s, acc=0.99, loss=0.0376]
[H-align 04/05]:  93%|█████████▎| 99/107 [00:01<00:00, 83.58batch/s, acc=0.99, loss=0.0373]
[H-align 04/05]: 100%|██████████| 107/107 [00:01<00:00, 83.74batch/s, acc=0.99, loss=0.0368]
[H-align] epoch=4/5 loss=0.036831 acc=0.9899 p_target=0.9780 confidence=1.0000 grad_max=1.633e+00

[H-align 05/05]:   0%|          | 0/107 [00:00<?, ?batch/s]
[H-align 05/05]:   7%|▋         | 8/107 [00:00<00:01, 78.93batch/s, acc=0.991, loss=0.0294]
[H-align 05/05]:  16%|█▌        | 17/107 [00:00<00:01, 81.43batch/s, acc=0.992, loss=0.0257]
[H-align 05/05]:  24%|██▍       | 26/107 [00:00<00:00, 82.19batch/s, acc=0.992, loss=0.0256]
[H-align 05/05]:  33%|███▎      | 35/107 [00:00<00:00, 82.30batch/s, acc=0.993, loss=0.0246]
[H-align 05/05]:  41%|████      | 44/107 [00:00<00:00, 83.52batch/s, acc=0.993, loss=0.0229]
[H-align 05/05]:  50%|████▉     | 53/107 [00:00<00:00, 83.26batch/s, acc=0.994, loss=0.022] 
[H-align 05/05]:  58%|█████▊    | 62/107 [00:00<00:00, 83.68batch/s, acc=0.994, loss=0.0215]
[H-align 05/05]:  66%|██████▋   | 71/107 [00:00<00:00, 83.95batch/s, acc=0.994, loss=0.0217]
[H-align 05/05]:  75%|███████▍  | 80/107 [00:00<00:00, 83.88batch/s, acc=0.994, loss=0.0214]
[H-align 05/05]:  83%|████████▎ | 89/107 [00:01<00:00, 82.14batch/s, acc=0.994, loss=0.0213]
[H-align 05/05]:  92%|█████████▏| 98/107 [00:01<00:00, 82.28batch/s, acc=0.994, loss=0.0206]
[H-align 05/05]: 100%|██████████| 107/107 [00:01<00:00, 83.13batch/s, acc=0.994, loss=0.0204]
[H-align 05/05]: 100%|██████████| 107/107 [00:01<00:00, 82.90batch/s, acc=0.994, loss=0.0204]
[H-align] epoch=5/5 loss=0.020387 acc=0.9938 p_target=0.9877 confidence=1.0000 grad_max=7.742e-01
[H-align Complete] epochs=5 loss=0.692324->0.013900 accuracy=0.9955 p_target=0.9911 updated=encoder+router_compat frozen=hawkes+node_emb+semantics+memory

[Init] Cache:   0%|                                                                 | 0/1700 [00:00<?, ?seq/s]
[Init] Cache: 100%|#########################| 1700/1700 [00:01<00:00, 1146.17seq/s, built=1700, events=136000]
[Cache] sequences=1700 events=136000 built=1700 device=cuda time=1.484s

[Epoch 001] Wake:   0%|                                                             | 0/1700 [00:00<?, ?seq/s]
[Epoch 001] Wake:   0%|                 | 1/1700 [00:04<2:00:06,  4.24s/seq, events=80, loss=3.6704, writes=4]
[Epoch 001] Wake:   4%|5             | 65/1700 [00:08<03:24,  7.99seq/s, events=5200, loss=2.9052, writes=260]
[Epoch 001] Wake:   8%|9           | 129/1700 [00:12<02:29, 10.48seq/s, events=10320, loss=2.8966, writes=489]
[Epoch 001] Wake:  11%|#3          | 193/1700 [00:17<02:08, 11.73seq/s, events=15440, loss=2.9106, writes=699]
[Epoch 001] Wake:  15%|#8          | 257/1700 [00:21<01:56, 12.43seq/s, events=20560, loss=2.9110, writes=904]
[Epoch 001] Wake:  19%|##         | 321/1700 [00:25<01:46, 12.95seq/s, events=25680, loss=2.8773, writes=1126]
[Epoch 001] Wake:  23%|##4        | 385/1700 [00:30<01:38, 13.28seq/s, events=30800, loss=2.8686, writes=1335]
[Epoch 001] Wake:  26%|##9        | 449/1700 [00:34<01:32, 13.53seq/s, events=35920, loss=2.8621, writes=1561]
[Epoch 001] Wake:  30%|###3       | 513/1700 [00:39<01:26, 13.66seq/s, events=41040, loss=2.8680, writes=1786]
[Epoch 001] Wake:  34%|###7       | 577/1700 [00:43<01:21, 13.82seq/s, events=46160, loss=2.8621, writes=2006]
[Epoch 001] Wake:  38%|####1      | 641/1700 [00:47<01:15, 13.95seq/s, events=51280, loss=2.8584, writes=2221]
[Epoch 001] Wake:  41%|####5      | 705/1700 [00:52<01:11, 14.00seq/s, events=56400, loss=2.8671, writes=2432]
[Epoch 001] Wake:  45%|####9      | 769/1700 [00:56<01:06, 13.96seq/s, events=61520, loss=2.8766, writes=2633]
[Epoch 001] Wake:  49%|#####3     | 833/1700 [01:01<01:01, 14.02seq/s, events=66640, loss=2.8676, writes=2859]
[Epoch 001] Wake:  53%|#####8     | 897/1700 [01:06<00:57, 14.00seq/s, events=71760, loss=2.8612, writes=3075]
[Epoch 001] Wake:  57%|######2    | 961/1700 [01:10<00:52, 14.06seq/s, events=76880, loss=2.8592, writes=3292]
[Epoch 001] Wake:  60%|######    | 1025/1700 [01:14<00:47, 14.13seq/s, events=82000, loss=2.8629, writes=3510]
[Epoch 001] Wake:  64%|######4   | 1089/1700 [01:19<00:43, 14.09seq/s, events=87120, loss=2.8676, writes=3714]
[Epoch 001] Wake:  68%|######7   | 1153/1700 [01:23<00:38, 14.10seq/s, events=92240, loss=2.8648, writes=3928]
[Epoch 001] Wake:  72%|#######1  | 1217/1700 [01:28<00:34, 14.09seq/s, events=97360, loss=2.8687, writes=4130]
[Epoch 001] Wake:  75%|######7  | 1281/1700 [01:32<00:29, 14.14seq/s, events=102480, loss=2.8718, writes=4338]
[Epoch 001] Wake:  79%|#######1 | 1345/1700 [01:37<00:25, 14.13seq/s, events=107600, loss=2.8708, writes=4566]
[Epoch 001] Wake:  83%|#######4 | 1409/1700 [01:41<00:20, 14.18seq/s, events=112720, loss=2.8714, writes=4777]
[Epoch 001] Wake:  87%|#######7 | 1473/1700 [01:46<00:15, 14.21seq/s, events=117840, loss=2.8680, writes=4996]
[Epoch 001] Wake:  90%|########1| 1537/1700 [01:50<00:11, 14.21seq/s, events=122960, loss=2.8638, writes=5220]
[Epoch 001] Wake:  94%|########4| 1601/1700 [01:55<00:06, 14.24seq/s, events=128080, loss=2.8629, writes=5437]
[Epoch 001] Wake:  98%|########8| 1665/1700 [01:58<00:02, 14.83seq/s, events=133200, loss=2.8593, writes=5639]
[Epoch 001] Wake: 100%|#########| 1700/1700 [01:58<00:00, 14.40seq/s, events=136000, loss=2.8606, writes=5751]

[Epoch 001] Global:   0%|                                                      | 0/1700 [00:00<?, ?seq-pass/s]
[Epoch 001] Global:   8%|#4                 | 128/1700 [00:03<00:37, 41.54seq-pass/s, batch=2/27, phase=train]
[Epoch 001] Global:  15%|##8                | 256/1700 [00:06<00:34, 41.69seq-pass/s, batch=4/27, phase=train]
[Epoch 001] Global:  23%|####2              | 384/1700 [00:09<00:31, 41.75seq-pass/s, batch=6/27, phase=train]
[Epoch 001] Global:  30%|#####7             | 512/1700 [00:12<00:28, 41.77seq-pass/s, batch=8/27, phase=train]
[Epoch 001] Global:  38%|######7           | 640/1700 [00:15<00:25, 41.81seq-pass/s, batch=10/27, phase=train]
[Epoch 001] Global:  45%|########1         | 768/1700 [00:18<00:22, 41.84seq-pass/s, batch=12/27, phase=train]
[Epoch 001] Global:  53%|#########4        | 896/1700 [00:21<00:19, 41.86seq-pass/s, batch=14/27, phase=train]
[Epoch 001] Global:  60%|##########2      | 1024/1700 [00:24<00:16, 41.90seq-pass/s, batch=16/27, phase=train]
[Epoch 001] Global:  68%|###########5     | 1152/1700 [00:27<00:13, 41.89seq-pass/s, batch=18/27, phase=train]
[Epoch 001] Global:  75%|############8    | 1280/1700 [00:30<00:10, 41.85seq-pass/s, batch=20/27, phase=train]
[Epoch 001] Global:  83%|##############   | 1408/1700 [00:33<00:06, 41.89seq-pass/s, batch=22/27, phase=train]
[Epoch 001] Global:  90%|###############3 | 1536/1700 [00:36<00:03, 41.91seq-pass/s, batch=24/27, phase=train]
[Epoch 001] Global:  98%|################6| 1664/1700 [00:39<00:00, 41.93seq-pass/s, batch=26/27, phase=train]
[Epoch 001] Global: 100%|#################| 1700/1700 [00:40<00:00, 41.84seq-pass/s, batch=27/27, phase=train]

[Epoch 001] Sleep:   0%|                                                             | 0/21 [00:00<?, ?step/s]
[Epoch 001] Sleep:   5%|7               | 1/21 [00:00<00:15,  1.27step/s, absorbed=2, phase=light, replay=102]
[Epoch 001] Sleep:  10%|##3                      | 2/21 [00:01<00:12,  1.57step/s, leaf=root_L_L, phase=split]
[Epoch 001] Sleep:  14%|###5                     | 3/21 [00:04<00:28,  1.56s/step, leaf=root_L_L, phase=split]
[Epoch 001] Sleep:  14%|###2                   | 3/21 [00:04<00:28,  1.56s/step, leaf=root_L_R_L, phase=split]
[Epoch 001] Sleep:  19%|####                 | 4/21 [00:08<00:26,  1.56s/step, leaf=root_L_R_R_L, phase=split]
[Epoch 001] Sleep:  24%|#####                | 5/21 [00:11<00:37,  2.35s/step, leaf=root_L_R_R_L, phase=split]
[Epoch 001] Sleep:  24%|#####                | 5/21 [00:11<00:37,  2.35s/step, leaf=root_L_R_R_R, phase=split]
[Epoch 001] Sleep:  29%|######               | 6/21 [00:14<00:38,  2.55s/step, leaf=root_L_R_R_R, phase=split]
[Epoch 001] Sleep:  29%|######               | 6/21 [00:14<00:38,  2.55s/step, leaf=root_R_L_L_L, phase=split]
[Epoch 001] Sleep:  33%|#######              | 7/21 [00:18<00:37,  2.70s/step, leaf=root_R_L_L_L, phase=split]
[Epoch 001] Sleep:  33%|#######              | 7/21 [00:18<00:37,  2.70s/step, leaf=root_R_L_L_R, phase=split]
[Epoch 001] Sleep:  38%|########             | 8/21 [00:21<00:36,  2.83s/step, leaf=root_R_L_L_R, phase=split]
[Epoch 001] Sleep:  38%|########             | 8/21 [00:21<00:36,  2.83s/step, leaf=root_R_L_R_L, phase=split]
[Epoch 001] Sleep:  43%|#########            | 9/21 [00:25<00:34,  2.91s/step, leaf=root_R_L_R_L, phase=split]
[Epoch 001] Sleep:  43%|########1          | 9/21 [00:25<00:34,  2.91s/step, leaf=root_R_L_R_R_L, phase=split]
[Epoch 001] Sleep:  48%|########5         | 10/21 [00:28<00:32,  2.99s/step, leaf=root_R_L_R_R_L, phase=split]
[Epoch 001] Sleep:  48%|########5         | 10/21 [00:28<00:32,  2.99s/step, leaf=root_R_L_R_R_R, phase=split]
[Epoch 001] Sleep:  52%|#########4        | 11/21 [00:32<00:30,  3.05s/step, leaf=root_R_L_R_R_R, phase=split]
[Epoch 001] Sleep:  52%|#########4        | 11/21 [00:32<00:30,  3.05s/step, leaf=root_R_R_L_L_L, phase=split]
[Epoch 001] Sleep:  57%|##########2       | 12/21 [00:35<00:27,  3.10s/step, leaf=root_R_R_L_L_L, phase=split]
[Epoch 001] Sleep:  57%|##########2       | 12/21 [00:35<00:27,  3.10s/step, leaf=root_R_R_L_L_R, phase=split]
[Epoch 001] Sleep:  62%|###########1      | 13/21 [00:38<00:25,  3.13s/step, leaf=root_R_R_L_L_R, phase=split]
[Epoch 001] Sleep:  62%|###########1      | 13/21 [00:38<00:25,  3.13s/step, leaf=root_R_R_L_R_L, phase=split]
[Epoch 001] Sleep:  67%|############      | 14/21 [00:42<00:22,  3.17s/step, leaf=root_R_R_L_R_L, phase=split]
[Epoch 001] Sleep:  67%|##########6     | 14/21 [00:42<00:22,  3.17s/step, leaf=root_R_R_L_R_R_L, phase=split]
[Epoch 001] Sleep:  71%|###########4    | 15/21 [00:45<00:19,  3.19s/step, leaf=root_R_R_L_R_R_L, phase=split]
[Epoch 001] Sleep:  71%|###########4    | 15/21 [00:45<00:19,  3.19s/step, leaf=root_R_R_L_R_R_R, phase=split]
[Epoch 001] Sleep:  76%|############1   | 16/21 [00:48<00:16,  3.21s/step, leaf=root_R_R_L_R_R_R, phase=split]
[Epoch 001] Sleep:  76%|###############2    | 16/21 [00:48<00:16,  3.21s/step, leaf=root_R_R_R_L, phase=split]
[Epoch 001] Sleep:  81%|################1   | 17/21 [00:52<00:12,  3.24s/step, leaf=root_R_R_R_L, phase=split]
[Epoch 001] Sleep:  81%|##############5   | 17/21 [00:52<00:12,  3.24s/step, leaf=root_R_R_R_R_L, phase=split]
[Epoch 001] Sleep:  86%|###############4  | 18/21 [00:55<00:09,  3.26s/step, leaf=root_R_R_R_R_L, phase=split]
[Epoch 001] Sleep:  86%|###############4  | 18/21 [00:55<00:09,  3.26s/step, leaf=root_R_R_R_R_R, phase=split]
[Epoch 001] Sleep:  90%|################2 | 19/21 [00:59<00:06,  3.27s/step, leaf=root_R_R_R_R_R, phase=split]
[Epoch 001] Sleep:  90%|###########7 | 19/21 [01:04<00:06,  3.27s/step, actions=6, phase=deep, pressure=0.121]
[Epoch 001] Sleep:  95%|############3| 20/21 [01:04<00:03,  3.45s/step, actions=6, phase=deep, pressure=0.121]
[Epoch 001] Sleep: 100%|#############| 21/21 [01:04<00:00,  3.05s/step, actions=6, phase=deep, pressure=0.121]
[MemoryTree][001/050] wake/event=2.860674 sleep_residual_utility=0.009300 writes=5751 memorize=1996 queue_split=0 wake_actions=A93075/R40929/M1996/Q0 novelty=0.0434 weighted_sim=0.9133 wm_grad_max=3.387e+00 global/event=2.861844 mix_diag=2.8695 global_steps=27 prior_KL=1.041e-01 seq_H_cond=0.4879 seq_H_marg=0.5037 seq_MI=1.580e-02 post_KL_diag=7.870e-02 branch_distill=4.897e-01 probe=5.118e+00/0.571->0.585/0.007/0.430 frontier=5.95/10.91/4.95 enc_gate=0.031 enc_scale=0.001 teacher_conf=0.015 teacher_JS=6.232e-02 max_mass=0.0620 owner_hard=[0, 0, 0, 100, 0, 0, 0, 100, 0, 0, 0, 0, 0, 100, 100, 100, 100, 100, 0, 0, 0, 100, 0, 100, 100, 100, 0, 100, 100, 100, 100] mem_assign=[252, 31, 308, 7320, 249, 1863, 267, 8044, 194, 135, 156, 288, 283, 7052, 7973, 7491, 7780, 7099, 270, 172, 1271, 7305, 302, 8245, 7172, 7865, 931, 7660, 7849, 8234, 7216] topology_prune=off leaves=16 sleep_mode=deep light_absorb=2 deep_probability=0.121 topology_action=merge topology_gain=1.211e-02 topology_candidates=29 collapsed=0 topology_lambda=0.000e+00 time=W118.1/G40.6/S64.1s cache=0/1700 cuda_peak=7091MiB sleep_actions=['merge', 'promotion', 'promotion', 'promotion', 'promotion', 'promotion']

[Epoch 002] Wake:   0%|                                                             | 0/1700 [00:00<?, ?seq/s]
[Epoch 002] Wake:   0%|                 | 1/1700 [00:04<2:06:10,  4.46s/seq, events=80, loss=3.8995, writes=4]
[Epoch 002] Wake:   4%|5             | 65/1700 [00:08<03:28,  7.83seq/s, events=5200, loss=2.9180, writes=256]
[Epoch 002] Wake:   8%|9           | 129/1700 [00:13<02:32, 10.33seq/s, events=10320, loss=2.9743, writes=399]
[Epoch 002] Wake:  11%|#3          | 193/1700 [00:17<02:10, 11.56seq/s, events=15440, loss=2.9342, writes=572]
[Epoch 002] Wake:  15%|#8          | 257/1700 [00:21<01:56, 12.33seq/s, events=20560, loss=2.9112, writes=731]
[Epoch 002] Wake:  19%|##2         | 321/1700 [00:26<01:47, 12.88seq/s, events=25680, loss=2.9079, writes=904]
[Epoch 002] Wake:  23%|##4        | 385/1700 [00:30<01:39, 13.19seq/s, events=30800, loss=2.9068, writes=1061]
[Epoch 002] Wake:  26%|##9        | 449/1700 [00:34<01:32, 13.46seq/s, events=35920, loss=2.9081, writes=1206]
[Epoch 002] Wake:  30%|###3       | 513/1700 [00:39<01:27, 13.55seq/s, events=41040, loss=2.8889, writes=1385]
[Epoch 002] Wake:  34%|###7       | 577/1700 [00:43<01:21, 13.71seq/s, events=46160, loss=2.8882, writes=1561]
[Epoch 002] Wake:  38%|####1      | 641/1700 [00:48<01:16, 13.84seq/s, events=51280, loss=2.8847, writes=1721]
[Epoch 002] Wake:  41%|####5      | 705/1700 [00:52<01:11, 13.89seq/s, events=56400, loss=2.8873, writes=1906]
[Epoch 002] Wake:  45%|####9      | 769/1700 [00:57<01:06, 13.96seq/s, events=61520, loss=2.8810, writes=2094]
[Epoch 002] Wake:  49%|#####3     | 833/1700 [01:01<01:01, 14.06seq/s, events=66640, loss=2.8769, writes=2289]
[Epoch 002] Wake:  53%|#####8     | 897/1700 [01:06<00:57, 14.08seq/s, events=71760, loss=2.8752, writes=2445]
[Epoch 002] Wake:  57%|######2    | 961/1700 [01:10<00:52, 14.13seq/s, events=76880, loss=2.8793, writes=2617]
[Epoch 002] Wake:  60%|######    | 1025/1700 [01:14<00:47, 14.14seq/s, events=82000, loss=2.8771, writes=2787]
[Epoch 002] Wake:  64%|######4   | 1089/1700 [01:19<00:43, 14.19seq/s, events=87120, loss=2.8805, writes=2959]
[Epoch 002] Wake:  68%|######7   | 1153/1700 [01:23<00:38, 14.18seq/s, events=92240, loss=2.8824, writes=3149]
[Epoch 002] Wake:  72%|#######1  | 1217/1700 [01:28<00:33, 14.22seq/s, events=97360, loss=2.8816, writes=3342]
[Epoch 002] Wake:  75%|######7  | 1281/1700 [01:32<00:29, 14.25seq/s, events=102480, loss=2.8811, writes=3538]
[Epoch 002] Wake:  79%|#######1 | 1345/1700 [01:37<00:24, 14.24seq/s, events=107600, loss=2.8739, writes=3733]
[Epoch 002] Wake:  83%|#######4 | 1409/1700 [01:41<00:20, 14.28seq/s, events=112720, loss=2.8769, writes=3921]
[Epoch 002] Wake:  87%|#######7 | 1473/1700 [01:46<00:15, 14.25seq/s, events=117840, loss=2.8813, writes=4109]
[Epoch 002] Wake:  90%|########1| 1537/1700 [01:50<00:11, 14.28seq/s, events=122960, loss=2.8846, writes=4312]
[Epoch 002] Wake:  94%|########4| 1601/1700 [01:55<00:06, 14.31seq/s, events=128080, loss=2.8863, writes=4512]
[Epoch 002] Wake:  98%|########8| 1665/1700 [01:57<00:02, 14.89seq/s, events=133200, loss=2.8846, writes=4714]
[Epoch 002] Wake: 100%|#########| 1700/1700 [01:57<00:00, 14.43seq/s, events=136000, loss=2.8839, writes=4823]

[Epoch 002] Global:   0%|                                                      | 0/1700 [00:00<?, ?seq-pass/s]
[Epoch 002] Global:   8%|#4                 | 128/1700 [00:03<00:39, 40.13seq-pass/s, batch=2/27, phase=train]
[Epoch 002] Global:  15%|##8                | 256/1700 [00:06<00:35, 40.33seq-pass/s, batch=4/27, phase=train]
[Epoch 002] Global:  23%|####2              | 384/1700 [00:09<00:32, 40.36seq-pass/s, batch=6/27, phase=train]
[Epoch 002] Global:  30%|#####7             | 512/1700 [00:12<00:29, 40.40seq-pass/s, batch=8/27, phase=train]
[Epoch 002] Global:  38%|######7           | 640/1700 [00:15<00:26, 40.48seq-pass/s, batch=10/27, phase=train]
[Epoch 002] Global:  45%|########1         | 768/1700 [00:18<00:22, 40.60seq-pass/s, batch=12/27, phase=train]
[Epoch 002] Global:  53%|#########4        | 896/1700 [00:22<00:19, 40.64seq-pass/s, batch=14/27, phase=train]
[Epoch 002] Global:  60%|##########2      | 1024/1700 [00:25<00:16, 40.67seq-pass/s, batch=16/27, phase=train]
[Epoch 002] Global:  68%|###########5     | 1152/1700 [00:28<00:13, 40.69seq-pass/s, batch=18/27, phase=train]
[Epoch 002] Global:  75%|############8    | 1280/1700 [00:31<00:10, 40.71seq-pass/s, batch=20/27, phase=train]
[Epoch 002] Global:  83%|##############   | 1408/1700 [00:34<00:07, 40.74seq-pass/s, batch=22/27, phase=train]
[Epoch 002] Global:  90%|###############3 | 1536/1700 [00:37<00:04, 40.71seq-pass/s, batch=24/27, phase=train]
[Epoch 002] Global:  98%|################6| 1664/1700 [00:40<00:00, 40.69seq-pass/s, batch=26/27, phase=train]
[Epoch 002] Global: 100%|#################| 1700/1700 [00:41<00:00, 40.62seq-pass/s, batch=27/27, phase=train]

[Epoch 002] Sleep:   0%|                                                             | 0/20 [00:00<?, ?step/s]
[Epoch 002] Sleep:   5%|8               | 1/20 [00:00<00:02,  6.54step/s, absorbed=0, phase=light, replay=128]
[Epoch 002] Sleep:  90%|#########9 | 18/20 [00:00<00:00, 115.92step/s, actions=0, phase=light, pressure=0.122]
[Epoch 002] Sleep: 100%|###########| 20/20 [00:00<00:00, 128.69step/s, actions=0, phase=light, pressure=0.122]
[MemoryTree][002/050] wake/event=2.883903 sleep_residual_utility=0.000000 writes=4823 memorize=127 queue_split=84 wake_actions=A94032/R41757/M127/Q84 novelty=0.0253 weighted_sim=0.9495 wm_grad_max=3.457e+00 global/event=2.882202 mix_diag=2.9528 global_steps=27 prior_KL=6.378e-02 seq_H_cond=0.5970 seq_H_marg=0.5979 seq_MI=8.893e-04 post_KL_diag=1.869e-01 branch_distill=1.197e-01 probe=5.513e+00/0.467->0.469/0.002/0.499 frontier=7.00/13.00/6.00 enc_gate=0.091 enc_scale=0.005 teacher_conf=0.069 teacher_JS=2.407e-02 max_mass=0.1174 owner_hard=[103, 339, 77, 0, 0, 241, 425, 0, 0, 0, 11, 5, 364, 0, 0, 0, 0, 0, 38, 30, 67, 0, 0, 0, 0, 0, 0, 0, 0, 0, 0] mem_assign=[16913, 17615, 13952, 17, 0, 13404, 24410, 0, 0, 528, 3949, 3912, 20380, 0, 0, 0, 0, 0, 5125, 3778, 11203, 1, 668, 0, 0, 3, 140, 0, 2, 0, 0] topology_prune=off leaves=16 sleep_mode=light light_absorb=0 deep_probability=0.122 topology_action=null topology_gain=0.000e+00 topology_candidates=0 collapsed=0 topology_lambda=0.000e+00 time=W117.8/G41.9/S0.3s cache=0/1700 cuda_peak=12013MiB sleep_actions=[]

[Epoch 003] Wake:   0%|                                                             | 0/1700 [00:00<?, ?seq/s]
[Epoch 003] Wake:   0%|                 | 1/1700 [00:04<2:05:58,  4.45s/seq, events=80, loss=2.6642, writes=4]
[Epoch 003] Wake:   4%|5             | 65/1700 [00:08<03:32,  7.71seq/s, events=5200, loss=2.9620, writes=254]
[Epoch 003] Wake:   8%|9           | 129/1700 [00:13<02:34, 10.17seq/s, events=10320, loss=2.9348, writes=425]
[Epoch 003] Wake:  11%|#3          | 193/1700 [00:17<02:12, 11.39seq/s, events=15440, loss=2.8875, writes=600]
[Epoch 003] Wake:  15%|#8          | 257/1700 [00:22<01:58, 12.17seq/s, events=20560, loss=2.9044, writes=779]
[Epoch 003] Wake:  19%|##2         | 321/1700 [00:26<01:49, 12.59seq/s, events=25680, loss=2.8959, writes=994]
[Epoch 003] Wake:  23%|##4        | 385/1700 [00:31<01:41, 12.91seq/s, events=30800, loss=2.8844, writes=1179]
[Epoch 003] Wake:  26%|##9        | 449/1700 [00:35<01:35, 13.14seq/s, events=35920, loss=2.8713, writes=1384]
[Epoch 003] Wake:  30%|###3       | 513/1700 [00:40<01:28, 13.38seq/s, events=41040, loss=2.8783, writes=1591]
[Epoch 003] Wake:  34%|###7       | 577/1700 [00:44<01:23, 13.45seq/s, events=46160, loss=2.8676, writes=1799]
[Epoch 003] Wake:  38%|####1      | 641/1700 [00:49<01:17, 13.62seq/s, events=51280, loss=2.8623, writes=1992]
[Epoch 003] Wake:  41%|####5      | 705/1700 [00:53<01:12, 13.74seq/s, events=56400, loss=2.8544, writes=2207]
[Epoch 003] Wake:  45%|####9      | 769/1700 [00:58<01:07, 13.75seq/s, events=61520, loss=2.8521, writes=2421]
[Epoch 003] Wake:  49%|#####3     | 833/1700 [01:02<01:02, 13.84seq/s, events=66640, loss=2.8621, writes=2630]
[Epoch 003] Wake:  53%|#####8     | 897/1700 [01:07<00:57, 13.86seq/s, events=71760, loss=2.8650, writes=2837]
[Epoch 003] Wake:  57%|######2    | 961/1700 [01:11<00:53, 13.93seq/s, events=76880, loss=2.8664, writes=3048]
[Epoch 003] Wake:  60%|######    | 1025/1700 [01:16<00:48, 13.96seq/s, events=82000, loss=2.8609, writes=3260]
[Epoch 003] Wake:  64%|######4   | 1089/1700 [01:20<00:43, 14.03seq/s, events=87120, loss=2.8656, writes=3457]
[Epoch 003] Wake:  68%|######7   | 1153/1700 [01:25<00:39, 14.01seq/s, events=92240, loss=2.8625, writes=3675]
[Epoch 003] Wake:  72%|#######1  | 1217/1700 [01:29<00:34, 14.05seq/s, events=97360, loss=2.8714, writes=3871]
[Epoch 003] Wake:  75%|######7  | 1281/1700 [01:34<00:29, 14.06seq/s, events=102480, loss=2.8721, writes=4087]
[Epoch 003] Wake:  79%|#######1 | 1345/1700 [01:38<00:25, 14.11seq/s, events=107600, loss=2.8725, writes=4286]
[Epoch 003] Wake:  83%|#######4 | 1409/1700 [01:42<00:20, 14.13seq/s, events=112720, loss=2.8682, writes=4495]
[Epoch 003] Wake:  87%|#######7 | 1473/1700 [01:47<00:16, 14.14seq/s, events=117840, loss=2.8645, writes=4712]
[Epoch 003] Wake:  90%|########1| 1537/1700 [01:51<00:11, 14.14seq/s, events=122960, loss=2.8676, writes=4918]
[Epoch 003] Wake:  94%|########4| 1601/1700 [01:56<00:06, 14.19seq/s, events=128080, loss=2.8706, writes=5116]
[Epoch 003] Wake:  98%|########8| 1665/1700 [01:59<00:02, 14.79seq/s, events=133200, loss=2.8692, writes=5309]
[Epoch 003] Wake: 100%|#########| 1700/1700 [01:59<00:00, 14.27seq/s, events=136000, loss=2.8691, writes=5411]

[Epoch 003] Global:   0%|                                                      | 0/1700 [00:00<?, ?seq-pass/s]
[Epoch 003] Global:   8%|#4                 | 128/1700 [00:03<00:37, 41.42seq-pass/s, batch=2/27, phase=train]
[Epoch 003] Global:  15%|##8                | 256/1700 [00:06<00:34, 41.60seq-pass/s, batch=4/27, phase=train]
[Epoch 003] Global:  23%|####2              | 384/1700 [00:09<00:31, 41.59seq-pass/s, batch=6/27, phase=train]
[Epoch 003] Global:  30%|#####7             | 512/1700 [00:12<00:28, 41.59seq-pass/s, batch=8/27, phase=train]
[Epoch 003] Global:  38%|######7           | 640/1700 [00:15<00:25, 41.68seq-pass/s, batch=10/27, phase=train]
[Epoch 003] Global:  45%|########1         | 768/1700 [00:18<00:22, 41.73seq-pass/s, batch=12/27, phase=train]
[Epoch 003] Global:  53%|#########4        | 896/1700 [00:21<00:19, 41.79seq-pass/s, batch=14/27, phase=train]
[Epoch 003] Global:  60%|##########2      | 1024/1700 [00:24<00:16, 41.84seq-pass/s, batch=16/27, phase=train]
[Epoch 003] Global:  68%|###########5     | 1152/1700 [00:27<00:13, 41.90seq-pass/s, batch=18/27, phase=train]
[Epoch 003] Global:  75%|############8    | 1280/1700 [00:30<00:10, 41.93seq-pass/s, batch=20/27, phase=train]
[Epoch 003] Global:  83%|##############   | 1408/1700 [00:33<00:06, 41.93seq-pass/s, batch=22/27, phase=train]
[Epoch 003] Global:  90%|###############3 | 1536/1700 [00:36<00:03, 41.91seq-pass/s, batch=24/27, phase=train]
[Epoch 003] Global:  98%|################6| 1664/1700 [00:39<00:00, 41.94seq-pass/s, batch=26/27, phase=train]
[Epoch 003] Global: 100%|#################| 1700/1700 [00:40<00:00, 41.82seq-pass/s, batch=27/27, phase=train]

[Epoch 003] Sleep:   0%|                                                             | 0/20 [00:00<?, ?step/s]
[Epoch 003] Sleep:   5%|8                | 1/20 [00:00<00:14,  1.35step/s, absorbed=1, phase=light, replay=96]
[Epoch 003] Sleep:  90%|##########8 | 18/20 [00:00<00:00, 24.17step/s, actions=0, phase=light, pressure=0.185]
[Epoch 003] Sleep: 100%|############| 20/20 [00:00<00:00, 26.85step/s, actions=0, phase=light, pressure=0.185]
[MemoryTree][003/050] wake/event=2.869145 sleep_residual_utility=0.008120 writes=5411 memorize=2102 queue_split=644 wake_actions=A94534/R38720/M2102/Q644 novelty=0.0355 weighted_sim=0.9290 wm_grad_max=3.533e+00 global/event=2.843370 mix_diag=2.8946 global_steps=27 prior_KL=7.193e-02 seq_H_cond=0.6059 seq_H_marg=0.6107 seq_MI=4.796e-03 post_KL_diag=2.401e-01 branch_distill=1.680e-01 probe=6.359e+00/0.423->0.422/0.001/0.476 frontier=6.93/12.85/5.93 enc_gate=0.085 enc_scale=0.008 teacher_conf=0.098 teacher_JS=2.337e-02 max_mass=0.1325 owner_hard=[0, 2, 3, 0, 0, 546, 202, 0, 0, 0, 0, 0, 0, 0, 0, 0, 0, 0, 0, 20, 927, 0, 0, 0, 0, 0, 0, 0, 0, 0, 0] mem_assign=[4150, 3168, 10848, 3298, 6, 31083, 22716, 13, 0, 0, 62, 3649, 234, 0, 0, 0, 0, 0, 1, 4137, 46140, 0, 3371, 0, 0, 2139, 984, 1, 0, 0, 0] topology_prune=off leaves=16 sleep_mode=light light_absorb=1 deep_probability=0.185 topology_action=null topology_gain=0.000e+00 topology_candidates=0 collapsed=0 topology_lambda=0.000e+00 time=W119.2/G40.6/S0.8s cache=0/1700 cuda_peak=7071MiB sleep_actions=[]

[Epoch 004] Wake:   0%|                                                             | 0/1700 [00:00<?, ?seq/s]
[Epoch 004] Wake:   0%|                 | 1/1700 [00:04<2:08:35,  4.54s/seq, events=80, loss=3.6865, writes=4]
[Epoch 004] Wake:   4%|5             | 65/1700 [00:08<03:31,  7.72seq/s, events=5200, loss=2.8311, writes=191]
[Epoch 004] Wake:   8%|9           | 129/1700 [00:13<02:33, 10.23seq/s, events=10320, loss=2.7960, writes=242]
[Epoch 004] Wake:  11%|#3          | 193/1700 [00:17<02:10, 11.52seq/s, events=15440, loss=2.8332, writes=275]
[Epoch 004] Wake:  15%|#8          | 257/1700 [00:22<01:57, 12.23seq/s, events=20560, loss=2.8153, writes=309]
[Epoch 004] Wake:  19%|##2         | 321/1700 [00:26<01:48, 12.69seq/s, events=25680, loss=2.8009, writes=347]
[Epoch 004] Wake:  23%|##7         | 385/1700 [00:30<01:40, 13.12seq/s, events=30800, loss=2.8128, writes=379]
[Epoch 004] Wake:  26%|###1        | 449/1700 [00:35<01:33, 13.43seq/s, events=35920, loss=2.8122, writes=410]
[Epoch 004] Wake:  30%|###6        | 513/1700 [00:39<01:27, 13.59seq/s, events=41040, loss=2.8071, writes=452]
[Epoch 004] Wake:  34%|####        | 577/1700 [00:43<01:21, 13.78seq/s, events=46160, loss=2.8087, writes=513]
[Epoch 004] Wake:  38%|####5       | 641/1700 [00:48<01:16, 13.88seq/s, events=51280, loss=2.8162, writes=587]
[Epoch 004] Wake:  41%|####9       | 705/1700 [00:52<01:11, 14.00seq/s, events=56400, loss=2.8093, writes=655]
[Epoch 004] Wake:  45%|#####4      | 769/1700 [00:57<01:06, 14.05seq/s, events=61520, loss=2.8161, writes=732]
[Epoch 004] Wake:  49%|#####8      | 833/1700 [01:01<01:01, 14.08seq/s, events=66640, loss=2.8109, writes=814]
[Epoch 004] Wake:  53%|######3     | 897/1700 [01:05<00:56, 14.19seq/s, events=71760, loss=2.8143, writes=891]
[Epoch 004] Wake:  57%|######7     | 961/1700 [01:10<00:52, 14.18seq/s, events=76880, loss=2.8116, writes=957]
[Epoch 004] Wake:  60%|######    | 1025/1700 [01:14<00:47, 14.24seq/s, events=82000, loss=2.8083, writes=1069]
[Epoch 004] Wake:  64%|######4   | 1089/1700 [01:19<00:42, 14.25seq/s, events=87120, loss=2.8148, writes=1188]
[Epoch 004] Wake:  68%|######7   | 1153/1700 [01:23<00:38, 14.30seq/s, events=92240, loss=2.8159, writes=1309]
[Epoch 004] Wake:  72%|#######1  | 1217/1700 [01:27<00:33, 14.31seq/s, events=97360, loss=2.8191, writes=1432]
[Epoch 004] Wake:  75%|######7  | 1281/1700 [01:32<00:29, 14.34seq/s, events=102480, loss=2.8166, writes=1539]
[Epoch 004] Wake:  79%|#######1 | 1345/1700 [01:36<00:24, 14.33seq/s, events=107600, loss=2.8105, writes=1690]
[Epoch 004] Wake:  83%|#######4 | 1409/1700 [01:41<00:20, 14.31seq/s, events=112720, loss=2.8167, writes=1820]
[Epoch 004] Wake:  87%|#######7 | 1473/1700 [01:45<00:15, 14.35seq/s, events=117840, loss=2.8165, writes=1987]
[Epoch 004] Wake:  90%|########1| 1537/1700 [01:50<00:11, 14.31seq/s, events=122960, loss=2.8210, writes=2116]
[Epoch 004] Wake:  94%|########4| 1601/1700 [01:54<00:06, 14.32seq/s, events=128080, loss=2.8152, writes=2262]
[Epoch 004] Wake:  98%|########8| 1665/1700 [01:57<00:02, 14.92seq/s, events=133200, loss=2.8145, writes=2438]
[Epoch 004] Wake: 100%|#########| 1700/1700 [01:57<00:00, 14.46seq/s, events=136000, loss=2.8154, writes=2528]

[Epoch 004] Global:   0%|                                                      | 0/1700 [00:00<?, ?seq-pass/s]
[Epoch 004] Global:   8%|#4                 | 128/1700 [00:03<00:37, 41.78seq-pass/s, batch=2/27, phase=train]
[Epoch 004] Global:  15%|##8                | 256/1700 [00:06<00:34, 41.63seq-pass/s, batch=4/27, phase=train]
[Epoch 004] Global:  23%|####2              | 384/1700 [00:09<00:31, 41.67seq-pass/s, batch=6/27, phase=train]
[Epoch 004] Global:  30%|#####7             | 512/1700 [00:12<00:28, 41.65seq-pass/s, batch=8/27, phase=train]
[Epoch 004] Global:  38%|######7           | 640/1700 [00:15<00:25, 41.73seq-pass/s, batch=10/27, phase=train]
[Epoch 004] Global:  45%|########1         | 768/1700 [00:18<00:22, 41.74seq-pass/s, batch=12/27, phase=train]
[Epoch 004] Global:  53%|#########4        | 896/1700 [00:21<00:19, 41.74seq-pass/s, batch=14/27, phase=train]
[Epoch 004] Global:  60%|##########2      | 1024/1700 [00:24<00:16, 41.73seq-pass/s, batch=16/27, phase=train]
[Epoch 004] Global:  68%|###########5     | 1152/1700 [00:27<00:13, 41.74seq-pass/s, batch=18/27, phase=train]
[Epoch 004] Global:  75%|############8    | 1280/1700 [00:30<00:10, 41.71seq-pass/s, batch=20/27, phase=train]
[Epoch 004] Global:  83%|##############   | 1408/1700 [00:33<00:07, 41.70seq-pass/s, batch=22/27, phase=train]
[Epoch 004] Global:  90%|###############3 | 1536/1700 [00:36<00:03, 41.68seq-pass/s, batch=24/27, phase=train]
[Epoch 004] Global:  98%|################6| 1664/1700 [00:39<00:00, 41.65seq-pass/s, batch=26/27, phase=train]
[Epoch 004] Global: 100%|#################| 1700/1700 [00:40<00:00, 41.61seq-pass/s, batch=27/27, phase=train]

[Epoch 004] Sleep:   0%|                                                             | 0/20 [00:00<?, ?step/s]
[Epoch 004] Sleep:   5%|8                | 1/20 [00:00<00:14,  1.33step/s, absorbed=1, phase=light, replay=96]
[Epoch 004] Sleep:  90%|##########8 | 18/20 [00:00<00:00, 23.78step/s, actions=0, phase=light, pressure=0.217]
[Epoch 004] Sleep: 100%|############| 20/20 [00:00<00:00, 26.42step/s, actions=0, phase=light, pressure=0.217]
[MemoryTree][004/050] wake/event=2.815412 sleep_residual_utility=0.008313 writes=2528 memorize=95 queue_split=1147 wake_actions=A94785/R39973/M95/Q1147 novelty=0.0415 weighted_sim=0.9171 wm_grad_max=3.901e+00 global/event=2.806976 mix_diag=2.8498 global_steps=27 prior_KL=4.381e-02 seq_H_cond=0.6084 seq_H_marg=0.6214 seq_MI=1.301e-02 post_KL_diag=2.483e-01 branch_distill=1.995e-01 probe=6.271e+00/0.396->0.398/0.000/0.454 frontier=5.74/10.47/4.74 enc_gate=0.088 enc_scale=0.007 teacher_conf=0.089 teacher_JS=2.737e-02 max_mass=0.1054 owner_hard=[0, 0, 0, 345, 0, 95, 911, 0, 0, 0, 0, 0, 291, 0, 0, 0, 0, 0, 0, 3, 55, 0, 0, 0, 0, 0, 0, 0, 0, 0, 0] mem_assign=[3735, 2246, 4496, 16813, 360, 16571, 47277, 141, 570, 195, 3857, 2649, 21216, 0, 1, 0, 0, 0, 2532, 3675, 9012, 0, 5, 533, 0, 0, 116, 0, 0, 0, 0] topology_prune=off leaves=16 sleep_mode=light light_absorb=1 deep_probability=0.217 topology_action=null topology_gain=0.000e+00 topology_candidates=0 collapsed=0 topology_lambda=0.000e+00 time=W117.6/G40.9/S0.9s cache=0/1700 cuda_peak=6326MiB sleep_actions=[]

[Epoch 005] Wake:   0%|                                                             | 0/1700 [00:00<?, ?seq/s]
[Epoch 005] Wake:   0%|                 | 1/1700 [00:04<2:09:21,  4.57s/seq, events=80, loss=2.1766, writes=4]
[Epoch 005] Wake:   4%|5             | 65/1700 [00:09<03:35,  7.58seq/s, events=5200, loss=2.7671, writes=231]
[Epoch 005] Wake:   8%|9           | 129/1700 [00:13<02:35, 10.13seq/s, events=10320, loss=2.7374, writes=284]
[Epoch 005] Wake:  11%|#3          | 193/1700 [00:17<02:11, 11.49seq/s, events=15440, loss=2.8006, writes=338]
[Epoch 005] Wake:  15%|#8          | 257/1700 [00:21<01:57, 12.30seq/s, events=20560, loss=2.8099, writes=392]
[Epoch 005] Wake:  19%|##2         | 321/1700 [00:26<01:48, 12.76seq/s, events=25680, loss=2.8243, writes=466]
[Epoch 005] Wake:  23%|##7         | 385/1700 [00:30<01:40, 13.08seq/s, events=30800, loss=2.8278, writes=518]
[Epoch 005] Wake:  26%|###1        | 449/1700 [00:35<01:33, 13.32seq/s, events=35920, loss=2.8270, writes=602]
[Epoch 005] Wake:  30%|###6        | 513/1700 [00:39<01:27, 13.56seq/s, events=41040, loss=2.8173, writes=673]
[Epoch 005] Wake:  34%|####        | 577/1700 [00:43<01:21, 13.76seq/s, events=46160, loss=2.8138, writes=734]
[Epoch 005] Wake:  38%|####5       | 641/1700 [00:48<01:16, 13.81seq/s, events=51280, loss=2.8112, writes=795]
[Epoch 005] Wake:  41%|####9       | 705/1700 [00:52<01:11, 13.91seq/s, events=56400, loss=2.8081, writes=856]
[Epoch 005] Wake:  45%|#####4      | 769/1700 [00:57<01:06, 13.97seq/s, events=61520, loss=2.8052, writes=924]
[Epoch 005] Wake:  49%|#####3     | 833/1700 [01:01<01:01, 14.05seq/s, events=66640, loss=2.7939, writes=1001]
[Epoch 005] Wake:  53%|#####8     | 897/1700 [01:06<00:56, 14.12seq/s, events=71760, loss=2.8016, writes=1081]
[Epoch 005] Wake:  57%|######2    | 961/1700 [01:10<00:52, 14.16seq/s, events=76880, loss=2.8055, writes=1165]
[Epoch 005] Wake:  60%|######    | 1025/1700 [01:14<00:47, 14.19seq/s, events=82000, loss=2.7974, writes=1261]
[Epoch 005] Wake:  64%|######4   | 1089/1700 [01:19<00:42, 14.25seq/s, events=87120, loss=2.7958, writes=1328]
[Epoch 005] Wake:  68%|######7   | 1153/1700 [01:23<00:38, 14.23seq/s, events=92240, loss=2.7888, writes=1427]
[Epoch 005] Wake:  72%|#######1  | 1217/1700 [01:28<00:33, 14.25seq/s, events=97360, loss=2.7907, writes=1529]
[Epoch 005] Wake:  75%|######7  | 1281/1700 [01:32<00:29, 14.26seq/s, events=102480, loss=2.7936, writes=1623]
[Epoch 005] Wake:  79%|#######1 | 1345/1700 [01:37<00:24, 14.27seq/s, events=107600, loss=2.7960, writes=1709]
[Epoch 005] Wake:  83%|#######4 | 1409/1700 [01:41<00:20, 14.26seq/s, events=112720, loss=2.7956, writes=1812]
[Epoch 005] Wake:  87%|#######7 | 1473/1700 [01:46<00:15, 14.30seq/s, events=117840, loss=2.7951, writes=1932]
[Epoch 005] Wake:  90%|########1| 1537/1700 [01:50<00:11, 14.34seq/s, events=122960, loss=2.7950, writes=2058]
[Epoch 005] Wake:  94%|########4| 1601/1700 [01:54<00:06, 14.32seq/s, events=128080, loss=2.7961, writes=2168]
[Epoch 005] Wake:  98%|########8| 1665/1700 [01:57<00:02, 14.91seq/s, events=133200, loss=2.7983, writes=2310]
[Epoch 005] Wake: 100%|#########| 1700/1700 [01:57<00:00, 14.43seq/s, events=136000, loss=2.7984, writes=2387]

[Epoch 005] Global:   0%|                                                      | 0/1700 [00:00<?, ?seq-pass/s]
[Epoch 005] Global:   8%|#4                 | 128/1700 [00:03<00:37, 41.77seq-pass/s, batch=2/27, phase=train]
[Epoch 005] Global:  15%|##8                | 256/1700 [00:06<00:34, 41.76seq-pass/s, batch=4/27, phase=train]
[Epoch 005] Global:  23%|####2              | 384/1700 [00:09<00:31, 41.68seq-pass/s, batch=6/27, phase=train]
[Epoch 005] Global:  30%|#####7             | 512/1700 [00:12<00:28, 41.73seq-pass/s, batch=8/27, phase=train]
[Epoch 005] Global:  38%|######7           | 640/1700 [00:15<00:25, 41.74seq-pass/s, batch=10/27, phase=train]
[Epoch 005] Global:  45%|########1         | 768/1700 [00:18<00:22, 41.74seq-pass/s, batch=12/27, phase=train]
[Epoch 005] Global:  53%|#########4        | 896/1700 [00:21<00:19, 41.71seq-pass/s, batch=14/27, phase=train]
[Epoch 005] Global:  60%|##########2      | 1024/1700 [00:24<00:16, 41.70seq-pass/s, batch=16/27, phase=train]
[Epoch 005] Global:  68%|###########5     | 1152/1700 [00:27<00:13, 41.70seq-pass/s, batch=18/27, phase=train]
[Epoch 005] Global:  75%|############8    | 1280/1700 [00:30<00:10, 41.72seq-pass/s, batch=20/27, phase=train]
[Epoch 005] Global:  83%|##############   | 1408/1700 [00:33<00:06, 41.72seq-pass/s, batch=22/27, phase=train]
[Epoch 005] Global:  90%|###############3 | 1536/1700 [00:36<00:03, 41.75seq-pass/s, batch=24/27, phase=train]
[Epoch 005] Global:  98%|################6| 1664/1700 [00:39<00:00, 41.75seq-pass/s, batch=26/27, phase=train]
[Epoch 005] Global: 100%|#################| 1700/1700 [00:40<00:00, 41.67seq-pass/s, batch=27/27, phase=train]

[Epoch 005] Sleep:   0%|                                                             | 0/20 [00:00<?, ?step/s]
[Epoch 005] Sleep:   5%|8                | 1/20 [00:00<00:14,  1.33step/s, absorbed=0, phase=light, replay=96]
[Epoch 005] Sleep:  10%|##5                      | 2/20 [00:01<00:10,  1.72step/s, leaf=root_L_L, phase=split]
[Epoch 005] Sleep:  15%|###7                     | 3/20 [00:04<00:25,  1.51s/step, leaf=root_L_L, phase=split]
[Epoch 005] Sleep:  15%|###4                   | 3/20 [00:04<00:25,  1.51s/step, leaf=root_L_R_L, phase=split]
[Epoch 005] Sleep:  20%|####2                | 4/20 [00:07<00:24,  1.51s/step, leaf=root_L_R_R_L, phase=split]
[Epoch 005] Sleep:  25%|#####2               | 5/20 [00:11<00:34,  2.31s/step, leaf=root_L_R_R_L, phase=split]
[Epoch 005] Sleep:  25%|#####2               | 5/20 [00:11<00:34,  2.31s/step, leaf=root_L_R_R_R, phase=split]
[Epoch 005] Sleep:  30%|######3              | 6/20 [00:14<00:35,  2.50s/step, leaf=root_L_R_R_R, phase=split]
[Epoch 005] Sleep:  30%|######3              | 6/20 [00:14<00:35,  2.50s/step, leaf=root_R_L_L_L, phase=split]
[Epoch 005] Sleep:  35%|#######3             | 7/20 [00:18<00:34,  2.67s/step, leaf=root_R_L_L_L, phase=split]
[Epoch 005] Sleep:  35%|#######3             | 7/20 [00:18<00:34,  2.67s/step, leaf=root_R_L_L_R, phase=split]
[Epoch 005] Sleep:  40%|########4            | 8/20 [00:21<00:33,  2.78s/step, leaf=root_R_L_L_R, phase=split]
[Epoch 005] Sleep:  40%|########4            | 8/20 [00:21<00:33,  2.78s/step, leaf=root_R_L_R_L, phase=split]
[Epoch 005] Sleep:  45%|#########4           | 9/20 [00:24<00:31,  2.86s/step, leaf=root_R_L_R_L, phase=split]
[Epoch 005] Sleep:  45%|########5          | 9/20 [00:24<00:31,  2.86s/step, leaf=root_R_L_R_R_L, phase=split]
[Epoch 005] Sleep:  50%|#########         | 10/20 [00:28<00:29,  2.93s/step, leaf=root_R_L_R_R_L, phase=split]
[Epoch 005] Sleep:  50%|#########         | 10/20 [00:28<00:29,  2.93s/step, leaf=root_R_L_R_R_R, phase=split]
[Epoch 005] Sleep:  55%|#########9        | 11/20 [00:31<00:26,  2.99s/step, leaf=root_R_L_R_R_R, phase=split]
[Epoch 005] Sleep:  55%|###########         | 11/20 [00:31<00:26,  2.99s/step, leaf=root_R_R_L_L, phase=split]
[Epoch 005] Sleep:  60%|############        | 12/20 [00:34<00:24,  3.04s/step, leaf=root_R_R_L_L, phase=split]
[Epoch 005] Sleep:  60%|##########7       | 12/20 [00:34<00:24,  3.04s/step, leaf=root_R_R_L_R_L, phase=split]
[Epoch 005] Sleep:  65%|###########7      | 13/20 [00:38<00:21,  3.09s/step, leaf=root_R_R_L_R_L, phase=split]
[Epoch 005] Sleep:  65%|##########4     | 13/20 [00:38<00:21,  3.09s/step, leaf=root_R_R_L_R_R_L, phase=split]
[Epoch 005] Sleep:  70%|###########2    | 14/20 [00:41<00:18,  3.12s/step, leaf=root_R_R_L_R_R_L, phase=split]
[Epoch 005] Sleep:  70%|###########2    | 14/20 [00:41<00:18,  3.12s/step, leaf=root_R_R_L_R_R_R, phase=split]
[Epoch 005] Sleep:  75%|############    | 15/20 [00:44<00:15,  3.15s/step, leaf=root_R_R_L_R_R_R, phase=split]
[Epoch 005] Sleep:  75%|###############     | 15/20 [00:44<00:15,  3.15s/step, leaf=root_R_R_R_L, phase=split]
[Epoch 005] Sleep:  80%|################    | 16/20 [00:48<00:12,  3.18s/step, leaf=root_R_R_R_L, phase=split]
[Epoch 005] Sleep:  80%|##############4   | 16/20 [00:48<00:12,  3.18s/step, leaf=root_R_R_R_R_L, phase=split]
[Epoch 005] Sleep:  85%|###############3  | 17/20 [00:51<00:09,  3.20s/step, leaf=root_R_R_R_R_L, phase=split]
[Epoch 005] Sleep:  85%|###############3  | 17/20 [00:51<00:09,  3.20s/step, leaf=root_R_R_R_R_R, phase=split]
[Epoch 005] Sleep:  90%|################2 | 18/20 [00:55<00:06,  3.22s/step, leaf=root_R_R_R_R_R, phase=split]
[Epoch 005] Sleep:  90%|##########8 | 18/20 [00:55<00:06,  3.22s/step, actions=0, phase=light, pressure=0.236]
[Epoch 005] Sleep: 100%|############| 20/20 [00:55<00:00,  2.75s/step, actions=0, phase=light, pressure=0.236]
[MemoryTree][005/050] wake/event=2.798371 sleep_residual_utility=0.010456 writes=2387 memorize=86 queue_split=957 wake_actions=A95041/R39916/M86/Q957 novelty=0.0355 weighted_sim=0.9290 wm_grad_max=3.462e+00 global/event=2.793890 mix_diag=2.8229 global_steps=27 prior_KL=3.531e-02 seq_H_cond=0.5853 seq_H_marg=0.6015 seq_MI=1.624e-02 post_KL_diag=2.661e-01 branch_distill=2.318e-01 probe=6.535e+00/0.426->0.417/0.026/0.433 frontier=5.25/9.50/4.25 enc_gate=0.112 enc_scale=0.009 teacher_conf=0.120 teacher_JS=3.324e-02 max_mass=0.0619 owner_hard=[0, 116, 0, 74, 0, 358, 919, 0, 0, 0, 0, 36, 0, 0, 0, 0, 0, 0, 0, 1, 196, 0, 0, 0, 0, 0, 0, 0, 0, 0, 0] mem_assign=[3246, 13085, 1854, 7410, 471, 22151, 47157, 2423, 1648, 416, 1052, 10171, 6042, 1684, 1459, 52, 0, 0, 167, 2057, 12878, 20, 227, 104, 0, 0, 219, 0, 7, 0, 0] topology_prune=off leaves=16 sleep_mode=light light_absorb=0 deep_probability=0.236 topology_action=null topology_gain=0.000e+00 topology_candidates=26 collapsed=0 topology_lambda=0.000e+00 time=W117.8/G40.8/S55.2s cache=0/1700 cuda_peak=6286MiB sleep_actions=[]

[Epoch 006] Wake:   0%|                                                             | 0/1700 [00:00<?, ?seq/s]
[Epoch 006] Wake:   0%|                 | 1/1700 [00:04<2:09:20,  4.57s/seq, events=80, loss=2.7686, writes=4]
[Epoch 006] Wake:   4%|5             | 65/1700 [00:08<03:34,  7.62seq/s, events=5200, loss=2.8107, writes=217]
[Epoch 006] Wake:   8%|9           | 129/1700 [00:13<02:36, 10.07seq/s, events=10320, loss=2.8199, writes=322]
[Epoch 006] Wake:  11%|#3          | 193/1700 [00:17<02:11, 11.42seq/s, events=15440, loss=2.8417, writes=416]
[Epoch 006] Wake:  15%|#8          | 257/1700 [00:22<01:58, 12.23seq/s, events=20560, loss=2.8196, writes=481]
[Epoch 006] Wake:  19%|##2         | 321/1700 [00:26<01:47, 12.80seq/s, events=25680, loss=2.7772, writes=538]
[Epoch 006] Wake:  23%|##7         | 385/1700 [00:30<01:40, 13.14seq/s, events=30800, loss=2.7829, writes=585]
[Epoch 006] Wake:  26%|###1        | 449/1700 [00:35<01:33, 13.38seq/s, events=35920, loss=2.7964, writes=631]
[Epoch 006] Wake:  30%|###6        | 513/1700 [00:39<01:27, 13.57seq/s, events=41040, loss=2.7974, writes=674]
[Epoch 006] Wake:  34%|####        | 577/1700 [00:43<01:21, 13.77seq/s, events=46160, loss=2.8011, writes=731]
[Epoch 006] Wake:  38%|####5       | 641/1700 [00:48<01:16, 13.92seq/s, events=51280, loss=2.7953, writes=792]
[Epoch 006] Wake:  41%|####9       | 705/1700 [00:52<01:10, 14.04seq/s, events=56400, loss=2.7906, writes=898]
[Epoch 006] Wake:  45%|####9      | 769/1700 [00:57<01:06, 14.06seq/s, events=61520, loss=2.7926, writes=1004]
[Epoch 006] Wake:  49%|#####3     | 833/1700 [01:01<01:01, 14.10seq/s, events=66640, loss=2.8049, writes=1089]
[Epoch 006] Wake:  53%|#####8     | 897/1700 [01:06<00:57, 14.08seq/s, events=71760, loss=2.7921, writes=1184]
[Epoch 006] Wake:  57%|######2    | 961/1700 [01:10<00:52, 14.16seq/s, events=76880, loss=2.7935, writes=1266]
[Epoch 006] Wake:  60%|######    | 1025/1700 [01:14<00:47, 14.23seq/s, events=82000, loss=2.7900, writes=1370]
[Epoch 006] Wake:  64%|######4   | 1089/1700 [01:19<00:42, 14.24seq/s, events=87120, loss=2.7902, writes=1451]
[Epoch 006] Wake:  68%|######7   | 1153/1700 [01:23<00:38, 14.25seq/s, events=92240, loss=2.7852, writes=1544]
[Epoch 006] Wake:  72%|#######1  | 1217/1700 [01:28<00:33, 14.29seq/s, events=97360, loss=2.7841, writes=1636]
[Epoch 006] Wake:  75%|######7  | 1281/1700 [01:32<00:29, 14.33seq/s, events=102480, loss=2.7896, writes=1732]
[Epoch 006] Wake:  79%|#######1 | 1345/1700 [01:36<00:24, 14.31seq/s, events=107600, loss=2.7849, writes=1830]
[Epoch 006] Wake:  83%|#######4 | 1409/1700 [01:41<00:20, 14.34seq/s, events=112720, loss=2.7804, writes=1934]
[Epoch 006] Wake:  87%|#######7 | 1473/1700 [01:45<00:15, 14.32seq/s, events=117840, loss=2.7785, writes=2032]
[Epoch 006] Wake:  90%|########1| 1537/1700 [01:50<00:11, 14.31seq/s, events=122960, loss=2.7797, writes=2122]
[Epoch 006] Wake:  94%|########4| 1601/1700 [01:54<00:06, 14.35seq/s, events=128080, loss=2.7817, writes=2204]
[Epoch 006] Wake:  98%|########8| 1665/1700 [01:57<00:02, 14.96seq/s, events=133200, loss=2.7847, writes=2293]
[Epoch 006] Wake: 100%|#########| 1700/1700 [01:57<00:00, 14.47seq/s, events=136000, loss=2.7817, writes=2337]

[Epoch 006] Global:   0%|                                                      | 0/1700 [00:00<?, ?seq-pass/s]
[Epoch 006] Global:   8%|#4                 | 128/1700 [00:03<00:37, 41.91seq-pass/s, batch=2/27, phase=train]
[Epoch 006] Global:  15%|##8                | 256/1700 [00:06<00:34, 41.87seq-pass/s, batch=4/27, phase=train]
[Epoch 006] Global:  23%|####2              | 384/1700 [00:09<00:31, 41.84seq-pass/s, batch=6/27, phase=train]
[Epoch 006] Global:  30%|#####7             | 512/1700 [00:12<00:28, 41.85seq-pass/s, batch=8/27, phase=train]
[Epoch 006] Global:  38%|######7           | 640/1700 [00:15<00:25, 41.84seq-pass/s, batch=10/27, phase=train]
[Epoch 006] Global:  45%|########1         | 768/1700 [00:18<00:22, 41.82seq-pass/s, batch=12/27, phase=train]
[Epoch 006] Global:  53%|#########4        | 896/1700 [00:21<00:19, 41.81seq-pass/s, batch=14/27, phase=train]
[Epoch 006] Global:  60%|##########2      | 1024/1700 [00:24<00:16, 41.83seq-pass/s, batch=16/27, phase=train]
[Epoch 006] Global:  68%|###########5     | 1152/1700 [00:27<00:13, 41.84seq-pass/s, batch=18/27, phase=train]
[Epoch 006] Global:  75%|############8    | 1280/1700 [00:30<00:10, 41.87seq-pass/s, batch=20/27, phase=train]
[Epoch 006] Global:  83%|##############   | 1408/1700 [00:33<00:06, 41.87seq-pass/s, batch=22/27, phase=train]
[Epoch 006] Global:  90%|###############3 | 1536/1700 [00:36<00:03, 41.89seq-pass/s, batch=24/27, phase=train]
[Epoch 006] Global:  98%|################6| 1664/1700 [00:39<00:00, 41.93seq-pass/s, batch=26/27, phase=train]
[Epoch 006] Global: 100%|#################| 1700/1700 [00:40<00:00, 41.84seq-pass/s, batch=27/27, phase=train]

[Epoch 006] Sleep:   0%|                                                             | 0/20 [00:00<?, ?step/s]
[Epoch 006] Sleep:   5%|8                | 1/20 [00:00<00:14,  1.33step/s, absorbed=0, phase=light, replay=96]
[Epoch 006] Sleep:  10%|##5                      | 2/20 [00:01<00:10,  1.74step/s, leaf=root_L_L, phase=split]
[Epoch 006] Sleep:  15%|###7                     | 3/20 [00:04<00:25,  1.51s/step, leaf=root_L_L, phase=split]
[Epoch 006] Sleep:  15%|###4                   | 3/20 [00:04<00:25,  1.51s/step, leaf=root_L_R_L, phase=split]
[Epoch 006] Sleep:  20%|####2                | 4/20 [00:07<00:24,  1.51s/step, leaf=root_L_R_R_L, phase=split]
[Epoch 006] Sleep:  25%|#####2               | 5/20 [00:11<00:34,  2.30s/step, leaf=root_L_R_R_L, phase=split]
[Epoch 006] Sleep:  25%|#####2               | 5/20 [00:11<00:34,  2.30s/step, leaf=root_L_R_R_R, phase=split]
[Epoch 006] Sleep:  30%|######3              | 6/20 [00:15<00:36,  2.58s/step, leaf=root_L_R_R_R, phase=split]
[Epoch 006] Sleep:  30%|######3              | 6/20 [00:15<00:36,  2.58s/step, leaf=root_R_L_L_L, phase=split]
[Epoch 006] Sleep:  35%|#######3             | 7/20 [00:19<00:36,  2.84s/step, leaf=root_R_L_L_L, phase=split]
[Epoch 006] Sleep:  35%|#######3             | 7/20 [00:19<00:36,  2.84s/step, leaf=root_R_L_L_R, phase=split]
[Epoch 006] Sleep:  40%|########4            | 8/20 [00:22<00:35,  2.98s/step, leaf=root_R_L_L_R, phase=split]
[Epoch 006] Sleep:  40%|########4            | 8/20 [00:22<00:35,  2.98s/step, leaf=root_R_L_R_L, phase=split]
[Epoch 006] Sleep:  45%|#########4           | 9/20 [00:26<00:33,  3.05s/step, leaf=root_R_L_R_L, phase=split]
[Epoch 006] Sleep:  45%|########5          | 9/20 [00:26<00:33,  3.05s/step, leaf=root_R_L_R_R_L, phase=split]
[Epoch 006] Sleep:  50%|#########         | 10/20 [00:29<00:31,  3.11s/step, leaf=root_R_L_R_R_L, phase=split]
[Epoch 006] Sleep:  50%|#########         | 10/20 [00:29<00:31,  3.11s/step, leaf=root_R_L_R_R_R, phase=split]
[Epoch 006] Sleep:  55%|#########9        | 11/20 [00:33<00:28,  3.14s/step, leaf=root_R_L_R_R_R, phase=split]
[Epoch 006] Sleep:  55%|###########         | 11/20 [00:33<00:28,  3.14s/step, leaf=root_R_R_L_L, phase=split]
[Epoch 006] Sleep:  60%|############        | 12/20 [00:35<00:24,  3.00s/step, leaf=root_R_R_L_L, phase=split]
[Epoch 006] Sleep:  60%|##########7       | 12/20 [00:35<00:24,  3.00s/step, leaf=root_R_R_L_R_L, phase=split]
[Epoch 006] Sleep:  65%|###########7      | 13/20 [00:38<00:21,  3.05s/step, leaf=root_R_R_L_R_L, phase=split]
[Epoch 006] Sleep:  65%|##########4     | 13/20 [00:38<00:21,  3.05s/step, leaf=root_R_R_L_R_R_L, phase=split]
[Epoch 006] Sleep:  70%|###########2    | 14/20 [00:41<00:18,  3.09s/step, leaf=root_R_R_L_R_R_L, phase=split]
[Epoch 006] Sleep:  70%|###########2    | 14/20 [00:41<00:18,  3.09s/step, leaf=root_R_R_L_R_R_R, phase=split]
[Epoch 006] Sleep:  75%|############    | 15/20 [00:45<00:15,  3.12s/step, leaf=root_R_R_L_R_R_R, phase=split]
[Epoch 006] Sleep:  75%|###############     | 15/20 [00:45<00:15,  3.12s/step, leaf=root_R_R_R_L, phase=split]
[Epoch 006] Sleep:  80%|################    | 16/20 [00:48<00:12,  3.15s/step, leaf=root_R_R_R_L, phase=split]
[Epoch 006] Sleep:  80%|##############4   | 16/20 [00:48<00:12,  3.15s/step, leaf=root_R_R_R_R_L, phase=split]
[Epoch 006] Sleep:  85%|###############3  | 17/20 [00:51<00:09,  3.17s/step, leaf=root_R_R_R_R_L, phase=split]
[Epoch 006] Sleep:  85%|###############3  | 17/20 [00:51<00:09,  3.17s/step, leaf=root_R_R_R_R_R, phase=split]
[Epoch 006] Sleep:  90%|################2 | 18/20 [00:55<00:06,  3.19s/step, leaf=root_R_R_R_R_R, phase=split]
[Epoch 006] Sleep:  90%|###########7 | 18/20 [01:00<00:06,  3.19s/step, actions=4, phase=deep, pressure=0.133]
[Epoch 006] Sleep:  95%|############3| 19/20 [01:00<00:03,  3.37s/step, actions=4, phase=deep, pressure=0.133]
[Epoch 006] Sleep: 100%|#############| 20/20 [01:00<00:00,  3.00s/step, actions=4, phase=deep, pressure=0.133]
[MemoryTree][006/050] wake/event=2.781732 sleep_residual_utility=0.010101 writes=2337 memorize=10 queue_split=918 wake_actions=A95399/R39673/M10/Q918 novelty=0.0223 weighted_sim=0.9553 wm_grad_max=3.974e+00 global/event=2.781301 mix_diag=2.9077 global_steps=27 prior_KL=4.592e-02 seq_H_cond=0.5517 seq_H_marg=0.5804 seq_MI=2.873e-02 post_KL_diag=2.935e-01 branch_distill=2.482e-01 probe=6.803e+00/0.434->0.423/0.081/0.444 frontier=5.54/10.08/4.54 enc_gate=0.145 enc_scale=0.010 teacher_conf=0.135 teacher_JS=3.450e-02 max_mass=0.0380 owner_hard=[0, 40, 0, 4, 0, 482, 754, 0, 0, 0, 0, 270, 7, 8, 0, 1, 0, 0, 0, 0, 134, 0, 0, 0, 0, 0, 0, 0, 0, 0, 0] mem_assign=[2360, 9637, 1592, 2985, 313, 24779, 36606, 2780, 408, 2167, 1365, 22996, 6340, 4257, 1, 1622, 0, 333, 1, 1304, 13869, 4, 55, 0, 0, 0, 220, 0, 0, 6, 0] topology_prune=off leaves=16 sleep_mode=deep light_absorb=0 deep_probability=0.133 topology_action=null topology_gain=0.000e+00 topology_candidates=26 collapsed=0 topology_lambda=0.000e+00 time=W117.5/G40.6/S60.1s cache=0/1700 cuda_peak=6288MiB sleep_actions=['promotion', 'promotion', 'promotion', 'promotion']

[Epoch 007] Wake:   0%|                                                             | 0/1700 [00:00<?, ?seq/s]
[Epoch 007] Wake:   0%|                 | 1/1700 [00:04<2:08:43,  4.55s/seq, events=80, loss=3.9837, writes=4]
[Epoch 007] Wake:   4%|5             | 65/1700 [00:08<03:32,  7.69seq/s, events=5200, loss=2.8086, writes=222]
[Epoch 007] Wake:   8%|9           | 129/1700 [00:13<02:35, 10.12seq/s, events=10320, loss=2.8387, writes=321]
[Epoch 007] Wake:  11%|#3          | 193/1700 [00:17<02:11, 11.42seq/s, events=15440, loss=2.8021, writes=414]
[Epoch 007] Wake:  15%|#8          | 257/1700 [00:22<01:57, 12.26seq/s, events=20560, loss=2.7695, writes=476]
[Epoch 007] Wake:  19%|##2         | 321/1700 [00:26<01:48, 12.75seq/s, events=25680, loss=2.7704, writes=537]
[Epoch 007] Wake:  23%|##7         | 385/1700 [00:30<01:39, 13.15seq/s, events=30800, loss=2.7795, writes=566]
[Epoch 007] Wake:  26%|###1        | 449/1700 [00:35<01:32, 13.46seq/s, events=35920, loss=2.7767, writes=603]
[Epoch 007] Wake:  30%|###6        | 513/1700 [00:39<01:26, 13.70seq/s, events=41040, loss=2.7770, writes=659]
[Epoch 007] Wake:  34%|####        | 577/1700 [00:43<01:21, 13.84seq/s, events=46160, loss=2.7815, writes=697]
[Epoch 007] Wake:  38%|####5       | 641/1700 [00:48<01:15, 13.95seq/s, events=51280, loss=2.7910, writes=740]
[Epoch 007] Wake:  41%|####9       | 705/1700 [00:52<01:10, 14.10seq/s, events=56400, loss=2.7990, writes=785]
[Epoch 007] Wake:  45%|#####4      | 769/1700 [00:56<01:05, 14.15seq/s, events=61520, loss=2.7947, writes=796]
[Epoch 007] Wake:  49%|#####8      | 833/1700 [01:01<01:00, 14.25seq/s, events=66640, loss=2.7829, writes=818]
[Epoch 007] Wake:  53%|######3     | 897/1700 [01:05<00:56, 14.33seq/s, events=71760, loss=2.7698, writes=841]
[Epoch 007] Wake:  57%|######7     | 961/1700 [01:09<00:51, 14.33seq/s, events=76880, loss=2.7612, writes=873]
[Epoch 007] Wake:  60%|######6    | 1025/1700 [01:14<00:46, 14.41seq/s, events=82000, loss=2.7559, writes=901]
[Epoch 007] Wake:  64%|#######    | 1089/1700 [01:18<00:42, 14.47seq/s, events=87120, loss=2.7598, writes=923]
[Epoch 007] Wake:  68%|#######4   | 1153/1700 [01:22<00:37, 14.49seq/s, events=92240, loss=2.7607, writes=957]
[Epoch 007] Wake:  72%|#######8   | 1217/1700 [01:27<00:33, 14.53seq/s, events=97360, loss=2.7594, writes=981]
[Epoch 007] Wake:  75%|######7  | 1281/1700 [01:31<00:28, 14.58seq/s, events=102480, loss=2.7694, writes=1009]
[Epoch 007] Wake:  79%|#######1 | 1345/1700 [01:35<00:24, 14.55seq/s, events=107600, loss=2.7770, writes=1041]
[Epoch 007] Wake:  83%|#######4 | 1409/1700 [01:40<00:19, 14.60seq/s, events=112720, loss=2.7751, writes=1069]
[Epoch 007] Wake:  87%|#######7 | 1473/1700 [01:44<00:15, 14.62seq/s, events=117840, loss=2.7777, writes=1090]
[Epoch 007] Wake:  90%|########1| 1537/1700 [01:48<00:11, 14.66seq/s, events=122960, loss=2.7785, writes=1113]
[Epoch 007] Wake:  94%|########4| 1601/1700 [01:53<00:06, 14.64seq/s, events=128080, loss=2.7798, writes=1136]
[Epoch 007] Wake:  98%|########8| 1665/1700 [01:55<00:02, 15.30seq/s, events=133200, loss=2.7854, writes=1162]
[Epoch 007] Wake: 100%|#########| 1700/1700 [01:55<00:00, 14.70seq/s, events=136000, loss=2.7850, writes=1174]

[Epoch 007] Global:   0%|                                                      | 0/1700 [00:00<?, ?seq-pass/s]
[Epoch 007] Global:   8%|#4                 | 128/1700 [00:03<00:37, 41.97seq-pass/s, batch=2/27, phase=train]
[Epoch 007] Global:  15%|##8                | 256/1700 [00:06<00:34, 42.11seq-pass/s, batch=4/27, phase=train]
[Epoch 007] Global:  23%|####2              | 384/1700 [00:09<00:31, 42.12seq-pass/s, batch=6/27, phase=train]
[Epoch 007] Global:  30%|#####7             | 512/1700 [00:12<00:28, 42.15seq-pass/s, batch=8/27, phase=train]
[Epoch 007] Global:  38%|######7           | 640/1700 [00:15<00:25, 42.13seq-pass/s, batch=10/27, phase=train]
[Epoch 007] Global:  45%|########1         | 768/1700 [00:18<00:22, 42.13seq-pass/s, batch=12/27, phase=train]
[Epoch 007] Global:  53%|#########4        | 896/1700 [00:21<00:19, 42.11seq-pass/s, batch=14/27, phase=train]
[Epoch 007] Global:  60%|##########2      | 1024/1700 [00:24<00:16, 42.10seq-pass/s, batch=16/27, phase=train]
[Epoch 007] Global:  68%|###########5     | 1152/1700 [00:27<00:13, 42.09seq-pass/s, batch=18/27, phase=train]
[Epoch 007] Global:  75%|############8    | 1280/1700 [00:30<00:09, 42.06seq-pass/s, batch=20/27, phase=train]
[Epoch 007] Global:  83%|##############   | 1408/1700 [00:33<00:06, 42.07seq-pass/s, batch=22/27, phase=train]
[Epoch 007] Global:  90%|###############3 | 1536/1700 [00:36<00:03, 42.05seq-pass/s, batch=24/27, phase=train]
[Epoch 007] Global:  98%|################6| 1664/1700 [00:39<00:00, 42.03seq-pass/s, batch=26/27, phase=train]
[Epoch 007] Global: 100%|#################| 1700/1700 [00:40<00:00, 41.99seq-pass/s, batch=27/27, phase=train]

[Epoch 007] Sleep:   0%|                                                             | 0/20 [00:00<?, ?step/s]
[Epoch 007] Sleep:   5%|8                | 1/20 [00:00<00:14,  1.30step/s, absorbed=1, phase=light, replay=96]
[Epoch 007] Sleep:  90%|##########8 | 18/20 [00:00<00:00, 23.31step/s, actions=0, phase=light, pressure=0.134]
[Epoch 007] Sleep: 100%|############| 20/20 [00:00<00:00, 25.90step/s, actions=0, phase=light, pressure=0.134]
[MemoryTree][007/050] wake/event=2.784977 sleep_residual_utility=0.009221 writes=1174 memorize=48 queue_split=15591 wake_actions=A95988/R24373/M48/Q15591 novelty=0.0240 weighted_sim=0.9519 wm_grad_max=3.658e+00 global/event=2.774964 mix_diag=2.9155 global_steps=27 prior_KL=6.008e-02 seq_H_cond=0.5161 seq_H_marg=0.5596 seq_MI=4.348e-02 post_KL_diag=3.141e-01 branch_distill=2.500e-01 probe=6.969e+00/0.460->0.450/0.141/0.438 frontier=5.52/10.03/4.52 enc_gate=0.161 enc_scale=0.012 teacher_conf=0.155 teacher_JS=4.228e-02 max_mass=0.0486 owner_hard=[0, 3, 0, 4, 0, 332, 1131, 0, 0, 0, 1, 226, 2, 1, 0, 0, 0, 0, 0, 0, 0, 0, 0, 0, 0, 0, 0, 0, 0, 0, 0] mem_assign=[1227, 7409, 899, 5518, 153, 18596, 47790, 1984, 175, 568, 1766, 28208, 7674, 7360, 12, 3, 0, 5, 5, 1042, 3260, 343, 1815, 0, 9, 1, 159, 2, 6, 11, 0] topology_prune=off leaves=16 sleep_mode=light light_absorb=1 deep_probability=0.134 topology_action=null topology_gain=0.000e+00 topology_candidates=0 collapsed=0 topology_lambda=0.000e+00 time=W115.7/G40.5/S0.9s cache=0/1700 cuda_peak=6698MiB sleep_actions=[]

[Epoch 008] Wake:   0%|                                                             | 0/1700 [00:00<?, ?seq/s]
[Epoch 008] Wake:   0%|                 | 1/1700 [00:04<2:04:25,  4.39s/seq, events=80, loss=3.7963, writes=4]
[Epoch 008] Wake:   4%|5             | 65/1700 [00:08<03:29,  7.81seq/s, events=5200, loss=2.6400, writes=210]
[Epoch 008] Wake:   8%|9           | 129/1700 [00:13<02:31, 10.35seq/s, events=10320, loss=2.7573, writes=347]
[Epoch 008] Wake:  11%|#3          | 193/1700 [00:17<02:10, 11.57seq/s, events=15440, loss=2.7678, writes=460]
[Epoch 008] Wake:  15%|#8          | 257/1700 [00:21<01:57, 12.33seq/s, events=20560, loss=2.8024, writes=572]
[Epoch 008] Wake:  19%|##2         | 321/1700 [00:26<01:47, 12.87seq/s, events=25680, loss=2.8235, writes=658]
[Epoch 008] Wake:  23%|##7         | 385/1700 [00:30<01:40, 13.10seq/s, events=30800, loss=2.8064, writes=759]
[Epoch 008] Wake:  26%|###1        | 449/1700 [00:35<01:33, 13.37seq/s, events=35920, loss=2.7870, writes=865]
[Epoch 008] Wake:  30%|###6        | 513/1700 [00:39<01:27, 13.56seq/s, events=41040, loss=2.7748, writes=966]
[Epoch 008] Wake:  34%|###7       | 577/1700 [00:43<01:21, 13.74seq/s, events=46160, loss=2.7645, writes=1080]
[Epoch 008] Wake:  38%|####1      | 641/1700 [00:48<01:16, 13.92seq/s, events=51280, loss=2.7467, writes=1176]
[Epoch 008] Wake:  41%|####5      | 705/1700 [00:52<01:11, 13.97seq/s, events=56400, loss=2.7375, writes=1285]
[Epoch 008] Wake:  45%|####9      | 769/1700 [00:56<01:06, 14.09seq/s, events=61520, loss=2.7370, writes=1405]
[Epoch 008] Wake:  49%|#####3     | 833/1700 [01:01<01:01, 14.11seq/s, events=66640, loss=2.7429, writes=1508]
[Epoch 008] Wake:  53%|#####8     | 897/1700 [01:05<00:56, 14.20seq/s, events=71760, loss=2.7383, writes=1609]
[Epoch 008] Wake:  57%|######2    | 961/1700 [01:09<00:51, 14.30seq/s, events=76880, loss=2.7408, writes=1709]
[Epoch 008] Wake:  60%|######    | 1025/1700 [01:14<00:47, 14.27seq/s, events=82000, loss=2.7481, writes=1789]
[Epoch 008] Wake:  64%|######4   | 1089/1700 [01:18<00:42, 14.33seq/s, events=87120, loss=2.7501, writes=1905]
[Epoch 008] Wake:  68%|######7   | 1153/1700 [01:23<00:38, 14.32seq/s, events=92240, loss=2.7460, writes=2012]
[Epoch 008] Wake:  72%|#######1  | 1217/1700 [01:27<00:33, 14.36seq/s, events=97360, loss=2.7459, writes=2135]
[Epoch 008] Wake:  75%|######7  | 1281/1700 [01:32<00:29, 14.35seq/s, events=102480, loss=2.7447, writes=2269]
[Epoch 008] Wake:  79%|#######1 | 1345/1700 [01:36<00:24, 14.33seq/s, events=107600, loss=2.7528, writes=2387]
[Epoch 008] Wake:  83%|#######4 | 1409/1700 [01:41<00:20, 14.37seq/s, events=112720, loss=2.7500, writes=2520]
[Epoch 008] Wake:  87%|#######7 | 1473/1700 [01:45<00:15, 14.36seq/s, events=117840, loss=2.7552, writes=2637]
[Epoch 008] Wake:  90%|########1| 1537/1700 [01:49<00:11, 14.37seq/s, events=122960, loss=2.7520, writes=2761]
[Epoch 008] Wake:  94%|########4| 1601/1700 [01:54<00:06, 14.41seq/s, events=128080, loss=2.7561, writes=2877]
[Epoch 008] Wake:  98%|########8| 1665/1700 [01:57<00:02, 15.01seq/s, events=133200, loss=2.7555, writes=3006]
[Epoch 008] Wake: 100%|#########| 1700/1700 [01:57<00:00, 14.52seq/s, events=136000, loss=2.7565, writes=3065]

[Epoch 008] Global:   0%|                                                      | 0/1700 [00:00<?, ?seq-pass/s]
[Epoch 008] Global:   8%|#4                 | 128/1700 [00:03<00:37, 41.77seq-pass/s, batch=2/27, phase=train]
[Epoch 008] Global:  15%|##8                | 256/1700 [00:06<00:34, 41.82seq-pass/s, batch=4/27, phase=train]
[Epoch 008] Global:  23%|####2              | 384/1700 [00:09<00:31, 41.67seq-pass/s, batch=6/27, phase=train]
[Epoch 008] Global:  30%|#####7             | 512/1700 [00:12<00:28, 41.65seq-pass/s, batch=8/27, phase=train]
[Epoch 008] Global:  38%|######7           | 640/1700 [00:15<00:25, 41.67seq-pass/s, batch=10/27, phase=train]
[Epoch 008] Global:  45%|########1         | 768/1700 [00:18<00:22, 41.68seq-pass/s, batch=12/27, phase=train]
[Epoch 008] Global:  53%|#########4        | 896/1700 [00:21<00:19, 41.66seq-pass/s, batch=14/27, phase=train]
[Epoch 008] Global:  60%|##########2      | 1024/1700 [00:24<00:16, 41.66seq-pass/s, batch=16/27, phase=train]
[Epoch 008] Global:  68%|###########5     | 1152/1700 [00:27<00:13, 41.62seq-pass/s, batch=18/27, phase=train]
[Epoch 008] Global:  75%|############8    | 1280/1700 [00:30<00:10, 41.62seq-pass/s, batch=20/27, phase=train]
[Epoch 008] Global:  83%|##############   | 1408/1700 [00:33<00:07, 41.60seq-pass/s, batch=22/27, phase=train]
[Epoch 008] Global:  90%|###############3 | 1536/1700 [00:36<00:03, 41.60seq-pass/s, batch=24/27, phase=train]
[Epoch 008] Global:  98%|################6| 1664/1700 [00:39<00:00, 41.59seq-pass/s, batch=26/27, phase=train]
[Epoch 008] Global: 100%|#################| 1700/1700 [00:40<00:00, 41.54seq-pass/s, batch=27/27, phase=train]

[Epoch 008] Sleep:   0%|                                                             | 0/20 [00:00<?, ?step/s]
[Epoch 008] Sleep:   5%|8                | 1/20 [00:00<00:14,  1.27step/s, absorbed=2, phase=light, replay=93]
[Epoch 008] Sleep:  90%|##########8 | 18/20 [00:00<00:00, 22.87step/s, actions=0, phase=light, pressure=0.203]
[Epoch 008] Sleep: 100%|############| 20/20 [00:00<00:00, 25.41step/s, actions=0, phase=light, pressure=0.203]
[MemoryTree][008/050] wake/event=2.756512 sleep_residual_utility=0.010279 writes=3065 memorize=164 queue_split=34514 wake_actions=A96142/R5180/M164/Q34514 novelty=0.0268 weighted_sim=0.9463 wm_grad_max=3.654e+00 global/event=2.766022 mix_diag=3.0398 global_steps=27 prior_KL=5.692e-02 seq_H_cond=0.5013 seq_H_marg=0.5694 seq_MI=6.807e-02 post_KL_diag=3.126e-01 branch_distill=2.456e-01 probe=6.599e+00/0.496->0.492/0.115/0.467 frontier=6.45/11.89/5.45 enc_gate=0.149 enc_scale=0.013 teacher_conf=0.157 teacher_JS=5.047e-02 max_mass=0.0632 owner_hard=[0, 5, 0, 137, 0, 91, 450, 0, 0, 0, 132, 763, 77, 44, 0, 0, 0, 0, 0, 1, 0, 0, 0, 0, 0, 0, 0, 0, 0, 0, 0] mem_assign=[1908, 3821, 926, 9185, 154, 11117, 26287, 2278, 266, 1772, 7233, 30637, 17267, 7436, 2, 0, 1, 32, 70, 7281, 1838, 412, 5028, 58, 36, 0, 866, 0, 7, 82, 0] topology_prune=off leaves=16 sleep_mode=light light_absorb=2 deep_probability=0.203 topology_action=null topology_gain=0.000e+00 topology_candidates=0 collapsed=0 topology_lambda=0.000e+00 time=W117.1/G40.9/S0.9s cache=0/1700 cuda_peak=7042MiB sleep_actions=[]

[Epoch 009] Wake:   0%|                                                             | 0/1700 [00:00<?, ?seq/s]
[Epoch 009] Wake:   0%|                 | 1/1700 [00:04<2:04:09,  4.38s/seq, events=80, loss=2.8200, writes=3]
[Epoch 009] Wake:   4%|5             | 65/1700 [00:08<03:29,  7.80seq/s, events=5200, loss=2.8507, writes=234]
[Epoch 009] Wake:   8%|9           | 129/1700 [00:13<02:33, 10.24seq/s, events=10320, loss=2.8585, writes=400]
[Epoch 009] Wake:  11%|#3          | 193/1700 [00:17<02:10, 11.58seq/s, events=15440, loss=2.8177, writes=496]
[Epoch 009] Wake:  15%|#8          | 257/1700 [00:21<01:57, 12.31seq/s, events=20560, loss=2.7816, writes=590]
[Epoch 009] Wake:  19%|##2         | 321/1700 [00:26<01:47, 12.86seq/s, events=25680, loss=2.7947, writes=683]
[Epoch 009] Wake:  23%|##7         | 385/1700 [00:30<01:39, 13.26seq/s, events=30800, loss=2.7723, writes=773]
[Epoch 009] Wake:  26%|###1        | 449/1700 [00:34<01:32, 13.48seq/s, events=35920, loss=2.7762, writes=850]
[Epoch 009] Wake:  30%|###6        | 513/1700 [00:39<01:26, 13.71seq/s, events=41040, loss=2.7719, writes=939]
[Epoch 009] Wake:  34%|###7       | 577/1700 [00:43<01:20, 13.91seq/s, events=46160, loss=2.7721, writes=1040]
[Epoch 009] Wake:  38%|####1      | 641/1700 [00:47<01:15, 14.00seq/s, events=51280, loss=2.7643, writes=1125]
[Epoch 009] Wake:  41%|####5      | 705/1700 [00:52<01:10, 14.12seq/s, events=56400, loss=2.7628, writes=1207]
[Epoch 009] Wake:  45%|####9      | 769/1700 [00:56<01:05, 14.23seq/s, events=61520, loss=2.7745, writes=1291]
[Epoch 009] Wake:  49%|#####3     | 833/1700 [01:00<01:00, 14.28seq/s, events=66640, loss=2.7616, writes=1394]
[Epoch 009] Wake:  53%|#####8     | 897/1700 [01:05<00:55, 14.35seq/s, events=71760, loss=2.7638, writes=1472]
[Epoch 009] Wake:  57%|######2    | 961/1700 [01:09<00:51, 14.37seq/s, events=76880, loss=2.7663, writes=1578]
[Epoch 009] Wake:  60%|######    | 1025/1700 [01:13<00:46, 14.43seq/s, events=82000, loss=2.7777, writes=1661]
[Epoch 009] Wake:  64%|######4   | 1089/1700 [01:18<00:42, 14.49seq/s, events=87120, loss=2.7812, writes=1758]
[Epoch 009] Wake:  68%|######7   | 1153/1700 [01:22<00:37, 14.53seq/s, events=92240, loss=2.7842, writes=1847]
[Epoch 009] Wake:  72%|#######1  | 1217/1700 [01:26<00:33, 14.52seq/s, events=97360, loss=2.7803, writes=1936]
[Epoch 009] Wake:  75%|######7  | 1281/1700 [01:31<00:28, 14.57seq/s, events=102480, loss=2.7808, writes=2037]
[Epoch 009] Wake:  79%|#######1 | 1345/1700 [01:35<00:24, 14.55seq/s, events=107600, loss=2.7781, writes=2114]
[Epoch 009] Wake:  83%|#######4 | 1409/1700 [01:40<00:20, 14.51seq/s, events=112720, loss=2.7793, writes=2214]
[Epoch 009] Wake:  87%|#######7 | 1473/1700 [01:44<00:15, 14.55seq/s, events=117840, loss=2.7788, writes=2313]
[Epoch 009] Wake:  90%|########1| 1537/1700 [01:48<00:11, 14.54seq/s, events=122960, loss=2.7795, writes=2414]
[Epoch 009] Wake:  94%|########4| 1601/1700 [01:53<00:06, 14.58seq/s, events=128080, loss=2.7809, writes=2510]
[Epoch 009] Wake:  98%|########8| 1665/1700 [01:55<00:02, 15.18seq/s, events=133200, loss=2.7782, writes=2609]
[Epoch 009] Wake: 100%|#########| 1700/1700 [01:55<00:00, 14.67seq/s, events=136000, loss=2.7757, writes=2668]

[Epoch 009] Global:   0%|                                                      | 0/1700 [00:00<?, ?seq-pass/s]
[Epoch 009] Global:   8%|#4                 | 128/1700 [00:03<00:37, 41.46seq-pass/s, batch=2/27, phase=train]
[Epoch 009] Global:  15%|##8                | 256/1700 [00:06<00:34, 41.46seq-pass/s, batch=4/27, phase=train]
[Epoch 009] Global:  23%|####2              | 384/1700 [00:09<00:31, 41.45seq-pass/s, batch=6/27, phase=train]
[Epoch 009] Global:  30%|#####7             | 512/1700 [00:12<00:28, 41.42seq-pass/s, batch=8/27, phase=train]
[Epoch 009] Global:  38%|######7           | 640/1700 [00:15<00:25, 41.46seq-pass/s, batch=10/27, phase=train]
[Epoch 009] Global:  45%|########1         | 768/1700 [00:18<00:22, 41.48seq-pass/s, batch=12/27, phase=train]
[Epoch 009] Global:  53%|#########4        | 896/1700 [00:21<00:19, 41.45seq-pass/s, batch=14/27, phase=train]
[Epoch 009] Global:  60%|##########2      | 1024/1700 [00:24<00:16, 41.47seq-pass/s, batch=16/27, phase=train]
[Epoch 009] Global:  68%|###########5     | 1152/1700 [00:27<00:13, 41.49seq-pass/s, batch=18/27, phase=train]
[Epoch 009] Global:  75%|############8    | 1280/1700 [00:30<00:10, 41.44seq-pass/s, batch=20/27, phase=train]
[Epoch 009] Global:  83%|##############   | 1408/1700 [00:33<00:07, 41.44seq-pass/s, batch=22/27, phase=train]
[Epoch 009] Global:  90%|###############3 | 1536/1700 [00:37<00:03, 41.46seq-pass/s, batch=24/27, phase=train]
[Epoch 009] Global:  98%|################6| 1664/1700 [00:40<00:00, 41.46seq-pass/s, batch=26/27, phase=train]
[Epoch 009] Global: 100%|#################| 1700/1700 [00:41<00:00, 41.39seq-pass/s, batch=27/27, phase=train]

[Epoch 009] Sleep:   0%|                                                             | 0/20 [00:00<?, ?step/s]
[Epoch 009] Sleep:   5%|8                | 1/20 [00:00<00:14,  1.27step/s, absorbed=1, phase=light, replay=95]
[Epoch 009] Sleep:  90%|##########8 | 18/20 [00:00<00:00, 22.84step/s, actions=0, phase=light, pressure=0.239]
[Epoch 009] Sleep: 100%|############| 20/20 [00:00<00:00, 25.37step/s, actions=0, phase=light, pressure=0.239]
[MemoryTree][009/050] wake/event=2.775682 sleep_residual_utility=0.012171 writes=2668 memorize=54 queue_split=31695 wake_actions=A96270/R7981/M54/Q31695 novelty=0.0274 weighted_sim=0.9453 wm_grad_max=4.311e+00 global/event=2.757669 mix_diag=3.0003 global_steps=27 prior_KL=5.019e-02 seq_H_cond=0.4917 seq_H_marg=0.5604 seq_MI=6.870e-02 post_KL_diag=2.917e-01 branch_distill=2.298e-01 probe=6.205e+00/0.532->0.530/0.111/0.439 frontier=6.94/12.88/5.94 enc_gate=0.152 enc_scale=0.012 teacher_conf=0.148 teacher_JS=5.175e-02 max_mass=0.0705 owner_hard=[0, 0, 0, 0, 0, 0, 611, 0, 0, 0, 192, 697, 0, 111, 0, 0, 0, 0, 0, 86, 0, 0, 3, 0, 0, 0, 0, 0, 0, 0, 0] mem_assign=[1672, 2907, 1571, 3543, 1225, 6770, 28427, 1739, 828, 2188, 11450, 28981, 8608, 12091, 0, 5, 19, 1036, 431, 13350, 690, 30, 7132, 620, 542, 0, 137, 0, 8, 0, 0] topology_prune=off leaves=16 sleep_mode=light light_absorb=1 deep_probability=0.239 topology_action=null topology_gain=0.000e+00 topology_candidates=0 collapsed=0 topology_lambda=0.000e+00 time=W115.9/G41.1/S0.9s cache=0/1700 cuda_peak=7074MiB sleep_actions=[]

[Epoch 010] Wake:   0%|                                                             | 0/1700 [00:00<?, ?seq/s]
[Epoch 010] Wake:   0%|                 | 1/1700 [00:04<2:04:44,  4.41s/seq, events=80, loss=1.0983, writes=2]
[Epoch 010] Wake:   4%|5             | 65/1700 [00:08<03:29,  7.80seq/s, events=5200, loss=2.8049, writes=231]
[Epoch 010] Wake:   8%|9           | 129/1700 [00:13<02:33, 10.22seq/s, events=10320, loss=2.8187, writes=326]
[Epoch 010] Wake:  11%|#3          | 193/1700 [00:17<02:10, 11.57seq/s, events=15440, loss=2.7570, writes=440]
[Epoch 010] Wake:  15%|#8          | 257/1700 [00:21<01:56, 12.38seq/s, events=20560, loss=2.7445, writes=518]
[Epoch 010] Wake:  19%|##2         | 321/1700 [00:26<01:47, 12.83seq/s, events=25680, loss=2.7316, writes=601]
[Epoch 010] Wake:  23%|##7         | 385/1700 [00:30<01:39, 13.22seq/s, events=30800, loss=2.7182, writes=682]
[Epoch 010] Wake:  26%|###1        | 449/1700 [00:35<01:33, 13.39seq/s, events=35920, loss=2.7248, writes=763]
[Epoch 010] Wake:  30%|###6        | 513/1700 [00:39<01:27, 13.58seq/s, events=41040, loss=2.7107, writes=840]
[Epoch 010] Wake:  34%|####        | 577/1700 [00:43<01:21, 13.74seq/s, events=46160, loss=2.7155, writes=901]
[Epoch 010] Wake:  38%|####5       | 641/1700 [00:48<01:16, 13.93seq/s, events=51280, loss=2.7184, writes=973]
[Epoch 010] Wake:  41%|####5      | 705/1700 [00:52<01:11, 14.00seq/s, events=56400, loss=2.7166, writes=1048]
[Epoch 010] Wake:  45%|####9      | 769/1700 [00:56<01:05, 14.12seq/s, events=61520, loss=2.7185, writes=1143]
[Epoch 010] Wake:  49%|#####3     | 833/1700 [01:01<01:00, 14.22seq/s, events=66640, loss=2.7276, writes=1214]
[Epoch 010] Wake:  53%|#####8     | 897/1700 [01:05<00:56, 14.24seq/s, events=71760, loss=2.7295, writes=1295]
[Epoch 010] Wake:  57%|######2    | 961/1700 [01:09<00:51, 14.30seq/s, events=76880, loss=2.7272, writes=1381]
[Epoch 010] Wake:  60%|######    | 1025/1700 [01:14<00:47, 14.31seq/s, events=82000, loss=2.7294, writes=1497]
[Epoch 010] Wake:  64%|######4   | 1089/1700 [01:18<00:42, 14.38seq/s, events=87120, loss=2.7252, writes=1585]
[Epoch 010] Wake:  68%|######7   | 1153/1700 [01:22<00:37, 14.42seq/s, events=92240, loss=2.7280, writes=1679]
[Epoch 010] Wake:  72%|#######1  | 1217/1700 [01:27<00:33, 14.45seq/s, events=97360, loss=2.7296, writes=1784]
[Epoch 010] Wake:  75%|######7  | 1281/1700 [01:31<00:29, 14.41seq/s, events=102480, loss=2.7327, writes=1887]
[Epoch 010] Wake:  79%|#######1 | 1345/1700 [01:36<00:24, 14.45seq/s, events=107600, loss=2.7367, writes=1971]
[Epoch 010] Wake:  83%|#######4 | 1409/1700 [01:40<00:20, 14.43seq/s, events=112720, loss=2.7350, writes=2077]
[Epoch 010] Wake:  87%|#######7 | 1473/1700 [01:45<00:15, 14.47seq/s, events=117840, loss=2.7355, writes=2190]
[Epoch 010] Wake:  90%|########1| 1537/1700 [01:49<00:11, 14.50seq/s, events=122960, loss=2.7350, writes=2299]
[Epoch 010] Wake:  94%|########4| 1601/1700 [01:53<00:06, 14.53seq/s, events=128080, loss=2.7332, writes=2387]
[Epoch 010] Wake:  98%|########8| 1665/1700 [01:56<00:02, 15.14seq/s, events=133200, loss=2.7338, writes=2479]
[Epoch 010] Wake: 100%|#########| 1700/1700 [01:56<00:00, 14.60seq/s, events=136000, loss=2.7366, writes=2542]

[Epoch 010] Global:   0%|                                                      | 0/1700 [00:00<?, ?seq-pass/s]
[Epoch 010] Global:   8%|#4                 | 128/1700 [00:03<00:38, 41.02seq-pass/s, batch=2/27, phase=train]
[Epoch 010] Global:  15%|##8                | 256/1700 [00:06<00:35, 41.01seq-pass/s, batch=4/27, phase=train]
[Epoch 010] Global:  23%|####2              | 384/1700 [00:09<00:31, 41.13seq-pass/s, batch=6/27, phase=train]
[Epoch 010] Global:  30%|#####7             | 512/1700 [00:12<00:28, 41.08seq-pass/s, batch=8/27, phase=train]
[Epoch 010] Global:  38%|######7           | 640/1700 [00:15<00:25, 41.09seq-pass/s, batch=10/27, phase=train]
[Epoch 010] Global:  45%|########1         | 768/1700 [00:18<00:22, 41.12seq-pass/s, batch=12/27, phase=train]
[Epoch 010] Global:  53%|#########4        | 896/1700 [00:21<00:19, 41.14seq-pass/s, batch=14/27, phase=train]
[Epoch 010] Global:  60%|##########2      | 1024/1700 [00:24<00:16, 41.16seq-pass/s, batch=16/27, phase=train]
[Epoch 010] Global:  68%|###########5     | 1152/1700 [00:27<00:13, 41.19seq-pass/s, batch=18/27, phase=train]
[Epoch 010] Global:  75%|############8    | 1280/1700 [00:31<00:10, 41.20seq-pass/s, batch=20/27, phase=train]
[Epoch 010] Global:  83%|##############   | 1408/1700 [00:34<00:07, 41.21seq-pass/s, batch=22/27, phase=train]
[Epoch 010] Global:  90%|###############3 | 1536/1700 [00:37<00:03, 41.20seq-pass/s, batch=24/27, phase=train]
[Epoch 010] Global:  98%|################6| 1664/1700 [00:40<00:00, 41.20seq-pass/s, batch=26/27, phase=train]
[Epoch 010] Global: 100%|#################| 1700/1700 [00:41<00:00, 41.12seq-pass/s, batch=27/27, phase=train]

[Epoch 010] Sleep:   0%|                                                             | 0/20 [00:00<?, ?step/s]
[Epoch 010] Sleep:   5%|8                | 1/20 [00:00<00:15,  1.26step/s, absorbed=2, phase=light, replay=96]
[Epoch 010] Sleep:  10%|##5                      | 2/20 [00:01<00:10,  1.66step/s, leaf=root_L_L, phase=split]
[Epoch 010] Sleep:  15%|###7                     | 3/20 [00:04<00:25,  1.53s/step, leaf=root_L_L, phase=split]
[Epoch 010] Sleep:  15%|###4                   | 3/20 [00:04<00:25,  1.53s/step, leaf=root_L_R_L, phase=split]
[Epoch 010] Sleep:  20%|####2                | 4/20 [00:07<00:24,  1.53s/step, leaf=root_L_R_R_L, phase=split]
[Epoch 010] Sleep:  25%|#####2               | 5/20 [00:11<00:34,  2.31s/step, leaf=root_L_R_R_L, phase=split]
[Epoch 010] Sleep:  25%|#####2               | 5/20 [00:11<00:34,  2.31s/step, leaf=root_L_R_R_R, phase=split]
[Epoch 010] Sleep:  30%|######3              | 6/20 [00:14<00:35,  2.51s/step, leaf=root_L_R_R_R, phase=split]
[Epoch 010] Sleep:  30%|######3              | 6/20 [00:14<00:35,  2.51s/step, leaf=root_R_L_L_L, phase=split]
[Epoch 010] Sleep:  35%|#######3             | 7/20 [00:18<00:34,  2.66s/step, leaf=root_R_L_L_L, phase=split]
[Epoch 010] Sleep:  35%|#######3             | 7/20 [00:18<00:34,  2.66s/step, leaf=root_R_L_L_R, phase=split]
[Epoch 010] Sleep:  40%|########4            | 8/20 [00:21<00:33,  2.77s/step, leaf=root_R_L_L_R, phase=split]
[Epoch 010] Sleep:  40%|########4            | 8/20 [00:21<00:33,  2.77s/step, leaf=root_R_L_R_L, phase=split]
[Epoch 010] Sleep:  45%|#########4           | 9/20 [00:24<00:31,  2.87s/step, leaf=root_R_L_R_L, phase=split]
[Epoch 010] Sleep:  45%|########5          | 9/20 [00:24<00:31,  2.87s/step, leaf=root_R_L_R_R_L, phase=split]
[Epoch 010] Sleep:  50%|#########         | 10/20 [00:28<00:29,  2.93s/step, leaf=root_R_L_R_R_L, phase=split]
[Epoch 010] Sleep:  50%|#########         | 10/20 [00:28<00:29,  2.93s/step, leaf=root_R_L_R_R_R, phase=split]
[Epoch 010] Sleep:  55%|#########9        | 11/20 [00:31<00:27,  3.01s/step, leaf=root_R_L_R_R_R, phase=split]
[Epoch 010] Sleep:  55%|###########         | 11/20 [00:31<00:27,  3.01s/step, leaf=root_R_R_L_L, phase=split]
[Epoch 010] Sleep:  60%|############        | 12/20 [00:34<00:24,  3.06s/step, leaf=root_R_R_L_L, phase=split]
[Epoch 010] Sleep:  60%|##########7       | 12/20 [00:34<00:24,  3.06s/step, leaf=root_R_R_L_R_L, phase=split]
[Epoch 010] Sleep:  65%|###########7      | 13/20 [00:38<00:21,  3.09s/step, leaf=root_R_R_L_R_L, phase=split]
[Epoch 010] Sleep:  65%|##########4     | 13/20 [00:38<00:21,  3.09s/step, leaf=root_R_R_L_R_R_L, phase=split]
[Epoch 010] Sleep:  70%|###########2    | 14/20 [00:41<00:18,  3.13s/step, leaf=root_R_R_L_R_R_L, phase=split]
[Epoch 010] Sleep:  70%|###########2    | 14/20 [00:41<00:18,  3.13s/step, leaf=root_R_R_L_R_R_R, phase=split]
[Epoch 010] Sleep:  75%|############    | 15/20 [00:45<00:15,  3.16s/step, leaf=root_R_R_L_R_R_R, phase=split]
[Epoch 010] Sleep:  75%|###############     | 15/20 [00:45<00:15,  3.16s/step, leaf=root_R_R_R_L, phase=split]
[Epoch 010] Sleep:  80%|################    | 16/20 [00:48<00:12,  3.19s/step, leaf=root_R_R_R_L, phase=split]
[Epoch 010] Sleep:  80%|##############4   | 16/20 [00:48<00:12,  3.19s/step, leaf=root_R_R_R_R_L, phase=split]
[Epoch 010] Sleep:  85%|###############3  | 17/20 [00:51<00:09,  3.20s/step, leaf=root_R_R_R_R_L, phase=split]
[Epoch 010] Sleep:  85%|###############3  | 17/20 [00:51<00:09,  3.20s/step, leaf=root_R_R_R_R_R, phase=split]
[Epoch 010] Sleep:  90%|################2 | 18/20 [00:55<00:06,  3.22s/step, leaf=root_R_R_R_R_R, phase=split]
[Epoch 010] Sleep:  90%|##########8 | 18/20 [00:55<00:06,  3.22s/step, actions=0, phase=light, pressure=0.257]
[Epoch 010] Sleep: 100%|############| 20/20 [00:55<00:00,  2.76s/step, actions=0, phase=light, pressure=0.257]
[MemoryTree][010/050] wake/event=2.736617 sleep_residual_utility=0.011264 writes=2542 memorize=164 queue_split=27797 wake_actions=A96078/R11961/M164/Q27797 novelty=0.0232 weighted_sim=0.9535 wm_grad_max=3.510e+00 global/event=2.746241 mix_diag=3.0350 global_steps=27 prior_KL=5.696e-02 seq_H_cond=0.4653 seq_H_marg=0.5505 seq_MI=8.519e-02 post_KL_diag=2.926e-01 branch_distill=2.229e-01 probe=6.217e+00/0.532->0.532/0.123/0.439 frontier=6.97/12.93/5.97 enc_gate=0.138 enc_scale=0.012 teacher_conf=0.146 teacher_JS=5.432e-02 max_mass=0.0660 owner_hard=[0, 0, 0, 0, 0, 0, 791, 0, 0, 14, 0, 525, 0, 150, 0, 0, 0, 121, 0, 81, 0, 0, 18, 0, 0, 0, 0, 0, 0, 0, 0] mem_assign=[1864, 3026, 2267, 2875, 1338, 4446, 29683, 1729, 1099, 3652, 5459, 26083, 6785, 11819, 38, 0, 0, 4810, 741, 12428, 516, 357, 13200, 374, 1166, 0, 88, 149, 7, 1, 0] topology_prune=off leaves=16 sleep_mode=light light_absorb=2 deep_probability=0.257 topology_action=null topology_gain=0.000e+00 topology_candidates=26 collapsed=0 topology_lambda=0.000e+00 time=W116.5/G41.3/S55.2s cache=0/1700 cuda_peak=7087MiB sleep_actions=[]

[Epoch 011] Wake:   0%|                                                             | 0/1700 [00:00<?, ?seq/s]
[Epoch 011] Wake:   0%|                 | 1/1700 [00:04<2:07:58,  4.52s/seq, events=80, loss=2.1791, writes=3]
[Epoch 011] Wake:   4%|5             | 65/1700 [00:08<03:34,  7.62seq/s, events=5200, loss=2.6895, writes=219]
[Epoch 011] Wake:   8%|9           | 129/1700 [00:13<02:35, 10.07seq/s, events=10320, loss=2.7140, writes=405]
[Epoch 011] Wake:  11%|#3          | 193/1700 [00:17<02:12, 11.42seq/s, events=15440, loss=2.7653, writes=545]
[Epoch 011] Wake:  15%|#8          | 257/1700 [00:22<01:58, 12.20seq/s, events=20560, loss=2.7587, writes=672]
[Epoch 011] Wake:  19%|##2         | 321/1700 [00:26<01:48, 12.67seq/s, events=25680, loss=2.7553, writes=784]
[Epoch 011] Wake:  23%|##7         | 385/1700 [00:30<01:40, 13.07seq/s, events=30800, loss=2.7559, writes=894]
[Epoch 011] Wake:  26%|###1        | 449/1700 [00:35<01:33, 13.38seq/s, events=35920, loss=2.7387, writes=993]
[Epoch 011] Wake:  30%|###3       | 513/1700 [00:39<01:27, 13.54seq/s, events=41040, loss=2.7386, writes=1092]
[Epoch 011] Wake:  34%|###7       | 577/1700 [00:43<01:21, 13.78seq/s, events=46160, loss=2.7503, writes=1192]
[Epoch 011] Wake:  38%|####1      | 641/1700 [00:48<01:16, 13.90seq/s, events=51280, loss=2.7480, writes=1295]
[Epoch 011] Wake:  41%|####5      | 705/1700 [00:52<01:10, 14.04seq/s, events=56400, loss=2.7513, writes=1394]
[Epoch 011] Wake:  45%|####9      | 769/1700 [00:56<01:05, 14.15seq/s, events=61520, loss=2.7426, writes=1497]
[Epoch 011] Wake:  49%|#####3     | 833/1700 [01:01<01:01, 14.18seq/s, events=66640, loss=2.7454, writes=1593]
[Epoch 011] Wake:  53%|#####8     | 897/1700 [01:05<00:56, 14.26seq/s, events=71760, loss=2.7518, writes=1708]
[Epoch 011] Wake:  57%|######2    | 961/1700 [01:09<00:51, 14.32seq/s, events=76880, loss=2.7509, writes=1815]
[Epoch 011] Wake:  60%|######    | 1025/1700 [01:14<00:47, 14.33seq/s, events=82000, loss=2.7430, writes=1923]
[Epoch 011] Wake:  64%|######4   | 1089/1700 [01:18<00:42, 14.39seq/s, events=87120, loss=2.7456, writes=2026]
[Epoch 011] Wake:  68%|######7   | 1153/1700 [01:23<00:38, 14.36seq/s, events=92240, loss=2.7504, writes=2129]
[Epoch 011] Wake:  72%|#######1  | 1217/1700 [01:27<00:33, 14.42seq/s, events=97360, loss=2.7421, writes=2234]
[Epoch 011] Wake:  75%|######7  | 1281/1700 [01:31<00:29, 14.45seq/s, events=102480, loss=2.7426, writes=2354]
[Epoch 011] Wake:  79%|#######1 | 1345/1700 [01:36<00:24, 14.43seq/s, events=107600, loss=2.7460, writes=2484]
[Epoch 011] Wake:  83%|#######4 | 1409/1700 [01:40<00:20, 14.45seq/s, events=112720, loss=2.7405, writes=2610]
[Epoch 011] Wake:  87%|#######7 | 1473/1700 [01:45<00:15, 14.45seq/s, events=117840, loss=2.7391, writes=2730]
[Epoch 011] Wake:  90%|########1| 1537/1700 [01:49<00:11, 14.49seq/s, events=122960, loss=2.7473, writes=2834]
[Epoch 011] Wake:  94%|########4| 1601/1700 [01:53<00:06, 14.51seq/s, events=128080, loss=2.7475, writes=2935]
[Epoch 011] Wake:  98%|########8| 1665/1700 [01:56<00:02, 15.11seq/s, events=133200, loss=2.7489, writes=3032]
[Epoch 011] Wake: 100%|#########| 1700/1700 [01:56<00:00, 14.57seq/s, events=136000, loss=2.7498, writes=3093]

[Epoch 011] Global:   0%|                                                      | 0/1700 [00:00<?, ?seq-pass/s]
[Epoch 011] Global:   8%|#4                 | 128/1700 [00:03<00:38, 41.25seq-pass/s, batch=2/27, phase=train]
[Epoch 011] Global:  15%|##8                | 256/1700 [00:06<00:35, 41.25seq-pass/s, batch=4/27, phase=train]
[Epoch 011] Global:  23%|####2              | 384/1700 [00:09<00:32, 41.12seq-pass/s, batch=6/27, phase=train]
[Epoch 011] Global:  30%|#####7             | 512/1700 [00:12<00:28, 41.13seq-pass/s, batch=8/27, phase=train]
[Epoch 011] Global:  38%|######7           | 640/1700 [00:15<00:25, 41.14seq-pass/s, batch=10/27, phase=train]
[Epoch 011] Global:  45%|########1         | 768/1700 [00:18<00:22, 41.13seq-pass/s, batch=12/27, phase=train]
[Epoch 011] Global:  53%|#########4        | 896/1700 [00:21<00:19, 41.15seq-pass/s, batch=14/27, phase=train]
[Epoch 011] Global:  60%|##########2      | 1024/1700 [00:24<00:16, 41.13seq-pass/s, batch=16/27, phase=train]
[Epoch 011] Global:  68%|###########5     | 1152/1700 [00:27<00:13, 41.18seq-pass/s, batch=18/27, phase=train]
[Epoch 011] Global:  75%|############8    | 1280/1700 [00:31<00:10, 41.13seq-pass/s, batch=20/27, phase=train]
[Epoch 011] Global:  83%|##############   | 1408/1700 [00:34<00:07, 41.17seq-pass/s, batch=22/27, phase=train]
[Epoch 011] Global:  90%|###############3 | 1536/1700 [00:37<00:03, 41.14seq-pass/s, batch=24/27, phase=train]
[Epoch 011] Global:  98%|################6| 1664/1700 [00:40<00:00, 41.16seq-pass/s, batch=26/27, phase=train]
[Epoch 011] Global: 100%|#################| 1700/1700 [00:41<00:00, 41.09seq-pass/s, batch=27/27, phase=train]

[Epoch 011] Sleep:   0%|                                                             | 0/20 [00:00<?, ?step/s]
[Epoch 011] Sleep:   5%|8                | 1/20 [00:00<00:15,  1.26step/s, absorbed=2, phase=light, replay=94]
[Epoch 011] Sleep:  90%|##########8 | 18/20 [00:00<00:00, 22.58step/s, actions=0, phase=light, pressure=0.138]
[Epoch 011] Sleep: 100%|############| 20/20 [00:00<00:00, 25.08step/s, actions=0, phase=light, pressure=0.138]
[MemoryTree][011/050] wake/event=2.749833 sleep_residual_utility=0.012795 writes=3093 memorize=40 queue_split=28514 wake_actions=A96124/R11322/M40/Q28514 novelty=0.0195 weighted_sim=0.9610 wm_grad_max=3.905e+00 global/event=2.746438 mix_diag=2.9967 global_steps=27 prior_KL=6.933e-02 seq_H_cond=0.4485 seq_H_marg=0.5411 seq_MI=9.268e-02 post_KL_diag=2.803e-01 branch_distill=2.069e-01 probe=6.106e+00/0.533->0.529/0.125/0.445 frontier=6.98/12.96/5.98 enc_gate=0.138 enc_scale=0.011 teacher_conf=0.136 teacher_JS=5.715e-02 max_mass=0.0985 owner_hard=[0, 0, 0, 0, 0, 1, 474, 0, 0, 5, 0, 417, 1, 152, 0, 0, 0, 166, 0, 387, 0, 0, 97, 0, 0, 0, 0, 0, 0, 0, 0] mem_assign=[1047, 3865, 2216, 3547, 851, 3091, 20763, 1707, 3130, 2999, 3092, 23283, 8434, 10144, 24, 209, 23, 6427, 1332, 19313, 973, 432, 16025, 528, 2273, 0, 112, 9, 148, 3, 0] topology_prune=off leaves=16 sleep_mode=light light_absorb=2 deep_probability=0.138 topology_action=null topology_gain=0.000e+00 topology_candidates=0 collapsed=0 topology_lambda=0.000e+00 time=W116.7/G41.4/S0.9s cache=0/1700 cuda_peak=7087MiB sleep_actions=[]

[Epoch 012] Wake:   0%|                                                             | 0/1700 [00:00<?, ?seq/s]
[Epoch 012] Wake:   0%|                 | 1/1700 [00:04<2:05:15,  4.42s/seq, events=80, loss=4.2841, writes=4]
[Epoch 012] Wake:   4%|5             | 65/1700 [00:08<03:30,  7.78seq/s, events=5200, loss=2.7502, writes=234]
[Epoch 012] Wake:   8%|9           | 129/1700 [00:13<02:32, 10.33seq/s, events=10320, loss=2.7553, writes=366]
[Epoch 012] Wake:  11%|#3          | 193/1700 [00:17<02:10, 11.58seq/s, events=15440, loss=2.7544, writes=459]
[Epoch 012] Wake:  15%|#8          | 257/1700 [00:21<01:56, 12.35seq/s, events=20560, loss=2.7554, writes=531]
[Epoch 012] Wake:  19%|##2         | 321/1700 [00:26<01:47, 12.79seq/s, events=25680, loss=2.7527, writes=612]
[Epoch 012] Wake:  23%|##7         | 385/1700 [00:30<01:39, 13.17seq/s, events=30800, loss=2.7494, writes=679]
[Epoch 012] Wake:  26%|###1        | 449/1700 [00:35<01:33, 13.40seq/s, events=35920, loss=2.7234, writes=754]
[Epoch 012] Wake:  30%|###6        | 513/1700 [00:39<01:26, 13.66seq/s, events=41040, loss=2.7291, writes=831]
[Epoch 012] Wake:  34%|####        | 577/1700 [00:43<01:21, 13.78seq/s, events=46160, loss=2.7335, writes=898]
[Epoch 012] Wake:  38%|####5       | 641/1700 [00:48<01:16, 13.87seq/s, events=51280, loss=2.7246, writes=963]
[Epoch 012] Wake:  41%|####5      | 705/1700 [00:52<01:11, 14.01seq/s, events=56400, loss=2.7254, writes=1021]
[Epoch 012] Wake:  45%|####9      | 769/1700 [00:56<01:05, 14.11seq/s, events=61520, loss=2.7269, writes=1080]
[Epoch 012] Wake:  49%|#####3     | 833/1700 [01:01<01:01, 14.15seq/s, events=66640, loss=2.7228, writes=1145]
[Epoch 012] Wake:  53%|#####8     | 897/1700 [01:05<00:56, 14.23seq/s, events=71760, loss=2.7355, writes=1202]
[Epoch 012] Wake:  57%|######2    | 961/1700 [01:09<00:51, 14.27seq/s, events=76880, loss=2.7407, writes=1259]
[Epoch 012] Wake:  60%|######    | 1025/1700 [01:14<00:47, 14.30seq/s, events=82000, loss=2.7372, writes=1313]
[Epoch 012] Wake:  64%|######4   | 1089/1700 [01:18<00:42, 14.36seq/s, events=87120, loss=2.7427, writes=1365]
[Epoch 012] Wake:  68%|######7   | 1153/1700 [01:23<00:37, 14.42seq/s, events=92240, loss=2.7402, writes=1418]
[Epoch 012] Wake:  72%|#######1  | 1217/1700 [01:27<00:33, 14.45seq/s, events=97360, loss=2.7388, writes=1473]
[Epoch 012] Wake:  75%|######7  | 1281/1700 [01:31<00:28, 14.49seq/s, events=102480, loss=2.7368, writes=1520]
[Epoch 012] Wake:  79%|#######1 | 1345/1700 [01:36<00:24, 14.49seq/s, events=107600, loss=2.7368, writes=1572]
[Epoch 012] Wake:  83%|#######4 | 1409/1700 [01:40<00:20, 14.53seq/s, events=112720, loss=2.7381, writes=1627]
[Epoch 012] Wake:  87%|#######7 | 1473/1700 [01:44<00:15, 14.56seq/s, events=117840, loss=2.7361, writes=1688]
[Epoch 012] Wake:  90%|########1| 1537/1700 [01:49<00:11, 14.57seq/s, events=122960, loss=2.7357, writes=1752]
[Epoch 012] Wake:  94%|########4| 1601/1700 [01:53<00:06, 14.61seq/s, events=128080, loss=2.7326, writes=1820]
[Epoch 012] Wake:  98%|########8| 1665/1700 [01:56<00:02, 15.21seq/s, events=133200, loss=2.7311, writes=1878]
[Epoch 012] Wake: 100%|#########| 1700/1700 [01:56<00:00, 14.63seq/s, events=136000, loss=2.7341, writes=1906]

[Epoch 012] Global:   0%|                                                      | 0/1700 [00:00<?, ?seq-pass/s]
[Epoch 012] Global:   8%|#4                 | 128/1700 [00:03<00:38, 40.83seq-pass/s, batch=2/27, phase=train]
[Epoch 012] Global:  15%|##8                | 256/1700 [00:06<00:35, 40.93seq-pass/s, batch=4/27, phase=train]
[Epoch 012] Global:  23%|####2              | 384/1700 [00:09<00:32, 41.08seq-pass/s, batch=6/27, phase=train]
[Epoch 012] Global:  30%|#####7             | 512/1700 [00:12<00:28, 41.10seq-pass/s, batch=8/27, phase=train]
[Epoch 012] Global:  38%|######7           | 640/1700 [00:15<00:25, 41.13seq-pass/s, batch=10/27, phase=train]
[Epoch 012] Global:  45%|########1         | 768/1700 [00:18<00:22, 41.15seq-pass/s, batch=12/27, phase=train]
[Epoch 012] Global:  53%|#########4        | 896/1700 [00:21<00:19, 41.15seq-pass/s, batch=14/27, phase=train]
[Epoch 012] Global:  60%|##########2      | 1024/1700 [00:24<00:16, 41.18seq-pass/s, batch=16/27, phase=train]
[Epoch 012] Global:  68%|###########5     | 1152/1700 [00:28<00:13, 41.15seq-pass/s, batch=18/27, phase=train]
[Epoch 012] Global:  75%|############8    | 1280/1700 [00:31<00:10, 41.21seq-pass/s, batch=20/27, phase=train]
[Epoch 012] Global:  83%|##############   | 1408/1700 [00:34<00:07, 41.16seq-pass/s, batch=22/27, phase=train]
[Epoch 012] Global:  90%|###############3 | 1536/1700 [00:37<00:03, 41.17seq-pass/s, batch=24/27, phase=train]
[Epoch 012] Global:  98%|################6| 1664/1700 [00:40<00:00, 41.16seq-pass/s, batch=26/27, phase=train]
[Epoch 012] Global: 100%|#################| 1700/1700 [00:41<00:00, 41.09seq-pass/s, batch=27/27, phase=train]

[Epoch 012] Sleep:   0%|                                                             | 0/20 [00:00<?, ?step/s]
[Epoch 012] Sleep:   5%|8                | 1/20 [00:00<00:16,  1.18step/s, absorbed=3, phase=light, replay=94]
[Epoch 012] Sleep:  10%|##5                      | 2/20 [00:01<00:11,  1.58step/s, leaf=root_L_L, phase=split]
[Epoch 012] Sleep:  15%|###7                     | 3/20 [00:04<00:27,  1.61s/step, leaf=root_L_L, phase=split]
[Epoch 012] Sleep:  15%|###4                   | 3/20 [00:04<00:27,  1.61s/step, leaf=root_L_R_L, phase=split]
[Epoch 012] Sleep:  20%|####2                | 4/20 [00:08<00:25,  1.61s/step, leaf=root_L_R_R_L, phase=split]
[Epoch 012] Sleep:  25%|#####2               | 5/20 [00:11<00:36,  2.44s/step, leaf=root_L_R_R_L, phase=split]
[Epoch 012] Sleep:  25%|#####2               | 5/20 [00:11<00:36,  2.44s/step, leaf=root_L_R_R_R, phase=split]
[Epoch 012] Sleep:  30%|######3              | 6/20 [00:15<00:37,  2.65s/step, leaf=root_L_R_R_R, phase=split]
[Epoch 012] Sleep:  30%|######3              | 6/20 [00:15<00:37,  2.65s/step, leaf=root_R_L_L_L, phase=split]
[Epoch 012] Sleep:  35%|#######3             | 7/20 [00:19<00:36,  2.81s/step, leaf=root_R_L_L_L, phase=split]
[Epoch 012] Sleep:  35%|#######3             | 7/20 [00:19<00:36,  2.81s/step, leaf=root_R_L_L_R, phase=split]
[Epoch 012] Sleep:  40%|########4            | 8/20 [00:22<00:35,  2.93s/step, leaf=root_R_L_L_R, phase=split]
[Epoch 012] Sleep:  40%|########4            | 8/20 [00:22<00:35,  2.93s/step, leaf=root_R_L_R_L, phase=split]
[Epoch 012] Sleep:  45%|#########4           | 9/20 [00:26<00:33,  3.03s/step, leaf=root_R_L_R_L, phase=split]
[Epoch 012] Sleep:  45%|########5          | 9/20 [00:26<00:33,  3.03s/step, leaf=root_R_L_R_R_L, phase=split]
[Epoch 012] Sleep:  50%|#########         | 10/20 [00:29<00:30,  3.10s/step, leaf=root_R_L_R_R_L, phase=split]
[Epoch 012] Sleep:  50%|#########         | 10/20 [00:29<00:30,  3.10s/step, leaf=root_R_L_R_R_R, phase=split]
[Epoch 012] Sleep:  55%|#########9        | 11/20 [00:33<00:28,  3.14s/step, leaf=root_R_L_R_R_R, phase=split]
[Epoch 012] Sleep:  55%|###########         | 11/20 [00:33<00:28,  3.14s/step, leaf=root_R_R_L_L, phase=split]
[Epoch 012] Sleep:  60%|############        | 12/20 [00:36<00:25,  3.17s/step, leaf=root_R_R_L_L, phase=split]
[Epoch 012] Sleep:  60%|##########7       | 12/20 [00:36<00:25,  3.17s/step, leaf=root_R_R_L_R_L, phase=split]
[Epoch 012] Sleep:  65%|###########7      | 13/20 [00:39<00:22,  3.20s/step, leaf=root_R_R_L_R_L, phase=split]
[Epoch 012] Sleep:  65%|##########4     | 13/20 [00:39<00:22,  3.20s/step, leaf=root_R_R_L_R_R_L, phase=split]
[Epoch 012] Sleep:  70%|###########2    | 14/20 [00:43<00:19,  3.22s/step, leaf=root_R_R_L_R_R_L, phase=split]
[Epoch 012] Sleep:  70%|###########2    | 14/20 [00:43<00:19,  3.22s/step, leaf=root_R_R_L_R_R_R, phase=split]
[Epoch 012] Sleep:  75%|############    | 15/20 [00:46<00:16,  3.24s/step, leaf=root_R_R_L_R_R_R, phase=split]
[Epoch 012] Sleep:  75%|###############     | 15/20 [00:46<00:16,  3.24s/step, leaf=root_R_R_R_L, phase=split]
[Epoch 012] Sleep:  80%|################    | 16/20 [00:49<00:13,  3.25s/step, leaf=root_R_R_R_L, phase=split]
[Epoch 012] Sleep:  80%|##############4   | 16/20 [00:49<00:13,  3.25s/step, leaf=root_R_R_R_R_L, phase=split]
[Epoch 012] Sleep:  85%|###############3  | 17/20 [00:53<00:09,  3.28s/step, leaf=root_R_R_R_R_L, phase=split]
[Epoch 012] Sleep:  85%|###############3  | 17/20 [00:53<00:09,  3.28s/step, leaf=root_R_R_R_R_R, phase=split]
[Epoch 012] Sleep:  90%|################2 | 18/20 [00:56<00:06,  3.29s/step, leaf=root_R_R_R_R_R, phase=split]
[Epoch 012] Sleep:  90%|###########7 | 18/20 [01:01<00:06,  3.29s/step, actions=4, phase=deep, pressure=0.209]
[Epoch 012] Sleep:  95%|############3| 19/20 [01:01<00:03,  3.47s/step, actions=4, phase=deep, pressure=0.209]
[Epoch 012] Sleep: 100%|#############| 20/20 [01:01<00:00,  3.08s/step, actions=4, phase=deep, pressure=0.209]
[MemoryTree][012/050] wake/event=2.734123 sleep_residual_utility=0.013267 writes=1906 memorize=30 queue_split=35301 wake_actions=A96215/R4454/M30/Q35301 novelty=0.0336 weighted_sim=0.9327 wm_grad_max=3.759e+00 global/event=2.740223 mix_diag=2.9921 global_steps=27 prior_KL=6.545e-02 seq_H_cond=0.4558 seq_H_marg=0.5463 seq_MI=9.041e-02 post_KL_diag=2.984e-01 branch_distill=2.215e-01 probe=6.170e+00/0.539->0.538/0.143/0.447 frontier=6.97/12.93/5.97 enc_gate=0.157 enc_scale=0.012 teacher_conf=0.151 teacher_JS=5.822e-02 max_mass=0.0791 owner_hard=[0, 0, 0, 0, 0, 4, 291, 0, 0, 4, 7, 799, 4, 170, 0, 0, 0, 141, 0, 167, 0, 0, 113, 0, 0, 0, 0, 0, 0, 0, 0] mem_assign=[1180, 2425, 1379, 4936, 448, 6507, 15930, 0, 2089, 2559, 5923, 28882, 8796, 11057, 25, 70, 38, 5501, 1647, 14703, 2642, 677, 16978, 254, 576, 0, 559, 66, 126, 27, 0] topology_prune=off leaves=16 sleep_mode=deep light_absorb=3 deep_probability=0.209 topology_action=null topology_gain=0.000e+00 topology_candidates=26 collapsed=0 topology_lambda=0.000e+00 time=W116.2/G41.4/S61.7s cache=0/1700 cuda_peak=7082MiB sleep_actions=['promotion', 'promotion', 'promotion', 'promotion']

[Epoch 013] Wake:   0%|                                                             | 0/1700 [00:00<?, ?seq/s]
[Epoch 013] Wake:   0%|                 | 1/1700 [00:04<2:04:36,  4.40s/seq, events=80, loss=2.0647, writes=3]
[Epoch 013] Wake:   4%|5             | 65/1700 [00:08<03:32,  7.70seq/s, events=5200, loss=2.5785, writes=233]
[Epoch 013] Wake:   8%|9           | 129/1700 [00:13<02:32, 10.29seq/s, events=10320, loss=2.7362, writes=306]
[Epoch 013] Wake:  11%|#3          | 193/1700 [00:17<02:09, 11.64seq/s, events=15440, loss=2.7349, writes=379]
[Epoch 013] Wake:  15%|#8          | 257/1700 [00:21<01:56, 12.44seq/s, events=20560, loss=2.7347, writes=443]
[Epoch 013] Wake:  19%|##2         | 321/1700 [00:26<01:47, 12.89seq/s, events=25680, loss=2.7215, writes=502]
[Epoch 013] Wake:  23%|##7         | 385/1700 [00:30<01:39, 13.22seq/s, events=30800, loss=2.7274, writes=563]
[Epoch 013] Wake:  26%|###1        | 449/1700 [00:34<01:32, 13.54seq/s, events=35920, loss=2.7172, writes=608]
[Epoch 013] Wake:  30%|###6        | 513/1700 [00:39<01:26, 13.72seq/s, events=41040, loss=2.7176, writes=654]
[Epoch 013] Wake:  34%|####        | 577/1700 [00:43<01:20, 13.90seq/s, events=46160, loss=2.7208, writes=700]
[Epoch 013] Wake:  38%|####5       | 641/1700 [00:47<01:15, 13.99seq/s, events=51280, loss=2.7364, writes=747]
[Epoch 013] Wake:  41%|####9       | 705/1700 [00:52<01:10, 14.12seq/s, events=56400, loss=2.7252, writes=784]
[Epoch 013] Wake:  45%|#####4      | 769/1700 [00:56<01:05, 14.24seq/s, events=61520, loss=2.7249, writes=826]
[Epoch 013] Wake:  49%|#####8      | 833/1700 [01:00<01:00, 14.34seq/s, events=66640, loss=2.7335, writes=864]
[Epoch 013] Wake:  53%|######3     | 897/1700 [01:05<00:56, 14.32seq/s, events=71760, loss=2.7363, writes=896]
[Epoch 013] Wake:  57%|######7     | 961/1700 [01:09<00:51, 14.41seq/s, events=76880, loss=2.7353, writes=940]
[Epoch 013] Wake:  60%|######6    | 1025/1700 [01:13<00:46, 14.49seq/s, events=82000, loss=2.7330, writes=973]
[Epoch 013] Wake:  64%|######4   | 1089/1700 [01:18<00:42, 14.44seq/s, events=87120, loss=2.7251, writes=1020]
[Epoch 013] Wake:  68%|######7   | 1153/1700 [01:22<00:37, 14.50seq/s, events=92240, loss=2.7245, writes=1077]
[Epoch 013] Wake:  72%|#######1  | 1217/1700 [01:26<00:33, 14.55seq/s, events=97360, loss=2.7260, writes=1136]
[Epoch 013] Wake:  75%|######7  | 1281/1700 [01:30<00:28, 14.61seq/s, events=102480, loss=2.7272, writes=1184]
[Epoch 013] Wake:  79%|#######1 | 1345/1700 [01:35<00:24, 14.58seq/s, events=107600, loss=2.7277, writes=1235]
[Epoch 013] Wake:  83%|#######4 | 1409/1700 [01:39<00:19, 14.64seq/s, events=112720, loss=2.7301, writes=1276]
[Epoch 013] Wake:  87%|#######7 | 1473/1700 [01:44<00:15, 14.63seq/s, events=117840, loss=2.7283, writes=1324]
[Epoch 013] Wake:  90%|########1| 1537/1700 [01:48<00:11, 14.60seq/s, events=122960, loss=2.7348, writes=1376]
[Epoch 013] Wake:  94%|########4| 1601/1700 [01:52<00:06, 14.65seq/s, events=128080, loss=2.7333, writes=1428]
[Epoch 013] Wake:  98%|########8| 1665/1700 [01:55<00:02, 15.25seq/s, events=133200, loss=2.7328, writes=1479]
[Epoch 013] Wake: 100%|#########| 1700/1700 [01:55<00:00, 14.71seq/s, events=136000, loss=2.7344, writes=1499]

[Epoch 013] Global:   0%|                                                      | 0/1700 [00:00<?, ?seq-pass/s]
[Epoch 013] Global:   8%|#4                 | 128/1700 [00:03<00:38, 41.32seq-pass/s, batch=2/27, phase=train]
[Epoch 013] Global:  15%|##8                | 256/1700 [00:06<00:34, 41.28seq-pass/s, batch=4/27, phase=train]
[Epoch 013] Global:  23%|####2              | 384/1700 [00:09<00:31, 41.24seq-pass/s, batch=6/27, phase=train]
[Epoch 013] Global:  30%|#####7             | 512/1700 [00:12<00:28, 41.15seq-pass/s, batch=8/27, phase=train]
[Epoch 013] Global:  38%|######7           | 640/1700 [00:15<00:25, 41.15seq-pass/s, batch=10/27, phase=train]
[Epoch 013] Global:  45%|########1         | 768/1700 [00:18<00:22, 41.18seq-pass/s, batch=12/27, phase=train]
[Epoch 013] Global:  53%|#########4        | 896/1700 [00:21<00:19, 41.18seq-pass/s, batch=14/27, phase=train]
[Epoch 013] Global:  60%|##########2      | 1024/1700 [00:24<00:16, 41.18seq-pass/s, batch=16/27, phase=train]
[Epoch 013] Global:  68%|###########5     | 1152/1700 [00:27<00:13, 41.15seq-pass/s, batch=18/27, phase=train]
[Epoch 013] Global:  75%|############8    | 1280/1700 [00:31<00:10, 41.14seq-pass/s, batch=20/27, phase=train]
[Epoch 013] Global:  83%|##############   | 1408/1700 [00:34<00:07, 41.13seq-pass/s, batch=22/27, phase=train]
[Epoch 013] Global:  90%|###############3 | 1536/1700 [00:37<00:03, 41.12seq-pass/s, batch=24/27, phase=train]
[Epoch 013] Global:  98%|################6| 1664/1700 [00:40<00:00, 41.13seq-pass/s, batch=26/27, phase=train]
[Epoch 013] Global: 100%|#################| 1700/1700 [00:41<00:00, 41.07seq-pass/s, batch=27/27, phase=train]

[Epoch 013] Sleep:   0%|                                                             | 0/20 [00:00<?, ?step/s]
[Epoch 013] Sleep:   5%|8                | 1/20 [00:00<00:15,  1.25step/s, absorbed=4, phase=light, replay=96]
[Epoch 013] Sleep:  10%|##5                      | 2/20 [00:01<00:10,  1.74step/s, leaf=root_L_L, phase=split]
[Epoch 013] Sleep:  15%|###7                     | 3/20 [00:04<00:25,  1.51s/step, leaf=root_L_L, phase=split]
[Epoch 013] Sleep:  15%|###4                   | 3/20 [00:04<00:25,  1.51s/step, leaf=root_L_R_L, phase=split]
[Epoch 013] Sleep:  20%|####2                | 4/20 [00:07<00:24,  1.51s/step, leaf=root_L_R_R_L, phase=split]
[Epoch 013] Sleep:  25%|#####2               | 5/20 [00:11<00:34,  2.31s/step, leaf=root_L_R_R_L, phase=split]
[Epoch 013] Sleep:  25%|#####2               | 5/20 [00:11<00:34,  2.31s/step, leaf=root_L_R_R_R, phase=split]
[Epoch 013] Sleep:  30%|######3              | 6/20 [00:14<00:35,  2.51s/step, leaf=root_L_R_R_R, phase=split]
[Epoch 013] Sleep:  30%|######3              | 6/20 [00:14<00:35,  2.51s/step, leaf=root_R_L_L_L, phase=split]
[Epoch 013] Sleep:  35%|#######3             | 7/20 [00:18<00:34,  2.66s/step, leaf=root_R_L_L_L, phase=split]
[Epoch 013] Sleep:  35%|#######3             | 7/20 [00:18<00:34,  2.66s/step, leaf=root_R_L_L_R, phase=split]
[Epoch 013] Sleep:  40%|########4            | 8/20 [00:21<00:33,  2.78s/step, leaf=root_R_L_L_R, phase=split]
[Epoch 013] Sleep:  40%|########4            | 8/20 [00:21<00:33,  2.78s/step, leaf=root_R_L_R_L, phase=split]
[Epoch 013] Sleep:  45%|#########4           | 9/20 [00:24<00:31,  2.87s/step, leaf=root_R_L_R_L, phase=split]
[Epoch 013] Sleep:  45%|########5          | 9/20 [00:24<00:31,  2.87s/step, leaf=root_R_L_R_R_L, phase=split]
[Epoch 013] Sleep:  50%|#########         | 10/20 [00:28<00:29,  2.94s/step, leaf=root_R_L_R_R_L, phase=split]
[Epoch 013] Sleep:  50%|#########         | 10/20 [00:28<00:29,  2.94s/step, leaf=root_R_L_R_R_R, phase=split]
[Epoch 013] Sleep:  55%|#########9        | 11/20 [00:31<00:27,  3.00s/step, leaf=root_R_L_R_R_R, phase=split]
[Epoch 013] Sleep:  55%|###########         | 11/20 [00:31<00:27,  3.00s/step, leaf=root_R_R_L_L, phase=split]
[Epoch 013] Sleep:  60%|############        | 12/20 [00:34<00:24,  3.05s/step, leaf=root_R_R_L_L, phase=split]
[Epoch 013] Sleep:  60%|##########7       | 12/20 [00:34<00:24,  3.05s/step, leaf=root_R_R_L_R_L, phase=split]
[Epoch 013] Sleep:  65%|###########7      | 13/20 [00:38<00:21,  3.09s/step, leaf=root_R_R_L_R_L, phase=split]
[Epoch 013] Sleep:  65%|##########4     | 13/20 [00:38<00:21,  3.09s/step, leaf=root_R_R_L_R_R_L, phase=split]
[Epoch 013] Sleep:  70%|###########2    | 14/20 [00:41<00:18,  3.12s/step, leaf=root_R_R_L_R_R_L, phase=split]
[Epoch 013] Sleep:  70%|###########2    | 14/20 [00:41<00:18,  3.12s/step, leaf=root_R_R_L_R_R_R, phase=split]
[Epoch 013] Sleep:  75%|############    | 15/20 [00:44<00:15,  3.15s/step, leaf=root_R_R_L_R_R_R, phase=split]
[Epoch 013] Sleep:  75%|###############     | 15/20 [00:44<00:15,  3.15s/step, leaf=root_R_R_R_L, phase=split]
[Epoch 013] Sleep:  80%|################    | 16/20 [00:48<00:12,  3.18s/step, leaf=root_R_R_R_L, phase=split]
[Epoch 013] Sleep:  80%|##############4   | 16/20 [00:48<00:12,  3.18s/step, leaf=root_R_R_R_R_L, phase=split]
[Epoch 013] Sleep:  85%|###############3  | 17/20 [00:51<00:09,  3.19s/step, leaf=root_R_R_R_R_L, phase=split]
[Epoch 013] Sleep:  85%|###############3  | 17/20 [00:51<00:09,  3.19s/step, leaf=root_R_R_R_R_R, phase=split]
[Epoch 013] Sleep:  90%|################2 | 18/20 [00:54<00:06,  3.20s/step, leaf=root_R_R_R_R_R, phase=split]
[Epoch 013] Sleep:  90%|###########7 | 18/20 [00:59<00:06,  3.20s/step, actions=4, phase=deep, pressure=0.138]
[Epoch 013] Sleep:  95%|############3| 19/20 [00:59<00:03,  3.38s/step, actions=4, phase=deep, pressure=0.138]
[Epoch 013] Sleep: 100%|#############| 20/20 [00:59<00:00,  2.98s/step, actions=4, phase=deep, pressure=0.138]
[MemoryTree][013/050] wake/event=2.734449 sleep_residual_utility=0.013418 writes=1499 memorize=29 queue_split=38411 wake_actions=A96362/R1198/M29/Q38411 novelty=0.0318 weighted_sim=0.9365 wm_grad_max=3.552e+00 global/event=2.738034 mix_diag=2.9792 global_steps=27 prior_KL=6.922e-02 seq_H_cond=0.4569 seq_H_marg=0.5405 seq_MI=8.365e-02 post_KL_diag=3.007e-01 branch_distill=2.141e-01 probe=6.244e+00/0.558->0.558/0.198/0.447 frontier=6.97/12.95/5.97 enc_gate=0.160 enc_scale=0.013 teacher_conf=0.159 teacher_JS=5.722e-02 max_mass=0.0598 owner_hard=[0, 4, 0, 0, 0, 0, 675, 0, 0, 2, 0, 525, 87, 90, 0, 0, 0, 170, 0, 60, 1, 0, 86, 0, 0, 0, 0, 0, 0, 0, 0] mem_assign=[1132, 5726, 1467, 3240, 273, 3898, 23072, 0, 3084, 3131, 3782, 24169, 16797, 8485, 237, 49, 51, 6619, 822, 9711, 5106, 1158, 11932, 667, 485, 0, 384, 394, 56, 73, 0] topology_prune=on leaves=16 sleep_mode=deep light_absorb=4 deep_probability=0.138 topology_action=null topology_gain=0.000e+00 topology_candidates=26 collapsed=0 topology_lambda=0.000e+00 time=W115.5/G41.4/S59.7s cache=0/1700 cuda_peak=7080MiB sleep_actions=['promotion', 'promotion', 'promotion', 'promotion']

[Epoch 014] Wake:   0%|                                                             | 0/1700 [00:00<?, ?seq/s]
[Epoch 014] Wake:   0%|                 | 1/1700 [00:04<2:03:26,  4.36s/seq, events=80, loss=2.8625, writes=4]
[Epoch 014] Wake:   4%|5             | 65/1700 [00:08<03:28,  7.86seq/s, events=5200, loss=2.7056, writes=199]
[Epoch 014] Wake:   8%|9           | 129/1700 [00:13<02:32, 10.33seq/s, events=10320, loss=2.7318, writes=315]
[Epoch 014] Wake:  11%|#3          | 193/1700 [00:17<02:09, 11.66seq/s, events=15440, loss=2.7336, writes=404]
[Epoch 014] Wake:  15%|#8          | 257/1700 [00:21<01:55, 12.47seq/s, events=20560, loss=2.6998, writes=472]
[Epoch 014] Wake:  19%|##2         | 321/1700 [00:26<01:46, 12.93seq/s, events=25680, loss=2.7134, writes=538]
[Epoch 014] Wake:  23%|##7         | 385/1700 [00:30<01:38, 13.32seq/s, events=30800, loss=2.7190, writes=603]
[Epoch 014] Wake:  26%|###1        | 449/1700 [00:34<01:32, 13.54seq/s, events=35920, loss=2.7486, writes=652]
[Epoch 014] Wake:  30%|###6        | 513/1700 [00:38<01:26, 13.76seq/s, events=41040, loss=2.7369, writes=706]
[Epoch 014] Wake:  34%|####        | 577/1700 [00:43<01:20, 13.95seq/s, events=46160, loss=2.7330, writes=764]
[Epoch 014] Wake:  38%|####5       | 641/1700 [00:47<01:15, 14.10seq/s, events=51280, loss=2.7334, writes=820]
[Epoch 014] Wake:  41%|####9       | 705/1700 [00:51<01:10, 14.14seq/s, events=56400, loss=2.7384, writes=897]
[Epoch 014] Wake:  45%|#####4      | 769/1700 [00:56<01:05, 14.25seq/s, events=61520, loss=2.7204, writes=943]
[Epoch 014] Wake:  49%|#####3     | 833/1700 [01:00<01:00, 14.24seq/s, events=66640, loss=2.7215, writes=1001]
[Epoch 014] Wake:  53%|#####8     | 897/1700 [01:05<00:56, 14.32seq/s, events=71760, loss=2.7207, writes=1065]
[Epoch 014] Wake:  57%|######2    | 961/1700 [01:09<00:51, 14.38seq/s, events=76880, loss=2.7250, writes=1138]
[Epoch 014] Wake:  60%|######    | 1025/1700 [01:13<00:46, 14.43seq/s, events=82000, loss=2.7324, writes=1207]
[Epoch 014] Wake:  64%|######4   | 1089/1700 [01:18<00:42, 14.43seq/s, events=87120, loss=2.7298, writes=1284]
[Epoch 014] Wake:  68%|######7   | 1153/1700 [01:22<00:37, 14.47seq/s, events=92240, loss=2.7323, writes=1368]
[Epoch 014] Wake:  72%|#######1  | 1217/1700 [01:26<00:33, 14.49seq/s, events=97360, loss=2.7333, writes=1461]
[Epoch 014] Wake:  75%|######7  | 1281/1700 [01:31<00:28, 14.48seq/s, events=102480, loss=2.7324, writes=1576]
[Epoch 014] Wake:  79%|#######1 | 1345/1700 [01:35<00:24, 14.51seq/s, events=107600, loss=2.7364, writes=1662]
[Epoch 014] Wake:  83%|#######4 | 1409/1700 [01:40<00:20, 14.50seq/s, events=112720, loss=2.7368, writes=1759]
[Epoch 014] Wake:  87%|#######7 | 1473/1700 [01:44<00:15, 14.52seq/s, events=117840, loss=2.7363, writes=1829]
[Epoch 014] Wake:  90%|########1| 1537/1700 [01:48<00:11, 14.53seq/s, events=122960, loss=2.7364, writes=1906]
[Epoch 014] Wake:  94%|########4| 1601/1700 [01:53<00:06, 14.57seq/s, events=128080, loss=2.7364, writes=1999]
[Epoch 014] Wake:  98%|########8| 1665/1700 [01:55<00:02, 15.15seq/s, events=133200, loss=2.7376, writes=2084]
[Epoch 014] Wake: 100%|#########| 1700/1700 [01:55<00:00, 14.66seq/s, events=136000, loss=2.7385, writes=2130]

[Epoch 014] Global:   0%|                                                      | 0/1700 [00:00<?, ?seq-pass/s]
[Epoch 014] Global:   8%|#4                 | 128/1700 [00:03<00:38, 41.08seq-pass/s, batch=2/27, phase=train]
[Epoch 014] Global:  15%|##8                | 256/1700 [00:06<00:35, 41.09seq-pass/s, batch=4/27, phase=train]
[Epoch 014] Global:  23%|####2              | 384/1700 [00:09<00:32, 41.06seq-pass/s, batch=6/27, phase=train]
[Epoch 014] Global:  30%|#####7             | 512/1700 [00:12<00:28, 41.08seq-pass/s, batch=8/27, phase=train]
[Epoch 014] Global:  38%|######7           | 640/1700 [00:15<00:25, 41.11seq-pass/s, batch=10/27, phase=train]
[Epoch 014] Global:  45%|########1         | 768/1700 [00:18<00:22, 41.07seq-pass/s, batch=12/27, phase=train]
[Epoch 014] Global:  53%|#########4        | 896/1700 [00:21<00:19, 41.03seq-pass/s, batch=14/27, phase=train]
[Epoch 014] Global:  60%|##########2      | 1024/1700 [00:24<00:16, 40.99seq-pass/s, batch=16/27, phase=train]
[Epoch 014] Global:  68%|###########5     | 1152/1700 [00:28<00:13, 40.98seq-pass/s, batch=18/27, phase=train]
[Epoch 014] Global:  75%|############8    | 1280/1700 [00:31<00:10, 40.99seq-pass/s, batch=20/27, phase=train]
[Epoch 014] Global:  83%|##############   | 1408/1700 [00:34<00:07, 40.97seq-pass/s, batch=22/27, phase=train]
[Epoch 014] Global:  90%|###############3 | 1536/1700 [00:37<00:04, 40.99seq-pass/s, batch=24/27, phase=train]
[Epoch 014] Global:  98%|################6| 1664/1700 [00:40<00:00, 40.98seq-pass/s, batch=26/27, phase=train]
[Epoch 014] Global: 100%|#################| 1700/1700 [00:41<00:00, 40.92seq-pass/s, batch=27/27, phase=train]

[Epoch 014] Sleep:   0%|                                                             | 0/20 [00:00<?, ?step/s]
[Epoch 014] Sleep:   5%|8                | 1/20 [00:00<00:15,  1.25step/s, absorbed=4, phase=light, replay=96]
[Epoch 014] Sleep:  90%|##########8 | 18/20 [00:00<00:00, 22.35step/s, actions=0, phase=light, pressure=0.139]
[Epoch 014] Sleep: 100%|############| 20/20 [00:00<00:00, 24.83step/s, actions=0, phase=light, pressure=0.139]
[MemoryTree][014/050] wake/event=2.738470 sleep_residual_utility=0.012133 writes=2130 memorize=30 queue_split=38221 wake_actions=A96289/R1460/M30/Q38221 novelty=0.0237 weighted_sim=0.9526 wm_grad_max=4.790e+00 global/event=2.746868 mix_diag=2.9480 global_steps=27 prior_KL=6.585e-02 seq_H_cond=0.4706 seq_H_marg=0.5500 seq_MI=7.939e-02 post_KL_diag=3.079e-01 branch_distill=2.227e-01 probe=6.334e+00/0.543->0.543/0.153/0.446 frontier=6.96/12.92/5.96 enc_gate=0.155 enc_scale=0.012 teacher_conf=0.154 teacher_JS=5.762e-02 max_mass=0.0559 owner_hard=[0, 6, 0, 0, 0, 0, 601, 0, 0, 39, 5, 199, 567, 73, 0, 0, 0, 102, 0, 19, 12, 0, 77, 0, 0, 0, 0, 0, 0, 0, 0] mem_assign=[1152, 6162, 1865, 3048, 463, 4084, 22786, 0, 2177, 5044, 5264, 15379, 23151, 7889, 533, 372, 34, 4707, 1228, 8126, 7429, 1571, 10365, 1392, 743, 16, 468, 366, 129, 57, 0] topology_prune=on leaves=16 sleep_mode=light light_absorb=4 deep_probability=0.139 topology_action=null topology_gain=0.000e+00 topology_candidates=0 collapsed=0 topology_lambda=0.000e+00 time=W115.9/G41.5/S0.9s cache=0/1700 cuda_peak=7080MiB sleep_actions=[]

[Epoch 015] Wake:   0%|                                                             | 0/1700 [00:00<?, ?seq/s]
[Epoch 015] Wake:   0%|                 | 1/1700 [00:04<2:04:57,  4.41s/seq, events=80, loss=2.8813, writes=3]
[Epoch 015] Wake:   4%|5             | 65/1700 [00:08<03:27,  7.87seq/s, events=5200, loss=2.7782, writes=237]
[Epoch 015] Wake:   8%|9           | 129/1700 [00:13<02:32, 10.31seq/s, events=10320, loss=2.7538, writes=286]
[Epoch 015] Wake:  11%|#3          | 193/1700 [00:17<02:09, 11.67seq/s, events=15440, loss=2.7277, writes=339]
[Epoch 015] Wake:  15%|#8          | 257/1700 [00:21<01:56, 12.41seq/s, events=20560, loss=2.7628, writes=383]
[Epoch 015] Wake:  19%|##2         | 321/1700 [00:26<01:47, 12.87seq/s, events=25680, loss=2.7700, writes=417]
[Epoch 015] Wake:  23%|##7         | 385/1700 [00:30<01:39, 13.26seq/s, events=30800, loss=2.7720, writes=458]
[Epoch 015] Wake:  26%|###1        | 449/1700 [00:34<01:32, 13.55seq/s, events=35920, loss=2.7625, writes=503]
[Epoch 015] Wake:  30%|###6        | 513/1700 [00:38<01:26, 13.80seq/s, events=41040, loss=2.7556, writes=544]
[Epoch 015] Wake:  34%|####        | 577/1700 [00:43<01:20, 13.98seq/s, events=46160, loss=2.7406, writes=575]
[Epoch 015] Wake:  38%|####5       | 641/1700 [00:47<01:15, 14.06seq/s, events=51280, loss=2.7369, writes=610]
[Epoch 015] Wake:  41%|####9       | 705/1700 [00:51<01:10, 14.15seq/s, events=56400, loss=2.7414, writes=637]
[Epoch 015] Wake:  45%|#####4      | 769/1700 [00:56<01:05, 14.27seq/s, events=61520, loss=2.7346, writes=670]
[Epoch 015] Wake:  49%|#####8      | 833/1700 [01:00<01:00, 14.32seq/s, events=66640, loss=2.7381, writes=699]
[Epoch 015] Wake:  53%|######3     | 897/1700 [01:04<00:55, 14.41seq/s, events=71760, loss=2.7378, writes=727]
[Epoch 015] Wake:  57%|######7     | 961/1700 [01:09<00:51, 14.49seq/s, events=76880, loss=2.7339, writes=757]
[Epoch 015] Wake:  60%|######6    | 1025/1700 [01:13<00:46, 14.50seq/s, events=82000, loss=2.7359, writes=793]
[Epoch 015] Wake:  64%|#######    | 1089/1700 [01:17<00:42, 14.54seq/s, events=87120, loss=2.7354, writes=830]
[Epoch 015] Wake:  68%|#######4   | 1153/1700 [01:22<00:37, 14.54seq/s, events=92240, loss=2.7352, writes=870]
[Epoch 015] Wake:  72%|#######8   | 1217/1700 [01:26<00:33, 14.60seq/s, events=97360, loss=2.7379, writes=909]
[Epoch 015] Wake:  75%|#######5  | 1281/1700 [01:30<00:28, 14.63seq/s, events=102480, loss=2.7414, writes=958]
[Epoch 015] Wake:  79%|#######1 | 1345/1700 [01:34<00:24, 14.69seq/s, events=107600, loss=2.7414, writes=1001]
[Epoch 015] Wake:  83%|#######4 | 1409/1700 [01:39<00:19, 14.61seq/s, events=112720, loss=2.7440, writes=1046]
[Epoch 015] Wake:  87%|#######7 | 1473/1700 [01:43<00:15, 14.62seq/s, events=117840, loss=2.7385, writes=1106]
[Epoch 015] Wake:  90%|########1| 1537/1700 [01:48<00:11, 14.62seq/s, events=122960, loss=2.7400, writes=1155]
[Epoch 015] Wake:  94%|########4| 1601/1700 [01:52<00:06, 14.61seq/s, events=128080, loss=2.7343, writes=1194]
[Epoch 015] Wake:  98%|########8| 1665/1700 [01:55<00:02, 15.27seq/s, events=133200, loss=2.7395, writes=1238]
[Epoch 015] Wake: 100%|#########| 1700/1700 [01:55<00:00, 14.74seq/s, events=136000, loss=2.7392, writes=1254]

[Epoch 015] Global:   0%|                                                      | 0/1700 [00:00<?, ?seq-pass/s]
[Epoch 015] Global:   8%|#4                 | 128/1700 [00:03<00:37, 41.69seq-pass/s, batch=2/27, phase=train]
[Epoch 015] Global:  15%|##8                | 256/1700 [00:06<00:34, 41.64seq-pass/s, batch=4/27, phase=train]
[Epoch 015] Global:  23%|####2              | 384/1700 [00:09<00:31, 41.58seq-pass/s, batch=6/27, phase=train]
[Epoch 015] Global:  30%|#####7             | 512/1700 [00:12<00:28, 41.52seq-pass/s, batch=8/27, phase=train]
[Epoch 015] Global:  38%|######7           | 640/1700 [00:15<00:25, 41.58seq-pass/s, batch=10/27, phase=train]
[Epoch 015] Global:  45%|########1         | 768/1700 [00:18<00:22, 41.58seq-pass/s, batch=12/27, phase=train]
[Epoch 015] Global:  53%|#########4        | 896/1700 [00:21<00:19, 41.60seq-pass/s, batch=14/27, phase=train]
[Epoch 015] Global:  60%|##########2      | 1024/1700 [00:24<00:16, 41.62seq-pass/s, batch=16/27, phase=train]
[Epoch 015] Global:  68%|###########5     | 1152/1700 [00:27<00:13, 41.60seq-pass/s, batch=18/27, phase=train]
[Epoch 015] Global:  75%|############8    | 1280/1700 [00:30<00:10, 41.62seq-pass/s, batch=20/27, phase=train]
[Epoch 015] Global:  83%|##############   | 1408/1700 [00:33<00:07, 41.64seq-pass/s, batch=22/27, phase=train]
[Epoch 015] Global:  90%|###############3 | 1536/1700 [00:36<00:03, 41.61seq-pass/s, batch=24/27, phase=train]
[Epoch 015] Global:  98%|################6| 1664/1700 [00:39<00:00, 41.63seq-pass/s, batch=26/27, phase=train]
[Epoch 015] Global: 100%|#################| 1700/1700 [00:40<00:00, 41.55seq-pass/s, batch=27/27, phase=train]

[Epoch 015] Sleep:   0%|                                                             | 0/20 [00:00<?, ?step/s]
[Epoch 015] Sleep:   5%|8                | 1/20 [00:00<00:14,  1.28step/s, absorbed=3, phase=light, replay=93]
[Epoch 015] Sleep:  10%|##5                      | 2/20 [00:01<00:10,  1.72step/s, leaf=root_L_L, phase=split]
[Epoch 015] Sleep:  15%|###7                     | 3/20 [00:04<00:25,  1.53s/step, leaf=root_L_L, phase=split]
[Epoch 015] Sleep:  15%|###4                   | 3/20 [00:04<00:25,  1.53s/step, leaf=root_L_R_L, phase=split]
[Epoch 015] Sleep:  20%|####2                | 4/20 [00:07<00:24,  1.53s/step, leaf=root_L_R_R_L, phase=split]
[Epoch 015] Sleep:  25%|#####2               | 5/20 [00:11<00:34,  2.30s/step, leaf=root_L_R_R_L, phase=split]
[Epoch 015] Sleep:  25%|#####2               | 5/20 [00:11<00:34,  2.30s/step, leaf=root_L_R_R_R, phase=split]
[Epoch 015] Sleep:  30%|######3              | 6/20 [00:14<00:35,  2.51s/step, leaf=root_L_R_R_R, phase=split]
[Epoch 015] Sleep:  30%|######3              | 6/20 [00:14<00:35,  2.51s/step, leaf=root_R_L_L_L, phase=split]
[Epoch 015] Sleep:  35%|#######3             | 7/20 [00:18<00:34,  2.66s/step, leaf=root_R_L_L_L, phase=split]
[Epoch 015] Sleep:  35%|#######3             | 7/20 [00:18<00:34,  2.66s/step, leaf=root_R_L_L_R, phase=split]
[Epoch 015] Sleep:  40%|########4            | 8/20 [00:21<00:33,  2.78s/step, leaf=root_R_L_L_R, phase=split]
[Epoch 015] Sleep:  40%|########4            | 8/20 [00:21<00:33,  2.78s/step, leaf=root_R_L_R_L, phase=split]
[Epoch 015] Sleep:  45%|#########4           | 9/20 [00:24<00:31,  2.86s/step, leaf=root_R_L_R_L, phase=split]
[Epoch 015] Sleep:  45%|########5          | 9/20 [00:24<00:31,  2.86s/step, leaf=root_R_L_R_R_L, phase=split]
[Epoch 015] Sleep:  50%|#########         | 10/20 [00:28<00:29,  2.93s/step, leaf=root_R_L_R_R_L, phase=split]
[Epoch 015] Sleep:  50%|#########         | 10/20 [00:28<00:29,  2.93s/step, leaf=root_R_L_R_R_R, phase=split]
[Epoch 015] Sleep:  55%|#########9        | 11/20 [00:31<00:26,  2.99s/step, leaf=root_R_L_R_R_R, phase=split]
[Epoch 015] Sleep:  55%|###########         | 11/20 [00:31<00:26,  2.99s/step, leaf=root_R_R_L_L, phase=split]
[Epoch 015] Sleep:  60%|############        | 12/20 [00:34<00:24,  3.04s/step, leaf=root_R_R_L_L, phase=split]
[Epoch 015] Sleep:  60%|##########7       | 12/20 [00:34<00:24,  3.04s/step, leaf=root_R_R_L_R_L, phase=split]
[Epoch 015] Sleep:  65%|###########7      | 13/20 [00:38<00:21,  3.07s/step, leaf=root_R_R_L_R_L, phase=split]
[Epoch 015] Sleep:  65%|##########4     | 13/20 [00:38<00:21,  3.07s/step, leaf=root_R_R_L_R_R_L, phase=split]
[Epoch 015] Sleep:  70%|###########2    | 14/20 [00:41<00:18,  3.13s/step, leaf=root_R_R_L_R_R_L, phase=split]
[Epoch 015] Sleep:  70%|###########2    | 14/20 [00:41<00:18,  3.13s/step, leaf=root_R_R_L_R_R_R, phase=split]
[Epoch 015] Sleep:  75%|############    | 15/20 [00:44<00:15,  3.16s/step, leaf=root_R_R_L_R_R_R, phase=split]
[Epoch 015] Sleep:  75%|###############     | 15/20 [00:44<00:15,  3.16s/step, leaf=root_R_R_R_L, phase=split]
[Epoch 015] Sleep:  80%|################    | 16/20 [00:48<00:12,  3.18s/step, leaf=root_R_R_R_L, phase=split]
[Epoch 015] Sleep:  80%|##############4   | 16/20 [00:48<00:12,  3.18s/step, leaf=root_R_R_R_R_L, phase=split]
[Epoch 015] Sleep:  85%|###############3  | 17/20 [00:51<00:09,  3.21s/step, leaf=root_R_R_R_R_L, phase=split]
[Epoch 015] Sleep:  85%|###############3  | 17/20 [00:51<00:09,  3.21s/step, leaf=root_R_R_R_R_R, phase=split]
[Epoch 015] Sleep:  90%|################2 | 18/20 [00:55<00:06,  3.22s/step, leaf=root_R_R_R_R_R, phase=split]
[Epoch 015] Sleep:  90%|##########8 | 18/20 [00:55<00:06,  3.22s/step, actions=0, phase=light, pressure=0.210]
[Epoch 015] Sleep: 100%|############| 20/20 [00:55<00:00,  2.76s/step, actions=0, phase=light, pressure=0.210]
[MemoryTree][015/050] wake/event=2.739179 sleep_residual_utility=0.012442 writes=1254 memorize=42 queue_split=36712 wake_actions=A96114/R3132/M42/Q36712 novelty=0.0340 weighted_sim=0.9320 wm_grad_max=3.968e+00 global/event=2.753074 mix_diag=2.9255 global_steps=27 prior_KL=6.619e-02 seq_H_cond=0.4941 seq_H_marg=0.5667 seq_MI=7.262e-02 post_KL_diag=3.060e-01 branch_distill=2.315e-01 probe=6.095e+00/0.556->0.556/0.122/0.446 frontier=6.96/12.92/5.96 enc_gate=0.146 enc_scale=0.012 teacher_conf=0.146 teacher_JS=5.280e-02 max_mass=0.0624 owner_hard=[0, 1, 0, 20, 0, 3, 144, 0, 0, 8, 31, 0, 1473, 8, 0, 0, 0, 11, 0, 1, 0, 0, 0, 0, 0, 0, 0, 0, 0, 0, 0] mem_assign=[1495, 4479, 1310, 8521, 505, 4288, 14612, 0, 1602, 3073, 8004, 5346, 51598, 5736, 731, 250, 73, 2506, 1099, 6225, 3154, 530, 5921, 829, 367, 1, 2516, 245, 719, 248, 17] topology_prune=on leaves=16 sleep_mode=light light_absorb=3 deep_probability=0.210 topology_action=null topology_gain=0.000e+00 topology_candidates=26 collapsed=0 topology_lambda=0.000e+00 time=W115.3/G40.9/S55.2s cache=0/1700 cuda_peak=7080MiB sleep_actions=[]

[Epoch 016] Wake:   0%|                                                             | 0/1700 [00:00<?, ?seq/s]
[Epoch 016] Wake:   0%|                 | 1/1700 [00:04<2:04:03,  4.38s/seq, events=80, loss=2.3576, writes=3]
[Epoch 016] Wake:   4%|5             | 65/1700 [00:08<03:31,  7.73seq/s, events=5200, loss=2.7516, writes=198]
[Epoch 016] Wake:   8%|9           | 129/1700 [00:13<02:32, 10.29seq/s, events=10320, loss=2.7467, writes=343]
[Epoch 016] Wake:  11%|#3          | 193/1700 [00:17<02:09, 11.64seq/s, events=15440, loss=2.7325, writes=430]
[Epoch 016] Wake:  15%|#8          | 257/1700 [00:21<01:56, 12.37seq/s, events=20560, loss=2.7249, writes=510]
[Epoch 016] Wake:  19%|##2         | 321/1700 [00:26<01:46, 12.91seq/s, events=25680, loss=2.7376, writes=573]
[Epoch 016] Wake:  23%|##7         | 385/1700 [00:30<01:39, 13.18seq/s, events=30800, loss=2.7521, writes=648]
[Epoch 016] Wake:  26%|###1        | 449/1700 [00:34<01:32, 13.48seq/s, events=35920, loss=2.7614, writes=721]
[Epoch 016] Wake:  30%|###6        | 513/1700 [00:39<01:26, 13.66seq/s, events=41040, loss=2.7570, writes=797]
[Epoch 016] Wake:  34%|####        | 577/1700 [00:43<01:21, 13.73seq/s, events=46160, loss=2.7460, writes=870]
[Epoch 016] Wake:  38%|####5       | 641/1700 [00:48<01:16, 13.89seq/s, events=51280, loss=2.7364, writes=941]
[Epoch 016] Wake:  41%|####5      | 705/1700 [00:52<01:10, 14.02seq/s, events=56400, loss=2.7446, writes=1019]
[Epoch 016] Wake:  45%|####9      | 769/1700 [00:56<01:05, 14.14seq/s, events=61520, loss=2.7484, writes=1088]
[Epoch 016] Wake:  49%|#####3     | 833/1700 [01:01<01:00, 14.23seq/s, events=66640, loss=2.7456, writes=1162]
[Epoch 016] Wake:  53%|#####8     | 897/1700 [01:05<00:56, 14.26seq/s, events=71760, loss=2.7408, writes=1250]
[Epoch 016] Wake:  57%|######2    | 961/1700 [01:09<00:51, 14.34seq/s, events=76880, loss=2.7342, writes=1319]
[Epoch 016] Wake:  60%|######    | 1025/1700 [01:14<00:47, 14.36seq/s, events=82000, loss=2.7347, writes=1385]
[Epoch 016] Wake:  64%|######4   | 1089/1700 [01:18<00:42, 14.42seq/s, events=87120, loss=2.7398, writes=1454]
[Epoch 016] Wake:  68%|######7   | 1153/1700 [01:22<00:37, 14.48seq/s, events=92240, loss=2.7404, writes=1520]
[Epoch 016] Wake:  72%|#######1  | 1217/1700 [01:27<00:33, 14.47seq/s, events=97360, loss=2.7422, writes=1588]
[Epoch 016] Wake:  75%|######7  | 1281/1700 [01:31<00:28, 14.47seq/s, events=102480, loss=2.7423, writes=1668]
[Epoch 016] Wake:  79%|#######1 | 1345/1700 [01:36<00:24, 14.47seq/s, events=107600, loss=2.7427, writes=1743]
[Epoch 016] Wake:  83%|#######4 | 1409/1700 [01:40<00:20, 14.51seq/s, events=112720, loss=2.7430, writes=1807]
[Epoch 016] Wake:  87%|#######7 | 1473/1700 [01:44<00:15, 14.56seq/s, events=117840, loss=2.7471, writes=1869]
[Epoch 016] Wake:  90%|########1| 1537/1700 [01:49<00:11, 14.53seq/s, events=122960, loss=2.7430, writes=1934]
[Epoch 016] Wake:  94%|########4| 1601/1700 [01:53<00:06, 14.58seq/s, events=128080, loss=2.7395, writes=2007]
[Epoch 016] Wake:  98%|########8| 1665/1700 [01:56<00:02, 15.18seq/s, events=133200, loss=2.7431, writes=2082]
[Epoch 016] Wake: 100%|#########| 1700/1700 [01:56<00:00, 14.64seq/s, events=136000, loss=2.7442, writes=2121]

[Epoch 016] Global:   0%|                                                      | 0/1700 [00:00<?, ?seq-pass/s]
[Epoch 016] Global:   8%|#4                 | 128/1700 [00:03<00:37, 41.52seq-pass/s, batch=2/27, phase=train]
[Epoch 016] Global:  15%|##8                | 256/1700 [00:06<00:34, 41.61seq-pass/s, batch=4/27, phase=train]
[Epoch 016] Global:  23%|####2              | 384/1700 [00:09<00:31, 41.58seq-pass/s, batch=6/27, phase=train]
[Epoch 016] Global:  30%|#####7             | 512/1700 [00:12<00:28, 41.59seq-pass/s, batch=8/27, phase=train]
[Epoch 016] Global:  38%|######7           | 640/1700 [00:15<00:25, 41.53seq-pass/s, batch=10/27, phase=train]
[Epoch 016] Global:  45%|########1         | 768/1700 [00:18<00:22, 41.58seq-pass/s, batch=12/27, phase=train]
[Epoch 016] Global:  53%|#########4        | 896/1700 [00:21<00:19, 41.56seq-pass/s, batch=14/27, phase=train]
[Epoch 016] Global:  60%|##########2      | 1024/1700 [00:24<00:16, 41.57seq-pass/s, batch=16/27, phase=train]
[Epoch 016] Global:  68%|###########5     | 1152/1700 [00:27<00:13, 41.59seq-pass/s, batch=18/27, phase=train]
[Epoch 016] Global:  75%|############8    | 1280/1700 [00:30<00:10, 41.57seq-pass/s, batch=20/27, phase=train]
[Epoch 016] Global:  83%|##############   | 1408/1700 [00:33<00:07, 41.57seq-pass/s, batch=22/27, phase=train]
[Epoch 016] Global:  90%|###############3 | 1536/1700 [00:36<00:03, 41.57seq-pass/s, batch=24/27, phase=train]
[Epoch 016] Global:  98%|################6| 1664/1700 [00:40<00:00, 41.58seq-pass/s, batch=26/27, phase=train]
[Epoch 016] Global: 100%|#################| 1700/1700 [00:40<00:00, 41.52seq-pass/s, batch=27/27, phase=train]

[Epoch 016] Sleep:   0%|                                                             | 0/20 [00:00<?, ?step/s]
[Epoch 016] Sleep:   5%|8                | 1/20 [00:00<00:15,  1.25step/s, absorbed=5, phase=light, replay=96]
[Epoch 016] Sleep:  10%|##5                      | 2/20 [00:01<00:10,  1.75step/s, leaf=root_L_L, phase=split]
[Epoch 016] Sleep:  15%|###7                     | 3/20 [00:04<00:25,  1.49s/step, leaf=root_L_L, phase=split]
[Epoch 016] Sleep:  15%|###4                   | 3/20 [00:04<00:25,  1.49s/step, leaf=root_L_R_L, phase=split]
[Epoch 016] Sleep:  20%|####2                | 4/20 [00:07<00:23,  1.49s/step, leaf=root_L_R_R_L, phase=split]
[Epoch 016] Sleep:  25%|#####2               | 5/20 [00:11<00:34,  2.27s/step, leaf=root_L_R_R_L, phase=split]
[Epoch 016] Sleep:  25%|#####2               | 5/20 [00:11<00:34,  2.27s/step, leaf=root_L_R_R_R, phase=split]
[Epoch 016] Sleep:  30%|######3              | 6/20 [00:14<00:34,  2.47s/step, leaf=root_L_R_R_R, phase=split]
[Epoch 016] Sleep:  30%|######3              | 6/20 [00:14<00:34,  2.47s/step, leaf=root_R_L_L_L, phase=split]
[Epoch 016] Sleep:  35%|#######3             | 7/20 [00:17<00:34,  2.62s/step, leaf=root_R_L_L_L, phase=split]
[Epoch 016] Sleep:  35%|#######3             | 7/20 [00:17<00:34,  2.62s/step, leaf=root_R_L_L_R, phase=split]
[Epoch 016] Sleep:  40%|########4            | 8/20 [00:21<00:32,  2.73s/step, leaf=root_R_L_L_R, phase=split]
[Epoch 016] Sleep:  40%|########4            | 8/20 [00:21<00:32,  2.73s/step, leaf=root_R_L_R_L, phase=split]
[Epoch 016] Sleep:  45%|#########4           | 9/20 [00:24<00:31,  2.82s/step, leaf=root_R_L_R_L, phase=split]
[Epoch 016] Sleep:  45%|########5          | 9/20 [00:24<00:31,  2.82s/step, leaf=root_R_L_R_R_L, phase=split]
[Epoch 016] Sleep:  50%|#########         | 10/20 [00:27<00:28,  2.90s/step, leaf=root_R_L_R_R_L, phase=split]
[Epoch 016] Sleep:  50%|#########         | 10/20 [00:27<00:28,  2.90s/step, leaf=root_R_L_R_R_R, phase=split]
[Epoch 016] Sleep:  55%|#########9        | 11/20 [00:31<00:26,  2.97s/step, leaf=root_R_L_R_R_R, phase=split]
[Epoch 016] Sleep:  55%|###########         | 11/20 [00:31<00:26,  2.97s/step, leaf=root_R_R_L_L, phase=split]
[Epoch 016] Sleep:  60%|############        | 12/20 [00:34<00:24,  3.02s/step, leaf=root_R_R_L_L, phase=split]
[Epoch 016] Sleep:  60%|##########7       | 12/20 [00:34<00:24,  3.02s/step, leaf=root_R_R_L_R_L, phase=split]
[Epoch 016] Sleep:  65%|###########7      | 13/20 [00:37<00:21,  3.06s/step, leaf=root_R_R_L_R_L, phase=split]
[Epoch 016] Sleep:  65%|##########4     | 13/20 [00:37<00:21,  3.06s/step, leaf=root_R_R_L_R_R_L, phase=split]
[Epoch 016] Sleep:  70%|###########2    | 14/20 [00:41<00:18,  3.10s/step, leaf=root_R_R_L_R_R_L, phase=split]
[Epoch 016] Sleep:  70%|###########2    | 14/20 [00:41<00:18,  3.10s/step, leaf=root_R_R_L_R_R_R, phase=split]
[Epoch 016] Sleep:  75%|############    | 15/20 [00:44<00:15,  3.12s/step, leaf=root_R_R_L_R_R_R, phase=split]
[Epoch 016] Sleep:  75%|###############     | 15/20 [00:44<00:15,  3.12s/step, leaf=root_R_R_R_L, phase=split]
[Epoch 016] Sleep:  80%|################    | 16/20 [00:47<00:12,  3.15s/step, leaf=root_R_R_R_L, phase=split]
[Epoch 016] Sleep:  80%|##############4   | 16/20 [00:47<00:12,  3.15s/step, leaf=root_R_R_R_R_L, phase=split]
[Epoch 016] Sleep:  85%|###############3  | 17/20 [00:51<00:09,  3.18s/step, leaf=root_R_R_R_R_L, phase=split]
[Epoch 016] Sleep:  85%|###############3  | 17/20 [00:51<00:09,  3.18s/step, leaf=root_R_R_R_R_R, phase=split]
[Epoch 016] Sleep:  90%|################2 | 18/20 [00:54<00:06,  3.20s/step, leaf=root_R_R_R_R_R, phase=split]
[Epoch 016] Sleep:  90%|###########7 | 18/20 [00:59<00:06,  3.20s/step, actions=4, phase=deep, pressure=0.139]
[Epoch 016] Sleep:  95%|############3| 19/20 [00:59<00:03,  3.38s/step, actions=4, phase=deep, pressure=0.139]
[Epoch 016] Sleep: 100%|#############| 20/20 [00:59<00:00,  2.97s/step, actions=4, phase=deep, pressure=0.139]
[MemoryTree][016/050] wake/event=2.744252 sleep_residual_utility=0.012227 writes=2121 memorize=108 queue_split=36224 wake_actions=A96009/R3659/M108/Q36224 novelty=0.0306 weighted_sim=0.9387 wm_grad_max=3.769e+00 global/event=2.740608 mix_diag=2.9466 global_steps=27 prior_KL=5.320e-02 seq_H_cond=0.5045 seq_H_marg=0.5784 seq_MI=7.389e-02 post_KL_diag=3.132e-01 branch_distill=2.319e-01 probe=6.239e+00/0.564->0.566/0.188/0.447 frontier=6.97/12.94/5.97 enc_gate=0.152 enc_scale=0.012 teacher_conf=0.153 teacher_JS=5.141e-02 max_mass=0.0802 owner_hard=[0, 46, 0, 2, 0, 28, 334, 0, 0, 3, 23, 142, 1007, 11, 0, 0, 0, 25, 0, 72, 0, 0, 7, 0, 0, 0, 0, 0, 0, 0, 0] mem_assign=[1479, 7794, 1545, 4807, 451, 5389, 19143, 7, 4378, 2744, 5048, 12334, 29928, 4422, 436, 195, 31, 3095, 1698, 12435, 5180, 767, 8611, 1047, 658, 123, 1483, 264, 157, 345, 6] topology_prune=on leaves=16 sleep_mode=deep light_absorb=5 deep_probability=0.139 topology_action=null topology_gain=0.000e+00 topology_candidates=26 collapsed=0 topology_lambda=0.000e+00 time=W116.1/G41.0/S59.5s cache=0/1700 cuda_peak=7079MiB sleep_actions=['promotion', 'promotion', 'promotion', 'promotion']

[Epoch 017] Wake:   0%|                                                             | 0/1700 [00:00<?, ?seq/s]
[Epoch 017] Wake:   0%|                 | 1/1700 [00:04<2:05:09,  4.42s/seq, events=80, loss=2.4979, writes=2]
[Epoch 017] Wake:   4%|5             | 65/1700 [00:08<03:32,  7.71seq/s, events=5200, loss=2.8396, writes=206]
[Epoch 017] Wake:   8%|9           | 129/1700 [00:13<02:32, 10.27seq/s, events=10320, loss=2.7954, writes=301]
[Epoch 017] Wake:  11%|#3          | 193/1700 [00:17<02:09, 11.62seq/s, events=15440, loss=2.7967, writes=382]
[Epoch 017] Wake:  15%|#8          | 257/1700 [00:21<01:57, 12.32seq/s, events=20560, loss=2.7892, writes=474]
[Epoch 017] Wake:  19%|##2         | 321/1700 [00:26<01:47, 12.85seq/s, events=25680, loss=2.8023, writes=539]
[Epoch 017] Wake:  23%|##7         | 385/1700 [00:30<01:39, 13.19seq/s, events=30800, loss=2.7863, writes=622]
[Epoch 017] Wake:  26%|###1        | 449/1700 [00:34<01:33, 13.44seq/s, events=35920, loss=2.7885, writes=689]
[Epoch 017] Wake:  30%|###6        | 513/1700 [00:39<01:26, 13.67seq/s, events=41040, loss=2.7743, writes=761]
[Epoch 017] Wake:  34%|####        | 577/1700 [00:43<01:21, 13.86seq/s, events=46160, loss=2.7646, writes=817]
[Epoch 017] Wake:  38%|####5       | 641/1700 [00:47<01:15, 13.97seq/s, events=51280, loss=2.7621, writes=883]
[Epoch 017] Wake:  41%|####9       | 705/1700 [00:52<01:10, 14.11seq/s, events=56400, loss=2.7570, writes=941]
[Epoch 017] Wake:  45%|####9      | 769/1700 [00:56<01:05, 14.22seq/s, events=61520, loss=2.7521, writes=1000]
[Epoch 017] Wake:  49%|#####3     | 833/1700 [01:00<01:00, 14.26seq/s, events=66640, loss=2.7466, writes=1048]
[Epoch 017] Wake:  53%|#####8     | 897/1700 [01:05<00:55, 14.34seq/s, events=71760, loss=2.7456, writes=1100]
[Epoch 017] Wake:  57%|######2    | 961/1700 [01:09<00:51, 14.30seq/s, events=76880, loss=2.7409, writes=1172]
[Epoch 017] Wake:  60%|######    | 1025/1700 [01:14<00:47, 14.35seq/s, events=82000, loss=2.7405, writes=1237]
[Epoch 017] Wake:  64%|######4   | 1089/1700 [01:18<00:42, 14.40seq/s, events=87120, loss=2.7351, writes=1314]
[Epoch 017] Wake:  68%|######7   | 1153/1700 [01:22<00:37, 14.44seq/s, events=92240, loss=2.7404, writes=1380]
[Epoch 017] Wake:  72%|#######1  | 1217/1700 [01:27<00:33, 14.43seq/s, events=97360, loss=2.7337, writes=1474]
[Epoch 017] Wake:  75%|######7  | 1281/1700 [01:31<00:28, 14.47seq/s, events=102480, loss=2.7326, writes=1547]
[Epoch 017] Wake:  79%|#######1 | 1345/1700 [01:35<00:24, 14.46seq/s, events=107600, loss=2.7303, writes=1618]
[Epoch 017] Wake:  83%|#######4 | 1409/1700 [01:40<00:20, 14.50seq/s, events=112720, loss=2.7340, writes=1695]
[Epoch 017] Wake:  87%|#######7 | 1473/1700 [01:44<00:15, 14.54seq/s, events=117840, loss=2.7346, writes=1772]
[Epoch 017] Wake:  90%|########1| 1537/1700 [01:49<00:11, 14.52seq/s, events=122960, loss=2.7354, writes=1844]
[Epoch 017] Wake:  94%|########4| 1601/1700 [01:53<00:06, 14.55seq/s, events=128080, loss=2.7339, writes=1918]
[Epoch 017] Wake:  98%|########8| 1665/1700 [01:56<00:02, 15.14seq/s, events=133200, loss=2.7365, writes=1979]
[Epoch 017] Wake: 100%|#########| 1700/1700 [01:56<00:00, 14.63seq/s, events=136000, loss=2.7346, writes=2015]

[Epoch 017] Global:   0%|                                                      | 0/1700 [00:00<?, ?seq-pass/s]
[Epoch 017] Global:   8%|#4                 | 128/1700 [00:03<00:38, 40.99seq-pass/s, batch=2/27, phase=train]
[Epoch 017] Global:  15%|##8                | 256/1700 [00:06<00:35, 41.15seq-pass/s, batch=4/27, phase=train]
[Epoch 017] Global:  23%|####2              | 384/1700 [00:09<00:31, 41.16seq-pass/s, batch=6/27, phase=train]
[Epoch 017] Global:  30%|#####7             | 512/1700 [00:12<00:28, 41.15seq-pass/s, batch=8/27, phase=train]
[Epoch 017] Global:  38%|######7           | 640/1700 [00:15<00:25, 41.14seq-pass/s, batch=10/27, phase=train]
[Epoch 017] Global:  45%|########1         | 768/1700 [00:18<00:22, 41.12seq-pass/s, batch=12/27, phase=train]
[Epoch 017] Global:  53%|#########4        | 896/1700 [00:21<00:19, 41.10seq-pass/s, batch=14/27, phase=train]
[Epoch 017] Global:  60%|##########2      | 1024/1700 [00:24<00:16, 41.07seq-pass/s, batch=16/27, phase=train]
[Epoch 017] Global:  68%|###########5     | 1152/1700 [00:28<00:13, 41.05seq-pass/s, batch=18/27, phase=train]
[Epoch 017] Global:  75%|############8    | 1280/1700 [00:31<00:10, 41.08seq-pass/s, batch=20/27, phase=train]
[Epoch 017] Global:  83%|##############   | 1408/1700 [00:34<00:07, 41.07seq-pass/s, batch=22/27, phase=train]
[Epoch 017] Global:  90%|###############3 | 1536/1700 [00:37<00:03, 41.05seq-pass/s, batch=24/27, phase=train]
[Epoch 017] Global:  98%|################6| 1664/1700 [00:40<00:00, 41.05seq-pass/s, batch=26/27, phase=train]
[Epoch 017] Global: 100%|#################| 1700/1700 [00:41<00:00, 41.00seq-pass/s, batch=27/27, phase=train]

[Epoch 017] Sleep:   0%|                                                             | 0/20 [00:00<?, ?step/s]
[Epoch 017] Sleep:   5%|8                | 1/20 [00:00<00:15,  1.25step/s, absorbed=2, phase=light, replay=96]
[Epoch 017] Sleep:  90%|##########8 | 18/20 [00:00<00:00, 22.45step/s, actions=0, phase=light, pressure=0.139]
[Epoch 017] Sleep: 100%|############| 20/20 [00:00<00:00, 24.95step/s, actions=0, phase=light, pressure=0.139]
[MemoryTree][017/050] wake/event=2.734628 sleep_residual_utility=0.013022 writes=2015 memorize=24 queue_split=35879 wake_actions=A95832/R4265/M24/Q35879 novelty=0.0401 weighted_sim=0.9199 wm_grad_max=3.515e+00 global/event=2.754114 mix_diag=2.8952 global_steps=27 prior_KL=7.734e-02 seq_H_cond=0.4944 seq_H_marg=0.5821 seq_MI=8.769e-02 post_KL_diag=3.146e-01 branch_distill=2.156e-01 probe=6.939e+00/0.586->0.581/0.386/0.495 frontier=6.97/12.94/5.97 enc_gate=0.192 enc_scale=0.014 teacher_conf=0.177 teacher_JS=5.566e-02 max_mass=0.0613 owner_hard=[0, 120, 0, 0, 0, 0, 34, 0, 0, 30, 1, 23, 1374, 0, 0, 0, 0, 106, 0, 9, 0, 0, 3, 0, 0, 0, 0, 0, 0, 0, 0] mem_assign=[1867, 11741, 1899, 3213, 1360, 4432, 14598, 18, 2577, 5588, 3963, 8593, 40163, 2183, 872, 661, 503, 5102, 1096, 8325, 2507, 1086, 7379, 1672, 1709, 190, 1525, 988, 59, 121, 10] topology_prune=on leaves=16 sleep_mode=light light_absorb=2 deep_probability=0.139 topology_action=null topology_gain=0.000e+00 topology_candidates=0 collapsed=0 topology_lambda=0.000e+00 time=W116.2/G41.5/S0.9s cache=0/1700 cuda_peak=7081MiB sleep_actions=[]

[Epoch 018] Wake:   0%|                                                             | 0/1700 [00:00<?, ?seq/s]
[Epoch 018] Wake:   0%|                 | 1/1700 [00:04<2:09:43,  4.58s/seq, events=80, loss=1.8916, writes=4]
[Epoch 018] Wake:   4%|5             | 65/1700 [00:09<03:36,  7.55seq/s, events=5200, loss=2.7595, writes=238]
[Epoch 018] Wake:   8%|9           | 129/1700 [00:13<02:35, 10.13seq/s, events=10320, loss=2.7131, writes=319]
[Epoch 018] Wake:  11%|#3          | 193/1700 [00:17<02:10, 11.53seq/s, events=15440, loss=2.7192, writes=376]
[Epoch 018] Wake:  15%|#8          | 257/1700 [00:22<01:57, 12.25seq/s, events=20560, loss=2.7552, writes=423]
[Epoch 018] Wake:  19%|##2         | 321/1700 [00:26<01:47, 12.82seq/s, events=25680, loss=2.7672, writes=475]
[Epoch 018] Wake:  23%|##7         | 385/1700 [00:30<01:39, 13.21seq/s, events=30800, loss=2.7532, writes=514]
[Epoch 018] Wake:  26%|###1        | 449/1700 [00:35<01:33, 13.44seq/s, events=35920, loss=2.7509, writes=555]
[Epoch 018] Wake:  30%|###6        | 513/1700 [00:39<01:26, 13.66seq/s, events=41040, loss=2.7543, writes=600]
[Epoch 018] Wake:  34%|####        | 577/1700 [00:43<01:21, 13.84seq/s, events=46160, loss=2.7538, writes=652]
[Epoch 018] Wake:  38%|####5       | 641/1700 [00:47<01:15, 14.03seq/s, events=51280, loss=2.7507, writes=690]
[Epoch 018] Wake:  41%|####9       | 705/1700 [00:52<01:10, 14.10seq/s, events=56400, loss=2.7451, writes=734]
[Epoch 018] Wake:  45%|#####4      | 769/1700 [00:56<01:05, 14.21seq/s, events=61520, loss=2.7440, writes=766]
[Epoch 018] Wake:  49%|#####8      | 833/1700 [01:00<01:00, 14.29seq/s, events=66640, loss=2.7495, writes=802]
[Epoch 018] Wake:  53%|######3     | 897/1700 [01:05<00:55, 14.39seq/s, events=71760, loss=2.7470, writes=849]
[Epoch 018] Wake:  57%|######7     | 961/1700 [01:09<00:51, 14.39seq/s, events=76880, loss=2.7470, writes=878]
[Epoch 018] Wake:  60%|######6    | 1025/1700 [01:13<00:46, 14.47seq/s, events=82000, loss=2.7461, writes=910]
[Epoch 018] Wake:  64%|#######    | 1089/1700 [01:18<00:42, 14.49seq/s, events=87120, loss=2.7502, writes=944]
[Epoch 018] Wake:  68%|#######4   | 1153/1700 [01:22<00:37, 14.51seq/s, events=92240, loss=2.7545, writes=972]
[Epoch 018] Wake:  72%|#######1  | 1217/1700 [01:26<00:33, 14.55seq/s, events=97360, loss=2.7520, writes=1005]
[Epoch 018] Wake:  75%|######7  | 1281/1700 [01:31<00:28, 14.61seq/s, events=102480, loss=2.7534, writes=1041]
[Epoch 018] Wake:  79%|#######1 | 1345/1700 [01:35<00:24, 14.65seq/s, events=107600, loss=2.7490, writes=1074]
[Epoch 018] Wake:  83%|#######4 | 1409/1700 [01:39<00:19, 14.63seq/s, events=112720, loss=2.7489, writes=1113]
[Epoch 018] Wake:  87%|#######7 | 1473/1700 [01:44<00:15, 14.66seq/s, events=117840, loss=2.7499, writes=1155]
[Epoch 018] Wake:  90%|########1| 1537/1700 [01:48<00:11, 14.68seq/s, events=122960, loss=2.7470, writes=1200]
[Epoch 018] Wake:  94%|########4| 1601/1700 [01:52<00:06, 14.65seq/s, events=128080, loss=2.7526, writes=1236]
[Epoch 018] Wake:  98%|########8| 1665/1700 [01:55<00:02, 15.32seq/s, events=133200, loss=2.7599, writes=1271]
[Epoch 018] Wake: 100%|#########| 1700/1700 [01:55<00:00, 14.72seq/s, events=136000, loss=2.7577, writes=1286]

[Epoch 018] Global:   0%|                                                      | 0/1700 [00:00<?, ?seq-pass/s]
[Epoch 018] Global:   8%|#4                 | 128/1700 [00:03<00:38, 41.11seq-pass/s, batch=2/27, phase=train]
[Epoch 018] Global:  15%|##8                | 256/1700 [00:06<00:35, 41.13seq-pass/s, batch=4/27, phase=train]
[Epoch 018] Global:  23%|####2              | 384/1700 [00:09<00:32, 41.10seq-pass/s, batch=6/27, phase=train]
[Epoch 018] Global:  30%|#####7             | 512/1700 [00:12<00:28, 41.09seq-pass/s, batch=8/27, phase=train]
[Epoch 018] Global:  38%|######7           | 640/1700 [00:15<00:25, 41.09seq-pass/s, batch=10/27, phase=train]
[Epoch 018] Global:  45%|########1         | 768/1700 [00:18<00:22, 41.10seq-pass/s, batch=12/27, phase=train]
[Epoch 018] Global:  53%|#########4        | 896/1700 [00:21<00:19, 41.16seq-pass/s, batch=14/27, phase=train]
[Epoch 018] Global:  60%|##########2      | 1024/1700 [00:24<00:16, 41.15seq-pass/s, batch=16/27, phase=train]
[Epoch 018] Global:  68%|###########5     | 1152/1700 [00:27<00:13, 41.18seq-pass/s, batch=18/27, phase=train]
[Epoch 018] Global:  75%|############8    | 1280/1700 [00:31<00:10, 41.17seq-pass/s, batch=20/27, phase=train]
[Epoch 018] Global:  83%|##############   | 1408/1700 [00:34<00:07, 41.20seq-pass/s, batch=22/27, phase=train]
[Epoch 018] Global:  90%|###############3 | 1536/1700 [00:37<00:03, 41.17seq-pass/s, batch=24/27, phase=train]
[Epoch 018] Global:  98%|################6| 1664/1700 [00:40<00:00, 41.20seq-pass/s, batch=26/27, phase=train]
[Epoch 018] Global: 100%|#################| 1700/1700 [00:41<00:00, 41.11seq-pass/s, batch=27/27, phase=train]

[Epoch 018] Sleep:   0%|                                                             | 0/20 [00:00<?, ?step/s]
[Epoch 018] Sleep:   5%|8                | 1/20 [00:00<00:15,  1.26step/s, absorbed=2, phase=light, replay=96]
[Epoch 018] Sleep:  90%|##########8 | 18/20 [00:00<00:00, 22.58step/s, actions=0, phase=light, pressure=0.211]
[Epoch 018] Sleep: 100%|############| 20/20 [00:00<00:00, 25.09step/s, actions=0, phase=light, pressure=0.211]
[MemoryTree][018/050] wake/event=2.757744 sleep_residual_utility=0.011733 writes=1286 memorize=34 queue_split=38907 wake_actions=A95925/R1134/M34/Q38907 novelty=0.0347 weighted_sim=0.9305 wm_grad_max=3.469e+00 global/event=2.748983 mix_diag=2.8894 global_steps=27 prior_KL=6.334e-02 seq_H_cond=0.5037 seq_H_marg=0.5862 seq_MI=8.257e-02 post_KL_diag=3.208e-01 branch_distill=2.319e-01 probe=6.041e+00/0.581->0.581/0.216/0.462 frontier=6.96/12.92/5.96 enc_gate=0.174 enc_scale=0.013 teacher_conf=0.164 teacher_JS=5.451e-02 max_mass=0.0804 owner_hard=[0, 0, 0, 104, 0, 4, 0, 0, 0, 2, 0, 0, 1581, 0, 0, 0, 0, 9, 0, 0, 0, 0, 0, 0, 0, 0, 0, 0, 0, 0, 0] mem_assign=[1502, 6531, 1674, 14143, 555, 5996, 5837, 0, 366, 5870, 6692, 2806, 58020, 183, 179, 1500, 1328, 3818, 765, 3949, 3144, 1567, 5278, 1210, 1155, 49, 1599, 47, 196, 34, 7] topology_prune=on leaves=16 sleep_mode=light light_absorb=2 deep_probability=0.211 topology_action=null topology_gain=0.000e+00 topology_candidates=0 collapsed=0 topology_lambda=0.000e+00 time=W115.5/G41.4/S0.9s cache=0/1700 cuda_peak=7082MiB sleep_actions=[]

[Epoch 019] Wake:   0%|                                                             | 0/1700 [00:00<?, ?seq/s]
[Epoch 019] Wake:   0%|                 | 1/1700 [00:04<2:06:42,  4.47s/seq, events=80, loss=2.9481, writes=3]
[Epoch 019] Wake:   4%|5             | 65/1700 [00:08<03:35,  7.59seq/s, events=5200, loss=2.6862, writes=216]
[Epoch 019] Wake:   8%|9           | 129/1700 [00:13<02:35, 10.13seq/s, events=10320, loss=2.6638, writes=342]
[Epoch 019] Wake:  11%|#3          | 193/1700 [00:17<02:11, 11.46seq/s, events=15440, loss=2.6517, writes=421]
[Epoch 019] Wake:  15%|#8          | 257/1700 [00:21<01:57, 12.29seq/s, events=20560, loss=2.6900, writes=500]
[Epoch 019] Wake:  19%|##2         | 321/1700 [00:26<01:48, 12.72seq/s, events=25680, loss=2.7089, writes=577]
[Epoch 019] Wake:  23%|##7         | 385/1700 [00:30<01:40, 13.13seq/s, events=30800, loss=2.7118, writes=647]
[Epoch 019] Wake:  26%|###1        | 449/1700 [00:35<01:33, 13.37seq/s, events=35920, loss=2.7267, writes=708]
[Epoch 019] Wake:  30%|###6        | 513/1700 [00:39<01:27, 13.61seq/s, events=41040, loss=2.7360, writes=768]
[Epoch 019] Wake:  34%|####        | 577/1700 [00:43<01:21, 13.81seq/s, events=46160, loss=2.7420, writes=828]
[Epoch 019] Wake:  38%|####5       | 641/1700 [00:48<01:15, 13.96seq/s, events=51280, loss=2.7520, writes=873]
[Epoch 019] Wake:  41%|####9       | 705/1700 [00:52<01:10, 14.02seq/s, events=56400, loss=2.7416, writes=919]
[Epoch 019] Wake:  45%|#####4      | 769/1700 [00:56<01:05, 14.15seq/s, events=61520, loss=2.7401, writes=977]
[Epoch 019] Wake:  49%|#####3     | 833/1700 [01:01<01:00, 14.25seq/s, events=66640, loss=2.7348, writes=1026]
[Epoch 019] Wake:  53%|#####8     | 897/1700 [01:05<00:56, 14.30seq/s, events=71760, loss=2.7394, writes=1067]
[Epoch 019] Wake:  57%|######2    | 961/1700 [01:09<00:51, 14.40seq/s, events=76880, loss=2.7427, writes=1099]
[Epoch 019] Wake:  60%|######    | 1025/1700 [01:13<00:46, 14.49seq/s, events=82000, loss=2.7479, writes=1137]
[Epoch 019] Wake:  64%|######4   | 1089/1700 [01:18<00:42, 14.50seq/s, events=87120, loss=2.7478, writes=1169]
[Epoch 019] Wake:  68%|######7   | 1153/1700 [01:22<00:37, 14.54seq/s, events=92240, loss=2.7458, writes=1196]
[Epoch 019] Wake:  72%|#######1  | 1217/1700 [01:26<00:33, 14.61seq/s, events=97360, loss=2.7390, writes=1240]
[Epoch 019] Wake:  75%|######7  | 1281/1700 [01:31<00:28, 14.60seq/s, events=102480, loss=2.7434, writes=1276]
[Epoch 019] Wake:  79%|#######1 | 1345/1700 [01:35<00:24, 14.64seq/s, events=107600, loss=2.7471, writes=1309]
[Epoch 019] Wake:  83%|#######4 | 1409/1700 [01:39<00:19, 14.67seq/s, events=112720, loss=2.7494, writes=1345]
[Epoch 019] Wake:  87%|#######7 | 1473/1700 [01:44<00:15, 14.70seq/s, events=117840, loss=2.7492, writes=1392]
[Epoch 019] Wake:  90%|########1| 1537/1700 [01:48<00:11, 14.69seq/s, events=122960, loss=2.7529, writes=1435]
[Epoch 019] Wake:  94%|########4| 1601/1700 [01:52<00:06, 14.73seq/s, events=128080, loss=2.7527, writes=1470]
[Epoch 019] Wake:  98%|########8| 1665/1700 [01:55<00:02, 15.35seq/s, events=133200, loss=2.7494, writes=1500]
[Epoch 019] Wake: 100%|#########| 1700/1700 [01:55<00:00, 14.73seq/s, events=136000, loss=2.7528, writes=1518]

[Epoch 019] Global:   0%|                                                      | 0/1700 [00:00<?, ?seq-pass/s]
[Epoch 019] Global:   8%|#4                 | 128/1700 [00:03<00:37, 41.72seq-pass/s, batch=2/27, phase=train]
[Epoch 019] Global:  15%|##8                | 256/1700 [00:06<00:35, 41.21seq-pass/s, batch=4/27, phase=train]
[Epoch 019] Global:  23%|####2              | 384/1700 [00:09<00:31, 41.25seq-pass/s, batch=6/27, phase=train]
[Epoch 019] Global:  30%|#####7             | 512/1700 [00:12<00:28, 41.32seq-pass/s, batch=8/27, phase=train]
[Epoch 019] Global:  38%|######7           | 640/1700 [00:15<00:25, 41.39seq-pass/s, batch=10/27, phase=train]
[Epoch 019] Global:  45%|########1         | 768/1700 [00:18<00:22, 41.44seq-pass/s, batch=12/27, phase=train]
[Epoch 019] Global:  53%|#########4        | 896/1700 [00:21<00:19, 41.47seq-pass/s, batch=14/27, phase=train]
[Epoch 019] Global:  60%|##########2      | 1024/1700 [00:24<00:16, 41.50seq-pass/s, batch=16/27, phase=train]
[Epoch 019] Global:  68%|###########5     | 1152/1700 [00:27<00:13, 41.48seq-pass/s, batch=18/27, phase=train]
[Epoch 019] Global:  75%|############8    | 1280/1700 [00:30<00:10, 41.40seq-pass/s, batch=20/27, phase=train]
[Epoch 019] Global:  83%|##############   | 1408/1700 [00:34<00:07, 41.36seq-pass/s, batch=22/27, phase=train]
[Epoch 019] Global:  90%|###############3 | 1536/1700 [00:37<00:03, 41.28seq-pass/s, batch=24/27, phase=train]
[Epoch 019] Global:  98%|################6| 1664/1700 [00:40<00:00, 40.03seq-pass/s, batch=26/27, phase=train]
[Epoch 019] Global: 100%|#################| 1700/1700 [00:42<00:00, 40.26seq-pass/s, batch=27/27, phase=train]

[Epoch 019] Sleep:   0%|                                                             | 0/20 [00:00<?, ?step/s]
[Epoch 019] Sleep:   5%|8                | 1/20 [00:01<00:24,  1.31s/step, absorbed=3, phase=light, replay=96]
[Epoch 019] Sleep:  90%|##########8 | 18/20 [00:01<00:00, 13.76step/s, actions=0, phase=light, pressure=0.247]
[Epoch 019] Sleep: 100%|############| 20/20 [00:01<00:00, 15.28step/s, actions=0, phase=light, pressure=0.247]
[MemoryTree][019/050] wake/event=2.752792 sleep_residual_utility=0.011382 writes=1518 memorize=67 queue_split=39377 wake_actions=A96180/R376/M67/Q39377 novelty=0.0384 weighted_sim=0.9232 wm_grad_max=4.282e+00 global/event=2.739337 mix_diag=2.8806 global_steps=27 prior_KL=7.991e-02 seq_H_cond=0.4692 seq_H_marg=0.5735 seq_MI=1.042e-01 post_KL_diag=3.343e-01 branch_distill=2.330e-01 probe=6.147e+00/0.575->0.579/0.244/0.480 frontier=6.97/12.95/5.97 enc_gate=0.173 enc_scale=0.014 teacher_conf=0.174 teacher_JS=6.271e-02 max_mass=0.0603 owner_hard=[0, 3, 0, 86, 0, 8, 3, 0, 0, 51, 1, 0, 1486, 0, 0, 0, 0, 1, 0, 0, 0, 0, 61, 0, 0, 0, 0, 0, 0, 0, 0] mem_assign=[2126, 9462, 1422, 9943, 1122, 5064, 6986, 254, 1323, 7507, 2685, 3609, 42165, 823, 1681, 1090, 306, 2559, 911, 4288, 5665, 2931, 15730, 552, 470, 1596, 2103, 74, 1134, 385, 34] topology_prune=on leaves=16 sleep_mode=light light_absorb=3 deep_probability=0.247 topology_action=null topology_gain=0.000e+00 topology_candidates=0 collapsed=0 topology_lambda=0.000e+00 time=W115.4/G42.2/S1.4s cache=0/1700 cuda_peak=7083MiB sleep_actions=[]

[Epoch 020] Wake:   0%|                                                             | 0/1700 [00:00<?, ?seq/s]
[Epoch 020] Wake:   0%|                 | 1/1700 [00:04<1:59:01,  4.20s/seq, events=80, loss=3.2490, writes=1]
[Epoch 020] Wake:   4%|5              | 65/1700 [00:08<03:26,  7.93seq/s, events=5200, loss=2.7666, writes=47]
[Epoch 020] Wake:   8%|9            | 129/1700 [00:12<02:30, 10.43seq/s, events=10320, loss=2.7524, writes=98]
[Epoch 020] Wake:  11%|#3          | 193/1700 [00:17<02:09, 11.67seq/s, events=15440, loss=2.6770, writes=142]
[Epoch 020] Wake:  15%|#8          | 257/1700 [00:21<01:56, 12.36seq/s, events=20560, loss=2.6853, writes=185]
[Epoch 020] Wake:  19%|##2         | 321/1700 [00:26<01:46, 12.91seq/s, events=25680, loss=2.6834, writes=233]
[Epoch 020] Wake:  23%|##7         | 385/1700 [00:30<01:39, 13.27seq/s, events=30800, loss=2.7102, writes=263]
[Epoch 020] Wake:  26%|###1        | 449/1700 [00:34<01:32, 13.50seq/s, events=35920, loss=2.6991, writes=301]
[Epoch 020] Wake:  30%|###6        | 513/1700 [00:39<01:26, 13.67seq/s, events=41040, loss=2.7087, writes=345]
[Epoch 020] Wake:  34%|####        | 577/1700 [00:43<01:21, 13.85seq/s, events=46160, loss=2.7093, writes=380]
[Epoch 020] Wake:  38%|####5       | 641/1700 [00:47<01:15, 14.00seq/s, events=51280, loss=2.7031, writes=419]
[Epoch 020] Wake:  41%|####9       | 705/1700 [00:52<01:10, 14.14seq/s, events=56400, loss=2.6925, writes=459]
[Epoch 020] Wake:  45%|#####4      | 769/1700 [00:56<01:05, 14.17seq/s, events=61520, loss=2.7060, writes=499]
[Epoch 020] Wake:  49%|#####8      | 833/1700 [01:00<01:00, 14.26seq/s, events=66640, loss=2.7100, writes=533]
[Epoch 020] Wake:  53%|######3     | 897/1700 [01:05<00:55, 14.36seq/s, events=71760, loss=2.7093, writes=564]
[Epoch 020] Wake:  57%|######7     | 961/1700 [01:09<00:51, 14.39seq/s, events=76880, loss=2.7090, writes=594]
[Epoch 020] Wake:  60%|######6    | 1025/1700 [01:13<00:46, 14.40seq/s, events=82000, loss=2.7177, writes=621]
[Epoch 020] Wake:  64%|#######    | 1089/1700 [01:18<00:42, 14.47seq/s, events=87120, loss=2.7137, writes=656]
[Epoch 020] Wake:  68%|#######4   | 1153/1700 [01:22<00:37, 14.53seq/s, events=92240, loss=2.7138, writes=691]
[Epoch 020] Wake:  72%|#######8   | 1217/1700 [01:26<00:33, 14.54seq/s, events=97360, loss=2.7230, writes=726]
[Epoch 020] Wake:  75%|#######5  | 1281/1700 [01:31<00:28, 14.60seq/s, events=102480, loss=2.7250, writes=753]
[Epoch 020] Wake:  79%|#######9  | 1345/1700 [01:35<00:24, 14.65seq/s, events=107600, loss=2.7280, writes=775]
[Epoch 020] Wake:  83%|########2 | 1409/1700 [01:39<00:19, 14.62seq/s, events=112720, loss=2.7266, writes=807]
[Epoch 020] Wake:  87%|########6 | 1473/1700 [01:44<00:15, 14.60seq/s, events=117840, loss=2.7312, writes=840]
[Epoch 020] Wake:  90%|######### | 1537/1700 [01:48<00:11, 14.64seq/s, events=122960, loss=2.7326, writes=870]
[Epoch 020] Wake:  94%|#########4| 1601/1700 [01:52<00:06, 14.59seq/s, events=128080, loss=2.7321, writes=908]
[Epoch 020] Wake:  98%|#########7| 1665/1700 [01:55<00:02, 15.25seq/s, events=133200, loss=2.7284, writes=949]
[Epoch 020] Wake: 100%|##########| 1700/1700 [01:55<00:00, 14.72seq/s, events=136000, loss=2.7295, writes=965]

[Epoch 020] Global:   0%|                                                      | 0/1700 [00:00<?, ?seq-pass/s]
[Epoch 020] Global:   8%|#4                 | 128/1700 [00:03<00:37, 41.37seq-pass/s, batch=2/27, phase=train]
[Epoch 020] Global:  15%|##8                | 256/1700 [00:06<00:34, 41.40seq-pass/s, batch=4/27, phase=train]
[Epoch 020] Global:  23%|####2              | 384/1700 [00:09<00:31, 41.40seq-pass/s, batch=6/27, phase=train]
[Epoch 020] Global:  30%|#####7             | 512/1700 [00:12<00:28, 41.32seq-pass/s, batch=8/27, phase=train]
[Epoch 020] Global:  38%|######7           | 640/1700 [00:15<00:25, 41.25seq-pass/s, batch=10/27, phase=train]
[Epoch 020] Global:  45%|########1         | 768/1700 [00:18<00:22, 41.25seq-pass/s, batch=12/27, phase=train]
[Epoch 020] Global:  53%|#########4        | 896/1700 [00:21<00:19, 41.22seq-pass/s, batch=14/27, phase=train]
[Epoch 020] Global:  60%|##########2      | 1024/1700 [00:24<00:16, 41.24seq-pass/s, batch=16/27, phase=train]
[Epoch 020] Global:  68%|###########5     | 1152/1700 [00:27<00:13, 41.21seq-pass/s, batch=18/27, phase=train]
[Epoch 020] Global:  75%|############8    | 1280/1700 [00:31<00:10, 41.21seq-pass/s, batch=20/27, phase=train]
[Epoch 020] Global:  83%|##############   | 1408/1700 [00:34<00:07, 41.15seq-pass/s, batch=22/27, phase=train]
[Epoch 020] Global:  90%|###############3 | 1536/1700 [00:37<00:03, 41.13seq-pass/s, batch=24/27, phase=train]
[Epoch 020] Global:  98%|################6| 1664/1700 [00:40<00:00, 41.14seq-pass/s, batch=26/27, phase=train]
[Epoch 020] Global: 100%|#################| 1700/1700 [00:41<00:00, 41.11seq-pass/s, batch=27/27, phase=train]

[Epoch 020] Sleep:   0%|                                                             | 0/20 [00:00<?, ?step/s]
[Epoch 020] Sleep:   5%|8                | 1/20 [00:00<00:15,  1.26step/s, absorbed=3, phase=light, replay=96]
[Epoch 020] Sleep:  10%|##5                      | 2/20 [00:01<00:10,  1.69step/s, leaf=root_L_L, phase=split]
[Epoch 020] Sleep:  15%|###7                     | 3/20 [00:04<00:26,  1.54s/step, leaf=root_L_L, phase=split]
[Epoch 020] Sleep:  15%|###4                   | 3/20 [00:04<00:26,  1.54s/step, leaf=root_L_R_L, phase=split]
[Epoch 020] Sleep:  20%|####2                | 4/20 [00:08<00:24,  1.54s/step, leaf=root_L_R_R_L, phase=split]
[Epoch 020] Sleep:  25%|#####2               | 5/20 [00:11<00:35,  2.34s/step, leaf=root_L_R_R_L, phase=split]
[Epoch 020] Sleep:  25%|#####2               | 5/20 [00:11<00:35,  2.34s/step, leaf=root_L_R_R_R, phase=split]
[Epoch 020] Sleep:  30%|######3              | 6/20 [00:14<00:35,  2.54s/step, leaf=root_L_R_R_R, phase=split]
[Epoch 020] Sleep:  30%|######3              | 6/20 [00:14<00:35,  2.54s/step, leaf=root_R_L_L_L, phase=split]
[Epoch 020] Sleep:  35%|#######3             | 7/20 [00:18<00:35,  2.70s/step, leaf=root_R_L_L_L, phase=split]
[Epoch 020] Sleep:  35%|#######3             | 7/20 [00:18<00:35,  2.70s/step, leaf=root_R_L_L_R, phase=split]
[Epoch 020] Sleep:  40%|########4            | 8/20 [00:21<00:33,  2.82s/step, leaf=root_R_L_L_R, phase=split]
[Epoch 020] Sleep:  40%|########4            | 8/20 [00:21<00:33,  2.82s/step, leaf=root_R_L_R_L, phase=split]
[Epoch 020] Sleep:  45%|#########4           | 9/20 [00:25<00:32,  2.91s/step, leaf=root_R_L_R_L, phase=split]
[Epoch 020] Sleep:  45%|########5          | 9/20 [00:25<00:32,  2.91s/step, leaf=root_R_L_R_R_L, phase=split]
[Epoch 020] Sleep:  50%|#########         | 10/20 [00:28<00:29,  2.99s/step, leaf=root_R_L_R_R_L, phase=split]
[Epoch 020] Sleep:  50%|#########         | 10/20 [00:28<00:29,  2.99s/step, leaf=root_R_L_R_R_R, phase=split]
[Epoch 020] Sleep:  55%|#########9        | 11/20 [00:31<00:27,  3.04s/step, leaf=root_R_L_R_R_R, phase=split]
[Epoch 020] Sleep:  55%|###########         | 11/20 [00:31<00:27,  3.04s/step, leaf=root_R_R_L_L, phase=split]
[Epoch 020] Sleep:  60%|############        | 12/20 [00:35<00:24,  3.09s/step, leaf=root_R_R_L_L, phase=split]
[Epoch 020] Sleep:  60%|##########7       | 12/20 [00:35<00:24,  3.09s/step, leaf=root_R_R_L_R_L, phase=split]
[Epoch 020] Sleep:  65%|###########7      | 13/20 [00:38<00:21,  3.14s/step, leaf=root_R_R_L_R_L, phase=split]
[Epoch 020] Sleep:  65%|##########4     | 13/20 [00:38<00:21,  3.14s/step, leaf=root_R_R_L_R_R_L, phase=split]
[Epoch 020] Sleep:  70%|###########2    | 14/20 [00:42<00:19,  3.18s/step, leaf=root_R_R_L_R_R_L, phase=split]
[Epoch 020] Sleep:  70%|###########2    | 14/20 [00:42<00:19,  3.18s/step, leaf=root_R_R_L_R_R_R, phase=split]
[Epoch 020] Sleep:  75%|############    | 15/20 [00:45<00:16,  3.21s/step, leaf=root_R_R_L_R_R_R, phase=split]
[Epoch 020] Sleep:  75%|###############     | 15/20 [00:45<00:16,  3.21s/step, leaf=root_R_R_R_L, phase=split]
[Epoch 020] Sleep:  80%|################    | 16/20 [00:49<00:12,  3.24s/step, leaf=root_R_R_R_L, phase=split]
[Epoch 020] Sleep:  80%|##############4   | 16/20 [00:49<00:12,  3.24s/step, leaf=root_R_R_R_R_L, phase=split]
[Epoch 020] Sleep:  85%|###############3  | 17/20 [00:52<00:09,  3.27s/step, leaf=root_R_R_R_R_L, phase=split]
[Epoch 020] Sleep:  85%|###############3  | 17/20 [00:52<00:09,  3.27s/step, leaf=root_R_R_R_R_R, phase=split]
[Epoch 020] Sleep:  90%|################2 | 18/20 [00:56<00:06,  3.29s/step, leaf=root_R_R_R_R_R, phase=split]
[Epoch 020] Sleep:  90%|##########8 | 18/20 [00:56<00:06,  3.29s/step, actions=0, phase=light, pressure=0.265]
[Epoch 020] Sleep: 100%|############| 20/20 [00:56<00:00,  2.81s/step, actions=0, phase=light, pressure=0.265]
[MemoryTree][020/050] wake/event=2.729529 sleep_residual_utility=0.012491 writes=965 memorize=15 queue_split=39642 wake_actions=A96213/R130/M15/Q39642 novelty=0.0301 weighted_sim=0.9398 wm_grad_max=3.367e+00 global/event=2.736074 mix_diag=2.8878 global_steps=27 prior_KL=7.999e-02 seq_H_cond=0.4593 seq_H_marg=0.5811 seq_MI=1.218e-01 post_KL_diag=3.224e-01 branch_distill=2.393e-01 probe=6.207e+00/0.607->0.605/0.239/0.459 frontier=6.97/12.94/5.97 enc_gate=0.181 enc_scale=0.014 teacher_conf=0.174 teacher_JS=6.593e-02 max_mass=0.0910 owner_hard=[0, 0, 0, 113, 0, 11, 0, 0, 0, 13, 0, 0, 1555, 0, 0, 0, 0, 6, 0, 0, 0, 0, 2, 0, 0, 0, 0, 0, 0, 0, 0] mem_assign=[1732, 4776, 1117, 15195, 658, 6903, 4797, 25, 1402, 8060, 3334, 1703, 51706, 740, 1064, 1636, 544, 3440, 789, 6085, 3937, 1463, 9448, 561, 418, 2183, 1455, 135, 246, 270, 178] topology_prune=on leaves=16 sleep_mode=light light_absorb=3 deep_probability=0.265 topology_action=null topology_gain=0.000e+00 topology_candidates=26 collapsed=0 topology_lambda=0.000e+00 time=W115.5/G41.4/S56.3s cache=0/1700 cuda_peak=7083MiB sleep_actions=[]

[Epoch 021] Wake:   0%|                                                             | 0/1700 [00:00<?, ?seq/s]
[Epoch 021] Wake:   0%|                 | 1/1700 [00:04<2:01:55,  4.31s/seq, events=80, loss=3.4858, writes=0]
[Epoch 021] Wake:   4%|5              | 65/1700 [00:08<03:31,  7.74seq/s, events=5200, loss=2.6665, writes=89]
[Epoch 021] Wake:   8%|9           | 129/1700 [00:13<02:32, 10.31seq/s, events=10320, loss=2.7698, writes=145]
[Epoch 021] Wake:  11%|#3          | 193/1700 [00:17<02:09, 11.66seq/s, events=15440, loss=2.7883, writes=188]
[Epoch 021] Wake:  15%|#8          | 257/1700 [00:21<01:56, 12.36seq/s, events=20560, loss=2.7553, writes=237]
[Epoch 021] Wake:  19%|##2         | 321/1700 [00:26<01:46, 12.90seq/s, events=25680, loss=2.7544, writes=269]
[Epoch 021] Wake:  23%|##7         | 385/1700 [00:30<01:39, 13.20seq/s, events=30800, loss=2.7282, writes=311]
[Epoch 021] Wake:  26%|###1        | 449/1700 [00:34<01:32, 13.47seq/s, events=35920, loss=2.7464, writes=351]
[Epoch 021] Wake:  30%|###6        | 513/1700 [00:39<01:26, 13.70seq/s, events=41040, loss=2.7563, writes=388]
[Epoch 021] Wake:  34%|####        | 577/1700 [00:43<01:20, 13.89seq/s, events=46160, loss=2.7533, writes=427]
[Epoch 021] Wake:  38%|####5       | 641/1700 [00:47<01:15, 13.97seq/s, events=51280, loss=2.7530, writes=462]
[Epoch 021] Wake:  41%|####9       | 705/1700 [00:52<01:10, 14.04seq/s, events=56400, loss=2.7530, writes=495]
[Epoch 021] Wake:  45%|#####4      | 769/1700 [00:56<01:05, 14.15seq/s, events=61520, loss=2.7459, writes=542]
[Epoch 021] Wake:  49%|#####8      | 833/1700 [01:01<01:01, 14.15seq/s, events=66640, loss=2.7454, writes=572]
[Epoch 021] Wake:  53%|######3     | 897/1700 [01:05<00:56, 14.22seq/s, events=71760, loss=2.7379, writes=619]
[Epoch 021] Wake:  57%|######7     | 961/1700 [01:09<00:51, 14.28seq/s, events=76880, loss=2.7387, writes=654]
[Epoch 021] Wake:  60%|######6    | 1025/1700 [01:14<00:47, 14.34seq/s, events=82000, loss=2.7395, writes=685]
[Epoch 021] Wake:  64%|#######    | 1089/1700 [01:18<00:42, 14.34seq/s, events=87120, loss=2.7407, writes=719]
[Epoch 021] Wake:  68%|#######4   | 1153/1700 [01:22<00:37, 14.40seq/s, events=92240, loss=2.7401, writes=742]
[Epoch 021] Wake:  72%|#######8   | 1217/1700 [01:27<00:33, 14.45seq/s, events=97360, loss=2.7407, writes=777]
[Epoch 021] Wake:  75%|#######5  | 1281/1700 [01:31<00:28, 14.45seq/s, events=102480, loss=2.7400, writes=822]
[Epoch 021] Wake:  79%|#######9  | 1345/1700 [01:35<00:24, 14.50seq/s, events=107600, loss=2.7491, writes=857]
[Epoch 021] Wake:  83%|########2 | 1409/1700 [01:40<00:20, 14.54seq/s, events=112720, loss=2.7471, writes=894]
[Epoch 021] Wake:  87%|########6 | 1473/1700 [01:44<00:15, 14.57seq/s, events=117840, loss=2.7469, writes=926]
[Epoch 021] Wake:  90%|######### | 1537/1700 [01:48<00:11, 14.56seq/s, events=122960, loss=2.7448, writes=966]
[Epoch 021] Wake:  94%|#########4| 1601/1700 [01:53<00:06, 14.61seq/s, events=128080, loss=2.7401, writes=999]
[Epoch 021] Wake:  98%|########8| 1665/1700 [01:56<00:02, 15.20seq/s, events=133200, loss=2.7381, writes=1041]
[Epoch 021] Wake: 100%|#########| 1700/1700 [01:56<00:00, 14.65seq/s, events=136000, loss=2.7350, writes=1061]

[Epoch 021] Global:   0%|                                                      | 0/1700 [00:00<?, ?seq-pass/s]
[Epoch 021] Global:   8%|#4                 | 128/1700 [00:03<00:38, 41.34seq-pass/s, batch=2/27, phase=train]
[Epoch 021] Global:  15%|##8                | 256/1700 [00:06<00:35, 41.17seq-pass/s, batch=4/27, phase=train]
[Epoch 021] Global:  23%|####2              | 384/1700 [00:09<00:32, 41.05seq-pass/s, batch=6/27, phase=train]
[Epoch 021] Global:  30%|#####7             | 512/1700 [00:12<00:28, 41.15seq-pass/s, batch=8/27, phase=train]
[Epoch 021] Global:  38%|######7           | 640/1700 [00:15<00:25, 41.10seq-pass/s, batch=10/27, phase=train]
[Epoch 021] Global:  45%|########1         | 768/1700 [00:18<00:22, 41.10seq-pass/s, batch=12/27, phase=train]
[Epoch 021] Global:  53%|#########4        | 896/1700 [00:21<00:19, 41.10seq-pass/s, batch=14/27, phase=train]
[Epoch 021] Global:  60%|##########2      | 1024/1700 [00:24<00:16, 41.07seq-pass/s, batch=16/27, phase=train]
[Epoch 021] Global:  68%|###########5     | 1152/1700 [00:28<00:13, 41.07seq-pass/s, batch=18/27, phase=train]
[Epoch 021] Global:  75%|############8    | 1280/1700 [00:31<00:10, 41.03seq-pass/s, batch=20/27, phase=train]
[Epoch 021] Global:  83%|##############   | 1408/1700 [00:34<00:07, 40.97seq-pass/s, batch=22/27, phase=train]
[Epoch 021] Global:  90%|###############3 | 1536/1700 [00:37<00:04, 40.97seq-pass/s, batch=24/27, phase=train]
[Epoch 021] Global:  98%|################6| 1664/1700 [00:40<00:00, 40.94seq-pass/s, batch=26/27, phase=train]
[Epoch 021] Global: 100%|#################| 1700/1700 [00:41<00:00, 40.92seq-pass/s, batch=27/27, phase=train]

[Epoch 021] Sleep:   0%|                                                             | 0/20 [00:00<?, ?step/s]
[Epoch 021] Sleep:   5%|8                | 1/20 [00:00<00:15,  1.25step/s, absorbed=3, phase=light, replay=96]
[Epoch 021] Sleep:  90%|##########8 | 18/20 [00:00<00:00, 22.35step/s, actions=0, phase=light, pressure=0.139]
[Epoch 021] Sleep: 100%|############| 20/20 [00:00<00:00, 24.83step/s, actions=0, phase=light, pressure=0.139]
[MemoryTree][021/050] wake/event=2.734967 sleep_residual_utility=0.012102 writes=1061 memorize=6 queue_split=39646 wake_actions=A96327/R21/M6/Q39646 novelty=0.0264 weighted_sim=0.9471 wm_grad_max=3.440e+00 global/event=2.730677 mix_diag=2.9031 global_steps=27 prior_KL=1.129e-01 seq_H_cond=0.4416 seq_H_marg=0.5640 seq_MI=1.223e-01 post_KL_diag=3.315e-01 branch_distill=2.348e-01 probe=6.280e+00/0.618->0.621/0.372/0.484 frontier=6.97/12.95/5.97 enc_gate=0.191 enc_scale=0.015 teacher_conf=0.193 teacher_JS=6.976e-02 max_mass=0.0738 owner_hard=[0, 0, 0, 7, 0, 0, 0, 0, 0, 3, 0, 0, 1678, 0, 0, 0, 0, 7, 0, 2, 0, 0, 3, 0, 0, 0, 0, 0, 0, 0, 0] mem_assign=[1375, 6071, 1168, 12112, 542, 5186, 4177, 9, 769, 7204, 2093, 1814, 56778, 285, 974, 721, 563, 4001, 1290, 7493, 3228, 3023, 8013, 1107, 435, 3324, 995, 210, 304, 43, 693] topology_prune=on leaves=16 sleep_mode=light light_absorb=3 deep_probability=0.139 topology_action=null topology_gain=0.000e+00 topology_candidates=0 collapsed=0 topology_lambda=0.000e+00 time=W116.0/G41.5/S0.9s cache=0/1700 cuda_peak=7084MiB sleep_actions=[]

[Epoch 022] Wake:   0%|                                                             | 0/1700 [00:00<?, ?seq/s]
[Epoch 022] Wake:   0%|                 | 1/1700 [00:04<2:07:47,  4.51s/seq, events=80, loss=2.3793, writes=1]
[Epoch 022] Wake:   4%|5             | 65/1700 [00:08<03:33,  7.65seq/s, events=5200, loss=2.8526, writes=114]
[Epoch 022] Wake:   8%|9           | 129/1700 [00:13<02:33, 10.20seq/s, events=10320, loss=2.7628, writes=191]
[Epoch 022] Wake:  11%|#3          | 193/1700 [00:17<02:11, 11.48seq/s, events=15440, loss=2.7527, writes=247]
[Epoch 022] Wake:  15%|#8          | 257/1700 [00:21<01:57, 12.28seq/s, events=20560, loss=2.7218, writes=312]
[Epoch 022] Wake:  19%|##2         | 321/1700 [00:26<01:48, 12.72seq/s, events=25680, loss=2.7138, writes=369]
[Epoch 022] Wake:  23%|##7         | 385/1700 [00:30<01:40, 13.12seq/s, events=30800, loss=2.7134, writes=435]
[Epoch 022] Wake:  26%|###1        | 449/1700 [00:35<01:33, 13.41seq/s, events=35920, loss=2.6897, writes=485]
[Epoch 022] Wake:  30%|###6        | 513/1700 [00:39<01:27, 13.53seq/s, events=41040, loss=2.6923, writes=546]
[Epoch 022] Wake:  34%|####        | 577/1700 [00:44<01:22, 13.69seq/s, events=46160, loss=2.6975, writes=604]
[Epoch 022] Wake:  38%|####5       | 641/1700 [00:48<01:16, 13.83seq/s, events=51280, loss=2.7012, writes=660]
[Epoch 022] Wake:  41%|####9       | 705/1700 [00:52<01:11, 13.89seq/s, events=56400, loss=2.7002, writes=712]
[Epoch 022] Wake:  45%|#####4      | 769/1700 [00:57<01:06, 14.01seq/s, events=61520, loss=2.7045, writes=759]
[Epoch 022] Wake:  49%|#####8      | 833/1700 [01:01<01:01, 14.10seq/s, events=66640, loss=2.7012, writes=803]
[Epoch 022] Wake:  53%|######3     | 897/1700 [01:06<00:56, 14.13seq/s, events=71760, loss=2.7036, writes=859]
[Epoch 022] Wake:  57%|######7     | 961/1700 [01:10<00:52, 14.20seq/s, events=76880, loss=2.7112, writes=898]
[Epoch 022] Wake:  60%|######6    | 1025/1700 [01:14<00:47, 14.25seq/s, events=82000, loss=2.7161, writes=949]
[Epoch 022] Wake:  64%|#######    | 1089/1700 [01:19<00:42, 14.24seq/s, events=87120, loss=2.7188, writes=984]
[Epoch 022] Wake:  68%|######7   | 1153/1700 [01:23<00:38, 14.30seq/s, events=92240, loss=2.7299, writes=1031]
[Epoch 022] Wake:  72%|#######1  | 1217/1700 [01:27<00:33, 14.35seq/s, events=97360, loss=2.7320, writes=1071]
[Epoch 022] Wake:  75%|######7  | 1281/1700 [01:32<00:29, 14.33seq/s, events=102480, loss=2.7330, writes=1120]
[Epoch 022] Wake:  79%|#######1 | 1345/1700 [01:36<00:24, 14.37seq/s, events=107600, loss=2.7344, writes=1165]
[Epoch 022] Wake:  83%|#######4 | 1409/1700 [01:41<00:20, 14.41seq/s, events=112720, loss=2.7358, writes=1205]
[Epoch 022] Wake:  87%|#######7 | 1473/1700 [01:45<00:15, 14.39seq/s, events=117840, loss=2.7299, writes=1258]
[Epoch 022] Wake:  90%|########1| 1537/1700 [01:49<00:11, 14.45seq/s, events=122960, loss=2.7333, writes=1307]
[Epoch 022] Wake:  94%|########4| 1601/1700 [01:54<00:06, 14.43seq/s, events=128080, loss=2.7345, writes=1351]
[Epoch 022] Wake:  98%|########8| 1665/1700 [01:57<00:02, 15.10seq/s, events=133200, loss=2.7312, writes=1399]
[Epoch 022] Wake: 100%|#########| 1700/1700 [01:57<00:00, 14.52seq/s, events=136000, loss=2.7353, writes=1414]

[Epoch 022] Global:   0%|                                                      | 0/1700 [00:00<?, ?seq-pass/s]
[Epoch 022] Global:   8%|#4                 | 128/1700 [00:03<00:38, 41.00seq-pass/s, batch=2/27, phase=train]
[Epoch 022] Global:  15%|##8                | 256/1700 [00:06<00:35, 40.98seq-pass/s, batch=4/27, phase=train]
[Epoch 022] Global:  23%|####2              | 384/1700 [00:09<00:32, 40.87seq-pass/s, batch=6/27, phase=train]
[Epoch 022] Global:  30%|#####7             | 512/1700 [00:12<00:29, 40.85seq-pass/s, batch=8/27, phase=train]
[Epoch 022] Global:  38%|######7           | 640/1700 [00:15<00:25, 40.95seq-pass/s, batch=10/27, phase=train]
[Epoch 022] Global:  45%|########1         | 768/1700 [00:18<00:22, 40.94seq-pass/s, batch=12/27, phase=train]
[Epoch 022] Global:  53%|#########4        | 896/1700 [00:21<00:19, 40.99seq-pass/s, batch=14/27, phase=train]
[Epoch 022] Global:  60%|##########2      | 1024/1700 [00:24<00:16, 41.00seq-pass/s, batch=16/27, phase=train]
[Epoch 022] Global:  68%|###########5     | 1152/1700 [00:28<00:13, 41.00seq-pass/s, batch=18/27, phase=train]
[Epoch 022] Global:  75%|############8    | 1280/1700 [00:31<00:10, 41.03seq-pass/s, batch=20/27, phase=train]
[Epoch 022] Global:  83%|##############   | 1408/1700 [00:34<00:07, 40.95seq-pass/s, batch=22/27, phase=train]
[Epoch 022] Global:  90%|###############3 | 1536/1700 [00:37<00:04, 40.95seq-pass/s, batch=24/27, phase=train]
[Epoch 022] Global:  98%|################6| 1664/1700 [00:40<00:00, 40.96seq-pass/s, batch=26/27, phase=train]
[Epoch 022] Global: 100%|#################| 1700/1700 [00:41<00:00, 40.90seq-pass/s, batch=27/27, phase=train]

[Epoch 022] Sleep:   0%|                                                             | 0/20 [00:00<?, ?step/s]
[Epoch 022] Sleep:   5%|8                | 1/20 [00:00<00:15,  1.24step/s, absorbed=6, phase=light, replay=96]
[Epoch 022] Sleep:  90%|##########8 | 18/20 [00:00<00:00, 22.29step/s, actions=0, phase=light, pressure=0.211]
[Epoch 022] Sleep: 100%|############| 20/20 [00:00<00:00, 24.76step/s, actions=0, phase=light, pressure=0.211]
[MemoryTree][022/050] wake/event=2.735274 sleep_residual_utility=0.012343 writes=1414 memorize=8 queue_split=39480 wake_actions=A96382/R130/M8/Q39480 novelty=0.0217 weighted_sim=0.9567 wm_grad_max=3.927e+00 global/event=2.729983 mix_diag=2.9130 global_steps=27 prior_KL=1.200e-01 seq_H_cond=0.4299 seq_H_marg=0.5625 seq_MI=1.326e-01 post_KL_diag=3.303e-01 branch_distill=2.351e-01 probe=6.135e+00/0.643->0.642/0.429/0.489 frontier=6.96/12.92/5.96 enc_gate=0.207 enc_scale=0.016 teacher_conf=0.204 teacher_JS=7.565e-02 max_mass=0.1249 owner_hard=[0, 0, 0, 218, 0, 31, 3, 0, 0, 1, 5, 0, 1434, 0, 0, 0, 0, 2, 0, 6, 0, 0, 0, 0, 0, 0, 0, 0, 0, 0, 0] mem_assign=[1198, 550, 472, 20962, 82, 7005, 6706, 27, 402, 5713, 3583, 2574, 53327, 118, 905, 1010, 1671, 2386, 1058, 9243, 4169, 1976, 3862, 608, 316, 4280, 872, 20, 34, 39, 832] topology_prune=on leaves=16 sleep_mode=light light_absorb=6 deep_probability=0.211 topology_action=null topology_gain=0.000e+00 topology_candidates=0 collapsed=0 topology_lambda=0.000e+00 time=W117.1/G41.6/S0.9s cache=0/1700 cuda_peak=7093MiB sleep_actions=[]

[Epoch 023] Wake:   0%|                                                             | 0/1700 [00:00<?, ?seq/s]
[Epoch 023] Wake:   0%|                 | 1/1700 [00:04<2:03:11,  4.35s/seq, events=80, loss=3.3197, writes=2]
[Epoch 023] Wake:   4%|5              | 65/1700 [00:08<03:29,  7.81seq/s, events=5200, loss=2.7983, writes=96]
[Epoch 023] Wake:   8%|9           | 129/1700 [00:13<02:32, 10.30seq/s, events=10320, loss=2.7993, writes=177]
[Epoch 023] Wake:  11%|#3          | 193/1700 [00:17<02:11, 11.50seq/s, events=15440, loss=2.7802, writes=245]
[Epoch 023] Wake:  15%|#8          | 257/1700 [00:21<01:57, 12.28seq/s, events=20560, loss=2.7515, writes=320]
[Epoch 023] Wake:  19%|##2         | 321/1700 [00:26<01:47, 12.79seq/s, events=25680, loss=2.7833, writes=372]
[Epoch 023] Wake:  23%|##7         | 385/1700 [00:30<01:40, 13.06seq/s, events=30800, loss=2.7534, writes=438]
[Epoch 023] Wake:  26%|###1        | 449/1700 [00:35<01:33, 13.35seq/s, events=35920, loss=2.7370, writes=489]
[Epoch 023] Wake:  30%|###6        | 513/1700 [00:39<01:27, 13.58seq/s, events=41040, loss=2.7397, writes=538]
[Epoch 023] Wake:  34%|####        | 577/1700 [00:43<01:22, 13.69seq/s, events=46160, loss=2.7496, writes=579]
[Epoch 023] Wake:  38%|####5       | 641/1700 [00:48<01:16, 13.83seq/s, events=51280, loss=2.7456, writes=623]
[Epoch 023] Wake:  41%|####9       | 705/1700 [00:52<01:11, 13.92seq/s, events=56400, loss=2.7411, writes=673]
[Epoch 023] Wake:  45%|#####4      | 769/1700 [00:57<01:06, 14.06seq/s, events=61520, loss=2.7501, writes=727]
[Epoch 023] Wake:  49%|#####8      | 833/1700 [01:01<01:01, 14.07seq/s, events=66640, loss=2.7281, writes=765]
[Epoch 023] Wake:  53%|######3     | 897/1700 [01:05<00:56, 14.16seq/s, events=71760, loss=2.7261, writes=820]
[Epoch 023] Wake:  57%|######7     | 961/1700 [01:10<00:51, 14.25seq/s, events=76880, loss=2.7178, writes=864]
[Epoch 023] Wake:  60%|######6    | 1025/1700 [01:14<00:47, 14.32seq/s, events=82000, loss=2.7093, writes=916]
[Epoch 023] Wake:  64%|#######    | 1089/1700 [01:18<00:42, 14.32seq/s, events=87120, loss=2.7113, writes=965]
[Epoch 023] Wake:  68%|######7   | 1153/1700 [01:23<00:38, 14.39seq/s, events=92240, loss=2.7109, writes=1016]
[Epoch 023] Wake:  72%|#######1  | 1217/1700 [01:27<00:33, 14.45seq/s, events=97360, loss=2.7141, writes=1057]
[Epoch 023] Wake:  75%|######7  | 1281/1700 [01:31<00:29, 14.44seq/s, events=102480, loss=2.7153, writes=1103]
[Epoch 023] Wake:  79%|#######1 | 1345/1700 [01:36<00:24, 14.48seq/s, events=107600, loss=2.7125, writes=1146]
[Epoch 023] Wake:  83%|#######4 | 1409/1700 [01:40<00:20, 14.53seq/s, events=112720, loss=2.7076, writes=1202]
[Epoch 023] Wake:  87%|#######7 | 1473/1700 [01:45<00:15, 14.47seq/s, events=117840, loss=2.7128, writes=1231]
[Epoch 023] Wake:  90%|########1| 1537/1700 [01:49<00:11, 14.53seq/s, events=122960, loss=2.7133, writes=1275]
[Epoch 023] Wake:  94%|########4| 1601/1700 [01:53<00:06, 14.56seq/s, events=128080, loss=2.7162, writes=1300]
[Epoch 023] Wake:  98%|########8| 1665/1700 [01:56<00:02, 15.16seq/s, events=133200, loss=2.7138, writes=1348]
[Epoch 023] Wake: 100%|#########| 1700/1700 [01:56<00:00, 14.59seq/s, events=136000, loss=2.7154, writes=1360]

[Epoch 023] Global:   0%|                                                      | 0/1700 [00:00<?, ?seq-pass/s]
[Epoch 023] Global:   8%|#4                 | 128/1700 [00:03<00:38, 40.88seq-pass/s, batch=2/27, phase=train]
[Epoch 023] Global:  15%|##8                | 256/1700 [00:06<00:35, 40.87seq-pass/s, batch=4/27, phase=train]
[Epoch 023] Global:  23%|####2              | 384/1700 [00:09<00:32, 40.90seq-pass/s, batch=6/27, phase=train]
[Epoch 023] Global:  30%|#####7             | 512/1700 [00:12<00:29, 40.86seq-pass/s, batch=8/27, phase=train]
[Epoch 023] Global:  38%|######7           | 640/1700 [00:15<00:25, 40.88seq-pass/s, batch=10/27, phase=train]
[Epoch 023] Global:  45%|########1         | 768/1700 [00:18<00:22, 40.96seq-pass/s, batch=12/27, phase=train]
[Epoch 023] Global:  53%|#########4        | 896/1700 [00:21<00:19, 40.97seq-pass/s, batch=14/27, phase=train]
[Epoch 023] Global:  60%|##########2      | 1024/1700 [00:24<00:16, 41.02seq-pass/s, batch=16/27, phase=train]
[Epoch 023] Global:  68%|###########5     | 1152/1700 [00:28<00:13, 40.98seq-pass/s, batch=18/27, phase=train]
[Epoch 023] Global:  75%|############8    | 1280/1700 [00:31<00:10, 40.99seq-pass/s, batch=20/27, phase=train]
[Epoch 023] Global:  83%|##############   | 1408/1700 [00:34<00:07, 41.01seq-pass/s, batch=22/27, phase=train]
[Epoch 023] Global:  90%|###############3 | 1536/1700 [00:37<00:04, 40.99seq-pass/s, batch=24/27, phase=train]
[Epoch 023] Global:  98%|################6| 1664/1700 [00:40<00:00, 41.02seq-pass/s, batch=26/27, phase=train]
[Epoch 023] Global: 100%|#################| 1700/1700 [00:41<00:00, 40.93seq-pass/s, batch=27/27, phase=train]

[Epoch 023] Sleep:   0%|                                                             | 0/20 [00:00<?, ?step/s]
[Epoch 023] Sleep:   5%|8                | 1/20 [00:00<00:15,  1.25step/s, absorbed=3, phase=light, replay=94]
[Epoch 023] Sleep:  10%|##5                      | 2/20 [00:01<00:10,  1.68step/s, leaf=root_L_L, phase=split]
[Epoch 023] Sleep:  15%|###7                     | 3/20 [00:04<00:26,  1.55s/step, leaf=root_L_L, phase=split]
[Epoch 023] Sleep:  15%|###4                   | 3/20 [00:04<00:26,  1.55s/step, leaf=root_L_R_L, phase=split]
[Epoch 023] Sleep:  20%|####2                | 4/20 [00:08<00:24,  1.55s/step, leaf=root_L_R_R_L, phase=split]
[Epoch 023] Sleep:  25%|#####2               | 5/20 [00:11<00:35,  2.38s/step, leaf=root_L_R_R_L, phase=split]
[Epoch 023] Sleep:  25%|#####2               | 5/20 [00:11<00:35,  2.38s/step, leaf=root_L_R_R_R, phase=split]
[Epoch 023] Sleep:  30%|######3              | 6/20 [00:15<00:36,  2.58s/step, leaf=root_L_R_R_R, phase=split]
[Epoch 023] Sleep:  30%|######3              | 6/20 [00:15<00:36,  2.58s/step, leaf=root_R_L_L_L, phase=split]
[Epoch 023] Sleep:  35%|#######3             | 7/20 [00:18<00:35,  2.73s/step, leaf=root_R_L_L_L, phase=split]
[Epoch 023] Sleep:  35%|#######3             | 7/20 [00:18<00:35,  2.73s/step, leaf=root_R_L_L_R, phase=split]
[Epoch 023] Sleep:  40%|########4            | 8/20 [00:21<00:34,  2.84s/step, leaf=root_R_L_L_R, phase=split]
[Epoch 023] Sleep:  40%|########4            | 8/20 [00:21<00:34,  2.84s/step, leaf=root_R_L_R_L, phase=split]
[Epoch 023] Sleep:  45%|#########4           | 9/20 [00:25<00:32,  2.93s/step, leaf=root_R_L_R_L, phase=split]
[Epoch 023] Sleep:  45%|########5          | 9/20 [00:25<00:32,  2.93s/step, leaf=root_R_L_R_R_L, phase=split]
[Epoch 023] Sleep:  50%|#########         | 10/20 [00:28<00:30,  3.01s/step, leaf=root_R_L_R_R_L, phase=split]
[Epoch 023] Sleep:  50%|#########         | 10/20 [00:28<00:30,  3.01s/step, leaf=root_R_L_R_R_R, phase=split]
[Epoch 023] Sleep:  55%|#########9        | 11/20 [00:32<00:27,  3.07s/step, leaf=root_R_L_R_R_R, phase=split]
[Epoch 023] Sleep:  55%|###########         | 11/20 [00:32<00:27,  3.07s/step, leaf=root_R_R_L_L, phase=split]
[Epoch 023] Sleep:  60%|############        | 12/20 [00:35<00:24,  3.12s/step, leaf=root_R_R_L_L, phase=split]
[Epoch 023] Sleep:  60%|##########7       | 12/20 [00:35<00:24,  3.12s/step, leaf=root_R_R_L_R_L, phase=split]
[Epoch 023] Sleep:  65%|###########7      | 13/20 [00:39<00:22,  3.17s/step, leaf=root_R_R_L_R_L, phase=split]
[Epoch 023] Sleep:  65%|##########4     | 13/20 [00:39<00:22,  3.17s/step, leaf=root_R_R_L_R_R_L, phase=split]
[Epoch 023] Sleep:  70%|###########2    | 14/20 [00:42<00:19,  3.20s/step, leaf=root_R_R_L_R_R_L, phase=split]
[Epoch 023] Sleep:  70%|###########2    | 14/20 [00:42<00:19,  3.20s/step, leaf=root_R_R_L_R_R_R, phase=split]
[Epoch 023] Sleep:  75%|############    | 15/20 [00:46<00:16,  3.25s/step, leaf=root_R_R_L_R_R_R, phase=split]
[Epoch 023] Sleep:  75%|###############     | 15/20 [00:46<00:16,  3.25s/step, leaf=root_R_R_R_L, phase=split]
[Epoch 023] Sleep:  80%|################    | 16/20 [00:49<00:13,  3.27s/step, leaf=root_R_R_R_L, phase=split]
[Epoch 023] Sleep:  80%|##############4   | 16/20 [00:49<00:13,  3.27s/step, leaf=root_R_R_R_R_L, phase=split]
[Epoch 023] Sleep:  85%|###############3  | 17/20 [00:53<00:09,  3.29s/step, leaf=root_R_R_R_R_L, phase=split]
[Epoch 023] Sleep:  85%|###############3  | 17/20 [00:53<00:09,  3.29s/step, leaf=root_R_R_R_R_R, phase=split]
[Epoch 023] Sleep:  90%|################2 | 18/20 [00:56<00:06,  3.31s/step, leaf=root_R_R_R_R_R, phase=split]
[Epoch 023] Sleep:  90%|###########7 | 18/20 [01:01<00:06,  3.31s/step, actions=5, phase=deep, pressure=0.247]
[Epoch 023] Sleep:  95%|############3| 19/20 [01:01<00:03,  3.49s/step, actions=5, phase=deep, pressure=0.247]
[Epoch 023] Sleep: 100%|#############| 20/20 [01:01<00:00,  3.07s/step, actions=5, phase=deep, pressure=0.247]
[MemoryTree][023/050] wake/event=2.715373 sleep_residual_utility=0.011008 writes=1360 memorize=15 queue_split=39295 wake_actions=A96527/R163/M15/Q39295 novelty=0.0187 weighted_sim=0.9627 wm_grad_max=4.259e+00 global/event=2.720576 mix_diag=2.9444 global_steps=27 prior_KL=1.095e-01 seq_H_cond=0.4277 seq_H_marg=0.5735 seq_MI=1.457e-01 post_KL_diag=3.361e-01 branch_distill=2.561e-01 probe=6.154e+00/0.662->0.666/0.502/0.489 frontier=6.99/12.97/5.99 enc_gate=0.214 enc_scale=0.017 teacher_conf=0.213 teacher_JS=7.774e-02 max_mass=0.1219 owner_hard=[0, 0, 0, 246, 0, 16, 21, 0, 0, 0, 0, 1, 1373, 0, 0, 0, 1, 2, 0, 34, 0, 0, 2, 0, 0, 4, 0, 0, 0, 0, 0] mem_assign=[992, 949, 529, 20443, 47, 5448, 9742, 3, 189, 2839, 2896, 3913, 43389, 219, 736, 2684, 3498, 2686, 1204, 11541, 3862, 3319, 4772, 1060, 729, 6096, 1052, 127, 103, 15, 918] topology_prune=on leaves=16 sleep_mode=deep light_absorb=3 deep_probability=0.247 topology_action=null topology_gain=0.000e+00 topology_candidates=26 collapsed=0 topology_lambda=0.000e+00 time=W116.5/G41.5/S61.5s cache=0/1700 cuda_peak=7101MiB sleep_actions=['promotion', 'promotion', 'promotion', 'promotion', 'promotion']

[Epoch 024] Wake:   0%|                                                             | 0/1700 [00:00<?, ?seq/s]
[Epoch 024] Wake:   0%|                 | 1/1700 [00:04<2:02:36,  4.33s/seq, events=80, loss=2.1833, writes=2]
[Epoch 024] Wake:   4%|5             | 65/1700 [00:08<03:35,  7.60seq/s, events=5200, loss=2.7361, writes=123]
[Epoch 024] Wake:   8%|9           | 129/1700 [00:13<02:35, 10.08seq/s, events=10320, loss=2.6657, writes=238]
[Epoch 024] Wake:  11%|#3          | 193/1700 [00:17<02:12, 11.37seq/s, events=15440, loss=2.6921, writes=343]
[Epoch 024] Wake:  15%|#8          | 257/1700 [00:22<01:58, 12.17seq/s, events=20560, loss=2.7035, writes=429]
[Epoch 024] Wake:  19%|##2         | 321/1700 [00:26<01:49, 12.60seq/s, events=25680, loss=2.6956, writes=508]
[Epoch 024] Wake:  23%|##7         | 385/1700 [00:31<01:41, 12.97seq/s, events=30800, loss=2.7024, writes=580]
[Epoch 024] Wake:  26%|###1        | 449/1700 [00:35<01:34, 13.25seq/s, events=35920, loss=2.6868, writes=668]
[Epoch 024] Wake:  30%|###6        | 513/1700 [00:39<01:28, 13.43seq/s, events=41040, loss=2.6973, writes=732]
[Epoch 024] Wake:  34%|####        | 577/1700 [00:44<01:22, 13.62seq/s, events=46160, loss=2.7105, writes=799]
[Epoch 024] Wake:  38%|####5       | 641/1700 [00:48<01:17, 13.72seq/s, events=51280, loss=2.7276, writes=855]
[Epoch 024] Wake:  41%|####9       | 705/1700 [00:53<01:11, 13.84seq/s, events=56400, loss=2.7294, writes=929]
[Epoch 024] Wake:  45%|####9      | 769/1700 [00:57<01:06, 13.96seq/s, events=61520, loss=2.7188, writes=1017]
[Epoch 024] Wake:  49%|#####3     | 833/1700 [01:01<01:01, 14.01seq/s, events=66640, loss=2.7207, writes=1083]
[Epoch 024] Wake:  53%|#####8     | 897/1700 [01:06<00:56, 14.09seq/s, events=71760, loss=2.7214, writes=1139]
[Epoch 024] Wake:  57%|######2    | 961/1700 [01:10<00:52, 14.16seq/s, events=76880, loss=2.7145, writes=1206]
[Epoch 024] Wake:  60%|######    | 1025/1700 [01:15<00:47, 14.16seq/s, events=82000, loss=2.7137, writes=1271]
[Epoch 024] Wake:  64%|######4   | 1089/1700 [01:19<00:42, 14.22seq/s, events=87120, loss=2.7056, writes=1340]
[Epoch 024] Wake:  68%|######7   | 1153/1700 [01:23<00:38, 14.28seq/s, events=92240, loss=2.7058, writes=1389]
[Epoch 024] Wake:  72%|#######1  | 1217/1700 [01:28<00:33, 14.33seq/s, events=97360, loss=2.7094, writes=1451]
[Epoch 024] Wake:  75%|######7  | 1281/1700 [01:32<00:29, 14.34seq/s, events=102480, loss=2.7123, writes=1506]
[Epoch 024] Wake:  79%|#######1 | 1345/1700 [01:37<00:24, 14.40seq/s, events=107600, loss=2.7102, writes=1573]
[Epoch 024] Wake:  83%|#######4 | 1409/1700 [01:41<00:20, 14.39seq/s, events=112720, loss=2.7128, writes=1634]
[Epoch 024] Wake:  87%|#######7 | 1473/1700 [01:45<00:15, 14.43seq/s, events=117840, loss=2.7100, writes=1701]
[Epoch 024] Wake:  90%|########1| 1537/1700 [01:50<00:11, 14.48seq/s, events=122960, loss=2.7173, writes=1777]
[Epoch 024] Wake:  94%|########4| 1601/1700 [01:54<00:06, 14.52seq/s, events=128080, loss=2.7165, writes=1832]
[Epoch 024] Wake:  98%|########8| 1665/1700 [01:57<00:02, 15.13seq/s, events=133200, loss=2.7201, writes=1888]
[Epoch 024] Wake: 100%|#########| 1700/1700 [01:57<00:00, 14.51seq/s, events=136000, loss=2.7194, writes=1919]

[Epoch 024] Global:   0%|                                                      | 0/1700 [00:00<?, ?seq-pass/s]
[Epoch 024] Global:   8%|#4                 | 128/1700 [00:03<00:38, 41.02seq-pass/s, batch=2/27, phase=train]
[Epoch 024] Global:  15%|##8                | 256/1700 [00:06<00:35, 41.07seq-pass/s, batch=4/27, phase=train]
[Epoch 024] Global:  23%|####2              | 384/1700 [00:09<00:32, 41.03seq-pass/s, batch=6/27, phase=train]
[Epoch 024] Global:  30%|#####7             | 512/1700 [00:12<00:28, 40.99seq-pass/s, batch=8/27, phase=train]
[Epoch 024] Global:  38%|######7           | 640/1700 [00:15<00:25, 40.99seq-pass/s, batch=10/27, phase=train]
[Epoch 024] Global:  45%|########1         | 768/1700 [00:18<00:22, 40.98seq-pass/s, batch=12/27, phase=train]
[Epoch 024] Global:  53%|#########4        | 896/1700 [00:21<00:19, 40.95seq-pass/s, batch=14/27, phase=train]
[Epoch 024] Global:  60%|##########2      | 1024/1700 [00:24<00:16, 40.96seq-pass/s, batch=16/27, phase=train]
[Epoch 024] Global:  68%|###########5     | 1152/1700 [00:28<00:13, 40.96seq-pass/s, batch=18/27, phase=train]
[Epoch 024] Global:  75%|############8    | 1280/1700 [00:31<00:10, 40.94seq-pass/s, batch=20/27, phase=train]
[Epoch 024] Global:  83%|##############   | 1408/1700 [00:34<00:07, 40.96seq-pass/s, batch=22/27, phase=train]
[Epoch 024] Global:  90%|###############3 | 1536/1700 [00:37<00:04, 40.91seq-pass/s, batch=24/27, phase=train]
[Epoch 024] Global:  98%|################6| 1664/1700 [00:40<00:00, 40.91seq-pass/s, batch=26/27, phase=train]
[Epoch 024] Global: 100%|#################| 1700/1700 [00:41<00:00, 40.88seq-pass/s, batch=27/27, phase=train]

[Epoch 024] Sleep:   0%|                                                             | 0/20 [00:00<?, ?step/s]
[Epoch 024] Sleep:   5%|8                | 1/20 [00:00<00:15,  1.24step/s, absorbed=3, phase=light, replay=95]
[Epoch 024] Sleep:  90%|##########8 | 18/20 [00:00<00:00, 22.34step/s, actions=0, phase=light, pressure=0.139]
[Epoch 024] Sleep: 100%|############| 20/20 [00:00<00:00, 24.81step/s, actions=0, phase=light, pressure=0.139]
[MemoryTree][024/050] wake/event=2.719365 sleep_residual_utility=0.011976 writes=1919 memorize=17 queue_split=39272 wake_actions=A96595/R116/M17/Q39272 novelty=0.0233 weighted_sim=0.9534 wm_grad_max=3.660e+00 global/event=2.722976 mix_diag=2.9476 global_steps=27 prior_KL=1.141e-01 seq_H_cond=0.4124 seq_H_marg=0.5707 seq_MI=1.582e-01 post_KL_diag=3.225e-01 branch_distill=2.432e-01 probe=6.066e+00/0.691->0.692/0.656/0.488 frontier=7.00/13.00/6.00 enc_gate=0.215 enc_scale=0.017 teacher_conf=0.213 teacher_JS=7.868e-02 max_mass=0.0951 owner_hard=[0, 0, 0, 187, 0, 0, 20, 0, 0, 0, 0, 7, 1378, 0, 0, 10, 0, 78, 0, 20, 0, 0, 0, 0, 0, 0, 0, 0, 0, 0, 0] mem_assign=[1152, 1729, 601, 16000, 423, 2056, 11425, 1710, 482, 1739, 765, 6332, 43865, 460, 232, 6230, 1079, 5210, 380, 12018, 4178, 4113, 4340, 2265, 783, 3784, 1478, 150, 13, 137, 871] topology_prune=on leaves=16 sleep_mode=light light_absorb=3 deep_probability=0.139 topology_action=null topology_gain=0.000e+00 topology_candidates=0 collapsed=0 topology_lambda=0.000e+00 time=W117.2/G41.6/S0.9s cache=0/1700 cuda_peak=7100MiB sleep_actions=[]

[Epoch 025] Wake:   0%|                                                             | 0/1700 [00:00<?, ?seq/s]
[Epoch 025] Wake:   0%|                 | 1/1700 [00:04<2:08:06,  4.52s/seq, events=80, loss=3.1749, writes=3]
[Epoch 025] Wake:   4%|5             | 65/1700 [00:08<03:33,  7.64seq/s, events=5200, loss=2.8167, writes=153]
[Epoch 025] Wake:   8%|9           | 129/1700 [00:13<02:34, 10.17seq/s, events=10320, loss=2.7427, writes=258]
[Epoch 025] Wake:  11%|#3          | 193/1700 [00:17<02:11, 11.49seq/s, events=15440, loss=2.7919, writes=327]
[Epoch 025] Wake:  15%|#8          | 257/1700 [00:22<01:59, 12.11seq/s, events=20560, loss=2.7418, writes=428]
[Epoch 025] Wake:  19%|##2         | 321/1700 [00:26<01:49, 12.63seq/s, events=25680, loss=2.7400, writes=509]
[Epoch 025] Wake:  23%|##7         | 385/1700 [00:30<01:40, 13.02seq/s, events=30800, loss=2.7653, writes=587]
[Epoch 025] Wake:  26%|###1        | 449/1700 [00:35<01:34, 13.25seq/s, events=35920, loss=2.7560, writes=655]
[Epoch 025] Wake:  30%|###6        | 513/1700 [00:39<01:28, 13.48seq/s, events=41040, loss=2.7498, writes=727]
[Epoch 025] Wake:  34%|####        | 577/1700 [00:44<01:22, 13.63seq/s, events=46160, loss=2.7565, writes=795]
[Epoch 025] Wake:  38%|####5       | 641/1700 [00:48<01:17, 13.73seq/s, events=51280, loss=2.7513, writes=848]
[Epoch 025] Wake:  41%|####9       | 705/1700 [00:53<01:11, 13.86seq/s, events=56400, loss=2.7561, writes=893]
[Epoch 025] Wake:  45%|#####4      | 769/1700 [00:57<01:06, 13.92seq/s, events=61520, loss=2.7442, writes=960]
[Epoch 025] Wake:  49%|#####3     | 833/1700 [01:01<01:01, 14.00seq/s, events=66640, loss=2.7370, writes=1019]
[Epoch 025] Wake:  53%|#####8     | 897/1700 [01:06<00:57, 14.07seq/s, events=71760, loss=2.7315, writes=1083]
[Epoch 025] Wake:  57%|######2    | 961/1700 [01:10<00:52, 14.14seq/s, events=76880, loss=2.7238, writes=1152]
[Epoch 025] Wake:  60%|######    | 1025/1700 [01:15<00:47, 14.16seq/s, events=82000, loss=2.7240, writes=1205]
[Epoch 025] Wake:  64%|######4   | 1089/1700 [01:19<00:42, 14.22seq/s, events=87120, loss=2.7160, writes=1267]
[Epoch 025] Wake:  68%|######7   | 1153/1700 [01:23<00:38, 14.26seq/s, events=92240, loss=2.7207, writes=1313]
[Epoch 025] Wake:  72%|#######1  | 1217/1700 [01:28<00:33, 14.26seq/s, events=97360, loss=2.7140, writes=1364]
[Epoch 025] Wake:  75%|######7  | 1281/1700 [01:32<00:29, 14.32seq/s, events=102480, loss=2.7102, writes=1433]
[Epoch 025] Wake:  79%|#######1 | 1345/1700 [01:37<00:24, 14.37seq/s, events=107600, loss=2.7104, writes=1491]
[Epoch 025] Wake:  83%|#######4 | 1409/1700 [01:41<00:20, 14.43seq/s, events=112720, loss=2.7091, writes=1548]
[Epoch 025] Wake:  87%|#######7 | 1473/1700 [01:45<00:15, 14.41seq/s, events=117840, loss=2.7106, writes=1589]
[Epoch 025] Wake:  90%|########1| 1537/1700 [01:50<00:11, 14.47seq/s, events=122960, loss=2.7100, writes=1635]
[Epoch 025] Wake:  94%|########4| 1601/1700 [01:54<00:06, 14.49seq/s, events=128080, loss=2.7112, writes=1682]
[Epoch 025] Wake:  98%|########8| 1665/1700 [01:57<00:02, 15.07seq/s, events=133200, loss=2.7135, writes=1726]
[Epoch 025] Wake: 100%|#########| 1700/1700 [01:57<00:00, 14.49seq/s, events=136000, loss=2.7167, writes=1747]

[Epoch 025] Global:   0%|                                                      | 0/1700 [00:00<?, ?seq-pass/s]
[Epoch 025] Global:   8%|#4                 | 128/1700 [00:03<00:38, 40.96seq-pass/s, batch=2/27, phase=train]
[Epoch 025] Global:  15%|##8                | 256/1700 [00:06<00:35, 40.89seq-pass/s, batch=4/27, phase=train]
[Epoch 025] Global:  23%|####2              | 384/1700 [00:09<00:32, 40.83seq-pass/s, batch=6/27, phase=train]
[Epoch 025] Global:  30%|#####7             | 512/1700 [00:12<00:29, 40.94seq-pass/s, batch=8/27, phase=train]
[Epoch 025] Global:  38%|######7           | 640/1700 [00:15<00:25, 40.94seq-pass/s, batch=10/27, phase=train]
[Epoch 025] Global:  45%|########1         | 768/1700 [00:18<00:22, 41.00seq-pass/s, batch=12/27, phase=train]
[Epoch 025] Global:  53%|#########4        | 896/1700 [00:21<00:19, 40.99seq-pass/s, batch=14/27, phase=train]
[Epoch 025] Global:  60%|##########2      | 1024/1700 [00:25<00:16, 40.91seq-pass/s, batch=16/27, phase=train]
[Epoch 025] Global:  68%|###########5     | 1152/1700 [00:28<00:13, 40.92seq-pass/s, batch=18/27, phase=train]
[Epoch 025] Global:  75%|############8    | 1280/1700 [00:31<00:10, 40.92seq-pass/s, batch=20/27, phase=train]
[Epoch 025] Global:  83%|##############   | 1408/1700 [00:34<00:07, 40.85seq-pass/s, batch=22/27, phase=train]
[Epoch 025] Global:  90%|###############3 | 1536/1700 [00:37<00:04, 40.83seq-pass/s, batch=24/27, phase=train]
[Epoch 025] Global:  98%|################6| 1664/1700 [00:40<00:00, 40.83seq-pass/s, batch=26/27, phase=train]
[Epoch 025] Global: 100%|#################| 1700/1700 [00:41<00:00, 40.80seq-pass/s, batch=27/27, phase=train]

[Epoch 025] Sleep:   0%|                                                             | 0/20 [00:00<?, ?step/s]
[Epoch 025] Sleep:   5%|8                | 1/20 [00:00<00:15,  1.24step/s, absorbed=7, phase=light, replay=96]
[Epoch 025] Sleep:  10%|##5                      | 2/20 [00:01<00:11,  1.62step/s, leaf=root_L_L, phase=split]
[Epoch 025] Sleep:  15%|###7                     | 3/20 [00:04<00:26,  1.55s/step, leaf=root_L_L, phase=split]
[Epoch 025] Sleep:  15%|###4                   | 3/20 [00:04<00:26,  1.55s/step, leaf=root_L_R_L, phase=split]
[Epoch 025] Sleep:  20%|####2                | 4/20 [00:08<00:24,  1.55s/step, leaf=root_L_R_R_L, phase=split]
[Epoch 025] Sleep:  25%|#####2               | 5/20 [00:11<00:35,  2.34s/step, leaf=root_L_R_R_L, phase=split]
[Epoch 025] Sleep:  25%|#####2               | 5/20 [00:11<00:35,  2.34s/step, leaf=root_L_R_R_R, phase=split]
[Epoch 025] Sleep:  30%|######3              | 6/20 [00:14<00:35,  2.54s/step, leaf=root_L_R_R_R, phase=split]
[Epoch 025] Sleep:  30%|######3              | 6/20 [00:14<00:35,  2.54s/step, leaf=root_R_L_L_L, phase=split]
[Epoch 025] Sleep:  35%|#######3             | 7/20 [00:18<00:35,  2.69s/step, leaf=root_R_L_L_L, phase=split]
[Epoch 025] Sleep:  35%|#######3             | 7/20 [00:18<00:35,  2.69s/step, leaf=root_R_L_L_R, phase=split]
[Epoch 025] Sleep:  40%|########4            | 8/20 [00:21<00:33,  2.80s/step, leaf=root_R_L_L_R, phase=split]
[Epoch 025] Sleep:  40%|########4            | 8/20 [00:21<00:33,  2.80s/step, leaf=root_R_L_R_L, phase=split]
[Epoch 025] Sleep:  45%|#########4           | 9/20 [00:25<00:31,  2.90s/step, leaf=root_R_L_R_L, phase=split]
[Epoch 025] Sleep:  45%|########5          | 9/20 [00:25<00:31,  2.90s/step, leaf=root_R_L_R_R_L, phase=split]
[Epoch 025] Sleep:  50%|#########         | 10/20 [00:28<00:29,  2.97s/step, leaf=root_R_L_R_R_L, phase=split]
[Epoch 025] Sleep:  50%|#########         | 10/20 [00:28<00:29,  2.97s/step, leaf=root_R_L_R_R_R, phase=split]
[Epoch 025] Sleep:  55%|#########9        | 11/20 [00:31<00:27,  3.03s/step, leaf=root_R_L_R_R_R, phase=split]
[Epoch 025] Sleep:  55%|###########         | 11/20 [00:31<00:27,  3.03s/step, leaf=root_R_R_L_L, phase=split]
[Epoch 025] Sleep:  60%|############        | 12/20 [00:35<00:24,  3.09s/step, leaf=root_R_R_L_L, phase=split]
[Epoch 025] Sleep:  60%|##########7       | 12/20 [00:35<00:24,  3.09s/step, leaf=root_R_R_L_R_L, phase=split]
[Epoch 025] Sleep:  65%|###########7      | 13/20 [00:38<00:21,  3.13s/step, leaf=root_R_R_L_R_L, phase=split]
[Epoch 025] Sleep:  65%|##########4     | 13/20 [00:38<00:21,  3.13s/step, leaf=root_R_R_L_R_R_L, phase=split]
[Epoch 025] Sleep:  70%|###########2    | 14/20 [00:42<00:18,  3.16s/step, leaf=root_R_R_L_R_R_L, phase=split]
[Epoch 025] Sleep:  70%|###########2    | 14/20 [00:42<00:18,  3.16s/step, leaf=root_R_R_L_R_R_R, phase=split]
[Epoch 025] Sleep:  75%|############    | 15/20 [00:45<00:15,  3.19s/step, leaf=root_R_R_L_R_R_R, phase=split]
[Epoch 025] Sleep:  75%|###############     | 15/20 [00:45<00:15,  3.19s/step, leaf=root_R_R_R_L, phase=split]
[Epoch 025] Sleep:  80%|################    | 16/20 [00:49<00:12,  3.23s/step, leaf=root_R_R_R_L, phase=split]
[Epoch 025] Sleep:  80%|##############4   | 16/20 [00:49<00:12,  3.23s/step, leaf=root_R_R_R_R_L, phase=split]
[Epoch 025] Sleep:  85%|###############3  | 17/20 [00:52<00:09,  3.25s/step, leaf=root_R_R_R_R_L, phase=split]
[Epoch 025] Sleep:  85%|###############3  | 17/20 [00:52<00:09,  3.25s/step, leaf=root_R_R_R_R_R, phase=split]
[Epoch 025] Sleep:  90%|################2 | 18/20 [00:55<00:06,  3.27s/step, leaf=root_R_R_R_R_R, phase=split]
[Epoch 025] Sleep:  90%|##########8 | 18/20 [00:55<00:06,  3.27s/step, actions=0, phase=light, pressure=0.211]
[Epoch 025] Sleep: 100%|############| 20/20 [00:55<00:00,  2.80s/step, actions=0, phase=light, pressure=0.211]
[MemoryTree][025/050] wake/event=2.716754 sleep_residual_utility=0.011813 writes=1747 memorize=13 queue_split=39394 wake_actions=A96529/R64/M13/Q39394 novelty=0.0230 weighted_sim=0.9541 wm_grad_max=3.408e+00 global/event=2.721965 mix_diag=2.9045 global_steps=27 prior_KL=1.162e-01 seq_H_cond=0.3999 seq_H_marg=0.5678 seq_MI=1.680e-01 post_KL_diag=2.995e-01 branch_distill=2.349e-01 probe=5.936e+00/0.697->0.695/0.662/0.469 frontier=7.00/13.00/6.00 enc_gate=0.199 enc_scale=0.017 teacher_conf=0.205 teacher_JS=8.073e-02 max_mass=0.0974 owner_hard=[0, 0, 0, 279, 0, 0, 20, 0, 0, 0, 0, 4, 1134, 0, 0, 8, 0, 151, 0, 70, 5, 2, 27, 0, 0, 0, 0, 0, 0, 0, 0] mem_assign=[1168, 1557, 730, 15710, 229, 2280, 11926, 1700, 276, 926, 1165, 5996, 34993, 163, 165, 6270, 1050, 6490, 499, 13161, 4636, 7145, 9279, 2725, 358, 2723, 1198, 380, 21, 241, 840] topology_prune=on leaves=16 sleep_mode=light light_absorb=7 deep_probability=0.211 topology_action=null topology_gain=0.000e+00 topology_candidates=26 collapsed=0 topology_lambda=0.000e+00 time=W117.4/G41.7/S56.0s cache=0/1700 cuda_peak=7101MiB sleep_actions=[]

[Epoch 026] Wake:   0%|                                                             | 0/1700 [00:00<?, ?seq/s]
[Epoch 026] Wake:   0%|                 | 1/1700 [00:04<2:00:52,  4.27s/seq, events=80, loss=2.4763, writes=0]
[Epoch 026] Wake:   4%|5              | 65/1700 [00:08<03:30,  7.77seq/s, events=5200, loss=2.7951, writes=74]
[Epoch 026] Wake:   8%|9           | 129/1700 [00:13<02:32, 10.31seq/s, events=10320, loss=2.7424, writes=152]
[Epoch 026] Wake:  11%|#3          | 193/1700 [00:17<02:10, 11.52seq/s, events=15440, loss=2.6970, writes=220]
[Epoch 026] Wake:  15%|#8          | 257/1700 [00:22<01:58, 12.19seq/s, events=20560, loss=2.7317, writes=294]
[Epoch 026] Wake:  19%|##2         | 321/1700 [00:26<01:48, 12.71seq/s, events=25680, loss=2.7188, writes=368]
[Epoch 026] Wake:  23%|##7         | 385/1700 [00:30<01:40, 13.07seq/s, events=30800, loss=2.7195, writes=426]
[Epoch 026] Wake:  26%|###1        | 449/1700 [00:35<01:33, 13.36seq/s, events=35920, loss=2.7210, writes=492]
[Epoch 026] Wake:  30%|###6        | 513/1700 [00:39<01:27, 13.52seq/s, events=41040, loss=2.7230, writes=562]
[Epoch 026] Wake:  34%|####        | 577/1700 [00:43<01:22, 13.69seq/s, events=46160, loss=2.7327, writes=614]
[Epoch 026] Wake:  38%|####5       | 641/1700 [00:48<01:16, 13.84seq/s, events=51280, loss=2.7344, writes=679]
[Epoch 026] Wake:  41%|####9       | 705/1700 [00:52<01:11, 13.96seq/s, events=56400, loss=2.7413, writes=736]
[Epoch 026] Wake:  45%|#####4      | 769/1700 [00:57<01:06, 14.00seq/s, events=61520, loss=2.7406, writes=807]
[Epoch 026] Wake:  49%|#####8      | 833/1700 [01:01<01:01, 14.08seq/s, events=66640, loss=2.7306, writes=878]
[Epoch 026] Wake:  53%|######3     | 897/1700 [01:05<00:56, 14.18seq/s, events=71760, loss=2.7326, writes=947]
[Epoch 026] Wake:  57%|######2    | 961/1700 [01:10<00:52, 14.18seq/s, events=76880, loss=2.7270, writes=1012]
[Epoch 026] Wake:  60%|######    | 1025/1700 [01:14<00:47, 14.26seq/s, events=82000, loss=2.7231, writes=1081]
[Epoch 026] Wake:  64%|######4   | 1089/1700 [01:19<00:42, 14.29seq/s, events=87120, loss=2.7172, writes=1148]
[Epoch 026] Wake:  68%|######7   | 1153/1700 [01:23<00:38, 14.35seq/s, events=92240, loss=2.7273, writes=1197]
[Epoch 026] Wake:  72%|#######1  | 1217/1700 [01:27<00:33, 14.40seq/s, events=97360, loss=2.7222, writes=1265]
[Epoch 026] Wake:  75%|######7  | 1281/1700 [01:32<00:29, 14.45seq/s, events=102480, loss=2.7219, writes=1336]
[Epoch 026] Wake:  79%|#######1 | 1345/1700 [01:36<00:24, 14.44seq/s, events=107600, loss=2.7233, writes=1403]
[Epoch 026] Wake:  83%|#######4 | 1409/1700 [01:40<00:20, 14.42seq/s, events=112720, loss=2.7194, writes=1465]
[Epoch 026] Wake:  87%|#######7 | 1473/1700 [01:45<00:15, 14.47seq/s, events=117840, loss=2.7216, writes=1533]
[Epoch 026] Wake:  90%|########1| 1537/1700 [01:49<00:11, 14.42seq/s, events=122960, loss=2.7179, writes=1604]
[Epoch 026] Wake:  94%|########4| 1601/1700 [01:54<00:06, 14.40seq/s, events=128080, loss=2.7227, writes=1675]
[Epoch 026] Wake:  98%|########8| 1665/1700 [01:57<00:02, 15.04seq/s, events=133200, loss=2.7194, writes=1756]
[Epoch 026] Wake: 100%|#########| 1700/1700 [01:57<00:00, 14.52seq/s, events=136000, loss=2.7212, writes=1789]

[Epoch 026] Global:   0%|                                                      | 0/1700 [00:00<?, ?seq-pass/s]
[Epoch 026] Global:   8%|#4                 | 128/1700 [00:03<00:39, 40.24seq-pass/s, batch=2/27, phase=train]
[Epoch 026] Global:  15%|##8                | 256/1700 [00:06<00:35, 40.26seq-pass/s, batch=4/27, phase=train]
[Epoch 026] Global:  23%|####2              | 384/1700 [00:09<00:32, 40.50seq-pass/s, batch=6/27, phase=train]
[Epoch 026] Global:  30%|#####7             | 512/1700 [00:12<00:29, 40.72seq-pass/s, batch=8/27, phase=train]
[Epoch 026] Global:  38%|######7           | 640/1700 [00:15<00:25, 40.85seq-pass/s, batch=10/27, phase=train]
[Epoch 026] Global:  45%|########1         | 768/1700 [00:18<00:22, 40.95seq-pass/s, batch=12/27, phase=train]
[Epoch 026] Global:  53%|#########4        | 896/1700 [00:21<00:19, 40.99seq-pass/s, batch=14/27, phase=train]
[Epoch 026] Global:  60%|##########2      | 1024/1700 [00:24<00:16, 41.05seq-pass/s, batch=16/27, phase=train]
[Epoch 026] Global:  68%|###########5     | 1152/1700 [00:28<00:13, 41.07seq-pass/s, batch=18/27, phase=train]
[Epoch 026] Global:  75%|############8    | 1280/1700 [00:31<00:10, 41.05seq-pass/s, batch=20/27, phase=train]
[Epoch 026] Global:  83%|##############   | 1408/1700 [00:34<00:07, 41.10seq-pass/s, batch=22/27, phase=train]
[Epoch 026] Global:  90%|###############3 | 1536/1700 [00:37<00:03, 41.10seq-pass/s, batch=24/27, phase=train]
[Epoch 026] Global:  98%|################6| 1664/1700 [00:40<00:00, 41.06seq-pass/s, batch=26/27, phase=train]
[Epoch 026] Global: 100%|#################| 1700/1700 [00:41<00:00, 40.94seq-pass/s, batch=27/27, phase=train]

[Epoch 026] Sleep:   0%|                                                             | 0/20 [00:00<?, ?step/s]
[Epoch 026] Sleep:   5%|8                | 1/20 [00:00<00:15,  1.25step/s, absorbed=5, phase=light, replay=95]
[Epoch 026] Sleep:  90%|##########8 | 18/20 [00:00<00:00, 22.40step/s, actions=0, phase=light, pressure=0.139]
[Epoch 026] Sleep: 100%|############| 20/20 [00:00<00:00, 24.88step/s, actions=0, phase=light, pressure=0.139]
[MemoryTree][026/050] wake/event=2.721171 sleep_residual_utility=0.012083 writes=1789 memorize=8 queue_split=39363 wake_actions=A96373/R256/M8/Q39363 novelty=0.0203 weighted_sim=0.9595 wm_grad_max=3.653e+00 global/event=2.724975 mix_diag=2.8768 global_steps=27 prior_KL=1.150e-01 seq_H_cond=0.3960 seq_H_marg=0.5718 seq_MI=1.757e-01 post_KL_diag=2.934e-01 branch_distill=2.427e-01 probe=5.882e+00/0.704->0.706/0.689/0.476 frontier=6.96/12.92/5.96 enc_gate=0.195 enc_scale=0.015 teacher_conf=0.191 teacher_JS=8.311e-02 max_mass=0.1246 owner_hard=[0, 0, 0, 449, 0, 2, 401, 0, 0, 0, 1, 13, 591, 0, 0, 10, 0, 87, 0, 118, 0, 4, 23, 1, 0, 0, 0, 0, 0, 0, 0] mem_assign=[974, 585, 468, 19943, 78, 2958, 18877, 1701, 198, 1253, 2702, 9431, 25796, 661, 167, 5607, 1206, 4594, 848, 14035, 3143, 5752, 8125, 2743, 224, 2035, 867, 302, 20, 38, 669] topology_prune=on leaves=16 sleep_mode=light light_absorb=5 deep_probability=0.139 topology_action=null topology_gain=0.000e+00 topology_candidates=0 collapsed=0 topology_lambda=0.000e+00 time=W117.1/G41.5/S0.9s cache=0/1700 cuda_peak=7101MiB sleep_actions=[]

[Epoch 027] Wake:   0%|                                                             | 0/1700 [00:00<?, ?seq/s]
[Epoch 027] Wake:   0%|                 | 1/1700 [00:04<2:03:52,  4.37s/seq, events=80, loss=3.8453, writes=3]
[Epoch 027] Wake:   4%|5             | 65/1700 [00:08<03:30,  7.76seq/s, events=5200, loss=2.6685, writes=115]
[Epoch 027] Wake:   8%|9           | 129/1700 [00:13<02:35, 10.13seq/s, events=10320, loss=2.6863, writes=211]
[Epoch 027] Wake:  11%|#3          | 193/1700 [00:17<02:12, 11.41seq/s, events=15440, loss=2.6822, writes=317]
[Epoch 027] Wake:  15%|#8          | 257/1700 [00:22<01:58, 12.17seq/s, events=20560, loss=2.6714, writes=413]
[Epoch 027] Wake:  19%|##2         | 321/1700 [00:26<01:48, 12.69seq/s, events=25680, loss=2.6906, writes=498]
[Epoch 027] Wake:  23%|##7         | 385/1700 [00:31<01:41, 12.98seq/s, events=30800, loss=2.6914, writes=570]
[Epoch 027] Wake:  26%|###1        | 449/1700 [00:35<01:34, 13.23seq/s, events=35920, loss=2.6985, writes=645]
[Epoch 027] Wake:  30%|###6        | 513/1700 [00:39<01:28, 13.46seq/s, events=41040, loss=2.6973, writes=730]
[Epoch 027] Wake:  34%|####        | 577/1700 [00:44<01:22, 13.57seq/s, events=46160, loss=2.7071, writes=801]
[Epoch 027] Wake:  38%|####5       | 641/1700 [00:48<01:17, 13.71seq/s, events=51280, loss=2.7070, writes=880]
[Epoch 027] Wake:  41%|####9       | 705/1700 [00:53<01:12, 13.82seq/s, events=56400, loss=2.7194, writes=965]
[Epoch 027] Wake:  45%|####9      | 769/1700 [00:57<01:06, 13.91seq/s, events=61520, loss=2.7211, writes=1053]
[Epoch 027] Wake:  49%|#####3     | 833/1700 [01:01<01:01, 14.01seq/s, events=66640, loss=2.7172, writes=1155]
[Epoch 027] Wake:  53%|#####8     | 897/1700 [01:06<00:57, 14.02seq/s, events=71760, loss=2.7246, writes=1231]
[Epoch 027] Wake:  57%|######2    | 961/1700 [01:10<00:52, 14.08seq/s, events=76880, loss=2.7246, writes=1328]
[Epoch 027] Wake:  60%|######    | 1025/1700 [01:15<00:47, 14.14seq/s, events=82000, loss=2.7147, writes=1423]
[Epoch 027] Wake:  64%|######4   | 1089/1700 [01:19<00:43, 14.14seq/s, events=87120, loss=2.7174, writes=1519]
[Epoch 027] Wake:  68%|######7   | 1153/1700 [01:24<00:38, 14.17seq/s, events=92240, loss=2.7121, writes=1619]
[Epoch 027] Wake:  72%|#######1  | 1217/1700 [01:28<00:34, 14.15seq/s, events=97360, loss=2.7102, writes=1731]
[Epoch 027] Wake:  75%|######7  | 1281/1700 [01:33<00:29, 14.20seq/s, events=102480, loss=2.7102, writes=1801]
[Epoch 027] Wake:  79%|#######1 | 1345/1700 [01:37<00:24, 14.25seq/s, events=107600, loss=2.7164, writes=1883]
[Epoch 027] Wake:  83%|#######4 | 1409/1700 [01:41<00:20, 14.32seq/s, events=112720, loss=2.7227, writes=1962]
[Epoch 027] Wake:  87%|#######7 | 1473/1700 [01:46<00:15, 14.32seq/s, events=117840, loss=2.7210, writes=2050]
[Epoch 027] Wake:  90%|########1| 1537/1700 [01:50<00:11, 14.34seq/s, events=122960, loss=2.7196, writes=2139]
[Epoch 027] Wake:  94%|########4| 1601/1700 [01:55<00:06, 14.40seq/s, events=128080, loss=2.7161, writes=2244]
[Epoch 027] Wake:  98%|########8| 1665/1700 [01:57<00:02, 15.00seq/s, events=133200, loss=2.7187, writes=2318]
[Epoch 027] Wake: 100%|#########| 1700/1700 [01:57<00:00, 14.43seq/s, events=136000, loss=2.7184, writes=2365]

[Epoch 027] Global:   0%|                                                      | 0/1700 [00:00<?, ?seq-pass/s]
[Epoch 027] Global:   8%|#4                 | 128/1700 [00:03<00:37, 41.45seq-pass/s, batch=2/27, phase=train]
[Epoch 027] Global:  15%|##8                | 256/1700 [00:06<00:35, 41.18seq-pass/s, batch=4/27, phase=train]
[Epoch 027] Global:  23%|####2              | 384/1700 [00:09<00:31, 41.20seq-pass/s, batch=6/27, phase=train]
[Epoch 027] Global:  30%|#####7             | 512/1700 [00:12<00:28, 41.22seq-pass/s, batch=8/27, phase=train]
[Epoch 027] Global:  38%|######7           | 640/1700 [00:15<00:25, 41.26seq-pass/s, batch=10/27, phase=train]
[Epoch 027] Global:  45%|########1         | 768/1700 [00:18<00:22, 41.22seq-pass/s, batch=12/27, phase=train]
[Epoch 027] Global:  53%|#########4        | 896/1700 [00:21<00:19, 41.18seq-pass/s, batch=14/27, phase=train]
[Epoch 027] Global:  60%|##########2      | 1024/1700 [00:24<00:16, 41.18seq-pass/s, batch=16/27, phase=train]
[Epoch 027] Global:  68%|###########5     | 1152/1700 [00:27<00:13, 41.16seq-pass/s, batch=18/27, phase=train]
[Epoch 027] Global:  75%|############8    | 1280/1700 [00:31<00:10, 41.16seq-pass/s, batch=20/27, phase=train]
[Epoch 027] Global:  83%|##############   | 1408/1700 [00:34<00:07, 41.13seq-pass/s, batch=22/27, phase=train]
[Epoch 027] Global:  90%|###############3 | 1536/1700 [00:37<00:03, 41.13seq-pass/s, batch=24/27, phase=train]
[Epoch 027] Global:  98%|################6| 1664/1700 [00:40<00:00, 41.12seq-pass/s, batch=26/27, phase=train]
[Epoch 027] Global: 100%|#################| 1700/1700 [00:41<00:00, 41.08seq-pass/s, batch=27/27, phase=train]

[Epoch 027] Sleep:   0%|                                                             | 0/20 [00:00<?, ?step/s]
[Epoch 027] Sleep:   5%|8                | 1/20 [00:00<00:15,  1.25step/s, absorbed=3, phase=light, replay=96]
[Epoch 027] Sleep:  90%|##########8 | 18/20 [00:00<00:00, 22.47step/s, actions=0, phase=light, pressure=0.211]
[Epoch 027] Sleep: 100%|############| 20/20 [00:00<00:00, 24.96step/s, actions=0, phase=light, pressure=0.211]
[MemoryTree][027/050] wake/event=2.718384 sleep_residual_utility=0.011546 writes=2365 memorize=4 queue_split=39456 wake_actions=A96214/R326/M4/Q39456 novelty=0.0197 weighted_sim=0.9607 wm_grad_max=3.724e+00 global/event=2.715010 mix_diag=2.9154 global_steps=27 prior_KL=1.200e-01 seq_H_cond=0.3999 seq_H_marg=0.5701 seq_MI=1.701e-01 post_KL_diag=2.996e-01 branch_distill=2.490e-01 probe=6.040e+00/0.708->0.709/0.699/0.478 frontier=6.96/12.92/5.96 enc_gate=0.208 enc_scale=0.016 teacher_conf=0.205 teacher_JS=8.215e-02 max_mass=0.1056 owner_hard=[0, 0, 0, 430, 0, 1, 91, 0, 0, 0, 0, 56, 696, 0, 0, 12, 0, 153, 0, 166, 1, 78, 16, 0, 0, 0, 0, 0, 0, 0, 0] mem_assign=[1239, 1188, 696, 16778, 64, 2740, 12861, 1700, 292, 1073, 1448, 11542, 24176, 669, 45, 5714, 1383, 6469, 720, 14952, 3787, 11130, 8128, 2702, 245, 1582, 857, 742, 8, 8, 1062] topology_prune=on leaves=16 sleep_mode=light light_absorb=3 deep_probability=0.211 topology_action=null topology_gain=0.000e+00 topology_candidates=0 collapsed=0 topology_lambda=0.000e+00 time=W117.8/G41.4/S0.9s cache=0/1700 cuda_peak=7102MiB sleep_actions=[]

[Epoch 028] Wake:   0%|                                                             | 0/1700 [00:00<?, ?seq/s]
[Epoch 028] Wake:   0%|                 | 1/1700 [00:04<2:03:33,  4.36s/seq, events=80, loss=3.5231, writes=1]
[Epoch 028] Wake:   4%|5             | 65/1700 [00:08<03:34,  7.63seq/s, events=5200, loss=2.6919, writes=152]
[Epoch 028] Wake:   8%|9           | 129/1700 [00:13<02:34, 10.14seq/s, events=10320, loss=2.6541, writes=281]
[Epoch 028] Wake:  11%|#3          | 193/1700 [00:17<02:12, 11.40seq/s, events=15440, loss=2.6866, writes=390]
[Epoch 028] Wake:  15%|#8          | 257/1700 [00:22<01:59, 12.08seq/s, events=20560, loss=2.7123, writes=492]
[Epoch 028] Wake:  19%|##2         | 321/1700 [00:26<01:49, 12.55seq/s, events=25680, loss=2.6967, writes=608]
[Epoch 028] Wake:  23%|##7         | 385/1700 [00:31<01:41, 12.94seq/s, events=30800, loss=2.7147, writes=714]
[Epoch 028] Wake:  26%|###1        | 449/1700 [00:35<01:34, 13.22seq/s, events=35920, loss=2.7178, writes=831]
[Epoch 028] Wake:  30%|###6        | 513/1700 [00:40<01:28, 13.37seq/s, events=41040, loss=2.7240, writes=923]
[Epoch 028] Wake:  34%|###7       | 577/1700 [00:44<01:22, 13.54seq/s, events=46160, loss=2.7116, writes=1027]
[Epoch 028] Wake:  38%|####1      | 641/1700 [00:48<01:17, 13.70seq/s, events=51280, loss=2.7059, writes=1121]
[Epoch 028] Wake:  41%|####5      | 705/1700 [00:53<01:11, 13.82seq/s, events=56400, loss=2.7129, writes=1219]
[Epoch 028] Wake:  45%|####9      | 769/1700 [00:57<01:07, 13.88seq/s, events=61520, loss=2.7111, writes=1336]
[Epoch 028] Wake:  49%|#####3     | 833/1700 [01:02<01:02, 13.97seq/s, events=66640, loss=2.7137, writes=1427]
[Epoch 028] Wake:  53%|#####8     | 897/1700 [01:06<00:57, 14.06seq/s, events=71760, loss=2.7044, writes=1514]
[Epoch 028] Wake:  57%|######2    | 961/1700 [01:10<00:52, 14.08seq/s, events=76880, loss=2.6955, writes=1603]
[Epoch 028] Wake:  60%|######    | 1025/1700 [01:15<00:47, 14.13seq/s, events=82000, loss=2.7040, writes=1682]
[Epoch 028] Wake:  64%|######4   | 1089/1700 [01:19<00:43, 14.14seq/s, events=87120, loss=2.7006, writes=1794]
[Epoch 028] Wake:  68%|######7   | 1153/1700 [01:24<00:38, 14.16seq/s, events=92240, loss=2.7031, writes=1914]
[Epoch 028] Wake:  72%|#######1  | 1217/1700 [01:28<00:33, 14.21seq/s, events=97360, loss=2.7025, writes=2005]
[Epoch 028] Wake:  75%|######7  | 1281/1700 [01:33<00:29, 14.22seq/s, events=102480, loss=2.7004, writes=2094]
[Epoch 028] Wake:  79%|#######1 | 1345/1700 [01:37<00:24, 14.21seq/s, events=107600, loss=2.7091, writes=2167]
[Epoch 028] Wake:  83%|#######4 | 1409/1700 [01:42<00:20, 14.20seq/s, events=112720, loss=2.7091, writes=2267]
[Epoch 028] Wake:  87%|#######7 | 1473/1700 [01:46<00:15, 14.25seq/s, events=117840, loss=2.7126, writes=2361]
[Epoch 028] Wake:  90%|########1| 1537/1700 [01:51<00:11, 14.25seq/s, events=122960, loss=2.7086, writes=2460]
[Epoch 028] Wake:  94%|########4| 1601/1700 [01:55<00:06, 14.30seq/s, events=128080, loss=2.7049, writes=2577]
[Epoch 028] Wake:  98%|########8| 1665/1700 [01:58<00:02, 14.95seq/s, events=133200, loss=2.7002, writes=2683]
[Epoch 028] Wake: 100%|#########| 1700/1700 [01:58<00:00, 14.38seq/s, events=136000, loss=2.7016, writes=2727]

[Epoch 028] Global:   0%|                                                      | 0/1700 [00:00<?, ?seq-pass/s]
[Epoch 028] Global:   8%|#4                 | 128/1700 [00:03<00:38, 41.13seq-pass/s, batch=2/27, phase=train]
[Epoch 028] Global:  15%|##8                | 256/1700 [00:06<00:35, 41.20seq-pass/s, batch=4/27, phase=train]
[Epoch 028] Global:  23%|####2              | 384/1700 [00:09<00:31, 41.23seq-pass/s, batch=6/27, phase=train]
[Epoch 028] Global:  30%|#####7             | 512/1700 [00:12<00:28, 41.21seq-pass/s, batch=8/27, phase=train]
[Epoch 028] Global:  38%|######7           | 640/1700 [00:15<00:25, 41.22seq-pass/s, batch=10/27, phase=train]
[Epoch 028] Global:  45%|########1         | 768/1700 [00:18<00:22, 41.23seq-pass/s, batch=12/27, phase=train]
[Epoch 028] Global:  53%|#########4        | 896/1700 [00:21<00:19, 41.26seq-pass/s, batch=14/27, phase=train]
[Epoch 028] Global:  60%|##########2      | 1024/1700 [00:24<00:16, 41.25seq-pass/s, batch=16/27, phase=train]
[Epoch 028] Global:  68%|###########5     | 1152/1700 [00:27<00:13, 41.27seq-pass/s, batch=18/27, phase=train]
[Epoch 028] Global:  75%|############8    | 1280/1700 [00:31<00:10, 41.24seq-pass/s, batch=20/27, phase=train]
[Epoch 028] Global:  83%|##############   | 1408/1700 [00:34<00:07, 41.16seq-pass/s, batch=22/27, phase=train]
[Epoch 028] Global:  90%|###############3 | 1536/1700 [00:37<00:03, 41.19seq-pass/s, batch=24/27, phase=train]
[Epoch 028] Global:  98%|################6| 1664/1700 [00:40<00:00, 41.23seq-pass/s, batch=26/27, phase=train]
[Epoch 028] Global: 100%|#################| 1700/1700 [00:41<00:00, 41.16seq-pass/s, batch=27/27, phase=train]

[Epoch 028] Sleep:   0%|                                                             | 0/20 [00:00<?, ?step/s]
[Epoch 028] Sleep:   5%|8                | 1/20 [00:00<00:15,  1.25step/s, absorbed=2, phase=light, replay=96]
[Epoch 028] Sleep:  90%|##########8 | 18/20 [00:00<00:00, 22.48step/s, actions=0, phase=light, pressure=0.248]
[Epoch 028] Sleep: 100%|############| 20/20 [00:00<00:00, 24.97step/s, actions=0, phase=light, pressure=0.248]
[MemoryTree][028/050] wake/event=2.701630 sleep_residual_utility=0.011420 writes=2727 memorize=5 queue_split=39517 wake_actions=A96312/R166/M5/Q39517 novelty=0.0289 weighted_sim=0.9423 wm_grad_max=3.806e+00 global/event=2.707342 mix_diag=2.9243 global_steps=27 prior_KL=1.168e-01 seq_H_cond=0.3948 seq_H_marg=0.5712 seq_MI=1.764e-01 post_KL_diag=3.102e-01 branch_distill=2.556e-01 probe=6.160e+00/0.728->0.731/0.928/0.494 frontier=7.00/13.00/6.00 enc_gate=0.227 enc_scale=0.018 teacher_conf=0.223 teacher_JS=8.015e-02 max_mass=0.1145 owner_hard=[0, 0, 0, 299, 0, 0, 416, 0, 0, 0, 0, 69, 316, 0, 0, 1, 0, 207, 0, 261, 0, 82, 49, 0, 0, 0, 0, 0, 0, 0, 0] mem_assign=[1077, 1859, 936, 13005, 249, 1636, 19446, 1706, 395, 1174, 1346, 13146, 17532, 604, 557, 4191, 1453, 7689, 512, 16695, 4878, 10101, 9446, 2358, 683, 2030, 670, 105, 108, 76, 337] topology_prune=on leaves=16 sleep_mode=light light_absorb=2 deep_probability=0.248 topology_action=null topology_gain=0.000e+00 topology_candidates=0 collapsed=0 topology_lambda=0.000e+00 time=W118.2/G41.3/S0.9s cache=0/1700 cuda_peak=7102MiB sleep_actions=[]

[Epoch 029] Wake:   0%|                                                             | 0/1700 [00:00<?, ?seq/s]
[Epoch 029] Wake:   0%|                 | 1/1700 [00:04<2:06:21,  4.46s/seq, events=80, loss=2.6600, writes=1]
[Epoch 029] Wake:   4%|5             | 65/1700 [00:08<03:32,  7.68seq/s, events=5200, loss=2.5497, writes=206]
[Epoch 029] Wake:   8%|9           | 129/1700 [00:13<02:37,  9.98seq/s, events=10320, loss=2.5603, writes=396]
[Epoch 029] Wake:  11%|#3          | 193/1700 [00:17<02:13, 11.32seq/s, events=15440, loss=2.6278, writes=519]
[Epoch 029] Wake:  15%|#8          | 257/1700 [00:22<01:59, 12.12seq/s, events=20560, loss=2.6250, writes=606]
[Epoch 029] Wake:  19%|##2         | 321/1700 [00:26<01:48, 12.67seq/s, events=25680, loss=2.6565, writes=671]
[Epoch 029] Wake:  23%|##7         | 385/1700 [00:31<01:41, 12.96seq/s, events=30800, loss=2.6750, writes=728]
[Epoch 029] Wake:  26%|###1        | 449/1700 [00:35<01:34, 13.27seq/s, events=35920, loss=2.6768, writes=787]
[Epoch 029] Wake:  30%|###6        | 513/1700 [00:39<01:27, 13.51seq/s, events=41040, loss=2.6748, writes=830]
[Epoch 029] Wake:  34%|####        | 577/1700 [00:44<01:22, 13.69seq/s, events=46160, loss=2.6893, writes=868]
[Epoch 029] Wake:  38%|####5       | 641/1700 [00:48<01:16, 13.79seq/s, events=51280, loss=2.6863, writes=911]
[Epoch 029] Wake:  41%|####9       | 705/1700 [00:52<01:11, 13.91seq/s, events=56400, loss=2.6923, writes=952]
[Epoch 029] Wake:  45%|#####4      | 769/1700 [00:57<01:06, 14.03seq/s, events=61520, loss=2.6954, writes=990]
[Epoch 029] Wake:  49%|#####3     | 833/1700 [01:01<01:01, 14.13seq/s, events=66640, loss=2.6996, writes=1018]
[Epoch 029] Wake:  53%|#####8     | 897/1700 [01:06<00:56, 14.16seq/s, events=71760, loss=2.6920, writes=1057]
[Epoch 029] Wake:  57%|######2    | 961/1700 [01:10<00:51, 14.23seq/s, events=76880, loss=2.6917, writes=1088]
[Epoch 029] Wake:  60%|######    | 1025/1700 [01:14<00:47, 14.30seq/s, events=82000, loss=2.6859, writes=1127]
[Epoch 029] Wake:  64%|######4   | 1089/1700 [01:19<00:42, 14.31seq/s, events=87120, loss=2.6794, writes=1168]
[Epoch 029] Wake:  68%|######7   | 1153/1700 [01:23<00:38, 14.36seq/s, events=92240, loss=2.6761, writes=1203]
[Epoch 029] Wake:  72%|#######1  | 1217/1700 [01:27<00:33, 14.42seq/s, events=97360, loss=2.6830, writes=1243]
[Epoch 029] Wake:  75%|######7  | 1281/1700 [01:32<00:29, 14.40seq/s, events=102480, loss=2.6867, writes=1282]
[Epoch 029] Wake:  79%|#######1 | 1345/1700 [01:36<00:24, 14.44seq/s, events=107600, loss=2.6861, writes=1321]
[Epoch 029] Wake:  83%|#######4 | 1409/1700 [01:41<00:20, 14.46seq/s, events=112720, loss=2.6945, writes=1362]
[Epoch 029] Wake:  87%|#######7 | 1473/1700 [01:45<00:15, 14.45seq/s, events=117840, loss=2.6968, writes=1402]
[Epoch 029] Wake:  90%|########1| 1537/1700 [01:49<00:11, 14.48seq/s, events=122960, loss=2.6984, writes=1450]
[Epoch 029] Wake:  94%|########4| 1601/1700 [01:54<00:06, 14.52seq/s, events=128080, loss=2.6956, writes=1484]
[Epoch 029] Wake:  98%|########8| 1665/1700 [01:56<00:02, 15.11seq/s, events=133200, loss=2.6985, writes=1527]
[Epoch 029] Wake: 100%|#########| 1700/1700 [01:56<00:00, 14.54seq/s, events=136000, loss=2.6986, writes=1555]

[Epoch 029] Global:   0%|                                                      | 0/1700 [00:00<?, ?seq-pass/s]
[Epoch 029] Global:   8%|#4                 | 128/1700 [00:03<00:38, 41.32seq-pass/s, batch=2/27, phase=train]
[Epoch 029] Global:  15%|##8                | 256/1700 [00:06<00:34, 41.44seq-pass/s, batch=4/27, phase=train]
[Epoch 029] Global:  23%|####2              | 384/1700 [00:09<00:31, 41.52seq-pass/s, batch=6/27, phase=train]
[Epoch 029] Global:  30%|#####7             | 512/1700 [00:12<00:28, 41.55seq-pass/s, batch=8/27, phase=train]
[Epoch 029] Global:  38%|######7           | 640/1700 [00:15<00:25, 41.55seq-pass/s, batch=10/27, phase=train]
[Epoch 029] Global:  45%|########1         | 768/1700 [00:18<00:22, 41.56seq-pass/s, batch=12/27, phase=train]
[Epoch 029] Global:  53%|#########4        | 896/1700 [00:21<00:19, 41.57seq-pass/s, batch=14/27, phase=train]
[Epoch 029] Global:  60%|##########2      | 1024/1700 [00:24<00:16, 41.53seq-pass/s, batch=16/27, phase=train]
[Epoch 029] Global:  68%|###########5     | 1152/1700 [00:27<00:13, 41.57seq-pass/s, batch=18/27, phase=train]
[Epoch 029] Global:  75%|############8    | 1280/1700 [00:30<00:10, 41.57seq-pass/s, batch=20/27, phase=train]
[Epoch 029] Global:  83%|##############   | 1408/1700 [00:33<00:07, 41.58seq-pass/s, batch=22/27, phase=train]
[Epoch 029] Global:  90%|###############3 | 1536/1700 [00:36<00:03, 41.59seq-pass/s, batch=24/27, phase=train]
[Epoch 029] Global:  98%|################6| 1664/1700 [00:40<00:00, 41.55seq-pass/s, batch=26/27, phase=train]
[Epoch 029] Global: 100%|#################| 1700/1700 [00:40<00:00, 41.50seq-pass/s, batch=27/27, phase=train]

[Epoch 029] Sleep:   0%|                                                             | 0/20 [00:00<?, ?step/s]
[Epoch 029] Sleep:   5%|8                | 1/20 [00:00<00:14,  1.28step/s, absorbed=1, phase=light, replay=96]
[Epoch 029] Sleep:  10%|##5                      | 2/20 [00:01<00:10,  1.66step/s, leaf=root_L_L, phase=split]
[Epoch 029] Sleep:  15%|###7                     | 3/20 [00:04<00:25,  1.52s/step, leaf=root_L_L, phase=split]
[Epoch 029] Sleep:  15%|###4                   | 3/20 [00:04<00:25,  1.52s/step, leaf=root_L_R_L, phase=split]
[Epoch 029] Sleep:  20%|####2                | 4/20 [00:07<00:24,  1.52s/step, leaf=root_L_R_R_L, phase=split]
[Epoch 029] Sleep:  25%|#####2               | 5/20 [00:11<00:34,  2.28s/step, leaf=root_L_R_R_L, phase=split]
[Epoch 029] Sleep:  25%|#####2               | 5/20 [00:11<00:34,  2.28s/step, leaf=root_L_R_R_R, phase=split]
[Epoch 029] Sleep:  30%|######3              | 6/20 [00:14<00:34,  2.49s/step, leaf=root_L_R_R_R, phase=split]
[Epoch 029] Sleep:  30%|######3              | 6/20 [00:14<00:34,  2.49s/step, leaf=root_R_L_L_L, phase=split]
[Epoch 029] Sleep:  35%|#######3             | 7/20 [00:17<00:34,  2.65s/step, leaf=root_R_L_L_L, phase=split]
[Epoch 029] Sleep:  35%|#######3             | 7/20 [00:17<00:34,  2.65s/step, leaf=root_R_L_L_R, phase=split]
[Epoch 029] Sleep:  40%|########4            | 8/20 [00:21<00:33,  2.76s/step, leaf=root_R_L_L_R, phase=split]
[Epoch 029] Sleep:  40%|########4            | 8/20 [00:21<00:33,  2.76s/step, leaf=root_R_L_R_L, phase=split]
[Epoch 029] Sleep:  45%|#########4           | 9/20 [00:24<00:31,  2.85s/step, leaf=root_R_L_R_L, phase=split]
[Epoch 029] Sleep:  45%|########5          | 9/20 [00:24<00:31,  2.85s/step, leaf=root_R_L_R_R_L, phase=split]
[Epoch 029] Sleep:  50%|#########         | 10/20 [00:28<00:29,  2.93s/step, leaf=root_R_L_R_R_L, phase=split]
[Epoch 029] Sleep:  50%|#########         | 10/20 [00:28<00:29,  2.93s/step, leaf=root_R_L_R_R_R, phase=split]
[Epoch 029] Sleep:  55%|#########9        | 11/20 [00:31<00:26,  2.99s/step, leaf=root_R_L_R_R_R, phase=split]
[Epoch 029] Sleep:  55%|###########         | 11/20 [00:31<00:26,  2.99s/step, leaf=root_R_R_L_L, phase=split]
[Epoch 029] Sleep:  60%|############        | 12/20 [00:34<00:24,  3.04s/step, leaf=root_R_R_L_L, phase=split]
[Epoch 029] Sleep:  60%|##########7       | 12/20 [00:34<00:24,  3.04s/step, leaf=root_R_R_L_R_L, phase=split]
[Epoch 029] Sleep:  65%|###########7      | 13/20 [00:38<00:21,  3.09s/step, leaf=root_R_R_L_R_L, phase=split]
[Epoch 029] Sleep:  65%|##########4     | 13/20 [00:38<00:21,  3.09s/step, leaf=root_R_R_L_R_R_L, phase=split]
[Epoch 029] Sleep:  70%|###########2    | 14/20 [00:41<00:18,  3.15s/step, leaf=root_R_R_L_R_R_L, phase=split]
[Epoch 029] Sleep:  70%|###########2    | 14/20 [00:41<00:18,  3.15s/step, leaf=root_R_R_L_R_R_R, phase=split]
[Epoch 029] Sleep:  75%|############    | 15/20 [00:45<00:16,  3.22s/step, leaf=root_R_R_L_R_R_R, phase=split]
[Epoch 029] Sleep:  75%|###############     | 15/20 [00:45<00:16,  3.22s/step, leaf=root_R_R_R_L, phase=split]
[Epoch 029] Sleep:  80%|################    | 16/20 [00:49<00:13,  3.26s/step, leaf=root_R_R_R_L, phase=split]
[Epoch 029] Sleep:  80%|##############4   | 16/20 [00:49<00:13,  3.26s/step, leaf=root_R_R_R_R_L, phase=split]
[Epoch 029] Sleep:  85%|###############3  | 17/20 [00:52<00:09,  3.28s/step, leaf=root_R_R_R_R_L, phase=split]
[Epoch 029] Sleep:  85%|###############3  | 17/20 [00:52<00:09,  3.28s/step, leaf=root_R_R_R_R_R, phase=split]
[Epoch 029] Sleep:  90%|################2 | 18/20 [00:55<00:06,  3.31s/step, leaf=root_R_R_R_R_R, phase=split]
[Epoch 029] Sleep:  90%|###########7 | 18/20 [01:00<00:06,  3.31s/step, actions=5, phase=deep, pressure=0.266]
[Epoch 029] Sleep:  95%|############3| 19/20 [01:00<00:03,  3.49s/step, actions=5, phase=deep, pressure=0.266]
[Epoch 029] Sleep: 100%|#############| 20/20 [01:00<00:00,  3.04s/step, actions=5, phase=deep, pressure=0.266]
[MemoryTree][029/050] wake/event=2.698598 sleep_residual_utility=0.013554 writes=1555 memorize=1 queue_split=38905 wake_actions=A96206/R888/M1/Q38905 novelty=0.0214 weighted_sim=0.9571 wm_grad_max=3.974e+00 global/event=2.705389 mix_diag=2.9435 global_steps=27 prior_KL=1.166e-01 seq_H_cond=0.3996 seq_H_marg=0.5640 seq_MI=1.644e-01 post_KL_diag=3.274e-01 branch_distill=2.580e-01 probe=6.272e+00/0.744->0.742/1.033/0.494 frontier=7.00/13.00/6.00 enc_gate=0.236 enc_scale=0.019 teacher_conf=0.236 teacher_JS=7.724e-02 max_mass=0.1589 owner_hard=[0, 0, 0, 289, 0, 1, 148, 0, 0, 0, 0, 386, 136, 0, 0, 9, 0, 49, 0, 616, 0, 15, 51, 0, 0, 0, 0, 0, 0, 0, 0] mem_assign=[914, 1195, 749, 13266, 65, 2597, 11442, 1704, 255, 1049, 1003, 19586, 14147, 311, 673, 4128, 1372, 4473, 405, 23165, 5789, 8635, 8556, 2468, 792, 4603, 2236, 288, 38, 85, 11] topology_prune=on leaves=16 sleep_mode=deep light_absorb=1 deep_probability=0.266 topology_action=null topology_gain=0.000e+00 topology_candidates=26 collapsed=0 topology_lambda=0.000e+00 time=W117.0/G41.0/S60.9s cache=0/1700 cuda_peak=7102MiB sleep_actions=['promotion', 'promotion', 'promotion', 'promotion', 'promotion']

[Epoch 030] Wake:   0%|                                                             | 0/1700 [00:00<?, ?seq/s]
[Epoch 030] Wake:   0%|                 | 1/1700 [00:04<2:08:54,  4.55s/seq, events=80, loss=1.5621, writes=1]
[Epoch 030] Wake:   4%|5             | 65/1700 [00:08<03:34,  7.61seq/s, events=5200, loss=2.8113, writes=200]
[Epoch 030] Wake:   8%|9           | 129/1700 [00:13<02:35, 10.13seq/s, events=10320, loss=2.6967, writes=346]
[Epoch 030] Wake:  11%|#3          | 193/1700 [00:17<02:12, 11.37seq/s, events=15440, loss=2.6632, writes=454]
[Epoch 030] Wake:  15%|#8          | 257/1700 [00:22<01:59, 12.09seq/s, events=20560, loss=2.6857, writes=512]
[Epoch 030] Wake:  19%|##2         | 321/1700 [00:26<01:49, 12.59seq/s, events=25680, loss=2.6956, writes=552]
[Epoch 030] Wake:  23%|##7         | 385/1700 [00:31<01:40, 13.03seq/s, events=30800, loss=2.6760, writes=608]
[Epoch 030] Wake:  26%|###1        | 449/1700 [00:35<01:34, 13.29seq/s, events=35920, loss=2.7012, writes=627]
[Epoch 030] Wake:  30%|###6        | 513/1700 [00:39<01:27, 13.54seq/s, events=41040, loss=2.7158, writes=653]
[Epoch 030] Wake:  34%|####        | 577/1700 [00:44<01:22, 13.69seq/s, events=46160, loss=2.7267, writes=683]
[Epoch 030] Wake:  38%|####5       | 641/1700 [00:48<01:16, 13.82seq/s, events=51280, loss=2.7306, writes=704]
[Epoch 030] Wake:  41%|####9       | 705/1700 [00:52<01:11, 13.93seq/s, events=56400, loss=2.7270, writes=720]
[Epoch 030] Wake:  45%|#####4      | 769/1700 [00:57<01:06, 14.07seq/s, events=61520, loss=2.7086, writes=747]
[Epoch 030] Wake:  49%|#####8      | 833/1700 [01:01<01:01, 14.08seq/s, events=66640, loss=2.7102, writes=769]
[Epoch 030] Wake:  53%|######3     | 897/1700 [01:06<00:56, 14.18seq/s, events=71760, loss=2.7159, writes=790]
[Epoch 030] Wake:  57%|######7     | 961/1700 [01:10<00:51, 14.26seq/s, events=76880, loss=2.7139, writes=818]
[Epoch 030] Wake:  60%|######6    | 1025/1700 [01:14<00:47, 14.28seq/s, events=82000, loss=2.7043, writes=848]
[Epoch 030] Wake:  64%|#######    | 1089/1700 [01:19<00:42, 14.35seq/s, events=87120, loss=2.6994, writes=872]
[Epoch 030] Wake:  68%|#######4   | 1153/1700 [01:23<00:37, 14.42seq/s, events=92240, loss=2.6990, writes=895]
[Epoch 030] Wake:  72%|#######8   | 1217/1700 [01:27<00:33, 14.40seq/s, events=97360, loss=2.7016, writes=919]
[Epoch 030] Wake:  75%|#######5  | 1281/1700 [01:32<00:28, 14.46seq/s, events=102480, loss=2.6996, writes=942]
[Epoch 030] Wake:  79%|#######9  | 1345/1700 [01:36<00:24, 14.51seq/s, events=107600, loss=2.6995, writes=968]
[Epoch 030] Wake:  83%|########2 | 1409/1700 [01:40<00:20, 14.52seq/s, events=112720, loss=2.7038, writes=988]
[Epoch 030] Wake:  87%|#######7 | 1473/1700 [01:45<00:15, 14.56seq/s, events=117840, loss=2.7028, writes=1004]
[Epoch 030] Wake:  90%|########1| 1537/1700 [01:49<00:11, 14.55seq/s, events=122960, loss=2.7021, writes=1021]
[Epoch 030] Wake:  94%|########4| 1601/1700 [01:53<00:06, 14.58seq/s, events=128080, loss=2.6998, writes=1038]
[Epoch 030] Wake:  98%|########8| 1665/1700 [01:56<00:02, 15.23seq/s, events=133200, loss=2.6990, writes=1068]
[Epoch 030] Wake: 100%|#########| 1700/1700 [01:56<00:00, 14.60seq/s, events=136000, loss=2.6984, writes=1088]

[Epoch 030] Global:   0%|                                                      | 0/1700 [00:00<?, ?seq-pass/s]
[Epoch 030] Global:   8%|#4                 | 128/1700 [00:03<00:38, 41.22seq-pass/s, batch=2/27, phase=train]
[Epoch 030] Global:  15%|##8                | 256/1700 [00:06<00:35, 41.24seq-pass/s, batch=4/27, phase=train]
[Epoch 030] Global:  23%|####2              | 384/1700 [00:09<00:31, 41.24seq-pass/s, batch=6/27, phase=train]
[Epoch 030] Global:  30%|#####7             | 512/1700 [00:12<00:28, 41.21seq-pass/s, batch=8/27, phase=train]
[Epoch 030] Global:  38%|######7           | 640/1700 [00:15<00:25, 41.17seq-pass/s, batch=10/27, phase=train]
[Epoch 030] Global:  45%|########1         | 768/1700 [00:18<00:22, 41.17seq-pass/s, batch=12/27, phase=train]
[Epoch 030] Global:  53%|#########4        | 896/1700 [00:21<00:19, 41.09seq-pass/s, batch=14/27, phase=train]
[Epoch 030] Global:  60%|##########2      | 1024/1700 [00:24<00:16, 41.11seq-pass/s, batch=16/27, phase=train]
[Epoch 030] Global:  68%|###########5     | 1152/1700 [00:28<00:13, 41.11seq-pass/s, batch=18/27, phase=train]
[Epoch 030] Global:  75%|############8    | 1280/1700 [00:31<00:10, 41.09seq-pass/s, batch=20/27, phase=train]
[Epoch 030] Global:  83%|##############   | 1408/1700 [00:34<00:07, 41.10seq-pass/s, batch=22/27, phase=train]
[Epoch 030] Global:  90%|###############3 | 1536/1700 [00:37<00:03, 41.08seq-pass/s, batch=24/27, phase=train]
[Epoch 030] Global:  98%|################6| 1664/1700 [00:40<00:00, 41.08seq-pass/s, batch=26/27, phase=train]
[Epoch 030] Global: 100%|#################| 1700/1700 [00:41<00:00, 41.03seq-pass/s, batch=27/27, phase=train]

[Epoch 030] Sleep:   0%|                                                             | 0/20 [00:00<?, ?step/s]
[Epoch 030] Sleep:   5%|8                | 1/20 [00:00<00:15,  1.26step/s, absorbed=4, phase=light, replay=94]
[Epoch 030] Sleep:  10%|##5                      | 2/20 [00:01<00:11,  1.52step/s, leaf=root_L_L, phase=split]
[Epoch 030] Sleep:  15%|###7                     | 3/20 [00:04<00:27,  1.59s/step, leaf=root_L_L, phase=split]
[Epoch 030] Sleep:  15%|###4                   | 3/20 [00:04<00:27,  1.59s/step, leaf=root_L_R_L, phase=split]
[Epoch 030] Sleep:  20%|####2                | 4/20 [00:08<00:25,  1.59s/step, leaf=root_L_R_R_L, phase=split]
[Epoch 030] Sleep:  25%|#####2               | 5/20 [00:11<00:35,  2.37s/step, leaf=root_L_R_R_L, phase=split]
[Epoch 030] Sleep:  25%|#####2               | 5/20 [00:11<00:35,  2.37s/step, leaf=root_L_R_R_R, phase=split]
[Epoch 030] Sleep:  30%|######3              | 6/20 [00:15<00:36,  2.58s/step, leaf=root_L_R_R_R, phase=split]
[Epoch 030] Sleep:  30%|######3              | 6/20 [00:15<00:36,  2.58s/step, leaf=root_R_L_L_L, phase=split]
[Epoch 030] Sleep:  35%|#######3             | 7/20 [00:18<00:35,  2.72s/step, leaf=root_R_L_L_L, phase=split]
[Epoch 030] Sleep:  35%|#######3             | 7/20 [00:18<00:35,  2.72s/step, leaf=root_R_L_L_R, phase=split]
[Epoch 030] Sleep:  40%|########4            | 8/20 [00:21<00:34,  2.84s/step, leaf=root_R_L_L_R, phase=split]
[Epoch 030] Sleep:  40%|########4            | 8/20 [00:21<00:34,  2.84s/step, leaf=root_R_L_R_L, phase=split]
[Epoch 030] Sleep:  45%|#########4           | 9/20 [00:25<00:32,  2.93s/step, leaf=root_R_L_R_L, phase=split]
[Epoch 030] Sleep:  45%|########5          | 9/20 [00:25<00:32,  2.93s/step, leaf=root_R_L_R_R_L, phase=split]
[Epoch 030] Sleep:  50%|#########         | 10/20 [00:28<00:29,  3.00s/step, leaf=root_R_L_R_R_L, phase=split]
[Epoch 030] Sleep:  50%|#########         | 10/20 [00:28<00:29,  3.00s/step, leaf=root_R_L_R_R_R, phase=split]
[Epoch 030] Sleep:  55%|#########9        | 11/20 [00:32<00:27,  3.05s/step, leaf=root_R_L_R_R_R, phase=split]
[Epoch 030] Sleep:  55%|###########         | 11/20 [00:32<00:27,  3.05s/step, leaf=root_R_R_L_L, phase=split]
[Epoch 030] Sleep:  60%|############        | 12/20 [00:35<00:24,  3.10s/step, leaf=root_R_R_L_L, phase=split]
[Epoch 030] Sleep:  60%|##########7       | 12/20 [00:35<00:24,  3.10s/step, leaf=root_R_R_L_R_L, phase=split]
[Epoch 030] Sleep:  65%|###########7      | 13/20 [00:39<00:22,  3.15s/step, leaf=root_R_R_L_R_L, phase=split]
[Epoch 030] Sleep:  65%|##########4     | 13/20 [00:39<00:22,  3.15s/step, leaf=root_R_R_L_R_R_L, phase=split]
[Epoch 030] Sleep:  70%|###########2    | 14/20 [00:42<00:19,  3.18s/step, leaf=root_R_R_L_R_R_L, phase=split]
[Epoch 030] Sleep:  70%|###########2    | 14/20 [00:42<00:19,  3.18s/step, leaf=root_R_R_L_R_R_R, phase=split]
[Epoch 030] Sleep:  75%|############    | 15/20 [00:45<00:16,  3.22s/step, leaf=root_R_R_L_R_R_R, phase=split]
[Epoch 030] Sleep:  75%|###############     | 15/20 [00:45<00:16,  3.22s/step, leaf=root_R_R_R_L, phase=split]
[Epoch 030] Sleep:  80%|################    | 16/20 [00:49<00:12,  3.25s/step, leaf=root_R_R_R_L, phase=split]
[Epoch 030] Sleep:  80%|##############4   | 16/20 [00:49<00:12,  3.25s/step, leaf=root_R_R_R_R_L, phase=split]
[Epoch 030] Sleep:  85%|###############3  | 17/20 [00:52<00:09,  3.27s/step, leaf=root_R_R_R_R_L, phase=split]
[Epoch 030] Sleep:  85%|###############3  | 17/20 [00:52<00:09,  3.27s/step, leaf=root_R_R_R_R_R, phase=split]
[Epoch 030] Sleep:  90%|################2 | 18/20 [00:56<00:06,  3.29s/step, leaf=root_R_R_R_R_R, phase=split]
[Epoch 030] Sleep:  90%|##########8 | 18/20 [00:56<00:06,  3.29s/step, actions=0, phase=light, pressure=0.139]
[Epoch 030] Sleep: 100%|############| 20/20 [00:56<00:00,  2.81s/step, actions=0, phase=light, pressure=0.139]
[MemoryTree][030/050] wake/event=2.698389 sleep_residual_utility=0.012362 writes=1088 memorize=5 queue_split=39021 wake_actions=A95953/R1021/M5/Q39021 novelty=0.0199 weighted_sim=0.9601 wm_grad_max=3.379e+00 global/event=2.705039 mix_diag=2.9110 global_steps=27 prior_KL=1.316e-01 seq_H_cond=0.3834 seq_H_marg=0.5568 seq_MI=1.734e-01 post_KL_diag=3.322e-01 branch_distill=2.593e-01 probe=6.249e+00/0.738->0.742/1.025/0.491 frontier=7.00/13.00/6.00 enc_gate=0.245 enc_scale=0.019 teacher_conf=0.242 teacher_JS=7.957e-02 max_mass=0.1240 owner_hard=[0, 0, 0, 168, 0, 0, 65, 0, 0, 0, 0, 185, 755, 0, 0, 0, 0, 98, 0, 301, 0, 74, 54, 0, 0, 0, 0, 0, 0, 0, 0] mem_assign=[860, 1610, 693, 10748, 111, 1672, 10535, 1713, 452, 969, 1120, 14221, 25310, 346, 301, 3592, 1426, 6405, 245, 18687, 4489, 12465, 11607, 2373, 1193, 898, 1441, 218, 184, 38, 78] topology_prune=on leaves=16 sleep_mode=light light_absorb=4 deep_probability=0.139 topology_action=null topology_gain=0.000e+00 topology_candidates=26 collapsed=0 topology_lambda=0.000e+00 time=W116.5/G41.4/S56.4s cache=0/1700 cuda_peak=7100MiB sleep_actions=[]

[Epoch 031] Wake:   0%|                                                             | 0/1700 [00:00<?, ?seq/s]
[Epoch 031] Wake:   0%|                 | 1/1700 [00:04<2:05:36,  4.44s/seq, events=80, loss=3.1360, writes=0]
[Epoch 031] Wake:   4%|5              | 65/1700 [00:08<03:31,  7.74seq/s, events=5200, loss=2.5990, writes=40]
[Epoch 031] Wake:   8%|9            | 129/1700 [00:13<02:32, 10.29seq/s, events=10320, loss=2.6627, writes=74]
[Epoch 031] Wake:  11%|#3          | 193/1700 [00:17<02:09, 11.64seq/s, events=15440, loss=2.6663, writes=115]
[Epoch 031] Wake:  15%|#8          | 257/1700 [00:21<01:57, 12.32seq/s, events=20560, loss=2.6913, writes=150]
[Epoch 031] Wake:  19%|##2         | 321/1700 [00:26<01:47, 12.86seq/s, events=25680, loss=2.6830, writes=194]
[Epoch 031] Wake:  23%|##7         | 385/1700 [00:30<01:39, 13.25seq/s, events=30800, loss=2.6984, writes=227]
[Epoch 031] Wake:  26%|###1        | 449/1700 [00:34<01:32, 13.46seq/s, events=35920, loss=2.6911, writes=262]
[Epoch 031] Wake:  30%|###6        | 513/1700 [00:39<01:26, 13.67seq/s, events=41040, loss=2.6937, writes=292]
[Epoch 031] Wake:  34%|####        | 577/1700 [00:43<01:21, 13.82seq/s, events=46160, loss=2.7044, writes=339]
[Epoch 031] Wake:  38%|####5       | 641/1700 [00:47<01:15, 13.98seq/s, events=51280, loss=2.7162, writes=365]
[Epoch 031] Wake:  41%|####9       | 705/1700 [00:52<01:10, 14.05seq/s, events=56400, loss=2.7109, writes=392]
[Epoch 031] Wake:  45%|#####4      | 769/1700 [00:56<01:05, 14.17seq/s, events=61520, loss=2.7091, writes=416]
[Epoch 031] Wake:  49%|#####8      | 833/1700 [01:00<01:00, 14.28seq/s, events=66640, loss=2.7042, writes=448]
[Epoch 031] Wake:  53%|######3     | 897/1700 [01:05<00:55, 14.38seq/s, events=71760, loss=2.7011, writes=468]
[Epoch 031] Wake:  57%|######7     | 961/1700 [01:09<00:51, 14.40seq/s, events=76880, loss=2.7001, writes=500]
[Epoch 031] Wake:  60%|######6    | 1025/1700 [01:13<00:46, 14.48seq/s, events=82000, loss=2.7042, writes=521]
[Epoch 031] Wake:  64%|#######    | 1089/1700 [01:18<00:42, 14.51seq/s, events=87120, loss=2.7000, writes=549]
[Epoch 031] Wake:  68%|#######4   | 1153/1700 [01:22<00:37, 14.50seq/s, events=92240, loss=2.7039, writes=586]
[Epoch 031] Wake:  72%|#######8   | 1217/1700 [01:26<00:33, 14.55seq/s, events=97360, loss=2.7078, writes=617]
[Epoch 031] Wake:  75%|#######5  | 1281/1700 [01:31<00:28, 14.59seq/s, events=102480, loss=2.7132, writes=634]
[Epoch 031] Wake:  79%|#######9  | 1345/1700 [01:35<00:24, 14.62seq/s, events=107600, loss=2.7057, writes=655]
[Epoch 031] Wake:  83%|########2 | 1409/1700 [01:39<00:19, 14.58seq/s, events=112720, loss=2.7016, writes=680]
[Epoch 031] Wake:  87%|########6 | 1473/1700 [01:44<00:15, 14.59seq/s, events=117840, loss=2.6932, writes=713]
[Epoch 031] Wake:  90%|######### | 1537/1700 [01:48<00:11, 14.62seq/s, events=122960, loss=2.6957, writes=730]
[Epoch 031] Wake:  94%|#########4| 1601/1700 [01:53<00:06, 14.60seq/s, events=128080, loss=2.6956, writes=759]
[Epoch 031] Wake:  98%|#########7| 1665/1700 [01:55<00:02, 15.24seq/s, events=133200, loss=2.6923, writes=793]
[Epoch 031] Wake: 100%|##########| 1700/1700 [01:55<00:00, 14.70seq/s, events=136000, loss=2.6930, writes=808]

[Epoch 031] Global:   0%|                                                      | 0/1700 [00:00<?, ?seq-pass/s]
[Epoch 031] Global:   8%|#4                 | 128/1700 [00:03<00:38, 41.17seq-pass/s, batch=2/27, phase=train]
[Epoch 031] Global:  15%|##8                | 256/1700 [00:06<00:34, 41.28seq-pass/s, batch=4/27, phase=train]
[Epoch 031] Global:  23%|####2              | 384/1700 [00:09<00:31, 41.25seq-pass/s, batch=6/27, phase=train]
[Epoch 031] Global:  30%|#####7             | 512/1700 [00:12<00:28, 41.23seq-pass/s, batch=8/27, phase=train]
[Epoch 031] Global:  38%|######7           | 640/1700 [00:15<00:25, 41.28seq-pass/s, batch=10/27, phase=train]
[Epoch 031] Global:  45%|########1         | 768/1700 [00:18<00:22, 41.28seq-pass/s, batch=12/27, phase=train]
[Epoch 031] Global:  53%|#########4        | 896/1700 [00:21<00:19, 41.28seq-pass/s, batch=14/27, phase=train]
[Epoch 031] Global:  60%|##########2      | 1024/1700 [00:24<00:16, 41.31seq-pass/s, batch=16/27, phase=train]
[Epoch 031] Global:  68%|###########5     | 1152/1700 [00:27<00:13, 41.32seq-pass/s, batch=18/27, phase=train]
[Epoch 031] Global:  75%|############8    | 1280/1700 [00:30<00:10, 41.33seq-pass/s, batch=20/27, phase=train]
[Epoch 031] Global:  83%|##############   | 1408/1700 [00:34<00:07, 41.34seq-pass/s, batch=22/27, phase=train]
[Epoch 031] Global:  90%|###############3 | 1536/1700 [00:37<00:03, 41.37seq-pass/s, batch=24/27, phase=train]
[Epoch 031] Global:  98%|################6| 1664/1700 [00:40<00:00, 41.36seq-pass/s, batch=26/27, phase=train]
[Epoch 031] Global: 100%|#################| 1700/1700 [00:41<00:00, 41.27seq-pass/s, batch=27/27, phase=train]

[Epoch 031] Sleep:   0%|                                                             | 0/20 [00:00<?, ?step/s]
[Epoch 031] Sleep:   5%|8                | 1/20 [00:00<00:15,  1.27step/s, absorbed=6, phase=light, replay=95]
[Epoch 031] Sleep:  90%|##########8 | 18/20 [00:00<00:00, 22.72step/s, actions=0, phase=light, pressure=0.140]
[Epoch 031] Sleep: 100%|############| 20/20 [00:00<00:00, 25.24step/s, actions=0, phase=light, pressure=0.140]
[MemoryTree][031/050] wake/event=2.693042 sleep_residual_utility=0.012688 writes=808 memorize=2 queue_split=39662 wake_actions=A96174/R162/M2/Q39662 novelty=0.0188 weighted_sim=0.9623 wm_grad_max=3.901e+00 global/event=2.701689 mix_diag=2.8864 global_steps=27 prior_KL=1.325e-01 seq_H_cond=0.3862 seq_H_marg=0.5547 seq_MI=1.684e-01 post_KL_diag=3.445e-01 branch_distill=2.619e-01 probe=6.398e+00/0.743->0.741/1.149/0.500 frontier=7.00/13.00/6.00 enc_gate=0.267 enc_scale=0.021 teacher_conf=0.262 teacher_JS=8.042e-02 max_mass=0.1279 owner_hard=[0, 0, 0, 174, 0, 0, 13, 0, 0, 0, 0, 64, 773, 0, 0, 0, 0, 51, 0, 110, 5, 406, 104, 0, 0, 0, 0, 0, 0, 0, 0] mem_assign=[853, 1393, 817, 10804, 147, 1058, 7439, 1717, 620, 660, 1157, 9832, 26512, 144, 352, 3119, 1927, 6372, 538, 13370, 5689, 19575, 15311, 2517, 1428, 643, 1597, 121, 75, 1, 212] topology_prune=on leaves=16 sleep_mode=light light_absorb=6 deep_probability=0.140 topology_action=null topology_gain=0.000e+00 topology_candidates=0 collapsed=0 topology_lambda=0.000e+00 time=W115.7/G41.2/S0.9s cache=0/1700 cuda_peak=7100MiB sleep_actions=[]

[Epoch 032] Wake:   0%|                                                             | 0/1700 [00:00<?, ?seq/s]
[Epoch 032] Wake:   0%|                 | 1/1700 [00:04<2:05:08,  4.42s/seq, events=80, loss=2.7196, writes=2]
[Epoch 032] Wake:   4%|5             | 65/1700 [00:08<03:30,  7.76seq/s, events=5200, loss=2.7793, writes=133]
[Epoch 032] Wake:   8%|9           | 129/1700 [00:13<02:34, 10.17seq/s, events=10320, loss=2.7766, writes=217]
[Epoch 032] Wake:  11%|#3          | 193/1700 [00:17<02:10, 11.51seq/s, events=15440, loss=2.7804, writes=289]
[Epoch 032] Wake:  15%|#8          | 257/1700 [00:22<01:58, 12.20seq/s, events=20560, loss=2.7679, writes=356]
[Epoch 032] Wake:  19%|##2         | 321/1700 [00:26<01:48, 12.74seq/s, events=25680, loss=2.7574, writes=404]
[Epoch 032] Wake:  23%|##7         | 385/1700 [00:30<01:40, 13.12seq/s, events=30800, loss=2.7257, writes=440]
[Epoch 032] Wake:  26%|###1        | 449/1700 [00:35<01:33, 13.40seq/s, events=35920, loss=2.7117, writes=493]
[Epoch 032] Wake:  30%|###6        | 513/1700 [00:39<01:27, 13.52seq/s, events=41040, loss=2.7044, writes=535]
[Epoch 032] Wake:  34%|####        | 577/1700 [00:43<01:21, 13.72seq/s, events=46160, loss=2.7065, writes=570]
[Epoch 032] Wake:  38%|####5       | 641/1700 [00:48<01:16, 13.84seq/s, events=51280, loss=2.7025, writes=596]
[Epoch 032] Wake:  41%|####9       | 705/1700 [00:52<01:11, 13.94seq/s, events=56400, loss=2.7146, writes=627]
[Epoch 032] Wake:  45%|#####4      | 769/1700 [00:57<01:06, 14.00seq/s, events=61520, loss=2.7080, writes=660]
[Epoch 032] Wake:  49%|#####8      | 833/1700 [01:01<01:01, 14.07seq/s, events=66640, loss=2.7031, writes=690]
[Epoch 032] Wake:  53%|######3     | 897/1700 [01:05<00:56, 14.16seq/s, events=71760, loss=2.7099, writes=728]
[Epoch 032] Wake:  57%|######7     | 961/1700 [01:10<00:52, 14.20seq/s, events=76880, loss=2.7093, writes=764]
[Epoch 032] Wake:  60%|######6    | 1025/1700 [01:14<00:47, 14.28seq/s, events=82000, loss=2.7107, writes=801]
[Epoch 032] Wake:  64%|#######    | 1089/1700 [01:18<00:42, 14.36seq/s, events=87120, loss=2.7145, writes=835]
[Epoch 032] Wake:  68%|#######4   | 1153/1700 [01:23<00:38, 14.35seq/s, events=92240, loss=2.7150, writes=871]
[Epoch 032] Wake:  72%|#######8   | 1217/1700 [01:27<00:33, 14.42seq/s, events=97360, loss=2.7109, writes=917]
[Epoch 032] Wake:  75%|#######5  | 1281/1700 [01:32<00:29, 14.43seq/s, events=102480, loss=2.7085, writes=956]
[Epoch 032] Wake:  79%|#######9  | 1345/1700 [01:36<00:24, 14.48seq/s, events=107600, loss=2.7106, writes=982]
[Epoch 032] Wake:  83%|#######4 | 1409/1700 [01:40<00:20, 14.52seq/s, events=112720, loss=2.7076, writes=1020]
[Epoch 032] Wake:  87%|#######7 | 1473/1700 [01:44<00:15, 14.57seq/s, events=117840, loss=2.7057, writes=1059]
[Epoch 032] Wake:  90%|########1| 1537/1700 [01:49<00:11, 14.54seq/s, events=122960, loss=2.7048, writes=1106]
[Epoch 032] Wake:  94%|########4| 1601/1700 [01:53<00:06, 14.52seq/s, events=128080, loss=2.7035, writes=1149]
[Epoch 032] Wake:  98%|########8| 1665/1700 [01:56<00:02, 15.07seq/s, events=133200, loss=2.7051, writes=1193]
[Epoch 032] Wake: 100%|#########| 1700/1700 [01:56<00:00, 14.55seq/s, events=136000, loss=2.7048, writes=1217]

[Epoch 032] Global:   0%|                                                      | 0/1700 [00:00<?, ?seq-pass/s]
[Epoch 032] Global:   8%|#4                 | 128/1700 [00:03<00:38, 40.94seq-pass/s, batch=2/27, phase=train]
[Epoch 032] Global:  15%|##8                | 256/1700 [00:06<00:35, 40.86seq-pass/s, batch=4/27, phase=train]
[Epoch 032] Global:  23%|####2              | 384/1700 [00:09<00:32, 40.86seq-pass/s, batch=6/27, phase=train]
[Epoch 032] Global:  30%|#####7             | 512/1700 [00:12<00:29, 40.90seq-pass/s, batch=8/27, phase=train]
[Epoch 032] Global:  38%|######7           | 640/1700 [00:15<00:25, 40.92seq-pass/s, batch=10/27, phase=train]
[Epoch 032] Global:  45%|########1         | 768/1700 [00:18<00:22, 40.91seq-pass/s, batch=12/27, phase=train]
[Epoch 032] Global:  53%|#########4        | 896/1700 [00:21<00:19, 40.93seq-pass/s, batch=14/27, phase=train]
[Epoch 032] Global:  60%|##########2      | 1024/1700 [00:25<00:16, 40.91seq-pass/s, batch=16/27, phase=train]
[Epoch 032] Global:  68%|###########5     | 1152/1700 [00:28<00:13, 40.91seq-pass/s, batch=18/27, phase=train]
[Epoch 032] Global:  75%|############8    | 1280/1700 [00:31<00:10, 40.93seq-pass/s, batch=20/27, phase=train]
[Epoch 032] Global:  83%|##############   | 1408/1700 [00:34<00:07, 40.91seq-pass/s, batch=22/27, phase=train]
[Epoch 032] Global:  90%|###############3 | 1536/1700 [00:37<00:04, 40.88seq-pass/s, batch=24/27, phase=train]
[Epoch 032] Global:  98%|################6| 1664/1700 [00:40<00:00, 40.93seq-pass/s, batch=26/27, phase=train]
[Epoch 032] Global: 100%|#################| 1700/1700 [00:41<00:00, 40.86seq-pass/s, batch=27/27, phase=train]

[Epoch 032] Sleep:   0%|                                                             | 0/20 [00:00<?, ?step/s]
[Epoch 032] Sleep:   5%|8                | 1/20 [00:00<00:15,  1.27step/s, absorbed=3, phase=light, replay=95]
[Epoch 032] Sleep:  90%|##########8 | 18/20 [00:00<00:00, 22.73step/s, actions=0, phase=light, pressure=0.211]
[Epoch 032] Sleep: 100%|############| 20/20 [00:00<00:00, 25.25step/s, actions=0, phase=light, pressure=0.211]
[MemoryTree][032/050] wake/event=2.704845 sleep_residual_utility=0.011384 writes=1217 memorize=5 queue_split=39510 wake_actions=A96351/R134/M5/Q39510 novelty=0.0236 weighted_sim=0.9528 wm_grad_max=4.212e+00 global/event=2.702438 mix_diag=2.8589 global_steps=27 prior_KL=1.364e-01 seq_H_cond=0.3941 seq_H_marg=0.5525 seq_MI=1.584e-01 post_KL_diag=3.580e-01 branch_distill=2.740e-01 probe=6.327e+00/0.746->0.753/1.370/0.509 frontier=7.00/13.00/6.00 enc_gate=0.284 enc_scale=0.022 teacher_conf=0.279 teacher_JS=8.242e-02 max_mass=0.1020 owner_hard=[0, 0, 0, 191, 0, 0, 88, 0, 0, 0, 0, 70, 884, 0, 0, 0, 0, 96, 0, 33, 0, 96, 242, 0, 0, 0, 0, 0, 0, 0, 0] mem_assign=[955, 1727, 740, 11079, 344, 972, 12994, 1872, 697, 715, 1641, 10519, 26182, 250, 923, 736, 2721, 7314, 512, 10908, 4546, 14785, 17583, 1666, 1211, 911, 1209, 251, 7, 15, 15] topology_prune=on leaves=16 sleep_mode=light light_absorb=3 deep_probability=0.211 topology_action=null topology_gain=0.000e+00 topology_candidates=0 collapsed=0 topology_lambda=0.000e+00 time=W116.8/G41.6/S0.9s cache=0/1700 cuda_peak=7101MiB sleep_actions=[]

[Epoch 033] Wake:   0%|                                                             | 0/1700 [00:00<?, ?seq/s]
[Epoch 033] Wake:   0%|                 | 1/1700 [00:04<2:01:48,  4.30s/seq, events=80, loss=3.6302, writes=0]
[Epoch 033] Wake:   4%|5              | 65/1700 [00:08<03:30,  7.76seq/s, events=5200, loss=2.8547, writes=88]
[Epoch 033] Wake:   8%|9           | 129/1700 [00:13<02:32, 10.32seq/s, events=10320, loss=2.6824, writes=170]
[Epoch 033] Wake:  11%|#3          | 193/1700 [00:17<02:10, 11.54seq/s, events=15440, loss=2.6878, writes=220]
[Epoch 033] Wake:  15%|#8          | 257/1700 [00:22<01:58, 12.21seq/s, events=20560, loss=2.6942, writes=271]
[Epoch 033] Wake:  19%|##2         | 321/1700 [00:26<01:48, 12.74seq/s, events=25680, loss=2.7113, writes=327]
[Epoch 033] Wake:  23%|##7         | 385/1700 [00:30<01:40, 13.14seq/s, events=30800, loss=2.7027, writes=383]
[Epoch 033] Wake:  26%|###1        | 449/1700 [00:35<01:33, 13.33seq/s, events=35920, loss=2.6935, writes=430]
[Epoch 033] Wake:  30%|###6        | 513/1700 [00:39<01:27, 13.56seq/s, events=41040, loss=2.6822, writes=474]
[Epoch 033] Wake:  34%|####        | 577/1700 [00:43<01:21, 13.77seq/s, events=46160, loss=2.6886, writes=518]
[Epoch 033] Wake:  38%|####5       | 641/1700 [00:48<01:16, 13.92seq/s, events=51280, loss=2.7033, writes=563]
[Epoch 033] Wake:  41%|####9       | 705/1700 [00:52<01:11, 13.98seq/s, events=56400, loss=2.6976, writes=609]
[Epoch 033] Wake:  45%|#####4      | 769/1700 [00:56<01:06, 14.09seq/s, events=61520, loss=2.7041, writes=648]
[Epoch 033] Wake:  49%|#####8      | 833/1700 [01:01<01:01, 14.18seq/s, events=66640, loss=2.7035, writes=685]
[Epoch 033] Wake:  53%|######3     | 897/1700 [01:05<00:56, 14.25seq/s, events=71760, loss=2.7072, writes=724]
[Epoch 033] Wake:  57%|######7     | 961/1700 [01:10<00:51, 14.27seq/s, events=76880, loss=2.7098, writes=777]
[Epoch 033] Wake:  60%|######6    | 1025/1700 [01:14<00:47, 14.30seq/s, events=82000, loss=2.7128, writes=805]
[Epoch 033] Wake:  64%|#######    | 1089/1700 [01:18<00:42, 14.35seq/s, events=87120, loss=2.7088, writes=852]
[Epoch 033] Wake:  68%|#######4   | 1153/1700 [01:23<00:38, 14.36seq/s, events=92240, loss=2.7093, writes=888]
[Epoch 033] Wake:  72%|#######8   | 1217/1700 [01:27<00:33, 14.37seq/s, events=97360, loss=2.7023, writes=945]
[Epoch 033] Wake:  75%|#######5  | 1281/1700 [01:31<00:29, 14.42seq/s, events=102480, loss=2.6990, writes=983]
[Epoch 033] Wake:  79%|#######1 | 1345/1700 [01:36<00:24, 14.48seq/s, events=107600, loss=2.6913, writes=1032]
[Epoch 033] Wake:  83%|#######4 | 1409/1700 [01:40<00:20, 14.49seq/s, events=112720, loss=2.6924, writes=1069]
[Epoch 033] Wake:  87%|#######7 | 1473/1700 [01:45<00:15, 14.49seq/s, events=117840, loss=2.6956, writes=1111]
[Epoch 033] Wake:  90%|########1| 1537/1700 [01:49<00:11, 14.53seq/s, events=122960, loss=2.6977, writes=1141]
[Epoch 033] Wake:  94%|########4| 1601/1700 [01:53<00:06, 14.57seq/s, events=128080, loss=2.6956, writes=1189]
[Epoch 033] Wake:  98%|########8| 1665/1700 [01:56<00:02, 15.16seq/s, events=133200, loss=2.6989, writes=1221]
[Epoch 033] Wake: 100%|#########| 1700/1700 [01:56<00:00, 14.60seq/s, events=136000, loss=2.6981, writes=1247]

[Epoch 033] Global:   0%|                                                      | 0/1700 [00:00<?, ?seq-pass/s]
[Epoch 033] Global:   8%|#4                 | 128/1700 [00:03<00:38, 41.21seq-pass/s, batch=2/27, phase=train]
[Epoch 033] Global:  15%|##8                | 256/1700 [00:06<00:35, 41.22seq-pass/s, batch=4/27, phase=train]
[Epoch 033] Global:  23%|####2              | 384/1700 [00:09<00:31, 41.13seq-pass/s, batch=6/27, phase=train]
[Epoch 033] Global:  30%|#####7             | 512/1700 [00:12<00:28, 41.15seq-pass/s, batch=8/27, phase=train]
[Epoch 033] Global:  38%|######7           | 640/1700 [00:15<00:25, 41.12seq-pass/s, batch=10/27, phase=train]
[Epoch 033] Global:  45%|########1         | 768/1700 [00:18<00:22, 41.09seq-pass/s, batch=12/27, phase=train]
[Epoch 033] Global:  53%|#########4        | 896/1700 [00:21<00:19, 41.10seq-pass/s, batch=14/27, phase=train]
[Epoch 033] Global:  60%|##########2      | 1024/1700 [00:24<00:16, 41.08seq-pass/s, batch=16/27, phase=train]
[Epoch 033] Global:  68%|###########5     | 1152/1700 [00:28<00:13, 41.09seq-pass/s, batch=18/27, phase=train]
[Epoch 033] Global:  75%|############8    | 1280/1700 [00:31<00:10, 41.05seq-pass/s, batch=20/27, phase=train]
[Epoch 033] Global:  83%|##############   | 1408/1700 [00:34<00:07, 41.06seq-pass/s, batch=22/27, phase=train]
[Epoch 033] Global:  90%|###############3 | 1536/1700 [00:37<00:03, 41.04seq-pass/s, batch=24/27, phase=train]
[Epoch 033] Global:  98%|################6| 1664/1700 [00:40<00:00, 41.02seq-pass/s, batch=26/27, phase=train]
[Epoch 033] Global: 100%|#################| 1700/1700 [00:41<00:00, 40.99seq-pass/s, batch=27/27, phase=train]

[Epoch 033] Sleep:   0%|                                                             | 0/20 [00:00<?, ?step/s]
[Epoch 033] Sleep:   5%|8                | 1/20 [00:00<00:15,  1.24step/s, absorbed=5, phase=light, replay=96]
[Epoch 033] Sleep:  10%|##5                      | 2/20 [00:01<00:10,  1.66step/s, leaf=root_L_L, phase=split]
[Epoch 033] Sleep:  15%|###7                     | 3/20 [00:04<00:26,  1.53s/step, leaf=root_L_L, phase=split]
[Epoch 033] Sleep:  15%|###4                   | 3/20 [00:04<00:26,  1.53s/step, leaf=root_L_R_L, phase=split]
[Epoch 033] Sleep:  20%|####2                | 4/20 [00:08<00:24,  1.53s/step, leaf=root_L_R_R_L, phase=split]
[Epoch 033] Sleep:  25%|#####2               | 5/20 [00:11<00:35,  2.34s/step, leaf=root_L_R_R_L, phase=split]
[Epoch 033] Sleep:  25%|#####2               | 5/20 [00:11<00:35,  2.34s/step, leaf=root_L_R_R_R, phase=split]
[Epoch 033] Sleep:  30%|######3              | 6/20 [00:14<00:35,  2.54s/step, leaf=root_L_R_R_R, phase=split]
[Epoch 033] Sleep:  30%|######3              | 6/20 [00:14<00:35,  2.54s/step, leaf=root_R_L_L_L, phase=split]
[Epoch 033] Sleep:  35%|#######3             | 7/20 [00:18<00:35,  2.70s/step, leaf=root_R_L_L_L, phase=split]
[Epoch 033] Sleep:  35%|#######3             | 7/20 [00:18<00:35,  2.70s/step, leaf=root_R_L_L_R, phase=split]
[Epoch 033] Sleep:  40%|########4            | 8/20 [00:21<00:33,  2.82s/step, leaf=root_R_L_L_R, phase=split]
[Epoch 033] Sleep:  40%|########4            | 8/20 [00:21<00:33,  2.82s/step, leaf=root_R_L_R_L, phase=split]
[Epoch 033] Sleep:  45%|#########4           | 9/20 [00:25<00:31,  2.90s/step, leaf=root_R_L_R_L, phase=split]
[Epoch 033] Sleep:  45%|########5          | 9/20 [00:25<00:31,  2.90s/step, leaf=root_R_L_R_R_L, phase=split]
[Epoch 033] Sleep:  50%|#########         | 10/20 [00:28<00:29,  2.97s/step, leaf=root_R_L_R_R_L, phase=split]
[Epoch 033] Sleep:  50%|#########         | 10/20 [00:28<00:29,  2.97s/step, leaf=root_R_L_R_R_R, phase=split]
[Epoch 033] Sleep:  55%|#########9        | 11/20 [00:31<00:27,  3.04s/step, leaf=root_R_L_R_R_R, phase=split]
[Epoch 033] Sleep:  55%|###########         | 11/20 [00:31<00:27,  3.04s/step, leaf=root_R_R_L_L, phase=split]
[Epoch 033] Sleep:  60%|############        | 12/20 [00:35<00:24,  3.09s/step, leaf=root_R_R_L_L, phase=split]
[Epoch 033] Sleep:  60%|##########7       | 12/20 [00:35<00:24,  3.09s/step, leaf=root_R_R_L_R_L, phase=split]
[Epoch 033] Sleep:  65%|###########7      | 13/20 [00:38<00:21,  3.13s/step, leaf=root_R_R_L_R_L, phase=split]
[Epoch 033] Sleep:  65%|##########4     | 13/20 [00:38<00:21,  3.13s/step, leaf=root_R_R_L_R_R_L, phase=split]
[Epoch 033] Sleep:  70%|###########2    | 14/20 [00:42<00:18,  3.16s/step, leaf=root_R_R_L_R_R_L, phase=split]
[Epoch 033] Sleep:  70%|###########2    | 14/20 [00:42<00:18,  3.16s/step, leaf=root_R_R_L_R_R_R, phase=split]
[Epoch 033] Sleep:  75%|############    | 15/20 [00:45<00:15,  3.19s/step, leaf=root_R_R_L_R_R_R, phase=split]
[Epoch 033] Sleep:  75%|###############     | 15/20 [00:45<00:15,  3.19s/step, leaf=root_R_R_R_L, phase=split]
[Epoch 033] Sleep:  80%|################    | 16/20 [00:48<00:12,  3.22s/step, leaf=root_R_R_R_L, phase=split]
[Epoch 033] Sleep:  80%|##############4   | 16/20 [00:48<00:12,  3.22s/step, leaf=root_R_R_R_R_L, phase=split]
[Epoch 033] Sleep:  85%|###############3  | 17/20 [00:52<00:09,  3.25s/step, leaf=root_R_R_R_R_L, phase=split]
[Epoch 033] Sleep:  85%|###############3  | 17/20 [00:52<00:09,  3.25s/step, leaf=root_R_R_R_R_R, phase=split]
[Epoch 033] Sleep:  90%|################2 | 18/20 [00:55<00:06,  3.27s/step, leaf=root_R_R_R_R_R, phase=split]
[Epoch 033] Sleep:  90%|###########7 | 18/20 [01:00<00:06,  3.27s/step, actions=5, phase=deep, pressure=0.248]
[Epoch 033] Sleep:  95%|############3| 19/20 [01:00<00:03,  3.45s/step, actions=5, phase=deep, pressure=0.248]
[Epoch 033] Sleep: 100%|#############| 20/20 [01:00<00:00,  3.03s/step, actions=5, phase=deep, pressure=0.248]
[MemoryTree][033/050] wake/event=2.698120 sleep_residual_utility=0.011631 writes=1247 memorize=11 queue_split=39473 wake_actions=A96318/R198/M11/Q39473 novelty=0.0249 weighted_sim=0.9502 wm_grad_max=3.865e+00 global/event=2.703654 mix_diag=2.8699 global_steps=27 prior_KL=1.380e-01 seq_H_cond=0.4019 seq_H_marg=0.5537 seq_MI=1.518e-01 post_KL_diag=3.650e-01 branch_distill=2.759e-01 probe=6.474e+00/0.738->0.744/1.421/0.516 frontier=7.00/13.00/6.00 enc_gate=0.283 enc_scale=0.023 teacher_conf=0.288 teacher_JS=8.260e-02 max_mass=0.1107 owner_hard=[0, 0, 0, 114, 0, 0, 180, 0, 0, 0, 0, 14, 982, 0, 0, 0, 0, 116, 0, 22, 9, 116, 147, 0, 0, 0, 0, 0, 0, 0, 0] mem_assign=[806, 950, 635, 9525, 141, 672, 14142, 1826, 476, 780, 1949, 8008, 28455, 273, 347, 1172, 1050, 8146, 843, 10080, 7084, 16369, 16606, 1409, 544, 2181, 1434, 58, 25, 4, 10] topology_prune=on leaves=16 sleep_mode=deep light_absorb=5 deep_probability=0.248 topology_action=null topology_gain=0.000e+00 topology_candidates=26 collapsed=0 topology_lambda=0.000e+00 time=W116.5/G41.5/S60.8s cache=0/1700 cuda_peak=7101MiB sleep_actions=['promotion', 'promotion', 'promotion', 'promotion', 'promotion']

[Epoch 034] Wake:   0%|                                                             | 0/1700 [00:00<?, ?seq/s]
[Epoch 034] Wake:   0%|                 | 1/1700 [00:04<2:05:01,  4.42s/seq, events=80, loss=2.4217, writes=4]
[Epoch 034] Wake:   4%|5             | 65/1700 [00:08<03:30,  7.76seq/s, events=5200, loss=2.6705, writes=199]
[Epoch 034] Wake:   8%|9           | 129/1700 [00:13<02:35, 10.12seq/s, events=10320, loss=2.7099, writes=324]
[Epoch 034] Wake:  11%|#3          | 193/1700 [00:17<02:11, 11.49seq/s, events=15440, loss=2.6789, writes=388]
[Epoch 034] Wake:  15%|#8          | 257/1700 [00:22<01:58, 12.21seq/s, events=20560, loss=2.6894, writes=442]
[Epoch 034] Wake:  19%|##2         | 321/1700 [00:26<01:48, 12.71seq/s, events=25680, loss=2.6689, writes=475]
[Epoch 034] Wake:  23%|##7         | 385/1700 [00:30<01:40, 13.11seq/s, events=30800, loss=2.6683, writes=512]
[Epoch 034] Wake:  26%|###1        | 449/1700 [00:35<01:33, 13.41seq/s, events=35920, loss=2.6709, writes=542]
[Epoch 034] Wake:  30%|###6        | 513/1700 [00:39<01:27, 13.57seq/s, events=41040, loss=2.6779, writes=568]
[Epoch 034] Wake:  34%|####        | 577/1700 [00:43<01:21, 13.73seq/s, events=46160, loss=2.6832, writes=596]
[Epoch 034] Wake:  38%|####5       | 641/1700 [00:48<01:16, 13.89seq/s, events=51280, loss=2.6725, writes=626]
[Epoch 034] Wake:  41%|####9       | 705/1700 [00:52<01:11, 13.97seq/s, events=56400, loss=2.6834, writes=650]
[Epoch 034] Wake:  45%|#####4      | 769/1700 [00:56<01:06, 14.10seq/s, events=61520, loss=2.6867, writes=681]
[Epoch 034] Wake:  49%|#####8      | 833/1700 [01:01<01:01, 14.18seq/s, events=66640, loss=2.6844, writes=712]
[Epoch 034] Wake:  53%|######3     | 897/1700 [01:05<00:56, 14.23seq/s, events=71760, loss=2.6849, writes=748]
[Epoch 034] Wake:  57%|######7     | 961/1700 [01:09<00:51, 14.32seq/s, events=76880, loss=2.6837, writes=769]
[Epoch 034] Wake:  60%|######6    | 1025/1700 [01:14<00:46, 14.41seq/s, events=82000, loss=2.6866, writes=807]
[Epoch 034] Wake:  64%|#######    | 1089/1700 [01:18<00:42, 14.43seq/s, events=87120, loss=2.6930, writes=842]
[Epoch 034] Wake:  68%|#######4   | 1153/1700 [01:22<00:37, 14.50seq/s, events=92240, loss=2.6957, writes=867]
[Epoch 034] Wake:  72%|#######8   | 1217/1700 [01:27<00:33, 14.51seq/s, events=97360, loss=2.6922, writes=903]
[Epoch 034] Wake:  75%|#######5  | 1281/1700 [01:31<00:28, 14.56seq/s, events=102480, loss=2.6926, writes=937]
[Epoch 034] Wake:  79%|#######9  | 1345/1700 [01:35<00:24, 14.61seq/s, events=107600, loss=2.6887, writes=970]
[Epoch 034] Wake:  83%|#######4 | 1409/1700 [01:40<00:19, 14.64seq/s, events=112720, loss=2.6904, writes=1001]
[Epoch 034] Wake:  87%|#######7 | 1473/1700 [01:44<00:15, 14.61seq/s, events=117840, loss=2.6945, writes=1036]
[Epoch 034] Wake:  90%|########1| 1537/1700 [01:48<00:11, 14.64seq/s, events=122960, loss=2.6976, writes=1070]
[Epoch 034] Wake:  94%|########4| 1601/1700 [01:53<00:06, 14.67seq/s, events=128080, loss=2.6948, writes=1106]
[Epoch 034] Wake:  98%|########8| 1665/1700 [01:55<00:02, 15.26seq/s, events=133200, loss=2.6974, writes=1148]
[Epoch 034] Wake: 100%|#########| 1700/1700 [01:55<00:00, 14.66seq/s, events=136000, loss=2.6972, writes=1170]

[Epoch 034] Global:   0%|                                                      | 0/1700 [00:00<?, ?seq-pass/s]
[Epoch 034] Global:   8%|#4                 | 128/1700 [00:03<00:37, 41.46seq-pass/s, batch=2/27, phase=train]
[Epoch 034] Global:  15%|##8                | 256/1700 [00:06<00:34, 41.41seq-pass/s, batch=4/27, phase=train]
[Epoch 034] Global:  23%|####2              | 384/1700 [00:09<00:31, 41.41seq-pass/s, batch=6/27, phase=train]
[Epoch 034] Global:  30%|#####7             | 512/1700 [00:12<00:28, 41.45seq-pass/s, batch=8/27, phase=train]
[Epoch 034] Global:  38%|######7           | 640/1700 [00:15<00:25, 41.46seq-pass/s, batch=10/27, phase=train]
[Epoch 034] Global:  45%|########1         | 768/1700 [00:18<00:22, 41.46seq-pass/s, batch=12/27, phase=train]
[Epoch 034] Global:  53%|#########4        | 896/1700 [00:21<00:19, 41.49seq-pass/s, batch=14/27, phase=train]
[Epoch 034] Global:  60%|##########2      | 1024/1700 [00:24<00:16, 41.47seq-pass/s, batch=16/27, phase=train]
[Epoch 034] Global:  68%|###########5     | 1152/1700 [00:27<00:13, 41.49seq-pass/s, batch=18/27, phase=train]
[Epoch 034] Global:  75%|############8    | 1280/1700 [00:30<00:10, 41.50seq-pass/s, batch=20/27, phase=train]
[Epoch 034] Global:  83%|##############   | 1408/1700 [00:33<00:07, 41.50seq-pass/s, batch=22/27, phase=train]
[Epoch 034] Global:  90%|###############3 | 1536/1700 [00:37<00:03, 41.50seq-pass/s, batch=24/27, phase=train]
[Epoch 034] Global:  98%|################6| 1664/1700 [00:40<00:00, 41.48seq-pass/s, batch=26/27, phase=train]
[Epoch 034] Global: 100%|#################| 1700/1700 [00:41<00:00, 41.42seq-pass/s, batch=27/27, phase=train]

[Epoch 034] Sleep:   0%|                                                             | 0/20 [00:00<?, ?step/s]
[Epoch 034] Sleep:   5%|8                | 1/20 [00:00<00:14,  1.28step/s, absorbed=3, phase=light, replay=96]
[Epoch 034] Sleep:  90%|##########8 | 18/20 [00:00<00:00, 22.91step/s, actions=0, phase=light, pressure=0.139]
[Epoch 034] Sleep: 100%|############| 20/20 [00:00<00:00, 25.45step/s, actions=0, phase=light, pressure=0.139]
[MemoryTree][034/050] wake/event=2.697254 sleep_residual_utility=0.011653 writes=1170 memorize=25 queue_split=39234 wake_actions=A96544/R197/M25/Q39234 novelty=0.0297 weighted_sim=0.9406 wm_grad_max=3.704e+00 global/event=2.693543 mix_diag=2.8437 global_steps=27 prior_KL=1.382e-01 seq_H_cond=0.3950 seq_H_marg=0.5528 seq_MI=1.578e-01 post_KL_diag=3.747e-01 branch_distill=2.753e-01 probe=6.585e+00/0.738->0.742/1.472/0.531 frontier=7.00/13.00/6.00 enc_gate=0.301 enc_scale=0.024 teacher_conf=0.299 teacher_JS=8.529e-02 max_mass=0.1066 owner_hard=[0, 0, 0, 161, 0, 0, 322, 0, 0, 0, 0, 46, 782, 0, 0, 0, 0, 68, 0, 15, 1, 185, 120, 0, 0, 0, 0, 0, 0, 0, 0] mem_assign=[725, 741, 597, 10464, 336, 407, 18946, 2025, 636, 914, 1751, 10190, 25804, 98, 258, 807, 1299, 7975, 984, 9929, 4430, 15397, 14866, 2326, 700, 1688, 1482, 15, 172, 30, 8] topology_prune=on leaves=16 sleep_mode=light light_absorb=3 deep_probability=0.139 topology_action=null topology_gain=0.000e+00 topology_candidates=0 collapsed=0 topology_lambda=0.000e+00 time=W115.9/G41.0/S0.9s cache=0/1700 cuda_peak=7099MiB sleep_actions=[]

[Epoch 035] Wake:   0%|                                                             | 0/1700 [00:00<?, ?seq/s]
[Epoch 035] Wake:   0%|                 | 1/1700 [00:04<2:01:57,  4.31s/seq, events=80, loss=2.9674, writes=0]
[Epoch 035] Wake:   4%|5             | 65/1700 [00:08<03:30,  7.77seq/s, events=5200, loss=2.6745, writes=104]
[Epoch 035] Wake:   8%|9           | 129/1700 [00:13<02:31, 10.34seq/s, events=10320, loss=2.6923, writes=185]
[Epoch 035] Wake:  11%|#3          | 193/1700 [00:17<02:09, 11.63seq/s, events=15440, loss=2.6732, writes=240]
[Epoch 035] Wake:  15%|#8          | 257/1700 [00:21<01:57, 12.30seq/s, events=20560, loss=2.6281, writes=312]
[Epoch 035] Wake:  19%|##2         | 321/1700 [00:26<01:47, 12.84seq/s, events=25680, loss=2.6174, writes=375]
[Epoch 035] Wake:  23%|##7         | 385/1700 [00:30<01:39, 13.24seq/s, events=30800, loss=2.6398, writes=416]
[Epoch 035] Wake:  26%|###1        | 449/1700 [00:34<01:33, 13.43seq/s, events=35920, loss=2.6644, writes=455]
[Epoch 035] Wake:  30%|###6        | 513/1700 [00:39<01:26, 13.69seq/s, events=41040, loss=2.6614, writes=493]
[Epoch 035] Wake:  34%|####        | 577/1700 [00:43<01:21, 13.85seq/s, events=46160, loss=2.6664, writes=527]
[Epoch 035] Wake:  38%|####5       | 641/1700 [00:48<01:16, 13.90seq/s, events=51280, loss=2.6752, writes=556]
[Epoch 035] Wake:  41%|####9       | 705/1700 [00:52<01:11, 14.00seq/s, events=56400, loss=2.6810, writes=580]
[Epoch 035] Wake:  45%|#####4      | 769/1700 [00:56<01:06, 14.08seq/s, events=61520, loss=2.6663, writes=624]
[Epoch 035] Wake:  49%|#####8      | 833/1700 [01:01<01:01, 14.18seq/s, events=66640, loss=2.6723, writes=658]
[Epoch 035] Wake:  53%|######3     | 897/1700 [01:05<00:56, 14.18seq/s, events=71760, loss=2.6718, writes=691]
[Epoch 035] Wake:  57%|######7     | 961/1700 [01:09<00:51, 14.25seq/s, events=76880, loss=2.6829, writes=727]
[Epoch 035] Wake:  60%|######6    | 1025/1700 [01:14<00:47, 14.31seq/s, events=82000, loss=2.6799, writes=762]
[Epoch 035] Wake:  64%|#######    | 1089/1700 [01:18<00:42, 14.35seq/s, events=87120, loss=2.6834, writes=811]
[Epoch 035] Wake:  68%|#######4   | 1153/1700 [01:23<00:38, 14.34seq/s, events=92240, loss=2.6900, writes=857]
[Epoch 035] Wake:  72%|#######8   | 1217/1700 [01:27<00:33, 14.41seq/s, events=97360, loss=2.6859, writes=900]
[Epoch 035] Wake:  75%|#######5  | 1281/1700 [01:31<00:28, 14.48seq/s, events=102480, loss=2.6844, writes=957]
[Epoch 035] Wake:  79%|#######1 | 1345/1700 [01:36<00:24, 14.48seq/s, events=107600, loss=2.6826, writes=1009]
[Epoch 035] Wake:  83%|#######4 | 1409/1700 [01:40<00:20, 14.52seq/s, events=112720, loss=2.6894, writes=1046]
[Epoch 035] Wake:  87%|#######7 | 1473/1700 [01:44<00:15, 14.55seq/s, events=117840, loss=2.6935, writes=1083]
[Epoch 035] Wake:  90%|########1| 1537/1700 [01:49<00:11, 14.49seq/s, events=122960, loss=2.6931, writes=1129]
[Epoch 035] Wake:  94%|########4| 1601/1700 [01:53<00:06, 14.52seq/s, events=128080, loss=2.6943, writes=1181]
[Epoch 035] Wake:  98%|########8| 1665/1700 [01:56<00:02, 15.16seq/s, events=133200, loss=2.6894, writes=1226]
[Epoch 035] Wake: 100%|#########| 1700/1700 [01:56<00:00, 14.61seq/s, events=136000, loss=2.6872, writes=1260]

[Epoch 035] Global:   0%|                                                      | 0/1700 [00:00<?, ?seq-pass/s]
[Epoch 035] Global:   8%|#4                 | 128/1700 [00:03<00:38, 40.69seq-pass/s, batch=2/27, phase=train]
[Epoch 035] Global:  15%|##8                | 256/1700 [00:06<00:35, 40.56seq-pass/s, batch=4/27, phase=train]
[Epoch 035] Global:  23%|####2              | 384/1700 [00:09<00:32, 40.45seq-pass/s, batch=6/27, phase=train]
[Epoch 035] Global:  30%|#####7             | 512/1700 [00:12<00:29, 40.48seq-pass/s, batch=8/27, phase=train]
[Epoch 035] Global:  38%|######7           | 640/1700 [00:15<00:26, 40.50seq-pass/s, batch=10/27, phase=train]
[Epoch 035] Global:  45%|########1         | 768/1700 [00:18<00:22, 40.52seq-pass/s, batch=12/27, phase=train]
[Epoch 035] Global:  53%|#########4        | 896/1700 [00:22<00:19, 40.49seq-pass/s, batch=14/27, phase=train]
[Epoch 035] Global:  60%|##########2      | 1024/1700 [00:25<00:16, 40.45seq-pass/s, batch=16/27, phase=train]
[Epoch 035] Global:  68%|###########5     | 1152/1700 [00:28<00:13, 40.42seq-pass/s, batch=18/27, phase=train]
[Epoch 035] Global:  75%|############8    | 1280/1700 [00:31<00:10, 40.44seq-pass/s, batch=20/27, phase=train]
[Epoch 035] Global:  83%|##############   | 1408/1700 [00:34<00:07, 40.48seq-pass/s, batch=22/27, phase=train]
[Epoch 035] Global:  90%|###############3 | 1536/1700 [00:37<00:04, 40.50seq-pass/s, batch=24/27, phase=train]
[Epoch 035] Global:  98%|################6| 1664/1700 [00:41<00:00, 40.49seq-pass/s, batch=26/27, phase=train]
[Epoch 035] Global: 100%|#################| 1700/1700 [00:42<00:00, 40.41seq-pass/s, batch=27/27, phase=train]

[Epoch 035] Sleep:   0%|                                                             | 0/20 [00:00<?, ?step/s]
[Epoch 035] Sleep:   5%|8                | 1/20 [00:00<00:15,  1.23step/s, absorbed=4, phase=light, replay=94]
[Epoch 035] Sleep:  10%|##5                      | 2/20 [00:01<00:11,  1.55step/s, leaf=root_L_L, phase=split]
[Epoch 035] Sleep:  15%|###7                     | 3/20 [00:04<00:28,  1.65s/step, leaf=root_L_L, phase=split]
[Epoch 035] Sleep:  15%|###4                   | 3/20 [00:04<00:28,  1.65s/step, leaf=root_L_R_L, phase=split]
[Epoch 035] Sleep:  20%|####2                | 4/20 [00:08<00:26,  1.65s/step, leaf=root_L_R_R_L, phase=split]
[Epoch 035] Sleep:  25%|#####2               | 5/20 [00:12<00:37,  2.48s/step, leaf=root_L_R_R_L, phase=split]
[Epoch 035] Sleep:  25%|#####2               | 5/20 [00:12<00:37,  2.48s/step, leaf=root_L_R_R_R, phase=split]
[Epoch 035] Sleep:  30%|######3              | 6/20 [00:15<00:37,  2.68s/step, leaf=root_L_R_R_R, phase=split]
[Epoch 035] Sleep:  30%|######3              | 6/20 [00:15<00:37,  2.68s/step, leaf=root_R_L_L_L, phase=split]
[Epoch 035] Sleep:  35%|#######3             | 7/20 [00:18<00:36,  2.79s/step, leaf=root_R_L_L_L, phase=split]
[Epoch 035] Sleep:  35%|#######3             | 7/20 [00:18<00:36,  2.79s/step, leaf=root_R_L_L_R, phase=split]
[Epoch 035] Sleep:  40%|########4            | 8/20 [00:22<00:34,  2.88s/step, leaf=root_R_L_L_R, phase=split]
[Epoch 035] Sleep:  40%|########4            | 8/20 [00:22<00:34,  2.88s/step, leaf=root_R_L_R_L, phase=split]
[Epoch 035] Sleep:  45%|#########4           | 9/20 [00:25<00:32,  2.95s/step, leaf=root_R_L_R_L, phase=split]
[Epoch 035] Sleep:  45%|########5          | 9/20 [00:25<00:32,  2.95s/step, leaf=root_R_L_R_R_L, phase=split]
[Epoch 035] Sleep:  50%|#########         | 10/20 [00:29<00:30,  3.01s/step, leaf=root_R_L_R_R_L, phase=split]
[Epoch 035] Sleep:  50%|#########         | 10/20 [00:29<00:30,  3.01s/step, leaf=root_R_L_R_R_R, phase=split]
[Epoch 035] Sleep:  55%|#########9        | 11/20 [00:32<00:27,  3.06s/step, leaf=root_R_L_R_R_R, phase=split]
[Epoch 035] Sleep:  55%|###########         | 11/20 [00:32<00:27,  3.06s/step, leaf=root_R_R_L_L, phase=split]
[Epoch 035] Sleep:  60%|############        | 12/20 [00:35<00:24,  3.10s/step, leaf=root_R_R_L_L, phase=split]
[Epoch 035] Sleep:  60%|##########7       | 12/20 [00:35<00:24,  3.10s/step, leaf=root_R_R_L_R_L, phase=split]
[Epoch 035] Sleep:  65%|###########7      | 13/20 [00:39<00:21,  3.14s/step, leaf=root_R_R_L_R_L, phase=split]
[Epoch 035] Sleep:  65%|##########4     | 13/20 [00:39<00:21,  3.14s/step, leaf=root_R_R_L_R_R_L, phase=split]
[Epoch 035] Sleep:  70%|###########2    | 14/20 [00:42<00:19,  3.17s/step, leaf=root_R_R_L_R_R_L, phase=split]
[Epoch 035] Sleep:  70%|###########2    | 14/20 [00:42<00:19,  3.17s/step, leaf=root_R_R_L_R_R_R, phase=split]
[Epoch 035] Sleep:  75%|############    | 15/20 [00:45<00:15,  3.19s/step, leaf=root_R_R_L_R_R_R, phase=split]
[Epoch 035] Sleep:  75%|###############     | 15/20 [00:45<00:15,  3.19s/step, leaf=root_R_R_R_L, phase=split]
[Epoch 035] Sleep:  80%|################    | 16/20 [00:49<00:12,  3.21s/step, leaf=root_R_R_R_L, phase=split]
[Epoch 035] Sleep:  80%|##############4   | 16/20 [00:49<00:12,  3.21s/step, leaf=root_R_R_R_R_L, phase=split]
[Epoch 035] Sleep:  85%|###############3  | 17/20 [00:52<00:09,  3.23s/step, leaf=root_R_R_R_R_L, phase=split]
[Epoch 035] Sleep:  85%|###############3  | 17/20 [00:52<00:09,  3.23s/step, leaf=root_R_R_R_R_R, phase=split]
[Epoch 035] Sleep:  90%|################2 | 18/20 [00:55<00:06,  3.24s/step, leaf=root_R_R_R_R_R, phase=split]
[Epoch 035] Sleep:  90%|##########8 | 18/20 [00:55<00:06,  3.24s/step, actions=0, phase=light, pressure=0.211]
[Epoch 035] Sleep: 100%|############| 20/20 [00:55<00:00,  2.80s/step, actions=0, phase=light, pressure=0.211]
[MemoryTree][035/050] wake/event=2.687207 sleep_residual_utility=0.012108 writes=1260 memorize=45 queue_split=39405 wake_actions=A96390/R160/M45/Q39405 novelty=0.0376 weighted_sim=0.9248 wm_grad_max=3.489e+00 global/event=2.685146 mix_diag=2.8557 global_steps=27 prior_KL=1.330e-01 seq_H_cond=0.3924 seq_H_marg=0.5541 seq_MI=1.617e-01 post_KL_diag=4.003e-01 branch_distill=2.899e-01 probe=6.756e+00/0.724->0.731/1.446/0.525 frontier=7.00/13.00/6.00 enc_gate=0.329 enc_scale=0.025 teacher_conf=0.314 teacher_JS=8.607e-02 max_mass=0.1166 owner_hard=[0, 0, 0, 138, 0, 0, 205, 0, 0, 0, 1, 43, 804, 0, 0, 0, 0, 124, 0, 8, 0, 175, 202, 0, 0, 0, 0, 0, 0, 0, 0] mem_assign=[681, 963, 567, 9815, 236, 430, 16304, 2118, 622, 801, 2074, 11096, 26051, 105, 152, 839, 977, 8403, 1025, 8439, 3103, 16952, 17746, 1548, 186, 1664, 2933, 123, 28, 1, 18] topology_prune=on leaves=16 sleep_mode=light light_absorb=4 deep_probability=0.211 topology_action=null topology_gain=0.000e+00 topology_candidates=26 collapsed=0 topology_lambda=0.000e+00 time=W116.3/G42.1/S56.1s cache=0/1700 cuda_peak=7100MiB sleep_actions=[]

[Epoch 036] Wake:   0%|                                                             | 0/1700 [00:00<?, ?seq/s]
[Epoch 036] Wake:   0%|                 | 1/1700 [00:04<2:04:25,  4.39s/seq, events=80, loss=3.5430, writes=0]
[Epoch 036] Wake:   4%|5              | 65/1700 [00:08<03:28,  7.84seq/s, events=5200, loss=2.5466, writes=54]
[Epoch 036] Wake:   8%|9           | 129/1700 [00:13<02:30, 10.41seq/s, events=10320, loss=2.6054, writes=100]
[Epoch 036] Wake:  11%|#3          | 193/1700 [00:17<02:09, 11.64seq/s, events=15440, loss=2.5853, writes=143]
[Epoch 036] Wake:  15%|#8          | 257/1700 [00:21<01:56, 12.36seq/s, events=20560, loss=2.6389, writes=177]
[Epoch 036] Wake:  19%|##2         | 321/1700 [00:26<01:47, 12.87seq/s, events=25680, loss=2.6523, writes=215]
[Epoch 036] Wake:  23%|##7         | 385/1700 [00:30<01:39, 13.18seq/s, events=30800, loss=2.6441, writes=265]
[Epoch 036] Wake:  26%|###1        | 449/1700 [00:34<01:32, 13.46seq/s, events=35920, loss=2.6547, writes=291]
[Epoch 036] Wake:  30%|###6        | 513/1700 [00:39<01:27, 13.60seq/s, events=41040, loss=2.6621, writes=326]
[Epoch 036] Wake:  34%|####        | 577/1700 [00:43<01:21, 13.80seq/s, events=46160, loss=2.6800, writes=358]
[Epoch 036] Wake:  38%|####5       | 641/1700 [00:47<01:15, 13.96seq/s, events=51280, loss=2.6951, writes=394]
[Epoch 036] Wake:  41%|####9       | 705/1700 [00:52<01:10, 14.09seq/s, events=56400, loss=2.6871, writes=429]
[Epoch 036] Wake:  45%|#####4      | 769/1700 [00:56<01:05, 14.13seq/s, events=61520, loss=2.6903, writes=466]
[Epoch 036] Wake:  49%|#####8      | 833/1700 [01:00<01:00, 14.23seq/s, events=66640, loss=2.6915, writes=494]
[Epoch 036] Wake:  53%|######3     | 897/1700 [01:05<00:56, 14.32seq/s, events=71760, loss=2.6855, writes=522]
[Epoch 036] Wake:  57%|######7     | 961/1700 [01:09<00:51, 14.39seq/s, events=76880, loss=2.6835, writes=553]
[Epoch 036] Wake:  60%|######6    | 1025/1700 [01:13<00:46, 14.40seq/s, events=82000, loss=2.6774, writes=590]
[Epoch 036] Wake:  64%|#######    | 1089/1700 [01:18<00:42, 14.46seq/s, events=87120, loss=2.6762, writes=624]
[Epoch 036] Wake:  68%|#######4   | 1153/1700 [01:22<00:37, 14.49seq/s, events=92240, loss=2.6728, writes=657]
[Epoch 036] Wake:  72%|#######8   | 1217/1700 [01:27<00:33, 14.47seq/s, events=97360, loss=2.6793, writes=681]
[Epoch 036] Wake:  75%|#######5  | 1281/1700 [01:31<00:28, 14.50seq/s, events=102480, loss=2.6819, writes=711]
[Epoch 036] Wake:  79%|#######9  | 1345/1700 [01:35<00:24, 14.55seq/s, events=107600, loss=2.6831, writes=747]
[Epoch 036] Wake:  83%|########2 | 1409/1700 [01:40<00:19, 14.58seq/s, events=112720, loss=2.6846, writes=769]
[Epoch 036] Wake:  87%|########6 | 1473/1700 [01:44<00:15, 14.56seq/s, events=117840, loss=2.6864, writes=806]
[Epoch 036] Wake:  90%|######### | 1537/1700 [01:48<00:11, 14.59seq/s, events=122960, loss=2.6889, writes=841]
[Epoch 036] Wake:  94%|#########4| 1601/1700 [01:53<00:06, 14.62seq/s, events=128080, loss=2.6936, writes=863]
[Epoch 036] Wake:  98%|#########7| 1665/1700 [01:55<00:02, 15.22seq/s, events=133200, loss=2.6887, writes=893]
[Epoch 036] Wake: 100%|##########| 1700/1700 [01:55<00:00, 14.67seq/s, events=136000, loss=2.6908, writes=916]

[Epoch 036] Global:   0%|                                                      | 0/1700 [00:00<?, ?seq-pass/s]
[Epoch 036] Global:   8%|#4                 | 128/1700 [00:03<00:37, 41.43seq-pass/s, batch=2/27, phase=train]
[Epoch 036] Global:  15%|##8                | 256/1700 [00:06<00:34, 41.42seq-pass/s, batch=4/27, phase=train]
[Epoch 036] Global:  23%|####2              | 384/1700 [00:09<00:31, 41.43seq-pass/s, batch=6/27, phase=train]
[Epoch 036] Global:  30%|#####7             | 512/1700 [00:12<00:28, 41.46seq-pass/s, batch=8/27, phase=train]
[Epoch 036] Global:  38%|######7           | 640/1700 [00:15<00:25, 41.47seq-pass/s, batch=10/27, phase=train]
[Epoch 036] Global:  45%|########1         | 768/1700 [00:18<00:22, 41.46seq-pass/s, batch=12/27, phase=train]
[Epoch 036] Global:  53%|#########4        | 896/1700 [00:21<00:19, 41.42seq-pass/s, batch=14/27, phase=train]
[Epoch 036] Global:  60%|##########2      | 1024/1700 [00:24<00:16, 41.41seq-pass/s, batch=16/27, phase=train]
[Epoch 036] Global:  68%|###########5     | 1152/1700 [00:27<00:13, 41.37seq-pass/s, batch=18/27, phase=train]
[Epoch 036] Global:  75%|############8    | 1280/1700 [00:30<00:10, 41.39seq-pass/s, batch=20/27, phase=train]
[Epoch 036] Global:  83%|##############   | 1408/1700 [00:34<00:07, 41.39seq-pass/s, batch=22/27, phase=train]
[Epoch 036] Global:  90%|###############3 | 1536/1700 [00:37<00:03, 41.40seq-pass/s, batch=24/27, phase=train]
[Epoch 036] Global:  98%|################6| 1664/1700 [00:40<00:00, 41.41seq-pass/s, batch=26/27, phase=train]
[Epoch 036] Global: 100%|#################| 1700/1700 [00:41<00:00, 41.34seq-pass/s, batch=27/27, phase=train]

[Epoch 036] Sleep:   0%|                                                             | 0/20 [00:00<?, ?step/s]
[Epoch 036] Sleep:   5%|8                | 1/20 [00:00<00:14,  1.28step/s, absorbed=4, phase=light, replay=93]
[Epoch 036] Sleep:  90%|##########8 | 18/20 [00:00<00:00, 22.95step/s, actions=0, phase=light, pressure=0.139]
[Epoch 036] Sleep: 100%|############| 20/20 [00:00<00:00, 25.49step/s, actions=0, phase=light, pressure=0.139]
[MemoryTree][036/050] wake/event=2.690778 sleep_residual_utility=0.011989 writes=916 memorize=8 queue_split=39308 wake_actions=A96617/R67/M8/Q39308 novelty=0.0286 weighted_sim=0.9428 wm_grad_max=3.642e+00 global/event=2.695879 mix_diag=2.8434 global_steps=27 prior_KL=1.381e-01 seq_H_cond=0.3875 seq_H_marg=0.5444 seq_MI=1.569e-01 post_KL_diag=4.001e-01 branch_distill=2.928e-01 probe=6.764e+00/0.716->0.722/1.516/0.530 frontier=7.00/13.00/6.00 enc_gate=0.318 enc_scale=0.026 teacher_conf=0.329 teacher_JS=8.812e-02 max_mass=0.1426 owner_hard=[0, 0, 0, 49, 0, 0, 25, 0, 0, 0, 0, 55, 676, 0, 0, 0, 0, 92, 0, 40, 0, 295, 468, 0, 0, 0, 0, 0, 0, 0, 0] mem_assign=[738, 1272, 672, 6530, 163, 518, 7575, 2083, 359, 767, 1317, 11740, 25410, 107, 24, 995, 1119, 8490, 1030, 11007, 3734, 20265, 23650, 643, 342, 1165, 4027, 164, 68, 7, 19] topology_prune=on leaves=16 sleep_mode=light light_absorb=4 deep_probability=0.139 topology_action=null topology_gain=0.000e+00 topology_candidates=0 collapsed=0 topology_lambda=0.000e+00 time=W115.9/G41.1/S0.9s cache=0/1700 cuda_peak=7099MiB sleep_actions=[]

[Epoch 037] Wake:   0%|                                                             | 0/1700 [00:00<?, ?seq/s]
[Epoch 037] Wake:   0%|                 | 1/1700 [00:04<1:59:47,  4.23s/seq, events=80, loss=3.3695, writes=1]
[Epoch 037] Wake:   4%|5              | 65/1700 [00:08<03:25,  7.97seq/s, events=5200, loss=2.6799, writes=24]
[Epoch 037] Wake:   8%|9            | 129/1700 [00:13<02:31, 10.38seq/s, events=10320, loss=2.7057, writes=49]
[Epoch 037] Wake:  11%|#4           | 193/1700 [00:17<02:09, 11.67seq/s, events=15440, loss=2.7281, writes=79]
[Epoch 037] Wake:  15%|#8          | 257/1700 [00:21<01:56, 12.42seq/s, events=20560, loss=2.7520, writes=112]
[Epoch 037] Wake:  19%|##2         | 321/1700 [00:25<01:46, 12.93seq/s, events=25680, loss=2.7306, writes=148]
[Epoch 037] Wake:  23%|##7         | 385/1700 [00:30<01:39, 13.21seq/s, events=30800, loss=2.7293, writes=179]
[Epoch 037] Wake:  26%|###1        | 449/1700 [00:34<01:32, 13.49seq/s, events=35920, loss=2.7217, writes=203]
[Epoch 037] Wake:  30%|###6        | 513/1700 [00:39<01:26, 13.70seq/s, events=41040, loss=2.7132, writes=235]
[Epoch 037] Wake:  34%|####        | 577/1700 [00:43<01:21, 13.78seq/s, events=46160, loss=2.7184, writes=269]
[Epoch 037] Wake:  38%|####5       | 641/1700 [00:47<01:16, 13.91seq/s, events=51280, loss=2.7324, writes=306]
[Epoch 037] Wake:  41%|####9       | 705/1700 [00:52<01:10, 14.05seq/s, events=56400, loss=2.7305, writes=336]
[Epoch 037] Wake:  45%|#####4      | 769/1700 [00:56<01:06, 14.10seq/s, events=61520, loss=2.7336, writes=366]
[Epoch 037] Wake:  49%|#####8      | 833/1700 [01:01<01:01, 14.19seq/s, events=66640, loss=2.7271, writes=388]
[Epoch 037] Wake:  53%|######3     | 897/1700 [01:05<00:56, 14.28seq/s, events=71760, loss=2.7308, writes=420]
[Epoch 037] Wake:  57%|######7     | 961/1700 [01:09<00:51, 14.30seq/s, events=76880, loss=2.7235, writes=447]
[Epoch 037] Wake:  60%|######6    | 1025/1700 [01:14<00:47, 14.34seq/s, events=82000, loss=2.7202, writes=478]
[Epoch 037] Wake:  64%|#######    | 1089/1700 [01:18<00:42, 14.42seq/s, events=87120, loss=2.7167, writes=514]
[Epoch 037] Wake:  68%|#######4   | 1153/1700 [01:22<00:37, 14.49seq/s, events=92240, loss=2.7051, writes=538]
[Epoch 037] Wake:  72%|#######8   | 1217/1700 [01:27<00:33, 14.50seq/s, events=97360, loss=2.7107, writes=557]
[Epoch 037] Wake:  75%|#######5  | 1281/1700 [01:31<00:28, 14.53seq/s, events=102480, loss=2.7039, writes=587]
[Epoch 037] Wake:  79%|#######9  | 1345/1700 [01:35<00:24, 14.58seq/s, events=107600, loss=2.6954, writes=609]
[Epoch 037] Wake:  83%|########2 | 1409/1700 [01:39<00:19, 14.64seq/s, events=112720, loss=2.6922, writes=637]
[Epoch 037] Wake:  87%|########6 | 1473/1700 [01:44<00:15, 14.63seq/s, events=117840, loss=2.6874, writes=667]
[Epoch 037] Wake:  90%|######### | 1537/1700 [01:48<00:11, 14.66seq/s, events=122960, loss=2.6879, writes=688]
[Epoch 037] Wake:  94%|#########4| 1601/1700 [01:52<00:06, 14.63seq/s, events=128080, loss=2.6885, writes=710]
[Epoch 037] Wake:  98%|#########7| 1665/1700 [01:55<00:02, 15.28seq/s, events=133200, loss=2.6851, writes=734]
[Epoch 037] Wake: 100%|##########| 1700/1700 [01:55<00:00, 14.70seq/s, events=136000, loss=2.6851, writes=748]

[Epoch 037] Global:   0%|                                                      | 0/1700 [00:00<?, ?seq-pass/s]
[Epoch 037] Global:   8%|#4                 | 128/1700 [00:03<00:37, 41.67seq-pass/s, batch=2/27, phase=train]
[Epoch 037] Global:  15%|##8                | 256/1700 [00:06<00:34, 41.55seq-pass/s, batch=4/27, phase=train]
[Epoch 037] Global:  23%|####2              | 384/1700 [00:09<00:31, 41.52seq-pass/s, batch=6/27, phase=train]
[Epoch 037] Global:  30%|#####7             | 512/1700 [00:12<00:28, 41.47seq-pass/s, batch=8/27, phase=train]
[Epoch 037] Global:  38%|######7           | 640/1700 [00:15<00:25, 41.50seq-pass/s, batch=10/27, phase=train]
[Epoch 037] Global:  45%|########1         | 768/1700 [00:18<00:22, 41.53seq-pass/s, batch=12/27, phase=train]
[Epoch 037] Global:  53%|#########4        | 896/1700 [00:21<00:19, 41.54seq-pass/s, batch=14/27, phase=train]
[Epoch 037] Global:  60%|##########2      | 1024/1700 [00:24<00:16, 41.57seq-pass/s, batch=16/27, phase=train]
[Epoch 037] Global:  68%|###########5     | 1152/1700 [00:27<00:13, 41.56seq-pass/s, batch=18/27, phase=train]
[Epoch 037] Global:  75%|############8    | 1280/1700 [00:30<00:10, 41.57seq-pass/s, batch=20/27, phase=train]
[Epoch 037] Global:  83%|##############   | 1408/1700 [00:33<00:07, 41.59seq-pass/s, batch=22/27, phase=train]
[Epoch 037] Global:  90%|###############3 | 1536/1700 [00:36<00:03, 41.60seq-pass/s, batch=24/27, phase=train]
[Epoch 037] Global:  98%|################6| 1664/1700 [00:40<00:00, 41.62seq-pass/s, batch=26/27, phase=train]
[Epoch 037] Global: 100%|#################| 1700/1700 [00:40<00:00, 41.52seq-pass/s, batch=27/27, phase=train]

[Epoch 037] Sleep:   0%|                                                             | 0/20 [00:00<?, ?step/s]
[Epoch 037] Sleep:   5%|8                | 1/20 [00:00<00:14,  1.28step/s, absorbed=5, phase=light, replay=93]
[Epoch 037] Sleep:  90%|##########8 | 18/20 [00:00<00:00, 22.88step/s, actions=0, phase=light, pressure=0.211]
[Epoch 037] Sleep: 100%|############| 20/20 [00:00<00:00, 25.41step/s, actions=0, phase=light, pressure=0.211]
[MemoryTree][037/050] wake/event=2.685106 sleep_residual_utility=0.011760 writes=748 memorize=0 queue_split=39241 wake_actions=A96659/R100/M0/Q39241 novelty=0.0289 weighted_sim=0.9421 wm_grad_max=3.788e+00 global/event=2.687102 mix_diag=2.8624 global_steps=27 prior_KL=1.375e-01 seq_H_cond=0.3814 seq_H_marg=0.5403 seq_MI=1.588e-01 post_KL_diag=4.037e-01 branch_distill=2.961e-01 probe=6.579e+00/0.752->0.753/1.923/0.553 frontier=7.00/13.00/6.00 enc_gate=0.343 enc_scale=0.026 teacher_conf=0.335 teacher_JS=8.885e-02 max_mass=0.1179 owner_hard=[0, 0, 0, 115, 0, 0, 117, 0, 0, 0, 1, 46, 838, 0, 0, 0, 0, 65, 0, 20, 0, 167, 331, 0, 0, 0, 0, 0, 0, 0, 0] mem_assign=[788, 891, 539, 9294, 229, 479, 12220, 2247, 1499, 773, 2683, 10365, 27218, 314, 82, 511, 597, 6509, 1169, 10903, 4065, 16511, 21020, 854, 232, 604, 3251, 14, 68, 7, 64] topology_prune=on leaves=16 sleep_mode=light light_absorb=5 deep_probability=0.211 topology_action=null topology_gain=0.000e+00 topology_candidates=0 collapsed=0 topology_lambda=0.000e+00 time=W115.6/G40.9/S0.9s cache=0/1700 cuda_peak=7100MiB sleep_actions=[]

[Epoch 038] Wake:   0%|                                                             | 0/1700 [00:00<?, ?seq/s]
[Epoch 038] Wake:   0%|                 | 1/1700 [00:04<2:03:54,  4.38s/seq, events=80, loss=3.1945, writes=2]
[Epoch 038] Wake:   4%|5              | 65/1700 [00:08<03:28,  7.82seq/s, events=5200, loss=2.6320, writes=58]
[Epoch 038] Wake:   8%|9           | 129/1700 [00:13<02:32, 10.30seq/s, events=10320, loss=2.6385, writes=106]
[Epoch 038] Wake:  11%|#3          | 193/1700 [00:17<02:10, 11.51seq/s, events=15440, loss=2.6370, writes=157]
[Epoch 038] Wake:  15%|#8          | 257/1700 [00:21<01:57, 12.32seq/s, events=20560, loss=2.6437, writes=210]
[Epoch 038] Wake:  19%|##2         | 321/1700 [00:26<01:47, 12.79seq/s, events=25680, loss=2.6509, writes=243]
[Epoch 038] Wake:  23%|##7         | 385/1700 [00:30<01:39, 13.18seq/s, events=30800, loss=2.6508, writes=279]
[Epoch 038] Wake:  26%|###1        | 449/1700 [00:35<01:33, 13.38seq/s, events=35920, loss=2.6623, writes=310]
[Epoch 038] Wake:  30%|###6        | 513/1700 [00:39<01:27, 13.60seq/s, events=41040, loss=2.6698, writes=341]
[Epoch 038] Wake:  34%|####        | 577/1700 [00:43<01:21, 13.78seq/s, events=46160, loss=2.6694, writes=384]
[Epoch 038] Wake:  38%|####5       | 641/1700 [00:48<01:16, 13.93seq/s, events=51280, loss=2.6644, writes=428]
[Epoch 038] Wake:  41%|####9       | 705/1700 [00:52<01:11, 13.99seq/s, events=56400, loss=2.6640, writes=459]
[Epoch 038] Wake:  45%|#####4      | 769/1700 [00:56<01:06, 14.09seq/s, events=61520, loss=2.6706, writes=483]
[Epoch 038] Wake:  49%|#####8      | 833/1700 [01:01<01:01, 14.19seq/s, events=66640, loss=2.6790, writes=514]
[Epoch 038] Wake:  53%|######3     | 897/1700 [01:05<00:56, 14.25seq/s, events=71760, loss=2.6786, writes=539]
[Epoch 038] Wake:  57%|######7     | 961/1700 [01:10<00:51, 14.26seq/s, events=76880, loss=2.6735, writes=572]
[Epoch 038] Wake:  60%|######6    | 1025/1700 [01:14<00:47, 14.33seq/s, events=82000, loss=2.6743, writes=612]
[Epoch 038] Wake:  64%|#######    | 1089/1700 [01:18<00:42, 14.41seq/s, events=87120, loss=2.6695, writes=651]
[Epoch 038] Wake:  68%|#######4   | 1153/1700 [01:23<00:37, 14.42seq/s, events=92240, loss=2.6689, writes=684]
[Epoch 038] Wake:  72%|#######8   | 1217/1700 [01:27<00:33, 14.44seq/s, events=97360, loss=2.6747, writes=728]
[Epoch 038] Wake:  75%|#######5  | 1281/1700 [01:31<00:28, 14.47seq/s, events=102480, loss=2.6775, writes=768]
[Epoch 038] Wake:  79%|#######9  | 1345/1700 [01:36<00:24, 14.48seq/s, events=107600, loss=2.6771, writes=819]
[Epoch 038] Wake:  83%|########2 | 1409/1700 [01:40<00:20, 14.53seq/s, events=112720, loss=2.6848, writes=834]
[Epoch 038] Wake:  87%|########6 | 1473/1700 [01:44<00:15, 14.58seq/s, events=117840, loss=2.6799, writes=861]
[Epoch 038] Wake:  90%|######### | 1537/1700 [01:49<00:11, 14.54seq/s, events=122960, loss=2.6779, writes=891]
[Epoch 038] Wake:  94%|#########4| 1601/1700 [01:53<00:06, 14.57seq/s, events=128080, loss=2.6780, writes=926]
[Epoch 038] Wake:  98%|#########7| 1665/1700 [01:56<00:02, 15.18seq/s, events=133200, loss=2.6779, writes=964]
[Epoch 038] Wake: 100%|##########| 1700/1700 [01:56<00:00, 14.62seq/s, events=136000, loss=2.6782, writes=990]

[Epoch 038] Global:   0%|                                                      | 0/1700 [00:00<?, ?seq-pass/s]
[Epoch 038] Global:   8%|#4                 | 128/1700 [00:03<00:37, 41.67seq-pass/s, batch=2/27, phase=train]
[Epoch 038] Global:  15%|##8                | 256/1700 [00:06<00:34, 41.56seq-pass/s, batch=4/27, phase=train]
[Epoch 038] Global:  23%|####2              | 384/1700 [00:09<00:31, 41.59seq-pass/s, batch=6/27, phase=train]
[Epoch 038] Global:  30%|#####7             | 512/1700 [00:12<00:28, 41.55seq-pass/s, batch=8/27, phase=train]
[Epoch 038] Global:  38%|######7           | 640/1700 [00:15<00:25, 41.48seq-pass/s, batch=10/27, phase=train]
[Epoch 038] Global:  45%|########1         | 768/1700 [00:18<00:22, 41.48seq-pass/s, batch=12/27, phase=train]
[Epoch 038] Global:  53%|#########4        | 896/1700 [00:21<00:19, 41.50seq-pass/s, batch=14/27, phase=train]
[Epoch 038] Global:  60%|##########2      | 1024/1700 [00:24<00:16, 41.49seq-pass/s, batch=16/27, phase=train]
[Epoch 038] Global:  68%|###########5     | 1152/1700 [00:27<00:13, 41.49seq-pass/s, batch=18/27, phase=train]
[Epoch 038] Global:  75%|############8    | 1280/1700 [00:30<00:10, 41.49seq-pass/s, batch=20/27, phase=train]
[Epoch 038] Global:  83%|##############   | 1408/1700 [00:33<00:07, 41.47seq-pass/s, batch=22/27, phase=train]
[Epoch 038] Global:  90%|###############3 | 1536/1700 [00:37<00:03, 41.50seq-pass/s, batch=24/27, phase=train]
[Epoch 038] Global:  98%|################6| 1664/1700 [00:40<00:00, 41.49seq-pass/s, batch=26/27, phase=train]
[Epoch 038] Global: 100%|#################| 1700/1700 [00:41<00:00, 41.44seq-pass/s, batch=27/27, phase=train]

[Epoch 038] Sleep:   0%|                                                             | 0/20 [00:00<?, ?step/s]
[Epoch 038] Sleep:   5%|8                | 1/20 [00:00<00:14,  1.29step/s, absorbed=2, phase=light, replay=93]
[Epoch 038] Sleep:  90%|##########8 | 18/20 [00:00<00:00, 23.06step/s, actions=0, phase=light, pressure=0.248]
[Epoch 038] Sleep: 100%|############| 20/20 [00:00<00:00, 25.62step/s, actions=0, phase=light, pressure=0.248]
[MemoryTree][038/050] wake/event=2.678174 sleep_residual_utility=0.012472 writes=990 memorize=0 queue_split=39101 wake_actions=A96838/R61/M0/Q39101 novelty=0.0264 weighted_sim=0.9472 wm_grad_max=4.229e+00 global/event=2.700421 mix_diag=2.8783 global_steps=27 prior_KL=1.393e-01 seq_H_cond=0.3807 seq_H_marg=0.5397 seq_MI=1.590e-01 post_KL_diag=3.857e-01 branch_distill=2.918e-01 probe=6.744e+00/0.733->0.736/1.887/0.556 frontier=7.00/13.00/6.00 enc_gate=0.314 enc_scale=0.027 teacher_conf=0.327 teacher_JS=8.888e-02 max_mass=0.1266 owner_hard=[0, 0, 0, 29, 0, 0, 18, 0, 0, 0, 0, 7, 1234, 0, 0, 0, 0, 17, 0, 49, 0, 165, 181, 0, 0, 0, 0, 0, 0, 0, 0] mem_assign=[805, 911, 660, 7757, 187, 461, 8914, 2190, 813, 530, 3261, 8744, 32509, 307, 195, 878, 571, 5378, 870, 13539, 4120, 17770, 18038, 851, 529, 895, 3824, 21, 352, 16, 104] topology_prune=on leaves=16 sleep_mode=light light_absorb=2 deep_probability=0.248 topology_action=null topology_gain=0.000e+00 topology_candidates=0 collapsed=0 topology_lambda=0.000e+00 time=W116.3/G41.0/S0.9s cache=0/1700 cuda_peak=7100MiB sleep_actions=[]

[Epoch 039] Wake:   0%|                                                             | 0/1700 [00:00<?, ?seq/s]
[Epoch 039] Wake:   0%|                 | 1/1700 [00:04<2:07:36,  4.51s/seq, events=80, loss=3.9060, writes=1]
[Epoch 039] Wake:   4%|5             | 65/1700 [00:08<03:32,  7.70seq/s, events=5200, loss=2.7526, writes=146]
[Epoch 039] Wake:   8%|9           | 129/1700 [00:13<02:33, 10.24seq/s, events=10320, loss=2.7737, writes=239]
[Epoch 039] Wake:  11%|#3          | 193/1700 [00:17<02:09, 11.60seq/s, events=15440, loss=2.7280, writes=302]
[Epoch 039] Wake:  15%|#8          | 257/1700 [00:21<01:57, 12.29seq/s, events=20560, loss=2.7154, writes=340]
[Epoch 039] Wake:  19%|##2         | 321/1700 [00:26<01:47, 12.83seq/s, events=25680, loss=2.6902, writes=390]
[Epoch 039] Wake:  23%|##7         | 385/1700 [00:30<01:39, 13.20seq/s, events=30800, loss=2.6773, writes=435]
[Epoch 039] Wake:  26%|###1        | 449/1700 [00:34<01:32, 13.49seq/s, events=35920, loss=2.6925, writes=481]
[Epoch 039] Wake:  30%|###6        | 513/1700 [00:39<01:26, 13.65seq/s, events=41040, loss=2.7052, writes=514]
[Epoch 039] Wake:  34%|####        | 577/1700 [00:43<01:21, 13.83seq/s, events=46160, loss=2.7105, writes=544]
[Epoch 039] Wake:  38%|####5       | 641/1700 [00:48<01:16, 13.91seq/s, events=51280, loss=2.7104, writes=587]
[Epoch 039] Wake:  41%|####9       | 705/1700 [00:52<01:10, 14.04seq/s, events=56400, loss=2.7146, writes=612]
[Epoch 039] Wake:  45%|#####4      | 769/1700 [00:56<01:06, 14.10seq/s, events=61520, loss=2.7128, writes=641]
[Epoch 039] Wake:  49%|#####8      | 833/1700 [01:01<01:01, 14.18seq/s, events=66640, loss=2.7180, writes=674]
[Epoch 039] Wake:  53%|######3     | 897/1700 [01:05<00:56, 14.19seq/s, events=71760, loss=2.7230, writes=705]
[Epoch 039] Wake:  57%|######7     | 961/1700 [01:10<00:51, 14.22seq/s, events=76880, loss=2.7144, writes=747]
[Epoch 039] Wake:  60%|######6    | 1025/1700 [01:14<00:47, 14.30seq/s, events=82000, loss=2.7137, writes=775]
[Epoch 039] Wake:  64%|#######    | 1089/1700 [01:18<00:42, 14.33seq/s, events=87120, loss=2.7093, writes=808]
[Epoch 039] Wake:  68%|#######4   | 1153/1700 [01:23<00:38, 14.34seq/s, events=92240, loss=2.7056, writes=844]
[Epoch 039] Wake:  72%|#######8   | 1217/1700 [01:27<00:33, 14.39seq/s, events=97360, loss=2.7033, writes=885]
[Epoch 039] Wake:  75%|#######5  | 1281/1700 [01:31<00:29, 14.44seq/s, events=102480, loss=2.7030, writes=927]
[Epoch 039] Wake:  79%|#######9  | 1345/1700 [01:36<00:24, 14.49seq/s, events=107600, loss=2.7024, writes=962]
[Epoch 039] Wake:  83%|#######4 | 1409/1700 [01:40<00:20, 14.49seq/s, events=112720, loss=2.6994, writes=1010]
[Epoch 039] Wake:  87%|#######7 | 1473/1700 [01:44<00:15, 14.54seq/s, events=117840, loss=2.7046, writes=1063]
[Epoch 039] Wake:  90%|########1| 1537/1700 [01:49<00:11, 14.53seq/s, events=122960, loss=2.6993, writes=1118]
[Epoch 039] Wake:  94%|########4| 1601/1700 [01:53<00:06, 14.57seq/s, events=128080, loss=2.6992, writes=1163]
[Epoch 039] Wake:  98%|########8| 1665/1700 [01:56<00:02, 15.23seq/s, events=133200, loss=2.6983, writes=1216]
[Epoch 039] Wake: 100%|#########| 1700/1700 [01:56<00:00, 14.63seq/s, events=136000, loss=2.6980, writes=1241]

[Epoch 039] Global:   0%|                                                      | 0/1700 [00:00<?, ?seq-pass/s]
[Epoch 039] Global:   8%|#4                 | 128/1700 [00:03<00:37, 41.70seq-pass/s, batch=2/27, phase=train]
[Epoch 039] Global:  15%|##8                | 256/1700 [00:06<00:34, 41.66seq-pass/s, batch=4/27, phase=train]
[Epoch 039] Global:  23%|####2              | 384/1700 [00:09<00:31, 41.68seq-pass/s, batch=6/27, phase=train]
[Epoch 039] Global:  30%|#####7             | 512/1700 [00:12<00:28, 41.72seq-pass/s, batch=8/27, phase=train]
[Epoch 039] Global:  38%|######7           | 640/1700 [00:15<00:25, 41.73seq-pass/s, batch=10/27, phase=train]
[Epoch 039] Global:  45%|########1         | 768/1700 [00:18<00:22, 41.38seq-pass/s, batch=12/27, phase=train]
[Epoch 039] Global:  53%|#########4        | 896/1700 [00:21<00:19, 41.40seq-pass/s, batch=14/27, phase=train]
[Epoch 039] Global:  60%|##########2      | 1024/1700 [00:24<00:16, 41.44seq-pass/s, batch=16/27, phase=train]
[Epoch 039] Global:  68%|###########5     | 1152/1700 [00:27<00:13, 41.30seq-pass/s, batch=18/27, phase=train]
[Epoch 039] Global:  75%|############8    | 1280/1700 [00:30<00:10, 41.28seq-pass/s, batch=20/27, phase=train]
[Epoch 039] Global:  83%|##############   | 1408/1700 [00:34<00:07, 41.29seq-pass/s, batch=22/27, phase=train]
[Epoch 039] Global:  90%|###############3 | 1536/1700 [00:37<00:03, 41.31seq-pass/s, batch=24/27, phase=train]
[Epoch 039] Global:  98%|################6| 1664/1700 [00:40<00:00, 41.32seq-pass/s, batch=26/27, phase=train]
[Epoch 039] Global: 100%|#################| 1700/1700 [00:41<00:00, 41.29seq-pass/s, batch=27/27, phase=train]

[Epoch 039] Sleep:   0%|                                                             | 0/20 [00:00<?, ?step/s]
[Epoch 039] Sleep:   5%|8                | 1/20 [00:00<00:15,  1.26step/s, absorbed=4, phase=light, replay=93]
[Epoch 039] Sleep:  10%|##5                      | 2/20 [00:01<00:10,  1.70step/s, leaf=root_L_L, phase=split]
[Epoch 039] Sleep:  15%|###7                     | 3/20 [00:04<00:26,  1.53s/step, leaf=root_L_L, phase=split]
[Epoch 039] Sleep:  15%|###4                   | 3/20 [00:04<00:26,  1.53s/step, leaf=root_L_R_L, phase=split]
[Epoch 039] Sleep:  20%|####2                | 4/20 [00:07<00:24,  1.53s/step, leaf=root_L_R_R_L, phase=split]
[Epoch 039] Sleep:  25%|#####2               | 5/20 [00:11<00:35,  2.37s/step, leaf=root_L_R_R_L, phase=split]
[Epoch 039] Sleep:  25%|#####2               | 5/20 [00:11<00:35,  2.37s/step, leaf=root_L_R_R_R, phase=split]
[Epoch 039] Sleep:  30%|######3              | 6/20 [00:15<00:37,  2.66s/step, leaf=root_L_R_R_R, phase=split]
[Epoch 039] Sleep:  30%|######3              | 6/20 [00:15<00:37,  2.66s/step, leaf=root_R_L_L_L, phase=split]
[Epoch 039] Sleep:  35%|#######3             | 7/20 [00:19<00:36,  2.84s/step, leaf=root_R_L_L_L, phase=split]
[Epoch 039] Sleep:  35%|#######3             | 7/20 [00:19<00:36,  2.84s/step, leaf=root_R_L_L_R, phase=split]
[Epoch 039] Sleep:  40%|########4            | 8/20 [00:22<00:35,  2.94s/step, leaf=root_R_L_L_R, phase=split]
[Epoch 039] Sleep:  40%|########4            | 8/20 [00:22<00:35,  2.94s/step, leaf=root_R_L_R_L, phase=split]
[Epoch 039] Sleep:  45%|#########4           | 9/20 [00:26<00:33,  3.01s/step, leaf=root_R_L_R_L, phase=split]
[Epoch 039] Sleep:  45%|########5          | 9/20 [00:26<00:33,  3.01s/step, leaf=root_R_L_R_R_L, phase=split]
[Epoch 039] Sleep:  50%|#########         | 10/20 [00:29<00:30,  3.07s/step, leaf=root_R_L_R_R_L, phase=split]
[Epoch 039] Sleep:  50%|#########         | 10/20 [00:29<00:30,  3.07s/step, leaf=root_R_L_R_R_R, phase=split]
[Epoch 039] Sleep:  55%|#########9        | 11/20 [00:32<00:28,  3.11s/step, leaf=root_R_L_R_R_R, phase=split]
[Epoch 039] Sleep:  55%|###########         | 11/20 [00:32<00:28,  3.11s/step, leaf=root_R_R_L_L, phase=split]
[Epoch 039] Sleep:  60%|############        | 12/20 [00:36<00:25,  3.16s/step, leaf=root_R_R_L_L, phase=split]
[Epoch 039] Sleep:  60%|##########7       | 12/20 [00:36<00:25,  3.16s/step, leaf=root_R_R_L_R_L, phase=split]
[Epoch 039] Sleep:  65%|###########7      | 13/20 [00:40<00:22,  3.24s/step, leaf=root_R_R_L_R_L, phase=split]
[Epoch 039] Sleep:  65%|##########4     | 13/20 [00:40<00:22,  3.24s/step, leaf=root_R_R_L_R_R_L, phase=split]
[Epoch 039] Sleep:  70%|###########2    | 14/20 [00:43<00:19,  3.31s/step, leaf=root_R_R_L_R_R_L, phase=split]
[Epoch 039] Sleep:  70%|###########2    | 14/20 [00:43<00:19,  3.31s/step, leaf=root_R_R_L_R_R_R, phase=split]
[Epoch 039] Sleep:  75%|############    | 15/20 [00:47<00:16,  3.38s/step, leaf=root_R_R_L_R_R_R, phase=split]
[Epoch 039] Sleep:  75%|###############     | 15/20 [00:47<00:16,  3.38s/step, leaf=root_R_R_R_L, phase=split]
[Epoch 039] Sleep:  80%|################    | 16/20 [00:51<00:13,  3.43s/step, leaf=root_R_R_R_L, phase=split]
[Epoch 039] Sleep:  80%|##############4   | 16/20 [00:51<00:13,  3.43s/step, leaf=root_R_R_R_R_L, phase=split]
[Epoch 039] Sleep:  85%|###############3  | 17/20 [00:55<00:10,  3.48s/step, leaf=root_R_R_R_R_L, phase=split]
[Epoch 039] Sleep:  85%|###############3  | 17/20 [00:55<00:10,  3.48s/step, leaf=root_R_R_R_R_R, phase=split]
[Epoch 039] Sleep:  90%|################2 | 18/20 [00:58<00:06,  3.48s/step, leaf=root_R_R_R_R_R, phase=split]
[Epoch 039] Sleep:  90%|###########7 | 18/20 [01:03<00:06,  3.48s/step, actions=5, phase=deep, pressure=0.265]
[Epoch 039] Sleep:  95%|############3| 19/20 [01:03<00:03,  3.64s/step, actions=5, phase=deep, pressure=0.265]
[Epoch 039] Sleep: 100%|#############| 20/20 [01:03<00:00,  3.19s/step, actions=5, phase=deep, pressure=0.265]
[MemoryTree][039/050] wake/event=2.698037 sleep_residual_utility=0.012216 writes=1241 memorize=12 queue_split=38875 wake_actions=A96721/R392/M12/Q38875 novelty=0.0264 weighted_sim=0.9473 wm_grad_max=3.600e+00 global/event=2.711428 mix_diag=2.9023 global_steps=27 prior_KL=1.371e-01 seq_H_cond=0.3806 seq_H_marg=0.5427 seq_MI=1.621e-01 post_KL_diag=3.715e-01 branch_distill=2.880e-01 probe=6.581e+00/0.725->0.726/2.106/0.572 frontier=7.00/13.00/6.00 enc_gate=0.333 enc_scale=0.026 teacher_conf=0.322 teacher_JS=8.735e-02 max_mass=0.1152 owner_hard=[0, 0, 0, 118, 0, 0, 156, 0, 0, 0, 18, 31, 752, 0, 0, 0, 0, 3, 0, 121, 0, 184, 317, 0, 0, 0, 0, 0, 0, 0, 0] mem_assign=[564, 348, 448, 9060, 191, 512, 14322, 2296, 1176, 504, 6038, 9635, 25813, 644, 458, 738, 710, 2917, 688, 13594, 4921, 16201, 18825, 716, 367, 789, 2711, 46, 341, 416, 11] topology_prune=on leaves=16 sleep_mode=deep light_absorb=4 deep_probability=0.265 topology_action=null topology_gain=0.000e+00 topology_candidates=26 collapsed=0 topology_lambda=0.000e+00 time=W116.2/G41.2/S63.8s cache=0/1700 cuda_peak=7101MiB sleep_actions=['promotion', 'promotion', 'promotion', 'promotion', 'promotion']

[Epoch 040] Wake:   0%|                                                             | 0/1700 [00:00<?, ?seq/s]
[Epoch 040] Wake:   0%|                 | 1/1700 [00:04<2:08:38,  4.54s/seq, events=80, loss=2.5727, writes=3]
[Epoch 040] Wake:   4%|5             | 65/1700 [00:08<03:32,  7.68seq/s, events=5200, loss=2.7895, writes=173]
[Epoch 040] Wake:   8%|9           | 129/1700 [00:13<02:35, 10.09seq/s, events=10320, loss=2.7061, writes=259]
[Epoch 040] Wake:  11%|#3          | 193/1700 [00:17<02:11, 11.44seq/s, events=15440, loss=2.7048, writes=334]
[Epoch 040] Wake:  15%|#8          | 257/1700 [00:22<01:57, 12.25seq/s, events=20560, loss=2.6990, writes=376]
[Epoch 040] Wake:  19%|##2         | 321/1700 [00:26<01:48, 12.76seq/s, events=25680, loss=2.6812, writes=425]
[Epoch 040] Wake:  23%|##7         | 385/1700 [00:30<01:40, 13.06seq/s, events=30800, loss=2.6880, writes=458]
[Epoch 040] Wake:  26%|###1        | 449/1700 [00:35<01:33, 13.37seq/s, events=35920, loss=2.6842, writes=490]
[Epoch 040] Wake:  30%|###6        | 513/1700 [00:39<01:27, 13.61seq/s, events=41040, loss=2.6789, writes=527]
[Epoch 040] Wake:  34%|####        | 577/1700 [00:43<01:21, 13.73seq/s, events=46160, loss=2.6736, writes=559]
[Epoch 040] Wake:  38%|####5       | 641/1700 [00:48<01:16, 13.86seq/s, events=51280, loss=2.6806, writes=582]
[Epoch 040] Wake:  41%|####9       | 705/1700 [00:52<01:10, 14.02seq/s, events=56400, loss=2.6798, writes=621]
[Epoch 040] Wake:  45%|#####4      | 769/1700 [00:56<01:05, 14.15seq/s, events=61520, loss=2.6945, writes=653]
[Epoch 040] Wake:  49%|#####8      | 833/1700 [01:01<01:01, 14.20seq/s, events=66640, loss=2.7005, writes=699]
[Epoch 040] Wake:  53%|######3     | 897/1700 [01:05<00:56, 14.30seq/s, events=71760, loss=2.7070, writes=756]
[Epoch 040] Wake:  57%|######7     | 961/1700 [01:09<00:51, 14.33seq/s, events=76880, loss=2.7148, writes=789]
[Epoch 040] Wake:  60%|######6    | 1025/1700 [01:14<00:46, 14.41seq/s, events=82000, loss=2.7033, writes=820]
[Epoch 040] Wake:  64%|#######    | 1089/1700 [01:18<00:42, 14.47seq/s, events=87120, loss=2.6996, writes=857]
[Epoch 040] Wake:  68%|#######4   | 1153/1700 [01:22<00:37, 14.54seq/s, events=92240, loss=2.6980, writes=893]
[Epoch 040] Wake:  72%|#######8   | 1217/1700 [01:27<00:33, 14.54seq/s, events=97360, loss=2.6998, writes=919]
[Epoch 040] Wake:  75%|#######5  | 1281/1700 [01:31<00:28, 14.58seq/s, events=102480, loss=2.7064, writes=946]
[Epoch 040] Wake:  79%|#######9  | 1345/1700 [01:35<00:24, 14.63seq/s, events=107600, loss=2.7034, writes=970]
[Epoch 040] Wake:  83%|########2 | 1409/1700 [01:40<00:19, 14.61seq/s, events=112720, loss=2.7068, writes=998]
[Epoch 040] Wake:  87%|#######7 | 1473/1700 [01:44<00:15, 14.63seq/s, events=117840, loss=2.7062, writes=1030]
[Epoch 040] Wake:  90%|########1| 1537/1700 [01:48<00:11, 14.65seq/s, events=122960, loss=2.7012, writes=1064]
[Epoch 040] Wake:  94%|########4| 1601/1700 [01:53<00:06, 14.68seq/s, events=128080, loss=2.6995, writes=1126]
[Epoch 040] Wake:  98%|########8| 1665/1700 [01:55<00:02, 15.23seq/s, events=133200, loss=2.7036, writes=1152]
[Epoch 040] Wake: 100%|#########| 1700/1700 [01:55<00:00, 14.67seq/s, events=136000, loss=2.7032, writes=1174]

[Epoch 040] Global:   0%|                                                      | 0/1700 [00:00<?, ?seq-pass/s]
[Epoch 040] Global:   8%|#4                 | 128/1700 [00:03<00:38, 41.13seq-pass/s, batch=2/27, phase=train]
[Epoch 040] Global:  15%|##8                | 256/1700 [00:06<00:35, 41.17seq-pass/s, batch=4/27, phase=train]
[Epoch 040] Global:  23%|####2              | 384/1700 [00:09<00:32, 41.07seq-pass/s, batch=6/27, phase=train]
[Epoch 040] Global:  30%|#####7             | 512/1700 [00:12<00:28, 41.09seq-pass/s, batch=8/27, phase=train]
[Epoch 040] Global:  38%|######7           | 640/1700 [00:15<00:25, 41.05seq-pass/s, batch=10/27, phase=train]
[Epoch 040] Global:  45%|########1         | 768/1700 [00:18<00:22, 41.00seq-pass/s, batch=12/27, phase=train]
[Epoch 040] Global:  53%|#########4        | 896/1700 [00:21<00:19, 41.06seq-pass/s, batch=14/27, phase=train]
[Epoch 040] Global:  60%|##########2      | 1024/1700 [00:24<00:16, 41.05seq-pass/s, batch=16/27, phase=train]
[Epoch 040] Global:  68%|###########5     | 1152/1700 [00:28<00:13, 41.10seq-pass/s, batch=18/27, phase=train]
[Epoch 040] Global:  75%|############8    | 1280/1700 [00:31<00:10, 41.11seq-pass/s, batch=20/27, phase=train]
[Epoch 040] Global:  83%|##############   | 1408/1700 [00:34<00:07, 41.09seq-pass/s, batch=22/27, phase=train]
[Epoch 040] Global:  90%|###############3 | 1536/1700 [00:37<00:03, 41.08seq-pass/s, batch=24/27, phase=train]
[Epoch 040] Global:  98%|################6| 1664/1700 [00:40<00:00, 41.02seq-pass/s, batch=26/27, phase=train]
[Epoch 040] Global: 100%|#################| 1700/1700 [00:41<00:00, 40.98seq-pass/s, batch=27/27, phase=train]

[Epoch 040] Sleep:   0%|                                                             | 0/20 [00:00<?, ?step/s]
[Epoch 040] Sleep:   5%|8                | 1/20 [00:00<00:15,  1.26step/s, absorbed=3, phase=light, replay=93]
[Epoch 040] Sleep:  10%|##5                      | 2/20 [00:01<00:10,  1.68step/s, leaf=root_L_L, phase=split]
[Epoch 040] Sleep:  15%|###7                     | 3/20 [00:04<00:25,  1.53s/step, leaf=root_L_L, phase=split]
[Epoch 040] Sleep:  15%|###4                   | 3/20 [00:04<00:25,  1.53s/step, leaf=root_L_R_L, phase=split]
[Epoch 040] Sleep:  20%|####2                | 4/20 [00:08<00:24,  1.53s/step, leaf=root_L_R_R_L, phase=split]
[Epoch 040] Sleep:  25%|#####2               | 5/20 [00:11<00:34,  2.32s/step, leaf=root_L_R_R_L, phase=split]
[Epoch 040] Sleep:  25%|#####2               | 5/20 [00:11<00:34,  2.32s/step, leaf=root_L_R_R_R, phase=split]
[Epoch 040] Sleep:  30%|######3              | 6/20 [00:14<00:35,  2.54s/step, leaf=root_L_R_R_R, phase=split]
[Epoch 040] Sleep:  30%|######3              | 6/20 [00:14<00:35,  2.54s/step, leaf=root_R_L_L_L, phase=split]
[Epoch 040] Sleep:  35%|#######3             | 7/20 [00:18<00:35,  2.73s/step, leaf=root_R_L_L_L, phase=split]
[Epoch 040] Sleep:  35%|#######3             | 7/20 [00:18<00:35,  2.73s/step, leaf=root_R_L_L_R, phase=split]
[Epoch 040] Sleep:  40%|########4            | 8/20 [00:21<00:34,  2.84s/step, leaf=root_R_L_L_R, phase=split]
[Epoch 040] Sleep:  40%|########4            | 8/20 [00:21<00:34,  2.84s/step, leaf=root_R_L_R_L, phase=split]
[Epoch 040] Sleep:  45%|#########4           | 9/20 [00:25<00:32,  2.92s/step, leaf=root_R_L_R_L, phase=split]
[Epoch 040] Sleep:  45%|########5          | 9/20 [00:25<00:32,  2.92s/step, leaf=root_R_L_R_R_L, phase=split]
[Epoch 040] Sleep:  50%|#########         | 10/20 [00:28<00:29,  3.00s/step, leaf=root_R_L_R_R_L, phase=split]
[Epoch 040] Sleep:  50%|#########         | 10/20 [00:28<00:29,  3.00s/step, leaf=root_R_L_R_R_R, phase=split]
[Epoch 040] Sleep:  55%|#########9        | 11/20 [00:32<00:27,  3.05s/step, leaf=root_R_L_R_R_R, phase=split]
[Epoch 040] Sleep:  55%|###########         | 11/20 [00:32<00:27,  3.05s/step, leaf=root_R_R_L_L, phase=split]
[Epoch 040] Sleep:  60%|############        | 12/20 [00:35<00:24,  3.09s/step, leaf=root_R_R_L_L, phase=split]
[Epoch 040] Sleep:  60%|##########7       | 12/20 [00:35<00:24,  3.09s/step, leaf=root_R_R_L_R_L, phase=split]
[Epoch 040] Sleep:  65%|###########7      | 13/20 [00:38<00:21,  3.13s/step, leaf=root_R_R_L_R_L, phase=split]
[Epoch 040] Sleep:  65%|##########4     | 13/20 [00:38<00:21,  3.13s/step, leaf=root_R_R_L_R_R_L, phase=split]
[Epoch 040] Sleep:  70%|###########2    | 14/20 [00:42<00:18,  3.16s/step, leaf=root_R_R_L_R_R_L, phase=split]
[Epoch 040] Sleep:  70%|###########2    | 14/20 [00:42<00:18,  3.16s/step, leaf=root_R_R_L_R_R_R, phase=split]
[Epoch 040] Sleep:  75%|############    | 15/20 [00:45<00:15,  3.18s/step, leaf=root_R_R_L_R_R_R, phase=split]
[Epoch 040] Sleep:  75%|###############     | 15/20 [00:45<00:15,  3.18s/step, leaf=root_R_R_R_L, phase=split]
[Epoch 040] Sleep:  80%|################    | 16/20 [00:48<00:12,  3.20s/step, leaf=root_R_R_R_L, phase=split]
[Epoch 040] Sleep:  80%|##############4   | 16/20 [00:48<00:12,  3.20s/step, leaf=root_R_R_R_R_L, phase=split]
[Epoch 040] Sleep:  85%|###############3  | 17/20 [00:52<00:09,  3.22s/step, leaf=root_R_R_R_R_L, phase=split]
[Epoch 040] Sleep:  85%|###############3  | 17/20 [00:52<00:09,  3.22s/step, leaf=root_R_R_R_R_R, phase=split]
[Epoch 040] Sleep:  90%|################2 | 18/20 [00:55<00:06,  3.26s/step, leaf=root_R_R_R_R_R, phase=split]
[Epoch 040] Sleep:  90%|##########8 | 18/20 [00:55<00:06,  3.26s/step, actions=0, phase=light, pressure=0.140]
[Epoch 040] Sleep: 100%|############| 20/20 [00:55<00:00,  2.79s/step, actions=0, phase=light, pressure=0.140]
[MemoryTree][040/050] wake/event=2.703207 sleep_residual_utility=0.013250 writes=1174 memorize=87 queue_split=39022 wake_actions=A96627/R264/M87/Q39022 novelty=0.0281 weighted_sim=0.9438 wm_grad_max=4.030e+00 global/event=2.704210 mix_diag=2.9585 global_steps=27 prior_KL=1.305e-01 seq_H_cond=0.3841 seq_H_marg=0.5503 seq_MI=1.662e-01 post_KL_diag=3.789e-01 branch_distill=2.926e-01 probe=6.759e+00/0.741->0.739/1.807/0.544 frontier=7.00/13.00/6.00 enc_gate=0.312 enc_scale=0.026 teacher_conf=0.325 teacher_JS=9.056e-02 max_mass=0.0820 owner_hard=[0, 0, 0, 57, 0, 0, 1152, 0, 0, 0, 12, 11, 367, 0, 0, 0, 0, 15, 0, 1, 0, 71, 14, 0, 0, 0, 0, 0, 0, 0, 0] mem_assign=[502, 207, 464, 9597, 121, 291, 35359, 2203, 773, 898, 7138, 9350, 24546, 421, 830, 489, 520, 4217, 1184, 4230, 2202, 11827, 10330, 783, 1027, 806, 4019, 90, 99, 872, 605] topology_prune=on leaves=16 sleep_mode=light light_absorb=3 deep_probability=0.140 topology_action=null topology_gain=0.000e+00 topology_candidates=26 collapsed=0 topology_lambda=0.000e+00 time=W115.9/G41.5/S55.9s cache=0/1700 cuda_peak=7100MiB sleep_actions=[]

[Epoch 041] Wake:   0%|                                                             | 0/1700 [00:00<?, ?seq/s]
[Epoch 041] Wake:   0%|                 | 1/1700 [00:04<2:02:23,  4.32s/seq, events=80, loss=2.5345, writes=0]
[Epoch 041] Wake:   4%|5              | 65/1700 [00:08<03:31,  7.75seq/s, events=5200, loss=2.6326, writes=54]
[Epoch 041] Wake:   8%|9           | 129/1700 [00:13<02:33, 10.20seq/s, events=10320, loss=2.6656, writes=104]
[Epoch 041] Wake:  11%|#3          | 193/1700 [00:17<02:11, 11.50seq/s, events=15440, loss=2.6412, writes=161]
[Epoch 041] Wake:  15%|#8          | 257/1700 [00:21<01:57, 12.27seq/s, events=20560, loss=2.6700, writes=208]
[Epoch 041] Wake:  19%|##2         | 321/1700 [00:26<01:47, 12.78seq/s, events=25680, loss=2.6489, writes=267]
[Epoch 041] Wake:  23%|##7         | 385/1700 [00:30<01:40, 13.13seq/s, events=30800, loss=2.6623, writes=310]
[Epoch 041] Wake:  26%|###1        | 449/1700 [00:35<01:33, 13.43seq/s, events=35920, loss=2.6747, writes=353]
[Epoch 041] Wake:  30%|###6        | 513/1700 [00:39<01:27, 13.59seq/s, events=41040, loss=2.6757, writes=405]
[Epoch 041] Wake:  34%|####        | 577/1700 [00:43<01:21, 13.79seq/s, events=46160, loss=2.6683, writes=465]
[Epoch 041] Wake:  38%|####5       | 641/1700 [00:48<01:15, 13.96seq/s, events=51280, loss=2.6871, writes=513]
[Epoch 041] Wake:  41%|####9       | 705/1700 [00:52<01:11, 13.99seq/s, events=56400, loss=2.6779, writes=554]
[Epoch 041] Wake:  45%|#####4      | 769/1700 [00:56<01:06, 14.11seq/s, events=61520, loss=2.6727, writes=611]
[Epoch 041] Wake:  49%|#####8      | 833/1700 [01:01<01:01, 14.19seq/s, events=66640, loss=2.6755, writes=666]
[Epoch 041] Wake:  53%|######3     | 897/1700 [01:05<00:56, 14.27seq/s, events=71760, loss=2.6844, writes=714]
[Epoch 041] Wake:  57%|######7     | 961/1700 [01:09<00:51, 14.28seq/s, events=76880, loss=2.6815, writes=764]
[Epoch 041] Wake:  60%|######6    | 1025/1700 [01:14<00:47, 14.34seq/s, events=82000, loss=2.6820, writes=811]
[Epoch 041] Wake:  64%|#######    | 1089/1700 [01:18<00:42, 14.39seq/s, events=87120, loss=2.6760, writes=861]
[Epoch 041] Wake:  68%|#######4   | 1153/1700 [01:23<00:38, 14.39seq/s, events=92240, loss=2.6810, writes=908]
[Epoch 041] Wake:  72%|#######8   | 1217/1700 [01:27<00:33, 14.43seq/s, events=97360, loss=2.6836, writes=949]
[Epoch 041] Wake:  75%|#######5  | 1281/1700 [01:31<00:29, 14.44seq/s, events=102480, loss=2.6855, writes=997]
[Epoch 041] Wake:  79%|#######1 | 1345/1700 [01:36<00:24, 14.42seq/s, events=107600, loss=2.6819, writes=1042]
[Epoch 041] Wake:  83%|#######4 | 1409/1700 [01:40<00:20, 14.46seq/s, events=112720, loss=2.6794, writes=1092]
[Epoch 041] Wake:  87%|#######7 | 1473/1700 [01:44<00:15, 14.50seq/s, events=117840, loss=2.6788, writes=1135]
[Epoch 041] Wake:  90%|########1| 1537/1700 [01:49<00:11, 14.47seq/s, events=122960, loss=2.6788, writes=1176]
[Epoch 041] Wake:  94%|########4| 1601/1700 [01:53<00:06, 14.50seq/s, events=128080, loss=2.6778, writes=1229]
[Epoch 041] Wake:  98%|########8| 1665/1700 [01:56<00:02, 15.10seq/s, events=133200, loss=2.6774, writes=1291]
[Epoch 041] Wake: 100%|#########| 1700/1700 [01:56<00:00, 14.58seq/s, events=136000, loss=2.6769, writes=1328]

[Epoch 041] Global:   0%|                                                      | 0/1700 [00:00<?, ?seq-pass/s]
[Epoch 041] Global:   8%|#4                 | 128/1700 [00:03<00:38, 41.27seq-pass/s, batch=2/27, phase=train]
[Epoch 041] Global:  15%|##8                | 256/1700 [00:06<00:34, 41.26seq-pass/s, batch=4/27, phase=train]
[Epoch 041] Global:  23%|####2              | 384/1700 [00:09<00:31, 41.24seq-pass/s, batch=6/27, phase=train]
[Epoch 041] Global:  30%|#####7             | 512/1700 [00:12<00:28, 41.26seq-pass/s, batch=8/27, phase=train]
[Epoch 041] Global:  38%|######7           | 640/1700 [00:15<00:25, 41.26seq-pass/s, batch=10/27, phase=train]
[Epoch 041] Global:  45%|########1         | 768/1700 [00:18<00:22, 41.25seq-pass/s, batch=12/27, phase=train]
[Epoch 041] Global:  53%|#########4        | 896/1700 [00:21<00:19, 41.25seq-pass/s, batch=14/27, phase=train]
[Epoch 041] Global:  60%|##########2      | 1024/1700 [00:24<00:16, 41.23seq-pass/s, batch=16/27, phase=train]
[Epoch 041] Global:  68%|###########5     | 1152/1700 [00:27<00:13, 41.21seq-pass/s, batch=18/27, phase=train]
[Epoch 041] Global:  75%|############8    | 1280/1700 [00:31<00:10, 41.23seq-pass/s, batch=20/27, phase=train]
[Epoch 041] Global:  83%|##############   | 1408/1700 [00:34<00:07, 41.20seq-pass/s, batch=22/27, phase=train]
[Epoch 041] Global:  90%|###############3 | 1536/1700 [00:37<00:03, 41.22seq-pass/s, batch=24/27, phase=train]
[Epoch 041] Global:  98%|################6| 1664/1700 [00:40<00:00, 41.21seq-pass/s, batch=26/27, phase=train]
[Epoch 041] Global: 100%|#################| 1700/1700 [00:41<00:00, 41.15seq-pass/s, batch=27/27, phase=train]

[Epoch 041] Sleep:   0%|                                                             | 0/20 [00:00<?, ?step/s]
[Epoch 041] Sleep:   5%|8                | 1/20 [00:00<00:15,  1.26step/s, absorbed=6, phase=light, replay=93]
[Epoch 041] Sleep:  90%|##########8 | 18/20 [00:00<00:00, 22.70step/s, actions=0, phase=light, pressure=0.140]
[Epoch 041] Sleep: 100%|############| 20/20 [00:00<00:00, 25.21step/s, actions=0, phase=light, pressure=0.140]
[MemoryTree][041/050] wake/event=2.676901 sleep_residual_utility=0.015435 writes=1328 memorize=49 queue_split=38821 wake_actions=A96663/R467/M49/Q38821 novelty=0.0255 weighted_sim=0.9489 wm_grad_max=4.096e+00 global/event=2.685137 mix_diag=2.9373 global_steps=27 prior_KL=1.357e-01 seq_H_cond=0.3856 seq_H_marg=0.5494 seq_MI=1.638e-01 post_KL_diag=4.082e-01 branch_distill=2.994e-01 probe=6.824e+00/0.723->0.727/1.661/0.538 frontier=6.96/12.93/5.96 enc_gate=0.313 enc_scale=0.025 teacher_conf=0.319 teacher_JS=9.136e-02 max_mass=0.0968 owner_hard=[0, 0, 0, 141, 0, 0, 683, 0, 0, 0, 4, 21, 451, 0, 0, 0, 0, 21, 0, 34, 0, 180, 165, 0, 0, 0, 0, 0, 0, 0, 0] mem_assign=[631, 144, 391, 10429, 132, 1066, 23402, 2200, 907, 1248, 5752, 9762, 21427, 406, 1204, 1976, 361, 3732, 814, 8089, 3081, 14136, 15126, 836, 525, 2600, 2701, 17, 307, 704, 1894] topology_prune=on leaves=16 sleep_mode=light light_absorb=6 deep_probability=0.140 topology_action=null topology_gain=0.000e+00 topology_candidates=0 collapsed=0 topology_lambda=0.000e+00 time=W116.6/G41.3/S0.9s cache=0/1700 cuda_peak=7101MiB sleep_actions=[]

[Epoch 042] Wake:   0%|                                                             | 0/1700 [00:00<?, ?seq/s]
[Epoch 042] Wake:   0%|                 | 1/1700 [00:04<2:05:47,  4.44s/seq, events=80, loss=3.1353, writes=2]
[Epoch 042] Wake:   4%|5              | 65/1700 [00:08<03:30,  7.77seq/s, events=5200, loss=2.5714, writes=89]
[Epoch 042] Wake:   8%|9           | 129/1700 [00:13<02:32, 10.31seq/s, events=10320, loss=2.6558, writes=163]
[Epoch 042] Wake:  11%|#3          | 193/1700 [00:17<02:09, 11.60seq/s, events=15440, loss=2.6418, writes=230]
[Epoch 042] Wake:  15%|#8          | 257/1700 [00:21<01:57, 12.30seq/s, events=20560, loss=2.6236, writes=303]
[Epoch 042] Wake:  19%|##2         | 321/1700 [00:26<01:47, 12.83seq/s, events=25680, loss=2.6411, writes=363]
[Epoch 042] Wake:  23%|##7         | 385/1700 [00:30<01:39, 13.20seq/s, events=30800, loss=2.6425, writes=416]
[Epoch 042] Wake:  26%|###1        | 449/1700 [00:34<01:32, 13.46seq/s, events=35920, loss=2.6615, writes=466]
[Epoch 042] Wake:  30%|###6        | 513/1700 [00:39<01:27, 13.63seq/s, events=41040, loss=2.6640, writes=514]
[Epoch 042] Wake:  34%|####        | 577/1700 [00:43<01:21, 13.83seq/s, events=46160, loss=2.6656, writes=570]
[Epoch 042] Wake:  38%|####5       | 641/1700 [00:47<01:15, 13.99seq/s, events=51280, loss=2.6788, writes=609]
[Epoch 042] Wake:  41%|####9       | 705/1700 [00:52<01:10, 14.06seq/s, events=56400, loss=2.6885, writes=653]
[Epoch 042] Wake:  45%|#####4      | 769/1700 [00:56<01:05, 14.16seq/s, events=61520, loss=2.6831, writes=715]
[Epoch 042] Wake:  49%|#####8      | 833/1700 [01:01<01:01, 14.20seq/s, events=66640, loss=2.6821, writes=772]
[Epoch 042] Wake:  53%|######3     | 897/1700 [01:05<00:56, 14.28seq/s, events=71760, loss=2.6756, writes=834]
[Epoch 042] Wake:  57%|######7     | 961/1700 [01:09<00:51, 14.36seq/s, events=76880, loss=2.6701, writes=907]
[Epoch 042] Wake:  60%|######6    | 1025/1700 [01:13<00:46, 14.41seq/s, events=82000, loss=2.6781, writes=949]
[Epoch 042] Wake:  64%|######4   | 1089/1700 [01:18<00:42, 14.41seq/s, events=87120, loss=2.6753, writes=1005]
[Epoch 042] Wake:  68%|######7   | 1153/1700 [01:22<00:37, 14.40seq/s, events=92240, loss=2.6756, writes=1055]
[Epoch 042] Wake:  72%|#######1  | 1217/1700 [01:27<00:33, 14.40seq/s, events=97360, loss=2.6786, writes=1106]
[Epoch 042] Wake:  75%|######7  | 1281/1700 [01:31<00:29, 14.42seq/s, events=102480, loss=2.6823, writes=1154]
[Epoch 042] Wake:  79%|#######1 | 1345/1700 [01:36<00:24, 14.39seq/s, events=107600, loss=2.6854, writes=1201]
[Epoch 042] Wake:  83%|#######4 | 1409/1700 [01:40<00:20, 14.42seq/s, events=112720, loss=2.6866, writes=1248]
[Epoch 042] Wake:  87%|#######7 | 1473/1700 [01:44<00:15, 14.45seq/s, events=117840, loss=2.6868, writes=1299]
[Epoch 042] Wake:  90%|########1| 1537/1700 [01:49<00:11, 14.49seq/s, events=122960, loss=2.6858, writes=1364]
[Epoch 042] Wake:  94%|########4| 1601/1700 [01:53<00:06, 14.46seq/s, events=128080, loss=2.6839, writes=1435]
[Epoch 042] Wake:  98%|########8| 1665/1700 [01:56<00:02, 15.09seq/s, events=133200, loss=2.6790, writes=1491]
[Epoch 042] Wake: 100%|#########| 1700/1700 [01:56<00:00, 14.59seq/s, events=136000, loss=2.6790, writes=1514]

[Epoch 042] Global:   0%|                                                      | 0/1700 [00:00<?, ?seq-pass/s]
[Epoch 042] Global:   8%|#4                 | 128/1700 [00:03<00:38, 41.25seq-pass/s, batch=2/27, phase=train]
[Epoch 042] Global:  15%|##8                | 256/1700 [00:06<00:35, 41.09seq-pass/s, batch=4/27, phase=train]
[Epoch 042] Global:  23%|####2              | 384/1700 [00:09<00:31, 41.13seq-pass/s, batch=6/27, phase=train]
[Epoch 042] Global:  30%|#####7             | 512/1700 [00:12<00:28, 41.10seq-pass/s, batch=8/27, phase=train]
[Epoch 042] Global:  38%|######7           | 640/1700 [00:15<00:25, 41.08seq-pass/s, batch=10/27, phase=train]
[Epoch 042] Global:  45%|########1         | 768/1700 [00:18<00:22, 41.11seq-pass/s, batch=12/27, phase=train]
[Epoch 042] Global:  53%|#########4        | 896/1700 [00:21<00:19, 41.10seq-pass/s, batch=14/27, phase=train]
[Epoch 042] Global:  60%|##########2      | 1024/1700 [00:24<00:16, 41.13seq-pass/s, batch=16/27, phase=train]
[Epoch 042] Global:  68%|###########5     | 1152/1700 [00:28<00:13, 41.12seq-pass/s, batch=18/27, phase=train]
[Epoch 042] Global:  75%|############8    | 1280/1700 [00:31<00:10, 41.16seq-pass/s, batch=20/27, phase=train]
[Epoch 042] Global:  83%|##############   | 1408/1700 [00:34<00:07, 41.16seq-pass/s, batch=22/27, phase=train]
[Epoch 042] Global:  90%|###############3 | 1536/1700 [00:37<00:03, 41.18seq-pass/s, batch=24/27, phase=train]
[Epoch 042] Global:  98%|################6| 1664/1700 [00:40<00:00, 41.18seq-pass/s, batch=26/27, phase=train]
[Epoch 042] Global: 100%|#################| 1700/1700 [00:41<00:00, 41.10seq-pass/s, batch=27/27, phase=train]

[Epoch 042] Sleep:   0%|                                                             | 0/20 [00:00<?, ?step/s]
[Epoch 042] Sleep:   5%|8                | 1/20 [00:00<00:14,  1.27step/s, absorbed=4, phase=light, replay=92]
[Epoch 042] Sleep:  10%|##5                      | 2/20 [00:01<00:10,  1.74step/s, leaf=root_L_L, phase=split]
[Epoch 042] Sleep:  15%|###7                     | 3/20 [00:04<00:25,  1.51s/step, leaf=root_L_L, phase=split]
[Epoch 042] Sleep:  15%|###4                   | 3/20 [00:04<00:25,  1.51s/step, leaf=root_L_R_L, phase=split]
[Epoch 042] Sleep:  20%|####2                | 4/20 [00:07<00:24,  1.51s/step, leaf=root_L_R_R_L, phase=split]
[Epoch 042] Sleep:  25%|#####2               | 5/20 [00:11<00:34,  2.33s/step, leaf=root_L_R_R_L, phase=split]
[Epoch 042] Sleep:  25%|#####2               | 5/20 [00:11<00:34,  2.33s/step, leaf=root_L_R_R_R, phase=split]
[Epoch 042] Sleep:  30%|######3              | 6/20 [00:14<00:35,  2.53s/step, leaf=root_L_R_R_R, phase=split]
[Epoch 042] Sleep:  30%|######3              | 6/20 [00:14<00:35,  2.53s/step, leaf=root_R_L_L_L, phase=split]
[Epoch 042] Sleep:  35%|#######3             | 7/20 [00:18<00:35,  2.69s/step, leaf=root_R_L_L_L, phase=split]
[Epoch 042] Sleep:  35%|#######3             | 7/20 [00:18<00:35,  2.69s/step, leaf=root_R_L_L_R, phase=split]
[Epoch 042] Sleep:  40%|########4            | 8/20 [00:21<00:34,  2.84s/step, leaf=root_R_L_L_R, phase=split]
[Epoch 042] Sleep:  40%|########4            | 8/20 [00:21<00:34,  2.84s/step, leaf=root_R_L_R_L, phase=split]
[Epoch 042] Sleep:  45%|#########4           | 9/20 [00:25<00:32,  2.93s/step, leaf=root_R_L_R_L, phase=split]
[Epoch 042] Sleep:  45%|########5          | 9/20 [00:25<00:32,  2.93s/step, leaf=root_R_L_R_R_L, phase=split]
[Epoch 042] Sleep:  50%|#########         | 10/20 [00:28<00:30,  3.00s/step, leaf=root_R_L_R_R_L, phase=split]
[Epoch 042] Sleep:  50%|#########         | 10/20 [00:28<00:30,  3.00s/step, leaf=root_R_L_R_R_R, phase=split]
[Epoch 042] Sleep:  55%|#########9        | 11/20 [00:32<00:27,  3.06s/step, leaf=root_R_L_R_R_R, phase=split]
[Epoch 042] Sleep:  55%|###########         | 11/20 [00:32<00:27,  3.06s/step, leaf=root_R_R_L_L, phase=split]
[Epoch 042] Sleep:  60%|############        | 12/20 [00:35<00:24,  3.11s/step, leaf=root_R_R_L_L, phase=split]
[Epoch 042] Sleep:  60%|##########7       | 12/20 [00:35<00:24,  3.11s/step, leaf=root_R_R_L_R_L, phase=split]
[Epoch 042] Sleep:  65%|###########7      | 13/20 [00:38<00:21,  3.14s/step, leaf=root_R_R_L_R_L, phase=split]
[Epoch 042] Sleep:  65%|##########4     | 13/20 [00:38<00:21,  3.14s/step, leaf=root_R_R_L_R_R_L, phase=split]
[Epoch 042] Sleep:  70%|###########2    | 14/20 [00:42<00:19,  3.19s/step, leaf=root_R_R_L_R_R_L, phase=split]
[Epoch 042] Sleep:  70%|###########2    | 14/20 [00:42<00:19,  3.19s/step, leaf=root_R_R_L_R_R_R, phase=split]
[Epoch 042] Sleep:  75%|############    | 15/20 [00:45<00:16,  3.22s/step, leaf=root_R_R_L_R_R_R, phase=split]
[Epoch 042] Sleep:  75%|###############     | 15/20 [00:45<00:16,  3.22s/step, leaf=root_R_R_R_L, phase=split]
[Epoch 042] Sleep:  80%|################    | 16/20 [00:49<00:13,  3.26s/step, leaf=root_R_R_R_L, phase=split]
[Epoch 042] Sleep:  80%|##############4   | 16/20 [00:49<00:13,  3.26s/step, leaf=root_R_R_R_R_L, phase=split]
[Epoch 042] Sleep:  85%|###############3  | 17/20 [00:52<00:09,  3.28s/step, leaf=root_R_R_R_R_L, phase=split]
[Epoch 042] Sleep:  85%|###############3  | 17/20 [00:52<00:09,  3.28s/step, leaf=root_R_R_R_R_R, phase=split]
[Epoch 042] Sleep:  90%|################2 | 18/20 [00:56<00:06,  3.29s/step, leaf=root_R_R_R_R_R, phase=split]
[Epoch 042] Sleep:  90%|###########7 | 18/20 [01:01<00:06,  3.29s/step, actions=5, phase=deep, pressure=0.213]
[Epoch 042] Sleep:  95%|############3| 19/20 [01:01<00:03,  3.47s/step, actions=5, phase=deep, pressure=0.213]
[Epoch 042] Sleep: 100%|#############| 20/20 [01:01<00:00,  3.05s/step, actions=5, phase=deep, pressure=0.213]
[MemoryTree][042/050] wake/event=2.678962 sleep_residual_utility=0.014482 writes=1514 memorize=22 queue_split=39104 wake_actions=A96656/R218/M22/Q39104 novelty=0.0227 weighted_sim=0.9546 wm_grad_max=2.998e+00 global/event=2.680057 mix_diag=2.9462 global_steps=27 prior_KL=1.339e-01 seq_H_cond=0.3883 seq_H_marg=0.5553 seq_MI=1.670e-01 post_KL_diag=4.183e-01 branch_distill=3.027e-01 probe=6.982e+00/0.748->0.749/1.804/0.549 frontier=7.00/13.00/6.00 enc_gate=0.332 enc_scale=0.026 teacher_conf=0.331 teacher_JS=9.166e-02 max_mass=0.1192 owner_hard=[0, 0, 0, 158, 0, 0, 40, 0, 0, 0, 3, 6, 858, 0, 0, 0, 0, 2, 0, 75, 0, 222, 335, 0, 0, 0, 1, 0, 0, 0, 0] mem_assign=[704, 168, 392, 9976, 87, 2944, 10101, 2289, 1199, 984, 4954, 8078, 26247, 547, 1438, 1816, 989, 2270, 558, 11313, 3075, 16982, 20267, 1316, 74, 2063, 2691, 28, 146, 1419, 885] topology_prune=on leaves=16 sleep_mode=deep light_absorb=4 deep_probability=0.213 topology_action=null topology_gain=0.000e+00 topology_candidates=26 collapsed=0 topology_lambda=0.000e+00 time=W116.5/G41.4/S61.2s cache=0/1700 cuda_peak=7102MiB sleep_actions=['promotion', 'promotion', 'promotion', 'promotion', 'promotion']

[Epoch 043] Wake:   0%|                                                             | 0/1700 [00:00<?, ?seq/s]
[Epoch 043] Wake:   0%|                 | 1/1700 [00:04<2:04:09,  4.38s/seq, events=80, loss=1.2450, writes=4]
[Epoch 043] Wake:   4%|5             | 65/1700 [00:08<03:34,  7.63seq/s, events=5200, loss=2.5836, writes=193]
[Epoch 043] Wake:   8%|9           | 129/1700 [00:13<02:33, 10.21seq/s, events=10320, loss=2.5937, writes=317]
[Epoch 043] Wake:  11%|#3          | 193/1700 [00:17<02:10, 11.52seq/s, events=15440, loss=2.6043, writes=401]
[Epoch 043] Wake:  15%|#8          | 257/1700 [00:22<01:57, 12.24seq/s, events=20560, loss=2.6520, writes=476]
[Epoch 043] Wake:  19%|##2         | 321/1700 [00:26<01:47, 12.80seq/s, events=25680, loss=2.6418, writes=539]
[Epoch 043] Wake:  23%|##7         | 385/1700 [00:30<01:40, 13.12seq/s, events=30800, loss=2.6437, writes=590]
[Epoch 043] Wake:  26%|###1        | 449/1700 [00:35<01:33, 13.44seq/s, events=35920, loss=2.6470, writes=636]
[Epoch 043] Wake:  30%|###6        | 513/1700 [00:39<01:27, 13.63seq/s, events=41040, loss=2.6746, writes=677]
[Epoch 043] Wake:  34%|####        | 577/1700 [00:43<01:21, 13.80seq/s, events=46160, loss=2.6751, writes=725]
[Epoch 043] Wake:  38%|####5       | 641/1700 [00:48<01:16, 13.89seq/s, events=51280, loss=2.6746, writes=795]
[Epoch 043] Wake:  41%|####9       | 705/1700 [00:52<01:11, 13.97seq/s, events=56400, loss=2.6758, writes=856]
[Epoch 043] Wake:  45%|#####4      | 769/1700 [00:56<01:06, 14.08seq/s, events=61520, loss=2.6753, writes=934]
[Epoch 043] Wake:  49%|#####8      | 833/1700 [01:01<01:01, 14.11seq/s, events=66640, loss=2.6722, writes=996]
[Epoch 043] Wake:  53%|#####8     | 897/1700 [01:05<00:56, 14.18seq/s, events=71760, loss=2.6755, writes=1063]
[Epoch 043] Wake:  57%|######2    | 961/1700 [01:10<00:51, 14.23seq/s, events=76880, loss=2.6729, writes=1139]
[Epoch 043] Wake:  60%|######    | 1025/1700 [01:14<00:47, 14.22seq/s, events=82000, loss=2.6773, writes=1211]
[Epoch 043] Wake:  64%|######4   | 1089/1700 [01:19<00:42, 14.28seq/s, events=87120, loss=2.6791, writes=1289]
[Epoch 043] Wake:  68%|######7   | 1153/1700 [01:23<00:38, 14.26seq/s, events=92240, loss=2.6800, writes=1356]
[Epoch 043] Wake:  72%|#######1  | 1217/1700 [01:27<00:33, 14.29seq/s, events=97360, loss=2.6804, writes=1431]
[Epoch 043] Wake:  75%|######7  | 1281/1700 [01:32<00:29, 14.33seq/s, events=102480, loss=2.6797, writes=1518]
[Epoch 043] Wake:  79%|#######1 | 1345/1700 [01:36<00:24, 14.37seq/s, events=107600, loss=2.6776, writes=1601]
[Epoch 043] Wake:  83%|#######4 | 1409/1700 [01:41<00:20, 14.35seq/s, events=112720, loss=2.6783, writes=1637]
[Epoch 043] Wake:  87%|#######7 | 1473/1700 [01:45<00:15, 14.40seq/s, events=117840, loss=2.6753, writes=1693]
[Epoch 043] Wake:  90%|########1| 1537/1700 [01:49<00:11, 14.43seq/s, events=122960, loss=2.6765, writes=1731]
[Epoch 043] Wake:  94%|########4| 1601/1700 [01:54<00:06, 14.46seq/s, events=128080, loss=2.6767, writes=1797]
[Epoch 043] Wake:  98%|########8| 1665/1700 [01:57<00:02, 15.06seq/s, events=133200, loss=2.6772, writes=1846]
[Epoch 043] Wake: 100%|#########| 1700/1700 [01:57<00:00, 14.53seq/s, events=136000, loss=2.6806, writes=1861]

[Epoch 043] Global:   0%|                                                      | 0/1700 [00:00<?, ?seq-pass/s]
[Epoch 043] Global:   8%|#4                 | 128/1700 [00:03<00:38, 40.75seq-pass/s, batch=2/27, phase=train]
[Epoch 043] Global:  15%|##8                | 256/1700 [00:06<00:35, 40.77seq-pass/s, batch=4/27, phase=train]
[Epoch 043] Global:  23%|####2              | 384/1700 [00:09<00:32, 40.95seq-pass/s, batch=6/27, phase=train]
[Epoch 043] Global:  30%|#####7             | 512/1700 [00:12<00:29, 40.88seq-pass/s, batch=8/27, phase=train]
[Epoch 043] Global:  38%|######7           | 640/1700 [00:15<00:25, 40.91seq-pass/s, batch=10/27, phase=train]
[Epoch 043] Global:  45%|########1         | 768/1700 [00:18<00:22, 40.95seq-pass/s, batch=12/27, phase=train]
[Epoch 043] Global:  53%|#########4        | 896/1700 [00:21<00:19, 40.90seq-pass/s, batch=14/27, phase=train]
[Epoch 043] Global:  60%|##########2      | 1024/1700 [00:25<00:16, 40.90seq-pass/s, batch=16/27, phase=train]
[Epoch 043] Global:  68%|###########5     | 1152/1700 [00:28<00:13, 40.90seq-pass/s, batch=18/27, phase=train]
[Epoch 043] Global:  75%|############8    | 1280/1700 [00:31<00:10, 40.88seq-pass/s, batch=20/27, phase=train]
[Epoch 043] Global:  83%|##############   | 1408/1700 [00:34<00:07, 40.91seq-pass/s, batch=22/27, phase=train]
[Epoch 043] Global:  90%|###############3 | 1536/1700 [00:37<00:04, 40.92seq-pass/s, batch=24/27, phase=train]
[Epoch 043] Global:  98%|################6| 1664/1700 [00:40<00:00, 40.92seq-pass/s, batch=26/27, phase=train]
[Epoch 043] Global: 100%|#################| 1700/1700 [00:41<00:00, 40.85seq-pass/s, batch=27/27, phase=train]

[Epoch 043] Sleep:   0%|                                                             | 0/20 [00:00<?, ?step/s]
[Epoch 043] Sleep:   5%|8                | 1/20 [00:00<00:15,  1.26step/s, absorbed=4, phase=light, replay=92]
[Epoch 043] Sleep:  90%|##########8 | 18/20 [00:00<00:00, 22.52step/s, actions=0, phase=light, pressure=0.140]
[Epoch 043] Sleep: 100%|############| 20/20 [00:00<00:00, 25.02step/s, actions=0, phase=light, pressure=0.140]
[MemoryTree][043/050] wake/event=2.680602 sleep_residual_utility=0.014971 writes=1861 memorize=42 queue_split=38802 wake_actions=A97075/R81/M42/Q38802 novelty=0.0257 weighted_sim=0.9486 wm_grad_max=3.369e+00 global/event=2.683850 mix_diag=2.9584 global_steps=27 prior_KL=1.308e-01 seq_H_cond=0.3908 seq_H_marg=0.5626 seq_MI=1.718e-01 post_KL_diag=4.148e-01 branch_distill=3.062e-01 probe=6.881e+00/0.728->0.735/1.794/0.555 frontier=7.00/13.00/6.00 enc_gate=0.317 enc_scale=0.026 teacher_conf=0.327 teacher_JS=9.058e-02 max_mass=0.1412 owner_hard=[0, 0, 0, 26, 0, 0, 28, 0, 0, 0, 2, 0, 882, 0, 0, 0, 0, 1, 0, 184, 0, 323, 254, 0, 0, 0, 0, 0, 0, 0, 0] mem_assign=[565, 379, 462, 7043, 172, 1670, 8764, 2192, 928, 861, 5025, 4750, 27370, 306, 900, 1567, 864, 2694, 479, 15866, 2303, 20508, 19434, 1134, 271, 2342, 2614, 87, 286, 2178, 1986] topology_prune=on leaves=16 sleep_mode=light light_absorb=4 deep_probability=0.140 topology_action=null topology_gain=0.000e+00 topology_candidates=0 collapsed=0 topology_lambda=0.000e+00 time=W117.0/G41.6/S0.9s cache=0/1700 cuda_peak=7100MiB sleep_actions=[]

[Epoch 044] Wake:   0%|                                                             | 0/1700 [00:00<?, ?seq/s]
[Epoch 044] Wake:   0%|                 | 1/1700 [00:04<2:07:41,  4.51s/seq, events=80, loss=3.1263, writes=2]
[Epoch 044] Wake:   4%|5             | 65/1700 [00:08<03:33,  7.66seq/s, events=5200, loss=2.6462, writes=134]
[Epoch 044] Wake:   8%|9           | 129/1700 [00:13<02:36, 10.06seq/s, events=10320, loss=2.6844, writes=234]
[Epoch 044] Wake:  11%|#3          | 193/1700 [00:17<02:12, 11.39seq/s, events=15440, loss=2.7192, writes=317]
[Epoch 044] Wake:  15%|#8          | 257/1700 [00:22<01:58, 12.19seq/s, events=20560, loss=2.7007, writes=406]
[Epoch 044] Wake:  19%|##2         | 321/1700 [00:26<01:48, 12.75seq/s, events=25680, loss=2.7049, writes=482]
[Epoch 044] Wake:  23%|##7         | 385/1700 [00:31<01:41, 13.00seq/s, events=30800, loss=2.6962, writes=545]
[Epoch 044] Wake:  26%|###1        | 449/1700 [00:35<01:34, 13.28seq/s, events=35920, loss=2.6890, writes=615]
[Epoch 044] Wake:  30%|###6        | 513/1700 [00:39<01:28, 13.48seq/s, events=41040, loss=2.6888, writes=690]
[Epoch 044] Wake:  34%|####        | 577/1700 [00:44<01:22, 13.69seq/s, events=46160, loss=2.6787, writes=761]
[Epoch 044] Wake:  38%|####5       | 641/1700 [00:48<01:16, 13.80seq/s, events=51280, loss=2.6736, writes=819]
[Epoch 044] Wake:  41%|####9       | 705/1700 [00:52<01:11, 13.93seq/s, events=56400, loss=2.6766, writes=882]
[Epoch 044] Wake:  45%|#####4      | 769/1700 [00:57<01:06, 14.04seq/s, events=61520, loss=2.6792, writes=956]
[Epoch 044] Wake:  49%|#####3     | 833/1700 [01:01<01:01, 14.15seq/s, events=66640, loss=2.6849, writes=1024]
[Epoch 044] Wake:  53%|#####8     | 897/1700 [01:05<00:56, 14.18seq/s, events=71760, loss=2.6869, writes=1097]
[Epoch 044] Wake:  57%|######2    | 961/1700 [01:10<00:51, 14.27seq/s, events=76880, loss=2.6900, writes=1143]
[Epoch 044] Wake:  60%|######    | 1025/1700 [01:14<00:47, 14.31seq/s, events=82000, loss=2.6888, writes=1202]
[Epoch 044] Wake:  64%|######4   | 1089/1700 [01:19<00:42, 14.31seq/s, events=87120, loss=2.6922, writes=1272]
[Epoch 044] Wake:  68%|######7   | 1153/1700 [01:23<00:38, 14.36seq/s, events=92240, loss=2.6905, writes=1336]
[Epoch 044] Wake:  72%|#######1  | 1217/1700 [01:27<00:33, 14.36seq/s, events=97360, loss=2.6945, writes=1410]
[Epoch 044] Wake:  75%|######7  | 1281/1700 [01:32<00:29, 14.35seq/s, events=102480, loss=2.6980, writes=1480]
[Epoch 044] Wake:  79%|#######1 | 1345/1700 [01:36<00:24, 14.34seq/s, events=107600, loss=2.6932, writes=1538]
[Epoch 044] Wake:  83%|#######4 | 1409/1700 [01:41<00:20, 14.39seq/s, events=112720, loss=2.6880, writes=1600]
[Epoch 044] Wake:  87%|#######7 | 1473/1700 [01:45<00:15, 14.36seq/s, events=117840, loss=2.6849, writes=1660]
[Epoch 044] Wake:  90%|########1| 1537/1700 [01:50<00:11, 14.36seq/s, events=122960, loss=2.6840, writes=1729]
[Epoch 044] Wake:  94%|########4| 1601/1700 [01:54<00:06, 14.30seq/s, events=128080, loss=2.6860, writes=1796]
[Epoch 044] Wake:  98%|########8| 1665/1700 [01:57<00:02, 14.94seq/s, events=133200, loss=2.6829, writes=1873]
[Epoch 044] Wake: 100%|#########| 1700/1700 [01:57<00:00, 14.47seq/s, events=136000, loss=2.6825, writes=1916]

[Epoch 044] Global:   0%|                                                      | 0/1700 [00:00<?, ?seq-pass/s]
[Epoch 044] Global:   8%|#4                 | 128/1700 [00:03<00:38, 41.32seq-pass/s, batch=2/27, phase=train]
[Epoch 044] Global:  15%|##8                | 256/1700 [00:06<00:34, 41.26seq-pass/s, batch=4/27, phase=train]
[Epoch 044] Global:  23%|####2              | 384/1700 [00:09<00:31, 41.28seq-pass/s, batch=6/27, phase=train]
[Epoch 044] Global:  30%|#####7             | 512/1700 [00:12<00:28, 41.30seq-pass/s, batch=8/27, phase=train]
[Epoch 044] Global:  38%|######7           | 640/1700 [00:15<00:25, 41.35seq-pass/s, batch=10/27, phase=train]
[Epoch 044] Global:  45%|########1         | 768/1700 [00:18<00:22, 41.34seq-pass/s, batch=12/27, phase=train]
[Epoch 044] Global:  53%|#########4        | 896/1700 [00:21<00:19, 41.32seq-pass/s, batch=14/27, phase=train]
[Epoch 044] Global:  60%|##########2      | 1024/1700 [00:24<00:16, 41.31seq-pass/s, batch=16/27, phase=train]
[Epoch 044] Global:  68%|###########5     | 1152/1700 [00:27<00:13, 41.33seq-pass/s, batch=18/27, phase=train]
[Epoch 044] Global:  75%|############8    | 1280/1700 [00:30<00:10, 41.34seq-pass/s, batch=20/27, phase=train]
[Epoch 044] Global:  83%|##############   | 1408/1700 [00:34<00:07, 41.33seq-pass/s, batch=22/27, phase=train]
[Epoch 044] Global:  90%|###############3 | 1536/1700 [00:37<00:03, 41.33seq-pass/s, batch=24/27, phase=train]
[Epoch 044] Global:  98%|################6| 1664/1700 [00:40<00:00, 41.34seq-pass/s, batch=26/27, phase=train]
[Epoch 044] Global: 100%|#################| 1700/1700 [00:41<00:00, 41.26seq-pass/s, batch=27/27, phase=train]

[Epoch 044] Sleep:   0%|                                                             | 0/20 [00:00<?, ?step/s]
[Epoch 044] Sleep:   5%|8                | 1/20 [00:00<00:14,  1.28step/s, absorbed=4, phase=light, replay=89]
[Epoch 044] Sleep:  90%|##########8 | 18/20 [00:00<00:00, 22.96step/s, actions=0, phase=light, pressure=0.213]
[Epoch 044] Sleep: 100%|############| 20/20 [00:00<00:00, 25.51step/s, actions=0, phase=light, pressure=0.213]
[MemoryTree][044/050] wake/event=2.682518 sleep_residual_utility=0.014552 writes=1916 memorize=181 queue_split=38854 wake_actions=A96909/R56/M181/Q38854 novelty=0.0256 weighted_sim=0.9487 wm_grad_max=3.358e+00 global/event=2.681451 mix_diag=2.9444 global_steps=27 prior_KL=1.383e-01 seq_H_cond=0.3831 seq_H_marg=0.5575 seq_MI=1.744e-01 post_KL_diag=4.095e-01 branch_distill=2.996e-01 probe=6.779e+00/0.748->0.745/2.006/0.541 frontier=7.00/13.00/6.00 enc_gate=0.322 enc_scale=0.026 teacher_conf=0.322 teacher_JS=9.144e-02 max_mass=0.1202 owner_hard=[0, 0, 0, 152, 0, 0, 59, 0, 0, 0, 0, 2, 675, 0, 0, 0, 0, 1, 0, 187, 0, 228, 395, 0, 0, 1, 0, 0, 0, 0, 0] mem_assign=[712, 181, 597, 8579, 183, 2966, 9834, 2115, 812, 1806, 3369, 5858, 23761, 580, 964, 2112, 1053, 3350, 397, 14657, 3287, 17377, 19900, 939, 198, 2952, 1743, 497, 16, 3345, 1860] topology_prune=on leaves=16 sleep_mode=light light_absorb=4 deep_probability=0.213 topology_action=null topology_gain=0.000e+00 topology_candidates=0 collapsed=0 topology_lambda=0.000e+00 time=W117.5/G41.2/S0.9s cache=0/1700 cuda_peak=7102MiB sleep_actions=[]

[Epoch 045] Wake:   0%|                                                             | 0/1700 [00:00<?, ?seq/s]
[Epoch 045] Wake:   0%|                 | 1/1700 [00:04<2:06:40,  4.47s/seq, events=80, loss=2.3990, writes=1]
[Epoch 045] Wake:   4%|5             | 65/1700 [00:08<03:32,  7.68seq/s, events=5200, loss=2.5838, writes=230]
[Epoch 045] Wake:   8%|9           | 129/1700 [00:13<02:34, 10.17seq/s, events=10320, loss=2.5873, writes=348]
[Epoch 045] Wake:  11%|#3          | 193/1700 [00:17<02:11, 11.50seq/s, events=15440, loss=2.5926, writes=401]
[Epoch 045] Wake:  15%|#8          | 257/1700 [00:22<01:58, 12.18seq/s, events=20560, loss=2.6124, writes=446]
[Epoch 045] Wake:  19%|##2         | 321/1700 [00:26<01:48, 12.72seq/s, events=25680, loss=2.6347, writes=487]
[Epoch 045] Wake:  23%|##7         | 385/1700 [00:30<01:40, 13.10seq/s, events=30800, loss=2.6341, writes=525]
[Epoch 045] Wake:  26%|###1        | 449/1700 [00:35<01:33, 13.31seq/s, events=35920, loss=2.6419, writes=552]
[Epoch 045] Wake:  30%|###6        | 513/1700 [00:39<01:27, 13.56seq/s, events=41040, loss=2.6558, writes=571]
[Epoch 045] Wake:  34%|####        | 577/1700 [00:43<01:21, 13.76seq/s, events=46160, loss=2.6734, writes=589]
[Epoch 045] Wake:  38%|####5       | 641/1700 [00:48<01:16, 13.93seq/s, events=51280, loss=2.6743, writes=607]
[Epoch 045] Wake:  41%|####9       | 705/1700 [00:52<01:11, 13.99seq/s, events=56400, loss=2.6744, writes=635]
[Epoch 045] Wake:  45%|#####4      | 769/1700 [00:56<01:05, 14.12seq/s, events=61520, loss=2.6858, writes=659]
[Epoch 045] Wake:  49%|#####8      | 833/1700 [01:01<01:00, 14.22seq/s, events=66640, loss=2.6859, writes=673]
[Epoch 045] Wake:  53%|######3     | 897/1700 [01:05<00:56, 14.31seq/s, events=71760, loss=2.7013, writes=693]
[Epoch 045] Wake:  57%|######7     | 961/1700 [01:09<00:51, 14.33seq/s, events=76880, loss=2.6938, writes=717]
[Epoch 045] Wake:  60%|######6    | 1025/1700 [01:14<00:46, 14.38seq/s, events=82000, loss=2.6933, writes=730]
[Epoch 045] Wake:  64%|#######    | 1089/1700 [01:18<00:42, 14.37seq/s, events=87120, loss=2.6885, writes=747]
[Epoch 045] Wake:  68%|#######4   | 1153/1700 [01:23<00:37, 14.42seq/s, events=92240, loss=2.6821, writes=777]
[Epoch 045] Wake:  72%|#######8   | 1217/1700 [01:27<00:33, 14.46seq/s, events=97360, loss=2.6723, writes=803]
[Epoch 045] Wake:  75%|#######5  | 1281/1700 [01:31<00:28, 14.47seq/s, events=102480, loss=2.6711, writes=826]
[Epoch 045] Wake:  79%|#######9  | 1345/1700 [01:36<00:24, 14.46seq/s, events=107600, loss=2.6703, writes=836]
[Epoch 045] Wake:  83%|########2 | 1409/1700 [01:40<00:20, 14.50seq/s, events=112720, loss=2.6737, writes=857]
[Epoch 045] Wake:  87%|########6 | 1473/1700 [01:44<00:15, 14.54seq/s, events=117840, loss=2.6750, writes=882]
[Epoch 045] Wake:  90%|######### | 1537/1700 [01:49<00:11, 14.55seq/s, events=122960, loss=2.6779, writes=908]
[Epoch 045] Wake:  94%|#########4| 1601/1700 [01:53<00:06, 14.59seq/s, events=128080, loss=2.6770, writes=921]
[Epoch 045] Wake:  98%|#########7| 1665/1700 [01:56<00:02, 15.20seq/s, events=133200, loss=2.6678, writes=938]
[Epoch 045] Wake: 100%|##########| 1700/1700 [01:56<00:00, 14.62seq/s, events=136000, loss=2.6700, writes=950]

[Epoch 045] Global:   0%|                                                      | 0/1700 [00:00<?, ?seq-pass/s]
[Epoch 045] Global:   8%|#4                 | 128/1700 [00:03<00:37, 41.60seq-pass/s, batch=2/27, phase=train]
[Epoch 045] Global:  15%|##8                | 256/1700 [00:06<00:34, 41.55seq-pass/s, batch=4/27, phase=train]
[Epoch 045] Global:  23%|####2              | 384/1700 [00:09<00:31, 41.55seq-pass/s, batch=6/27, phase=train]
[Epoch 045] Global:  30%|#####7             | 512/1700 [00:12<00:28, 41.53seq-pass/s, batch=8/27, phase=train]
[Epoch 045] Global:  38%|######7           | 640/1700 [00:15<00:25, 41.48seq-pass/s, batch=10/27, phase=train]
[Epoch 045] Global:  45%|########1         | 768/1700 [00:18<00:22, 41.47seq-pass/s, batch=12/27, phase=train]
[Epoch 045] Global:  53%|#########4        | 896/1700 [00:21<00:19, 41.49seq-pass/s, batch=14/27, phase=train]
[Epoch 045] Global:  60%|##########2      | 1024/1700 [00:24<00:16, 41.48seq-pass/s, batch=16/27, phase=train]
[Epoch 045] Global:  68%|###########5     | 1152/1700 [00:27<00:13, 41.51seq-pass/s, batch=18/27, phase=train]
[Epoch 045] Global:  75%|############8    | 1280/1700 [00:30<00:10, 41.52seq-pass/s, batch=20/27, phase=train]
[Epoch 045] Global:  83%|##############   | 1408/1700 [00:33<00:07, 41.52seq-pass/s, batch=22/27, phase=train]
[Epoch 045] Global:  90%|###############3 | 1536/1700 [00:36<00:03, 41.52seq-pass/s, batch=24/27, phase=train]
[Epoch 045] Global:  98%|################6| 1664/1700 [00:40<00:00, 41.52seq-pass/s, batch=26/27, phase=train]
[Epoch 045] Global: 100%|#################| 1700/1700 [00:41<00:00, 41.44seq-pass/s, batch=27/27, phase=train]

[Epoch 045] Sleep:   0%|                                                             | 0/20 [00:00<?, ?step/s]
[Epoch 045] Sleep:   5%|8                | 1/20 [00:00<00:14,  1.28step/s, absorbed=4, phase=light, replay=93]
[Epoch 045] Sleep:  10%|##5                      | 2/20 [00:01<00:11,  1.50step/s, leaf=root_L_L, phase=split]
[Epoch 045] Sleep:  15%|###7                     | 3/20 [00:04<00:26,  1.57s/step, leaf=root_L_L, phase=split]
[Epoch 045] Sleep:  15%|###4                   | 3/20 [00:04<00:26,  1.57s/step, leaf=root_L_R_L, phase=split]
[Epoch 045] Sleep:  20%|####2                | 4/20 [00:08<00:25,  1.57s/step, leaf=root_L_R_R_L, phase=split]
[Epoch 045] Sleep:  25%|#####2               | 5/20 [00:11<00:35,  2.35s/step, leaf=root_L_R_R_L, phase=split]
[Epoch 045] Sleep:  25%|#####2               | 5/20 [00:11<00:35,  2.35s/step, leaf=root_L_R_R_R, phase=split]
[Epoch 045] Sleep:  30%|######3              | 6/20 [00:14<00:35,  2.55s/step, leaf=root_L_R_R_R, phase=split]
[Epoch 045] Sleep:  30%|######3              | 6/20 [00:14<00:35,  2.55s/step, leaf=root_R_L_L_L, phase=split]
[Epoch 045] Sleep:  35%|#######3             | 7/20 [00:18<00:35,  2.70s/step, leaf=root_R_L_L_L, phase=split]
[Epoch 045] Sleep:  35%|#######3             | 7/20 [00:18<00:35,  2.70s/step, leaf=root_R_L_L_R, phase=split]
[Epoch 045] Sleep:  40%|########4            | 8/20 [00:21<00:33,  2.82s/step, leaf=root_R_L_L_R, phase=split]
[Epoch 045] Sleep:  40%|########4            | 8/20 [00:21<00:33,  2.82s/step, leaf=root_R_L_R_L, phase=split]
[Epoch 045] Sleep:  45%|#########4           | 9/20 [00:25<00:32,  2.92s/step, leaf=root_R_L_R_L, phase=split]
[Epoch 045] Sleep:  45%|########5          | 9/20 [00:25<00:32,  2.92s/step, leaf=root_R_L_R_R_L, phase=split]
[Epoch 045] Sleep:  50%|#########         | 10/20 [00:28<00:30,  3.00s/step, leaf=root_R_L_R_R_L, phase=split]
[Epoch 045] Sleep:  50%|#########         | 10/20 [00:28<00:30,  3.00s/step, leaf=root_R_L_R_R_R, phase=split]
[Epoch 045] Sleep:  55%|#########9        | 11/20 [00:32<00:27,  3.07s/step, leaf=root_R_L_R_R_R, phase=split]
[Epoch 045] Sleep:  55%|###########         | 11/20 [00:32<00:27,  3.07s/step, leaf=root_R_R_L_L, phase=split]
[Epoch 045] Sleep:  60%|############        | 12/20 [00:35<00:25,  3.16s/step, leaf=root_R_R_L_L, phase=split]
[Epoch 045] Sleep:  60%|##########7       | 12/20 [00:35<00:25,  3.16s/step, leaf=root_R_R_L_R_L, phase=split]
[Epoch 045] Sleep:  65%|###########7      | 13/20 [00:39<00:22,  3.20s/step, leaf=root_R_R_L_R_L, phase=split]
[Epoch 045] Sleep:  65%|##########4     | 13/20 [00:39<00:22,  3.20s/step, leaf=root_R_R_L_R_R_L, phase=split]
[Epoch 045] Sleep:  70%|###########2    | 14/20 [00:42<00:19,  3.23s/step, leaf=root_R_R_L_R_R_L, phase=split]
[Epoch 045] Sleep:  70%|###########2    | 14/20 [00:42<00:19,  3.23s/step, leaf=root_R_R_L_R_R_R, phase=split]
[Epoch 045] Sleep:  75%|############    | 15/20 [00:46<00:16,  3.26s/step, leaf=root_R_R_L_R_R_R, phase=split]
[Epoch 045] Sleep:  75%|###############     | 15/20 [00:46<00:16,  3.26s/step, leaf=root_R_R_R_L, phase=split]
[Epoch 045] Sleep:  80%|################    | 16/20 [00:49<00:13,  3.29s/step, leaf=root_R_R_R_L, phase=split]
[Epoch 045] Sleep:  80%|##############4   | 16/20 [00:49<00:13,  3.29s/step, leaf=root_R_R_R_R_L, phase=split]
[Epoch 045] Sleep:  85%|###############3  | 17/20 [00:53<00:09,  3.30s/step, leaf=root_R_R_R_R_L, phase=split]
[Epoch 045] Sleep:  85%|###############3  | 17/20 [00:53<00:09,  3.30s/step, leaf=root_R_R_R_R_R, phase=split]
[Epoch 045] Sleep:  90%|################2 | 18/20 [00:56<00:06,  3.32s/step, leaf=root_R_R_R_R_R, phase=split]
[Epoch 045] Sleep:  90%|##########8 | 18/20 [00:56<00:06,  3.32s/step, actions=0, phase=light, pressure=0.249]
[Epoch 045] Sleep: 100%|############| 20/20 [00:56<00:00,  2.84s/step, actions=0, phase=light, pressure=0.249]
[MemoryTree][045/050] wake/event=2.669991 sleep_residual_utility=0.014521 writes=950 memorize=4 queue_split=38793 wake_actions=A97110/R93/M4/Q38793 novelty=0.0261 weighted_sim=0.9479 wm_grad_max=3.265e+00 global/event=2.668628 mix_diag=2.9376 global_steps=27 prior_KL=1.326e-01 seq_H_cond=0.3835 seq_H_marg=0.5681 seq_MI=1.847e-01 post_KL_diag=4.222e-01 branch_distill=3.070e-01 probe=6.922e+00/0.761->0.764/2.064/0.526 frontier=7.00/13.00/6.00 enc_gate=0.316 enc_scale=0.025 teacher_conf=0.316 teacher_JS=9.198e-02 max_mass=0.1273 owner_hard=[0, 0, 0, 80, 0, 0, 72, 0, 0, 1, 0, 0, 792, 0, 0, 0, 0, 3, 0, 193, 0, 294, 265, 0, 0, 0, 0, 0, 0, 0, 0] mem_assign=[558, 224, 474, 8007, 142, 2699, 11851, 2131, 843, 2324, 2461, 6948, 24785, 496, 1213, 2058, 1805, 3131, 728, 15641, 3126, 18264, 17052, 1387, 318, 1894, 1029, 28, 237, 2472, 1674] topology_prune=on leaves=16 sleep_mode=light light_absorb=4 deep_probability=0.249 topology_action=null topology_gain=0.000e+00 topology_candidates=26 collapsed=0 topology_lambda=0.000e+00 time=W116.3/G41.0/S56.8s cache=0/1700 cuda_peak=7102MiB sleep_actions=[]

[Epoch 046] Wake:   0%|                                                             | 0/1700 [00:00<?, ?seq/s]
[Epoch 046] Wake:   0%|                 | 1/1700 [00:04<2:04:38,  4.40s/seq, events=80, loss=2.7002, writes=0]
[Epoch 046] Wake:   4%|5              | 65/1700 [00:08<03:28,  7.83seq/s, events=5200, loss=2.4777, writes=48]
[Epoch 046] Wake:   8%|9            | 129/1700 [00:13<02:31, 10.38seq/s, events=10320, loss=2.5425, writes=90]
[Epoch 046] Wake:  11%|#3          | 193/1700 [00:17<02:08, 11.72seq/s, events=15440, loss=2.5793, writes=128]
[Epoch 046] Wake:  15%|#8          | 257/1700 [00:21<01:56, 12.39seq/s, events=20560, loss=2.6045, writes=154]
[Epoch 046] Wake:  19%|##2         | 321/1700 [00:26<01:46, 12.92seq/s, events=25680, loss=2.5969, writes=187]
[Epoch 046] Wake:  23%|##7         | 385/1700 [00:30<01:38, 13.30seq/s, events=30800, loss=2.6162, writes=210]
[Epoch 046] Wake:  26%|###1        | 449/1700 [00:34<01:32, 13.55seq/s, events=35920, loss=2.6103, writes=243]
[Epoch 046] Wake:  30%|###6        | 513/1700 [00:39<01:26, 13.71seq/s, events=41040, loss=2.6248, writes=263]
[Epoch 046] Wake:  34%|####        | 577/1700 [00:43<01:20, 13.89seq/s, events=46160, loss=2.6409, writes=290]
[Epoch 046] Wake:  38%|####5       | 641/1700 [00:47<01:15, 14.04seq/s, events=51280, loss=2.6602, writes=308]
[Epoch 046] Wake:  41%|####9       | 705/1700 [00:51<01:10, 14.17seq/s, events=56400, loss=2.6633, writes=331]
[Epoch 046] Wake:  45%|#####4      | 769/1700 [00:56<01:05, 14.18seq/s, events=61520, loss=2.6664, writes=351]
[Epoch 046] Wake:  49%|#####8      | 833/1700 [01:00<01:00, 14.26seq/s, events=66640, loss=2.6654, writes=376]
[Epoch 046] Wake:  53%|######3     | 897/1700 [01:05<00:55, 14.34seq/s, events=71760, loss=2.6607, writes=407]
[Epoch 046] Wake:  57%|######7     | 961/1700 [01:09<00:51, 14.34seq/s, events=76880, loss=2.6532, writes=429]
[Epoch 046] Wake:  60%|######6    | 1025/1700 [01:13<00:46, 14.40seq/s, events=82000, loss=2.6582, writes=453]
[Epoch 046] Wake:  64%|#######    | 1089/1700 [01:18<00:42, 14.45seq/s, events=87120, loss=2.6573, writes=475]
[Epoch 046] Wake:  68%|#######4   | 1153/1700 [01:22<00:37, 14.48seq/s, events=92240, loss=2.6579, writes=500]
[Epoch 046] Wake:  72%|#######8   | 1217/1700 [01:26<00:33, 14.47seq/s, events=97360, loss=2.6646, writes=517]
[Epoch 046] Wake:  75%|#######5  | 1281/1700 [01:31<00:28, 14.50seq/s, events=102480, loss=2.6673, writes=541]
[Epoch 046] Wake:  79%|#######9  | 1345/1700 [01:35<00:24, 14.54seq/s, events=107600, loss=2.6733, writes=565]
[Epoch 046] Wake:  83%|########2 | 1409/1700 [01:39<00:19, 14.58seq/s, events=112720, loss=2.6669, writes=595]
[Epoch 046] Wake:  87%|########6 | 1473/1700 [01:44<00:15, 14.56seq/s, events=117840, loss=2.6669, writes=622]
[Epoch 046] Wake:  90%|######### | 1537/1700 [01:48<00:11, 14.59seq/s, events=122960, loss=2.6672, writes=649]
[Epoch 046] Wake:  94%|#########4| 1601/1700 [01:52<00:06, 14.61seq/s, events=128080, loss=2.6685, writes=671]
[Epoch 046] Wake:  98%|#########7| 1665/1700 [01:55<00:02, 15.22seq/s, events=133200, loss=2.6698, writes=689]
[Epoch 046] Wake: 100%|##########| 1700/1700 [01:55<00:00, 14.69seq/s, events=136000, loss=2.6703, writes=699]

[Epoch 046] Global:   0%|                                                      | 0/1700 [00:00<?, ?seq-pass/s]
[Epoch 046] Global:   8%|#4                 | 128/1700 [00:03<00:38, 41.37seq-pass/s, batch=2/27, phase=train]
[Epoch 046] Global:  15%|##8                | 256/1700 [00:06<00:34, 41.29seq-pass/s, batch=4/27, phase=train]
[Epoch 046] Global:  23%|####2              | 384/1700 [00:09<00:31, 41.26seq-pass/s, batch=6/27, phase=train]
[Epoch 046] Global:  30%|#####7             | 512/1700 [00:12<00:28, 41.24seq-pass/s, batch=8/27, phase=train]
[Epoch 046] Global:  38%|######7           | 640/1700 [00:15<00:25, 41.33seq-pass/s, batch=10/27, phase=train]
[Epoch 046] Global:  45%|########1         | 768/1700 [00:18<00:22, 41.35seq-pass/s, batch=12/27, phase=train]
[Epoch 046] Global:  53%|#########4        | 896/1700 [00:21<00:19, 41.36seq-pass/s, batch=14/27, phase=train]
[Epoch 046] Global:  60%|##########2      | 1024/1700 [00:24<00:16, 41.37seq-pass/s, batch=16/27, phase=train]
[Epoch 046] Global:  68%|###########5     | 1152/1700 [00:27<00:13, 41.38seq-pass/s, batch=18/27, phase=train]
[Epoch 046] Global:  75%|############8    | 1280/1700 [00:30<00:10, 41.40seq-pass/s, batch=20/27, phase=train]
[Epoch 046] Global:  83%|##############   | 1408/1700 [00:34<00:07, 41.36seq-pass/s, batch=22/27, phase=train]
[Epoch 046] Global:  90%|###############3 | 1536/1700 [00:37<00:03, 41.40seq-pass/s, batch=24/27, phase=train]
[Epoch 046] Global:  98%|################6| 1664/1700 [00:40<00:00, 41.39seq-pass/s, batch=26/27, phase=train]
[Epoch 046] Global: 100%|#################| 1700/1700 [00:41<00:00, 41.31seq-pass/s, batch=27/27, phase=train]

[Epoch 046] Sleep:   0%|                                                             | 0/20 [00:00<?, ?step/s]
[Epoch 046] Sleep:   5%|8                | 1/20 [00:00<00:14,  1.27step/s, absorbed=5, phase=light, replay=93]
[Epoch 046] Sleep:  90%|##########8 | 18/20 [00:00<00:00, 22.87step/s, actions=0, phase=light, pressure=0.140]
[Epoch 046] Sleep: 100%|############| 20/20 [00:00<00:00, 25.41step/s, actions=0, phase=light, pressure=0.140]
[MemoryTree][046/050] wake/event=2.670342 sleep_residual_utility=0.013231 writes=699 memorize=3 queue_split=38707 wake_actions=A97193/R97/M3/Q38707 novelty=0.0251 weighted_sim=0.9497 wm_grad_max=3.712e+00 global/event=2.681471 mix_diag=2.9955 global_steps=27 prior_KL=1.263e-01 seq_H_cond=0.3775 seq_H_marg=0.5739 seq_MI=1.964e-01 post_KL_diag=4.183e-01 branch_distill=3.157e-01 probe=6.960e+00/0.780->0.780/2.215/0.522 frontier=7.00/13.00/6.00 enc_gate=0.311 enc_scale=0.025 teacher_conf=0.317 teacher_JS=9.695e-02 max_mass=0.0830 owner_hard=[0, 0, 0, 16, 0, 0, 160, 0, 0, 1, 1, 1, 1348, 0, 0, 0, 0, 0, 0, 63, 0, 47, 63, 0, 0, 0, 0, 0, 0, 0, 0] mem_assign=[408, 429, 654, 6874, 158, 1830, 17683, 2330, 603, 2946, 2362, 5616, 33837, 397, 1346, 2626, 2155, 3726, 1291, 12104, 2592, 12031, 11545, 913, 413, 3163, 834, 48, 41, 3144, 1901] topology_prune=on leaves=16 sleep_mode=light light_absorb=5 deep_probability=0.140 topology_action=null topology_gain=0.000e+00 topology_candidates=0 collapsed=0 topology_lambda=0.000e+00 time=W115.7/G41.2/S0.9s cache=0/1700 cuda_peak=7102MiB sleep_actions=[]

[Epoch 047] Wake:   0%|                                                             | 0/1700 [00:00<?, ?seq/s]
[Epoch 047] Wake:   0%|                 | 1/1700 [00:04<2:00:46,  4.27s/seq, events=80, loss=1.9407, writes=1]
[Epoch 047] Wake:   4%|5              | 65/1700 [00:08<03:29,  7.81seq/s, events=5200, loss=2.7450, writes=63]
[Epoch 047] Wake:   8%|9           | 129/1700 [00:13<02:31, 10.34seq/s, events=10320, loss=2.7293, writes=127]
[Epoch 047] Wake:  11%|#3          | 193/1700 [00:17<02:08, 11.70seq/s, events=15440, loss=2.7010, writes=185]
[Epoch 047] Wake:  15%|#8          | 257/1700 [00:21<01:56, 12.38seq/s, events=20560, loss=2.6917, writes=220]
[Epoch 047] Wake:  19%|##2         | 321/1700 [00:26<01:46, 12.91seq/s, events=25680, loss=2.7337, writes=266]
[Epoch 047] Wake:  23%|##7         | 385/1700 [00:30<01:39, 13.28seq/s, events=30800, loss=2.7448, writes=311]
[Epoch 047] Wake:  26%|###1        | 449/1700 [00:34<01:32, 13.58seq/s, events=35920, loss=2.7462, writes=363]
[Epoch 047] Wake:  30%|###6        | 513/1700 [00:38<01:26, 13.79seq/s, events=41040, loss=2.7413, writes=404]
[Epoch 047] Wake:  34%|####        | 577/1700 [00:43<01:20, 14.02seq/s, events=46160, loss=2.7316, writes=442]
[Epoch 047] Wake:  38%|####5       | 641/1700 [00:47<01:14, 14.21seq/s, events=51280, loss=2.7319, writes=465]
[Epoch 047] Wake:  41%|####9       | 705/1700 [00:51<01:09, 14.27seq/s, events=56400, loss=2.7173, writes=507]
[Epoch 047] Wake:  45%|#####4      | 769/1700 [00:56<01:05, 14.25seq/s, events=61520, loss=2.7083, writes=544]
[Epoch 047] Wake:  49%|#####8      | 833/1700 [01:00<01:00, 14.33seq/s, events=66640, loss=2.7127, writes=568]
[Epoch 047] Wake:  53%|######3     | 897/1700 [01:04<00:55, 14.39seq/s, events=71760, loss=2.7086, writes=595]
[Epoch 047] Wake:  57%|######7     | 961/1700 [01:09<00:51, 14.44seq/s, events=76880, loss=2.7035, writes=630]
[Epoch 047] Wake:  60%|######6    | 1025/1700 [01:13<00:46, 14.44seq/s, events=82000, loss=2.6967, writes=668]
[Epoch 047] Wake:  64%|#######    | 1089/1700 [01:17<00:42, 14.49seq/s, events=87120, loss=2.7030, writes=699]
[Epoch 047] Wake:  68%|#######4   | 1153/1700 [01:22<00:37, 14.54seq/s, events=92240, loss=2.7046, writes=742]
[Epoch 047] Wake:  72%|#######8   | 1217/1700 [01:26<00:33, 14.52seq/s, events=97360, loss=2.6985, writes=768]
[Epoch 047] Wake:  75%|#######5  | 1281/1700 [01:30<00:28, 14.55seq/s, events=102480, loss=2.6915, writes=800]
[Epoch 047] Wake:  79%|#######9  | 1345/1700 [01:35<00:24, 14.57seq/s, events=107600, loss=2.6861, writes=851]
[Epoch 047] Wake:  83%|########2 | 1409/1700 [01:39<00:19, 14.56seq/s, events=112720, loss=2.6818, writes=897]
[Epoch 047] Wake:  87%|########6 | 1473/1700 [01:44<00:15, 14.58seq/s, events=117840, loss=2.6836, writes=944]
[Epoch 047] Wake:  90%|######### | 1537/1700 [01:48<00:11, 14.61seq/s, events=122960, loss=2.6809, writes=982]
[Epoch 047] Wake:  94%|########4| 1601/1700 [01:52<00:06, 14.58seq/s, events=128080, loss=2.6756, writes=1023]
[Epoch 047] Wake:  98%|########8| 1665/1700 [01:55<00:02, 15.22seq/s, events=133200, loss=2.6738, writes=1065]
[Epoch 047] Wake: 100%|#########| 1700/1700 [01:55<00:00, 14.72seq/s, events=136000, loss=2.6719, writes=1090]

[Epoch 047] Global:   0%|                                                      | 0/1700 [00:00<?, ?seq-pass/s]
[Epoch 047] Global:   8%|#4                 | 128/1700 [00:03<00:37, 41.49seq-pass/s, batch=2/27, phase=train]
[Epoch 047] Global:  15%|##8                | 256/1700 [00:06<00:34, 41.39seq-pass/s, batch=4/27, phase=train]
[Epoch 047] Global:  23%|####2              | 384/1700 [00:09<00:31, 41.40seq-pass/s, batch=6/27, phase=train]
[Epoch 047] Global:  30%|#####7             | 512/1700 [00:12<00:28, 41.34seq-pass/s, batch=8/27, phase=train]
[Epoch 047] Global:  38%|######7           | 640/1700 [00:15<00:25, 41.40seq-pass/s, batch=10/27, phase=train]
[Epoch 047] Global:  45%|########1         | 768/1700 [00:18<00:22, 41.40seq-pass/s, batch=12/27, phase=train]
[Epoch 047] Global:  53%|#########4        | 896/1700 [00:21<00:19, 41.37seq-pass/s, batch=14/27, phase=train]
[Epoch 047] Global:  60%|##########2      | 1024/1700 [00:24<00:16, 41.33seq-pass/s, batch=16/27, phase=train]
[Epoch 047] Global:  68%|###########5     | 1152/1700 [00:27<00:13, 41.34seq-pass/s, batch=18/27, phase=train]
[Epoch 047] Global:  75%|############8    | 1280/1700 [00:30<00:10, 41.35seq-pass/s, batch=20/27, phase=train]
[Epoch 047] Global:  83%|##############   | 1408/1700 [00:34<00:07, 41.36seq-pass/s, batch=22/27, phase=train]
[Epoch 047] Global:  90%|###############3 | 1536/1700 [00:37<00:03, 41.39seq-pass/s, batch=24/27, phase=train]
[Epoch 047] Global:  98%|################6| 1664/1700 [00:40<00:00, 41.41seq-pass/s, batch=26/27, phase=train]
[Epoch 047] Global: 100%|#################| 1700/1700 [00:41<00:00, 41.33seq-pass/s, batch=27/27, phase=train]

[Epoch 047] Sleep:   0%|                                                             | 0/20 [00:00<?, ?step/s]
[Epoch 047] Sleep:   5%|8                | 1/20 [00:00<00:15,  1.26step/s, absorbed=5, phase=light, replay=92]
[Epoch 047] Sleep:  10%|##5                      | 2/20 [00:01<00:11,  1.63step/s, leaf=root_L_L, phase=split]
[Epoch 047] Sleep:  15%|###7                     | 3/20 [00:04<00:26,  1.54s/step, leaf=root_L_L, phase=split]
[Epoch 047] Sleep:  15%|###4                   | 3/20 [00:04<00:26,  1.54s/step, leaf=root_L_R_L, phase=split]
[Epoch 047] Sleep:  20%|####2                | 4/20 [00:07<00:24,  1.54s/step, leaf=root_L_R_R_L, phase=split]
[Epoch 047] Sleep:  25%|#####2               | 5/20 [00:11<00:35,  2.39s/step, leaf=root_L_R_R_L, phase=split]
[Epoch 047] Sleep:  25%|#####2               | 5/20 [00:11<00:35,  2.39s/step, leaf=root_L_R_R_R, phase=split]
[Epoch 047] Sleep:  30%|######3              | 6/20 [00:15<00:37,  2.66s/step, leaf=root_L_R_R_R, phase=split]
[Epoch 047] Sleep:  30%|######3              | 6/20 [00:15<00:37,  2.66s/step, leaf=root_R_L_L_L, phase=split]
[Epoch 047] Sleep:  35%|#######3             | 7/20 [00:19<00:36,  2.84s/step, leaf=root_R_L_L_L, phase=split]
[Epoch 047] Sleep:  35%|#######3             | 7/20 [00:19<00:36,  2.84s/step, leaf=root_R_L_L_R, phase=split]
[Epoch 047] Sleep:  40%|########4            | 8/20 [00:22<00:35,  2.93s/step, leaf=root_R_L_L_R, phase=split]
[Epoch 047] Sleep:  40%|########4            | 8/20 [00:22<00:35,  2.93s/step, leaf=root_R_L_R_L, phase=split]
[Epoch 047] Sleep:  45%|#########4           | 9/20 [00:26<00:33,  3.01s/step, leaf=root_R_L_R_L, phase=split]
[Epoch 047] Sleep:  45%|########5          | 9/20 [00:26<00:33,  3.01s/step, leaf=root_R_L_R_R_L, phase=split]
[Epoch 047] Sleep:  50%|#########         | 10/20 [00:29<00:30,  3.06s/step, leaf=root_R_L_R_R_L, phase=split]
[Epoch 047] Sleep:  50%|#########         | 10/20 [00:29<00:30,  3.06s/step, leaf=root_R_L_R_R_R, phase=split]
[Epoch 047] Sleep:  55%|#########9        | 11/20 [00:32<00:27,  3.09s/step, leaf=root_R_L_R_R_R, phase=split]
[Epoch 047] Sleep:  55%|###########         | 11/20 [00:32<00:27,  3.09s/step, leaf=root_R_R_L_L, phase=split]
[Epoch 047] Sleep:  60%|############        | 12/20 [00:35<00:24,  3.11s/step, leaf=root_R_R_L_L, phase=split]
[Epoch 047] Sleep:  60%|##########7       | 12/20 [00:35<00:24,  3.11s/step, leaf=root_R_R_L_R_L, phase=split]
[Epoch 047] Sleep:  65%|###########7      | 13/20 [00:39<00:21,  3.13s/step, leaf=root_R_R_L_R_L, phase=split]
[Epoch 047] Sleep:  65%|##########4     | 13/20 [00:39<00:21,  3.13s/step, leaf=root_R_R_L_R_R_L, phase=split]
[Epoch 047] Sleep:  70%|###########2    | 14/20 [00:42<00:18,  3.15s/step, leaf=root_R_R_L_R_R_L, phase=split]
[Epoch 047] Sleep:  70%|###########2    | 14/20 [00:42<00:18,  3.15s/step, leaf=root_R_R_L_R_R_R, phase=split]
[Epoch 047] Sleep:  75%|############    | 15/20 [00:45<00:15,  3.18s/step, leaf=root_R_R_L_R_R_R, phase=split]
[Epoch 047] Sleep:  75%|###############     | 15/20 [00:45<00:15,  3.18s/step, leaf=root_R_R_R_L, phase=split]
[Epoch 047] Sleep:  80%|################    | 16/20 [00:49<00:12,  3.20s/step, leaf=root_R_R_R_L, phase=split]
[Epoch 047] Sleep:  80%|##############4   | 16/20 [00:49<00:12,  3.20s/step, leaf=root_R_R_R_R_L, phase=split]
[Epoch 047] Sleep:  85%|###############3  | 17/20 [00:52<00:09,  3.21s/step, leaf=root_R_R_R_R_L, phase=split]
[Epoch 047] Sleep:  85%|###############3  | 17/20 [00:52<00:09,  3.21s/step, leaf=root_R_R_R_R_R, phase=split]
[Epoch 047] Sleep:  90%|################2 | 18/20 [00:55<00:06,  3.23s/step, leaf=root_R_R_R_R_R, phase=split]
[Epoch 047] Sleep:  90%|###########7 | 18/20 [01:00<00:06,  3.23s/step, actions=5, phase=deep, pressure=0.212]
[Epoch 047] Sleep:  95%|############3| 19/20 [01:00<00:03,  3.41s/step, actions=5, phase=deep, pressure=0.212]
[Epoch 047] Sleep: 100%|#############| 20/20 [01:00<00:00,  3.03s/step, actions=5, phase=deep, pressure=0.212]
[MemoryTree][047/050] wake/event=2.671862 sleep_residual_utility=0.013979 writes=1090 memorize=6 queue_split=38802 wake_actions=A97063/R129/M6/Q38802 novelty=0.0253 weighted_sim=0.9494 wm_grad_max=3.402e+00 global/event=2.667342 mix_diag=2.9658 global_steps=27 prior_KL=1.317e-01 seq_H_cond=0.3713 seq_H_marg=0.5649 seq_MI=1.936e-01 post_KL_diag=3.952e-01 branch_distill=3.010e-01 probe=7.133e+00/0.774->0.775/2.201/0.523 frontier=7.00/13.00/6.00 enc_gate=0.309 enc_scale=0.025 teacher_conf=0.316 teacher_JS=9.650e-02 max_mass=0.0982 owner_hard=[0, 0, 0, 62, 0, 0, 376, 0, 0, 0, 0, 25, 955, 0, 0, 0, 0, 0, 0, 12, 0, 183, 87, 0, 0, 0, 0, 0, 0, 0, 0] mem_assign=[442, 235, 553, 8267, 162, 1091, 20872, 2598, 744, 2560, 1650, 11612, 28680, 339, 1561, 2111, 3021, 1957, 686, 8171, 3006, 14160, 14288, 708, 158, 1464, 623, 81, 12, 2437, 1751] topology_prune=on leaves=16 sleep_mode=deep light_absorb=5 deep_probability=0.212 topology_action=null topology_gain=0.000e+00 topology_candidates=26 collapsed=0 topology_lambda=0.000e+00 time=W115.5/G41.1/S60.7s cache=0/1700 cuda_peak=7102MiB sleep_actions=['promotion', 'promotion', 'promotion', 'promotion', 'promotion']

[Epoch 048] Wake:   0%|                                                             | 0/1700 [00:00<?, ?seq/s]
[Epoch 048] Wake:   0%|                 | 1/1700 [00:04<2:02:10,  4.31s/seq, events=80, loss=3.4311, writes=1]
[Epoch 048] Wake:   4%|5              | 65/1700 [00:08<03:29,  7.79seq/s, events=5200, loss=2.6819, writes=50]
[Epoch 048] Wake:   8%|9           | 129/1700 [00:13<02:32, 10.33seq/s, events=10320, loss=2.6184, writes=105]
[Epoch 048] Wake:  11%|#3          | 193/1700 [00:17<02:11, 11.45seq/s, events=15440, loss=2.6141, writes=148]
[Epoch 048] Wake:  15%|#8          | 257/1700 [00:22<01:58, 12.22seq/s, events=20560, loss=2.5827, writes=207]
[Epoch 048] Wake:  19%|##2         | 321/1700 [00:26<01:48, 12.71seq/s, events=25680, loss=2.6132, writes=275]
[Epoch 048] Wake:  23%|##7         | 385/1700 [00:30<01:40, 13.09seq/s, events=30800, loss=2.6079, writes=352]
[Epoch 048] Wake:  26%|###1        | 449/1700 [00:35<01:33, 13.34seq/s, events=35920, loss=2.5963, writes=432]
[Epoch 048] Wake:  30%|###6        | 513/1700 [00:39<01:28, 13.45seq/s, events=41040, loss=2.6137, writes=491]
[Epoch 048] Wake:  34%|####        | 577/1700 [00:44<01:22, 13.65seq/s, events=46160, loss=2.6233, writes=552]
[Epoch 048] Wake:  38%|####5       | 641/1700 [00:48<01:16, 13.81seq/s, events=51280, loss=2.6293, writes=600]
[Epoch 048] Wake:  41%|####9       | 705/1700 [00:52<01:11, 13.88seq/s, events=56400, loss=2.6187, writes=661]
[Epoch 048] Wake:  45%|#####4      | 769/1700 [00:57<01:06, 13.99seq/s, events=61520, loss=2.6140, writes=712]
[Epoch 048] Wake:  49%|#####8      | 833/1700 [01:01<01:01, 14.01seq/s, events=66640, loss=2.6150, writes=778]
[Epoch 048] Wake:  53%|######3     | 897/1700 [01:06<00:56, 14.10seq/s, events=71760, loss=2.6283, writes=837]
[Epoch 048] Wake:  57%|######7     | 961/1700 [01:10<00:52, 14.17seq/s, events=76880, loss=2.6362, writes=896]
[Epoch 048] Wake:  60%|######6    | 1025/1700 [01:14<00:47, 14.23seq/s, events=82000, loss=2.6353, writes=952]
[Epoch 048] Wake:  64%|######4   | 1089/1700 [01:19<00:42, 14.22seq/s, events=87120, loss=2.6380, writes=1022]
[Epoch 048] Wake:  68%|######7   | 1153/1700 [01:23<00:38, 14.28seq/s, events=92240, loss=2.6428, writes=1089]
[Epoch 048] Wake:  72%|#######1  | 1217/1700 [01:28<00:33, 14.33seq/s, events=97360, loss=2.6473, writes=1146]
[Epoch 048] Wake:  75%|######7  | 1281/1700 [01:32<00:29, 14.38seq/s, events=102480, loss=2.6540, writes=1193]
[Epoch 048] Wake:  79%|#######1 | 1345/1700 [01:36<00:24, 14.34seq/s, events=107600, loss=2.6575, writes=1255]
[Epoch 048] Wake:  83%|#######4 | 1409/1700 [01:41<00:20, 14.38seq/s, events=112720, loss=2.6638, writes=1307]
[Epoch 048] Wake:  87%|#######7 | 1473/1700 [01:45<00:15, 14.41seq/s, events=117840, loss=2.6648, writes=1367]
[Epoch 048] Wake:  90%|########1| 1537/1700 [01:50<00:11, 14.38seq/s, events=122960, loss=2.6600, writes=1440]
[Epoch 048] Wake:  94%|########4| 1601/1700 [01:54<00:06, 14.42seq/s, events=128080, loss=2.6555, writes=1510]
[Epoch 048] Wake:  98%|########8| 1665/1700 [01:57<00:02, 15.06seq/s, events=133200, loss=2.6567, writes=1577]
[Epoch 048] Wake: 100%|#########| 1700/1700 [01:57<00:00, 14.50seq/s, events=136000, loss=2.6612, writes=1601]

[Epoch 048] Global:   0%|                                                      | 0/1700 [00:00<?, ?seq-pass/s]
[Epoch 048] Global:   8%|#4                 | 128/1700 [00:03<00:38, 41.16seq-pass/s, batch=2/27, phase=train]
[Epoch 048] Global:  15%|##8                | 256/1700 [00:06<00:35, 41.08seq-pass/s, batch=4/27, phase=train]
[Epoch 048] Global:  23%|####2              | 384/1700 [00:09<00:32, 41.05seq-pass/s, batch=6/27, phase=train]
[Epoch 048] Global:  30%|#####7             | 512/1700 [00:12<00:28, 41.12seq-pass/s, batch=8/27, phase=train]
[Epoch 048] Global:  38%|######7           | 640/1700 [00:15<00:25, 41.12seq-pass/s, batch=10/27, phase=train]
[Epoch 048] Global:  45%|########1         | 768/1700 [00:18<00:22, 41.15seq-pass/s, batch=12/27, phase=train]
[Epoch 048] Global:  53%|#########4        | 896/1700 [00:21<00:19, 41.12seq-pass/s, batch=14/27, phase=train]
[Epoch 048] Global:  60%|##########2      | 1024/1700 [00:24<00:16, 41.16seq-pass/s, batch=16/27, phase=train]
[Epoch 048] Global:  68%|###########5     | 1152/1700 [00:27<00:13, 41.19seq-pass/s, batch=18/27, phase=train]
[Epoch 048] Global:  75%|############8    | 1280/1700 [00:31<00:10, 41.21seq-pass/s, batch=20/27, phase=train]
[Epoch 048] Global:  83%|##############   | 1408/1700 [00:34<00:07, 41.22seq-pass/s, batch=22/27, phase=train]
[Epoch 048] Global:  90%|###############3 | 1536/1700 [00:37<00:03, 41.27seq-pass/s, batch=24/27, phase=train]
[Epoch 048] Global:  98%|################6| 1664/1700 [00:40<00:00, 41.27seq-pass/s, batch=26/27, phase=train]
[Epoch 048] Global: 100%|#################| 1700/1700 [00:41<00:00, 41.17seq-pass/s, batch=27/27, phase=train]

[Epoch 048] Sleep:   0%|                                                             | 0/20 [00:00<?, ?step/s]
[Epoch 048] Sleep:   5%|8                | 1/20 [00:00<00:14,  1.27step/s, absorbed=5, phase=light, replay=92]
[Epoch 048] Sleep:  90%|##########8 | 18/20 [00:00<00:00, 22.76step/s, actions=0, phase=light, pressure=0.140]
[Epoch 048] Sleep: 100%|############| 20/20 [00:00<00:00, 25.28step/s, actions=0, phase=light, pressure=0.140]
[MemoryTree][048/050] wake/event=2.661237 sleep_residual_utility=0.015212 writes=1601 memorize=254 queue_split=38394 wake_actions=A97252/R100/M254/Q38394 novelty=0.0214 weighted_sim=0.9573 wm_grad_max=3.837e+00 global/event=2.655155 mix_diag=2.9863 global_steps=27 prior_KL=1.341e-01 seq_H_cond=0.3708 seq_H_marg=0.5643 seq_MI=1.935e-01 post_KL_diag=4.110e-01 branch_distill=2.980e-01 probe=7.384e+00/0.769->0.770/2.494/0.535 frontier=7.00/13.00/6.00 enc_gate=0.316 enc_scale=0.026 teacher_conf=0.320 teacher_JS=9.509e-02 max_mass=0.0933 owner_hard=[0, 0, 0, 54, 0, 0, 267, 0, 0, 0, 0, 5, 1113, 0, 0, 0, 1, 0, 0, 2, 0, 43, 215, 0, 0, 0, 0, 0, 0, 0, 0] mem_assign=[395, 280, 517, 7904, 121, 860, 19509, 2415, 498, 3526, 1910, 8932, 31419, 997, 1243, 2857, 4202, 870, 693, 6889, 3247, 12849, 17566, 656, 84, 1803, 1330, 413, 56, 1379, 580] topology_prune=on leaves=16 sleep_mode=light light_absorb=5 deep_probability=0.140 topology_action=null topology_gain=0.000e+00 topology_candidates=0 collapsed=0 topology_lambda=0.000e+00 time=W117.2/G41.3/S0.9s cache=0/1700 cuda_peak=7100MiB sleep_actions=[]

[Epoch 049] Wake:   0%|                                                             | 0/1700 [00:00<?, ?seq/s]
[Epoch 049] Wake:   0%|                 | 1/1700 [00:04<2:03:08,  4.35s/seq, events=80, loss=2.7824, writes=0]
[Epoch 049] Wake:   4%|5             | 65/1700 [00:08<03:30,  7.77seq/s, events=5200, loss=2.7015, writes=154]
[Epoch 049] Wake:   8%|9           | 129/1700 [00:13<02:35, 10.10seq/s, events=10320, loss=2.7009, writes=268]
[Epoch 049] Wake:  11%|#3          | 193/1700 [00:17<02:11, 11.46seq/s, events=15440, loss=2.6580, writes=374]
[Epoch 049] Wake:  15%|#8          | 257/1700 [00:21<01:57, 12.27seq/s, events=20560, loss=2.6580, writes=452]
[Epoch 049] Wake:  19%|##2         | 321/1700 [00:26<01:48, 12.69seq/s, events=25680, loss=2.6701, writes=543]
[Epoch 049] Wake:  23%|##7         | 385/1700 [00:30<01:40, 13.08seq/s, events=30800, loss=2.6344, writes=634]
[Epoch 049] Wake:  26%|###1        | 449/1700 [00:35<01:33, 13.31seq/s, events=35920, loss=2.6381, writes=722]
[Epoch 049] Wake:  30%|###6        | 513/1700 [00:39<01:28, 13.44seq/s, events=41040, loss=2.6424, writes=799]
[Epoch 049] Wake:  34%|####        | 577/1700 [00:44<01:22, 13.59seq/s, events=46160, loss=2.6342, writes=879]
[Epoch 049] Wake:  38%|####5       | 641/1700 [00:48<01:17, 13.70seq/s, events=51280, loss=2.6317, writes=950]
[Epoch 049] Wake:  41%|####5      | 705/1700 [00:53<01:12, 13.76seq/s, events=56400, loss=2.6250, writes=1044]
[Epoch 049] Wake:  45%|####9      | 769/1700 [00:57<01:07, 13.87seq/s, events=61520, loss=2.6320, writes=1151]
[Epoch 049] Wake:  49%|#####3     | 833/1700 [01:02<01:02, 13.89seq/s, events=66640, loss=2.6307, writes=1248]
[Epoch 049] Wake:  53%|#####8     | 897/1700 [01:06<00:57, 13.97seq/s, events=71760, loss=2.6305, writes=1340]
[Epoch 049] Wake:  57%|######2    | 961/1700 [01:11<00:52, 14.03seq/s, events=76880, loss=2.6406, writes=1429]
[Epoch 049] Wake:  60%|######    | 1025/1700 [01:15<00:47, 14.09seq/s, events=82000, loss=2.6401, writes=1529]
[Epoch 049] Wake:  64%|######4   | 1089/1700 [01:20<00:43, 14.08seq/s, events=87120, loss=2.6453, writes=1632]
[Epoch 049] Wake:  68%|######7   | 1153/1700 [01:24<00:38, 14.13seq/s, events=92240, loss=2.6468, writes=1736]
[Epoch 049] Wake:  72%|#######1  | 1217/1700 [01:28<00:34, 14.16seq/s, events=97360, loss=2.6413, writes=1838]
[Epoch 049] Wake:  75%|######7  | 1281/1700 [01:33<00:29, 14.15seq/s, events=102480, loss=2.6460, writes=1915]
[Epoch 049] Wake:  79%|#######1 | 1345/1700 [01:37<00:25, 14.15seq/s, events=107600, loss=2.6476, writes=2027]
[Epoch 049] Wake:  83%|#######4 | 1409/1700 [01:42<00:20, 14.17seq/s, events=112720, loss=2.6540, writes=2124]
[Epoch 049] Wake:  87%|#######7 | 1473/1700 [01:46<00:15, 14.22seq/s, events=117840, loss=2.6581, writes=2225]
[Epoch 049] Wake:  90%|########1| 1537/1700 [01:51<00:11, 14.25seq/s, events=122960, loss=2.6521, writes=2331]
[Epoch 049] Wake:  94%|########4| 1601/1700 [01:55<00:06, 14.23seq/s, events=128080, loss=2.6519, writes=2440]
[Epoch 049] Wake:  98%|########8| 1665/1700 [01:58<00:02, 14.86seq/s, events=133200, loss=2.6504, writes=2535]
[Epoch 049] Wake: 100%|#########| 1700/1700 [01:58<00:00, 14.35seq/s, events=136000, loss=2.6523, writes=2595]

[Epoch 049] Global:   0%|                                                      | 0/1700 [00:00<?, ?seq-pass/s]
[Epoch 049] Global:   8%|#4                 | 128/1700 [00:03<00:38, 40.96seq-pass/s, batch=2/27, phase=train]
[Epoch 049] Global:  15%|##8                | 256/1700 [00:06<00:35, 40.93seq-pass/s, batch=4/27, phase=train]
[Epoch 049] Global:  23%|####2              | 384/1700 [00:09<00:32, 40.87seq-pass/s, batch=6/27, phase=train]
[Epoch 049] Global:  30%|#####7             | 512/1700 [00:12<00:29, 40.87seq-pass/s, batch=8/27, phase=train]
[Epoch 049] Global:  38%|######7           | 640/1700 [00:15<00:25, 40.90seq-pass/s, batch=10/27, phase=train]
[Epoch 049] Global:  45%|########1         | 768/1700 [00:18<00:22, 40.88seq-pass/s, batch=12/27, phase=train]
[Epoch 049] Global:  53%|#########4        | 896/1700 [00:21<00:19, 40.86seq-pass/s, batch=14/27, phase=train]
[Epoch 049] Global:  60%|##########2      | 1024/1700 [00:25<00:16, 40.90seq-pass/s, batch=16/27, phase=train]
[Epoch 049] Global:  68%|###########5     | 1152/1700 [00:28<00:13, 40.87seq-pass/s, batch=18/27, phase=train]
[Epoch 049] Global:  75%|############8    | 1280/1700 [00:31<00:10, 40.89seq-pass/s, batch=20/27, phase=train]
[Epoch 049] Global:  83%|##############   | 1408/1700 [00:34<00:07, 40.90seq-pass/s, batch=22/27, phase=train]
[Epoch 049] Global:  90%|###############3 | 1536/1700 [00:37<00:04, 40.85seq-pass/s, batch=24/27, phase=train]
[Epoch 049] Global:  98%|################6| 1664/1700 [00:40<00:00, 40.87seq-pass/s, batch=26/27, phase=train]
[Epoch 049] Global: 100%|#################| 1700/1700 [00:41<00:00, 40.81seq-pass/s, batch=27/27, phase=train]

[Epoch 049] Sleep:   0%|                                                             | 0/20 [00:00<?, ?step/s]
[Epoch 049] Sleep:   5%|8                | 1/20 [00:00<00:15,  1.25step/s, absorbed=5, phase=light, replay=91]
[Epoch 049] Sleep:  10%|##5                      | 2/20 [00:01<00:12,  1.48step/s, leaf=root_L_L, phase=split]
[Epoch 049] Sleep:  15%|###7                     | 3/20 [00:05<00:29,  1.74s/step, leaf=root_L_L, phase=split]
[Epoch 049] Sleep:  15%|###4                   | 3/20 [00:05<00:29,  1.74s/step, leaf=root_L_R_L, phase=split]
[Epoch 049] Sleep:  20%|####2                | 4/20 [00:08<00:27,  1.74s/step, leaf=root_L_R_R_L, phase=split]
[Epoch 049] Sleep:  25%|#####2               | 5/20 [00:12<00:37,  2.48s/step, leaf=root_L_R_R_L, phase=split]
[Epoch 049] Sleep:  25%|#####2               | 5/20 [00:12<00:37,  2.48s/step, leaf=root_L_R_R_R, phase=split]
[Epoch 049] Sleep:  30%|######3              | 6/20 [00:15<00:37,  2.65s/step, leaf=root_L_R_R_R, phase=split]
[Epoch 049] Sleep:  30%|######3              | 6/20 [00:15<00:37,  2.65s/step, leaf=root_R_L_L_L, phase=split]
[Epoch 049] Sleep:  35%|#######3             | 7/20 [00:18<00:36,  2.77s/step, leaf=root_R_L_L_L, phase=split]
[Epoch 049] Sleep:  35%|#######3             | 7/20 [00:18<00:36,  2.77s/step, leaf=root_R_L_L_R, phase=split]
[Epoch 049] Sleep:  40%|########4            | 8/20 [00:22<00:34,  2.87s/step, leaf=root_R_L_L_R, phase=split]
[Epoch 049] Sleep:  40%|########4            | 8/20 [00:22<00:34,  2.87s/step, leaf=root_R_L_R_L, phase=split]
[Epoch 049] Sleep:  45%|#########4           | 9/20 [00:25<00:32,  2.94s/step, leaf=root_R_L_R_L, phase=split]
[Epoch 049] Sleep:  45%|########5          | 9/20 [00:25<00:32,  2.94s/step, leaf=root_R_L_R_R_L, phase=split]
[Epoch 049] Sleep:  50%|#########         | 10/20 [00:28<00:30,  3.01s/step, leaf=root_R_L_R_R_L, phase=split]
[Epoch 049] Sleep:  50%|#########         | 10/20 [00:28<00:30,  3.01s/step, leaf=root_R_L_R_R_R, phase=split]
[Epoch 049] Sleep:  55%|#########9        | 11/20 [00:32<00:27,  3.05s/step, leaf=root_R_L_R_R_R, phase=split]
[Epoch 049] Sleep:  55%|###########         | 11/20 [00:32<00:27,  3.05s/step, leaf=root_R_R_L_L, phase=split]
[Epoch 049] Sleep:  60%|############        | 12/20 [00:35<00:24,  3.10s/step, leaf=root_R_R_L_L, phase=split]
[Epoch 049] Sleep:  60%|##########7       | 12/20 [00:35<00:24,  3.10s/step, leaf=root_R_R_L_R_L, phase=split]
[Epoch 049] Sleep:  65%|###########7      | 13/20 [00:39<00:21,  3.13s/step, leaf=root_R_R_L_R_L, phase=split]
[Epoch 049] Sleep:  65%|##########4     | 13/20 [00:39<00:21,  3.13s/step, leaf=root_R_R_L_R_R_L, phase=split]
[Epoch 049] Sleep:  70%|###########2    | 14/20 [00:42<00:18,  3.17s/step, leaf=root_R_R_L_R_R_L, phase=split]
[Epoch 049] Sleep:  70%|###########2    | 14/20 [00:42<00:18,  3.17s/step, leaf=root_R_R_L_R_R_R, phase=split]
[Epoch 049] Sleep:  75%|############    | 15/20 [00:45<00:15,  3.19s/step, leaf=root_R_R_L_R_R_R, phase=split]
[Epoch 049] Sleep:  75%|###############     | 15/20 [00:45<00:15,  3.19s/step, leaf=root_R_R_R_L, phase=split]
[Epoch 049] Sleep:  80%|################    | 16/20 [00:49<00:12,  3.21s/step, leaf=root_R_R_R_L, phase=split]
[Epoch 049] Sleep:  80%|##############4   | 16/20 [00:49<00:12,  3.21s/step, leaf=root_R_R_R_R_L, phase=split]
[Epoch 049] Sleep:  85%|###############3  | 17/20 [00:52<00:09,  3.23s/step, leaf=root_R_R_R_R_L, phase=split]
[Epoch 049] Sleep:  85%|###############3  | 17/20 [00:52<00:09,  3.23s/step, leaf=root_R_R_R_R_R, phase=split]
[Epoch 049] Sleep:  90%|################2 | 18/20 [00:55<00:06,  3.25s/step, leaf=root_R_R_R_R_R, phase=split]
[Epoch 049] Sleep:  90%|###########7 | 18/20 [01:00<00:06,  3.25s/step, actions=4, phase=deep, pressure=0.212]
[Epoch 049] Sleep:  95%|############3| 19/20 [01:00<00:03,  3.43s/step, actions=4, phase=deep, pressure=0.212]
[Epoch 049] Sleep: 100%|#############| 20/20 [01:00<00:00,  3.04s/step, actions=4, phase=deep, pressure=0.212]
[MemoryTree][049/050] wake/event=2.652353 sleep_residual_utility=0.012881 writes=2595 memorize=0 queue_split=38572 wake_actions=A97063/R365/M0/Q38572 novelty=0.0195 weighted_sim=0.9610 wm_grad_max=3.838e+00 global/event=2.642993 mix_diag=3.0098 global_steps=27 prior_KL=1.299e-01 seq_H_cond=0.3643 seq_H_marg=0.5617 seq_MI=1.975e-01 post_KL_diag=4.098e-01 branch_distill=3.003e-01 probe=7.192e+00/0.783->0.784/2.522/0.531 frontier=7.00/13.00/6.00 enc_gate=0.335 enc_scale=0.026 teacher_conf=0.325 teacher_JS=9.550e-02 max_mass=0.1057 owner_hard=[0, 0, 0, 50, 0, 0, 444, 0, 0, 2, 1, 48, 722, 0, 0, 7, 0, 0, 0, 9, 0, 155, 262, 0, 0, 0, 0, 0, 0, 0, 0] mem_assign=[254, 392, 435, 6818, 160, 746, 20323, 2198, 400, 3361, 2169, 12258, 24902, 779, 1047, 5647, 3807, 365, 445, 5992, 3005, 14965, 17936, 406, 217, 2112, 1019, 408, 199, 2194, 1041] topology_prune=on leaves=16 sleep_mode=deep light_absorb=5 deep_probability=0.212 topology_action=null topology_gain=0.000e+00 topology_candidates=26 collapsed=0 topology_lambda=0.000e+00 time=W118.5/G41.7/S60.9s cache=0/1700 cuda_peak=7101MiB sleep_actions=['promotion', 'promotion', 'promotion', 'promotion']

[Epoch 050] Wake:   0%|                                                             | 0/1700 [00:00<?, ?seq/s]
[Epoch 050] Wake:   0%|                 | 1/1700 [00:04<2:09:25,  4.57s/seq, events=80, loss=2.7363, writes=4]
[Epoch 050] Wake:   4%|5             | 65/1700 [00:09<03:36,  7.57seq/s, events=5200, loss=2.7131, writes=190]
[Epoch 050] Wake:   8%|9           | 129/1700 [00:13<02:35, 10.10seq/s, events=10320, loss=2.6465, writes=320]
[Epoch 050] Wake:  11%|#3          | 193/1700 [00:17<02:13, 11.28seq/s, events=15440, loss=2.6443, writes=411]
[Epoch 050] Wake:  15%|#8          | 257/1700 [00:22<01:59, 12.11seq/s, events=20560, loss=2.6100, writes=497]
[Epoch 050] Wake:  19%|##2         | 321/1700 [00:26<01:48, 12.65seq/s, events=25680, loss=2.6129, writes=553]
[Epoch 050] Wake:  23%|##7         | 385/1700 [00:31<01:40, 13.04seq/s, events=30800, loss=2.5952, writes=641]
[Epoch 050] Wake:  26%|###1        | 449/1700 [00:35<01:34, 13.26seq/s, events=35920, loss=2.5962, writes=736]
[Epoch 050] Wake:  30%|###6        | 513/1700 [00:39<01:28, 13.46seq/s, events=41040, loss=2.5953, writes=809]
[Epoch 050] Wake:  34%|####        | 577/1700 [00:44<01:22, 13.65seq/s, events=46160, loss=2.6071, writes=875]
[Epoch 050] Wake:  38%|####5       | 641/1700 [00:48<01:16, 13.78seq/s, events=51280, loss=2.6139, writes=928]
[Epoch 050] Wake:  41%|####9       | 705/1700 [00:53<01:11, 13.86seq/s, events=56400, loss=2.6233, writes=998]
[Epoch 050] Wake:  45%|####9      | 769/1700 [00:57<01:06, 13.97seq/s, events=61520, loss=2.6348, writes=1059]
[Epoch 050] Wake:  49%|#####3     | 833/1700 [01:02<01:02, 13.98seq/s, events=66640, loss=2.6313, writes=1134]
[Epoch 050] Wake:  53%|#####8     | 897/1700 [01:06<00:57, 14.05seq/s, events=71760, loss=2.6274, writes=1211]
[Epoch 050] Wake:  57%|######2    | 961/1700 [01:10<00:52, 14.12seq/s, events=76880, loss=2.6373, writes=1284]
[Epoch 050] Wake:  60%|######    | 1025/1700 [01:15<00:47, 14.20seq/s, events=82000, loss=2.6376, writes=1362]
[Epoch 050] Wake:  64%|######4   | 1089/1700 [01:19<00:42, 14.21seq/s, events=87120, loss=2.6441, writes=1438]
[Epoch 050] Wake:  68%|######7   | 1153/1700 [01:24<00:38, 14.24seq/s, events=92240, loss=2.6460, writes=1512]
[Epoch 050] Wake:  72%|#######1  | 1217/1700 [01:28<00:33, 14.25seq/s, events=97360, loss=2.6410, writes=1598]
[Epoch 050] Wake:  75%|######7  | 1281/1700 [01:33<00:29, 14.24seq/s, events=102480, loss=2.6385, writes=1674]
[Epoch 050] Wake:  79%|#######1 | 1345/1700 [01:37<00:24, 14.29seq/s, events=107600, loss=2.6435, writes=1757]
[Epoch 050] Wake:  83%|#######4 | 1409/1700 [01:41<00:20, 14.28seq/s, events=112720, loss=2.6393, writes=1846]
[Epoch 050] Wake:  87%|#######7 | 1473/1700 [01:46<00:15, 14.32seq/s, events=117840, loss=2.6374, writes=1930]
[Epoch 050] Wake:  90%|########1| 1537/1700 [01:50<00:11, 14.35seq/s, events=122960, loss=2.6336, writes=2009]
[Epoch 050] Wake:  94%|########4| 1601/1700 [01:55<00:06, 14.38seq/s, events=128080, loss=2.6365, writes=2097]
[Epoch 050] Wake:  98%|########8| 1665/1700 [01:57<00:02, 14.97seq/s, events=133200, loss=2.6310, writes=2206]
[Epoch 050] Wake: 100%|#########| 1700/1700 [01:57<00:00, 14.43seq/s, events=136000, loss=2.6280, writes=2249]

[Epoch 050] Global:   0%|                                                      | 0/1700 [00:00<?, ?seq-pass/s]
[Epoch 050] Global:   8%|#4                 | 128/1700 [00:03<00:38, 41.24seq-pass/s, batch=2/27, phase=train]
[Epoch 050] Global:  15%|##8                | 256/1700 [00:06<00:35, 41.25seq-pass/s, batch=4/27, phase=train]
[Epoch 050] Global:  23%|####2              | 384/1700 [00:09<00:31, 41.43seq-pass/s, batch=6/27, phase=train]
[Epoch 050] Global:  30%|#####7             | 512/1700 [00:12<00:28, 41.56seq-pass/s, batch=8/27, phase=train]
[Epoch 050] Global:  38%|######7           | 640/1700 [00:15<00:25, 41.61seq-pass/s, batch=10/27, phase=train]
[Epoch 050] Global:  45%|########1         | 768/1700 [00:18<00:22, 41.64seq-pass/s, batch=12/27, phase=train]
[Epoch 050] Global:  53%|#########4        | 896/1700 [00:21<00:19, 41.66seq-pass/s, batch=14/27, phase=train]
[Epoch 050] Global:  60%|##########2      | 1024/1700 [00:24<00:16, 41.64seq-pass/s, batch=16/27, phase=train]
[Epoch 050] Global:  68%|###########5     | 1152/1700 [00:27<00:13, 41.66seq-pass/s, batch=18/27, phase=train]
[Epoch 050] Global:  75%|############8    | 1280/1700 [00:30<00:10, 41.66seq-pass/s, batch=20/27, phase=train]
[Epoch 050] Global:  83%|##############   | 1408/1700 [00:33<00:07, 41.63seq-pass/s, batch=22/27, phase=train]
[Epoch 050] Global:  90%|###############3 | 1536/1700 [00:36<00:03, 41.65seq-pass/s, batch=24/27, phase=train]
[Epoch 050] Global:  98%|################6| 1664/1700 [00:39<00:00, 41.66seq-pass/s, batch=26/27, phase=train]
[Epoch 050] Global: 100%|#################| 1700/1700 [00:40<00:00, 41.58seq-pass/s, batch=27/27, phase=train]

[Epoch 050] Sleep:   0%|                                                             | 0/20 [00:00<?, ?step/s]
[Epoch 050] Sleep:   5%|8                | 1/20 [00:00<00:14,  1.29step/s, absorbed=6, phase=light, replay=90]
[Epoch 050] Sleep:  10%|##5                      | 2/20 [00:01<00:10,  1.77step/s, leaf=root_L_L, phase=split]
[Epoch 050] Sleep:  15%|###7                     | 3/20 [00:04<00:25,  1.49s/step, leaf=root_L_L, phase=split]
[Epoch 050] Sleep:  15%|###4                   | 3/20 [00:04<00:25,  1.49s/step, leaf=root_L_R_L, phase=split]
[Epoch 050] Sleep:  20%|####2                | 4/20 [00:07<00:23,  1.49s/step, leaf=root_L_R_R_L, phase=split]
[Epoch 050] Sleep:  25%|#####2               | 5/20 [00:11<00:34,  2.29s/step, leaf=root_L_R_R_L, phase=split]
[Epoch 050] Sleep:  25%|#####2               | 5/20 [00:11<00:34,  2.29s/step, leaf=root_L_R_R_R, phase=split]
[Epoch 050] Sleep:  30%|######3              | 6/20 [00:14<00:34,  2.49s/step, leaf=root_L_R_R_R, phase=split]
[Epoch 050] Sleep:  30%|######3              | 6/20 [00:14<00:34,  2.49s/step, leaf=root_R_L_L_L, phase=split]
[Epoch 050] Sleep:  35%|#######3             | 7/20 [00:17<00:34,  2.64s/step, leaf=root_R_L_L_L, phase=split]
[Epoch 050] Sleep:  35%|#######3             | 7/20 [00:17<00:34,  2.64s/step, leaf=root_R_L_L_R, phase=split]
[Epoch 050] Sleep:  40%|########4            | 8/20 [00:21<00:33,  2.76s/step, leaf=root_R_L_L_R, phase=split]
[Epoch 050] Sleep:  40%|########4            | 8/20 [00:21<00:33,  2.76s/step, leaf=root_R_L_R_L, phase=split]
[Epoch 050] Sleep:  45%|#########4           | 9/20 [00:24<00:31,  2.85s/step, leaf=root_R_L_R_L, phase=split]
[Epoch 050] Sleep:  45%|########5          | 9/20 [00:24<00:31,  2.85s/step, leaf=root_R_L_R_R_L, phase=split]
[Epoch 050] Sleep:  50%|#########         | 10/20 [00:28<00:29,  2.93s/step, leaf=root_R_L_R_R_L, phase=split]
[Epoch 050] Sleep:  50%|#########         | 10/20 [00:28<00:29,  2.93s/step, leaf=root_R_L_R_R_R, phase=split]
[Epoch 050] Sleep:  55%|#########9        | 11/20 [00:31<00:26,  2.99s/step, leaf=root_R_L_R_R_R, phase=split]
[Epoch 050] Sleep:  55%|###########         | 11/20 [00:31<00:26,  2.99s/step, leaf=root_R_R_L_L, phase=split]
[Epoch 050] Sleep:  60%|############        | 12/20 [00:34<00:24,  3.05s/step, leaf=root_R_R_L_L, phase=split]
[Epoch 050] Sleep:  60%|##########7       | 12/20 [00:34<00:24,  3.05s/step, leaf=root_R_R_L_R_L, phase=split]
[Epoch 050] Sleep:  65%|###########7      | 13/20 [00:38<00:21,  3.09s/step, leaf=root_R_R_L_R_L, phase=split]
[Epoch 050] Sleep:  65%|##########4     | 13/20 [00:38<00:21,  3.09s/step, leaf=root_R_R_L_R_R_L, phase=split]
[Epoch 050] Sleep:  70%|###########2    | 14/20 [00:41<00:18,  3.13s/step, leaf=root_R_R_L_R_R_L, phase=split]
[Epoch 050] Sleep:  70%|###########2    | 14/20 [00:41<00:18,  3.13s/step, leaf=root_R_R_L_R_R_R, phase=split]
[Epoch 050] Sleep:  75%|############    | 15/20 [00:45<00:15,  3.17s/step, leaf=root_R_R_L_R_R_R, phase=split]
[Epoch 050] Sleep:  75%|###############     | 15/20 [00:45<00:15,  3.17s/step, leaf=root_R_R_R_L, phase=split]
[Epoch 050] Sleep:  80%|################    | 16/20 [00:48<00:12,  3.20s/step, leaf=root_R_R_R_L, phase=split]
[Epoch 050] Sleep:  80%|##############4   | 16/20 [00:48<00:12,  3.20s/step, leaf=root_R_R_R_R_L, phase=split]
[Epoch 050] Sleep:  85%|###############3  | 17/20 [00:51<00:09,  3.23s/step, leaf=root_R_R_R_R_L, phase=split]
[Epoch 050] Sleep:  85%|###############3  | 17/20 [00:51<00:09,  3.23s/step, leaf=root_R_R_R_R_R, phase=split]
[Epoch 050] Sleep:  90%|################2 | 18/20 [00:55<00:06,  3.26s/step, leaf=root_R_R_R_R_R, phase=split]
[Epoch 050] Sleep:  90%|##########8 | 18/20 [00:55<00:06,  3.26s/step, actions=0, phase=light, pressure=0.140]
[Epoch 050] Sleep: 100%|############| 20/20 [00:55<00:00,  2.77s/step, actions=0, phase=light, pressure=0.140]
[MemoryTree][050/050] wake/event=2.628062 sleep_residual_utility=0.014793 writes=2249 memorize=0 queue_split=38974 wake_actions=A96763/R263/M0/Q38974 novelty=0.0195 weighted_sim=0.9609 wm_grad_max=3.509e+00 global/event=2.644689 mix_diag=3.0101 global_steps=27 prior_KL=1.356e-01 seq_H_cond=0.3664 seq_H_marg=0.5678 seq_MI=2.014e-01 post_KL_diag=4.034e-01 branch_distill=3.110e-01 probe=7.693e+00/0.767->0.769/2.274/0.525 frontier=6.96/12.93/5.96 enc_gate=0.309 enc_scale=0.027 teacher_conf=0.327 teacher_JS=9.673e-02 max_mass=0.1047 owner_hard=[0, 0, 0, 39, 0, 0, 492, 0, 0, 2, 0, 1, 891, 0, 0, 3, 4, 0, 0, 39, 0, 174, 55, 0, 0, 0, 0, 0, 0, 0, 0] mem_assign=[280, 283, 351, 7427, 102, 1032, 22466, 2264, 415, 3602, 1620, 7824, 28207, 645, 1076, 4402, 4131, 889, 599, 9193, 3506, 15116, 12118, 446, 107, 2533, 850, 17, 96, 2723, 1680] topology_prune=on leaves=16 sleep_mode=light light_absorb=6 deep_probability=0.140 topology_action=null topology_gain=0.000e+00 topology_candidates=26 collapsed=0 topology_lambda=0.000e+00 time=W117.8/G40.9/S55.5s cache=0/1700 cuda_peak=7101MiB sleep_actions=[]
[Training Plot] metrics=/home/xinye/HawkesMemory_wfy/Memory/Checkpoints/dws_13_09012340_last_training_metrics.json figure=/home/xinye/HawkesMemory_wfy/Memory/Checkpoints/dws_13_09012340_last_training_curves.png
