event_times,event_types
"[3.23045734,3.87000277,6.25399384,6.35997178,6.43677551,8.30227042,9.19844278,9.48959592,10.20162808,10.97238297,14.46608749,14.8573181,18.40537341,19.68338904,20.57267468,21.27164894,25.10518127,26.39701715,27.97056914,29.99900492,30.28854233,31.09607412,33.26334574,36.17030911,38.45891572,47.20145804,48.02106105,49.57805772,54.00059018,54.31156897,54.73170734,55.33281263,55.4318854,56.0253007,56.15607296,56.84375999,56.84785761,56.85647338,57.0657832,57.31893641,57.90615772,58.09824854,58.44663936,58.49770125,59.19253031,59.56975603,59.91903769,60.49563368,61.02253484,61.18226905,61.3105801,61.47028206,61.88219818,62.84006652,63.59084882,64.05995038,64.63383493,72.01577427,73.10515351,76.32260913,79.99080292,80.35295072,81.77767595,90.15891696]","[0,2,1,3,2,0,3,2,3,2,0,2,5,1,0,5,1,7,6,5,7,0,4,5,4,1,4,5,1,0,1,0,0,5,2,7,4,1,3,2,0,5,1,1,3,1,0,0,1,1,0,0,1,7,5,0,5,7,5,3,3,2,2,0]"
"[5.96002797,8.12461151,8.21987783,8.57481381,11.59327242,14.20049906,17.08622598,32.52473596,35.63222453,36.30538065,37.46638353,37.72047692,38.38145852,40.17767649,45.89390155,52.5509629,53.25071632,53.70040435,54.09413658,54.60299952,55.74548811,58.25818777,58.77198953,60.30222123,61.37062671,62.18600045,62.42792316,62.59490229,62.88163295,66.20623705,72.03327746,88.63030271,92.04849476,97.86617053,98.70254096,107.3641624,108.96846273,110.93134747,112.0739607,113.63870644,118.1773572,119.94383322,120.24095613,130.60434716,131.47426946,135.05523696,136.93269078,138.96448018,142.54719497,143.79663182,145.09747861,146.93341271,147.38945224,147.70558457,147.74166854,150.61513916,153.47301518,154.66620591,158.25302355,160.20916051,162.54878298,164.30527041,164.40128906,164.43833211]","[1,5,2,3,3,6,7,7,3,1,0,4,7,5,2,0,5,3,1,0,3,6,3,5,6,1,0,1,0,6,3,4,6,6,7,4,5,1,2,2,3,2,3,0,5,1,5,0,1,1,0,4,1,0,0,2,2,1,1,2,3,5,2,3]"
"[0.0228895,3.05510328,3.62393108,4.52371196,5.06827606,5.62894217,7.18453077,7.20686844,8.52665201,8.64579206,9.840017,12.82965833,13.09397776,15.78682909,15.87993708,16.00018778,16.69635828,16.74295855,17.72464,17.87313375,18.1212463,18.83241732,19.12294101,19.12507144,19.31972842,19.76415794,19.7744632,20.6615872,20.88738291,20.97196394,21.06128001,21.177066,21.23951025,21.40399275,21.58657893,21.68319056,22.84324005,22.8764659,22.99585771,23.60333462,24.33373323,25.19513484,26.84350401,29.577775,36.11104662,37.2789401,38.27931869,38.28008561,38.76758078,39.85561721,42.47091545,42.78395429,47.49468272,49.13890138,50.51705686,51.31937081,51.88818935,56.40117283,56.75188408,57.82062065,57.94360482,58.06480227,58.59621929,59.73656913]","[4,0,3,1,1,0,1,5,0,1,0,5,1,0,0,1,5,0,1,1,0,1,0,1,0,1,1,1,0,0,1,0,0,0,1,0,0,0,1,0,1,0,0,1,1,0,1,7,7,7,1,1,5,0,4,1,6,0,2,1,0,3,4,7]"
"[2.22426024,2.69638403,3.49182754,3.90379429,3.90616875,4.04359202,4.15957611,4.87896984,5.01589171,5.58430714,5.61821873,5.79521204,6.08574184,6.55164898,6.99169627,7.1476824,8.98506335,10.5264725,10.97954207,10.99132425,10.99959827,11.15631942,11.28551387,11.53053305,11.70606787,12.28711283,12.39096553,12.60035956,12.93181487,12.94820348,13.27195759,13.33825944,13.44713555,13.67048577,13.74594838,13.77839291,14.03221657,14.07033442,14.52496439,15.1463144,15.17190936,15.33192615,15.68525774,16.49263335,16.92461614,16.99057453,17.3539033,18.40820044,18.61980542,18.82350671,18.90383388,19.19602533,19.51889557,20.15917553,20.23174365,20.88762971,21.12808978,21.22262769,21.35509453,21.54672806,21.98446942,22.46298583,22.66417819,22.86259903]","[0,1,0,1,0,0,1,1,0,0,1,0,2,5,1,0,1,1,1,0,1,2,0,1,1,0,0,1,0,0,1,0,5,1,0,0,1,3,1,0,1,0,2,0,1,1,2,0,3,1,0,1,1,0,2,1,0,1,1,1,0,0,1,0]"
"[2.02773357,3.06610231,6.59697925,8.04220112,8.51667677,10.60820742,10.71708333,12.93696192,14.09686273,15.25217747,15.62728729,17.28713299,18.30109406,18.82911192,22.11687562,22.37031489,22.76605618,23.42602735,23.58965643,27.96883451,30.20776859,34.19187006,34.92157394,35.24338232,35.57116105,37.68262078,37.79537558,46.04933204,56.58443728,57.47078579,59.64676829,60.60524242,63.61625271,65.72544332,66.76624119,73.08264256,73.2888714,73.48822542,78.78463628,83.02693128,83.05009449,83.09187444,85.40319042,85.41102282,85.79042175,86.07801277,86.48187278,87.03507028,87.5114799,87.77505842,88.2820692,88.46877346,88.57481457,88.89724674,89.36015141,89.36608144,90.31379883,90.74853019,90.82481842,90.90279417,90.9725515,91.24489702,91.29423239,91.49733641]","[0,4,3,7,4,1,1,0,3,5,7,0,7,5,1,0,1,7,1,4,6,0,1,3,7,1,7,7,5,5,0,5,7,7,0,0,1,7,3,0,1,1,5,1,2,4,1,0,1,1,1,0,0,0,1,0,1,0,0,1,1,3,7,0]"
"[4.53998129,6.92102346,7.16888031,7.73749557,10.23865371,11.32304142,11.54365742,11.65105606,13.33660845,14.01689632,14.51263276,15.95128501,19.2432066,21.21413919,21.43064208,30.70348977,31.07249516,31.29881869,31.68835101,35.55257607,35.58117973,36.91123989,37.25055712,37.50206068,40.59259037,40.59978435,43.41949691,45.66696045,47.36138664,48.03094253,49.89305193,58.00738702,59.37262908,59.81473244,61.54887671,61.94732483,62.94552526,64.99911186,66.38142726,66.91287077,67.56708858,68.05071709,68.67997536,69.2318237,69.84312776,69.86728925,70.72796878,71.33409987,72.1246633,72.53755666,73.50244334,74.73864572,75.14597376,77.00067327,78.00179932,78.11448683,78.30676975,78.50070183,78.67656345,79.23324957,79.79072419,80.35494967,80.4868739,80.51993783]","[7,4,5,1,1,0,5,0,1,2,1,0,6,6,1,3,6,3,2,3,2,1,2,4,7,7,2,7,1,3,7,5,0,1,2,7,4,0,1,0,1,0,2,6,1,0,0,1,6,1,1,0,1,0,1,0,1,1,1,6,1,2,3,0]"
"[8.88674311,10.85939423,11.06981907,15.63913269,22.50947366,22.55570894,25.86687176,28.47705342,29.58962299,44.74860053,47.88907257,48.48831976,50.88043421,50.92643216,50.98406628,55.64898919,57.14216147,57.91610902,60.15641922,62.30830429,65.26978887,67.94049871,68.77006558,71.64553481,72.30949749,76.21052798,76.3748308,77.26054679,77.36612175,78.58574351,79.04030985,79.0574065,79.16194905,80.29411655,80.57362025,80.82405525,81.44487041,81.49476154,83.57682419,83.63351743,83.75807057,83.9328881,85.30263098,88.6502613,88.80071183,88.82501851,89.0878074,91.57595509,91.67114959,91.77826651,92.52394835,92.86117783,93.07222465,95.21257849,96.12099914,99.65976179,100.41532697,100.77476271,103.50222198,104.8694482,105.62357525,106.66961104,108.09218146,109.25477658]","[5,3,5,5,7,1,7,7,1,0,1,3,0,5,3,1,4,0,0,6,3,7,2,7,5,2,5,5,2,7,0,7,2,2,3,1,0,7,1,0,1,1,1,0,1,1,1,0,1,2,0,1,1,0,1,0,1,0,5,1,5,6,5,0]"
"[1.02230919,2.0026412,3.22265681,3.530558,14.17828759,14.30821212,16.38930542,22.03166049,22.41128178,23.53590333,26.64043356,28.094965,28.27973295,33.37875183,40.61134943,45.66792949,46.94391732,47.07566942,47.30297905,48.45283658,54.24324733,57.74475223,57.81907975,58.0178137,59.70796023,63.55642815,64.21396906,65.76807012,71.52785423,72.06368121,72.7572416,73.00519992,77.56177734,79.91202861,83.29997968,83.35529528,85.47184261,85.58066338,85.62813153,89.98840913,96.44961529,96.80884989,97.01529675,97.30161295,97.84608226,98.79860028,98.86076751,99.0003797,104.12149659,106.21225291,111.57599395,113.32522855,114.38423204,114.41127623,114.63629137,114.85024158,115.00016002,115.1533797,115.78753084,115.92850533,116.09575569,117.10406825,119.39879126,120.63887042]","[1,5,0,5,7,4,1,5,0,1,0,5,5,7,7,5,7,2,3,1,1,0,1,0,5,7,1,0,0,2,3,2,2,0,1,1,0,0,0,4,0,3,5,1,2,0,1,5,3,2,2,7,7,7,1,3,2,2,7,2,3,3,6,3]"
"[0.7429377,1.69506544,3.16460306,3.23910746,4.40426292,5.0250254,5.25940792,16.7205672,18.89313791,23.07105089,23.95295013,28.22051515,29.49412229,31.7536744,32.28934341,33.09524331,36.72793183,36.9657714,37.27897632,37.8657926,37.87973294,38.3501611,38.67005265,39.25553772,39.7741648,42.01578672,42.99148175,44.17513436,44.53876987,44.54113106,45.36917263,45.49869429,46.13958389,46.16376153,46.5830951,46.63967515,48.92559285,49.83873237,50.79799939,50.82432898,51.24811666,51.34148668,53.80213006,54.11964141,54.89817614,60.35371691,60.68371232,61.61972875,64.68204124,65.32753181,65.38784745,66.59682244,69.23829602,74.62896917,77.49197548,80.79060151,83.10408271,83.1903438,83.22095251,83.90197299,85.0104979,85.12698458,85.18164837,85.51467076]","[6,5,4,1,0,1,7,2,0,6,0,1,0,1,0,1,0,1,0,1,1,0,0,1,0,0,1,0,2,1,3,3,0,2,4,0,5,1,2,3,2,3,2,0,4,7,2,7,3,2,0,5,1,0,1,2,1,4,6,4,0,0,1,1]"
"[4.48789183,4.70406207,4.71614816,4.98216959,5.51393219,9.90231259,10.33191166,10.86033526,11.40915406,11.67939719,12.97452896,13.77784368,17.24302478,18.75719377,23.4096792,23.46908763,24.8145053,25.55040584,26.59424755,27.00055968,27.51188157,27.58894313,28.23889286,28.30377223,28.97713268,29.91570152,30.68639826,31.85563215,32.76985167,35.05645761,39.19815985,39.77092721,41.60595337,42.02283565,42.3055469,42.43312525,42.70621619,44.06557661,46.22160825,49.0729951,49.09830199,49.99466937,50.68771863,51.29529469,51.7066974,56.81060477,56.95643484,57.15229906,57.31039994,58.69056312,59.67632794,59.68011836,59.7514972,59.94900238,60.04556148,60.42708811,60.78212243,61.30402374,61.85570154,62.00507399,62.37805311,62.55085777,65.98848636,66.36373246]","[3,0,1,1,0,4,3,0,3,1,2,3,3,1,0,1,5,7,3,2,3,3,4,3,3,3,2,3,4,7,5,6,7,1,0,0,0,1,6,0,1,1,0,1,1,1,7,1,0,0,0,1,0,1,1,3,4,1,3,4,1,2,0,1]"
"[0.0171194,0.90018188,1.57053795,5.47000751,9.4916577,10.2167187,12.12719186,12.87772283,13.01174903,13.16241832,14.20134175,14.67344457,15.21265784,17.59858727,18.84047125,19.38593502,19.50119798,19.64807661,19.97818403,20.3645329,20.69027158,20.90528006,22.08576645,22.39203145,22.99027975,24.82159939,28.26609295,31.6569536,34.3271592,35.4393146,36.7129448,37.38267811,38.75923938,38.93565121,39.14255625,39.39148764,42.85139595,44.09609906,45.41216831,50.61643973,52.1030747,53.33920669,53.62263083,53.76721138,57.83726242,58.05141162,59.30324687,59.43443694,60.91313413,62.45710342,63.22040027,63.84998517,64.46033626,67.18813404,72.40547431,80.13456309,85.93571615,87.04851079,92.49628829,98.09631652,98.79488357,103.37469861,103.60244592,104.61809179]","[1,0,5,0,1,0,1,0,0,1,0,6,1,0,4,4,5,0,1,1,0,0,1,1,0,0,7,5,7,0,4,0,3,4,3,1,2,4,0,1,7,6,3,1,0,0,1,0,1,2,0,2,3,1,5,5,3,2,4,2,0,3,2,6]"
"[1.27326167,21.26952993,27.25335747,27.74598075,29.9411394,31.18426274,33.48280082,33.96199324,34.14797681,35.08349808,35.47591804,37.98819204,43.37783078,46.55567546,49.02862621,49.35681407,52.2216576,67.60103196,72.82379773,73.47372417,81.56526823,86.63199054,90.18067116,97.53650514,100.25323522,101.66977919,101.76393994,102.19737482,102.67548392,103.16630953,104.093757,104.78218613,111.41830459,115.54189733,115.66296494,115.95826171,117.58949716,117.68438533,131.3625749,135.46392071,136.12983736,141.17168965,142.23009151,143.40091156,143.51381335,145.40458365,146.60280938,151.60737332,152.76036108,153.77056006,155.19234838,155.75485727,156.64000979,156.81777019,157.34072475,157.48911491,157.57122613,157.91596349,159.52771356,159.61419438,159.97671824,160.17340661,160.95668074,161.43005048]","[4,5,5,0,1,1,0,2,3,3,2,3,0,2,0,1,7,7,5,6,4,4,3,1,1,4,3,3,2,3,3,2,7,0,1,1,0,0,7,4,7,1,1,0,0,0,0,1,1,0,1,1,0,0,1,0,1,0,1,0,0,1,0,1]"
"[8.30755022,14.7575783,15.63309327,15.8241276,15.86279677,15.93907634,16.34416812,16.47647944,16.52836819,16.63853453,16.67850124,17.48700987,17.76372542,17.81183054,18.01309728,18.34346477,19.89669101,20.06054074,20.26428322,20.67435497,20.85809972,22.69314874,23.01651566,29.81967121,30.87951645,31.88419668,33.97531956,36.43285879,37.10903746,39.50542483,39.70297833,39.84301663,39.95814405,40.44893084,40.52663368,40.55472697,40.57768395,41.21783677,41.58374839,42.05323906,42.147246,42.77379758,44.95844824,46.05654962,46.67091893,46.67717961,48.19950524,48.96938804,49.20543009,49.27748015,49.71171936,49.97765676,50.26903858,50.35127762,50.80648005,51.12765544,51.69497819,52.28692767,53.19916071,53.41598676,55.30989899,56.14305721,60.37554761,60.63994377]","[7,0,2,1,3,1,1,0,0,0,1,0,0,1,0,2,0,1,0,1,0,0,1,7,5,2,1,2,3,3,2,2,3,0,1,0,0,7,1,1,4,1,0,0,1,1,0,1,0,0,0,1,1,1,0,0,3,1,5,4,0,5,0,7]"
"[7.0629478,10.43362196,18.09386968,23.62219866,26.29606347,28.73095616,29.37614667,29.79445636,30.19952659,30.87033636,30.94699444,31.16100603,31.35210122,31.66905774,31.90083183,32.79081287,34.31310143,34.35196077,34.39342247,34.81171378,36.38126192,37.71867614,40.69113421,40.84188427,41.0835881,41.50532871,42.33554645,42.52345502,43.9335808,44.06964445,47.91486104,48.2201655,48.52755132,54.92849328,55.76762801,60.25533012,62.1353589,63.18019896,63.48475881,63.56153729,63.97549505,64.18171534,64.18420183,64.71383113,65.89193057,69.5636188,69.98226141,70.08514653,71.00084601,71.5936286,72.18217335,73.40674964,73.83103346,74.34014485,74.34976416,75.44054455,77.75936681,77.83912724,77.92082017,78.04279456,78.82438781,79.24793401,79.65907687,80.17386384]","[7,2,1,1,0,0,1,1,0,1,2,0,3,1,1,1,0,3,1,1,0,0,0,1,0,1,1,0,5,0,4,1,5,6,5,6,0,1,6,0,1,0,1,5,4,2,0,0,1,1,4,0,2,3,1,0,1,0,0,1,1,1,0,1]"
"[9.84691789,10.9578545,15.49658439,16.27409204,16.27934638,16.51041658,18.92236095,19.58486396,20.94407723,21.21201874,21.72431426,22.01463303,22.77038728,23.09982306,23.10527502,23.42872351,24.21209403,24.94274971,25.8323935,25.8457499,27.0610848,27.46038139,27.62639416,27.77486806,28.5413593,33.65823759,33.81136553,33.87766789,34.29699669,35.35173787,37.10262242,37.27446215,38.03876611,38.11192857,41.50170464,41.81473822,42.19981096,42.79229285,53.57884096,54.05986624,56.08400774,58.57288081,61.96080451,62.30068082,62.78024153,64.02022901,65.57630264,71.09045679,71.8902177,79.88478044,80.57393592,82.1022342,83.49699103,88.3685868,89.33553541,90.58412231,90.91152436,91.26356133,92.43576734,93.06475873,97.4482315,98.49955431,108.7474209,119.03587651]","[5,2,2,3,2,3,1,4,0,1,2,1,3,0,2,1,3,3,7,5,2,1,2,3,3,1,0,2,3,0,1,1,3,5,7,1,5,1,1,0,5,1,0,1,1,0,1,3,5,2,3,7,2,3,0,5,5,4,1,5,3,2,2,4]"
"[4.22788069,11.44261782,13.44733478,17.55921633,19.93596902,20.70659203,22.00978666,23.62920285,25.86969652,26.46343885,28.22109685,29.56168849,31.36363908,31.92428595,32.08767282,33.58981298,35.75285988,36.40258313,37.42125004,37.64596155,38.4123517,39.65467485,40.12275071,40.79258003,42.49062801,47.65415788,48.5901695,49.44952479,49.69669444,50.39251729,50.920914,51.44466254,51.56060954,52.85099005,54.05579859,62.45481381,70.97994812,71.69955837,74.69453563,79.39149328,82.15613061,85.66825294,85.87751011,86.03252577,90.28879643,93.51831089,94.24030694,96.0073716,97.23395619,97.57519198,97.64288945,97.8603281,98.39669067,101.6148082,101.94949692,102.17954746,104.9679342,105.42869884,106.25740718,106.60035252,107.08707877,107.31057108,108.30666171,110.58187381]","[1,4,6,7,3,1,3,3,2,2,3,1,3,2,1,7,0,0,3,1,2,3,4,1,2,2,2,6,3,6,2,3,2,2,2,1,4,7,4,4,5,0,5,1,7,1,6,5,2,1,0,6,0,3,0,1,2,3,1,3,0,0,3,3]"
"[7.39776977,7.85245048,11.62576212,13.19245706,14.05863653,25.02326022,25.34897924,25.53879971,25.71543135,25.83605797,25.89724527,25.96801133,26.02042476,26.09970054,26.16914335,26.17328288,26.47143773,26.54470246,26.81944841,26.85003127,26.90476517,26.99966586,27.01705752,27.01862882,27.17477676,27.38140304,27.6670772,28.64479095,28.83995502,29.09322895,30.44667467,30.47141221,30.9270171,31.13436164,33.41029506,33.80074647,35.46341773,37.73088895,44.87594609,52.82583226,53.6104397,54.62935742,54.66030442,55.54916019,55.60771599,56.85185481,57.69741413,58.04569253,59.06835747,59.12206781,62.16634817,64.07598993,65.40898301,67.97570648,68.77403906,70.11666291,71.80946354,86.82424292,87.87721145,88.86913022,89.47856833,91.76060001,92.62108338,98.32393288]","[2,5,2,7,3,2,1,3,0,3,3,2,2,3,3,0,2,3,3,2,2,3,4,2,3,3,3,2,3,3,3,2,2,2,3,3,3,2,6,0,0,1,4,1,0,1,0,0,0,5,1,1,5,7,0,7,3,1,6,0,1,2,2,0]"
"[4.43102819,4.78968458,6.28133704,6.76414548,7.16737682,7.48103128,7.72130616,7.93420048,8.19457718,8.42637215,8.76595242,9.11623647,9.13625963,9.31231172,9.64988215,9.78002618,10.0742309,10.82347191,11.34674324,13.61464826,13.70990117,13.74670873,14.34106889,14.45650826,14.82413897,15.56028697,16.36956436,16.99866532,18.1536115,21.80162412,23.73338657,23.93974615,24.2734672,26.7996321,27.78869226,28.26769406,28.87204858,29.37639885,29.47490378,29.75751343,32.12536544,35.05911986,36.53148389,41.52725346,42.25269244,42.54190754,42.79920964,43.0233488,45.66892609,47.94886807,57.05419754,58.15640098,58.28735118,59.32889434,63.43743897,65.26024675,65.42260156,67.04083736,67.43300376,67.6005567,67.82050806,68.20660089,68.371079,68.45746058]","[0,1,5,0,1,1,0,1,1,0,1,0,0,1,4,5,2,1,1,5,1,0,3,0,1,0,0,4,3,5,2,3,4,2,6,0,1,6,0,1,1,5,3,5,2,3,3,3,5,7,0,1,1,0,0,1,0,3,3,2,2,3,3,4]"
"[3.17061147,6.95498244,9.16938534,9.25191294,10.51455109,12.03873684,12.30788329,12.51348987,12.79688349,13.88576128,13.90683536,15.73863945,16.22765225,16.38306125,16.64560521,17.81545026,19.80547109,22.5736243,23.36284783,25.56281985,25.7657785,26.89879145,28.30052856,28.548627,29.51680515,32.50769468,33.42039988,35.76652003,37.05931876,38.03902862,38.06988094,45.31956845,45.95669183,53.77298087,56.66281956,57.21574826,58.25547936,67.06720987,67.84379739,71.93320032,72.74882458,75.33887804,75.96048338,76.03480484,76.63552759,76.75476425,76.88344829,77.04499845,77.22773535,77.96133428,78.2443038,78.65628656,80.07383638,80.45304726,81.10800536,82.61896945,82.84333713,82.86873279,82.98824467,84.67872122,85.14704089,85.3944965,85.55886274,86.37420645]","[7,0,1,2,3,2,3,2,4,7,3,2,2,2,3,3,2,7,3,7,2,3,3,2,2,3,1,0,1,3,4,7,4,1,3,2,3,1,1,2,7,3,3,1,0,0,1,0,0,0,1,1,0,1,4,0,3,1,7,1,1,0,1,4]"
"[3.21706324,4.01737881,4.21269785,7.03306259,7.03447298,7.24719122,9.85494835,11.96021837,12.41854389,16.50111726,18.25207868,21.12120909,27.59888329,29.48219171,32.05326941,32.66534096,34.22236971,35.53169538,39.37617736,45.64742614,47.98624292,47.99925532,52.93973795,54.28778845,57.64981719,57.79529763,62.72582241,63.09524593,74.02254046,76.86269369,77.26732765,78.16642026,78.59434562,79.96650981,80.4072035,80.7449822,81.56762574,85.71975093,86.06571672,86.23955284,87.49651286,87.72095245,87.73254318,88.34973791,88.67246461,89.28640491,89.81166962,91.79342468,93.32112369,94.99316894,95.40982118,95.58297627,95.6335355,99.63765057,99.93839438,104.03630103,104.59660219,104.9243744,105.82697338,106.21727993,107.15470649,109.13839463,112.20306146,112.42792738]","[2,3,2,3,2,3,3,2,3,7,3,7,4,5,0,1,1,1,7,7,1,0,3,1,3,4,6,2,5,4,5,0,0,2,3,1,3,1,4,0,5,0,2,2,3,1,3,0,2,6,1,1,0,0,1,1,0,1,1,0,0,1,0,1]"
"[8.49496972,9.90240029,13.672148,14.26814385,15.80654681,23.58411527,24.57408856,26.17056855,26.72715268,27.36212886,27.39552151,27.81435832,28.01293087,28.62008081,29.03774619,31.34464095,32.29979478,32.40440289,32.60477152,33.37064632,33.49010951,33.83459914,34.09057148,34.20723442,34.74055848,35.061198,37.29192443,37.65674608,37.80500856,38.25111312,38.81449878,39.26791539,39.30087547,39.43110583,39.50673425,40.64255833,43.43514838,45.3002082,56.62398604,60.49372575,61.66433647,61.68191235,62.05418085,63.19389189,63.68609254,64.7401719,64.92790464,64.95810192,65.08605285,65.28542179,66.27410418,68.5866615,69.66899012,70.01696234,74.66633132,75.80841922,77.54926761,78.27120095,79.89378068,80.00803663,80.57286752,81.7696905,84.00969233,84.29886407]","[1,0,5,6,4,7,0,1,0,1,0,1,1,1,4,1,2,3,2,2,3,3,3,3,2,7,3,3,2,3,3,1,2,0,1,3,0,4,6,0,1,1,0,6,0,1,1,0,1,0,5,0,1,5,1,2,3,4,4,3,2,4,2,1]"
"[1.99832129,4.20018428,5.64439917,7.41526543,7.78113575,8.27723327,8.40540408,10.52756938,10.86229617,12.45736472,14.04254723,34.04551721,35.29957391,37.72639062,37.86037234,44.19098233,44.64359148,47.37971554,51.81738462,52.01101344,54.03623852,55.12240885,58.02638292,59.32223468,60.32640163,61.77376298,63.47951642,63.5860632,64.87790393,66.78406998,68.16291655,68.5581238,68.66721415,69.10700071,69.52757738,72.47887745,72.9513853,73.18711993,74.30713419,76.02318838,76.58108667,78.3230577,81.94623913,82.84902532,84.44771216,89.25858382,90.36068049,91.66316522,94.64600848,97.47014136,99.12430473,99.12880104,99.89323613,100.82259283,105.6181278,105.97294016,106.66809942,106.82539406,111.17896378,111.82830623,114.57572303,115.91014837,117.72808339,119.66301986]","[0,1,5,1,0,0,1,6,1,0,1,5,5,7,2,1,0,2,3,1,2,3,2,3,3,2,4,5,3,1,0,1,6,1,0,4,5,1,1,1,7,2,0,5,1,7,0,7,1,1,1,7,0,1,0,1,1,0,2,3,1,2,2,3]"
"[2.56338668,3.24907122,10.06397674,10.15795683,11.72983277,15.39778144,16.51487118,16.54770207,18.26720765,18.73540385,19.79541906,25.1757699,25.3860726,25.7554418,26.14899038,27.35361509,28.38841599,29.70907977,30.69467514,32.12620638,32.24195379,32.54373701,32.67051175,32.74905138,33.6834682,35.14500627,36.4849628,40.40477778,41.47268781,46.23127532,46.33310498,47.45408374,54.16892981,55.30389315,60.12419945,64.64876387,67.82388261,69.59240439,72.72547298,72.83648184,75.7115521,76.93667052,78.51268209,79.8348898,85.32691965,85.92574249,87.40611885,88.34088852,88.37349381,88.58732567,91.59427879,92.27225536,93.01706597,93.18038769,93.27931173,95.18190817,96.15302612,97.14565197,97.15003865,98.4007946,98.94189941,99.09710265,99.55930672,99.69146463]","[5,2,7,7,7,4,2,3,0,5,4,3,2,2,2,3,2,2,3,1,0,2,2,5,3,5,0,2,6,0,0,1,4,4,2,6,6,7,2,3,0,3,3,7,2,1,1,7,1,0,0,1,1,0,0,1,1,0,0,0,2,1,0,1]"
"[3.8610556,5.36384524,9.26292117,16.15088814,17.86885773,18.04711448,18.04740406,19.6322378,19.99592533,21.70424882,22.5361225,25.00130102,25.51721001,25.6135655,29.5031804,29.85958885,31.03741662,31.27919991,31.95040491,32.40998942,33.55093577,37.51503947,39.50301323,40.4029386,41.39850795,44.08828609,45.88715093,45.94772422,46.22816082,46.69614132,46.87140079,49.18061625,49.26608538,49.96641456,50.9337081,51.79756405,51.8250239,52.4396082,52.61957733,55.3141757,57.51802541,58.54259295,58.60751034,58.92578824,59.30113767,59.44733239,59.68214489,60.41750165,61.9004867,66.17340127,67.88869834,69.47669551,71.10176254,72.7317491,73.22132653,73.76482958,73.83211978,73.986986,74.46004432,74.70949457,75.74875637,75.83997437,76.92155464,78.25257657]","[6,7,1,2,1,3,0,1,0,0,1,1,1,0,0,1,1,0,1,0,6,5,7,2,2,3,3,2,2,2,3,3,3,2,2,3,3,2,3,3,6,1,1,3,5,0,0,4,1,2,0,7,1,4,5,2,6,3,2,3,4,0,1,0]"
"[1.12759949,5.17965404,6.90584423,7.12110666,7.1396282,13.36941241,13.59777301,24.5948617,33.08587835,33.10213726,33.90854699,35.9849567,36.27562725,37.54424713,37.54656571,37.57535875,44.85159211,44.9263563,48.03539104,49.14857021,50.02946248,50.79278947,50.80192774,51.25588695,52.66358718,54.16643202,55.52150185,56.38427316,62.2289202,65.3069785,68.94749482,70.49838896,75.47461468,76.62507047,77.97687997,78.13786059,84.46783884,85.70566023,85.74034706,86.08347802,86.37439724,86.74592219,86.94940077,86.99605787,87.92742157,88.41299491,88.57067891,88.62653965,88.95579186,89.27405941,90.42897384,90.43378954,90.62508702,90.90335157,92.22247234,92.23135885,93.05936483,93.16075541,94.43299953,94.50508066,95.96864417,96.83274458,96.86153598,98.34669735]","[5,3,5,1,4,5,3,7,2,3,3,1,0,4,1,0,1,0,0,1,0,2,3,1,3,1,7,0,0,5,5,2,7,7,7,7,0,1,0,0,0,1,1,1,0,3,0,3,0,2,0,1,0,0,3,1,2,3,1,0,0,1,1,1]"
"[3.12421756,4.03970812,6.0144863,7.19198061,7.28850696,7.61024434,7.65353225,7.98563925,9.26708665,17.03252736,19.34436162,39.23353031,41.69869094,42.00464874,46.04210533,46.59459027,46.90048924,51.58521704,51.65998598,52.59714277,53.80337166,54.13275456,55.04025564,55.16711606,55.71577073,55.95112374,57.06922268,58.69994585,70.74906689,72.10120879,72.64750425,73.09958865,79.90859364,87.21616889,90.20284618,90.51133298,91.48727468,93.51071097,93.54777521,94.02764072,95.41186447,95.62400014,95.81439335,96.71296589,97.14582736,97.51646463,99.97329297,100.78577942,100.98228882,101.36784396,101.93021675,102.51717265,103.54834664,104.06297116,105.39233823,109.89967926,112.14447311,114.75756104,117.27039041,117.65012566,118.23528697,124.12172742,127.00495898,130.66203822]","[3,1,2,3,3,0,3,2,5,4,2,5,2,2,5,1,7,0,1,6,3,2,1,0,0,2,7,1,7,4,1,6,1,5,2,5,1,2,3,3,2,3,0,1,1,3,3,2,4,5,0,1,1,1,1,1,0,1,1,0,1,3,5,5]"
"[1.33327244,1.88241063,1.9009025,2.50124341,3.4642138,4.15017896,4.31740297,4.64591505,4.66325779,4.96549599,5.01547018,5.14349039,5.1678135,5.51014367,6.05569383,6.39223296,6.660569,7.72811995,8.29854129,8.68121393,8.84414437,8.95476646,8.97920777,9.21782536,9.42239031,9.94484267,10.40380534,11.35884839,11.64856886,12.02136245,12.24544874,12.60951129,12.64763925,13.04721082,13.13919534,13.35326659,13.94711822,13.96004623,14.10598268,14.1381544,14.14767663,14.16565214,14.53293499,14.77556731,14.9038888,15.01249219,15.11166415,15.49555927,15.81121806,16.02581214,16.0938662,17.60538427,17.68335114,17.68932841,17.9495063,18.00610112,18.22145213,18.79504017,19.97424632,19.98088098,20.41077623,20.75098045,21.35403253,21.58233533]","[3,2,4,3,2,3,0,1,2,0,4,1,1,2,0,0,1,1,1,0,2,1,0,0,3,5,1,1,1,0,0,1,0,0,1,0,0,1,1,0,1,0,1,0,1,1,0,0,1,1,0,1,0,1,7,1,1,0,0,0,0,0,1,0]"
"[0.61957127,0.85109525,13.15239838,15.80277231,16.9670581,17.45036946,23.70099323,28.02905792,30.37089465,36.3616238,39.9851933,40.8250222,40.99351774,42.97777434,45.80801352,47.20224016,48.07801331,50.61768452,51.04372963,60.12918065,63.37674904,64.96692282,65.55403108,66.20011744,76.33945639,81.33737339,81.34961814,81.87193978,82.13517971,83.83999866,83.85888838,84.71009697,86.93602213,88.96886183,91.17065007,91.94440958,92.76317962,93.61742737,93.73296454,93.75678396,94.21582119,94.48316023,94.54521906,94.60986263,94.81139228,94.84772335,95.71236077,96.59982006,96.99739948,97.07179315,99.17066452,99.58727266,99.62724568,99.64182345,100.30052365,100.36712439,100.47555085,100.83318218,103.46474669,110.0507067,113.2217267,114.35437934,115.01577875,116.52846016]","[7,5,6,4,1,0,1,5,7,7,1,0,5,3,7,5,1,0,1,4,5,6,2,1,5,5,1,5,0,0,2,3,6,1,0,1,0,0,1,1,1,1,7,0,0,5,5,7,1,1,1,1,0,3,0,0,2,5,6,0,6,0,2,1]"
"[0.65756565,8.98006951,10.56815513,11.76019054,12.33671744,17.04274025,17.56995368,18.96543905,19.36764294,19.42610345,20.78459853,21.19913477,22.77168778,24.19405885,24.36854011,28.5827565,28.89907772,28.9815712,29.50843999,33.3789493,35.833724,36.06172834,36.27780408,39.09183912,40.3423,40.39112372,40.58745642,42.83257266,44.18757183,45.06042765,46.65526913,47.50790152,49.74586804,50.45895178,52.05388072,52.07277927,52.59014311,52.64986816,53.34411636,53.63989288,55.06198607,55.22915937,55.27345578,55.46638435,56.08750789,56.1503388,56.21102115,57.32783243,57.43823772,57.56905203,58.81858579,59.40278966,59.40313169,59.68419668,59.87944733,60.04261101,60.06943799,60.18119634,60.22700004,60.60485811,60.66087201,61.36311679,61.52686886,61.57892387]","[2,4,7,4,7,1,0,3,4,0,1,5,4,1,0,0,1,6,2,3,1,0,1,4,0,0,1,0,1,0,4,1,1,0,1,0,1,1,1,0,0,1,1,1,0,0,1,1,1,1,0,0,7,0,1,7,1,1,0,5,0,0,1,0]"
"[0.93660816,1.17938725,3.00565283,6.64343842,7.32267113,10.09327942,11.41373822,11.70521737,12.16490512,14.9051122,14.90683651,14.95144029,15.99862431,17.58986165,17.73550062,18.81447879,18.99339831,19.12188616,19.2737405,19.33442581,21.40801667,22.53745981,23.34869574,23.71643707,24.7921664,24.81743934,25.21556252,25.59527416,25.6455623,25.67650287,25.79937757,26.78635688,26.83579499,27.17813815,27.20366178,27.31283108,27.77256805,28.37147484,28.5091235,29.91007492,30.3319274,31.06941724,31.13050206,31.51307131,31.69165908,31.74598156,32.43685886,32.93478819,33.61597224,33.85700134,33.96888385,34.27502476,34.30755995,36.12409762,36.38486416,37.21901196,38.09413185,38.52109307,38.53245619,41.67443698,43.33709339,43.97676902,44.26987849,44.28926618]","[1,3,3,3,2,1,5,0,1,1,1,0,1,0,1,5,1,2,0,5,1,0,0,1,0,1,0,0,0,1,1,0,1,0,1,5,7,2,1,2,6,0,3,1,0,1,0,1,1,1,1,0,0,1,0,4,0,5,1,0,1,0,1,1]"
"[9.19989035,9.29078911,11.14153573,14.11270357,14.57733107,15.30043796,15.9460754,16.07760226,20.8256213,23.29677834,29.81200501,30.93119687,31.07197657,31.75553169,32.2399061,32.28187316,32.30196471,32.77150131,33.6754409,34.38833111,35.70111868,35.7228344,35.8407464,36.94554502,37.506995,38.44104899,48.29819095,54.54962026,55.73361466,56.43583338,57.41509997,60.70652895,61.58290976,61.79833164,61.9195621,62.12485752,62.49531232,62.64172332,62.65984999,63.25740944,63.46233905,63.54751355,63.84434977,64.96591464,65.07105254,65.09257037,65.10317912,65.2022936,65.76396028,65.77788187,65.77817766,65.83564752,65.88883179,66.01856369,66.03365501,66.2142391,66.25848639,66.28537392,66.37680288,66.90179323,67.01179756,67.26593555,67.40146213,67.76450014]","[5,1,3,1,7,0,5,7,3,4,3,0,1,2,0,3,0,1,2,3,1,0,3,1,2,1,5,0,3,5,0,1,0,0,0,1,0,1,1,0,7,2,0,7,1,1,0,0,2,3,0,3,0,5,3,1,5,4,1,0,1,0,0,1]"
"[2.9737272,4.70656792,6.79138837,7.9595037,8.25755706,9.08529115,10.98976363,12.57835482,12.63034383,14.0279887,14.08369085,18.74716295,18.97673086,19.79266069,20.93042158,27.2158302,27.83395401,29.78784387,29.89646929,30.29751051,30.67399096,31.09413553,31.84839527,32.26654336,33.48282713,33.59652482,34.41371219,34.74824488,35.75718774,35.87390528,36.20427534,36.47760137,36.73518786,36.98874383,37.30425056,38.10440987,38.46095872,38.95190815,39.35907753,41.368059,42.23538481,42.65049518,42.65527846,43.23762763,43.87522439,44.19207414,44.34574206,44.90306066,45.58194935,46.47152784,47.1987038,47.79487271,51.86656276,52.08789279,52.93459871,53.62637824,53.73513894,54.37141987,55.77870915,56.79789703,58.50708961,60.52718343,61.14544544,62.57931858]","[5,7,2,0,5,3,1,3,2,1,0,7,0,1,7,1,7,0,1,0,1,1,0,0,1,1,3,0,0,1,0,3,1,0,7,0,2,3,1,0,2,7,6,1,3,0,1,2,1,0,3,2,0,7,0,1,1,5,3,0,6,5,2,2]"
"[1.23086771,1.7302631,3.32458217,8.2595026,9.57509054,9.71899179,10.18348884,11.07049659,11.09724719,11.13496374,11.49129672,11.70171134,11.72679228,11.77370043,11.91368382,11.99104758,12.03446938,12.16061638,12.6888396,13.14029163,13.16156573,13.34797226,13.50611961,13.67721964,14.13065016,14.62770465,15.08163009,15.69032507,15.69566388,15.80036584,16.22910698,16.54113854,16.68199534,17.75635256,17.97780767,18.27486174,18.61961653,18.75728085,19.19337102,19.22120785,19.29214031,19.33408603,19.50840788,19.6596359,19.87857376,20.20283058,20.36321248,21.48446138,21.49129413,21.78779952,21.84388217,21.95960892,22.21596592,23.38631093,23.44184421,23.75212222,24.92007597,25.04512837,25.26693899,25.39099069,25.7159972,25.99365045,26.7020417,26.82066171]","[2,7,3,4,6,0,6,0,6,1,1,0,4,0,0,1,0,1,1,0,0,1,0,1,1,0,0,1,3,1,1,1,0,0,1,6,0,0,1,5,1,1,0,0,0,1,0,0,2,0,0,3,0,1,4,1,0,4,0,0,2,3,2,1]"
"[5.35056807,5.42627372,12.53305332,13.00048855,16.36334053,17.09271065,17.43759239,17.91065031,18.15353931,18.48652181,21.48089068,22.72786996,22.86379858,23.76065692,24.72180166,24.86674637,24.98272071,25.79307745,25.79990581,26.05882161,26.51288847,26.62670797,26.64346786,26.92894635,27.05916123,27.17927636,27.19833745,27.28772932,27.30953397,27.50959518,27.9371575,27.94344082,28.23198166,28.31582594,28.47543567,28.5955003,28.82515591,28.8620002,28.8771881,28.9243165,28.99491824,29.20787287,29.32241892,29.42592195,29.70689183,29.98112249,30.11085579,30.24155597,30.44131211,31.09684848,31.18095144,31.2339155,31.45363212,31.63425405,31.74296424,31.75565601,31.95095846,32.53070205,32.79711763,32.81948074,33.09562202,33.15333631,33.35197904,33.45133869]","[0,1,5,5,2,0,1,1,0,0,5,1,0,3,0,2,1,1,0,4,0,1,1,0,0,1,1,2,1,1,1,0,0,0,0,1,0,0,1,1,1,0,0,1,1,1,0,1,1,0,1,0,0,0,1,1,1,1,0,1,1,0,1,0]"
"[3.71873724,3.98110443,6.10510207,6.83670706,9.72364096,11.49431652,15.18209895,19.31192453,21.37114232,21.6085148,22.18341963,23.01770355,23.16116582,23.16833014,25.03400249,27.51035875,27.67487514,29.59031282,29.97612904,30.4792178,30.48296049,34.25427999,35.58197964,35.81390367,36.78925555,37.03824403,39.05713322,39.20011154,42.11428498,42.16157707,42.35752014,42.40454676,42.53394194,43.62693642,47.09965284,47.11503186,47.80199134,49.14844508,49.24590119,49.44950979,49.74613071,50.45772402,50.96998423,51.73966256,52.50210455,52.95731527,53.02485076,53.03147038,53.10750342,53.89895732,53.94900659,53.95578279,54.10993418,54.26300642,55.18067425,55.19827411,56.05264457,56.2071577,56.37663162,56.51392471,57.09396201,57.61442644,58.12463323,58.19317978]","[5,5,0,0,1,7,4,0,0,1,1,0,1,0,1,1,0,2,0,5,1,3,3,1,5,0,5,5,0,5,1,0,1,0,0,1,1,1,5,6,2,3,5,1,1,0,0,1,3,5,1,0,0,0,1,0,7,1,0,0,1,1,0,0]"
"[0.62040544,1.19505468,2.66652535,5.20605071,6.08842972,6.13066975,7.56733595,8.67111864,8.71868824,11.08132594,11.14738714,13.16515369,13.58776089,14.32856754,18.32334547,19.88382078,23.41699464,28.59012229,29.48822721,32.86585732,35.35848935,35.646799,35.87040264,36.47052982,36.48718767,36.79712209,37.25266,37.44529937,38.1048238,38.52856217,38.77645573,39.1942716,39.58152101,39.77561771,39.87875582,39.97131616,40.2408964,40.33121349,41.50117942,41.79679492,42.4414916,42.61292191,42.63625109,43.50115949,44.31733101,44.35890589,44.82886748,44.96992588,46.04178819,48.89612832,50.666753,52.09222708,52.86212791,53.35789335,55.37852493,55.7603199,57.18253055,59.2937773,63.53879152,64.70395642,67.24346211,68.71197657,68.85557935,70.76441618]","[2,3,5,2,1,0,7,1,5,2,6,3,6,0,1,4,2,0,1,1,0,1,0,0,1,1,1,0,4,0,1,1,0,1,1,1,6,0,0,1,1,0,1,0,1,0,1,0,0,5,5,2,5,1,2,5,4,5,0,1,2,1,0,4]"
"[5.03122519,5.19482919,5.71596243,7.5484949,8.88488709,9.07806243,9.68782617,10.48027338,10.85715815,11.77595796,12.96960366,13.27595787,13.76075185,14.16578732,14.46644018,14.98733511,16.71990949,19.64795882,20.87461287,22.0362119,23.40081138,25.90962639,27.84027181,28.10103872,30.6895466,34.90879551,36.11781216,39.48237683,41.38407188,41.79964541,42.16568205,49.77330491,52.63394212,52.83881822,54.52059019,57.41557763,57.89123883,67.63751751,68.33948038,73.66916945,78.69091969,80.47610337,80.98423899,82.51415466,83.31231841,83.46642318,87.55609228,89.62635969,89.97765817,91.47038545,91.65208182,91.94525761,93.51582302,96.50009179,99.59923269,103.31606111,105.17806431,105.24980478,105.99126459,107.31535828,108.74456826,110.19726485,112.03633065,112.66047096]","[1,5,4,0,1,1,1,0,1,1,0,0,1,0,1,1,0,4,5,7,5,1,2,3,5,3,7,5,1,0,1,7,5,6,5,7,6,2,3,1,7,3,7,2,5,4,1,3,7,2,4,3,1,3,7,0,5,4,4,0,0,3,1,0]"
"[1.07310194,16.57210094,16.81214317,20.44788444,25.4010551,27.78910468,28.59881213,36.24253266,37.35246841,38.33135387,38.44165615,38.68636575,38.79573656,39.75335609,39.83153667,40.46472875,41.22274023,41.47117159,42.98462241,44.39402164,45.75209167,48.78789779,51.61453485,58.58980492,58.62228697,58.78443358,61.94955562,62.10485832,67.14788881,67.96112304,69.00200832,73.72955452,74.76446941,78.17095448,79.60469138,80.83334852,82.07546253,83.1527785,83.22908988,84.18667493,85.79222419,89.10035686,89.59384568,90.04673319,92.04661238,103.01917322,104.29034584,104.45512971,104.47764597,106.58948087,107.03278164,107.52445833,108.45434756,109.98923194,113.70043156,114.42049223,116.06338929,116.94179493,117.60910315,118.50572727,119.58972612,119.94744823,119.99131912,120.38889045]","[7,0,2,5,3,3,6,7,1,5,3,2,0,2,0,3,3,2,5,1,1,0,1,0,7,1,0,5,7,5,7,7,2,1,6,5,5,1,0,4,7,1,3,4,5,1,0,1,0,0,1,0,1,0,2,7,2,7,0,3,1,5,1,2]"
"[2.02695552,2.1407069,4.00149371,7.5628551,8.47113344,10.06622419,11.02529436,13.04239069,13.21712227,13.32415512,13.46218515,14.06279729,14.58610272,16.80313502,17.17409475,17.38021635,17.90633825,18.25026436,18.2976505,19.33027679,19.64480718,20.90636084,22.69545682,23.6252908,25.10673353,25.95868801,26.88944486,28.32490749,29.08188356,29.38672593,29.66549844,30.52086808,35.02358563,35.98004277,39.78982383,39.90027243,40.23100907,40.26000047,40.79921504,42.03828931,42.9700814,43.00386558,43.19991365,43.47004846,43.95509459,44.0998824,44.75465894,45.84022628,45.85819925,46.01700657,46.8284173,46.90929333,46.97201333,47.50478164,47.75810312,48.08844606,48.52842258,48.53559026,49.30528205,49.46112736,49.48339763,49.83398967,50.0639008,50.14158305]","[5,7,4,1,0,1,0,1,1,0,1,4,1,0,4,1,0,0,1,5,1,0,1,0,1,2,0,1,0,1,0,0,4,1,1,6,0,1,1,0,1,0,1,0,5,1,0,6,0,6,0,1,0,1,1,1,5,0,0,0,1,1,1,0]"
"[2.41019681,4.84931592,5.34486716,6.37349872,6.99835875,7.49666057,7.51954135,8.7738979,10.86176353,11.21022759,11.27743294,11.49455734,18.63653413,19.75518869,20.53226648,22.60584988,24.00284237,25.23483078,26.04758583,26.37226407,27.75072346,31.02065847,32.26698648,33.04935247,39.33034782,40.29295367,41.0020622,41.53918224,41.68201107,41.78911949,42.57584842,47.1281837,47.54309473,51.06409386,51.25362517,55.26283116,57.22679646,57.96233642,60.52455684,61.24738011,62.52452719,62.71709656,64.4805391,64.71740518,64.96734022,65.1253047,65.38411708,79.25811047,83.75972762,84.84284605,88.47280851,91.2248388,94.76152019,95.02160722,98.08671152,107.57249593,111.04053523,113.22158146,116.49829312,119.06627723,126.20699935,127.3898766,130.03755873,132.5683725]","[6,1,0,0,0,1,0,1,5,1,0,5,0,1,1,4,2,4,3,3,2,1,0,0,3,2,2,6,6,6,1,3,2,3,3,0,0,1,1,0,0,1,0,3,1,1,2,0,5,5,5,2,3,6,5,2,3,4,4,2,7,3,4,1]"
"[0.14171858,4.72719316,5.85077144,6.91199044,7.21520153,10.66034319,10.83660972,10.96908036,11.24356665,11.50030523,11.72982426,13.01997979,17.18460855,17.99858742,18.50215347,20.37348773,21.59709283,22.23450098,22.31187077,22.44886541,25.2899949,25.30334481,25.43919564,25.50874847,25.84720321,25.91255599,26.13091569,26.16045492,26.48070758,26.51136625,26.60018859,26.62058268,26.63826742,26.71377699,26.74906721,26.79949266,26.94368033,26.95129387,27.11684479,27.21433628,27.24890249,27.52898045,27.81024991,27.82618987,27.92856538,28.24180589,28.50997718,28.6492356,28.70779979,28.81020219,28.81047934,28.93339518,29.16188884,29.48068031,29.56851495,29.82095265,30.15267188,30.16414549,30.36619323,30.38967812,30.76327298,30.78484347,31.14289423,31.29715616]","[1,6,0,6,6,3,2,6,1,2,0,1,0,1,0,1,2,0,3,1,1,0,2,0,1,0,1,1,1,0,1,0,1,0,2,1,0,0,1,1,0,1,1,0,1,1,0,2,0,1,1,1,0,1,0,0,0,0,1,1,0,1,1,1]"
"[0.75112942,1.68252811,2.44395802,10.78029003,15.51212227,16.23312938,18.59634231,18.6072174,19.17636623,21.79525621,22.13000813,23.405953,24.37734068,24.49061334,31.47177632,39.50716111,40.43987968,42.91941147,43.71461896,43.85945931,43.94123082,44.00161624,44.74955134,44.8485285,45.73731866,47.01576136,48.16108668,49.26786192,49.30282254,49.47081458,49.62527758,51.65056517,65.42411511,65.44411788,65.5545092,67.3843087,68.05867248,69.62103354,70.78295175,70.79907752,74.38354853,74.62377137,74.76802,74.82968669,75.31408936,75.36119014,75.90385824,76.87197222,81.06432623,81.93975378,82.64445468,83.44835244,84.01109554,88.90517643,92.36641331,92.47095781,93.14014317,95.84978534,98.24968001,98.60340633,100.33915996,102.52293523,105.156944,105.87757626]","[5,2,7,2,5,0,1,0,7,0,5,5,0,1,7,2,3,2,3,2,3,0,2,2,2,3,3,3,2,4,1,2,1,2,0,0,3,1,0,1,4,1,0,1,0,5,1,0,4,2,2,3,4,7,2,2,3,2,3,4,2,3,5,2]"
"[0.29120013,1.82308791,2.38756772,2.58435539,2.60571508,2.89359529,3.00519116,5.76768048,5.92356227,7.44950876,7.66879604,8.87239556,9.98330137,10.93035391,12.1997313,12.27321787,13.38759744,13.90808029,14.71932321,16.53439215,20.45662316,20.48491298,20.49664288,21.90344517,23.48842387,25.65075012,26.46881137,27.79472129,27.89865984,28.27843322,28.39879344,28.83254428,29.91333682,34.59333254,34.67571401,38.70792799,38.86814194,38.91987702,38.97615942,39.75223533,42.78185497,45.51428768,46.05384428,49.02021712,49.18597363,51.31677395,51.56367735,51.58952846,52.02455855,52.17053968,55.88717223,57.94576048,58.84538711,58.85157862,61.03514139,61.12810157,63.57787191,63.77503467,66.07531604,66.5467139,69.30656068,71.09101565,73.72236445,74.80852824]","[0,7,5,1,4,4,0,7,0,0,1,2,3,5,3,5,4,1,0,0,1,4,0,0,4,1,0,0,7,2,1,0,3,0,1,2,0,1,3,5,5,7,5,5,2,7,1,4,0,0,7,1,7,0,0,0,6,1,1,3,7,3,6,3]"
"[9.10373453,9.18358832,10.49879373,16.16271841,19.00047333,21.32279552,23.87908826,24.83275148,33.17445833,33.21421688,34.35326976,35.7337464,37.49510568,38.24332487,41.06562231,41.07248105,41.72821893,42.64526531,45.49537616,45.96993762,46.70966273,46.96382646,47.0587667,47.2961422,49.25398904,49.29880486,49.96876425,50.65297947,51.15585106,51.20627115,61.8657111,65.78535372,67.4248213,67.49505959,67.50842263,68.68206614,69.44839036,69.99547975,71.30391743,71.85873312,72.30619666,72.93760477,74.75990115,75.06786236,75.35476554,75.60105253,76.4719226,79.19223965,80.31254039,82.28940979,83.59956058,86.29800164,90.87591039,93.29932375,93.67504208,93.8077898,95.49091952,95.78265427,98.79895251,98.91285998,99.95956324,100.07619073,101.57672306,108.24688093]","[4,0,7,5,7,5,5,4,0,7,5,2,0,1,0,4,3,5,5,0,1,0,1,1,1,5,0,3,6,1,4,1,0,1,0,7,1,1,0,1,1,5,0,5,0,1,0,7,0,2,3,3,5,2,2,3,1,0,4,3,0,1,7,1]"
"[5.05781934,6.50830231,8.19849028,8.82724933,11.2752956,11.30024692,11.47826538,12.87851686,13.19137422,13.41955959,14.0459072,18.13412775,21.95875842,24.86470937,25.9157651,27.36073359,27.71625497,29.39850833,29.41881348,29.71986609,29.9511287,30.4499964,30.57555487,31.33607791,31.39362597,35.6789065,35.99571124,42.80289781,47.84545985,54.35529185,54.65563627,54.70057385,55.5806856,56.31381367,56.42543966,59.15748711,59.22953183,59.733067,62.0080116,63.02585241,63.08262371,63.13956295,65.17525791,66.43020129,66.76839632,66.99951225,67.09106962,67.20738502,67.92189643,68.28101331,68.62386169,69.10883513,70.03332612,70.36885848,71.37946305,72.13769,73.31706356,76.13421608,78.48733699,85.97811801,86.05550523,87.96590911,88.56794078,88.66257002]","[2,3,5,4,3,3,2,3,2,3,1,1,1,1,0,1,0,1,0,0,3,1,2,3,3,7,3,4,5,1,0,0,2,1,0,4,1,1,0,0,0,1,1,0,4,1,0,1,1,2,1,1,0,0,0,0,1,4,2,4,1,0,1,2]"
"[1.60805392,4.25869984,8.79955925,10.33612705,11.05530677,11.79553541,12.43855961,12.57388437,12.88888279,13.27348753,14.13556285,15.18655694,15.47008216,15.55949529,19.25033683,20.22626079,20.66458233,21.006206,21.71321833,22.22481192,22.84978519,24.13826905,25.29483458,25.38094259,25.42037089,25.9539827,26.04167134,26.09971609,26.23923163,26.38554838,26.54215344,27.01703719,28.07257397,28.0843206,29.31395262,30.44425677,30.85255438,32.4486709,32.47577174,32.53206226,33.15821846,35.06689937,35.08828355,35.18551717,35.31220585,36.72551773,37.73097995,37.85400378,38.90539268,40.00104799,40.21989225,40.49375733,44.94568367,45.10504996,45.27374037,46.44024923,47.07509242,48.96990521,50.43349172,53.63121489,54.8252901,55.88978369,58.84190857,59.692154]","[5,5,7,0,1,1,0,1,0,1,0,5,7,1,7,1,0,1,0,7,1,7,0,0,1,1,0,1,0,0,0,1,1,1,1,0,2,1,0,1,5,0,1,1,1,0,1,1,0,1,0,0,4,1,7,0,4,2,4,7,2,5,2,6]"
"[2.68890378,9.34001937,9.84541745,9.91560722,9.93185065,11.12755581,14.53520937,16.19207751,17.08329724,18.49581796,18.78790931,19.09037215,26.35371923,26.78412068,28.17592903,28.21046233,28.78329559,29.00833866,29.53052169,30.24512587,30.6654128,30.69549665,31.95534456,32.33151075,32.43734654,32.74660803,32.80438093,33.01745542,33.50934102,33.57569352,33.76059278,34.28539181,34.42610725,35.07305289,35.76605374,36.13958846,36.88757082,37.13561955,37.16415032,37.22016661,39.28763721,40.42016633,42.69423257,44.60192814,46.18979112,47.18677261,47.9471395,48.42931451,49.1110776,49.66567989,50.09547952,50.45588578,51.34411352,56.2477713,56.48592059,57.472576,61.91629992,62.56036708,63.9366678,66.34671397,70.68352034,73.99802794,75.01599697,79.22922862]","[2,7,3,2,4,3,2,6,6,3,2,5,4,7,1,0,0,1,6,0,1,0,0,1,1,0,0,0,1,0,1,1,5,0,1,0,2,3,1,0,4,1,1,0,0,7,1,1,0,1,0,1,0,2,6,3,2,2,4,0,4,5,3,5]"
"[6.55713149,6.77183421,6.7897299,9.71762773,9.97427461,10.15806646,11.06488424,14.31129984,16.07423696,20.20510245,22.54402069,22.77461939,23.33765374,24.60372453,29.48802913,29.59145231,29.6134778,30.77913643,32.4112764,33.90799998,53.95740257,54.37978711,58.34021275,60.57060214,60.69438347,60.6948386,60.90359254,61.5802113,61.62245656,61.69521235,61.7105628,61.74482336,61.91583928,61.97978348,62.04463383,63.04617405,63.09565712,64.69014599,65.86987169,66.84586057,68.2234713,69.53788388,77.37844185,77.78327653,78.85696813,82.9194086,82.9382209,84.31610362,85.46992101,85.72931586,86.01331262,87.93479263,91.39012163,92.49489486,92.7020063,95.1479432,97.24372449,97.8617668,98.36747664,100.52357285,101.36128668,106.64265813,110.84083072,110.84390811]","[4,2,3,3,2,4,3,2,4,2,5,1,4,0,0,1,0,2,1,1,2,3,2,5,5,5,0,0,1,1,1,0,1,1,1,0,0,5,2,3,7,5,2,5,3,2,6,7,1,3,7,5,1,5,0,1,4,3,1,1,6,2,0,6]"
"[4.81135315,7.16680342,16.23522667,19.5624469,21.42079688,21.53346081,21.61779477,22.3915905,28.17198855,30.98144627,31.48582362,32.52586035,33.12612986,35.39830153,36.61484958,39.51198641,40.64316588,41.22477784,49.49960333,52.14501618,53.79030829,63.22120335,63.43297861,66.74318429,74.01467705,78.25310658,86.11986163,88.35703446,89.06703368,90.29418245,90.44319714,92.05104746,92.47243516,93.01182846,93.21633017,93.4537539,93.63276168,93.65083349,93.76545489,93.91111677,94.8856082,97.56255266,97.89595197,98.1278539,98.19145778,98.63853488,98.83243929,98.90163015,98.95851479,99.33567904,99.65394306,99.76663443,100.1902836,100.2089584,100.24799809,100.31897507,100.44913351,100.48421111,100.54031363,100.61243353,100.80122722,100.89772824,101.54149632,101.63148315]","[1,7,1,5,2,5,2,3,2,3,3,2,4,2,2,3,3,3,6,0,2,5,1,7,7,1,0,0,1,0,7,5,1,3,0,1,0,0,1,3,0,1,1,0,1,2,0,5,1,3,3,5,1,3,3,0,0,3,2,1,1,0,1,3]"
"[3.20459494,4.96626784,7.29611881,7.37140341,7.39411806,7.65912565,8.40110513,8.68337495,8.70892632,11.71797298,11.76582775,14.66820592,16.1897737,17.28330111,19.13878533,19.47335502,19.96949321,21.82246405,21.9163469,23.47340864,24.13750629,24.83862398,26.72977248,28.32953897,31.30449876,35.57055726,37.24391629,38.580359,38.80776446,41.65339747,43.41670271,46.24536582,46.83552733,47.28256285,47.56247933,47.72134108,50.57899771,51.58490997,51.90169085,52.06744013,52.33956911,53.1192269,55.32907542,61.02307585,66.36907627,67.60335454,70.54883759,73.06177941,79.31391215,79.73037378,80.18525347,81.27396949,81.55911548,88.56870468,89.04899319,89.66715957,91.96384672,94.26203054,96.76224525,97.9743724,100.08132653,101.80331858,102.42373011,103.21697981]","[5,3,1,2,0,1,1,0,1,5,3,1,2,3,0,5,0,5,1,4,6,5,3,5,5,6,2,0,6,1,0,6,2,6,1,3,2,3,3,4,3,0,1,2,3,3,1,5,4,5,2,2,1,2,3,2,5,5,6,1,0,7,1,3]"
"[2.97940597,3.30144617,3.61924091,4.03553866,4.58672428,5.19548986,5.26539855,5.54144698,12.26642982,15.0041747,16.77923832,27.03114135,29.02255148,29.56772406,29.72606129,31.58033906,32.25983484,32.4551806,35.86421821,36.15086448,36.4050166,37.9168633,38.07965073,39.69783392,40.54234454,40.64917477,46.25178022,48.01531752,50.68992711,51.20427412,52.22603038,53.40102784,55.01602795,55.02228162,56.88332652,56.92945928,58.62982642,58.73473975,69.67179586,78.88478782,82.53313405,83.65162091,83.90871966,86.24051628,86.97401696,87.80216746,92.45640935,93.35015993,95.68990793,96.66332684,99.7542892,99.75963923,99.82794901,99.96045067,100.51379958,100.61079266,100.65060481,100.70241649,101.29490166,101.38257174,101.5227558,101.5387629,101.76713462,102.04692072]","[0,1,2,0,1,1,0,1,7,1,7,6,1,0,1,1,0,1,1,5,7,0,1,7,3,5,4,5,1,0,4,1,0,7,5,2,7,3,0,5,1,0,6,1,0,2,0,1,7,3,2,0,1,5,1,1,3,0,2,1,0,3,2,2]"
"[14.71441292,19.63734701,23.04297915,23.77061342,24.34017046,25.2147842,26.53242557,27.99964548,33.18095182,34.59715083,35.50408472,36.41138214,37.64217906,38.47083414,45.38981521,47.07670421,48.00060318,49.27745654,49.36727912,49.6943233,50.30672,51.34296563,53.53441723,53.99399001,55.72971221,58.79732317,59.50788847,60.91479629,60.97645594,63.29144287,64.30122051,69.00342352,69.27785767,69.29818959,72.91764455,73.41972975,73.68239606,73.82886503,74.59687362,74.78838214,75.09548717,75.43974956,79.12569765,79.49185555,81.32266826,81.70754253,84.30303771,84.31774487,85.67352716,88.53735585,89.12325321,89.59952142,92.18962286,92.77761956,99.28157735,99.71239152,100.08514977,101.66919201,102.6665802,104.48284671,116.32136801,119.37935304,119.71903274,121.80352682]","[5,2,7,2,0,1,4,0,3,5,3,4,3,2,3,1,0,2,2,3,3,2,7,7,6,3,3,2,7,3,2,7,3,0,1,2,0,1,2,3,5,5,2,3,5,5,4,7,5,5,3,5,6,0,0,3,1,6,5,7,5,1,4,0]"
"[6.80042539,8.68685772,11.23720089,11.2894808,11.96912849,12.0692034,12.71969529,12.96756224,14.04491764,16.12310334,16.73341631,16.84318751,17.39004829,19.52768713,19.60609221,20.37782924,25.544193,26.04367243,26.0852914,26.25276006,26.26110114,26.55956676,26.6615084,27.20597326,27.25441166,27.83283575,27.97789675,29.15266187,29.22597115,29.27893264,29.95833424,30.24340802,30.39610664,31.37910928,42.7157612,47.08249503,48.55812167,48.93356421,49.02348523,50.7815803,50.91967618,50.97834422,52.14738923,52.93427637,54.35610155,55.84529293,55.87895448,56.22032483,56.25334512,57.33841965,57.87654029,58.83674996,59.31700842,59.34509942,63.88610932,64.540502,65.58438329,65.58717245,65.81394905,67.01283838,67.02128623,67.20019771,68.34341538,68.43719201]","[6,0,1,6,0,1,1,7,0,6,6,6,7,1,5,7,0,1,0,1,1,1,1,0,0,1,1,0,1,1,0,1,0,1,7,6,1,5,0,2,3,1,3,7,0,2,3,2,3,7,1,0,4,0,2,1,0,1,0,2,1,0,0,1]"
"[4.10988855,5.72061781,7.2591873,8.78844212,8.85661132,8.90488098,8.91322218,9.53690638,9.57970034,9.58913909,9.94547992,10.21227445,10.28634845,10.84127023,11.12818268,11.18182068,11.20762861,11.47912418,11.78549167,12.17662612,12.28640822,12.41264241,12.87110588,13.20666044,13.48712093,13.69771907,13.84346598,14.14275461,14.29753685,14.83604194,15.50197333,15.95221181,16.55714565,16.65566033,17.06872277,17.09916758,20.68827082,23.58318632,23.599822,23.83054121,24.98527345,25.1534225,25.66777714,25.74800993,27.02572177,27.13264856,27.51304549,27.61875703,28.43030524,28.74404222,29.51228659,30.57491563,30.88922808,31.6999977,32.12486719,32.59037271,32.70408374,34.43938451,37.74190271,38.92994418,41.82216201,42.28823459,42.40096634,43.70810309]","[2,0,0,1,0,1,0,0,0,1,1,1,0,4,1,1,1,0,1,0,1,4,1,0,1,0,0,1,1,1,0,2,0,1,3,0,0,3,2,3,0,2,5,2,1,0,3,7,7,3,2,2,4,2,5,3,2,3,0,4,1,0,0,0]"
"[1.74180958,2.54999121,10.3894756,10.67666087,11.08077385,11.18447141,11.46147913,11.46326242,11.66841967,11.94660994,12.30423567,12.89349645,13.59129249,13.73646244,14.34120376,14.85197051,15.3573157,15.50065348,15.85031208,16.7947099,16.80374418,17.33898486,17.47376328,17.67735048,18.63564645,18.70457638,18.74562455,18.90672373,18.99717791,19.15051322,19.7027687,19.70425759,19.88010909,19.91696365,20.45704376,21.01006874,21.09963774,21.40124035,21.4220899,21.7523407,22.20896923,22.33652969,22.50309088,22.56357204,22.89897997,23.08948303,23.32734894,23.40160128,23.93513273,24.03409985,24.31004887,24.52252347,24.74150976,24.77407029,25.02208155,25.38139922,25.42226803,25.5861964,25.64270339,25.69109072,25.79786485,25.83010226,25.83508623,26.29970224]","[1,7,0,1,1,0,1,1,0,0,5,1,1,0,2,7,0,0,3,3,3,2,1,0,0,1,1,0,1,1,0,0,1,0,0,1,0,1,1,0,1,0,1,0,1,0,1,1,1,0,1,0,1,0,1,0,1,1,0,1,0,0,0,1]"
"[5.91408241,10.25895579,11.00032782,15.1712641,15.80632588,15.97197406,16.11909133,17.37685737,18.48929103,18.58474957,21.81730706,22.94941149,23.44449939,26.12899393,28.29238719,37.52001325,42.54041653,42.85045022,42.94741099,43.23350187,44.25494285,45.80773934,46.19438732,46.90206456,47.93308546,49.07417227,49.32797679,53.21402647,54.50539875,56.08040375,57.42879739,57.58988506,57.8289342,58.18442883,58.95535165,59.57662575,59.73746536,60.35828484,60.3891155,60.64017173,65.35738473,65.52740233,67.32083325,74.1939134,74.6931349,75.0294448,76.44650471,82.99280199,87.03776302,89.7114872,89.89450526,90.28510356,91.59323692,93.06961508,93.30314686,94.48692992,97.30016802,97.31614489,97.42806868,98.00593017,99.73542931,101.33607881,102.55422903,102.60991415]","[5,5,4,1,4,0,1,0,0,1,2,7,5,2,6,0,2,3,4,5,1,1,7,0,5,1,0,1,3,0,0,1,0,0,1,0,0,1,1,1,1,7,0,3,1,7,1,2,7,1,5,3,0,1,7,2,3,4,6,3,0,2,3,3]"
"[9.98669419,10.67101584,16.39424434,16.69835188,18.93851852,18.9714399,19.14920702,19.89379149,21.66782565,23.55865517,25.6786268,28.33674954,29.00132969,29.61107521,29.86016917,31.20973117,38.47219153,38.62603501,39.72874644,41.08592365,41.31689136,44.90871442,45.92853933,48.43252153,48.52651799,49.95547538,50.6240197,50.6345672,50.87085329,51.31749814,51.60865833,51.72113538,51.7586413,52.84446732,55.35206869,55.45826203,56.40716385,56.44850417,56.68168865,56.93187986,56.95154489,57.63681629,58.9286118,59.17327503,59.17335736,59.4500845,59.76385565,60.54030194,60.9418577,61.1309028,61.21171511,61.79188286,61.82362172,62.86232649,63.4982465,64.13719812,64.13887936,64.91566386,64.93728306,69.57250807,81.01230469,82.39491966,82.61607879,83.20084192]","[2,6,0,5,2,0,1,1,0,1,0,1,1,0,7,7,0,3,2,2,3,0,1,0,0,0,1,0,0,1,0,1,5,0,1,0,1,1,1,0,1,0,1,1,1,0,0,1,5,2,0,2,1,0,1,1,0,7,1,2,2,4,3,0]"
"[0.58791499,3.76026207,4.8125277,7.77716639,9.28667293,9.85589126,12.77169731,14.16587204,14.48488375,14.53768488,15.18961193,15.42973553,18.70891138,20.25389525,22.77744329,29.63792435,29.79059241,32.96764745,33.11716358,33.61865668,40.65102553,40.99838067,45.24717882,57.6159785,58.76755932,61.05611744,64.12568073,64.21452098,66.08182107,75.36131984,78.73708731,82.34102439,89.37240967,100.87665591,101.07433147,101.76202856,105.41477048,107.50207765,107.85955645,108.67286402,112.18198691,113.58080276,115.11671363,117.38513561,120.73366395,126.25267515,127.38887546,128.86082892,132.26564881,133.52374587,136.95529122,138.03809072,143.92407437,150.53529306,153.40596493,164.53982288,176.24847377,176.48493256,176.95902,176.98090644,178.56676055,178.67928346,179.2592034,179.70089128]","[3,6,6,2,5,3,0,2,7,2,1,3,0,2,0,1,0,4,1,3,7,0,2,0,2,3,2,0,4,7,5,6,2,0,1,3,7,2,3,5,1,0,0,1,5,3,4,7,2,3,5,5,1,4,7,2,3,2,5,7,3,2,3,3]"
"[2.33592317,8.8794269,10.25874205,12.42846163,13.58768311,14.31541987,14.43055945,14.44880383,15.0083451,15.411378,15.5512491,15.56457406,17.33615212,20.27854093,24.04846678,28.13014345,32.06369535,37.44136345,42.50280264,46.06586165,47.75006555,48.02495805,48.18468822,48.90496921,49.27061172,49.53116465,49.60770891,50.01920088,50.20486027,50.24734385,50.59961095,51.26449586,51.55258447,52.84185406,53.90291505,55.03490394,59.99498016,66.49064703,66.52902653,66.74472934,71.45064045,71.56620642,71.88946889,72.19709246,73.12929551,74.6641669,75.36503354,76.07214794,76.1406135,76.33845552,77.19527814,77.25198876,77.73236864,77.82867372,77.86482575,77.97233634,78.12186762,78.57390489,79.00631876,79.09882083,82.02246968,82.20202916,82.47781389,85.55857307]","[7,6,7,1,0,1,0,0,5,0,1,4,4,3,2,5,1,0,2,4,0,1,5,1,0,1,0,2,3,0,1,7,0,1,0,1,7,7,3,7,2,3,3,3,6,3,2,3,2,4,3,2,7,3,7,2,1,4,3,6,3,1,0,1]"
"[3.33865845,3.3916395,5.07471742,7.92242453,8.67460156,8.76500848,12.94473889,26.18375266,31.31041821,33.66960101,35.58782978,35.79139385,37.41023929,37.67579543,37.86227286,38.63835188,38.77549925,38.93836029,38.98236018,39.37134593,40.57004805,41.25731205,41.36744276,42.23897127,42.52764802,45.98338463,46.13850515,46.31701794,47.01025768,48.65140076,49.90373489,51.04988532,51.61276167,52.65208651,54.30113971,56.8319779,56.85821745,58.38238638,71.85135989,72.5374088,72.95844637,72.96184838,73.49743424,73.5995937,74.11339614,75.73860144,76.19203575,79.12860574,80.09042508,80.22215911,80.72614643,89.39336218,91.49734162,92.81195658,95.55719839,97.24425184,103.5861056,103.62436124,104.75408997,106.45179183,112.34087092,126.94386398,132.71387856,134.33340324]","[3,4,2,2,3,3,4,5,6,3,3,2,3,3,2,2,2,4,4,3,3,3,3,4,3,7,2,0,2,1,3,7,5,2,1,0,0,5,1,1,0,0,0,0,0,0,5,1,0,1,0,5,1,6,7,4,4,5,3,2,5,3,0,4]"
"[0.25282342,1.30506602,1.59350676,1.65143676,1.90196197,2.37091868,12.6973605,14.46728713,18.40855761,22.65457392,22.68912085,30.90466948,31.00936383,31.49756485,32.46802894,35.87627951,36.9283027,37.23781099,37.69010853,37.86024257,38.493145,42.05382086,42.95804507,46.84059751,47.33860738,48.17218038,53.66649736,57.39910327,57.93424602,58.70391844,58.81960024,64.86037125,66.21709881,66.4180675,66.55924449,67.20477821,67.21228464,67.307606,69.5179363,69.86997211,71.33547008,72.63938792,75.03716754,76.26009828,77.17807151,77.5439876,77.58928451,77.90170543,78.0413091,78.85388945,79.87724379,80.1713653,80.62129888,81.45721901,81.78448154,83.40863718,83.43688317,84.75931903,85.37472457,86.45221007,86.50603301,87.56864491,88.62394362,89.51617474]","[5,2,5,0,3,0,7,3,6,4,1,3,6,4,4,4,7,2,7,3,2,1,0,5,0,1,6,4,0,1,6,1,2,3,2,7,3,7,3,2,5,0,1,1,0,4,1,1,0,1,1,0,0,7,5,1,3,5,2,1,1,0,3,2]"
"[1.32739571,4.07950459,4.19211255,4.27877457,4.56793431,4.57601277,6.87154061,7.20491977,9.06901699,11.73089831,12.13719211,13.73093709,13.90649146,15.16359493,15.69752534,15.94953233,16.31010251,18.00811778,24.02185384,24.68646158,30.03208348,31.0921595,38.28142627,38.51517258,39.06165008,39.17359732,39.30784992,39.46807859,39.60016565,39.87674998,40.04071332,40.14889431,40.76385385,40.86966478,40.88800918,40.89504084,40.95471249,41.71074063,42.23391406,42.32224645,42.89854959,44.49891138,44.74697338,49.96724005,57.43209723,61.97417365,62.5926596,62.69011512,62.74826823,62.75117564,64.10083288,64.20143362,64.71276817,64.76086448,67.09123085,68.25860992,69.78681058,69.93773764,69.9933896,71.57549342,74.12467062,74.13759064,74.51462806,75.08059644]","[1,6,0,1,3,1,0,1,7,1,7,0,1,0,0,1,0,3,6,3,1,5,1,0,2,0,0,1,0,1,3,1,1,0,3,3,1,0,4,1,1,0,1,2,0,1,0,3,1,0,1,0,3,2,4,2,3,0,3,4,2,3,2,5]"
"[0.10372752,1.18195935,5.74828453,6.25304498,6.98451465,7.02933845,7.10536109,7.20339064,7.85969115,8.59176991,8.82491571,10.44821185,11.312902,13.19926173,13.67632031,14.59953518,14.67218031,16.53815662,17.44615914,17.53802094,19.43764958,19.5952658,21.44177592,22.4332489,22.5915983,25.52113177,30.76503425,34.08894918,39.81081305,40.44345883,42.68586301,44.04414678,46.07582804,47.49231314,48.01480511,48.44468954,48.57406743,48.69094456,51.35397741,57.11007558,57.26277329,57.38769191,58.05967779,58.21862419,58.61150915,60.24108242,61.07526812,61.32647123,61.65517966,61.72505372,61.7468668,61.79675933,61.92763764,62.0153819,62.03949874,62.16069697,62.89642889,63.20342019,63.3552916,64.01084373,65.7089758,66.36724664,66.39870606,66.55984661]","[4,4,2,1,0,0,3,2,1,2,1,2,5,2,3,5,2,2,2,3,2,3,2,3,3,7,2,3,2,7,2,3,5,2,3,3,2,3,5,0,1,1,0,6,0,3,2,0,3,0,7,2,4,3,3,3,5,3,5,2,3,2,2,3]"
"[4.7370415,7.37273466,8.61317249,11.59345274,14.23485123,17.48613574,18.1016547,18.63719954,19.25820927,21.91777502,22.7452151,23.12310006,24.60002052,26.30760843,26.58776709,26.92885354,27.00961123,27.05190591,27.99880991,29.95200616,30.22850471,35.75026998,35.90207594,36.80311478,38.64494875,39.198717,42.66412137,45.33879468,47.10463166,47.44857537,50.07242949,50.31134618,50.66115374,50.89921096,53.90867984,54.16358267,54.72391922,56.45859384,59.67340679,59.83142239,64.75307214,66.43630264,73.56218696,73.76982285,76.5499435,79.79942938,80.93380865,81.70526841,82.1088264,86.57770678,89.59630043,91.15093716,91.76414699,91.84334018,92.12556816,96.0509554,98.44564311,118.32734853,119.89866124,120.62736245,120.70164713,121.58206389,122.45897809,122.6797184]","[4,7,2,6,6,7,2,3,2,3,3,2,2,3,2,1,3,5,0,7,4,1,4,4,0,1,2,1,2,3,0,1,1,1,2,3,3,7,0,4,5,7,4,7,7,1,2,0,3,0,7,0,7,2,5,5,3,0,2,3,2,6,5,5]"
"[2.60032373,3.43073121,6.52469415,8.96959731,12.39747646,12.44965967,12.46185317,13.30293945,15.15138773,15.21107712,15.36288242,19.36935627,19.66848882,20.92659031,21.25396703,21.71188122,22.70087725,22.84968948,22.86138051,22.97442567,23.0692485,23.19366074,23.552037,23.5769107,23.58506193,23.84317291,24.37404168,24.74390219,25.58360497,26.04979912,26.45265711,26.83394541,26.93185745,26.93958017,27.04416072,27.59544817,27.8824074,27.94855688,28.18028827,28.67719308,28.76737547,28.90467985,29.49219618,29.81478751,30.14307873,31.44563186,31.94219803,34.73598428,35.78384172,38.54562442,39.37973502,40.03910297,40.75622074,40.77052598,42.7891881,44.06471142,44.33844442,44.8259744,45.14925871,45.53940065,46.18960303,47.36424408,48.48817592,48.75494184]","[1,5,7,2,1,6,0,1,1,6,1,0,0,4,0,1,1,0,1,0,1,0,1,0,0,1,0,0,1,1,0,1,1,1,1,0,1,1,0,0,0,1,0,1,5,1,1,0,0,0,1,7,1,0,1,0,1,0,1,2,5,1,5,0]"
"[2.95559487,7.16685258,11.07694724,11.55658235,12.03161553,12.57142952,12.81856383,12.90375338,12.94638154,13.02331973,13.58001056,13.67554092,13.73976904,13.74165709,14.50406756,14.56948788,16.45031832,17.39253582,17.59758314,17.9132569,18.32373128,18.32583632,18.81479282,19.4226428,21.11888133,21.12424955,21.65883055,21.99948633,22.82429074,23.67777259,23.96448929,24.01198543,24.17142323,24.55149458,25.08471511,25.38821816,25.42125443,25.94741935,26.59547984,28.78815437,29.03021637,29.27808898,29.36957005,31.06337083,31.38247842,31.48947195,31.76217724,32.1254616,32.40169145,33.45597888,39.4070191,40.74757519,43.79315367,44.78360475,52.77786614,52.98266029,53.65129263,56.10055048,60.05323498,60.13146549,61.65114192,62.43728602,62.64829245,63.10698863]","[5,1,0,1,1,0,1,6,7,1,1,6,6,1,0,0,1,0,1,0,1,7,0,2,3,1,0,1,3,0,5,0,1,2,3,1,0,5,3,7,2,2,4,2,3,2,3,3,7,3,7,5,0,5,1,2,4,7,5,0,0,1,0,6]"
"[1.82504283,4.73203643,7.16756069,9.28984682,9.61490799,9.72894403,10.48914841,10.6150135,11.88167385,15.51801467,15.62187237,20.27445874,22.92956166,23.82121795,24.45233421,26.33313007,26.81342032,27.01576719,27.03704452,27.26799969,27.61130098,27.62070151,29.58252794,32.68802383,34.91297965,42.27094188,43.26719772,43.37119169,45.27022958,47.44646507,52.65083932,55.55746147,56.19283134,57.9072978,58.54939035,61.54029798,62.81540558,63.13600028,63.31676697,65.34102038,66.24536009,66.56925977,68.45818577,68.92720202,69.48087439,69.49004253,70.81466051,70.95883713,71.12373038,72.54082408,79.32080005,79.90867913,80.15258287,80.34291189,80.61810525,81.4392521,81.47020939,81.79671859,82.70201001,83.05344113,83.38320299,83.41417279,83.43079955,83.54132613]","[0,1,0,3,7,1,2,3,3,1,5,3,0,3,1,0,1,0,5,0,1,0,7,1,5,3,3,7,4,2,2,2,2,3,4,1,0,0,1,1,0,1,0,1,0,0,0,4,1,0,1,0,0,1,1,0,1,0,1,0,5,0,1,0]"
"[4.57487857,5.097072,10.98134966,14.94445039,18.83041249,22.33033539,27.18453763,32.29624595,39.1260657,39.59316211,39.62301515,39.63657841,39.84581774,40.80250138,41.53807477,41.54764995,41.69146441,42.64916063,43.78486194,43.89671911,44.64416716,44.76714783,46.16611282,46.90441303,47.02838132,47.79816766,47.90052131,48.57802357,48.72930333,49.06726532,49.5578918,50.02524043,50.11533891,50.21619376,50.54585118,50.55483699,50.70990674,51.10455063,51.22914258,51.44556275,51.61310258,51.68835141,51.79113158,51.86290224,51.86500799,51.88033544,51.99220896,52.11816193,52.1627825,52.20946371,52.23836923,52.62370247,52.89534481,52.99803632,53.02897065,53.44989033,54.6665193,54.92174726,55.31290804,55.4170652,55.75117999,56.179479,56.3585995,56.44879584]","[3,2,3,7,2,1,5,5,7,4,0,1,0,0,0,5,1,2,1,0,4,1,5,5,0,3,1,0,0,1,1,6,1,0,1,0,1,1,1,0,6,1,0,0,1,0,0,0,1,0,1,0,1,1,1,1,1,0,1,1,0,1,1,0]"
"[4.84408574,9.51657374,10.85995918,12.54610683,15.6762414,19.57844348,19.67080001,19.94520557,21.76811067,21.97072343,22.23372421,22.79779101,24.02237956,24.80683574,25.13144158,25.2689607,25.83262276,27.39551294,31.56076621,33.34328806,35.42303461,36.58775264,38.86701445,39.25295655,42.95490207,43.16644664,43.76226095,44.62982978,46.11570493,46.77914558,51.18797859,51.7887038,52.49706637,55.54196865,56.08665483,62.47849978,62.65771052,64.61142839,64.91178341,65.55882352,67.21890916,67.59416786,67.8635366,68.32623905,68.49126492,70.85694337,72.26829244,72.51474239,72.77769591,72.90729928,74.80131396,75.35563265,75.80378669,76.11267894,76.21196438,76.31599925,76.74452437,76.77056367,77.63388144,80.36902009,82.59366383,82.60650934,82.61198982,82.73143841]","[7,1,0,1,1,5,2,2,1,5,4,7,2,3,3,3,3,6,1,2,4,7,4,1,0,5,3,1,1,0,7,0,5,2,4,1,2,3,7,2,3,4,0,4,1,1,0,1,1,0,5,0,0,1,1,0,1,0,1,1,1,0,0,1]"
"[4.55844296,5.15576385,8.23942771,9.32587694,9.61448695,9.85394531,10.73537361,10.73570437,11.90729957,18.41209035,20.38918767,21.37354747,21.60103494,22.82281383,22.89387093,23.59718573,23.69872402,23.81540391,24.51983668,25.25090902,26.19918353,27.41343351,29.04086958,29.23600388,29.90871826,30.0364422,30.21422999,30.89822478,31.09767239,31.11460368,31.24498233,31.37412247,31.77356393,31.85881316,32.16784373,32.54621301,32.60805111,33.09869399,34.22384625,34.44343323,34.88218274,36.7103619,37.24471195,37.33765524,39.48628986,39.702247,40.20152756,43.44334772,44.6920962,45.48161055,46.23039834,48.90887236,49.40958792,50.94036476,52.27767934,52.29119605,52.99000745,57.58336352,75.48054296,77.30005583,79.02457136,81.75812574,89.83411908,91.153412]","[6,0,4,2,3,2,3,5,2,0,1,0,1,0,1,0,0,1,1,1,1,5,3,0,0,1,2,1,1,0,1,1,2,1,0,1,1,0,1,0,0,1,1,0,0,5,0,1,0,0,6,0,6,1,0,1,7,5,4,1,0,7,5,1]"
"[1.66671487,2.0719821,2.24699359,3.91315954,4.82345987,7.46079744,8.98777752,11.75563692,14.07906408,16.84036617,17.72091608,18.17983426,21.42220495,32.5830992,34.21312355,39.30359593,39.88086255,42.08711033,43.53321981,43.89769576,44.5031563,44.97083236,48.24302123,48.93541671,52.64390391,54.21165442,54.94494136,54.98185538,55.83671173,56.84647972,58.02368353,58.63076892,59.40985448,59.55033072,59.87898509,60.0623327,60.29085653,60.30241566,60.87658694,61.15945085,61.73406208,63.14796577,66.48906592,67.16972023,69.34862102,69.98524197,70.33886429,70.35475703,70.48482941,70.77169294,71.07552632,72.66904764,72.77352519,73.16556241,74.30001097,77.10789441,82.79746841,88.39908847,88.85768832,89.35089568,89.75230255,90.01470112,90.10223507,91.83565946]","[6,6,5,1,4,1,0,5,4,7,7,2,3,5,7,7,0,1,0,0,7,1,6,5,5,4,1,0,1,2,0,1,1,4,7,7,3,3,3,0,4,5,0,1,1,1,0,0,6,4,1,0,1,0,2,5,1,2,4,3,3,3,2,3]"
"[10.7539332,12.92155447,13.93872145,15.20622658,17.8363107,17.85546794,18.2832155,18.66914962,19.27643918,19.46402672,19.46435715,24.70645997,26.64401574,31.9761207,32.44167874,41.68701202,44.95770115,44.98319646,47.09873254,47.79355473,50.88631261,51.54477943,53.94567552,61.13306779,62.46558012,64.7289062,65.21058925,65.68842238,65.75792054,68.877355,70.96902919,71.17229035,72.22456303,73.3941675,73.55277448,74.4294064,75.31435176,78.5832211,79.67912742,81.67981684,81.79610916,84.25843682,84.69569562,84.76498991,85.85277337,86.13817221,86.43180584,86.56400172,87.80476029,89.32636375,90.38371171,90.4529184,90.66595512,90.84185053,91.19996806,91.30557884,91.50172551,91.67869641,91.96032586,92.75659945,93.18546494,93.69589497,93.91883251,94.05715887]","[0,7,1,0,5,0,1,2,3,2,3,2,3,1,1,7,4,2,4,7,6,6,2,7,2,5,2,3,3,3,2,3,7,3,2,3,5,2,1,0,1,1,0,1,0,1,1,0,1,0,1,0,3,0,6,4,2,1,2,3,0,0,1,1]"
"[2.41185145,2.6777773,3.07305982,3.09584824,9.1981061,9.82677558,11.38970098,13.65524148,13.98429123,15.46147788,16.18488539,18.9425123,21.03169477,21.39749807,21.85351236,22.29556494,23.29743345,25.81646489,25.97089167,28.30951543,29.46656851,29.90238193,30.6704871,30.86631418,30.98378404,31.2025351,32.7642199,33.06862078,33.33494378,34.49041083,36.84739422,37.06378632,37.09550836,37.81554019,38.31168232,38.37562273,38.83873447,39.05973128,39.83361702,39.86575255,40.42047473,40.48642947,40.48959947,40.91830967,41.19968216,41.71508868,43.92240808,43.95923008,43.96069617,46.15644309,49.53107082,50.16137317,50.76318516,50.83715978,54.46387689,58.04128376,62.67442423,64.60899234,64.87553103,65.54009872,66.90406433,68.27968349,70.04677621,70.05774104]","[3,2,3,2,3,6,7,2,3,1,0,7,0,5,0,1,0,1,0,0,5,0,1,1,1,0,1,0,0,5,2,1,0,1,1,0,0,1,0,0,1,5,1,1,0,1,0,1,1,7,7,5,0,1,3,3,2,3,2,2,2,3,0,1]"
"[0.278645,1.01647995,2.34193185,7.43174363,10.50286395,11.46230793,18.61120034,18.74178039,20.24041347,21.90603259,25.79443303,26.47790711,29.23960489,30.6782016,39.88451716,39.96071377,40.05744205,40.27460164,42.53342292,45.256907,47.30245787,47.89679577,51.57014186,52.83777464,53.27362779,53.80417038,54.28230055,56.50273853,58.6607839,59.15621977,62.56357229,62.87811122,63.25310673,66.37990012,69.26288689,72.41500305,72.63474506,74.6424221,75.14728865,79.57843524,80.08105759,80.86336632,80.98142786,81.03667702,87.61684362,88.34505647,89.07868534,89.18886703,89.44633219,95.2893089,95.50514505,96.79202264,96.95469701,97.18239462,97.27825533,97.9467282,98.19158414,98.97638632,99.74553315,100.38430287,102.03208051,102.04839848,108.88534104,109.44041695]","[7,7,7,7,5,5,7,7,7,7,0,4,1,0,6,0,5,1,0,6,0,3,2,0,0,1,0,1,1,1,0,1,0,4,0,1,0,5,0,1,1,0,0,1,0,1,7,0,3,3,7,0,1,0,0,7,0,1,7,1,4,7,3,2]"
"[4.38058436,4.83335102,5.39461257,6.80735164,9.35174051,10.76824812,12.42443116,13.15737362,13.21185118,13.24338688,14.13468325,18.82060674,20.50081819,20.61981302,20.90722099,21.02083621,21.96834862,22.63186658,22.97780787,25.29704284,26.03748437,26.42083557,26.62172595,27.13160755,27.18384474,27.33232214,27.71151117,28.22090843,33.09619016,33.64149956,35.31936993,37.90875853,38.06500407,39.7850512,42.65398266,44.4428139,44.51438796,47.17564919,51.63505135,58.17650295,60.97339728,61.73389394,63.81615779,64.3559266,67.21132481,68.5042915,69.60034238,71.6528915,72.07371648,72.69246693,72.84855333,74.18470684,74.27829812,74.79529452,75.5149552,76.80872332,77.59836479,79.45941734,81.51184156,82.17836828,82.37736294,82.64726983,82.86049387,84.89440877]","[2,3,2,3,5,1,4,0,1,5,7,7,4,4,7,2,4,2,3,5,1,0,0,0,1,1,1,6,2,5,4,1,7,0,3,5,2,5,6,4,3,2,3,0,0,3,4,7,1,4,1,0,1,0,1,0,1,0,0,5,1,0,1,0]"
"[6.38826425,7.23504476,7.42665143,8.71468381,9.12931185,10.822935,11.184576,11.19818609,13.74364613,14.62918648,19.18218639,20.76396053,21.55565355,24.16390747,25.00962547,29.60412041,36.81747219,45.03209136,46.31499263,50.04542332,54.85965835,60.63429686,60.75393048,61.17813479,61.32240793,61.45456449,61.56091829,61.5895873,66.17763041,69.43521372,71.571064,75.13493898,79.52819835,87.90584816,89.30200073,95.49702177,95.62683997,95.74285907,105.25582877,107.19347897,109.61647865,111.44542948,112.03255658,112.27198982,112.45804998,112.56473673,112.60020394,113.48127694,114.26251572,115.45460364,121.04094808,122.49210206,124.46265178,141.06667314,141.15334499,142.46081446,143.82911075,143.99636714,144.38249361,144.91672643,144.98380818,145.02274075,145.11905291,145.21734804]","[6,3,7,2,2,3,3,7,7,2,3,4,1,0,7,6,2,6,7,3,0,0,7,2,3,4,1,3,4,3,5,5,4,0,1,3,6,5,1,7,5,0,1,1,1,0,0,0,0,5,7,5,3,1,1,0,1,0,0,1,0,0,6,0]"
"[0.32461804,0.63657363,1.42997064,2.25543057,9.68874891,10.85771207,14.23556104,14.76029934,14.83520271,15.11202968,16.22698716,16.31617116,16.65553156,23.43580127,24.86539439,25.64524282,27.26389747,27.40966781,29.64569614,32.87140732,34.68513897,34.73331319,45.8457901,51.40799337,52.28716487,53.10466624,53.98665023,56.31436302,56.45266536,59.94731439,60.06029014,61.13903953,61.41570901,65.19017386,65.49970921,66.96317915,67.66998751,73.82721032,75.37206084,77.34085726,78.9335103,79.45310587,80.54949655,85.41072697,87.07752573,88.34683901,88.55400543,89.31990401,90.30366194,91.94130235,92.53658703,92.54325971,93.34525582,94.25109122,96.43079178,97.31096944,97.65431234,99.63523949,103.36349676,107.75670072,109.71919166,111.0036204,119.89051592,119.92574679]","[7,7,1,4,5,5,3,6,4,2,0,5,7,1,5,3,7,1,1,2,2,3,3,7,5,2,3,0,1,5,4,1,2,1,0,0,1,1,0,2,3,2,3,0,6,1,0,6,6,7,0,1,7,2,3,2,6,6,2,5,4,3,0,1]"
"[5.7922659,7.32905593,8.64683904,9.58593949,11.65386145,14.16228216,15.16972694,16.44451896,18.902419,19.25132731,19.30421609,20.62886146,26.02535026,26.70654883,27.49436263,28.39112526,28.68832551,30.53675975,31.25784329,31.75585612,32.44102374,32.78868182,32.83499093,32.96119577,33.3990583,33.48072302,33.51333313,33.53704206,33.60327306,33.79146416,33.84469598,33.97714277,34.15733838,34.19353289,34.31096745,36.12591263,38.6370422,45.81140401,50.82619446,55.14958315,55.77028821,57.14155589,58.2737905,59.9748309,63.3681714,64.30099376,64.79275236,67.2799029,69.02397573,69.63118183,69.64228449,71.14520887,72.88547049,73.40476397,73.73205239,81.78243167,83.07882989,83.80035266,84.68214747,88.07007001,90.38802493,91.78260253,92.03568848,92.74513982]","[1,0,6,1,0,3,0,4,4,3,4,5,0,0,3,5,1,0,5,2,1,1,0,1,1,0,0,1,0,0,1,0,1,1,5,0,7,5,6,2,6,3,5,0,0,1,1,6,2,0,1,0,2,1,7,0,3,3,5,2,3,2,2,3]"
"[1.52750068,2.4181892,2.54496307,3.43339273,3.82775021,4.6479146,4.7648971,5.63753669,5.80004717,6.35181771,6.94485157,6.96419846,7.56699847,9.12667145,9.60458982,9.64313552,10.44253072,10.55493547,10.63218817,12.18657402,14.97723147,17.42731346,18.46636265,19.50351951,19.77617011,21.60392327,23.47713257,26.33418944,29.03375195,30.20999429,30.64005752,30.97279029,32.82894056,34.82613188,35.68173097,38.97964096,43.99428561,52.15963201,57.82105087,64.30018499,68.07104549,70.3449572,70.89513928,72.22742672,72.44541043,72.8709559,73.07919935,73.68267939,73.90458286,78.98449204,81.94112655,92.6622819,93.05193619,93.22229551,93.9955852,94.04113634,94.53789013,95.14863489,96.18692697,96.2560193,99.1019094,100.33423351,100.84526409,101.17281436]","[2,3,3,1,0,1,1,5,2,3,0,0,1,0,1,1,7,1,7,0,0,1,0,4,7,7,0,5,4,7,2,3,7,4,2,3,4,1,7,5,0,1,2,3,0,0,0,1,1,3,5,2,3,2,0,3,1,3,3,2,2,3,5,2]"
"[1.80718448,3.12446277,4.15708708,4.2455231,4.57970911,4.70106834,5.18748634,10.53335796,10.91504452,14.23517119,15.76075967,18.11589372,22.01090739,22.05082264,25.41485124,25.90055011,31.19132104,35.72696991,47.27203765,48.44871253,48.51033046,50.55579496,54.10301255,58.97142807,59.59085894,64.49230107,66.54465312,68.0651595,68.62337489,68.92346742,68.92549871,74.48834019,78.73441802,84.7810511,86.60685348,89.84557712,90.28265786,91.77077814,96.78023268,99.31343463,99.83807293,100.14666222,101.11881112,109.90711152,113.51303246,119.67540111,123.16251476,127.03610648,130.28803229,137.51053153,138.61799285,142.72059578,146.22892909,147.41684533,147.61178735,147.80222778,149.74774104,149.99270238,150.72514741,153.91112615,154.25415958,154.67224991,155.66081498,156.29149541]","[3,2,4,3,1,0,2,5,0,4,2,4,5,5,7,2,4,7,7,6,6,5,5,6,3,1,4,0,2,3,7,6,5,1,6,2,4,0,3,2,3,7,2,5,5,4,6,7,6,3,2,5,0,7,1,1,0,1,0,3,1,1,0,1]"
"[0.32713122,0.89227149,6.52394215,7.06908721,18.00435814,18.21340119,21.13634276,21.72082771,24.35125382,25.00735963,26.09219754,29.61225654,32.28941342,34.8262186,34.90067726,36.50806391,37.24988311,41.23022068,41.89416015,43.21020613,43.88456407,44.0163785,44.24685257,44.30854193,44.32154223,44.56500641,44.74287997,45.83303516,46.66956424,47.43693443,47.57383722,47.94629431,48.26736549,48.33379011,48.40576429,48.56464093,48.77077958,49.59173078,49.69297805,50.30196552,50.56757484,50.58375162,50.61374846,51.5695372,51.66630816,52.17008,52.25870056,52.53896989,52.56062187,52.85310968,53.11646987,53.26172468,53.27181891,54.02507105,55.79951586,56.48479542,57.84968991,58.19457736,59.22258483,60.05856172,60.57145638,60.99624791,63.92919287,65.15222728]","[2,5,2,3,1,7,3,2,7,2,3,3,5,0,2,1,3,5,1,0,0,0,1,1,5,1,0,1,0,1,0,1,0,1,5,7,1,1,0,1,0,1,2,0,0,1,4,0,1,1,1,3,2,3,1,2,4,2,3,1,0,1,2,2]"
"[1.35714356,2.37025894,6.46281056,6.57309295,6.76697915,6.92763591,8.04199506,8.28778036,16.73273518,26.05134759,27.15543021,40.73130316,42.75836822,44.43727509,45.35731687,46.3251083,46.34042789,46.66811415,46.94979367,48.22407401,48.77143095,48.9412612,49.43591044,50.03379177,50.107051,58.78598144,64.24275395,65.43021533,68.32716115,74.08788465,80.23455226,81.6873085,82.69242681,86.71271368,89.3293069,90.31924012,96.27827644,101.68735331,103.23350858,104.04101738,107.44814105,108.44654277,118.8447569,120.72078323,121.0364822,121.74540938,122.22965427,123.13123799,124.39586144,125.11229226,125.48732722,125.99445304,129.33082775,131.37797707,132.36023558,132.41994812,132.74341966,138.77356964,142.46116689,143.288584,143.79640647,144.38417981,146.00422395,146.71241026]","[1,0,0,5,2,6,5,3,2,5,7,2,0,5,0,1,7,2,6,1,0,6,1,3,7,2,0,5,3,1,7,1,1,1,1,0,1,4,5,5,3,4,5,0,4,1,1,3,1,5,0,1,2,6,1,5,0,3,4,2,3,3,0,1]"
"[1.56691417,3.74355227,4.58448728,4.70033111,4.73316938,4.85214159,4.93737729,5.66321356,6.22722116,6.89284925,6.93456884,8.3710637,10.08797478,10.69672607,10.98144799,11.29149774,11.36893462,11.83668174,12.74857083,13.18833099,13.94359824,14.58690103,14.69179351,14.87485896,14.89782684,15.78131923,16.15607895,16.73556627,17.64283233,19.03927694,19.38149735,20.54809157,20.62437883,21.66650629,23.82360075,24.04955469,25.0719278,28.56973034,30.09917673,32.10996646,32.20128354,35.92243526,36.06971234,36.20326991,37.05699728,37.24321272,37.26516669,37.50918365,37.69479636,37.7210176,37.78841703,38.0333374,39.19033751,39.33023441,39.56158734,39.9174393,40.15533011,41.89714279,42.42539049,44.26173148,45.14213035,46.22010757,48.53362289,48.863141]","[0,7,5,7,1,0,1,1,1,0,1,1,0,0,1,0,1,1,1,0,1,0,7,1,0,1,0,1,2,0,1,2,0,5,4,1,5,7,0,1,0,5,0,1,0,3,2,5,4,1,1,0,0,7,2,7,1,3,2,5,2,3,0,1]"
"[0.51671094,0.89888235,1.45878062,2.06441232,9.30384501,11.89155677,12.08226582,14.21020105,14.30367171,14.55105159,17.38837328,18.11486239,19.12500225,19.30577667,19.64480554,20.58896854,21.53235965,22.45951635,23.20060508,23.82367604,23.85328111,24.76583231,25.04359437,25.57371144,25.76664886,26.76488168,29.93031041,32.784096,34.96662472,35.81342934,36.95851846,39.77813239,47.44408967,47.61929729,50.01756192,50.13411773,50.26086384,50.36717012,50.47130676,50.88144135,52.11422651,52.90378731,53.55433081,60.45211296,60.54966756,61.64308134,62.27931691,63.37034081,63.50098958,63.73088346,64.81631646,64.88368872,65.75052647,69.01110944,70.0943281,72.41897451,73.94034326,74.43179241,76.92993564,80.87427057,82.62595635,83.38644583,85.53980389,86.16126149]","[6,7,4,4,1,6,3,4,2,7,2,2,1,0,0,0,5,3,0,1,0,1,1,5,0,0,1,1,0,1,1,1,4,1,0,1,1,6,0,1,0,0,0,2,5,3,3,2,3,2,3,3,5,7,7,0,1,1,1,7,0,1,1,0]"
"[11.02825627,13.40544714,14.68590067,15.39708234,15.717187,16.04229635,17.32540759,19.53244321,20.49950159,20.60805451,21.59302839,26.50015229,30.9149761,30.96218014,30.98781249,30.99461119,32.44271128,32.92890284,33.11584406,33.2557535,37.94528449,38.36483136,52.54784221,54.43976001,55.24038866,56.47864436,56.60567517,56.90112138,56.98838262,57.21262611,57.60521693,58.09448147,58.31551552,58.35661565,59.57365855,60.69706911,60.8423558,61.43584722,62.05104929,62.14950853,62.61835777,63.15253324,63.52957205,65.16177172,66.89443447,66.99172869,67.18957823,67.20017256,67.50613388,68.52469276,69.3921153,71.70792411,72.4382573,74.91371255,76.43399856,76.43782104,76.69794333,77.37223661,81.00810992,82.28056164,84.73779447,85.23992411,87.70050258,90.97048541]","[7,3,3,2,2,3,4,4,4,4,3,3,3,2,2,3,4,3,7,3,3,3,0,1,1,0,1,0,1,1,1,0,1,1,7,0,0,0,3,0,5,1,1,0,2,1,3,1,3,2,3,3,7,1,1,0,5,7,1,0,6,1,1,7]"
"[2.24044813,2.45435398,3.64087458,4.28803487,5.51045094,5.53721958,9.77824406,13.49504765,15.4456796,16.4894057,22.4832927,29.57132977,31.32387331,31.53940528,35.85173199,35.93224109,35.93406111,36.01491783,37.38833354,37.92376113,38.3931727,39.39533316,41.20587024,49.35296581,49.62725504,50.08556486,50.12880357,50.68754801,53.59373297,54.30059218,54.31729743,54.46290431,54.54574276,54.64104635,60.38580834,61.80266412,62.51663444,63.06494401,63.13619027,63.7562998,63.92951691,64.38244401,64.50047271,65.77924704,66.62538751,69.51445053,69.66984477,70.22141722,70.23434258,74.16502213,75.92471873,81.64901971,84.81330862,86.26149721,89.93455928,90.2070345,90.63871598,91.52840376,91.72028087,94.07603085,94.0975482,94.65527772,96.55624527,96.93676994]","[1,0,3,2,2,3,2,2,3,0,5,5,2,1,0,1,0,1,1,0,3,1,7,3,4,2,2,3,3,1,4,3,0,0,7,1,0,0,1,1,0,1,0,1,0,0,0,1,5,3,3,4,6,4,1,5,0,7,3,1,0,0,6,1]"
"[0.33326641,16.27728488,17.42483828,19.58639554,21.84592465,21.89478749,24.44221672,29.16313465,34.86967123,37.39380178,39.48400303,39.81952455,39.93416766,41.92685829,45.07685064,45.77319389,46.32558738,46.98499997,47.42343009,48.39984036,51.09528587,51.1231879,51.20662134,53.06261351,55.07525816,55.51731217,55.67087114,56.63155865,61.62272907,63.83532419,67.04792283,68.22555866,72.32097286,74.37873242,74.40985728,76.40481298,78.46793753,78.63183159,79.48049703,79.68159475,81.8874802,81.9876637,84.59564203,85.94995896,86.99004155,87.32949077,95.63533205,98.42579968,98.52507477,98.74376319,98.7849446,98.85968722,99.11455331,99.2135086,101.46015596,112.41364494,116.52470223,119.44172873,122.7597504,134.39875859,135.83624505,136.21142014,138.94752221,139.7357509]","[2,7,2,4,4,4,5,3,4,1,0,0,5,0,1,3,4,5,5,3,2,3,3,6,3,2,3,3,5,5,1,0,6,0,1,2,5,3,1,3,2,4,7,5,5,4,1,7,0,1,0,2,2,7,0,6,1,0,1,5,2,5,2,2]"
"[2.93782825,4.78970763,4.97657638,4.9883718,6.65822918,20.61701738,34.42013894,34.67195317,38.12197245,38.67211019,39.17714321,43.38027938,44.54827062,46.54151784,48.9376221,49.33098884,50.77713083,51.11017915,51.45678469,52.07912697,57.36986581,60.23573501,65.17420332,66.94670209,67.85576894,70.60738645,76.25681105,78.24666123,79.03060146,81.5747411,87.06621133,87.35150657,87.48735853,87.56579418,90.13184875,92.88167388,93.51395535,93.84952866,94.92015651,96.84447122,99.74006603,102.05808352,108.08456511,111.53961575,112.34947669,112.59263957,112.64048813,123.70574169,125.93711184,126.0827843,127.39889095,127.51816195,131.67861839,133.58798731,134.73987389,136.97698776,141.93857882,143.78077517,145.94935394,152.44938436,152.81564689,153.54354319,154.35848476,158.75212653]","[0,0,1,5,5,7,7,1,2,2,3,2,2,3,6,7,2,3,5,3,4,4,1,0,4,4,7,4,5,1,2,3,7,3,3,2,6,1,0,6,3,5,5,2,1,0,1,1,0,1,1,0,5,3,2,5,2,3,1,4,1,0,5,6]"
"[3.54735352,13.91840385,14.91787137,16.2365351,17.70693803,20.44215064,20.59956088,21.51359548,22.40092696,22.56935793,22.80266242,23.69328843,24.6757989,29.29630691,31.9704341,32.23305565,32.66399203,35.69889265,37.00967656,41.56781144,45.35335726,45.83942922,47.61052227,47.82185478,49.99624021,53.93061558,55.67662277,55.71220518,56.27480105,64.31898817,65.26047693,65.44185604,65.66401606,66.31989094,68.12806192,68.1320935,69.54775516,71.10765682,71.66329306,73.66107153,74.00427957,74.34391795,74.65689294,75.21431948,75.44661413,77.50587011,77.72289586,78.03694262,80.27761959,81.53029695,83.36837503,84.03675949,89.17506493,90.83503722,90.83639361,90.9126337,91.45837197,93.1192508,94.38885221,96.66482095,98.18404259,108.05774435,109.01061898,109.49604966]","[6,4,5,1,0,0,1,5,7,0,0,5,1,0,1,1,0,7,2,7,2,1,2,3,2,6,1,2,0,3,2,3,3,7,0,1,1,4,0,2,3,7,2,4,1,0,0,1,1,1,4,4,5,1,0,1,0,5,4,2,3,5,5,1]"
"[0.94665179,1.91011167,7.44367049,7.69959361,8.0746042,9.47094628,9.58699259,9.80809519,9.88660967,10.47929075,10.80478109,11.30370125,11.59536442,13.60222323,13.98589776,15.26460895,15.35393582,15.89681898,17.07331769,17.49880871,17.70274347,17.83288577,18.74866372,18.85863489,20.97732416,23.38473956,25.04358689,25.74397993,25.86064044,25.97982747,26.20079159,28.52141062,33.4776875,34.99616867,36.63698508,40.31357404,44.6414344,47.54621522,47.71957653,51.38638268,51.64002451,51.82357071,52.00758895,53.52305467,53.86411854,54.10239779,54.26126569,54.41985896,54.64354972,55.282866,58.59747567,60.93723953,61.1508613,62.09693282,63.72252224,67.09835634,67.42582439,68.09970089,71.05657083,73.63903927,80.33727322,80.40433271,80.66006839,81.30139101]","[1,0,0,1,0,1,0,5,0,1,0,1,1,0,3,0,1,0,1,1,1,0,1,0,1,0,1,0,1,0,1,1,1,5,7,2,1,0,1,0,0,6,1,0,0,1,0,5,1,1,1,3,3,1,7,0,3,5,1,3,1,2,3,3]"
"[1.24531656,3.09130794,4.83829531,11.3515589,13.17917704,13.38996375,17.14650302,19.57971403,20.11602464,23.4288648,24.03663694,24.1790537,26.29034961,27.83203676,34.17321277,35.69532528,38.47740468,40.01507596,40.24739355,44.90539291,47.00955758,48.27558573,48.77632755,49.46795267,53.76118269,58.45832501,61.31113982,62.07693005,63.8043894,65.17021124,65.3274714,66.68894804,67.18246641,67.47550056,68.1753676,68.27198058,68.76823192,68.90852585,69.13214552,69.93605191,70.44493885,71.14078229,73.14286193,73.8230454,74.51079659,74.89479852,76.52836328,76.61430889,76.6953829,77.79841135,79.04090674,79.36671248,79.52884863,79.67448074,82.25447733,83.18005423,85.72763815,86.95873069,88.68455483,93.25756423,95.54608512,96.62308307,100.20360655,103.05860217]","[6,3,6,1,1,0,4,0,1,3,2,7,6,5,3,5,6,4,6,4,4,0,1,1,7,1,7,0,5,1,0,0,1,2,7,3,2,3,3,1,2,0,1,0,1,7,0,0,1,5,4,3,1,0,4,5,2,3,2,5,0,5,7,7]"
"[0.46830186,1.42862017,1.46838941,2.06277856,4.90677762,15.54683533,18.40748132,24.9276794,27.76964971,29.13376396,30.73090347,30.73266728,32.58269248,33.87079657,34.6257849,35.80585644,36.12031132,36.39874669,36.51737848,36.99776609,37.08864648,37.18924337,37.41527417,37.65288447,37.7420048,38.33699465,38.75373418,39.16425677,39.93022596,40.00329782,40.25489523,40.73015758,40.75489681,41.08934438,44.36882047,46.12163498,46.7250568,47.12124797,47.26927114,48.68545492,50.20142532,54.43095477,55.19846959,58.32982136,67.17108371,71.1073785,72.13052699,72.5473367,74.90643547,74.9788749,75.67959832,77.83137646,79.88356391,80.25216607,80.26094626,83.17106263,83.79986974,90.65495147,92.91987552,94.95930793,95.10958202,95.60743524,96.19147466,96.94775823]","[6,7,7,2,5,7,1,7,7,1,0,5,3,4,1,2,3,0,1,3,3,1,0,0,2,3,1,1,1,4,0,1,1,0,0,1,1,0,1,0,6,2,2,7,4,3,2,7,3,7,2,7,0,1,1,3,3,3,3,2,5,3,2,2]"
"[0.07149574,2.68485829,5.56753365,5.82461266,8.98520698,13.15125692,16.36152988,16.54661297,17.04664087,17.88122211,24.25880158,24.36733273,27.01808193,28.34552068,38.15228368,41.14933604,42.88543741,44.01018355,45.87737585,48.52997876,48.90444736,52.18451309,52.5882504,52.80631333,57.42090778,60.19286556,62.46781232,63.34117491,70.69322026,71.1726216,71.81304222,72.73564536,75.95862151,78.01890299,80.25394922,90.44727914,96.85233061,97.52641111,98.76950393,99.01312319,99.65072806,100.29742202,100.56009698,101.42153991,102.40830465,103.33838252,103.9588396,104.88596523,105.05588939,105.67264139,105.84502691,106.2091818,106.23723476,106.41683431,107.33169311,108.28042034,108.34612685,108.89388915,109.77524486,109.83250271,109.99691489,112.21750948,115.97863756,117.65667332]","[1,0,0,1,4,5,4,4,4,2,5,5,1,5,7,3,5,5,1,1,3,1,0,1,2,3,2,4,3,4,0,3,1,0,7,3,3,6,2,3,2,2,3,3,2,3,2,0,2,3,2,2,4,3,2,3,2,2,2,3,3,3,7,2]"
"[1.70401842,2.29302825,3.37164848,3.37381472,3.37959451,3.94167328,4.01630412,11.81463184,13.13761852,17.40479758,22.35862773,23.01477835,23.28653669,23.40443545,24.38357785,24.38896538,24.42612016,24.63465299,24.65798953,24.8576178,25.23360617,25.27377596,25.77219007,25.77347658,25.99324175,26.22870014,26.54065172,26.84849993,27.21295404,27.25679593,27.37938165,27.75839788,27.93590104,28.93233398,29.73769015,30.22682746,30.65687682,31.23629248,31.29876945,31.82218656,32.0134568,32.03063841,32.2853411,32.82038122,33.3725507,34.12412551,34.67580543,34.79542051,34.90736815,35.23276267,35.4393434,35.48085448,35.70204423,36.8649674,37.11549675,37.66515208,37.69352965,38.75422117,39.44622992,39.69686349,39.77287804,39.83375306,41.44275944,41.62342667]","[0,1,6,4,6,4,6,5,7,4,0,1,0,0,1,5,1,0,2,0,1,1,0,3,4,3,1,7,0,7,1,0,1,0,1,0,0,0,1,1,0,0,1,0,1,0,1,1,5,2,1,1,0,1,2,7,3,3,3,0,0,0,1,0]"
"[3.45255197,4.36574158,5.25320148,6.19830239,12.43872047,15.10050827,16.08649912,20.36901281,21.69523105,22.24644853,22.30134452,22.81266186,23.33282629,24.46345811,25.87653584,27.67318592,28.45358091,30.23128316,30.49152861,30.62481928,31.61052555,32.15353894,32.98799249,33.22080605,34.16669941,34.34022766,34.51708365,35.43813887,35.45717966,37.2327502,38.54882045,40.11811577,43.26073388,44.97017521,45.6832073,48.17306079,52.16627198,54.05349349,64.00174921,65.02205506,65.5821386,66.43293627,66.6154557,67.10045536,68.32160681,68.40477916,68.6402917,73.74591779,74.82220186,75.35794888,75.63797436,77.65534798,78.88613202,86.19759413,91.37036281,91.48003538,91.53234604,91.82666186,92.77787671,94.63922253,95.46133067,95.68305049,96.64323511,97.60292978]","[1,0,0,7,4,5,4,2,1,7,3,0,3,0,2,1,0,1,1,0,1,0,0,1,1,1,1,4,0,0,0,0,0,5,2,3,7,5,3,2,3,0,1,0,1,0,1,1,7,1,0,5,1,6,5,7,7,1,0,3,1,0,0,5]"
"[2.47942765,3.0136125,3.19189937,3.19705218,8.90774857,11.99485477,12.42866086,14.81567275,25.98537281,26.55339129,27.3639058,28.35309157,28.98239919,29.54510557,31.36560834,34.02831265,38.08569477,42.4115568,43.27000632,48.61378679,48.8104428,50.29618445,57.73402345,57.98941461,61.00407395,66.68209148,68.27682053,69.27385807,69.97605652,71.47111447,71.86695935,79.24773539,79.41937702,81.02137864,86.07991523,88.3905933,89.22420787,90.36049039,92.93992064,93.6570279,93.92287131,96.30883806,96.53877153,96.8535555,96.86903322,99.10551258,100.0246557,102.86823706,103.0423099,103.99808402,104.74010121,104.87355925,107.1492412,107.16234532,107.57729581,108.46002086,109.4264537,110.17433813,111.02482709,111.75507935,116.51773467,119.7907768,121.63930901,122.03321275]","[0,1,7,1,5,2,4,7,2,3,3,3,3,4,4,7,2,5,4,1,5,0,1,0,5,0,2,0,1,0,6,0,7,2,6,4,2,3,3,2,3,2,1,0,1,5,6,0,1,0,3,1,1,0,1,1,0,1,5,6,1,2,2,3]"
"[3.07022642,5.33563674,5.36028286,6.94491252,7.93349244,8.59338388,8.75711054,10.32042765,10.95447486,11.04647965,13.74948867,13.76600922,14.74036948,15.4733009,16.40519719,16.81434713,17.55845137,19.97142463,21.24616682,30.28618025,30.50685266,30.73358416,31.66423075,40.6964773,41.25915672,41.38436572,41.72388615,41.76519068,45.23710949,46.17262449,47.14823163,47.73768964,48.65044279,48.71069069,50.49279834,50.54456896,51.01643431,51.20772007,60.46250569,61.65166062,67.04539962,67.13247474,67.17736554,67.60291329,68.37252654,68.71883311,68.85306874,69.55507265,71.10170883,71.26860186,71.67445809,71.7668615,71.93004371,72.7830493,74.0742247,74.3210182,74.53807265,74.91430741,75.42404559,78.40057781,78.88341727,81.90540055,82.55689683,83.67598057]","[4,2,7,4,3,2,3,1,0,6,5,1,6,1,2,3,0,6,6,6,1,5,4,0,1,1,0,0,0,1,1,0,2,0,2,4,3,3,3,2,2,1,0,6,0,1,1,1,1,0,0,0,0,0,7,1,1,1,1,0,0,7,2,1]"
"[1.00520177,1.50868672,8.27701791,8.80681173,9.03290995,13.10180414,15.06004366,17.35591304,19.88812319,21.07094619,24.93264321,25.28023674,25.81773274,26.79214608,26.91024305,27.63941034,28.09060312,28.73905897,29.54422236,31.94824572,35.52829719,35.98143144,36.76897354,41.89940799,54.73878138,55.15096126,55.67030673,56.00535651,56.53288055,56.63362865,61.71139853,62.14353953,63.56055869,67.40104992,76.54680886,81.11428545,81.83173284,82.96314541,84.30445317,85.66068685,89.80955339,90.84078773,92.19863161,94.77028316,99.15903901,102.68843322,106.36055397,107.19270649,110.32598482,113.77678739,129.57478889,130.70032438,132.04958681,132.10678264,132.36884933,132.80178054,138.45728734,138.60995393,139.17809544,139.1929571,140.55664565,141.10869663,141.47387916,142.18581649]","[3,7,1,2,0,7,4,1,5,1,0,1,0,0,1,1,0,1,1,1,6,6,3,4,4,7,3,3,1,3,0,7,2,5,5,6,7,7,7,4,2,5,3,3,5,1,3,3,2,6,1,0,0,5,1,6,1,0,0,2,3,1,5,2]"
"[1.50492091,2.29326885,2.7474493,8.58778067,11.80295599,19.19967355,22.77248519,23.61214151,24.05581618,24.84300658,25.47731526,25.79588221,26.09840457,26.82297786,27.81333671,28.6337126,30.02441956,30.64929853,48.70386709,52.22128291,52.30897364,52.93853571,55.42787343,56.8211368,58.33085639,60.9225891,64.19851883,71.8474344,71.91950998,73.88593808,75.59416189,77.74253889,82.80259249,84.01807695,85.4124928,87.0278074,90.15470898,92.04239908,92.51319268,93.33654704,93.84339761,93.87192058,104.37697641,107.64127694,110.69096235,118.76412399,119.1143234,129.49076998,130.9399407,131.06736426,132.52003734,133.96332277,134.73954782,135.59517482,137.00143829,137.23056404,140.17880685,144.81332845,145.30429854,145.95939518,146.72126717,146.77548179,147.67156324,147.82188253]","[2,3,3,5,7,4,1,2,5,2,2,0,3,6,1,1,3,2,5,4,1,6,6,1,5,7,5,4,0,1,5,4,1,0,1,1,4,5,0,1,5,0,1,5,5,1,0,5,2,3,2,3,2,4,2,1,5,4,5,5,7,7,0,6]"
"[3.91007506,9.49639956,14.2147239,15.06328898,16.07774451,17.57066468,17.59608865,17.93020994,18.21966611,19.8491886,20.92428074,22.42013723,23.48096685,24.11913315,24.80821048,24.90628635,28.03622779,28.62567332,30.06157544,30.23502069,30.59986729,30.65597373,31.47411471,33.08517921,34.08327047,34.08531626,34.26786975,35.59210027,35.61128375,37.31968219,37.3219345,37.3604358,37.39862117,38.06800854,38.47954019,40.10621313,41.03773247,42.44662582,43.67409789,46.20975142,46.88072387,47.02494252,47.1337188,47.57264113,49.67714301,50.29864532,50.77763206,50.81013516,53.03059649,53.8718877,54.22942294,57.19189773,61.45461603,61.54951523,62.81702748,63.11215515,65.08630277,65.47039629,65.48750507,66.87259763,67.88363275,68.50518241,69.45096384,70.09383637]","[1,4,1,0,0,6,7,1,5,2,4,3,3,4,0,3,7,7,2,0,2,3,1,2,1,0,1,0,2,3,3,2,0,3,1,2,7,1,0,5,1,0,1,1,5,0,1,1,2,0,0,3,0,1,1,0,0,0,1,1,1,0,0,1]"
"[1.76995491,2.08087492,12.27250319,13.66400654,18.71903372,27.65424752,33.60307912,38.62364357,45.07809687,46.03248408,48.13108682,50.29611807,50.34625827,51.38237123,51.3869788,52.26613485,52.38322292,52.93855716,56.39093962,57.36077166,58.13532104,59.54643451,60.07653932,60.37496081,60.38552042,60.42728819,61.68030963,61.86361545,62.00370982,62.00768238,62.80070248,63.50132103,64.56992501,64.61439109,64.70327964,65.25594009,65.35786326,68.44601808,68.72407456,68.96385898,69.07709391,69.19511749,70.14783151,70.15919403,70.18101281,70.2260523,70.24636574,70.26492587,70.30306234,72.05389546,72.09139758,72.2121122,74.01642197,74.41289514,74.53273104,74.65580835,74.74567111,74.78746175,75.03451761,75.08414306,75.15758034,75.33457141,75.49039917,75.53740808]","[1,1,4,7,1,6,1,2,4,5,6,0,1,4,3,0,1,6,6,0,1,0,1,0,5,0,3,0,2,5,1,1,1,0,1,0,1,2,3,0,2,3,3,7,5,5,5,3,1,2,3,1,0,0,1,0,1,1,1,1,4,2,0,0]"
"[1.95033766,7.92702794,9.53211874,10.80226164,10.92980264,19.16832188,25.36627181,25.38319935,25.53165626,26.75691838,28.61369455,32.33913681,35.19151234,36.58684168,39.0295218,39.16827854,40.76354094,43.76575728,43.78786399,46.84309049,46.86955786,47.07374,47.14768371,47.24045608,47.58196195,47.71100823,47.79609056,49.65510747,50.9556848,52.02140182,54.62925101,55.15638486,56.68574608,57.75488947,59.92634105,68.90949254,70.77714575,75.18481033,75.66432913,75.78883308,78.16060391,81.06662187,82.63345896,83.35309573,89.79141343,90.06551361,90.24255009,90.45107272,92.25299037,93.26385811,95.00537675,95.5113057,96.07335516,96.28670649,96.34138669,96.36110927,97.36337049,97.47833768,99.58657913,99.89996766,101.27414713,102.32679253,103.39022095,103.49332265]","[4,1,2,3,2,1,2,2,5,3,6,0,3,2,3,5,7,3,6,3,0,5,1,1,0,0,1,1,1,0,1,4,4,4,7,6,0,1,0,6,3,1,1,0,1,0,5,0,5,1,7,1,1,0,0,1,1,1,0,1,5,0,0,1]"
"[5.90576286,12.57797157,12.97161407,15.38083137,15.60749342,15.77158171,16.4059753,16.82030328,16.98916892,17.99497433,19.76684624,20.12559769,20.47838793,21.99664539,24.17428498,30.10767263,30.46578491,30.57022426,31.63530447,31.87405285,32.47469176,32.99972489,38.35649876,41.8206891,42.33233285,42.94637001,47.66653885,47.6997042,48.38467959,49.95239036,50.23661482,51.36523594,51.63584295,52.05068865,52.179955,57.91323063,62.10810588,66.5640453,67.01058616,71.07075176,71.54747099,72.18166174,72.58646967,73.80520146,74.82848486,75.30200275,82.00754797,82.05570512,82.25594707,88.24182579,88.35166341,88.67728208,88.7342705,88.94175581,90.27545349,90.57275318,91.21717576,91.46697194,93.82767075,93.87920823,95.90140473,96.01613528,96.15964877,96.99800786]","[4,3,2,0,3,1,1,0,2,0,1,0,1,0,2,3,1,4,2,6,7,2,4,2,3,2,3,2,4,1,0,0,5,1,2,3,4,7,4,2,3,2,2,0,3,7,4,2,3,1,0,1,1,0,2,0,0,1,1,0,0,0,1,0]"
"[0.09939457,3.87218274,6.08414177,6.94415836,8.97616799,11.20757003,12.01100984,16.353878,25.70255062,26.15417068,26.41021506,26.78495099,29.50499021,29.94988047,31.70759792,33.59024167,34.20873737,34.53801673,34.79635894,37.01508963,39.12230629,41.92172543,42.47455731,57.83101446,58.35949886,58.80135374,59.53569432,59.95900167,60.93894779,61.98329053,62.31713547,64.3513003,65.6159231,66.63266899,67.9487939,68.36990375,70.66677677,70.92748617,71.14488256,72.7506771,90.20295965,92.58958259,92.59441279,97.09128277,107.07452643,109.74816053,110.2802169,113.5771578,114.18513295,119.32703925,120.13876887,124.55213373,125.02914875,125.91475473,127.71045953,128.95828809,129.00270306,130.49095942,131.65005173,132.30801313,132.35620595,132.74933571,133.37051741,133.67162686]","[4,6,3,5,4,4,0,2,4,2,3,3,7,1,4,2,4,2,0,3,1,7,1,2,2,3,3,4,2,2,3,2,3,2,7,3,3,2,5,7,0,4,7,5,4,5,2,6,6,4,4,5,3,3,0,0,1,5,7,1,1,0,1,0]"
"[0.70988493,8.177822,18.48432833,22.27546888,23.18739267,28.20860172,30.32388882,30.63791614,31.20018223,32.56153768,32.8378984,33.05017509,33.6731233,33.69694447,33.81657584,34.58206398,35.44840914,36.50386319,36.57386698,37.12738293,37.4092587,37.44184462,37.67855059,37.73153904,37.76207327,38.08050982,38.37879643,38.5831066,38.7938,38.81410426,38.85216361,38.93626383,39.04020711,39.26895066,39.37581154,39.48944189,39.5336782,39.56709199,39.86223996,40.0813862,40.63751314,43.13107724,47.31190611,48.66508069,50.8236719,50.8675871,53.50637165,59.33515025,59.90923224,60.42837174,64.54118551,64.72687559,65.28467178,66.78102706,73.14268099,74.28850952,75.46355191,75.76488446,89.2249298,92.14872614,92.21197005,92.29566249,94.02761877,95.36704816]","[2,5,3,2,3,0,0,1,0,3,4,0,1,1,0,4,0,2,1,0,3,5,0,1,3,2,3,2,1,0,2,3,1,0,1,2,3,1,1,0,0,1,4,1,0,1,1,1,7,6,4,5,0,2,0,1,5,3,7,2,3,3,4,1]"
"[1.98001883,17.98108188,18.84915705,21.28371675,26.65932508,27.32216664,29.8601468,31.23346186,38.4040381,40.72804388,41.67034906,47.68786589,48.2916422,48.58176938,50.01685829,50.95485277,51.89383194,53.15905127,59.70293001,64.2706064,64.95829774,69.92250853,70.48626479,71.99090538,72.16566844,76.58602694,76.85469647,80.08330177,83.08076758,83.75717477,84.06992942,85.1309121,87.77144574,87.86023008,89.0639288,94.42327159,98.15814614,98.72039458,100.88209714,102.16364785,108.97829616,109.51198078,112.25732696,120.13293929,120.29281366,123.62267048,123.99222815,124.458029,124.53721383,124.78723591,124.93296881,125.64965856,126.04021294,126.40259902,126.48037258,126.95457329,128.13226136,128.78721107,129.41836052,129.91489662,129.95713162,130.49729745,130.71542838,131.49226482]","[3,2,5,3,2,4,7,6,5,6,3,2,3,2,5,2,2,0,5,5,1,5,7,6,5,5,5,4,5,0,3,0,1,5,0,1,3,2,3,3,3,2,7,7,7,3,3,0,6,2,1,1,0,1,1,0,1,0,1,1,0,0,0,5]"
"[0.46811301,0.65381093,2.63878789,4.09639492,5.43380694,7.66327943,10.15933665,12.08659778,12.23486177,13.12365031,13.45072672,16.38670388,17.94671395,18.69362137,18.71519925,19.51076657,19.91514033,19.98274245,20.45746257,20.83269794,22.3571846,22.47714944,22.50405579,22.5171297,22.73235059,22.76376689,23.99957256,24.47249445,25.74052513,25.94855309,26.163454,26.40999046,26.83009373,26.88013007,27.02348973,27.13249268,27.42516826,27.75144358,27.79806274,28.05943568,29.90679723,30.50681996,31.82029675,34.03561351,40.72938045,40.85035755,41.06914036,42.56050432,43.61133499,44.85176002,48.95744434,50.40766734,52.76964003,54.86191427,56.89127687,63.48227848,66.16253455,67.075705,68.31042541,70.77259082,76.00432346,78.9138351,80.19477084,81.18463308]","[3,1,0,3,7,2,5,0,1,1,0,6,0,5,1,0,1,1,1,0,1,0,1,1,1,1,5,1,4,0,0,0,5,0,1,0,1,5,0,1,1,1,5,0,7,2,0,1,4,2,7,2,5,0,5,1,0,1,6,1,0,1,7,4]"
"[3.27536876,5.42625568,7.65411573,8.72438807,9.07343249,9.22561944,9.6978171,10.15248892,10.59615623,10.6440674,11.07816538,12.32796336,12.51424025,13.56845364,13.80460047,14.28935807,14.80699716,16.5675637,16.61767169,17.61896598,18.69589378,20.31442726,24.60424476,26.72345427,26.89424389,27.75325441,31.48266624,32.24113021,32.26943039,32.29879486,33.14824349,35.4893422,35.86444716,36.3016198,39.66758362,42.42156233,49.15018972,50.18467411,50.58272935,50.9415753,51.26863693,62.78416381,62.8922397,63.53071614,74.58540046,74.92368953,74.9319558,74.96989697,76.15635842,88.63755308,89.16099849,89.22106387,91.63282215,92.83972905,93.27625187,94.77624604,95.42267476,95.67624416,95.9073358,96.2702891,96.3173319,97.6447374,98.38731478,99.62224404]","[7,6,0,1,0,1,0,0,1,0,0,1,1,4,1,0,1,0,0,1,1,7,3,2,2,2,2,3,1,0,1,7,1,5,1,0,2,7,3,3,3,0,1,1,5,2,3,5,5,0,1,1,3,3,2,5,2,3,2,1,3,2,3,3]"
"[6.39492897,7.97640593,8.12936382,8.60331266,11.12553794,11.54993236,13.89211112,15.7228089,15.86322828,16.40641216,16.6909375,17.84722818,18.17669998,18.19747746,18.26754532,18.50143522,19.39912145,19.5407772,20.17329304,21.56909151,23.00755697,23.55254263,24.71775138,25.66199697,26.9054928,27.77318968,32.96345713,38.8287917,44.50918774,45.9111435,52.56893847,53.37582938,58.17647174,59.70878764,63.13233772,63.46253074,63.61808739,67.13490349,72.56158068,73.55368904,75.95302463,76.1678951,76.6471434,77.08862026,77.96340644,78.5894696,78.70954923,80.25375526,80.5162922,80.70080794,81.00239378,81.54817223,81.88162887,82.08787869,82.23649656,82.45228947,82.45929491,83.68187133,84.95460224,85.07157256,85.88190623,86.96340796,87.07365239,87.44403447]","[6,6,6,7,1,0,7,0,1,1,1,0,0,1,1,0,0,0,3,4,1,0,5,1,0,4,2,4,5,5,7,3,6,4,1,2,5,0,6,2,0,4,1,2,1,6,6,0,0,6,1,1,0,0,5,1,0,1,5,4,0,7,1,0]"
"[0.90125057,2.6058715,4.257735,4.91807407,9.54956679,14.14100286,16.99342409,17.43288829,17.6793012,17.93143449,18.96565223,21.81744422,25.01225623,26.10547354,27.18514558,29.36860013,29.50046865,30.25169922,43.42272325,43.90744911,44.39785319,44.98074265,46.17100779,46.88948227,47.22268777,47.30802786,51.72798347,53.16378408,53.45147816,53.65687164,54.24355365,54.45385461,57.31742034,57.62117225,58.45741424,59.59615286,59.70591969,61.03921853,63.31203156,63.43034275,63.87181774,64.48526744,65.12526655,66.1049938,66.19156417,66.2501403,81.46044598,81.77593388,83.02524102,85.60519687,90.53526749,91.97632637,94.51532808,95.32178476,102.78451226,103.80363008,104.11067118,104.77846929,105.30625272,106.02308589,106.28265863,106.29045181,106.45051123,115.07439462]","[6,5,7,6,6,0,1,0,0,1,1,0,5,7,6,0,7,1,2,2,3,5,3,2,7,3,1,3,2,7,7,7,3,5,0,7,1,1,1,1,0,0,1,0,1,1,5,1,1,0,0,1,1,0,5,2,1,0,5,1,0,0,1,5]"
"[0.76851022,4.31009435,4.80044774,5.76025348,6.7239682,10.60624317,15.51341909,16.1973327,20.04439981,24.54582761,24.78807612,24.80402637,26.69980029,27.86807485,27.97186143,34.77385063,34.79894637,36.46125351,37.27463382,39.04452921,42.70043124,42.96013006,43.13749629,43.7763794,44.278525,44.71495857,44.72199637,45.15423344,45.83713917,46.87863509,46.90397213,47.11376922,47.60337099,48.19131795,48.81570916,48.9129879,49.05456552,49.12430489,49.54260337,49.67738899,49.91853905,50.06413785,50.18534752,50.30926656,50.34274498,50.86850977,51.11344075,51.14783179,51.69864815,51.9245135,51.96964091,51.98946137,52.0080358,52.03961733,52.04205877,52.2101333,52.41666018,52.42062265,52.44613508,52.59589136,53.09458537,53.18909623,53.23075444,53.49419277]","[0,2,3,3,2,7,7,7,5,1,0,0,2,7,5,3,2,2,1,3,0,1,3,2,1,3,4,2,0,1,1,0,4,1,1,7,0,1,2,0,1,5,1,0,1,0,0,1,0,0,0,1,1,1,0,1,1,0,0,1,1,1,0,0]"
"[6.62039628,7.92688397,14.38108906,15.69754582,17.36815585,17.3786073,17.64382001,17.76463581,18.15538428,18.47828257,20.96411753,21.17466284,21.69070436,21.75957245,21.88196744,21.99695212,22.22320426,22.45390261,22.88701554,23.53283243,24.03571893,24.34257413,25.28790128,25.90044533,26.47098431,27.56066738,27.61120939,29.53345067,30.16723879,30.88635344,30.93956367,32.11278976,33.99130808,34.03395638,34.06175502,34.23890149,36.14987591,36.22392377,41.22440455,41.33100273,41.92295933,42.41546779,42.44615652,44.17035062,48.48808415,48.76774431,48.80382864,49.2807552,54.36385978,55.64860173,56.3153047,58.79252706,59.25744107,59.40936708,63.85452844,69.63384097,70.72029873,74.11086073,76.07206818,78.65851363,78.78591249,80.52204776,81.17413583,81.53555192]","[7,4,7,1,0,7,1,1,0,0,0,1,7,0,1,1,1,0,1,0,3,0,3,3,3,1,2,0,4,7,1,7,0,0,0,1,5,6,6,1,0,1,7,1,2,3,0,3,0,3,1,0,7,5,5,7,2,4,6,1,0,1,7,7]"
"[2.98793543,3.41032885,7.51347807,11.28853464,13.85767539,19.04066435,20.87234469,21.62325221,23.04108815,23.94335337,32.54536581,36.16532542,37.36800924,38.52429719,39.97162425,40.96521897,43.74771246,44.06316636,44.74701569,44.79406107,44.87375812,44.92436073,44.94424409,45.61171779,46.08683091,46.10093424,47.85570372,48.47990171,48.4888175,48.71727627,49.10084374,49.49011495,50.00077818,50.58341275,51.40328945,51.48917041,51.62805594,55.47511055,56.30516179,56.58891148,57.20985099,57.88986645,58.28978115,58.36756644,59.42129154,60.46437162,61.46803805,61.5126915,61.55290945,62.30939008,62.42582233,62.48467205,62.64702206,63.11297392,63.48873982,63.62505122,64.57043947,64.7221772,69.094267,69.14312005,69.53283543,69.84802239,70.31070218,70.82356751]","[7,1,4,4,7,0,2,1,0,1,2,4,5,5,3,3,0,1,2,0,1,0,7,5,1,1,0,5,5,1,0,1,2,3,0,2,1,1,2,0,7,0,3,1,0,1,0,1,1,1,0,0,6,1,7,5,1,7,0,1,0,4,1,0]"
"[3.73563408,4.4357469,7.87141612,9.8573724,10.52276672,12.03617374,12.13859883,12.18760034,13.93404464,16.37354825,17.42602439,17.78911769,18.05443896,18.15706374,18.71360224,19.92048413,21.6628423,21.75120078,24.54274334,33.57326368,33.76446772,34.21110257,36.71626481,38.54779487,39.95872611,40.42665702,40.56579536,41.24211041,42.67364608,43.14484106,47.18657943,51.55993662,52.06740073,55.14198793,57.60738465,57.64466066,59.56374456,62.47403188,63.19430414,63.45701519,64.19068852,66.00768596,66.87076721,67.96857204,68.28105985,68.48850238,68.7959834,69.02581529,69.37863739,69.41231164,69.45660128,69.49683028,69.7949503,69.90077569,69.97370095,70.03936441,70.38606275,70.60651443,71.16776399,71.51912112,71.61565929,72.14376973,72.92386896,73.7480292]","[1,0,7,4,0,2,7,3,1,3,3,4,2,5,0,1,4,0,3,2,3,4,3,0,5,1,3,0,7,1,6,3,3,2,0,3,3,2,3,3,3,4,1,5,0,1,0,2,3,3,1,0,0,3,3,2,3,2,5,5,3,2,3,2]"
"[0.12685628,1.56334693,8.9987166,9.14970237,12.08739459,27.48835444,28.51007957,29.1513631,31.30655281,33.03616407,33.49350272,33.64797818,34.33242249,34.72786309,34.79247628,35.77140428,37.05849906,37.44908323,37.68632933,38.6073022,38.67438021,39.81191314,39.86882003,40.69630089,44.04656017,48.96847437,53.02575773,54.97428508,66.05840331,69.28206501,70.37601111,71.30783554,71.70498636,75.6785757,76.78604409,78.93356494,79.64130919,79.99552478,80.27677613,80.50534164,80.87102151,81.77399386,81.93412605,82.15342705,82.48234402,84.21993871,84.34061276,84.59585401,85.52949215,86.06579665,86.21644056,86.48112348,86.77092019,86.78578594,88.19386352,88.3944011,88.75276533,89.18004088,89.1893304,89.59539883,89.71277304,89.86139713,89.93266415,90.36061912]","[3,2,0,3,2,3,1,1,0,6,0,1,0,1,1,1,0,0,1,1,1,0,2,3,7,1,6,2,7,0,1,6,5,2,6,7,7,1,0,5,1,1,0,0,4,1,0,5,0,1,0,1,1,1,5,1,0,1,0,0,1,1,0,0]"
"[5.44423928,8.89453227,10.78489252,10.97881003,11.49348813,12.05623694,13.26332889,13.79298748,13.79975134,14.74815783,15.49399001,16.22191338,16.8165068,19.53826025,20.52677836,23.69367771,24.49759425,26.61116837,28.67370488,31.49273695,33.28725958,33.81315929,38.63391915,39.94987178,41.3082407,42.06814113,45.64329514,46.30998696,47.56587356,51.98677078,52.31837939,53.6479459,56.74486542,56.92869615,58.98008764,59.1183823,59.36059116,60.08159231,60.79267761,72.53220434,74.29340786,78.34371729,79.0068906,79.36139731,82.15556486,82.86924597,83.15781441,84.86530285,84.9287532,85.40624236,86.07339192,86.1757159,86.29534052,87.67472757,88.17438807,88.39782474,90.03561369,90.07741371,90.46845574,90.59717904,90.70965793,92.20484075,93.10817415,93.37997033]","[1,3,1,7,0,1,7,2,2,0,3,2,3,2,6,3,3,2,3,7,5,7,6,6,5,6,6,2,7,7,4,1,3,2,3,1,0,1,1,5,1,0,1,1,0,1,1,1,0,1,0,1,1,1,7,6,0,1,1,0,4,1,0,1]"
"[3.97876131,4.88814055,6.27815893,9.47239118,10.25218913,17.33368572,18.17618086,18.32182802,19.62348435,29.45412652,33.15887937,34.54665007,37.41048413,47.95877106,50.31102685,54.56653852,55.09670245,55.7123556,58.27146368,59.0017664,59.47009211,61.3855044,61.56139476,65.35818178,66.02208903,66.7715568,69.97472527,70.5514465,74.9545867,76.23822249,78.06333386,78.1356855,78.91134572,87.28737628,87.64958502,91.40906643,95.05436066,95.91134339,97.47265874,103.59401443,105.17777408,106.1571049,109.107374,109.7741455,111.2656411,113.43582996,114.37266548,114.72117136,114.97934919,115.77955585,116.42791168,116.87242991,117.64805821,120.19245179,120.91153041,121.30087255,128.5005655,128.81327916,129.90217381,130.74319252,131.00859303,131.31901178,131.37162635,133.68191308]","[7,2,1,1,2,5,1,7,0,5,1,0,0,5,2,0,6,1,6,1,6,0,1,1,2,2,3,3,4,3,7,7,5,5,4,2,1,0,0,5,2,7,3,0,2,1,0,0,1,6,0,1,5,1,0,5,7,4,3,2,3,4,3,4]"
"[0.38356079,2.18395537,8.13034457,9.01936569,14.15252866,15.19217644,15.269309,15.45560221,15.67512491,15.86619097,17.39180657,21.00032373,23.82539201,27.15072058,33.91462018,34.29052976,35.57809726,35.96687159,36.65159038,38.41801993,39.39578714,39.65620546,40.29499681,40.31264141,40.8096834,40.87390878,41.19734355,41.28125469,41.63830328,42.28803706,42.64207171,42.84646754,44.16525186,44.30544742,44.82297395,44.96670084,46.71639632,47.60153265,47.66465467,48.18503067,48.73180402,48.8716378,52.51319576,54.0323389,54.06871976,55.29298872,55.7498593,56.23314855,56.28085479,56.95369101,57.33890231,58.3997206,58.42394056,58.64876033,58.826311,58.85255494,59.28289725,59.45845722,59.56270177,59.91005042,60.6675507,62.08037798,62.75574048,65.61996379]","[5,5,1,5,7,2,3,4,1,0,2,1,2,6,0,2,1,1,1,3,1,0,0,1,1,0,0,0,1,1,0,0,0,1,1,0,1,0,0,1,1,7,0,1,5,1,0,0,5,1,1,3,2,1,0,1,2,0,3,4,3,3,2,3]"
"[1.09420533,1.39611996,2.76093378,4.94939386,6.91910428,12.92384093,14.92312613,16.81739022,17.54941592,17.61477966,19.02629703,19.69173182,20.56212965,20.82934617,21.47224878,21.52531881,22.19296573,22.36075468,22.38174115,22.58039643,22.59566193,23.09404724,23.79154784,23.81667064,23.89715324,25.88425645,27.47323813,28.44505478,28.62731916,29.47530088,29.84048247,32.50079589,32.58757354,32.89841402,34.02348781,34.87800036,38.34832725,39.79167449,40.63630297,41.42924127,41.56361031,41.68252988,42.36056365,42.8933984,43.46577074,43.91169485,44.99996073,45.16459709,45.56185569,45.58795368,45.88062612,47.02963348,47.1776682,47.54038503,47.61444011,47.99897248,48.46712509,48.78085904,50.65229098,50.84097895,51.74331459,53.74574786,54.99584902,56.47967495]","[2,2,7,0,1,0,1,7,0,0,1,1,3,2,3,0,0,0,2,1,7,1,1,1,4,7,2,0,1,0,5,5,4,1,3,5,1,2,5,5,3,3,2,2,0,3,1,1,0,1,2,0,1,1,3,3,5,4,0,0,0,0,1,0]"
"[0.01133584,0.0409288,0.04289984,7.83184125,9.0204226,10.47139818,14.69660575,17.06620352,21.84876684,26.73321454,26.89763229,27.47171111,28.59171303,31.8502262,34.04691546,35.1176615,38.70476697,38.87066952,39.57023893,39.63767887,40.26896643,40.32346545,40.65700223,40.84680104,41.73517472,42.19975031,43.16019089,43.96739715,44.04579769,44.3089768,44.5867155,45.81959649,47.00516178,48.46530675,53.92065524,54.34936239,55.39262584,55.8680392,56.23517443,58.21802037,58.58124326,61.39691646,69.71531944,72.42186687,72.67158077,73.84890408,73.85313752,74.00016453,74.78227916,75.17368642,75.32636501,75.5944283,77.9528134,78.33735619,79.71942375,81.05921487,82.26924787,82.27836048,84.69188965,85.48435506,89.80878326,90.80521089,90.84564626,91.84782365]","[5,5,7,6,2,3,6,6,7,1,2,7,0,5,1,0,0,1,0,1,0,1,0,1,1,0,1,0,1,0,2,3,1,1,2,4,5,3,5,3,7,3,5,6,3,7,3,3,2,3,0,3,0,1,2,1,5,0,0,1,7,3,0,2]"
"[1.00421236,1.24353075,6.82122598,6.83961252,9.41478377,9.63673776,9.8901043,10.60110388,10.79842595,11.03574286,12.44219404,12.64028659,13.31143527,16.65084509,24.53991768,25.21984868,26.28901037,26.71439505,26.90026225,27.01349218,27.65610645,27.71232718,27.82232268,27.83271725,28.40041619,28.79155594,28.85439256,28.93837284,28.96797204,29.06857992,30.26227575,30.37075426,30.61717822,31.03787786,31.1013615,31.32096962,31.6323718,32.55530264,33.29191588,34.75947463,34.85183453,35.15103392,35.84144843,35.97109563,37.04753827,37.08024832,37.33463947,37.35374539,37.42111325,37.45729673,37.68893104,37.86815932,38.2094565,39.30516603,39.44783474,39.86619145,39.96052147,40.33360436,41.25308934,45.61853717,46.76818485,47.96365655,52.4840072,54.25976698]","[4,5,2,3,2,2,3,3,1,7,3,0,2,2,6,1,0,0,1,6,1,0,1,1,0,1,0,1,0,0,0,0,1,0,0,1,1,1,0,0,0,0,1,0,1,7,1,1,1,0,6,6,0,3,0,6,5,4,0,2,2,4,0,1]"
"[7.43043438,7.89555714,12.69775348,12.78131692,16.16299452,16.55685177,20.00151383,23.13350541,28.98911649,29.17233763,29.17730366,29.49156502,30.17569124,30.63794151,30.8263979,31.05548085,31.06362883,31.19185262,31.24446954,31.42802116,31.73447454,31.93147889,32.13812348,32.19221758,32.37943231,32.38367242,32.62153903,32.79454433,33.721853,33.7484479,34.06717214,34.16344224,34.19475249,34.48304792,34.49984984,34.94282006,35.48193003,35.591561,35.7065624,35.9464684,36.06006498,36.77417324,36.87141947,36.9678039,37.51547283,37.55807143,37.63255811,37.78901921,37.82970205,38.33240794,39.28473945,39.67784157,39.94932469,39.96944682,40.26854192,41.6834572,41.70864106,42.21258928,43.75784114,43.76378434,43.88296883,43.96999339,44.0020166,44.18833129]","[3,7,0,1,5,6,4,5,0,1,0,1,7,1,0,0,1,1,1,1,0,1,0,1,1,0,5,0,1,0,0,5,0,0,1,1,0,0,5,1,1,2,3,1,0,7,1,1,0,0,1,0,2,0,1,0,1,1,7,7,1,0,1,0]"
"[0.97823966,2.09226216,3.97891067,4.9406312,5.99731329,8.36899401,9.59910905,10.4122385,13.84285422,23.88795445,24.3219771,24.80070864,25.23375179,29.63023726,32.02204439,33.30333466,40.38352905,47.53214992,49.27150494,49.2851746,51.78810715,52.62217744,52.90888627,58.70846434,60.7580378,68.86217555,73.00392643,73.6793548,74.59256539,75.5569916,75.89421843,77.39757738,78.97611474,80.3801242,81.9391354,82.62800699,83.09372498,83.41880942,84.15018617,84.30393819,84.97489297,86.33012266,88.29369377,92.58502924,92.84842087,93.02764285,93.68913519,94.13993268,94.40955798,102.45044481,103.11737942,103.45680781,103.55758907,104.81288348,105.54048676,105.83462106,106.50250939,107.42638947,107.52667172,118.84506673,121.35849291,123.41631178,125.43191562,125.92210078]","[7,4,6,2,5,0,1,5,3,7,2,3,2,7,7,1,5,0,5,1,4,5,0,2,3,0,3,4,3,2,3,2,3,2,2,6,2,3,3,4,6,3,2,0,2,1,3,1,0,0,1,1,7,0,2,3,3,2,3,1,1,0,4,5]"
"[0.47228171,0.91145085,1.38742831,1.39986205,5.83148062,5.94183675,6.83025251,7.25850244,7.75353722,12.40828139,13.5212129,13.97221759,14.53719537,18.67174886,19.05648545,19.3529134,20.0754522,21.38502092,23.28857005,28.32250357,28.58534411,28.66315834,28.91333685,29.35510835,29.56571607,30.11904244,30.86138943,32.04165672,39.67628461,40.45722356,40.60649825,41.12590367,43.01881903,43.22628177,44.67079185,45.21295882,47.6237886,49.30636231,49.44241241,49.79333936,51.37333705,51.40474272,51.60768687,52.86326434,53.53153594,54.29446991,54.37443478,54.75494949,55.04624919,56.84748257,58.79621015,58.98927078,59.01282357,59.27847337,59.2998108,60.00206195,60.06614071,60.89791595,60.90916325,61.03952703,61.18733719,61.36647943,62.4201571,62.57095557]","[0,2,5,1,0,2,1,1,0,2,0,3,5,3,3,4,2,3,3,1,0,0,5,1,1,1,4,6,1,0,7,0,1,0,2,3,0,5,1,3,3,2,2,0,3,1,1,2,5,0,1,0,1,3,5,3,0,1,0,1,2,0,3,0]"
"[7.33141415,7.84377323,12.30781568,20.15333687,21.56842212,22.19357759,24.18778814,26.01305464,32.22692615,33.65494321,34.57374183,37.99047244,39.85429609,40.5166345,44.18082193,50.38803334,50.54825512,51.31277212,52.89906964,54.12313555,54.15091625,54.82335228,54.95404008,55.29381598,55.79180644,56.78152876,56.8209793,57.66168622,59.01180505,59.1689309,61.14870565,61.41230582,63.73182947,65.10751566,66.95533692,70.79336113,76.02290184,77.47863432,84.02675247,92.17154095,92.36681009,93.48975166,95.46399361,96.36428398,96.81518732,97.01998645,100.2472278,100.66654961,103.48503571,103.66868549,103.99319445,105.10749887,105.51896893,106.21561362,106.34015273,106.69536033,106.94169888,108.71493722,109.52810381,110.39042015,111.07552473,111.11275833,111.22822633,111.60421502]","[1,3,0,0,1,0,5,3,5,5,5,5,4,4,5,2,0,1,3,2,5,2,3,2,3,4,3,0,6,1,0,2,2,4,5,3,1,0,6,1,0,4,5,2,2,3,7,1,0,1,7,1,2,0,1,3,3,3,3,2,2,1,3,7]"
"[8.63184226,8.68428468,15.70910609,16.6849616,16.99771906,17.0607402,19.93723533,22.74845319,23.67291584,24.44740266,24.67826512,25.14785026,25.26836799,25.4455698,27.64872254,32.57690019,42.44819768,43.44074298,45.54427634,49.85136123,51.47884345,58.90605882,60.53523058,62.26596946,62.59246416,62.70153767,63.06067543,64.05955581,64.9017156,65.34695979,66.36479679,66.4836493,66.49655398,67.02863255,67.09680152,68.89332333,69.33082537,70.0063853,71.14812958,72.0515026,73.16857429,73.48257128,73.94109338,74.58905532,75.78268082,76.17981752,76.59559354,76.91024659,77.98647446,78.88215303,79.36763732,80.83221488,81.14160264,81.15338375,81.18646959,81.21279206,81.50754893,81.841061,81.88208662,82.66729227,82.95536325,85.11823919,85.29094976,86.26272009]","[1,0,7,5,1,2,4,2,3,2,3,2,3,3,5,3,6,5,2,5,2,2,1,2,5,3,0,0,2,3,2,3,1,0,3,3,3,2,2,4,2,3,4,3,5,0,1,1,0,1,0,0,0,1,7,1,3,2,0,1,0,1,0,5]"
"[0.68641389,1.96923091,2.80723108,3.1343687,3.48865163,3.95450591,4.45472925,10.93748526,14.36276815,14.53815159,37.3489175,42.60051389,44.24812316,44.88925976,45.15441025,50.30931698,50.9673595,66.35097123,66.85916577,68.61772223,69.154438,69.21225751,71.17070088,71.60768663,73.55568482,74.53269117,76.99714843,77.17594931,78.56988535,80.29167039,80.62381789,81.42724721,83.99886853,84.98962305,85.58679095,88.35983594,95.05648418,99.58834303,102.92214897,105.77200405,110.09894318,110.33872598,112.15801729,112.90353449,113.30154024,115.11744189,115.80982069,116.35450502,116.71811131,127.21178621,131.21232808,132.86423547,133.48787312,135.8018488,135.84537952,136.08328339,136.5238087,136.55845175,136.94502249,137.88788389,138.58900997,139.87032387,144.35408095,152.41443065]","[1,2,0,0,5,1,1,2,5,6,4,6,5,2,3,5,3,1,0,3,2,4,6,5,0,2,7,7,4,1,3,4,2,2,3,1,2,3,0,2,2,3,2,5,5,0,1,4,1,3,0,1,5,7,1,7,0,1,0,0,1,1,7,7]"
"[1.36065483,1.56292297,1.72024569,2.03167248,2.32998561,3.40222617,4.22013342,4.43976859,4.75981139,5.10460108,5.9582189,6.89453427,7.16708606,7.61539527,8.394124,8.82563056,8.91552648,9.05370683,9.70409253,9.99571765,11.08427597,11.36609475,12.11616759,12.38369736,12.51421899,12.55088082,12.59420476,12.77806814,13.84716654,14.77233682,14.89303509,14.96292634,15.08044036,15.12132602,15.44109109,15.52524671,15.73265882,16.42195033,16.86082557,16.94660187,17.12325088,17.17306618,17.38312704,17.48089691,17.63528977,17.87993528,18.38112586,19.02674662,19.26338757,19.5327597,19.66807472,20.56848168,20.81872322,20.96203845,22.91880628,23.54114653,23.83806593,24.03829667,24.07875104,24.2805062,26.38670524,26.45136867,26.47935299,26.66633455]","[1,0,0,1,1,0,0,0,0,5,1,1,0,1,0,2,1,0,0,7,7,1,5,0,1,3,2,0,1,0,1,0,1,7,0,0,1,7,0,1,0,1,1,1,0,7,0,1,0,1,5,1,7,0,1,0,0,1,1,1,1,0,0,0]"
