Using device: cuda
DataFrame shape: (800, 3)
Columns: ['event_times', 'event_types', 'cluster']
加载了 800 个序列
检测到 8 种事件类型: [0, 1, 2, 3, 4, 5, 6, 7]
第一个序列长度: 80
[Hawkes Cold Start][001/005] train_nll/event=4.511088 val_nll/event=4.072359 max_grad=2.1196
[Hawkes Cold Start][002/005] train_nll/event=3.805501 val_nll/event=3.583059 max_grad=1.2100
[Hawkes Cold Start][003/005] train_nll/event=3.412626 val_nll/event=3.286352 max_grad=0.7050
[Hawkes Cold Start][004/005] train_nll/event=3.162308 val_nll/event=3.092808 max_grad=0.4479
[Hawkes Cold Start][005/005] train_nll/event=2.996922 val_nll/event=2.966069 max_grad=0.3209
[Hawkes Cold Start] checkpoint saved to /home/xinye/Hawkes-Memory/HawkesMemory/checkpoints/hawkes_backbone_init.pt
[Hawkes Cold Start] spectral_radius=0.582299, min_mu=1.523343e-02
[H_tree] initialized 15/15 node_emb from /home/xinye/Hawkes-Memory/HawkesMemory/Data/tree_8/h_tree_8.pt
[Routing] mode=active_frontier frontier=2..4 temperature=1.300 exploration=0.010

[Residual init]:   0%|          | 0/800 [00:00<?, ?seq/s]
[Residual init]:   1%|          | 5/800 [00:00<00:17, 44.85seq/s]
[Residual init]:   1%|▏         | 11/800 [00:00<00:15, 51.90seq/s]
[Residual init]:   2%|▏         | 17/800 [00:00<00:14, 54.26seq/s]
[Residual init]:   3%|▎         | 23/800 [00:00<00:13, 56.28seq/s]
[Residual init]:   4%|▎         | 29/800 [00:00<00:13, 56.64seq/s]
[Residual init]:   4%|▍         | 35/800 [00:00<00:13, 56.85seq/s]
[Residual init]:   5%|▌         | 41/800 [00:00<00:13, 56.54seq/s]
[Residual init]:   6%|▌         | 47/800 [00:00<00:13, 56.79seq/s]
[Residual init]:   7%|▋         | 53/800 [00:00<00:13, 56.96seq/s]
[Residual init]:   7%|▋         | 59/800 [00:01<00:12, 57.04seq/s]
[Residual init]:   8%|▊         | 65/800 [00:01<00:12, 56.59seq/s]
[Residual init]:   9%|▉         | 71/800 [00:01<00:12, 56.74seq/s]
[Residual init]:  10%|▉         | 77/800 [00:01<00:12, 56.87seq/s]
[Residual init]:  10%|█         | 83/800 [00:01<00:12, 56.57seq/s]
[Residual init]:  11%|█         | 89/800 [00:01<00:12, 56.80seq/s]
[Residual init]:  12%|█▏        | 95/800 [00:01<00:12, 56.95seq/s]
[Residual init]:  13%|█▎        | 101/800 [00:01<00:12, 56.65seq/s]
[Residual init]:  13%|█▎        | 107/800 [00:01<00:12, 56.86seq/s]
[Residual init]:  14%|█▍        | 113/800 [00:02<00:12, 57.00seq/s]
[Residual init]:  15%|█▍        | 119/800 [00:02<00:11, 57.06seq/s]
[Residual init]:  16%|█▌        | 125/800 [00:02<00:11, 56.62seq/s]
[Residual init]:  16%|█▋        | 131/800 [00:02<00:11, 56.75seq/s]
[Residual init]:  17%|█▋        | 137/800 [00:02<00:11, 56.91seq/s]
[Residual init]:  18%|█▊        | 143/800 [00:02<00:11, 56.62seq/s]
[Residual init]:  19%|█▊        | 149/800 [00:02<00:11, 56.86seq/s]
[Residual init]:  19%|█▉        | 155/800 [00:02<00:11, 57.02seq/s]
[Residual init]:  20%|██        | 161/800 [00:02<00:11, 56.68seq/s]
[Residual init]:  21%|██        | 167/800 [00:02<00:11, 56.88seq/s]
[Residual init]:  22%|██▏       | 173/800 [00:03<00:11, 57.00seq/s]
[Residual init]:  22%|██▏       | 179/800 [00:03<00:10, 57.02seq/s]
[Residual init]:  23%|██▎       | 185/800 [00:03<00:10, 56.58seq/s]
[Residual init]:  24%|██▍       | 191/800 [00:03<00:10, 56.73seq/s]
[Residual init]:  25%|██▍       | 197/800 [00:03<00:10, 56.88seq/s]
[Residual init]:  25%|██▌       | 203/800 [00:03<00:10, 56.60seq/s]
[Residual init]:  26%|██▌       | 209/800 [00:03<00:10, 56.83seq/s]
[Residual init]:  27%|██▋       | 215/800 [00:03<00:10, 57.00seq/s]
[Residual init]:  28%|██▊       | 221/800 [00:03<00:10, 56.69seq/s]
[Residual init]:  28%|██▊       | 227/800 [00:04<00:10, 56.88seq/s]
[Residual init]:  29%|██▉       | 233/800 [00:04<00:09, 56.99seq/s]
[Residual init]:  30%|██▉       | 239/800 [00:04<00:09, 57.03seq/s]
[Residual init]:  31%|███       | 245/800 [00:04<00:09, 56.59seq/s]
[Residual init]:  31%|███▏      | 251/800 [00:04<00:09, 56.74seq/s]
[Residual init]:  32%|███▏      | 257/800 [00:04<00:09, 56.91seq/s]
[Residual init]:  33%|███▎      | 263/800 [00:04<00:09, 56.62seq/s]
[Residual init]:  34%|███▎      | 269/800 [00:04<00:09, 56.84seq/s]
[Residual init]:  34%|███▍      | 275/800 [00:04<00:09, 57.00seq/s]
[Residual init]:  35%|███▌      | 281/800 [00:04<00:09, 56.67seq/s]
[Residual init]:  36%|███▌      | 287/800 [00:05<00:09, 56.87seq/s]
[Residual init]:  37%|███▋      | 293/800 [00:05<00:08, 56.97seq/s]
[Residual init]:  37%|███▋      | 299/800 [00:05<00:08, 56.99seq/s]
[Residual init]:  38%|███▊      | 305/800 [00:05<00:08, 56.59seq/s]
[Residual init]:  39%|███▉      | 311/800 [00:05<00:08, 56.77seq/s]
[Residual init]:  40%|███▉      | 317/800 [00:05<00:08, 56.94seq/s]
[Residual init]:  40%|████      | 323/800 [00:05<00:08, 56.62seq/s]
[Residual init]:  41%|████      | 329/800 [00:05<00:08, 56.86seq/s]
[Residual init]:  42%|████▏     | 335/800 [00:05<00:08, 57.02seq/s]
[Residual init]:  43%|████▎     | 341/800 [00:06<00:08, 56.70seq/s]
[Residual init]:  43%|████▎     | 347/800 [00:06<00:07, 56.89seq/s]
[Residual init]:  44%|████▍     | 353/800 [00:06<00:07, 56.97seq/s]
[Residual init]:  45%|████▍     | 359/800 [00:06<00:07, 57.01seq/s]
[Residual init]:  46%|████▌     | 365/800 [00:06<00:07, 56.61seq/s]
[Residual init]:  46%|████▋     | 371/800 [00:06<00:07, 56.81seq/s]
[Residual init]:  47%|████▋     | 377/800 [00:06<00:07, 56.96seq/s]
[Residual init]:  48%|████▊     | 383/800 [00:06<00:07, 56.64seq/s]
[Residual init]:  49%|████▊     | 389/800 [00:06<00:07, 56.85seq/s]
[Residual init]:  49%|████▉     | 395/800 [00:06<00:07, 57.01seq/s]
[Residual init]:  50%|█████     | 401/800 [00:07<00:07, 56.70seq/s]
[Residual init]:  51%|█████     | 407/800 [00:07<00:06, 56.89seq/s]
[Residual init]:  52%|█████▏    | 413/800 [00:07<00:06, 56.94seq/s]
[Residual init]:  52%|█████▏    | 419/800 [00:07<00:06, 56.96seq/s]
[Residual init]:  53%|█████▎    | 425/800 [00:07<00:06, 56.58seq/s]
[Residual init]:  54%|█████▍    | 431/800 [00:07<00:06, 56.77seq/s]
[Residual init]:  55%|█████▍    | 437/800 [00:07<00:06, 56.93seq/s]
[Residual init]:  55%|█████▌    | 443/800 [00:07<00:06, 56.61seq/s]
[Residual init]:  56%|█████▌    | 449/800 [00:07<00:06, 56.82seq/s]
[Residual init]:  57%|█████▋    | 455/800 [00:08<00:06, 56.98seq/s]
[Residual init]:  58%|█████▊    | 461/800 [00:08<00:05, 56.65seq/s]
[Residual init]:  58%|█████▊    | 467/800 [00:08<00:05, 56.82seq/s]
[Residual init]:  59%|█████▉    | 473/800 [00:08<00:05, 56.90seq/s]
[Residual init]:  60%|█████▉    | 479/800 [00:08<00:05, 56.94seq/s]
[Residual init]:  61%|██████    | 485/800 [00:08<00:05, 56.39seq/s]
[Residual init]:  61%|██████▏   | 491/800 [00:08<00:05, 56.66seq/s]
[Residual init]:  62%|██████▏   | 497/800 [00:08<00:05, 56.83seq/s]
[Residual init]:  63%|██████▎   | 503/800 [00:08<00:05, 56.57seq/s]
[Residual init]:  64%|██████▎   | 509/800 [00:08<00:05, 56.81seq/s]
[Residual init]:  64%|██████▍   | 515/800 [00:09<00:05, 56.96seq/s]
[Residual init]:  65%|██████▌   | 521/800 [00:09<00:04, 56.64seq/s]
[Residual init]:  66%|██████▌   | 527/800 [00:09<00:04, 56.80seq/s]
[Residual init]:  67%|██████▋   | 533/800 [00:09<00:04, 56.87seq/s]
[Residual init]:  67%|██████▋   | 539/800 [00:09<00:04, 56.92seq/s]
[Residual init]:  68%|██████▊   | 545/800 [00:09<00:04, 56.55seq/s]
[Residual init]:  69%|██████▉   | 551/800 [00:09<00:04, 56.78seq/s]
[Residual init]:  70%|██████▉   | 557/800 [00:09<00:04, 56.93seq/s]
[Residual init]:  70%|███████   | 563/800 [00:09<00:04, 56.62seq/s]
[Residual init]:  71%|███████   | 569/800 [00:10<00:04, 56.83seq/s]
[Residual init]:  72%|███████▏  | 575/800 [00:10<00:03, 56.99seq/s]
[Residual init]:  73%|███████▎  | 581/800 [00:10<00:03, 56.66seq/s]
[Residual init]:  73%|███████▎  | 587/800 [00:10<00:03, 56.81seq/s]
[Residual init]:  74%|███████▍  | 593/800 [00:10<00:03, 56.87seq/s]
[Residual init]:  75%|███████▍  | 599/800 [00:10<00:03, 56.94seq/s]
[Residual init]:  76%|███████▌  | 605/800 [00:10<00:03, 56.58seq/s]
[Residual init]:  76%|███████▋  | 611/800 [00:10<00:03, 56.81seq/s]
[Residual init]:  77%|███████▋  | 617/800 [00:10<00:03, 56.96seq/s]
[Residual init]:  78%|███████▊  | 623/800 [00:10<00:03, 56.66seq/s]
[Residual init]:  79%|███████▊  | 629/800 [00:11<00:03, 56.87seq/s]
[Residual init]:  79%|███████▉  | 635/800 [00:11<00:02, 57.02seq/s]
[Residual init]:  80%|████████  | 641/800 [00:11<00:02, 56.67seq/s]
[Residual init]:  81%|████████  | 647/800 [00:11<00:02, 56.81seq/s]
[Residual init]:  82%|████████▏ | 653/800 [00:11<00:02, 56.86seq/s]
[Residual init]:  82%|████████▏ | 659/800 [00:11<00:02, 56.91seq/s]
[Residual init]:  83%|████████▎ | 665/800 [00:11<00:02, 56.58seq/s]
[Residual init]:  84%|████████▍ | 671/800 [00:11<00:02, 56.79seq/s]
[Residual init]:  85%|████████▍ | 677/800 [00:11<00:02, 56.96seq/s]
[Residual init]:  85%|████████▌ | 683/800 [00:12<00:02, 56.66seq/s]
[Residual init]:  86%|████████▌ | 689/800 [00:12<00:01, 56.86seq/s]
[Residual init]:  87%|████████▋ | 695/800 [00:12<00:01, 57.01seq/s]
[Residual init]:  88%|████████▊ | 701/800 [00:12<00:01, 56.68seq/s]
[Residual init]:  88%|████████▊ | 707/800 [00:12<00:01, 56.82seq/s]
[Residual init]:  89%|████████▉ | 713/800 [00:12<00:01, 56.91seq/s]
[Residual init]:  90%|████████▉ | 719/800 [00:12<00:01, 56.97seq/s]
[Residual init]:  91%|█████████ | 725/800 [00:12<00:01, 56.61seq/s]
[Residual init]:  91%|█████████▏| 731/800 [00:12<00:01, 56.81seq/s]
[Residual init]:  92%|█████████▏| 737/800 [00:12<00:01, 56.97seq/s]
[Residual init]:  93%|█████████▎| 743/800 [00:13<00:01, 56.66seq/s]
[Residual init]:  94%|█████████▎| 749/800 [00:13<00:00, 56.88seq/s]
[Residual init]:  94%|█████████▍| 755/800 [00:13<00:00, 57.00seq/s]
[Residual init]:  95%|█████████▌| 761/800 [00:13<00:00, 56.65seq/s]
[Residual init]:  96%|█████████▌| 767/800 [00:13<00:00, 56.80seq/s]
[Residual init]:  97%|█████████▋| 773/800 [00:13<00:00, 56.91seq/s]
[Residual init]:  97%|█████████▋| 779/800 [00:13<00:00, 56.97seq/s]
[Residual init]:  98%|█████████▊| 785/800 [00:13<00:00, 56.62seq/s]
[Residual init]:  99%|█████████▉| 791/800 [00:13<00:00, 56.82seq/s]
[Residual init]: 100%|█████████▉| 797/800 [00:14<00:00, 56.96seq/s]
[Residual init]: 100%|██████████| 800/800 [00:14<00:00, 56.75seq/s]
[Residual Initialization] sequences=800 rank=4 grad_norm=5.403e+00/9.762e+00/2.091e+01 clipped=0.000 membership=[100.0, 100.0, 100.0, 100.0, 100.0, 100.0, 100.0, 100.0] target_mass=[0.125, 0.125, 0.125, 0.125, 0.125, 0.125, 0.125, 0.125]
[Initialization] mode=residual_signature semantic_blend=0.0000 semantic_delta_mean=1.5665e-02 semantic_delta_max=1.5004e-01 offset_mode=path_additive route_balance=0.1500
[Symmetry] mode=residual_signature router_gain=0.0500 router_norm_mean=7.3961e-02 leaf_delta_mean=2.0249e-02 leaf_mean_error=4.768e-07 spectral_radius=[0.580877,0.585051]

[H-align 01/05]:   0%|          | 0/50 [00:00<?, ?batch/s]
[H-align 01/05]:   2%|▏         | 1/50 [00:00<00:05,  9.27batch/s, acc=0.566, loss=0.692]
[H-align 01/05]:   6%|▌         | 3/50 [00:00<00:04, 11.33batch/s, acc=0.566, loss=0.68] 
[H-align 01/05]:  10%|█         | 5/50 [00:00<00:03, 11.64batch/s, acc=0.55, loss=0.68] 
[H-align 01/05]:  14%|█▍        | 7/50 [00:00<00:03, 11.87batch/s, acc=0.584, loss=0.666]
[H-align 01/05]:  18%|█▊        | 9/50 [00:00<00:03, 11.80batch/s, acc=0.601, loss=0.664]
[H-align 01/05]:  22%|██▏       | 11/50 [00:00<00:03, 11.90batch/s, acc=0.608, loss=0.661]
[H-align 01/05]:  26%|██▌       | 13/50 [00:01<00:03, 11.98batch/s, acc=0.616, loss=0.655]
[H-align 01/05]:  30%|███       | 15/50 [00:01<00:02, 11.90batch/s, acc=0.611, loss=0.662]
[H-align 01/05]:  34%|███▍      | 17/50 [00:01<00:02, 12.09batch/s, acc=0.609, loss=0.66] 
[H-align 01/05]:  38%|███▊      | 19/50 [00:01<00:02, 12.03batch/s, acc=0.605, loss=0.658]
[H-align 01/05]:  42%|████▏     | 21/50 [00:01<00:02, 12.09batch/s, acc=0.602, loss=0.657]
[H-align 01/05]:  46%|████▌     | 23/50 [00:01<00:02, 12.05batch/s, acc=0.605, loss=0.656]
[H-align 01/05]:  50%|█████     | 25/50 [00:02<00:02, 12.11batch/s, acc=0.608, loss=0.653]
[H-align 01/05]:  54%|█████▍    | 27/50 [00:02<00:01, 12.00batch/s, acc=0.613, loss=0.649]
[H-align 01/05]:  58%|█████▊    | 29/50 [00:02<00:01, 12.14batch/s, acc=0.612, loss=0.649]
[H-align 01/05]:  62%|██████▏   | 31/50 [00:02<00:01, 12.00batch/s, acc=0.616, loss=0.649]
[H-align 01/05]:  66%|██████▌   | 33/50 [00:02<00:01, 12.14batch/s, acc=0.615, loss=0.65] 
[H-align 01/05]:  70%|███████   | 35/50 [00:02<00:01, 12.01batch/s, acc=0.613, loss=0.651]
[H-align 01/05]:  74%|███████▍  | 37/50 [00:03<00:01, 12.04batch/s, acc=0.615, loss=0.649]
[H-align 01/05]:  78%|███████▊  | 39/50 [00:03<00:00, 12.07batch/s, acc=0.616, loss=0.648]
[H-align 01/05]:  82%|████████▏ | 41/50 [00:03<00:00, 12.03batch/s, acc=0.61, loss=0.652] 
[H-align 01/05]:  86%|████████▌ | 43/50 [00:03<00:00, 12.11batch/s, acc=0.612, loss=0.651]
[H-align 01/05]:  90%|█████████ | 45/50 [00:03<00:00, 12.05batch/s, acc=0.615, loss=0.65] 
[H-align 01/05]:  94%|█████████▍| 47/50 [00:03<00:00, 12.16batch/s, acc=0.611, loss=0.652]
[H-align 01/05]:  98%|█████████▊| 49/50 [00:04<00:00, 12.05batch/s, acc=0.61, loss=0.652] 
[H-align 01/05]: 100%|██████████| 50/50 [00:04<00:00, 12.00batch/s, acc=0.612, loss=0.651]
[H-align] epoch=1/5 loss=0.651040 acc=0.6117 p_target=0.5399 confidence=1.0000 grad_max=1.615e+00

[H-align 02/05]:   0%|          | 0/50 [00:00<?, ?batch/s]
[H-align 02/05]:   4%|▍         | 2/50 [00:00<00:04, 11.76batch/s, acc=0.588, loss=0.662]
[H-align 02/05]:   8%|▊         | 4/50 [00:00<00:03, 11.86batch/s, acc=0.609, loss=0.652]
[H-align 02/05]:  12%|█▏        | 6/50 [00:00<00:03, 11.91batch/s, acc=0.616, loss=0.648]
[H-align 02/05]:  16%|█▌        | 8/50 [00:00<00:03, 11.92batch/s, acc=0.617, loss=0.648]
[H-align 02/05]:  20%|██        | 10/50 [00:00<00:03, 12.13batch/s, acc=0.613, loss=0.645]
[H-align 02/05]:  24%|██▍       | 12/50 [00:00<00:03, 12.08batch/s, acc=0.62, loss=0.641] 
[H-align 02/05]:  28%|██▊       | 14/50 [00:01<00:02, 12.21batch/s, acc=0.631, loss=0.634]
[H-align 02/05]:  32%|███▏      | 16/50 [00:01<00:02, 12.12batch/s, acc=0.627, loss=0.634]
[H-align 02/05]:  36%|███▌      | 18/50 [00:01<00:02, 12.22batch/s, acc=0.63, loss=0.631] 
[H-align 02/05]:  40%|████      | 20/50 [00:01<00:02, 12.13batch/s, acc=0.629, loss=0.629]
[H-align 02/05]:  44%|████▍     | 22/50 [00:01<00:02, 12.20batch/s, acc=0.631, loss=0.634]
[H-align 02/05]:  48%|████▊     | 24/50 [00:01<00:02, 12.18batch/s, acc=0.63, loss=0.636] 
[H-align 02/05]:  52%|█████▏    | 26/50 [00:02<00:01, 12.13batch/s, acc=0.627, loss=0.638]
[H-align 02/05]:  56%|█████▌    | 28/50 [00:02<00:01, 12.07batch/s, acc=0.626, loss=0.641]
[H-align 02/05]:  60%|██████    | 30/50 [00:02<00:01, 12.04batch/s, acc=0.63, loss=0.641] 
[H-align 02/05]:  64%|██████▍   | 32/50 [00:02<00:01, 12.07batch/s, acc=0.631, loss=0.641]
[H-align 02/05]:  68%|██████▊   | 34/50 [00:02<00:01, 12.04batch/s, acc=0.631, loss=0.641]
[H-align 02/05]:  72%|███████▏  | 36/50 [00:02<00:01, 12.18batch/s, acc=0.634, loss=0.64] 
[H-align 02/05]:  76%|███████▌  | 38/50 [00:03<00:00, 12.12batch/s, acc=0.637, loss=0.639]
[H-align 02/05]:  80%|████████  | 40/50 [00:03<00:00, 12.01batch/s, acc=0.643, loss=0.635]
[H-align 02/05]:  84%|████████▍ | 42/50 [00:03<00:00, 11.97batch/s, acc=0.642, loss=0.635]
[H-align 02/05]:  88%|████████▊ | 44/50 [00:03<00:00, 12.05batch/s, acc=0.644, loss=0.634]
[H-align 02/05]:  92%|█████████▏| 46/50 [00:03<00:00, 12.02batch/s, acc=0.648, loss=0.63] 
[H-align 02/05]:  96%|█████████▌| 48/50 [00:03<00:00, 12.10batch/s, acc=0.649, loss=0.628]
[H-align 02/05]: 100%|██████████| 50/50 [00:04<00:00, 12.06batch/s, acc=0.653, loss=0.624]
[H-align 02/05]: 100%|██████████| 50/50 [00:04<00:00, 12.08batch/s, acc=0.653, loss=0.624]
[H-align] epoch=2/5 loss=0.623533 acc=0.6526 p_target=0.5577 confidence=1.0000 grad_max=1.788e+00

[H-align 03/05]:   0%|          | 0/50 [00:00<?, ?batch/s]
[H-align 03/05]:   4%|▍         | 2/50 [00:00<00:04, 11.77batch/s, acc=0.779, loss=0.482]
[H-align 03/05]:   8%|▊         | 4/50 [00:00<00:03, 11.85batch/s, acc=0.796, loss=0.466]
[H-align 03/05]:  12%|█▏        | 6/50 [00:00<00:03, 11.89batch/s, acc=0.783, loss=0.465]
[H-align 03/05]:  16%|█▌        | 8/50 [00:00<00:03, 12.04batch/s, acc=0.796, loss=0.45] 
[H-align 03/05]:  20%|██        | 10/50 [00:00<00:03, 11.93batch/s, acc=0.806, loss=0.437]
[H-align 03/05]:  24%|██▍       | 12/50 [00:01<00:03, 12.04batch/s, acc=0.814, loss=0.422]
[H-align 03/05]:  28%|██▊       | 14/50 [00:01<00:02, 12.00batch/s, acc=0.82, loss=0.408] 
[H-align 03/05]:  32%|███▏      | 16/50 [00:01<00:02, 11.99batch/s, acc=0.829, loss=0.391]
[H-align 03/05]:  36%|███▌      | 18/50 [00:01<00:02, 11.90batch/s, acc=0.838, loss=0.375]
[H-align 03/05]:  40%|████      | 20/50 [00:01<00:02, 12.01batch/s, acc=0.844, loss=0.361]
[H-align 03/05]:  44%|████▍     | 22/50 [00:01<00:02, 12.00batch/s, acc=0.85, loss=0.352] 
[H-align 03/05]:  48%|████▊     | 24/50 [00:02<00:02, 12.03batch/s, acc=0.857, loss=0.339]
[H-align 03/05]:  52%|█████▏    | 26/50 [00:02<00:01, 12.05batch/s, acc=0.862, loss=0.329]
[H-align 03/05]:  56%|█████▌    | 28/50 [00:02<00:01, 12.02batch/s, acc=0.867, loss=0.32] 
[H-align 03/05]:  60%|██████    | 30/50 [00:02<00:01, 12.07batch/s, acc=0.873, loss=0.307]
[H-align 03/05]:  64%|██████▍   | 32/50 [00:02<00:01, 11.97batch/s, acc=0.88, loss=0.294] 
[H-align 03/05]:  68%|██████▊   | 34/50 [00:02<00:01, 12.06batch/s, acc=0.884, loss=0.285]
[H-align 03/05]:  72%|███████▏  | 36/50 [00:03<00:01, 12.03batch/s, acc=0.889, loss=0.275]
[H-align 03/05]:  76%|███████▌  | 38/50 [00:03<00:00, 12.01batch/s, acc=0.893, loss=0.265]
[H-align 03/05]:  80%|████████  | 40/50 [00:03<00:00, 11.91batch/s, acc=0.897, loss=0.256]
[H-align 03/05]:  84%|████████▍ | 42/50 [00:03<00:00, 12.01batch/s, acc=0.9, loss=0.249]  
[H-align 03/05]:  88%|████████▊ | 44/50 [00:03<00:00, 11.99batch/s, acc=0.904, loss=0.242]
[H-align 03/05]:  92%|█████████▏| 46/50 [00:03<00:00, 12.00batch/s, acc=0.906, loss=0.236]
[H-align 03/05]:  96%|█████████▌| 48/50 [00:04<00:00, 12.01batch/s, acc=0.909, loss=0.229]
[H-align 03/05]: 100%|██████████| 50/50 [00:04<00:00, 12.20batch/s, acc=0.912, loss=0.222]
[H-align 03/05]: 100%|██████████| 50/50 [00:04<00:00, 12.02batch/s, acc=0.912, loss=0.222]
[H-align] epoch=3/5 loss=0.222494 acc=0.9120 p_target=0.8433 confidence=1.0000 grad_max=4.386e+00

[H-align 04/05]:   0%|          | 0/50 [00:00<?, ?batch/s]
[H-align 04/05]:   4%|▍         | 2/50 [00:00<00:04, 11.71batch/s, acc=0.974, loss=0.0825]
[H-align 04/05]:   8%|▊         | 4/50 [00:00<00:03, 11.91batch/s, acc=0.981, loss=0.0681]
[H-align 04/05]:  12%|█▏        | 6/50 [00:00<00:03, 12.01batch/s, acc=0.981, loss=0.0672]
[H-align 04/05]:  16%|█▌        | 8/50 [00:00<00:03, 11.85batch/s, acc=0.978, loss=0.0741]
[H-align 04/05]:  20%|██        | 10/50 [00:00<00:03, 11.90batch/s, acc=0.976, loss=0.0794]
[H-align 04/05]:  24%|██▍       | 12/50 [00:01<00:03, 11.96batch/s, acc=0.977, loss=0.0765]
[H-align 04/05]:  28%|██▊       | 14/50 [00:01<00:02, 12.13batch/s, acc=0.979, loss=0.0703]
[H-align 04/05]:  32%|███▏      | 16/50 [00:01<00:02, 11.99batch/s, acc=0.98, loss=0.0678] 
[H-align 04/05]:  36%|███▌      | 18/50 [00:01<00:02, 12.15batch/s, acc=0.979, loss=0.0702]
[H-align 04/05]:  40%|████      | 20/50 [00:01<00:02, 12.02batch/s, acc=0.979, loss=0.0699]
[H-align 04/05]:  44%|████▍     | 22/50 [00:01<00:02, 12.02batch/s, acc=0.98, loss=0.0665] 
[H-align 04/05]:  48%|████▊     | 24/50 [00:02<00:02, 12.01batch/s, acc=0.981, loss=0.0632]
[H-align 04/05]:  52%|█████▏    | 26/50 [00:02<00:01, 12.05batch/s, acc=0.982, loss=0.0613]
[H-align 04/05]:  56%|█████▌    | 28/50 [00:02<00:01, 12.04batch/s, acc=0.982, loss=0.0609]
[H-align 04/05]:  60%|██████    | 30/50 [00:02<00:01, 12.08batch/s, acc=0.982, loss=0.059] 
[H-align 04/05]:  64%|██████▍   | 32/50 [00:02<00:01, 12.04batch/s, acc=0.983, loss=0.0574]
[H-align 04/05]:  68%|██████▊   | 34/50 [00:02<00:01, 12.04batch/s, acc=0.983, loss=0.0568]
[H-align 04/05]:  72%|███████▏  | 36/50 [00:02<00:01, 12.01batch/s, acc=0.983, loss=0.0555]
[H-align 04/05]:  76%|███████▌  | 38/50 [00:03<00:01, 11.98batch/s, acc=0.984, loss=0.0541]
[H-align 04/05]:  80%|████████  | 40/50 [00:03<00:00, 12.06batch/s, acc=0.984, loss=0.0532]
[H-align 04/05]:  84%|████████▍ | 42/50 [00:03<00:00, 11.95batch/s, acc=0.985, loss=0.0519]
[H-align 04/05]:  88%|████████▊ | 44/50 [00:03<00:00, 12.12batch/s, acc=0.985, loss=0.051] 
[H-align 04/05]:  92%|█████████▏| 46/50 [00:03<00:00, 12.07batch/s, acc=0.985, loss=0.0504]
[H-align 04/05]:  96%|█████████▌| 48/50 [00:03<00:00, 12.04batch/s, acc=0.985, loss=0.0494]
[H-align 04/05]: 100%|██████████| 50/50 [00:04<00:00, 11.94batch/s, acc=0.986, loss=0.0482]
[H-align 04/05]: 100%|██████████| 50/50 [00:04<00:00, 12.01batch/s, acc=0.986, loss=0.0482]
[H-align] epoch=4/5 loss=0.048214 acc=0.9856 p_target=0.9710 confidence=1.0000 grad_max=1.896e+00

[H-align 05/05]:   0%|          | 0/50 [00:00<?, ?batch/s]
[H-align 05/05]:   4%|▍         | 2/50 [00:00<00:03, 12.00batch/s, acc=0.994, loss=0.0221]
[H-align 05/05]:   8%|▊         | 4/50 [00:00<00:03, 11.84batch/s, acc=0.994, loss=0.0227]
[H-align 05/05]:  12%|█▏        | 6/50 [00:00<00:03, 12.06batch/s, acc=0.994, loss=0.0233]
[H-align 05/05]:  16%|█▌        | 8/50 [00:00<00:03, 12.00batch/s, acc=0.993, loss=0.0234]
[H-align 05/05]:  20%|██        | 10/50 [00:00<00:03, 11.93batch/s, acc=0.994, loss=0.0231]
[H-align 05/05]:  24%|██▍       | 12/50 [00:01<00:03, 11.91batch/s, acc=0.994, loss=0.0225]
[H-align 05/05]:  28%|██▊       | 14/50 [00:01<00:03, 11.86batch/s, acc=0.994, loss=0.0219]
[H-align 05/05]:  32%|███▏      | 16/50 [00:01<00:02, 11.84batch/s, acc=0.994, loss=0.0221]
[H-align 05/05]:  36%|███▌      | 18/50 [00:01<00:02, 11.86batch/s, acc=0.994, loss=0.0231]
[H-align 05/05]:  40%|████      | 20/50 [00:01<00:02, 12.05batch/s, acc=0.994, loss=0.0232]
[H-align 05/05]:  44%|████▍     | 22/50 [00:01<00:02, 11.97batch/s, acc=0.994, loss=0.0223]
[H-align 05/05]:  48%|████▊     | 24/50 [00:02<00:02, 12.02batch/s, acc=0.994, loss=0.022] 
[H-align 05/05]:  52%|█████▏    | 26/50 [00:02<00:02, 11.87batch/s, acc=0.994, loss=0.0221]
[H-align 05/05]:  56%|█████▌    | 28/50 [00:02<00:01, 11.96batch/s, acc=0.994, loss=0.0215]
[H-align 05/05]:  60%|██████    | 30/50 [00:02<00:01, 11.89batch/s, acc=0.994, loss=0.0216]
[H-align 05/05]:  64%|██████▍   | 32/50 [00:02<00:01, 12.02batch/s, acc=0.994, loss=0.0209]
[H-align 05/05]:  68%|██████▊   | 34/50 [00:02<00:01, 11.92batch/s, acc=0.994, loss=0.0214]
[H-align 05/05]:  72%|███████▏  | 36/50 [00:03<00:01, 12.07batch/s, acc=0.994, loss=0.0215]
[H-align 05/05]:  76%|███████▌  | 38/50 [00:03<00:01, 11.95batch/s, acc=0.994, loss=0.0216]
[H-align 05/05]:  80%|████████  | 40/50 [00:03<00:00, 11.90batch/s, acc=0.994, loss=0.0217]
[H-align 05/05]:  84%|████████▍ | 42/50 [00:03<00:00, 11.85batch/s, acc=0.994, loss=0.0213]
[H-align 05/05]:  88%|████████▊ | 44/50 [00:03<00:00, 11.85batch/s, acc=0.994, loss=0.0211]
[H-align 05/05]:  92%|█████████▏| 46/50 [00:03<00:00, 11.85batch/s, acc=0.994, loss=0.0211]
[H-align 05/05]:  96%|█████████▌| 48/50 [00:04<00:00, 11.75batch/s, acc=0.994, loss=0.0215]
[H-align 05/05]: 100%|██████████| 50/50 [00:04<00:00, 11.94batch/s, acc=0.994, loss=0.0212]
[H-align 05/05]: 100%|██████████| 50/50 [00:04<00:00, 11.92batch/s, acc=0.994, loss=0.0212]
[H-align] epoch=5/5 loss=0.021228 acc=0.9938 p_target=0.9871 confidence=1.0000 grad_max=9.954e-01
[H-align Complete] epochs=5 loss=0.692696->0.014015 accuracy=0.9958 p_target=0.9911 updated=encoder+router_compat frozen=hawkes+node_emb+semantics+memory

[Init] Cache:   0%|                                                                  | 0/800 [00:00<?, ?seq/s]
[Init] Cache:  48%|##############4               | 385/800 [00:02<00:02, 192.27seq/s, built=385, events=30800]
[Init] Cache:  96%|############################8 | 770/800 [00:04<00:00, 192.16seq/s, built=770, events=61600]
[Init] Cache: 100%|##############################| 800/800 [00:04<00:00, 192.18seq/s, built=800, events=64000]
[Cache] sequences=800 events=64000 built=800 device=cuda time=4.165s

[Epoch 001] Wake: 100%|#############| 800/800 [02:06<00:00,  6.32seq/s, events=64000, loss=2.9195, writes=523]
[Epoch 001] Global: 100%|###################| 800/800 [00:18<00:00, 42.62seq-pass/s, batch=25/25, phase=train]
[Epoch 001] Sleep: 100%|############| 12/12 [00:00<00:00, 13.82step/s, actions=0, phase=light, pressure=1.000]
[MemoryTree][001/030] wake/event=2.919521 sleep_residual=0.000620 writes=523 memorize=2082 queue_split=0 wake_actions=A44340/R17578/M2082/Q0 novelty=0.0901 weighted_sim=0.8198 wm_grad_max=5.617e+00 global/event=2.693427 mix_diag=2.6832 global_steps=25 prior_KL=1.247e-01 seq_H_cond=0.4590 seq_H_marg=0.4748 seq_MI=1.585e-02 post_KL_diag=8.328e-02 branch_distill=4.169e-01 probe=2.002e-01/0.246/-0.119/0.020 frontier=3.86/6.72/2.86 enc_gate=0.072 enc_scale=0.001 teacher_conf=0.039 teacher_JS=7.411e-02 max_mass=0.1184 owner_hard=[0, 0, 0, 100, 100, 0, 0, 100, 200, 100, 200, 0, 0, 0, 0] mem_assign=[104, 65, 48, 7374, 7329, 706, 349, 7531, 16957, 7352, 16185, 0, 0, 0, 0] prune=off leaves=8 sleep_mode=light light_absorb=1 deep_pressure=1.000 merge=0/0 merge_keep=0.000 merge_lambda=0.000e+00 mem_prune=0/0/0 mem_keep=0.000 mem_lambda=0.000e+00 time=W126.7/G18.8/S1.0s cache=0/800 cuda_peak=5358MiB sleep_actions=[]

[Epoch 002] Wake: 100%|###############| 800/800 [00:34<00:00, 22.93seq/s, events=64000, loss=2.6747, writes=0]
[Epoch 002] Global: 100%|###################| 800/800 [00:18<00:00, 42.61seq-pass/s, batch=25/25, phase=train]
[Epoch 002] Sleep: 100%|############| 12/12 [00:00<00:00, 13.78step/s, actions=0, phase=light, pressure=1.000]
[MemoryTree][002/030] wake/event=2.674697 sleep_residual=0.000620 writes=0 memorize=0 queue_split=0 wake_actions=A44489/R19511/M0/Q0 novelty=0.1015 weighted_sim=0.7970 wm_grad_max=3.535e+00 global/event=2.609134 mix_diag=2.6411 global_steps=25 prior_KL=8.349e-03 seq_H_cond=0.6215 seq_H_marg=0.6232 seq_MI=1.706e-03 post_KL_diag=2.447e-01 branch_distill=2.080e-01 probe=1.943e-01/0.237/-0.124/0.019 frontier=4.00/7.00/3.00 enc_gate=0.125 enc_scale=0.005 teacher_conf=0.118 teacher_JS=3.023e-02 max_mass=0.0963 owner_hard=[1, 200, 2, 0, 0, 36, 312, 0, 157, 0, 92, 0, 0, 0, 0] mem_assign=[5438, 14042, 4560, 0, 1, 5001, 21295, 362, 9461, 0, 3840, 0, 0, 0, 0] prune=off leaves=8 sleep_mode=light light_absorb=1 deep_pressure=1.000 merge=0/0 merge_keep=0.000 merge_lambda=0.000e+00 mem_prune=0/0/0 mem_keep=0.000 mem_lambda=0.000e+00 time=W34.9/G18.8/S0.9s cache=0/800 cuda_peak=5351MiB sleep_actions=[]

[Epoch 003] Wake:   0%|                                                              | 0/800 [00:00<?, ?seq/s]
[Epoch 003] Wake:   0%|                    | 1/800 [00:02<36:10,  2.72s/seq, events=80, loss=2.7038, writes=0]
[Epoch 003] Wake:   8%|#3               | 65/800 [00:05<00:58, 12.65seq/s, events=5200, loss=2.5025, writes=0]
[Epoch 003] Wake:  16%|##4            | 129/800 [00:08<00:40, 16.76seq/s, events=10320, loss=2.5914, writes=0]
[Epoch 003] Wake:  24%|###6           | 193/800 [00:10<00:32, 18.77seq/s, events=15440, loss=2.5266, writes=0]
[Epoch 003] Wake:  32%|####8          | 257/800 [00:13<00:27, 19.99seq/s, events=20560, loss=2.5192, writes=0]
[Epoch 003] Wake:  40%|######         | 321/800 [00:16<00:23, 20.81seq/s, events=25680, loss=2.5213, writes=0]
[Epoch 003] Wake:  48%|#######2       | 385/800 [00:18<00:19, 21.38seq/s, events=30800, loss=2.5148, writes=0]
[Epoch 003] Wake:  56%|########4      | 449/800 [00:21<00:16, 21.69seq/s, events=35920, loss=2.5050, writes=0]
[Epoch 003] Wake:  64%|#########6     | 513/800 [00:24<00:13, 22.04seq/s, events=41040, loss=2.5173, writes=0]
[Epoch 003] Wake:  72%|##########8    | 577/800 [00:26<00:09, 22.31seq/s, events=46160, loss=2.5211, writes=0]
[Epoch 003] Wake:  80%|############   | 641/800 [00:29<00:07, 22.53seq/s, events=51280, loss=2.5168, writes=0]
[Epoch 003] Wake:  88%|#############2 | 705/800 [00:32<00:04, 22.70seq/s, events=56400, loss=2.5184, writes=0]
[Epoch 003] Wake:  96%|##############4| 769/800 [00:35<00:01, 22.91seq/s, events=61520, loss=2.5306, writes=0]
[Epoch 003] Wake: 100%|###############| 800/800 [00:35<00:00, 22.85seq/s, events=64000, loss=2.5273, writes=0]

[Epoch 003] Global:   0%|                                                       | 0/800 [00:00<?, ?seq-pass/s]
[Epoch 003] Global:  12%|##5                  | 96/800 [00:02<00:15, 45.49seq-pass/s, batch=3/25, phase=train]
[Epoch 003] Global:  24%|####8               | 192/800 [00:04<00:13, 43.46seq-pass/s, batch=6/25, phase=train]
[Epoch 003] Global:  36%|#######2            | 288/800 [00:06<00:11, 42.81seq-pass/s, batch=9/25, phase=train]
[Epoch 003] Global:  48%|#########1         | 384/800 [00:08<00:09, 42.78seq-pass/s, batch=12/25, phase=train]
[Epoch 003] Global:  60%|###########4       | 480/800 [00:11<00:07, 42.78seq-pass/s, batch=15/25, phase=train]
[Epoch 003] Global:  72%|#############6     | 576/800 [00:13<00:05, 43.11seq-pass/s, batch=18/25, phase=train]
[Epoch 003] Global:  84%|###############9   | 672/800 [00:15<00:02, 43.05seq-pass/s, batch=21/25, phase=train]
[Epoch 003] Global:  96%|##################2| 768/800 [00:17<00:00, 43.00seq-pass/s, batch=24/25, phase=train]
[Epoch 003] Global: 100%|###################| 800/800 [00:18<00:00, 42.75seq-pass/s, batch=25/25, phase=train]

[Epoch 003] Sleep:   0%|                                                             | 0/12 [00:00<?, ?step/s]
[Epoch 003] Sleep:   8%|#4               | 1/12 [00:00<00:09,  1.15step/s, absorbed=0, phase=light, replay=24]
[Epoch 003] Sleep:  17%|####1                    | 2/12 [00:05<00:25,  2.53s/step, leaf=root_L_L, phase=split]
[Epoch 003] Sleep:  25%|######2                  | 3/12 [00:05<00:15,  1.69s/step, leaf=root_L_L, phase=split]
[Epoch 003] Sleep:  25%|######2                  | 3/12 [00:05<00:15,  1.69s/step, leaf=root_L_R, phase=split]
[Epoch 003] Sleep:  33%|#######6               | 4/12 [00:05<00:13,  1.69s/step, leaf=root_R_L_L, phase=split]
[Epoch 003] Sleep:  42%|########7            | 5/12 [00:05<00:11,  1.69s/step, leaf=root_R_L_R_L, phase=split]
[Epoch 003] Sleep:  50%|##########5          | 6/12 [00:05<00:10,  1.69s/step, leaf=root_R_L_R_R, phase=split]
[Epoch 003] Sleep:  58%|#############4         | 7/12 [00:05<00:08,  1.69s/step, leaf=root_R_R_L, phase=split]
[Epoch 003] Sleep:  67%|##############       | 8/12 [00:05<00:06,  1.69s/step, leaf=root_R_R_R_L, phase=split]
[Epoch 003] Sleep:  75%|###############7     | 9/12 [00:05<00:05,  1.69s/step, leaf=root_R_R_R_R, phase=split]
[Epoch 003] Sleep:  83%|##########8  | 10/12 [00:07<00:03,  1.69s/step, actions=1, phase=deep, pressure=1.000]
[Epoch 003] Sleep:  92%|###########9 | 11/12 [00:07<00:00,  1.55step/s, actions=1, phase=deep, pressure=1.000]
[Epoch 003] Sleep: 100%|#############| 12/12 [00:07<00:00,  1.62step/s, actions=1, phase=deep, pressure=1.000]
[MemoryTree][003/030] wake/event=2.527341 sleep_residual=0.000621 writes=0 memorize=0 queue_split=0 wake_actions=A44692/R19308/M0/Q0 novelty=0.1191 weighted_sim=0.7618 wm_grad_max=4.010e+00 global/event=2.502811 mix_diag=2.8155 global_steps=25 prior_KL=1.794e-02 seq_H_cond=0.6124 seq_H_marg=0.6168 seq_MI=4.426e-03 post_KL_diag=3.325e-01 branch_distill=2.352e-01 probe=1.897e-01/0.240/-0.122/0.019 frontier=3.75/6.50/2.75 enc_gate=0.229 enc_scale=0.008 teacher_conf=0.188 teacher_JS=3.847e-02 max_mass=0.0959 owner_hard=[0, 0, 40, 182, 298, 0, 105, 0, 13, 0, 0, 0, 0] mem_assign=[1870, 3881, 7302, 11212, 16781, 3, 8536, 0, 4434, 0, 0, 0, 0] prune=off leaves=7 sleep_mode=deep light_absorb=0 deep_pressure=1.000 merge=1/1 merge_keep=0.122 merge_lambda=0.000e+00 mem_prune=127/159/474 mem_keep=0.665 mem_lambda=0.000e+00 time=W35.0/G18.7/S7.4s cache=0/800 cuda_peak=5347MiB sleep_actions=['merge']

[Epoch 004] Wake:   0%|                                                              | 0/800 [00:00<?, ?seq/s]
[Epoch 004] Wake:   0%|                    | 1/800 [00:02<38:45,  2.91s/seq, events=80, loss=3.0311, writes=0]
[Epoch 004] Wake:   8%|#3               | 65/800 [00:05<01:03, 11.63seq/s, events=5200, loss=2.5266, writes=3]
[Epoch 004] Wake:  16%|##4            | 129/800 [00:08<00:43, 15.54seq/s, events=10320, loss=2.4370, writes=6]
[Epoch 004] Wake:  24%|###6           | 193/800 [00:11<00:34, 17.46seq/s, events=15440, loss=2.4805, writes=9]
[Epoch 004] Wake:  32%|####4         | 257/800 [00:14<00:28, 18.78seq/s, events=20560, loss=2.4809, writes=10]
[Epoch 004] Wake:  40%|#####6        | 321/800 [00:17<00:24, 19.62seq/s, events=25680, loss=2.4425, writes=11]
[Epoch 004] Wake:  48%|######7       | 385/800 [00:19<00:20, 20.32seq/s, events=30800, loss=2.4741, writes=12]
[Epoch 004] Wake:  56%|#######8      | 449/800 [00:22<00:16, 20.78seq/s, events=35920, loss=2.4654, writes=12]
[Epoch 004] Wake:  64%|########9     | 513/800 [00:25<00:13, 20.92seq/s, events=41040, loss=2.4760, writes=14]
[Epoch 004] Wake:  72%|##########    | 577/800 [00:28<00:10, 21.21seq/s, events=46160, loss=2.4968, writes=16]
[Epoch 004] Wake:  80%|###########2  | 641/800 [00:31<00:07, 21.38seq/s, events=51280, loss=2.4993, writes=17]
[Epoch 004] Wake:  88%|############3 | 705/800 [00:34<00:04, 21.49seq/s, events=56400, loss=2.4989, writes=18]
[Epoch 004] Wake:  96%|#############4| 769/800 [00:36<00:01, 21.82seq/s, events=61520, loss=2.5032, writes=20]
[Epoch 004] Wake: 100%|##############| 800/800 [00:36<00:00, 21.69seq/s, events=64000, loss=2.5100, writes=20]

[Epoch 004] Global:   0%|                                                       | 0/800 [00:00<?, ?seq-pass/s]
[Epoch 004] Global:  16%|###2                | 128/800 [00:02<00:13, 48.69seq-pass/s, batch=4/25, phase=train]
[Epoch 004] Global:  32%|######4             | 256/800 [00:05<00:11, 46.94seq-pass/s, batch=8/25, phase=train]
[Epoch 004] Global:  44%|########3          | 352/800 [00:07<00:09, 46.61seq-pass/s, batch=11/25, phase=train]
[Epoch 004] Global:  56%|##########6        | 448/800 [00:09<00:07, 46.35seq-pass/s, batch=14/25, phase=train]
[Epoch 004] Global:  68%|############9      | 544/800 [00:11<00:05, 46.12seq-pass/s, batch=17/25, phase=train]
[Epoch 004] Global:  80%|###############2   | 640/800 [00:13<00:03, 46.10seq-pass/s, batch=20/25, phase=train]
[Epoch 004] Global:  92%|#################4 | 736/800 [00:15<00:01, 46.06seq-pass/s, batch=23/25, phase=train]
[Epoch 004] Global: 100%|###################| 800/800 [00:17<00:00, 45.72seq-pass/s, batch=25/25, phase=train]

[Epoch 004] Sleep:   0%|                                                             | 0/11 [00:00<?, ?step/s]
[Epoch 004] Sleep:   9%|#5               | 1/11 [00:00<00:06,  1.49step/s, absorbed=0, phase=light, replay=14]
[Epoch 004] Sleep:  82%|#######3 | 9/11 [00:00<00:00, 13.42step/s, actions=0, phase=light, pressure=15876.464]
[Epoch 004] Sleep: 100%|########| 11/11 [00:00<00:00, 16.39step/s, actions=0, phase=light, pressure=15876.464]
[MemoryTree][004/030] wake/event=2.509974 sleep_residual=793.823199 writes=20 memorize=0 queue_split=22 wake_actions=A44883/R19095/M0/Q22 novelty=0.1752 weighted_sim=0.6496 wm_grad_max=4.410e+00 global/event=2.497720 mix_diag=3.0988 global_steps=25 prior_KL=1.904e-02 seq_H_cond=0.5791 seq_H_marg=0.5934 seq_MI=1.428e-02 post_KL_diag=3.794e-01 branch_distill=2.670e-01 probe=1.816e-01/0.230/-0.124/0.021 frontier=3.94/6.87/2.94 enc_gate=0.266 enc_scale=0.013 teacher_conf=0.263 teacher_JS=5.190e-02 max_mass=0.2380 owner_hard=[0, 200, 0, 41, 264, 0, 198, 0, 97, 0, 0, 0, 0] mem_assign=[1688, 14179, 1385, 8077, 17721, 56, 15532, 20, 5342, 0, 0, 0, 0] prune=off leaves=7 sleep_mode=light light_absorb=0 deep_pressure=15876.464 merge=0/0 merge_keep=0.000 merge_lambda=0.000e+00 mem_prune=0/0/0 mem_keep=0.000 mem_lambda=0.000e+00 time=W36.9/G17.5/S0.7s cache=0/800 cuda_peak=5335MiB sleep_actions=[]

[Epoch 005] Wake:   0%|                                                              | 0/800 [00:00<?, ?seq/s]
[Epoch 005] Wake:   0%|                    | 1/800 [00:02<35:50,  2.69s/seq, events=80, loss=2.9386, writes=0]
[Epoch 005] Wake:   8%|#3               | 65/800 [00:05<00:57, 12.71seq/s, events=5200, loss=2.6251, writes=0]
[Epoch 005] Wake:  16%|##4            | 129/800 [00:08<00:39, 16.81seq/s, events=10320, loss=2.5807, writes=0]
[Epoch 005] Wake:  24%|###6           | 193/800 [00:10<00:32, 18.88seq/s, events=15440, loss=2.5905, writes=0]
[Epoch 005] Wake:  32%|####8          | 257/800 [00:13<00:27, 20.09seq/s, events=20560, loss=2.5274, writes=0]
[Epoch 005] Wake:  40%|######         | 321/800 [00:16<00:22, 20.90seq/s, events=25680, loss=2.5211, writes=0]
[Epoch 005] Wake:  48%|#######2       | 385/800 [00:18<00:19, 21.44seq/s, events=30800, loss=2.5146, writes=0]
[Epoch 005] Wake:  56%|########4      | 449/800 [00:21<00:16, 21.88seq/s, events=35920, loss=2.5361, writes=0]
[Epoch 005] Wake:  64%|#########6     | 513/800 [00:24<00:12, 22.17seq/s, events=41040, loss=2.5354, writes=0]
[Epoch 005] Wake:  72%|##########8    | 577/800 [00:26<00:09, 22.42seq/s, events=46160, loss=2.5251, writes=0]
[Epoch 005] Wake:  80%|############   | 641/800 [00:29<00:07, 22.62seq/s, events=51280, loss=2.5295, writes=0]
[Epoch 005] Wake:  88%|#############2 | 705/800 [00:32<00:04, 22.78seq/s, events=56400, loss=2.5332, writes=0]
[Epoch 005] Wake:  96%|##############4| 769/800 [00:34<00:01, 22.98seq/s, events=61520, loss=2.5248, writes=0]
[Epoch 005] Wake: 100%|###############| 800/800 [00:34<00:00, 22.93seq/s, events=64000, loss=2.5150, writes=0]

[Epoch 005] Global:   0%|                                                       | 0/800 [00:00<?, ?seq-pass/s]
[Epoch 005] Global:  16%|###2                | 128/800 [00:02<00:13, 48.99seq-pass/s, batch=4/25, phase=train]
[Epoch 005] Global:  32%|######4             | 256/800 [00:05<00:11, 46.49seq-pass/s, batch=8/25, phase=train]
[Epoch 005] Global:  44%|########3          | 352/800 [00:07<00:09, 45.83seq-pass/s, batch=11/25, phase=train]
[Epoch 005] Global:  56%|##########6        | 448/800 [00:09<00:07, 45.48seq-pass/s, batch=14/25, phase=train]
[Epoch 005] Global:  68%|############9      | 544/800 [00:11<00:05, 45.20seq-pass/s, batch=17/25, phase=train]
[Epoch 005] Global:  80%|###############2   | 640/800 [00:14<00:03, 45.02seq-pass/s, batch=20/25, phase=train]
[Epoch 005] Global:  92%|#################4 | 736/800 [00:16<00:01, 44.90seq-pass/s, batch=23/25, phase=train]
[Epoch 005] Global: 100%|###################| 800/800 [00:17<00:00, 44.64seq-pass/s, batch=25/25, phase=train]

[Epoch 005] Sleep:   0%|                                                             | 0/11 [00:00<?, ?step/s]
[Epoch 005] Sleep:   9%|#5               | 1/11 [00:00<00:06,  1.49step/s, absorbed=0, phase=light, replay=14]
[Epoch 005] Sleep:  82%|#######3 | 9/11 [00:00<00:00, 13.38step/s, actions=0, phase=light, pressure=14008.623]
[Epoch 005] Sleep: 100%|########| 11/11 [00:00<00:00, 16.36step/s, actions=0, phase=light, pressure=14008.623]
[MemoryTree][005/030] wake/event=2.514994 sleep_residual=700.431141 writes=0 memorize=0 queue_split=1 wake_actions=A44612/R19387/M0/Q1 novelty=0.1973 weighted_sim=0.6054 wm_grad_max=5.651e+00 global/event=2.537886 mix_diag=2.6743 global_steps=25 prior_KL=2.106e-02 seq_H_cond=0.5207 seq_H_marg=0.6036 seq_MI=8.289e-02 post_KL_diag=3.242e-01 branch_distill=2.904e-01 probe=1.723e-01/0.201/-0.144/0.022 frontier=3.75/6.51/2.75 enc_gate=0.186 enc_scale=0.011 teacher_conf=0.210 teacher_JS=5.910e-02 max_mass=0.1990 owner_hard=[0, 201, 0, 298, 68, 0, 136, 0, 97, 0, 0, 0, 0] mem_assign=[1086, 13449, 837, 18234, 12577, 240, 7740, 251, 9586, 0, 0, 0, 0] prune=off leaves=7 sleep_mode=light light_absorb=0 deep_pressure=14008.623 merge=0/0 merge_keep=0.000 merge_lambda=0.000e+00 mem_prune=0/0/0 mem_keep=0.000 mem_lambda=0.000e+00 time=W34.9/G17.9/S0.7s cache=0/800 cuda_peak=5212MiB sleep_actions=[]

[Epoch 006] Wake:   0%|                                                              | 0/800 [00:00<?, ?seq/s]
[Epoch 006] Wake:   0%|                  | 1/800 [00:06<1:25:12,  6.40s/seq, events=80, loss=2.0234, writes=0]
[Epoch 006] Wake:   8%|#3              | 65/800 [00:09<01:36,  7.64seq/s, events=5200, loss=2.4736, writes=56]
[Epoch 006] Wake:  16%|##2           | 129/800 [00:11<00:56, 11.84seq/s, events=10320, loss=2.5496, writes=56]
[Epoch 006] Wake:  24%|###3          | 193/800 [00:14<00:41, 14.52seq/s, events=15440, loss=2.5775, writes=56]
[Epoch 006] Wake:  32%|####4         | 257/800 [00:17<00:33, 16.37seq/s, events=20560, loss=2.5381, writes=56]
[Epoch 006] Wake:  40%|#####6        | 321/800 [00:19<00:27, 17.72seq/s, events=25680, loss=2.5793, writes=56]
[Epoch 006] Wake:  48%|######7       | 385/800 [00:22<00:22, 18.71seq/s, events=30800, loss=2.6034, writes=56]
[Epoch 006] Wake:  56%|#######8      | 449/800 [00:25<00:18, 19.47seq/s, events=35920, loss=2.6049, writes=56]
[Epoch 006] Wake:  64%|########9     | 513/800 [00:28<00:14, 20.07seq/s, events=41040, loss=2.5849, writes=56]
[Epoch 006] Wake:  72%|##########    | 577/800 [00:30<00:10, 20.61seq/s, events=46160, loss=2.5752, writes=56]
[Epoch 006] Wake:  80%|###########2  | 641/800 [00:33<00:07, 21.04seq/s, events=51280, loss=2.5611, writes=56]
[Epoch 006] Wake:  88%|############3 | 705/800 [00:36<00:04, 21.39seq/s, events=56400, loss=2.5498, writes=56]
[Epoch 006] Wake:  96%|#############4| 769/800 [00:38<00:01, 21.77seq/s, events=61520, loss=2.5561, writes=56]
[Epoch 006] Wake: 100%|##############| 800/800 [00:38<00:00, 20.65seq/s, events=64000, loss=2.5675, writes=56]

[Epoch 006] Global:   0%|                                                       | 0/800 [00:00<?, ?seq-pass/s]
[Epoch 006] Global:  12%|##5                  | 96/800 [00:02<00:14, 47.76seq-pass/s, batch=3/25, phase=train]
[Epoch 006] Global:  24%|####8               | 192/800 [00:04<00:13, 45.93seq-pass/s, batch=6/25, phase=train]
[Epoch 006] Global:  36%|#######2            | 288/800 [00:06<00:11, 45.41seq-pass/s, batch=9/25, phase=train]
[Epoch 006] Global:  48%|#########1         | 384/800 [00:08<00:09, 45.11seq-pass/s, batch=12/25, phase=train]
[Epoch 006] Global:  60%|###########4       | 480/800 [00:10<00:07, 44.95seq-pass/s, batch=15/25, phase=train]
[Epoch 006] Global:  72%|#############6     | 576/800 [00:12<00:04, 44.83seq-pass/s, batch=18/25, phase=train]
[Epoch 006] Global:  84%|###############9   | 672/800 [00:14<00:02, 44.76seq-pass/s, batch=21/25, phase=train]
[Epoch 006] Global:  96%|##################2| 768/800 [00:17<00:00, 44.71seq-pass/s, batch=24/25, phase=train]
[Epoch 006] Global: 100%|###################| 800/800 [00:18<00:00, 44.42seq-pass/s, batch=25/25, phase=train]

[Epoch 006] Sleep:   0%|                                                             | 0/11 [00:00<?, ?step/s]
[Epoch 006] Sleep:   9%|#5               | 1/11 [00:00<00:08,  1.22step/s, absorbed=0, phase=light, replay=17]
[Epoch 006] Sleep:  18%|####9                      | 2/11 [00:03<00:15,  1.70s/step, leaf=root_L, phase=split]
[Epoch 006] Sleep:  27%|#######3                   | 3/11 [01:24<03:46, 28.28s/step, leaf=root_L, phase=split]
[Epoch 006] Sleep:  27%|######2                | 3/11 [01:24<03:46, 28.28s/step, leaf=root_R_L_L, phase=split]
[Epoch 006] Sleep:  36%|########3              | 4/11 [02:43<04:53, 41.87s/step, leaf=root_R_L_L, phase=split]
[Epoch 006] Sleep:  36%|#######6             | 4/11 [02:43<04:53, 41.87s/step, leaf=root_R_L_R_L, phase=split]
[Epoch 006] Sleep:  45%|#########5           | 5/11 [02:43<04:11, 41.87s/step, leaf=root_R_L_R_R, phase=split]
[Epoch 006] Sleep:  55%|############5          | 6/11 [02:43<03:29, 41.87s/step, leaf=root_R_R_L, phase=split]
[Epoch 006] Sleep:  64%|#############3       | 7/11 [02:43<02:47, 41.87s/step, leaf=root_R_R_R_L, phase=split]
[Epoch 006] Sleep:  73%|###############2     | 8/11 [02:43<02:05, 41.87s/step, leaf=root_R_R_R_R, phase=split]
[Epoch 006] Sleep:  82%|########1 | 9/11 [02:43<01:23, 41.87s/step, actions=0, phase=deep, pressure=11492.777]
[Epoch 006] Sleep: 100%|#########| 11/11 [02:43<00:00, 14.86s/step, actions=0, phase=deep, pressure=11492.777]
[MemoryTree][006/030] wake/event=2.567489 sleep_residual=574.638826 writes=56 memorize=0 queue_split=59 wake_actions=A44932/R19009/M0/Q59 novelty=0.1772 weighted_sim=0.6456 wm_grad_max=4.451e+00 global/event=2.566131 mix_diag=2.6485 global_steps=25 prior_KL=2.529e-02 seq_H_cond=0.4024 seq_H_marg=0.6097 seq_MI=2.073e-01 post_KL_diag=2.455e-01 branch_distill=3.255e-01 probe=1.675e-01/0.198/-0.145/0.021 frontier=3.83/6.65/2.83 enc_gate=0.174 enc_scale=0.009 teacher_conf=0.175 teacher_JS=9.064e-02 max_mass=0.2242 owner_hard=[0, 240, 0, 2, 37, 152, 79, 1, 289, 0, 0, 0, 0] mem_assign=[514, 15080, 359, 6589, 9768, 10025, 4282, 3982, 13401, 0, 0, 0, 0] prune=off leaves=7 sleep_mode=deep light_absorb=0 deep_pressure=11492.777 merge=0/0 merge_keep=0.000 merge_lambda=0.000e+00 mem_prune=199/199/400 mem_keep=0.501 mem_lambda=0.000e+00 time=W38.8/G18.0/S163.4s cache=0/800 cuda_peak=5227MiB sleep_actions=[]

[Epoch 007] Wake:   0%|                                                              | 0/800 [00:00<?, ?seq/s]
[Epoch 007] Wake:   0%|                  | 1/800 [00:05<1:09:38,  5.23s/seq, events=80, loss=3.8470, writes=7]
[Epoch 007] Wake:   8%|#3              | 65/800 [00:07<01:24,  8.70seq/s, events=5200, loss=2.5263, writes=40]
[Epoch 007] Wake:  16%|##2           | 129/800 [00:10<00:51, 13.02seq/s, events=10320, loss=2.4807, writes=40]
[Epoch 007] Wake:  24%|###3          | 193/800 [00:13<00:38, 15.58seq/s, events=15440, loss=2.5094, writes=40]
[Epoch 007] Wake:  32%|####4         | 257/800 [00:16<00:31, 17.30seq/s, events=20560, loss=2.4918, writes=40]
[Epoch 007] Wake:  40%|#####6        | 321/800 [00:18<00:25, 18.54seq/s, events=25680, loss=2.5212, writes=40]
[Epoch 007] Wake:  48%|######7       | 385/800 [00:21<00:21, 19.41seq/s, events=30800, loss=2.5466, writes=40]
[Epoch 007] Wake:  56%|#######8      | 449/800 [00:24<00:17, 20.15seq/s, events=35920, loss=2.5450, writes=40]
[Epoch 007] Wake:  64%|########9     | 513/800 [00:26<00:13, 20.71seq/s, events=41040, loss=2.5482, writes=40]
[Epoch 007] Wake:  72%|##########    | 577/800 [00:29<00:10, 21.16seq/s, events=46160, loss=2.5664, writes=40]
[Epoch 007] Wake:  80%|###########2  | 641/800 [00:32<00:07, 21.52seq/s, events=51280, loss=2.5778, writes=40]
[Epoch 007] Wake:  88%|############3 | 705/800 [00:34<00:04, 21.82seq/s, events=56400, loss=2.5743, writes=40]
[Epoch 007] Wake:  96%|#############4| 769/800 [00:37<00:01, 22.13seq/s, events=61520, loss=2.5678, writes=40]
[Epoch 007] Wake: 100%|##############| 800/800 [00:37<00:00, 21.30seq/s, events=64000, loss=2.5663, writes=40]

[Epoch 007] Global:   0%|                                                       | 0/800 [00:00<?, ?seq-pass/s]
[Epoch 007] Global:  12%|##5                  | 96/800 [00:02<00:14, 47.79seq-pass/s, batch=3/25, phase=train]
[Epoch 007] Global:  24%|####8               | 192/800 [00:04<00:13, 45.96seq-pass/s, batch=6/25, phase=train]
[Epoch 007] Global:  36%|#######2            | 288/800 [00:06<00:11, 45.40seq-pass/s, batch=9/25, phase=train]
[Epoch 007] Global:  48%|#########1         | 384/800 [00:08<00:09, 45.65seq-pass/s, batch=12/25, phase=train]
[Epoch 007] Global:  60%|###########4       | 480/800 [00:10<00:07, 45.29seq-pass/s, batch=15/25, phase=train]
[Epoch 007] Global:  72%|#############6     | 576/800 [00:12<00:04, 45.06seq-pass/s, batch=18/25, phase=train]
[Epoch 007] Global:  84%|###############9   | 672/800 [00:14<00:02, 44.85seq-pass/s, batch=21/25, phase=train]
[Epoch 007] Global:  96%|##################2| 768/800 [00:17<00:00, 44.73seq-pass/s, batch=24/25, phase=train]
[Epoch 007] Global: 100%|###################| 800/800 [00:17<00:00, 44.48seq-pass/s, batch=25/25, phase=train]

[Epoch 007] Sleep:   0%|                                                             | 0/11 [00:00<?, ?step/s]
[Epoch 007] Sleep:   9%|#5               | 1/11 [00:00<00:06,  1.44step/s, absorbed=0, phase=light, replay=17]
[Epoch 007] Sleep:  18%|####9                      | 2/11 [00:02<00:11,  1.23s/step, leaf=root_L, phase=split]
[Epoch 007] Sleep:  27%|#######3                   | 3/11 [00:10<00:29,  3.63s/step, leaf=root_L, phase=split]
[Epoch 007] Sleep:  27%|######2                | 3/11 [00:10<00:29,  3.63s/step, leaf=root_R_L_L, phase=split]
[Epoch 007] Sleep:  36%|########3              | 4/11 [01:29<02:47, 23.88s/step, leaf=root_R_L_L, phase=split]
[Epoch 007] Sleep:  36%|#######6             | 4/11 [01:29<02:47, 23.88s/step, leaf=root_R_L_R_L, phase=split]
[Epoch 007] Sleep:  45%|#########5           | 5/11 [01:29<02:23, 23.88s/step, leaf=root_R_L_R_R, phase=split]
[Epoch 007] Sleep:  55%|############5          | 6/11 [01:29<01:59, 23.88s/step, leaf=root_R_R_L, phase=split]
[Epoch 007] Sleep:  64%|##############6        | 7/11 [02:12<01:17, 19.40s/step, leaf=root_R_R_L, phase=split]
[Epoch 007] Sleep:  64%|#############3       | 7/11 [02:12<01:17, 19.40s/step, leaf=root_R_R_R_L, phase=split]
[Epoch 007] Sleep:  73%|###############2     | 8/11 [02:12<00:58, 19.40s/step, leaf=root_R_R_R_R, phase=split]
[Epoch 007] Sleep:  82%|##########6  | 9/11 [02:12<00:38, 19.40s/step, actions=0, phase=deep, pressure=68.437]
[Epoch 007] Sleep: 100%|############| 11/11 [02:12<00:00, 12.07s/step, actions=0, phase=deep, pressure=68.437]
[MemoryTree][007/030] wake/event=2.566306 sleep_residual=3.421850 writes=40 memorize=0 queue_split=43 wake_actions=A44996/R18961/M0/Q43 novelty=0.2131 weighted_sim=0.5737 wm_grad_max=4.109e+00 global/event=2.561356 mix_diag=2.6623 global_steps=25 prior_KL=2.597e-02 seq_H_cond=0.3022 seq_H_marg=0.6050 seq_MI=3.028e-01 post_KL_diag=2.175e-01 branch_distill=3.425e-01 probe=1.579e-01/0.202/-0.143/0.020 frontier=3.69/6.38/2.69 enc_gate=0.165 enc_scale=0.008 teacher_conf=0.161 teacher_JS=1.210e-01 max_mass=0.2426 owner_hard=[0, 260, 0, 111, 0, 0, 1, 0, 428, 0, 0, 0, 0] mem_assign=[129, 15797, 66, 13333, 1466, 720, 7446, 6470, 18573, 0, 0, 0, 0] prune=off leaves=7 sleep_mode=deep light_absorb=0 deep_pressure=68.437 merge=0/0 merge_keep=0.000 merge_lambda=0.000e+00 mem_prune=72/72/239 mem_keep=0.697 mem_lambda=0.000e+00 time=W37.6/G18.0/S132.7s cache=0/800 cuda_peak=5289MiB sleep_actions=[]

[Epoch 008] Wake:   0%|                                                              | 0/800 [00:00<?, ?seq/s]
[Epoch 008] Wake:   0%|                  | 1/800 [00:08<1:52:45,  8.47s/seq, events=80, loss=1.8234, writes=4]
[Epoch 008] Wake:   8%|#3              | 65/800 [00:11<01:59,  6.15seq/s, events=5200, loss=2.4463, writes=87]
[Epoch 008] Wake:  16%|##2           | 129/800 [00:14<01:07,  9.91seq/s, events=10320, loss=2.5378, writes=90]
[Epoch 008] Wake:  24%|###3          | 193/800 [00:17<00:49, 12.31seq/s, events=15440, loss=2.5387, writes=92]
[Epoch 008] Wake:  32%|####4         | 257/800 [00:20<00:38, 14.12seq/s, events=20560, loss=2.5604, writes=96]
[Epoch 008] Wake:  40%|#####6        | 321/800 [00:23<00:30, 15.49seq/s, events=25680, loss=2.5615, writes=98]
[Epoch 008] Wake:  48%|######2      | 385/800 [00:26<00:25, 16.47seq/s, events=30800, loss=2.5718, writes=100]
[Epoch 008] Wake:  56%|#######2     | 449/800 [00:29<00:20, 17.22seq/s, events=35920, loss=2.5759, writes=103]
[Epoch 008] Wake:  64%|########3    | 513/800 [00:31<00:15, 17.98seq/s, events=41040, loss=2.5659, writes=107]
[Epoch 008] Wake:  72%|#########3   | 577/800 [00:34<00:11, 18.70seq/s, events=46160, loss=2.5649, writes=108]
[Epoch 008] Wake:  80%|##########4  | 641/800 [00:37<00:08, 19.01seq/s, events=51280, loss=2.5762, writes=108]
[Epoch 008] Wake:  88%|###########4 | 705/800 [00:40<00:04, 19.53seq/s, events=56400, loss=2.5708, writes=113]
[Epoch 008] Wake:  96%|############4| 769/800 [00:43<00:01, 20.02seq/s, events=61520, loss=2.5736, writes=113]
[Epoch 008] Wake: 100%|#############| 800/800 [00:43<00:00, 18.56seq/s, events=64000, loss=2.5641, writes=114]

[Epoch 008] Global:   0%|                                                       | 0/800 [00:00<?, ?seq-pass/s]
[Epoch 008] Global:  12%|##5                  | 96/800 [00:02<00:14, 47.38seq-pass/s, batch=3/25, phase=train]
[Epoch 008] Global:  24%|####8               | 192/800 [00:04<00:13, 45.77seq-pass/s, batch=6/25, phase=train]
[Epoch 008] Global:  36%|#######2            | 288/800 [00:06<00:11, 45.29seq-pass/s, batch=9/25, phase=train]
[Epoch 008] Global:  48%|#########1         | 384/800 [00:08<00:09, 45.00seq-pass/s, batch=12/25, phase=train]
[Epoch 008] Global:  60%|###########4       | 480/800 [00:10<00:07, 44.86seq-pass/s, batch=15/25, phase=train]
[Epoch 008] Global:  72%|#############6     | 576/800 [00:12<00:05, 44.76seq-pass/s, batch=18/25, phase=train]
[Epoch 008] Global:  84%|###############9   | 672/800 [00:14<00:02, 44.70seq-pass/s, batch=21/25, phase=train]
[Epoch 008] Global:  96%|##################2| 768/800 [00:17<00:00, 44.69seq-pass/s, batch=24/25, phase=train]
[Epoch 008] Global: 100%|###################| 800/800 [00:18<00:00, 44.36seq-pass/s, batch=25/25, phase=train]

[Epoch 008] Sleep:   0%|                                                             | 0/11 [00:00<?, ?step/s]
[Epoch 008] Sleep:   9%|#5               | 1/11 [00:00<00:07,  1.41step/s, absorbed=0, phase=light, replay=17]
[Epoch 008] Sleep:  18%|####9                      | 2/11 [00:02<00:12,  1.35s/step, leaf=root_L, phase=split]
[Epoch 008] Sleep:  27%|#######3                   | 3/11 [00:14<00:38,  4.80s/step, leaf=root_L, phase=split]
[Epoch 008] Sleep:  27%|######2                | 3/11 [00:14<00:38,  4.80s/step, leaf=root_R_L_L, phase=split]
[Epoch 008] Sleep:  36%|########3              | 4/11 [01:14<02:18, 19.73s/step, leaf=root_R_L_L, phase=split]
[Epoch 008] Sleep:  36%|#######6             | 4/11 [01:14<02:18, 19.73s/step, leaf=root_R_L_R_L, phase=split]
[Epoch 008] Sleep:  45%|#########5           | 5/11 [01:14<01:58, 19.73s/step, leaf=root_R_L_R_R, phase=split]
[Epoch 008] Sleep:  55%|############5          | 6/11 [01:14<01:38, 19.73s/step, leaf=root_R_R_L, phase=split]
[Epoch 008] Sleep:  64%|##############6        | 7/11 [02:18<01:21, 20.44s/step, leaf=root_R_R_L, phase=split]
[Epoch 008] Sleep:  64%|#############3       | 7/11 [02:18<01:21, 20.44s/step, leaf=root_R_R_R_L, phase=split]
[Epoch 008] Sleep:  73%|###############2     | 8/11 [02:18<01:01, 20.44s/step, leaf=root_R_R_R_R, phase=split]
[Epoch 008] Sleep:  82%|##########6  | 9/11 [02:18<00:40, 20.44s/step, actions=0, phase=deep, pressure=68.750]
[Epoch 008] Sleep: 100%|############| 11/11 [02:18<00:00, 12.56s/step, actions=0, phase=deep, pressure=68.750]
[MemoryTree][008/030] wake/event=2.564077 sleep_residual=3.437500 writes=114 memorize=118 queue_split=0 wake_actions=A44975/R18907/M118/Q0 novelty=0.1635 weighted_sim=0.6729 wm_grad_max=4.066e+00 global/event=2.543265 mix_diag=2.6535 global_steps=25 prior_KL=2.419e-02 seq_H_cond=0.2906 seq_H_marg=0.6102 seq_MI=3.196e-01 post_KL_diag=2.262e-01 branch_distill=3.712e-01 probe=1.474e-01/0.198/-0.145/0.020 frontier=3.93/6.85/2.93 enc_gate=0.190 enc_scale=0.009 teacher_conf=0.180 teacher_JS=1.253e-01 max_mass=0.2424 owner_hard=[0, 253, 0, 0, 0, 115, 0, 0, 432, 0, 0, 0, 0] mem_assign=[148, 15306, 59, 2269, 1239, 13820, 6262, 6048, 18849, 0, 0, 0, 0] prune=off leaves=7 sleep_mode=deep light_absorb=0 deep_pressure=68.750 merge=0/0 merge_keep=0.000 merge_lambda=0.000e+00 mem_prune=69/69/282 mem_keep=0.754 mem_lambda=0.000e+00 time=W43.1/G18.0/S138.1s cache=0/800 cuda_peak=5328MiB sleep_actions=[]

[Epoch 009] Wake:   0%|                                                              | 0/800 [00:00<?, ?seq/s]
[Epoch 009] Wake:   0%|                    | 1/800 [00:03<44:19,  3.33s/seq, events=80, loss=2.7421, writes=0]
[Epoch 009] Wake:   8%|#3               | 65/800 [00:06<01:11, 10.28seq/s, events=5200, loss=2.5131, writes=8]
[Epoch 009] Wake:  16%|##2           | 129/800 [00:09<00:46, 14.42seq/s, events=10320, loss=2.5032, writes=16]
[Epoch 009] Wake:  24%|###3          | 193/800 [00:12<00:36, 16.44seq/s, events=15440, loss=2.5076, writes=16]
[Epoch 009] Wake:  32%|####4         | 257/800 [00:15<00:30, 17.77seq/s, events=20560, loss=2.5213, writes=19]
[Epoch 009] Wake:  40%|#####6        | 321/800 [00:18<00:25, 18.75seq/s, events=25680, loss=2.5406, writes=20]
[Epoch 009] Wake:  48%|######7       | 385/800 [00:21<00:21, 19.40seq/s, events=30800, loss=2.5579, writes=21]
[Epoch 009] Wake:  56%|#######8      | 449/800 [00:23<00:17, 19.95seq/s, events=35920, loss=2.5566, writes=22]
[Epoch 009] Wake:  64%|########9     | 513/800 [00:26<00:14, 20.41seq/s, events=41040, loss=2.5397, writes=22]
[Epoch 009] Wake:  72%|##########    | 577/800 [00:29<00:10, 20.72seq/s, events=46160, loss=2.5329, writes=22]
[Epoch 009] Wake:  80%|###########2  | 641/800 [00:32<00:07, 20.98seq/s, events=51280, loss=2.5343, writes=23]
[Epoch 009] Wake:  88%|############3 | 705/800 [00:35<00:04, 21.24seq/s, events=56400, loss=2.5475, writes=24]
[Epoch 009] Wake:  96%|#############4| 769/800 [00:37<00:01, 21.63seq/s, events=61520, loss=2.5428, writes=24]
[Epoch 009] Wake: 100%|##############| 800/800 [00:37<00:00, 21.20seq/s, events=64000, loss=2.5461, writes=24]

[Epoch 009] Global:   0%|                                                       | 0/800 [00:00<?, ?seq-pass/s]
[Epoch 009] Global:  12%|##5                  | 96/800 [00:02<00:14, 47.51seq-pass/s, batch=3/25, phase=train]
[Epoch 009] Global:  24%|####8               | 192/800 [00:04<00:13, 45.78seq-pass/s, batch=6/25, phase=train]
[Epoch 009] Global:  36%|#######2            | 288/800 [00:06<00:11, 45.25seq-pass/s, batch=9/25, phase=train]
[Epoch 009] Global:  48%|#########1         | 384/800 [00:08<00:09, 45.00seq-pass/s, batch=12/25, phase=train]
[Epoch 009] Global:  60%|###########4       | 480/800 [00:10<00:07, 44.88seq-pass/s, batch=15/25, phase=train]
[Epoch 009] Global:  72%|#############6     | 576/800 [00:12<00:05, 44.74seq-pass/s, batch=18/25, phase=train]
[Epoch 009] Global:  84%|###############9   | 672/800 [00:15<00:02, 44.68seq-pass/s, batch=21/25, phase=train]
[Epoch 009] Global:  96%|##################2| 768/800 [00:17<00:00, 44.63seq-pass/s, batch=24/25, phase=train]
[Epoch 009] Global: 100%|###################| 800/800 [00:18<00:00, 44.33seq-pass/s, batch=25/25, phase=train]

[Epoch 009] Sleep:   0%|                                                             | 0/11 [00:00<?, ?step/s]
[Epoch 009] Sleep:   9%|#5               | 1/11 [00:00<00:06,  1.64step/s, absorbed=0, phase=light, replay=17]
[Epoch 009] Sleep:  18%|####9                      | 2/11 [00:02<00:10,  1.19s/step, leaf=root_L, phase=split]
[Epoch 009] Sleep:  27%|#######3                   | 3/11 [00:14<00:39,  4.97s/step, leaf=root_L, phase=split]
[Epoch 009] Sleep:  27%|######2                | 3/11 [00:14<00:39,  4.97s/step, leaf=root_R_L_L, phase=split]
[Epoch 009] Sleep:  36%|########3              | 4/11 [00:51<01:34, 13.45s/step, leaf=root_R_L_L, phase=split]
[Epoch 009] Sleep:  36%|#######6             | 4/11 [00:51<01:34, 13.45s/step, leaf=root_R_L_R_L, phase=split]
[Epoch 009] Sleep:  45%|#########5           | 5/11 [00:51<01:20, 13.45s/step, leaf=root_R_L_R_R, phase=split]
[Epoch 009] Sleep:  55%|############5          | 6/11 [00:51<01:07, 13.45s/step, leaf=root_R_R_L, phase=split]
[Epoch 009] Sleep:  64%|##############6        | 7/11 [01:38<00:58, 14.55s/step, leaf=root_R_R_L, phase=split]
[Epoch 009] Sleep:  64%|#############3       | 7/11 [01:38<00:58, 14.55s/step, leaf=root_R_R_R_L, phase=split]
[Epoch 009] Sleep:  73%|###############2     | 8/11 [01:38<00:43, 14.55s/step, leaf=root_R_R_R_R, phase=split]
[Epoch 009] Sleep:  82%|#########8  | 9/11 [01:38<00:29, 14.55s/step, actions=0, phase=deep, pressure=104.117]
[Epoch 009] Sleep: 100%|###########| 11/11 [01:38<00:00,  8.97s/step, actions=0, phase=deep, pressure=104.117]
[MemoryTree][009/030] wake/event=2.546053 sleep_residual=5.205827 writes=24 memorize=18 queue_split=6 wake_actions=A44852/R19124/M18/Q6 novelty=0.1467 weighted_sim=0.7067 wm_grad_max=4.198e+00 global/event=2.537970 mix_diag=2.6013 global_steps=25 prior_KL=1.564e-02 seq_H_cond=0.2953 seq_H_marg=0.6204 seq_MI=3.251e-01 post_KL_diag=2.333e-01 branch_distill=3.687e-01 probe=1.554e-01/0.199/-0.145/0.020 frontier=3.97/6.94/2.97 enc_gate=0.209 enc_scale=0.010 teacher_conf=0.198 teacher_JS=1.217e-01 max_mass=0.2406 owner_hard=[0, 290, 0, 0, 0, 27, 103, 1, 379, 0, 0, 0, 0] mem_assign=[209, 15619, 60, 513, 569, 9462, 12580, 7496, 17492, 0, 0, 0, 0] prune=off leaves=7 sleep_mode=deep light_absorb=0 deep_pressure=104.117 merge=0/0 merge_keep=0.000 merge_lambda=0.000e+00 mem_prune=92/92/239 mem_keep=0.617 mem_lambda=0.000e+00 time=W37.7/G18.0/S98.6s cache=0/800 cuda_peak=5329MiB sleep_actions=[]

[Epoch 010] Wake:   0%|                                                              | 0/800 [00:00<?, ?seq/s]
[Epoch 010] Wake:   0%|                  | 1/800 [00:05<1:11:19,  5.36s/seq, events=80, loss=1.9520, writes=1]
[Epoch 010] Wake:   8%|#3              | 65/800 [00:08<01:26,  8.50seq/s, events=5200, loss=2.4098, writes=38]
[Epoch 010] Wake:  16%|##2           | 129/800 [00:10<00:53, 12.65seq/s, events=10320, loss=2.4694, writes=38]
[Epoch 010] Wake:  24%|###3          | 193/800 [00:13<00:40, 15.12seq/s, events=15440, loss=2.4853, writes=38]
[Epoch 010] Wake:  32%|####4         | 257/800 [00:16<00:32, 16.81seq/s, events=20560, loss=2.5032, writes=38]
[Epoch 010] Wake:  40%|#####6        | 321/800 [00:19<00:26, 17.97seq/s, events=25680, loss=2.5158, writes=38]
[Epoch 010] Wake:  48%|######7       | 385/800 [00:22<00:22, 18.84seq/s, events=30800, loss=2.5031, writes=38]
[Epoch 010] Wake:  56%|#######8      | 449/800 [00:24<00:18, 19.48seq/s, events=35920, loss=2.5204, writes=38]
[Epoch 010] Wake:  64%|########9     | 513/800 [00:27<00:14, 20.09seq/s, events=41040, loss=2.5067, writes=39]
[Epoch 010] Wake:  72%|##########    | 577/800 [00:30<00:10, 20.51seq/s, events=46160, loss=2.5050, writes=39]
[Epoch 010] Wake:  80%|###########2  | 641/800 [00:33<00:07, 20.85seq/s, events=51280, loss=2.5050, writes=39]
[Epoch 010] Wake:  88%|############3 | 705/800 [00:35<00:04, 21.18seq/s, events=56400, loss=2.5154, writes=39]
[Epoch 010] Wake:  96%|#############4| 769/800 [00:38<00:01, 21.56seq/s, events=61520, loss=2.5239, writes=39]
[Epoch 010] Wake: 100%|##############| 800/800 [00:38<00:00, 20.71seq/s, events=64000, loss=2.5269, writes=39]

[Epoch 010] Global:   0%|                                                       | 0/800 [00:00<?, ?seq-pass/s]
[Epoch 010] Global:  12%|##5                  | 96/800 [00:02<00:14, 47.92seq-pass/s, batch=3/25, phase=train]
[Epoch 010] Global:  24%|####8               | 192/800 [00:04<00:13, 45.93seq-pass/s, batch=6/25, phase=train]
[Epoch 010] Global:  36%|#######2            | 288/800 [00:06<00:11, 45.33seq-pass/s, batch=9/25, phase=train]
[Epoch 010] Global:  48%|#########1         | 384/800 [00:08<00:09, 45.03seq-pass/s, batch=12/25, phase=train]
[Epoch 010] Global:  60%|###########4       | 480/800 [00:10<00:07, 44.90seq-pass/s, batch=15/25, phase=train]
[Epoch 010] Global:  72%|#############6     | 576/800 [00:12<00:04, 45.08seq-pass/s, batch=18/25, phase=train]
[Epoch 010] Global:  84%|###############9   | 672/800 [00:14<00:02, 44.92seq-pass/s, batch=21/25, phase=train]
[Epoch 010] Global:  96%|##################2| 768/800 [00:17<00:00, 44.81seq-pass/s, batch=24/25, phase=train]
[Epoch 010] Global: 100%|###################| 800/800 [00:17<00:00, 44.51seq-pass/s, batch=25/25, phase=train]

[Epoch 010] Sleep:   0%|                                                             | 0/11 [00:00<?, ?step/s]
[Epoch 010] Sleep:   9%|#5               | 1/11 [00:00<00:06,  1.65step/s, absorbed=0, phase=light, replay=17]
[Epoch 010] Sleep:  18%|####9                      | 2/11 [00:02<00:09,  1.05s/step, leaf=root_L, phase=split]
[Epoch 010] Sleep:  27%|#######3                   | 3/11 [00:14<00:39,  4.88s/step, leaf=root_L, phase=split]
[Epoch 010] Sleep:  27%|######2                | 3/11 [00:14<00:39,  4.88s/step, leaf=root_R_L_L, phase=split]
[Epoch 010] Sleep:  36%|########3              | 4/11 [01:13<02:15, 19.42s/step, leaf=root_R_L_L, phase=split]
[Epoch 010] Sleep:  36%|#######6             | 4/11 [01:13<02:15, 19.42s/step, leaf=root_R_L_R_L, phase=split]
[Epoch 010] Sleep:  45%|#########5           | 5/11 [01:13<01:56, 19.42s/step, leaf=root_R_L_R_R, phase=split]
[Epoch 010] Sleep:  55%|############5          | 6/11 [01:13<01:37, 19.42s/step, leaf=root_R_R_L, phase=split]
[Epoch 010] Sleep:  64%|##############6        | 7/11 [01:34<00:54, 13.58s/step, leaf=root_R_R_L, phase=split]
[Epoch 010] Sleep:  64%|#############3       | 7/11 [01:34<00:54, 13.58s/step, leaf=root_R_R_R_L, phase=split]
[Epoch 010] Sleep:  73%|###############2     | 8/11 [01:34<00:40, 13.58s/step, leaf=root_R_R_R_R, phase=split]
[Epoch 010] Sleep:  82%|#########8  | 9/11 [01:34<00:27, 13.58s/step, actions=0, phase=deep, pressure=120.923]
[Epoch 010] Sleep: 100%|###########| 11/11 [01:34<00:00,  8.60s/step, actions=0, phase=deep, pressure=120.923]
[MemoryTree][010/030] wake/event=2.526932 sleep_residual=6.046143 writes=39 memorize=2 queue_split=40 wake_actions=A44784/R19174/M2/Q40 novelty=0.1352 weighted_sim=0.7297 wm_grad_max=4.556e+00 global/event=2.536641 mix_diag=2.6012 global_steps=25 prior_KL=1.452e-02 seq_H_cond=0.2694 seq_H_marg=0.6231 seq_MI=3.537e-01 post_KL_diag=2.342e-01 branch_distill=3.827e-01 probe=1.570e-01/0.201/-0.143/0.021 frontier=3.97/6.95/2.97 enc_gate=0.212 enc_scale=0.011 teacher_conf=0.212 teacher_JS=1.283e-01 max_mass=0.2547 owner_hard=[0, 348, 0, 0, 0, 32, 112, 2, 306, 0, 0, 0, 0] mem_assign=[111, 16534, 29, 103, 294, 8868, 14055, 8525, 15481, 0, 0, 0, 0] prune=off leaves=7 sleep_mode=deep light_absorb=0 deep_pressure=120.923 merge=0/0 merge_keep=0.000 merge_lambda=0.000e+00 mem_prune=62/62/186 mem_keep=0.668 mem_lambda=0.000e+00 time=W38.6/G18.0/S94.6s cache=0/800 cuda_peak=5330MiB sleep_actions=[]

[Epoch 011] Wake:   0%|                                                              | 0/800 [00:00<?, ?seq/s]
[Epoch 011] Wake:   0%|                    | 1/800 [00:03<43:35,  3.27s/seq, events=80, loss=1.5141, writes=1]
[Epoch 011] Wake:   8%|#3               | 65/800 [00:06<01:05, 11.25seq/s, events=5200, loss=2.4511, writes=7]
[Epoch 011] Wake:  16%|##4            | 129/800 [00:08<00:43, 15.40seq/s, events=10320, loss=2.4654, writes=7]
[Epoch 011] Wake:  24%|###6           | 193/800 [00:11<00:34, 17.46seq/s, events=15440, loss=2.4987, writes=7]
[Epoch 011] Wake:  32%|####8          | 257/800 [00:14<00:28, 18.78seq/s, events=20560, loss=2.5152, writes=8]
[Epoch 011] Wake:  40%|######         | 321/800 [00:17<00:24, 19.71seq/s, events=25680, loss=2.5453, writes=8]
[Epoch 011] Wake:  48%|#######2       | 385/800 [00:20<00:20, 20.02seq/s, events=30800, loss=2.5470, writes=8]
[Epoch 011] Wake:  56%|#######8      | 449/800 [00:23<00:17, 20.24seq/s, events=35920, loss=2.5475, writes=11]
[Epoch 011] Wake:  64%|########9     | 513/800 [00:26<00:13, 20.60seq/s, events=41040, loss=2.5175, writes=14]
[Epoch 011] Wake:  72%|##########    | 577/800 [00:29<00:10, 20.79seq/s, events=46160, loss=2.5234, writes=15]
[Epoch 011] Wake:  80%|###########2  | 641/800 [00:31<00:07, 21.02seq/s, events=51280, loss=2.5301, writes=17]
[Epoch 011] Wake:  88%|############3 | 705/800 [00:34<00:04, 21.20seq/s, events=56400, loss=2.5367, writes=18]
[Epoch 011] Wake:  96%|#############4| 769/800 [00:37<00:01, 21.50seq/s, events=61520, loss=2.5309, writes=19]
[Epoch 011] Wake: 100%|##############| 800/800 [00:37<00:00, 21.36seq/s, events=64000, loss=2.5330, writes=20]

[Epoch 011] Global:   0%|                                                       | 0/800 [00:00<?, ?seq-pass/s]
[Epoch 011] Global:  12%|##5                  | 96/800 [00:02<00:14, 47.26seq-pass/s, batch=3/25, phase=train]
[Epoch 011] Global:  24%|####8               | 192/800 [00:04<00:13, 45.66seq-pass/s, batch=6/25, phase=train]
[Epoch 011] Global:  36%|#######2            | 288/800 [00:06<00:11, 45.16seq-pass/s, batch=9/25, phase=train]
[Epoch 011] Global:  48%|#########1         | 384/800 [00:08<00:09, 44.82seq-pass/s, batch=12/25, phase=train]
[Epoch 011] Global:  60%|###########4       | 480/800 [00:10<00:07, 44.63seq-pass/s, batch=15/25, phase=train]
[Epoch 011] Global:  72%|#############6     | 576/800 [00:12<00:05, 44.58seq-pass/s, batch=18/25, phase=train]
[Epoch 011] Global:  84%|###############9   | 672/800 [00:15<00:02, 44.55seq-pass/s, batch=21/25, phase=train]
[Epoch 011] Global:  96%|##################2| 768/800 [00:17<00:00, 44.52seq-pass/s, batch=24/25, phase=train]
[Epoch 011] Global: 100%|###################| 800/800 [00:18<00:00, 44.22seq-pass/s, batch=25/25, phase=train]

[Epoch 011] Sleep:   0%|                                                             | 0/11 [00:00<?, ?step/s]
[Epoch 011] Sleep:   9%|#5               | 1/11 [00:00<00:05,  1.79step/s, absorbed=1, phase=light, replay=17]
[Epoch 011] Sleep:  18%|####9                      | 2/11 [00:01<00:08,  1.08step/s, leaf=root_L, phase=split]
[Epoch 011] Sleep:  27%|#######3                   | 3/11 [00:12<00:33,  4.14s/step, leaf=root_L, phase=split]
[Epoch 011] Sleep:  27%|######2                | 3/11 [00:12<00:33,  4.14s/step, leaf=root_R_L_L, phase=split]
[Epoch 011] Sleep:  36%|########3              | 4/11 [01:01<01:53, 16.21s/step, leaf=root_R_L_L, phase=split]
[Epoch 011] Sleep:  36%|#######6             | 4/11 [01:01<01:53, 16.21s/step, leaf=root_R_L_R_L, phase=split]
[Epoch 011] Sleep:  45%|#########5           | 5/11 [01:01<01:37, 16.21s/step, leaf=root_R_L_R_R, phase=split]
[Epoch 011] Sleep:  55%|############5          | 6/11 [01:01<01:21, 16.21s/step, leaf=root_R_R_L, phase=split]
[Epoch 011] Sleep:  64%|##############6        | 7/11 [01:13<00:42, 10.51s/step, leaf=root_R_R_L, phase=split]
[Epoch 011] Sleep:  64%|#############3       | 7/11 [01:13<00:42, 10.51s/step, leaf=root_R_R_R_L, phase=split]
[Epoch 011] Sleep:  73%|###############2     | 8/11 [01:13<00:31, 10.51s/step, leaf=root_R_R_R_R, phase=split]
[Epoch 011] Sleep:  82%|#########8  | 9/11 [01:13<00:21, 10.51s/step, actions=0, phase=deep, pressure=137.324]
[Epoch 011] Sleep: 100%|###########| 11/11 [01:13<00:00,  6.71s/step, actions=0, phase=deep, pressure=137.324]
[MemoryTree][011/030] wake/event=2.533021 sleep_residual=6.866208 writes=20 memorize=20 queue_split=0 wake_actions=A44704/R19276/M20/Q0 novelty=0.1316 weighted_sim=0.7367 wm_grad_max=4.942e+00 global/event=2.536941 mix_diag=2.5897 global_steps=25 prior_KL=1.411e-02 seq_H_cond=0.2410 seq_H_marg=0.6258 seq_MI=3.848e-01 post_KL_diag=2.228e-01 branch_distill=3.838e-01 probe=1.514e-01/0.202/-0.143/0.021 frontier=3.98/6.95/2.98 enc_gate=0.209 enc_scale=0.011 teacher_conf=0.212 teacher_JS=1.332e-01 max_mass=0.2550 owner_hard=[0, 351, 0, 0, 0, 4, 163, 1, 281, 0, 0, 0, 0] mem_assign=[84, 16629, 28, 178, 519, 7198, 15310, 8561, 15493, 0, 0, 0, 0] prune=on leaves=7 sleep_mode=deep light_absorb=1 deep_pressure=137.324 merge=0/0 merge_keep=0.000 merge_lambda=0.000e+00 mem_prune=41/41/144 mem_keep=0.714 mem_lambda=0.000e+00 time=W37.5/G18.1/S73.8s cache=0/800 cuda_peak=5330MiB sleep_actions=[]

[Epoch 012] Wake:   0%|                                                              | 0/800 [00:00<?, ?seq/s]
[Epoch 012] Wake:   0%|                    | 1/800 [00:03<39:58,  3.00s/seq, events=80, loss=2.1744, writes=0]
[Epoch 012] Wake:   8%|#3               | 65/800 [00:05<01:03, 11.50seq/s, events=5200, loss=2.5485, writes=3]
[Epoch 012] Wake:  16%|##4            | 129/800 [00:08<00:43, 15.28seq/s, events=10320, loss=2.5136, writes=5]
[Epoch 012] Wake:  24%|###6           | 193/800 [00:11<00:35, 17.18seq/s, events=15440, loss=2.4947, writes=7]
[Epoch 012] Wake:  32%|####8          | 257/800 [00:14<00:29, 18.33seq/s, events=20560, loss=2.4865, writes=9]
[Epoch 012] Wake:  40%|#####6        | 321/800 [00:17<00:24, 19.26seq/s, events=25680, loss=2.5275, writes=11]
[Epoch 012] Wake:  48%|######7       | 385/800 [00:20<00:20, 20.03seq/s, events=30800, loss=2.5267, writes=11]
[Epoch 012] Wake:  56%|#######8      | 449/800 [00:23<00:17, 20.57seq/s, events=35920, loss=2.5327, writes=11]
[Epoch 012] Wake:  64%|########9     | 513/800 [00:25<00:13, 20.79seq/s, events=41040, loss=2.5442, writes=12]
[Epoch 012] Wake:  72%|##########    | 577/800 [00:28<00:10, 20.85seq/s, events=46160, loss=2.5549, writes=14]
[Epoch 012] Wake:  80%|###########2  | 641/800 [00:31<00:07, 21.09seq/s, events=51280, loss=2.5567, writes=17]
[Epoch 012] Wake:  88%|############3 | 705/800 [00:34<00:04, 21.26seq/s, events=56400, loss=2.5460, writes=18]
[Epoch 012] Wake:  96%|#############4| 769/800 [00:37<00:01, 21.62seq/s, events=61520, loss=2.5458, writes=19]
[Epoch 012] Wake: 100%|##############| 800/800 [00:37<00:00, 21.44seq/s, events=64000, loss=2.5468, writes=19]

[Epoch 012] Global:   0%|                                                       | 0/800 [00:00<?, ?seq-pass/s]
[Epoch 012] Global:  12%|##5                  | 96/800 [00:02<00:14, 47.35seq-pass/s, batch=3/25, phase=train]
[Epoch 012] Global:  24%|####8               | 192/800 [00:04<00:13, 45.70seq-pass/s, batch=6/25, phase=train]
[Epoch 012] Global:  36%|#######2            | 288/800 [00:06<00:11, 45.13seq-pass/s, batch=9/25, phase=train]
[Epoch 012] Global:  48%|#########1         | 384/800 [00:08<00:09, 44.93seq-pass/s, batch=12/25, phase=train]
[Epoch 012] Global:  60%|###########4       | 480/800 [00:10<00:07, 44.77seq-pass/s, batch=15/25, phase=train]
[Epoch 012] Global:  72%|#############6     | 576/800 [00:12<00:05, 44.67seq-pass/s, batch=18/25, phase=train]
[Epoch 012] Global:  84%|###############9   | 672/800 [00:15<00:02, 44.61seq-pass/s, batch=21/25, phase=train]
[Epoch 012] Global:  96%|##################2| 768/800 [00:17<00:00, 44.63seq-pass/s, batch=24/25, phase=train]
[Epoch 012] Global: 100%|###################| 800/800 [00:18<00:00, 44.33seq-pass/s, batch=25/25, phase=train]

[Epoch 012] Sleep:   0%|                                                             | 0/11 [00:00<?, ?step/s]
[Epoch 012] Sleep:   9%|#5               | 1/11 [00:00<00:05,  1.93step/s, absorbed=1, phase=light, replay=17]
[Epoch 012] Sleep:  18%|####9                      | 2/11 [00:01<00:07,  1.18step/s, leaf=root_L, phase=split]
[Epoch 012] Sleep:  27%|#######3                   | 3/11 [00:06<00:17,  2.22s/step, leaf=root_L, phase=split]
[Epoch 012] Sleep:  27%|######2                | 3/11 [00:06<00:17,  2.22s/step, leaf=root_R_L_L, phase=split]
[Epoch 012] Sleep:  36%|########3              | 4/11 [00:40<01:14, 10.71s/step, leaf=root_R_L_L, phase=split]
[Epoch 012] Sleep:  36%|#######6             | 4/11 [00:40<01:14, 10.71s/step, leaf=root_R_L_R_L, phase=split]
[Epoch 012] Sleep:  45%|#########5           | 5/11 [00:40<01:04, 10.71s/step, leaf=root_R_L_R_R, phase=split]
[Epoch 012] Sleep:  55%|############5          | 6/11 [00:40<00:53, 10.71s/step, leaf=root_R_R_L, phase=split]
[Epoch 012] Sleep:  64%|##############6        | 7/11 [00:56<00:32,  8.15s/step, leaf=root_R_R_L, phase=split]
[Epoch 012] Sleep:  64%|#############3       | 7/11 [00:56<00:32,  8.15s/step, leaf=root_R_R_R_L, phase=split]
[Epoch 012] Sleep:  73%|###############2     | 8/11 [00:56<00:24,  8.15s/step, leaf=root_R_R_R_R, phase=split]
[Epoch 012] Sleep:  82%|#########8  | 9/11 [00:56<00:16,  8.15s/step, actions=0, phase=deep, pressure=113.614]
[Epoch 012] Sleep: 100%|###########| 11/11 [00:56<00:00,  5.11s/step, actions=0, phase=deep, pressure=113.614]
[MemoryTree][012/030] wake/event=2.546758 sleep_residual=5.680675 writes=19 memorize=21 queue_split=0 wake_actions=A44580/R19399/M21/Q0 novelty=0.1124 weighted_sim=0.7752 wm_grad_max=4.922e+00 global/event=2.534498 mix_diag=2.5875 global_steps=25 prior_KL=1.395e-02 seq_H_cond=0.2358 seq_H_marg=0.6279 seq_MI=3.920e-01 post_KL_diag=2.126e-01 branch_distill=3.893e-01 probe=1.569e-01/0.201/-0.144/0.021 frontier=3.97/6.95/2.97 enc_gate=0.201 enc_scale=0.011 teacher_conf=0.211 teacher_JS=1.330e-01 max_mass=0.2673 owner_hard=[0, 372, 0, 0, 0, 9, 176, 4, 239, 0, 0, 0, 0] mem_assign=[57, 17162, 40, 428, 158, 7179, 15455, 9204, 14317, 0, 0, 0, 0] prune=on leaves=7 sleep_mode=deep light_absorb=1 deep_pressure=113.614 merge=0/0 merge_keep=0.000 merge_lambda=0.000e+00 mem_prune=27/27/122 mem_keep=0.777 mem_lambda=0.000e+00 time=W37.3/G18.1/S56.2s cache=0/800 cuda_peak=5331MiB sleep_actions=[]

[Epoch 013] Wake:   0%|                                                              | 0/800 [00:00<?, ?seq/s]
[Epoch 013] Wake:   0%|                  | 1/800 [00:06<1:24:57,  6.38s/seq, events=80, loss=1.9543, writes=1]
[Epoch 013] Wake:   8%|#3              | 65/800 [00:09<01:38,  7.48seq/s, events=5200, loss=2.6020, writes=68]
[Epoch 013] Wake:  16%|##2           | 129/800 [00:12<00:58, 11.42seq/s, events=10320, loss=2.5858, writes=71]
[Epoch 013] Wake:  24%|###3          | 193/800 [00:15<00:43, 13.95seq/s, events=15440, loss=2.5777, writes=74]
[Epoch 013] Wake:  32%|####4         | 257/800 [00:17<00:34, 15.77seq/s, events=20560, loss=2.5440, writes=76]
[Epoch 013] Wake:  40%|#####6        | 321/800 [00:20<00:28, 17.10seq/s, events=25680, loss=2.5316, writes=77]
[Epoch 013] Wake:  48%|######7       | 385/800 [00:23<00:23, 18.01seq/s, events=30800, loss=2.5240, writes=78]
[Epoch 013] Wake:  56%|#######8      | 449/800 [00:26<00:18, 18.70seq/s, events=35920, loss=2.5423, writes=80]
[Epoch 013] Wake:  64%|########9     | 513/800 [00:29<00:15, 19.09seq/s, events=41040, loss=2.5310, writes=81]
[Epoch 013] Wake:  72%|##########    | 577/800 [00:32<00:11, 19.54seq/s, events=46160, loss=2.5175, writes=84]
[Epoch 013] Wake:  80%|###########2  | 641/800 [00:35<00:08, 19.76seq/s, events=51280, loss=2.5326, writes=85]
[Epoch 013] Wake:  88%|############3 | 705/800 [00:38<00:04, 20.05seq/s, events=56400, loss=2.5386, writes=88]
[Epoch 013] Wake:  96%|#############4| 769/800 [00:40<00:01, 20.47seq/s, events=61520, loss=2.5392, writes=90]
[Epoch 013] Wake: 100%|##############| 800/800 [00:40<00:00, 19.56seq/s, events=64000, loss=2.5387, writes=91]

[Epoch 013] Global:   0%|                                                       | 0/800 [00:00<?, ?seq-pass/s]
[Epoch 013] Global:  16%|###2                | 128/800 [00:02<00:14, 47.27seq-pass/s, batch=4/25, phase=train]
[Epoch 013] Global:  28%|#####6              | 224/800 [00:04<00:12, 45.88seq-pass/s, batch=7/25, phase=train]
[Epoch 013] Global:  40%|#######6           | 320/800 [00:07<00:10, 45.32seq-pass/s, batch=10/25, phase=train]
[Epoch 013] Global:  52%|#########8         | 416/800 [00:09<00:08, 45.00seq-pass/s, batch=13/25, phase=train]
[Epoch 013] Global:  64%|############1      | 512/800 [00:11<00:06, 44.76seq-pass/s, batch=16/25, phase=train]
[Epoch 013] Global:  76%|##############4    | 608/800 [00:13<00:04, 44.78seq-pass/s, batch=19/25, phase=train]
[Epoch 013] Global:  88%|################7  | 704/800 [00:15<00:02, 44.70seq-pass/s, batch=22/25, phase=train]
[Epoch 013] Global: 100%|###################| 800/800 [00:17<00:00, 44.59seq-pass/s, batch=25/25, phase=train]
[Epoch 013] Global: 100%|###################| 800/800 [00:18<00:00, 44.34seq-pass/s, batch=25/25, phase=train]

[Epoch 013] Sleep:   0%|                                                             | 0/11 [00:00<?, ?step/s]
[Epoch 013] Sleep:   9%|#5               | 1/11 [00:00<00:06,  1.62step/s, absorbed=0, phase=light, replay=18]
[Epoch 013] Sleep:  18%|####9                      | 2/11 [00:02<00:09,  1.06s/step, leaf=root_L, phase=split]
[Epoch 013] Sleep:  27%|#######3                   | 3/11 [00:50<02:15, 16.91s/step, leaf=root_L, phase=split]
[Epoch 013] Sleep:  27%|######2                | 3/11 [00:50<02:15, 16.91s/step, leaf=root_R_L_L, phase=split]
[Epoch 013] Sleep:  36%|########3              | 4/11 [01:17<02:17, 19.61s/step, leaf=root_R_L_L, phase=split]
[Epoch 013] Sleep:  36%|#######6             | 4/11 [01:17<02:17, 19.61s/step, leaf=root_R_L_R_L, phase=split]
[Epoch 013] Sleep:  45%|#########5           | 5/11 [01:17<01:57, 19.61s/step, leaf=root_R_L_R_R, phase=split]
[Epoch 013] Sleep:  55%|############5          | 6/11 [01:17<01:38, 19.61s/step, leaf=root_R_R_L, phase=split]
[Epoch 013] Sleep:  64%|##############6        | 7/11 [01:34<00:51, 12.93s/step, leaf=root_R_R_L, phase=split]
[Epoch 013] Sleep:  64%|#############3       | 7/11 [01:34<00:51, 12.93s/step, leaf=root_R_R_R_L, phase=split]
[Epoch 013] Sleep:  73%|###############2     | 8/11 [01:34<00:38, 12.93s/step, leaf=root_R_R_R_R, phase=split]
[Epoch 013] Sleep:  82%|###########4  | 9/11 [01:34<00:25, 12.93s/step, actions=0, phase=deep, pressure=1.000]
[Epoch 013] Sleep: 100%|#############| 11/11 [01:34<00:00,  8.56s/step, actions=0, phase=deep, pressure=1.000]
[MemoryTree][013/030] wake/event=2.538705 sleep_residual=0.000640 writes=91 memorize=88 queue_split=4 wake_actions=A44686/R19222/M88/Q4 novelty=0.1136 weighted_sim=0.7728 wm_grad_max=3.918e+00 global/event=2.534804 mix_diag=2.5759 global_steps=25 prior_KL=1.235e-02 seq_H_cond=0.2409 seq_H_marg=0.6296 seq_MI=3.886e-01 post_KL_diag=1.954e-01 branch_distill=3.794e-01 probe=1.510e-01/0.202/-0.143/0.021 frontier=3.97/6.95/2.97 enc_gate=0.208 enc_scale=0.010 teacher_conf=0.204 teacher_JS=1.286e-01 max_mass=0.2631 owner_hard=[0, 337, 0, 0, 0, 14, 160, 3, 286, 0, 0, 0, 0] mem_assign=[108, 16106, 45, 137, 288, 8145, 15849, 8683, 14639, 0, 0, 0, 0] prune=on leaves=7 sleep_mode=deep light_absorb=0 deep_pressure=1.000 merge=0/0 merge_keep=0.000 merge_lambda=0.000e+00 mem_prune=74/74/186 mem_keep=0.602 mem_lambda=0.000e+00 time=W40.9/G18.0/S94.2s cache=0/800 cuda_peak=5330MiB sleep_actions=[]

[Epoch 014] Wake:   0%|                                                              | 0/800 [00:00<?, ?seq/s]
[Epoch 014] Wake:   0%|                    | 1/800 [00:03<40:28,  3.04s/seq, events=80, loss=2.4630, writes=0]
[Epoch 014] Wake:   8%|#3               | 65/800 [00:06<01:08, 10.70seq/s, events=5200, loss=2.5662, writes=3]
[Epoch 014] Wake:  16%|##2           | 129/800 [00:09<00:49, 13.61seq/s, events=10320, loss=2.5222, writes=12]
[Epoch 014] Wake:  24%|###3          | 193/800 [00:12<00:38, 15.93seq/s, events=15440, loss=2.5384, writes=24]
[Epoch 014] Wake:  32%|####4         | 257/800 [00:15<00:31, 17.04seq/s, events=20560, loss=2.5284, writes=26]
[Epoch 014] Wake:  40%|#####6        | 321/800 [00:18<00:26, 18.22seq/s, events=25680, loss=2.5239, writes=32]
[Epoch 014] Wake:  48%|######7       | 385/800 [00:22<00:22, 18.35seq/s, events=30800, loss=2.5144, writes=33]
[Epoch 014] Wake:  56%|#######8      | 449/800 [00:24<00:18, 18.88seq/s, events=35920, loss=2.5273, writes=42]
[Epoch 014] Wake:  64%|########9     | 513/800 [00:27<00:14, 19.31seq/s, events=41040, loss=2.5143, writes=45]
[Epoch 014] Wake:  72%|##########    | 577/800 [00:31<00:11, 19.47seq/s, events=46160, loss=2.5244, writes=48]
[Epoch 014] Wake:  80%|###########2  | 641/800 [00:34<00:08, 19.74seq/s, events=51280, loss=2.5200, writes=53]
[Epoch 014] Wake:  88%|############3 | 705/800 [00:37<00:04, 19.90seq/s, events=56400, loss=2.5270, writes=56]
[Epoch 014] Wake:  96%|#############4| 769/800 [00:40<00:01, 20.04seq/s, events=61520, loss=2.5245, writes=60]
[Epoch 014] Wake: 100%|##############| 800/800 [00:40<00:00, 19.90seq/s, events=64000, loss=2.5198, writes=66]

[Epoch 014] Global:   0%|                                                       | 0/800 [00:00<?, ?seq-pass/s]
[Epoch 014] Global:  16%|###2                | 128/800 [00:02<00:14, 47.44seq-pass/s, batch=4/25, phase=train]
[Epoch 014] Global:  28%|#####6              | 224/800 [00:04<00:12, 46.01seq-pass/s, batch=7/25, phase=train]
[Epoch 014] Global:  40%|#######6           | 320/800 [00:07<00:10, 45.48seq-pass/s, batch=10/25, phase=train]
[Epoch 014] Global:  52%|#########8         | 416/800 [00:09<00:08, 45.16seq-pass/s, batch=13/25, phase=train]
[Epoch 014] Global:  64%|############1      | 512/800 [00:11<00:06, 45.02seq-pass/s, batch=16/25, phase=train]
[Epoch 014] Global:  76%|##############4    | 608/800 [00:13<00:04, 44.88seq-pass/s, batch=19/25, phase=train]
[Epoch 014] Global:  88%|################7  | 704/800 [00:15<00:02, 44.79seq-pass/s, batch=22/25, phase=train]
[Epoch 014] Global: 100%|###################| 800/800 [00:17<00:00, 44.97seq-pass/s, batch=25/25, phase=train]
[Epoch 014] Global: 100%|###################| 800/800 [00:17<00:00, 44.67seq-pass/s, batch=25/25, phase=train]

[Epoch 014] Sleep:   0%|                                                             | 0/11 [00:00<?, ?step/s]
[Epoch 014] Sleep:   9%|#5               | 1/11 [00:00<00:05,  1.86step/s, absorbed=0, phase=light, replay=18]
[Epoch 014] Sleep:  18%|####9                      | 2/11 [00:01<00:08,  1.00step/s, leaf=root_L, phase=split]
[Epoch 014] Sleep:  27%|#######3                   | 3/11 [00:09<00:25,  3.24s/step, leaf=root_L, phase=split]
[Epoch 014] Sleep:  27%|######2                | 3/11 [00:09<00:25,  3.24s/step, leaf=root_R_L_L, phase=split]
[Epoch 014] Sleep:  36%|########3              | 4/11 [00:42<01:19, 11.29s/step, leaf=root_R_L_L, phase=split]
[Epoch 014] Sleep:  36%|#######6             | 4/11 [00:42<01:19, 11.29s/step, leaf=root_R_L_R_L, phase=split]
[Epoch 014] Sleep:  45%|#########5           | 5/11 [00:42<01:07, 11.29s/step, leaf=root_R_L_R_R, phase=split]
[Epoch 014] Sleep:  55%|############5          | 6/11 [00:42<00:56, 11.29s/step, leaf=root_R_R_L, phase=split]
[Epoch 014] Sleep:  64%|##############6        | 7/11 [01:01<00:35,  8.89s/step, leaf=root_R_R_L, phase=split]
[Epoch 014] Sleep:  64%|#############3       | 7/11 [01:01<00:35,  8.89s/step, leaf=root_R_R_R_L, phase=split]
[Epoch 014] Sleep:  73%|###############2     | 8/11 [01:01<00:26,  8.89s/step, leaf=root_R_R_R_R, phase=split]
[Epoch 014] Sleep:  82%|###########4  | 9/11 [01:01<00:17,  8.89s/step, actions=0, phase=deep, pressure=1.000]
[Epoch 014] Sleep: 100%|#############| 11/11 [01:01<00:00,  5.59s/step, actions=0, phase=deep, pressure=1.000]
[MemoryTree][014/030] wake/event=2.519800 sleep_residual=0.000626 writes=66 memorize=63 queue_split=6 wake_actions=A44584/R19347/M63/Q6 novelty=0.1057 weighted_sim=0.7887 wm_grad_max=4.282e+00 global/event=2.523240 mix_diag=2.5720 global_steps=25 prior_KL=1.169e-02 seq_H_cond=0.2474 seq_H_marg=0.6333 seq_MI=3.860e-01 post_KL_diag=1.998e-01 branch_distill=3.764e-01 probe=1.480e-01/0.201/-0.144/0.021 frontier=3.97/6.95/2.97 enc_gate=0.219 enc_scale=0.011 teacher_conf=0.216 teacher_JS=1.258e-01 max_mass=0.2476 owner_hard=[0, 321, 0, 0, 0, 3, 223, 6, 247, 0, 0, 0, 0] mem_assign=[113, 15322, 35, 420, 476, 7231, 16506, 9302, 14595, 0, 0, 0, 0] prune=on leaves=7 sleep_mode=deep light_absorb=0 deep_pressure=1.000 merge=0/0 merge_keep=0.000 merge_lambda=0.000e+00 mem_prune=57/57/178 mem_keep=0.682 mem_lambda=0.000e+00 time=W40.2/G17.9/S61.4s cache=0/800 cuda_peak=5330MiB sleep_actions=[]

[Epoch 015] Wake:   0%|                                                              | 0/800 [00:00<?, ?seq/s]
[Epoch 015] Wake:   0%|                    | 1/800 [00:02<36:24,  2.73s/seq, events=80, loss=2.4620, writes=0]
[Epoch 015] Wake:   8%|#3               | 65/800 [00:05<00:59, 12.41seq/s, events=5200, loss=2.5152, writes=0]
[Epoch 015] Wake:  16%|##4            | 129/800 [00:08<00:41, 16.30seq/s, events=10320, loss=2.5699, writes=0]
[Epoch 015] Wake:  24%|###6           | 193/800 [00:11<00:33, 18.27seq/s, events=15440, loss=2.5337, writes=1]
[Epoch 015] Wake:  32%|####8          | 257/800 [00:14<00:28, 19.15seq/s, events=20560, loss=2.5055, writes=1]
[Epoch 015] Wake:  40%|######         | 321/800 [00:16<00:24, 19.88seq/s, events=25680, loss=2.4943, writes=4]
[Epoch 015] Wake:  48%|#######2       | 385/800 [00:19<00:20, 20.29seq/s, events=30800, loss=2.4958, writes=5]
[Epoch 015] Wake:  56%|########4      | 449/800 [00:22<00:16, 20.77seq/s, events=35920, loss=2.4997, writes=7]
[Epoch 015] Wake:  64%|#########6     | 513/800 [00:25<00:13, 21.03seq/s, events=41040, loss=2.4988, writes=7]
[Epoch 015] Wake:  72%|##########8    | 577/800 [00:28<00:10, 21.25seq/s, events=46160, loss=2.5083, writes=8]
[Epoch 015] Wake:  80%|############   | 641/800 [00:31<00:07, 21.42seq/s, events=51280, loss=2.5066, writes=9]
[Epoch 015] Wake:  88%|############3 | 705/800 [00:34<00:04, 21.51seq/s, events=56400, loss=2.5024, writes=10]
[Epoch 015] Wake:  96%|#############4| 769/800 [00:36<00:01, 21.78seq/s, events=61520, loss=2.4991, writes=11]
[Epoch 015] Wake: 100%|##############| 800/800 [00:36<00:00, 21.78seq/s, events=64000, loss=2.5089, writes=12]

[Epoch 015] Global:   0%|                                                       | 0/800 [00:00<?, ?seq-pass/s]
[Epoch 015] Global:  12%|##5                  | 96/800 [00:02<00:14, 46.95seq-pass/s, batch=3/25, phase=train]
[Epoch 015] Global:  24%|####8               | 192/800 [00:04<00:13, 45.37seq-pass/s, batch=6/25, phase=train]
[Epoch 015] Global:  36%|#######2            | 288/800 [00:06<00:11, 44.80seq-pass/s, batch=9/25, phase=train]
[Epoch 015] Global:  48%|#########1         | 384/800 [00:08<00:09, 44.54seq-pass/s, batch=12/25, phase=train]
[Epoch 015] Global:  60%|###########4       | 480/800 [00:10<00:07, 44.39seq-pass/s, batch=15/25, phase=train]
[Epoch 015] Global:  72%|#############6     | 576/800 [00:12<00:05, 44.31seq-pass/s, batch=18/25, phase=train]
[Epoch 015] Global:  84%|###############9   | 672/800 [00:15<00:02, 44.41seq-pass/s, batch=21/25, phase=train]
[Epoch 015] Global:  96%|##################2| 768/800 [00:17<00:00, 44.37seq-pass/s, batch=24/25, phase=train]
[Epoch 015] Global: 100%|###################| 800/800 [00:18<00:00, 44.05seq-pass/s, batch=25/25, phase=train]

[Epoch 015] Sleep:   0%|                                                             | 0/11 [00:00<?, ?step/s]
[Epoch 015] Sleep:   9%|#5               | 1/11 [00:00<00:04,  2.05step/s, absorbed=0, phase=light, replay=18]
[Epoch 015] Sleep:  18%|####9                      | 2/11 [00:01<00:07,  1.16step/s, leaf=root_L, phase=split]
[Epoch 015] Sleep:  27%|#######3                   | 3/11 [00:08<00:23,  2.93s/step, leaf=root_L, phase=split]
[Epoch 015] Sleep:  27%|######2                | 3/11 [00:08<00:23,  2.93s/step, leaf=root_R_L_L, phase=split]
[Epoch 015] Sleep:  36%|########3              | 4/11 [00:26<00:47,  6.81s/step, leaf=root_R_L_L, phase=split]
[Epoch 015] Sleep:  36%|#######6             | 4/11 [00:26<00:47,  6.81s/step, leaf=root_R_L_R_L, phase=split]
[Epoch 015] Sleep:  45%|#########5           | 5/11 [00:26<00:40,  6.81s/step, leaf=root_R_L_R_R, phase=split]
[Epoch 015] Sleep:  55%|############5          | 6/11 [00:26<00:34,  6.81s/step, leaf=root_R_R_L, phase=split]
[Epoch 015] Sleep:  64%|##############6        | 7/11 [00:41<00:24,  6.02s/step, leaf=root_R_R_L, phase=split]
[Epoch 015] Sleep:  64%|#############3       | 7/11 [00:41<00:24,  6.02s/step, leaf=root_R_R_R_L, phase=split]
[Epoch 015] Sleep:  73%|###############2     | 8/11 [00:41<00:18,  6.02s/step, leaf=root_R_R_R_R, phase=split]
[Epoch 015] Sleep:  82%|###########4  | 9/11 [00:41<00:12,  6.02s/step, actions=0, phase=deep, pressure=1.000]
[Epoch 015] Sleep: 100%|#############| 11/11 [00:41<00:00,  3.77s/step, actions=0, phase=deep, pressure=1.000]
[MemoryTree][015/030] wake/event=2.508869 sleep_residual=0.000571 writes=12 memorize=10 queue_split=2 wake_actions=A44604/R19384/M10/Q2 novelty=0.1290 weighted_sim=0.7420 wm_grad_max=4.673e+00 global/event=2.516755 mix_diag=2.5713 global_steps=25 prior_KL=1.057e-02 seq_H_cond=0.2464 seq_H_marg=0.6329 seq_MI=3.865e-01 post_KL_diag=1.995e-01 branch_distill=3.724e-01 probe=1.580e-01/0.202/-0.143/0.021 frontier=3.98/6.95/2.98 enc_gate=0.228 enc_scale=0.011 teacher_conf=0.217 teacher_JS=1.261e-01 max_mass=0.2327 owner_hard=[0, 266, 0, 0, 0, 7, 235, 3, 289, 0, 0, 0, 0] mem_assign=[117, 14524, 22, 486, 168, 7976, 16297, 9224, 15186, 0, 0, 0, 0] prune=on leaves=7 sleep_mode=deep light_absorb=0 deep_pressure=1.000 merge=0/0 merge_keep=0.000 merge_lambda=0.000e+00 mem_prune=44/44/133 mem_keep=0.667 mem_lambda=0.000e+00 time=W36.7/G18.2/S41.5s cache=0/800 cuda_peak=5330MiB sleep_actions=[]

[Epoch 016] Wake:   0%|                                                              | 0/800 [00:00<?, ?seq/s]
[Epoch 016] Wake:   0%|                  | 1/800 [00:07<1:45:08,  7.90s/seq, events=80, loss=4.0192, writes=1]
[Epoch 016] Wake:   8%|#3              | 65/800 [00:10<01:55,  6.38seq/s, events=5200, loss=2.5106, writes=93]
[Epoch 016] Wake:  16%|##2           | 129/800 [00:14<01:07, 10.01seq/s, events=10320, loss=2.4837, writes=97]
[Epoch 016] Wake:  24%|###1         | 193/800 [00:17<00:50, 12.01seq/s, events=15440, loss=2.5337, writes=101]
[Epoch 016] Wake:  32%|####1        | 257/800 [00:20<00:39, 13.63seq/s, events=20560, loss=2.5112, writes=111]
[Epoch 016] Wake:  40%|#####2       | 321/800 [00:23<00:32, 14.88seq/s, events=25680, loss=2.5376, writes=116]
[Epoch 016] Wake:  48%|######2      | 385/800 [00:27<00:26, 15.66seq/s, events=30800, loss=2.5386, writes=120]
[Epoch 016] Wake:  56%|#######2     | 449/800 [00:30<00:21, 16.48seq/s, events=35920, loss=2.5312, writes=127]
[Epoch 016] Wake:  64%|########3    | 513/800 [00:33<00:16, 17.11seq/s, events=41040, loss=2.5324, writes=130]
[Epoch 016] Wake:  72%|#########3   | 577/800 [00:36<00:12, 17.36seq/s, events=46160, loss=2.5142, writes=134]
[Epoch 016] Wake:  80%|##########4  | 641/800 [00:39<00:08, 17.71seq/s, events=51280, loss=2.5087, writes=143]
[Epoch 016] Wake:  88%|###########4 | 705/800 [00:42<00:05, 18.10seq/s, events=56400, loss=2.5024, writes=149]
[Epoch 016] Wake:  96%|############4| 769/800 [00:45<00:01, 18.59seq/s, events=61520, loss=2.5063, writes=153]
[Epoch 016] Wake: 100%|#############| 800/800 [00:45<00:00, 17.50seq/s, events=64000, loss=2.5052, writes=156]

[Epoch 016] Global:   0%|                                                       | 0/800 [00:00<?, ?seq-pass/s]
[Epoch 016] Global:  12%|##5                  | 96/800 [00:02<00:14, 47.61seq-pass/s, batch=3/25, phase=train]
[Epoch 016] Global:  24%|####8               | 192/800 [00:04<00:13, 45.97seq-pass/s, batch=6/25, phase=train]
[Epoch 016] Global:  36%|#######2            | 288/800 [00:06<00:11, 45.49seq-pass/s, batch=9/25, phase=train]
[Epoch 016] Global:  48%|#########1         | 384/800 [00:08<00:09, 45.41seq-pass/s, batch=12/25, phase=train]
[Epoch 016] Global:  60%|###########4       | 480/800 [00:10<00:07, 45.10seq-pass/s, batch=15/25, phase=train]
[Epoch 016] Global:  72%|#############6     | 576/800 [00:12<00:04, 44.92seq-pass/s, batch=18/25, phase=train]
[Epoch 016] Global:  84%|###############9   | 672/800 [00:14<00:02, 44.88seq-pass/s, batch=21/25, phase=train]
[Epoch 016] Global:  96%|##################2| 768/800 [00:17<00:00, 44.73seq-pass/s, batch=24/25, phase=train]
[Epoch 016] Global: 100%|###################| 800/800 [00:17<00:00, 44.48seq-pass/s, batch=25/25, phase=train]

[Epoch 016] Sleep:   0%|                                                             | 0/11 [00:00<?, ?step/s]
[Epoch 016] Sleep:   9%|#5               | 1/11 [00:00<00:06,  1.58step/s, absorbed=0, phase=light, replay=18]
[Epoch 016] Sleep:  18%|####9                      | 2/11 [00:02<00:11,  1.22s/step, leaf=root_L, phase=split]
[Epoch 016] Sleep:  27%|#######3                   | 3/11 [00:58<02:36, 19.58s/step, leaf=root_L, phase=split]
[Epoch 016] Sleep:  27%|######2                | 3/11 [00:58<02:36, 19.58s/step, leaf=root_R_L_L, phase=split]
[Epoch 016] Sleep:  36%|########3              | 4/11 [01:17<02:15, 19.36s/step, leaf=root_R_L_L, phase=split]
[Epoch 016] Sleep:  36%|#######6             | 4/11 [01:17<02:15, 19.36s/step, leaf=root_R_L_R_L, phase=split]
[Epoch 016] Sleep:  45%|#########5           | 5/11 [01:17<01:56, 19.36s/step, leaf=root_R_L_R_R, phase=split]
[Epoch 016] Sleep:  55%|############5          | 6/11 [01:17<01:36, 19.36s/step, leaf=root_R_R_L, phase=split]
[Epoch 016] Sleep:  64%|##############6        | 7/11 [01:38<00:53, 13.46s/step, leaf=root_R_R_L, phase=split]
[Epoch 016] Sleep:  64%|#############3       | 7/11 [01:38<00:53, 13.46s/step, leaf=root_R_R_R_L, phase=split]
[Epoch 016] Sleep:  73%|###############2     | 8/11 [01:38<00:40, 13.46s/step, leaf=root_R_R_R_R, phase=split]
[Epoch 016] Sleep:  82%|###########4  | 9/11 [01:38<00:26, 13.46s/step, actions=0, phase=deep, pressure=1.000]
[Epoch 016] Sleep: 100%|#############| 11/11 [01:38<00:00,  8.93s/step, actions=0, phase=deep, pressure=1.000]
[MemoryTree][016/030] wake/event=2.505228 sleep_residual=0.000609 writes=156 memorize=165 queue_split=2 wake_actions=A44552/R19281/M165/Q2 novelty=0.1102 weighted_sim=0.7796 wm_grad_max=4.134e+00 global/event=2.508337 mix_diag=2.5650 global_steps=25 prior_KL=1.039e-02 seq_H_cond=0.2459 seq_H_marg=0.6337 seq_MI=3.878e-01 post_KL_diag=2.007e-01 branch_distill=3.697e-01 probe=1.547e-01/0.200/-0.144/0.020 frontier=3.98/6.95/2.98 enc_gate=0.242 enc_scale=0.011 teacher_conf=0.229 teacher_JS=1.256e-01 max_mass=0.2350 owner_hard=[0, 255, 0, 0, 0, 1, 273, 2, 269, 0, 0, 0, 0] mem_assign=[126, 14691, 21, 352, 232, 6523, 17349, 9102, 15604, 0, 0, 0, 0] prune=on leaves=7 sleep_mode=deep light_absorb=0 deep_pressure=1.000 merge=0/0 merge_keep=0.000 merge_lambda=0.000e+00 mem_prune=100/100/246 mem_keep=0.594 mem_lambda=0.000e+00 time=W45.7/G18.0/S98.3s cache=0/800 cuda_peak=5332MiB sleep_actions=[]

[Epoch 017] Wake:   0%|                                                              | 0/800 [00:00<?, ?seq/s]
[Epoch 017] Wake:   0%|                    | 1/800 [00:03<41:54,  3.15s/seq, events=80, loss=2.9138, writes=0]
[Epoch 017] Wake:   8%|#3               | 65/800 [00:06<01:07, 10.82seq/s, events=5200, loss=2.5512, writes=4]
[Epoch 017] Wake:  16%|##4            | 129/800 [00:09<00:46, 14.50seq/s, events=10320, loss=2.5326, writes=9]
[Epoch 017] Wake:  24%|###3          | 193/800 [00:12<00:37, 16.32seq/s, events=15440, loss=2.5349, writes=12]
[Epoch 017] Wake:  32%|####4         | 257/800 [00:15<00:30, 17.54seq/s, events=20560, loss=2.5434, writes=16]
[Epoch 017] Wake:  40%|#####6        | 321/800 [00:18<00:26, 18.26seq/s, events=25680, loss=2.5265, writes=19]
[Epoch 017] Wake:  48%|######7       | 385/800 [00:21<00:22, 18.80seq/s, events=30800, loss=2.5033, writes=23]
[Epoch 017] Wake:  56%|#######8      | 449/800 [00:24<00:18, 19.31seq/s, events=35920, loss=2.5241, writes=27]
[Epoch 017] Wake:  64%|########9     | 513/800 [00:27<00:14, 19.33seq/s, events=41040, loss=2.5215, writes=29]
[Epoch 017] Wake:  72%|##########    | 577/800 [00:31<00:11, 19.35seq/s, events=46160, loss=2.5103, writes=37]
[Epoch 017] Wake:  80%|###########2  | 641/800 [00:34<00:08, 19.39seq/s, events=51280, loss=2.5090, writes=45]
[Epoch 017] Wake:  88%|############3 | 705/800 [00:37<00:04, 19.67seq/s, events=56400, loss=2.4920, writes=52]
[Epoch 017] Wake:  96%|#############4| 769/800 [00:40<00:01, 19.94seq/s, events=61520, loss=2.4920, writes=55]
[Epoch 017] Wake: 100%|##############| 800/800 [00:40<00:00, 19.90seq/s, events=64000, loss=2.4963, writes=59]

[Epoch 017] Global:   0%|                                                       | 0/800 [00:00<?, ?seq-pass/s]
[Epoch 017] Global:  12%|##5                  | 96/800 [00:02<00:14, 47.39seq-pass/s, batch=3/25, phase=train]
[Epoch 017] Global:  24%|####8               | 192/800 [00:04<00:13, 45.73seq-pass/s, batch=6/25, phase=train]
[Epoch 017] Global:  36%|#######2            | 288/800 [00:06<00:11, 45.22seq-pass/s, batch=9/25, phase=train]
[Epoch 017] Global:  48%|#########1         | 384/800 [00:08<00:09, 44.95seq-pass/s, batch=12/25, phase=train]
[Epoch 017] Global:  60%|###########4       | 480/800 [00:10<00:07, 44.83seq-pass/s, batch=15/25, phase=train]
[Epoch 017] Global:  72%|#############6     | 576/800 [00:12<00:05, 44.73seq-pass/s, batch=18/25, phase=train]
[Epoch 017] Global:  84%|###############9   | 672/800 [00:15<00:02, 44.66seq-pass/s, batch=21/25, phase=train]
[Epoch 017] Global:  96%|##################2| 768/800 [00:17<00:00, 44.80seq-pass/s, batch=24/25, phase=train]
[Epoch 017] Global: 100%|###################| 800/800 [00:17<00:00, 44.49seq-pass/s, batch=25/25, phase=train]

[Epoch 017] Sleep:   0%|                                                             | 0/11 [00:00<?, ?step/s]
[Epoch 017] Sleep:   9%|#5               | 1/11 [00:00<00:05,  1.95step/s, absorbed=0, phase=light, replay=18]
[Epoch 017] Sleep:  18%|####9                      | 2/11 [00:02<00:09,  1.06s/step, leaf=root_L, phase=split]
[Epoch 017] Sleep:  27%|#######3                   | 3/11 [00:13<00:36,  4.60s/step, leaf=root_L, phase=split]
[Epoch 017] Sleep:  27%|######2                | 3/11 [00:13<00:36,  4.60s/step, leaf=root_R_L_L, phase=split]
[Epoch 017] Sleep:  36%|########3              | 4/11 [00:30<00:54,  7.80s/step, leaf=root_R_L_L, phase=split]
[Epoch 017] Sleep:  36%|#######6             | 4/11 [00:30<00:54,  7.80s/step, leaf=root_R_L_R_L, phase=split]
[Epoch 017] Sleep:  45%|#########5           | 5/11 [00:30<00:46,  7.80s/step, leaf=root_R_L_R_R, phase=split]
[Epoch 017] Sleep:  55%|############5          | 6/11 [00:30<00:39,  7.80s/step, leaf=root_R_R_L, phase=split]
[Epoch 017] Sleep:  64%|##############6        | 7/11 [00:50<00:29,  7.34s/step, leaf=root_R_R_L, phase=split]
[Epoch 017] Sleep:  64%|#############3       | 7/11 [00:50<00:29,  7.34s/step, leaf=root_R_R_R_L, phase=split]
[Epoch 017] Sleep:  73%|###############2     | 8/11 [00:50<00:22,  7.34s/step, leaf=root_R_R_R_R, phase=split]
[Epoch 017] Sleep:  82%|###########4  | 9/11 [00:50<00:14,  7.34s/step, actions=0, phase=deep, pressure=1.000]
[Epoch 017] Sleep: 100%|#############| 11/11 [00:50<00:00,  4.62s/step, actions=0, phase=deep, pressure=1.000]
[MemoryTree][017/030] wake/event=2.496290 sleep_residual=0.000590 writes=59 memorize=67 queue_split=0 wake_actions=A44481/R19452/M67/Q0 novelty=0.0939 weighted_sim=0.8122 wm_grad_max=4.241e+00 global/event=2.502936 mix_diag=2.5560 global_steps=25 prior_KL=9.413e-03 seq_H_cond=0.2449 seq_H_marg=0.6337 seq_MI=3.888e-01 post_KL_diag=2.026e-01 branch_distill=3.683e-01 probe=1.349e-01/0.199/-0.144/0.020 frontier=3.97/6.95/2.97 enc_gate=0.241 enc_scale=0.012 teacher_conf=0.238 teacher_JS=1.244e-01 max_mass=0.2430 owner_hard=[0, 269, 0, 0, 0, 2, 281, 2, 246, 0, 0, 0, 0] mem_assign=[101, 15019, 29, 669, 331, 6855, 17030, 8889, 15077, 0, 0, 0, 0] prune=on leaves=7 sleep_mode=deep light_absorb=0 deep_pressure=1.000 merge=0/0 merge_keep=0.000 merge_lambda=0.000e+00 mem_prune=76/76/205 mem_keep=0.630 mem_lambda=0.000e+00 time=W40.2/G18.0/S50.8s cache=0/800 cuda_peak=5330MiB sleep_actions=[]

[Epoch 018] Wake:   0%|                                                              | 0/800 [00:00<?, ?seq/s]
[Epoch 018] Wake:   0%|                    | 1/800 [00:03<41:21,  3.11s/seq, events=80, loss=2.0858, writes=0]
[Epoch 018] Wake:   8%|#3               | 65/800 [00:05<01:03, 11.67seq/s, events=5200, loss=2.4976, writes=5]
[Epoch 018] Wake:  16%|##4            | 129/800 [00:08<00:43, 15.36seq/s, events=10320, loss=2.4791, writes=5]
[Epoch 018] Wake:  24%|###6           | 193/800 [00:11<00:35, 16.91seq/s, events=15440, loss=2.4350, writes=8]
[Epoch 018] Wake:  32%|####4         | 257/800 [00:14<00:29, 18.38seq/s, events=20560, loss=2.4249, writes=13]
[Epoch 018] Wake:  40%|#####6        | 321/800 [00:17<00:24, 19.28seq/s, events=25680, loss=2.4716, writes=13]
[Epoch 018] Wake:  48%|######7       | 385/800 [00:20<00:21, 19.74seq/s, events=30800, loss=2.4749, writes=15]
[Epoch 018] Wake:  56%|#######8      | 449/800 [00:23<00:17, 20.23seq/s, events=35920, loss=2.5018, writes=17]
[Epoch 018] Wake:  64%|########9     | 513/800 [00:26<00:13, 20.66seq/s, events=41040, loss=2.5089, writes=18]
[Epoch 018] Wake:  72%|##########    | 577/800 [00:28<00:10, 21.06seq/s, events=46160, loss=2.4864, writes=19]
[Epoch 018] Wake:  80%|###########2  | 641/800 [00:31<00:07, 21.34seq/s, events=51280, loss=2.5007, writes=19]
[Epoch 018] Wake:  88%|############3 | 705/800 [00:34<00:04, 21.54seq/s, events=56400, loss=2.4980, writes=19]
[Epoch 018] Wake:  96%|#############4| 769/800 [00:37<00:01, 21.87seq/s, events=61520, loss=2.5034, writes=20]
[Epoch 018] Wake: 100%|##############| 800/800 [00:37<00:00, 21.58seq/s, events=64000, loss=2.4969, writes=20]

[Epoch 018] Global:   0%|                                                       | 0/800 [00:00<?, ?seq-pass/s]
[Epoch 018] Global:  12%|##5                  | 96/800 [00:02<00:14, 47.46seq-pass/s, batch=3/25, phase=train]
[Epoch 018] Global:  24%|####8               | 192/800 [00:04<00:13, 45.69seq-pass/s, batch=6/25, phase=train]
[Epoch 018] Global:  36%|#######2            | 288/800 [00:06<00:11, 45.23seq-pass/s, batch=9/25, phase=train]
[Epoch 018] Global:  48%|#########1         | 384/800 [00:08<00:09, 44.93seq-pass/s, batch=12/25, phase=train]
[Epoch 018] Global:  60%|###########4       | 480/800 [00:10<00:07, 44.79seq-pass/s, batch=15/25, phase=train]
[Epoch 018] Global:  72%|#############6     | 576/800 [00:12<00:05, 44.70seq-pass/s, batch=18/25, phase=train]
[Epoch 018] Global:  84%|###############9   | 672/800 [00:15<00:02, 44.65seq-pass/s, batch=21/25, phase=train]
[Epoch 018] Global:  96%|##################2| 768/800 [00:17<00:00, 44.59seq-pass/s, batch=24/25, phase=train]
[Epoch 018] Global: 100%|###################| 800/800 [00:18<00:00, 44.30seq-pass/s, batch=25/25, phase=train]

[Epoch 018] Sleep:   0%|                                                             | 0/11 [00:00<?, ?step/s]
[Epoch 018] Sleep:   9%|#5               | 1/11 [00:00<00:05,  1.98step/s, absorbed=3, phase=light, replay=18]
[Epoch 018] Sleep:  18%|####9                      | 2/11 [00:01<00:08,  1.09step/s, leaf=root_L, phase=split]
[Epoch 018] Sleep:  27%|#######3                   | 3/11 [00:10<00:27,  3.38s/step, leaf=root_L, phase=split]
[Epoch 018] Sleep:  27%|######2                | 3/11 [00:10<00:27,  3.38s/step, leaf=root_R_L_L, phase=split]
[Epoch 018] Sleep:  36%|########3              | 4/11 [00:21<00:38,  5.44s/step, leaf=root_R_L_L, phase=split]
[Epoch 018] Sleep:  36%|#######6             | 4/11 [00:21<00:38,  5.44s/step, leaf=root_R_L_R_L, phase=split]
[Epoch 018] Sleep:  45%|#########5           | 5/11 [00:21<00:32,  5.44s/step, leaf=root_R_L_R_R, phase=split]
[Epoch 018] Sleep:  55%|############5          | 6/11 [00:21<00:27,  5.44s/step, leaf=root_R_R_L, phase=split]
[Epoch 018] Sleep:  64%|##############6        | 7/11 [00:38<00:22,  5.58s/step, leaf=root_R_R_L, phase=split]
[Epoch 018] Sleep:  64%|#############3       | 7/11 [00:38<00:22,  5.58s/step, leaf=root_R_R_R_L, phase=split]
[Epoch 018] Sleep:  73%|###############2     | 8/11 [00:38<00:16,  5.58s/step, leaf=root_R_R_R_R, phase=split]
[Epoch 018] Sleep:  82%|###########4  | 9/11 [00:38<00:11,  5.58s/step, actions=0, phase=deep, pressure=1.000]
[Epoch 018] Sleep: 100%|#############| 11/11 [00:38<00:00,  3.49s/step, actions=0, phase=deep, pressure=1.000]
[MemoryTree][018/030] wake/event=2.496944 sleep_residual=0.000627 writes=20 memorize=22 queue_split=0 wake_actions=A44494/R19484/M22/Q0 novelty=0.0932 weighted_sim=0.8136 wm_grad_max=4.473e+00 global/event=2.497470 mix_diag=2.5486 global_steps=25 prior_KL=1.018e-02 seq_H_cond=0.2415 seq_H_marg=0.6325 seq_MI=3.910e-01 post_KL_diag=1.927e-01 branch_distill=3.654e-01 probe=1.514e-01/0.199/-0.145/0.020 frontier=3.97/6.95/2.97 enc_gate=0.247 enc_scale=0.012 teacher_conf=0.240 teacher_JS=1.244e-01 max_mass=0.2551 owner_hard=[0, 290, 0, 0, 0, 4, 288, 1, 217, 0, 0, 0, 0] mem_assign=[102, 15913, 23, 476, 263, 6361, 17371, 8216, 15275, 0, 0, 0, 0] prune=on leaves=7 sleep_mode=deep light_absorb=3 deep_pressure=1.000 merge=0/0 merge_keep=0.000 merge_lambda=0.000e+00 mem_prune=52/52/149 mem_keep=0.654 mem_lambda=0.000e+00 time=W37.1/G18.1/S38.4s cache=0/800 cuda_peak=5330MiB sleep_actions=[]

[Epoch 019] Wake:   0%|                                                              | 0/800 [00:00<?, ?seq/s]
[Epoch 019] Wake:   0%|                  | 1/800 [00:06<1:20:21,  6.03s/seq, events=80, loss=3.2023, writes=1]
[Epoch 019] Wake:   8%|#3              | 65/800 [00:08<01:34,  7.78seq/s, events=5200, loss=2.4796, writes=65]
[Epoch 019] Wake:  16%|##2           | 129/800 [00:11<00:56, 11.92seq/s, events=10320, loss=2.5005, writes=67]
[Epoch 019] Wake:  24%|###3          | 193/800 [00:14<00:43, 14.11seq/s, events=15440, loss=2.4946, writes=68]
[Epoch 019] Wake:  32%|####4         | 257/800 [00:17<00:33, 16.01seq/s, events=20560, loss=2.4749, writes=74]
[Epoch 019] Wake:  40%|#####6        | 321/800 [00:20<00:27, 17.17seq/s, events=25680, loss=2.4856, writes=74]
[Epoch 019] Wake:  48%|######7       | 385/800 [00:23<00:23, 17.98seq/s, events=30800, loss=2.4951, writes=77]
[Epoch 019] Wake:  56%|#######8      | 449/800 [00:26<00:18, 18.49seq/s, events=35920, loss=2.4837, writes=80]
[Epoch 019] Wake:  64%|########9     | 513/800 [00:29<00:15, 19.00seq/s, events=41040, loss=2.4674, writes=85]
[Epoch 019] Wake:  72%|##########    | 577/800 [00:32<00:11, 19.56seq/s, events=46160, loss=2.4742, writes=88]
[Epoch 019] Wake:  80%|###########2  | 641/800 [00:34<00:07, 20.02seq/s, events=51280, loss=2.4755, writes=89]
[Epoch 019] Wake:  88%|############3 | 705/800 [00:37<00:04, 20.27seq/s, events=56400, loss=2.4788, writes=90]
[Epoch 019] Wake:  96%|#############4| 769/800 [00:40<00:01, 20.59seq/s, events=61520, loss=2.4836, writes=93]
[Epoch 019] Wake: 100%|##############| 800/800 [00:40<00:00, 19.71seq/s, events=64000, loss=2.4894, writes=95]

[Epoch 019] Global:   0%|                                                       | 0/800 [00:00<?, ?seq-pass/s]
[Epoch 019] Global:  12%|##5                  | 96/800 [00:02<00:14, 47.07seq-pass/s, batch=3/25, phase=train]
[Epoch 019] Global:  24%|####8               | 192/800 [00:04<00:13, 46.33seq-pass/s, batch=6/25, phase=train]
[Epoch 019] Global:  36%|#######2            | 288/800 [00:06<00:11, 45.58seq-pass/s, batch=9/25, phase=train]
[Epoch 019] Global:  48%|#########1         | 384/800 [00:08<00:09, 45.22seq-pass/s, batch=12/25, phase=train]
[Epoch 019] Global:  60%|###########4       | 480/800 [00:10<00:07, 45.00seq-pass/s, batch=15/25, phase=train]
[Epoch 019] Global:  72%|#############6     | 576/800 [00:12<00:04, 44.86seq-pass/s, batch=18/25, phase=train]
[Epoch 019] Global:  84%|###############9   | 672/800 [00:14<00:02, 44.76seq-pass/s, batch=21/25, phase=train]
[Epoch 019] Global:  96%|##################2| 768/800 [00:17<00:00, 44.67seq-pass/s, batch=24/25, phase=train]
[Epoch 019] Global: 100%|###################| 800/800 [00:18<00:00, 44.40seq-pass/s, batch=25/25, phase=train]

[Epoch 019] Sleep:   0%|                                                             | 0/11 [00:00<?, ?step/s]
[Epoch 019] Sleep:   9%|#5               | 1/11 [00:00<00:06,  1.66step/s, absorbed=2, phase=light, replay=18]
[Epoch 019] Sleep:  18%|####9                      | 2/11 [00:02<00:09,  1.06s/step, leaf=root_L, phase=split]
[Epoch 019] Sleep:  27%|#######3                   | 3/11 [00:51<02:17, 17.25s/step, leaf=root_L, phase=split]
[Epoch 019] Sleep:  27%|######2                | 3/11 [00:51<02:17, 17.25s/step, leaf=root_R_L_L, phase=split]
[Epoch 019] Sleep:  36%|########3              | 4/11 [01:02<01:47, 15.39s/step, leaf=root_R_L_L, phase=split]
[Epoch 019] Sleep:  36%|#######6             | 4/11 [01:02<01:47, 15.39s/step, leaf=root_R_L_R_L, phase=split]
[Epoch 019] Sleep:  45%|#########5           | 5/11 [01:02<01:32, 15.39s/step, leaf=root_R_L_R_R, phase=split]
[Epoch 019] Sleep:  55%|############5          | 6/11 [01:02<01:16, 15.39s/step, leaf=root_R_R_L, phase=split]
[Epoch 019] Sleep:  64%|##############6        | 7/11 [01:23<00:45, 11.46s/step, leaf=root_R_R_L, phase=split]
[Epoch 019] Sleep:  64%|#############3       | 7/11 [01:23<00:45, 11.46s/step, leaf=root_R_R_R_L, phase=split]
[Epoch 019] Sleep:  73%|###############2     | 8/11 [01:23<00:34, 11.46s/step, leaf=root_R_R_R_R, phase=split]
[Epoch 019] Sleep:  82%|###########4  | 9/11 [01:23<00:22, 11.46s/step, actions=0, phase=deep, pressure=1.000]
[Epoch 019] Sleep: 100%|#############| 11/11 [01:23<00:00,  7.58s/step, actions=0, phase=deep, pressure=1.000]
[MemoryTree][019/030] wake/event=2.489395 sleep_residual=0.000649 writes=95 memorize=87 queue_split=8 wake_actions=A44561/R19344/M87/Q8 novelty=0.1069 weighted_sim=0.7862 wm_grad_max=4.971e+00 global/event=2.492340 mix_diag=2.5469 global_steps=25 prior_KL=9.235e-03 seq_H_cond=0.2480 seq_H_marg=0.6320 seq_MI=3.839e-01 post_KL_diag=2.079e-01 branch_distill=3.627e-01 probe=1.401e-01/0.199/-0.145/0.020 frontier=3.97/6.95/2.97 enc_gate=0.262 enc_scale=0.013 teacher_conf=0.257 teacher_JS=1.222e-01 max_mass=0.2483 owner_hard=[0, 274, 0, 0, 0, 1, 270, 1, 254, 0, 0, 0, 0] mem_assign=[81, 15411, 45, 590, 299, 7082, 16909, 8260, 15323, 0, 0, 0, 0] prune=on leaves=7 sleep_mode=deep light_absorb=2 deep_pressure=1.000 merge=0/0 merge_keep=0.000 merge_lambda=0.000e+00 mem_prune=73/73/192 mem_keep=0.621 mem_lambda=0.000e+00 time=W40.6/G18.0/S83.4s cache=0/800 cuda_peak=5330MiB sleep_actions=[]

[Epoch 020] Wake:   0%|                                                              | 0/800 [00:00<?, ?seq/s]
[Epoch 020] Wake:   0%|                    | 1/800 [00:02<36:15,  2.72s/seq, events=80, loss=1.9213, writes=0]
[Epoch 020] Wake:   8%|#3               | 65/800 [00:05<00:59, 12.43seq/s, events=5200, loss=2.4546, writes=0]
[Epoch 020] Wake:  16%|##4            | 129/800 [00:08<00:40, 16.48seq/s, events=10320, loss=2.5042, writes=1]
[Epoch 020] Wake:  24%|###6           | 193/800 [00:11<00:33, 18.16seq/s, events=15440, loss=2.4730, writes=1]
[Epoch 020] Wake:  32%|####8          | 257/800 [00:13<00:27, 19.41seq/s, events=20560, loss=2.4714, writes=4]
[Epoch 020] Wake:  40%|######         | 321/800 [00:16<00:23, 20.29seq/s, events=25680, loss=2.4434, writes=4]
[Epoch 020] Wake:  48%|#######2       | 385/800 [00:19<00:19, 20.81seq/s, events=30800, loss=2.4516, writes=4]
[Epoch 020] Wake:  56%|########4      | 449/800 [00:22<00:16, 20.99seq/s, events=35920, loss=2.4509, writes=5]
[Epoch 020] Wake:  64%|#########6     | 513/800 [00:25<00:13, 21.41seq/s, events=41040, loss=2.4508, writes=8]
[Epoch 020] Wake:  72%|##########8    | 577/800 [00:27<00:10, 21.77seq/s, events=46160, loss=2.4590, writes=8]
[Epoch 020] Wake:  80%|############   | 641/800 [00:30<00:07, 22.05seq/s, events=51280, loss=2.4665, writes=8]
[Epoch 020] Wake:  88%|#############2 | 705/800 [00:33<00:04, 22.29seq/s, events=56400, loss=2.4840, writes=8]
[Epoch 020] Wake:  96%|##############4| 769/800 [00:35<00:01, 22.56seq/s, events=61520, loss=2.4886, writes=8]
[Epoch 020] Wake: 100%|###############| 800/800 [00:35<00:00, 22.40seq/s, events=64000, loss=2.4832, writes=8]

[Epoch 020] Global:   0%|                                                       | 0/800 [00:00<?, ?seq-pass/s]
[Epoch 020] Global:  12%|##5                  | 96/800 [00:02<00:14, 47.20seq-pass/s, batch=3/25, phase=train]
[Epoch 020] Global:  24%|####8               | 192/800 [00:04<00:13, 45.53seq-pass/s, batch=6/25, phase=train]
[Epoch 020] Global:  36%|#######2            | 288/800 [00:06<00:11, 45.06seq-pass/s, batch=9/25, phase=train]
[Epoch 020] Global:  48%|#########1         | 384/800 [00:08<00:09, 44.79seq-pass/s, batch=12/25, phase=train]
[Epoch 020] Global:  60%|###########4       | 480/800 [00:10<00:07, 44.58seq-pass/s, batch=15/25, phase=train]
[Epoch 020] Global:  72%|#############6     | 576/800 [00:12<00:05, 44.50seq-pass/s, batch=18/25, phase=train]
[Epoch 020] Global:  84%|###############9   | 672/800 [00:15<00:02, 44.44seq-pass/s, batch=21/25, phase=train]
[Epoch 020] Global:  96%|##################2| 768/800 [00:17<00:00, 44.41seq-pass/s, batch=24/25, phase=train]
[Epoch 020] Global: 100%|###################| 800/800 [00:18<00:00, 44.13seq-pass/s, batch=25/25, phase=train]

[Epoch 020] Sleep:   0%|                                                             | 0/11 [00:00<?, ?step/s]
[Epoch 020] Sleep:   9%|#5               | 1/11 [00:00<00:05,  1.98step/s, absorbed=0, phase=light, replay=18]
[Epoch 020] Sleep:  18%|####9                      | 2/11 [00:01<00:07,  1.16step/s, leaf=root_L, phase=split]
[Epoch 020] Sleep:  27%|#######3                   | 3/11 [00:21<00:58,  7.27s/step, leaf=root_L, phase=split]
[Epoch 020] Sleep:  27%|######2                | 3/11 [00:21<00:58,  7.27s/step, leaf=root_R_L_L, phase=split]
[Epoch 020] Sleep:  36%|########3              | 4/11 [00:30<00:53,  7.59s/step, leaf=root_R_L_L, phase=split]
[Epoch 020] Sleep:  36%|#######6             | 4/11 [00:30<00:53,  7.59s/step, leaf=root_R_L_R_L, phase=split]
[Epoch 020] Sleep:  45%|#########5           | 5/11 [00:30<00:45,  7.59s/step, leaf=root_R_L_R_R, phase=split]
[Epoch 020] Sleep:  55%|############5          | 6/11 [00:30<00:37,  7.59s/step, leaf=root_R_R_L, phase=split]
[Epoch 020] Sleep:  64%|##############6        | 7/11 [00:50<00:28,  7.16s/step, leaf=root_R_R_L, phase=split]
[Epoch 020] Sleep:  64%|#############3       | 7/11 [00:50<00:28,  7.16s/step, leaf=root_R_R_R_L, phase=split]
[Epoch 020] Sleep:  73%|###############2     | 8/11 [00:50<00:21,  7.16s/step, leaf=root_R_R_R_R, phase=split]
[Epoch 020] Sleep:  82%|###########4  | 9/11 [00:50<00:14,  7.16s/step, actions=0, phase=deep, pressure=1.000]
[Epoch 020] Sleep: 100%|#############| 11/11 [00:50<00:00,  4.58s/step, actions=0, phase=deep, pressure=1.000]
[MemoryTree][020/030] wake/event=2.483238 sleep_residual=0.000671 writes=8 memorize=9 queue_split=0 wake_actions=A44529/R19462/M9/Q0 novelty=0.1036 weighted_sim=0.7927 wm_grad_max=3.896e+00 global/event=2.483367 mix_diag=2.5312 global_steps=25 prior_KL=1.014e-02 seq_H_cond=0.2396 seq_H_marg=0.6334 seq_MI=3.938e-01 post_KL_diag=2.073e-01 branch_distill=3.675e-01 probe=1.443e-01/0.198/-0.146/0.020 frontier=3.97/6.95/2.97 enc_gate=0.259 enc_scale=0.013 teacher_conf=0.259 teacher_JS=1.238e-01 max_mass=0.2366 owner_hard=[0, 255, 0, 0, 0, 7, 324, 2, 212, 0, 0, 0, 0] mem_assign=[74, 14896, 24, 423, 450, 7221, 16963, 8641, 15308, 0, 0, 0, 0] prune=on leaves=7 sleep_mode=deep light_absorb=0 deep_pressure=1.000 merge=0/0 merge_keep=0.000 merge_lambda=0.000e+00 mem_prune=49/49/127 mem_keep=0.611 mem_lambda=0.000e+00 time=W35.7/G18.1/S50.4s cache=0/800 cuda_peak=5329MiB sleep_actions=[]

[Epoch 021] Wake:   0%|                                                              | 0/800 [00:00<?, ?seq/s]
[Epoch 021] Wake:   0%|                  | 1/800 [00:11<2:38:05, 11.87s/seq, events=80, loss=2.6603, writes=0]
[Epoch 021] Wake:   8%|#2             | 65/800 [00:27<04:59,  2.46seq/s, events=5200, loss=2.4007, writes=141]
[Epoch 021] Wake:  16%|##           | 129/800 [00:35<02:52,  3.88seq/s, events=10320, loss=2.4416, writes=335]
[Epoch 021] Wake:  24%|###1         | 193/800 [00:38<01:48,  5.60seq/s, events=15440, loss=2.4683, writes=409]
[Epoch 021] Wake:  32%|####1        | 257/800 [00:40<01:15,  7.20seq/s, events=20560, loss=2.4559, writes=409]
[Epoch 021] Wake:  40%|#####2       | 321/800 [00:43<00:55,  8.66seq/s, events=25680, loss=2.4577, writes=409]
[Epoch 021] Wake:  48%|######2      | 385/800 [00:46<00:41, 10.01seq/s, events=30800, loss=2.4748, writes=409]
[Epoch 021] Wake:  56%|#######2     | 449/800 [00:48<00:31, 11.24seq/s, events=35920, loss=2.4721, writes=409]
[Epoch 021] Wake:  64%|########3    | 513/800 [00:51<00:23, 12.38seq/s, events=41040, loss=2.4731, writes=409]
[Epoch 021] Wake:  72%|#########3   | 577/800 [00:54<00:16, 13.42seq/s, events=46160, loss=2.4698, writes=409]
[Epoch 021] Wake:  80%|##########4  | 641/800 [00:57<00:11, 14.37seq/s, events=51280, loss=2.4646, writes=409]
[Epoch 021] Wake:  88%|###########4 | 705/800 [00:59<00:06, 15.23seq/s, events=56400, loss=2.4630, writes=409]
[Epoch 021] Wake:  96%|############4| 769/800 [01:02<00:01, 16.03seq/s, events=61520, loss=2.4655, writes=409]
[Epoch 021] Wake: 100%|#############| 800/800 [01:02<00:00, 12.80seq/s, events=64000, loss=2.4708, writes=410]

[Epoch 021] Global:   0%|                                                       | 0/800 [00:00<?, ?seq-pass/s]
[Epoch 021] Global:  12%|##5                  | 96/800 [00:02<00:14, 47.11seq-pass/s, batch=3/25, phase=train]
[Epoch 021] Global:  24%|####8               | 192/800 [00:04<00:13, 45.41seq-pass/s, batch=6/25, phase=train]
[Epoch 021] Global:  36%|#######2            | 288/800 [00:06<00:11, 45.37seq-pass/s, batch=9/25, phase=train]
[Epoch 021] Global:  48%|#########1         | 384/800 [00:08<00:09, 45.00seq-pass/s, batch=12/25, phase=train]
[Epoch 021] Global:  60%|###########4       | 480/800 [00:10<00:07, 44.83seq-pass/s, batch=15/25, phase=train]
[Epoch 021] Global:  72%|#############6     | 576/800 [00:12<00:05, 44.73seq-pass/s, batch=18/25, phase=train]
[Epoch 021] Global:  84%|###############9   | 672/800 [00:15<00:02, 44.68seq-pass/s, batch=21/25, phase=train]
[Epoch 021] Global:  96%|##################2| 768/800 [00:17<00:00, 44.59seq-pass/s, batch=24/25, phase=train]
[Epoch 021] Global: 100%|###################| 800/800 [00:18<00:00, 44.31seq-pass/s, batch=25/25, phase=train]

[Epoch 021] Sleep:   0%|                                                             | 0/11 [00:00<?, ?step/s]
[Epoch 021] Sleep:   9%|#5               | 1/11 [00:00<00:04,  2.04step/s, absorbed=0, phase=light, replay=18]
[Epoch 021] Sleep:  18%|####9                      | 2/11 [00:02<00:09,  1.07s/step, leaf=root_L, phase=split]
[Epoch 021] Sleep:  27%|#######3                   | 3/11 [00:09<00:24,  3.09s/step, leaf=root_L, phase=split]
[Epoch 021] Sleep:  27%|######2                | 3/11 [00:09<00:24,  3.09s/step, leaf=root_R_L_L, phase=split]
[Epoch 021] Sleep:  36%|########3              | 4/11 [00:25<00:47,  6.76s/step, leaf=root_R_L_L, phase=split]
[Epoch 021] Sleep:  36%|#######6             | 4/11 [00:25<00:47,  6.76s/step, leaf=root_R_L_R_L, phase=split]
[Epoch 021] Sleep:  45%|#########5           | 5/11 [00:25<00:40,  6.76s/step, leaf=root_R_L_R_R, phase=split]
[Epoch 021] Sleep:  55%|############5          | 6/11 [00:25<00:33,  6.76s/step, leaf=root_R_R_L, phase=split]
[Epoch 021] Sleep:  64%|##############6        | 7/11 [00:41<00:24,  6.07s/step, leaf=root_R_R_L, phase=split]
[Epoch 021] Sleep:  64%|#############3       | 7/11 [00:41<00:24,  6.07s/step, leaf=root_R_R_R_L, phase=split]
[Epoch 021] Sleep:  73%|###############2     | 8/11 [00:41<00:18,  6.07s/step, leaf=root_R_R_R_R, phase=split]
[Epoch 021] Sleep:  82%|###########4  | 9/11 [00:41<00:12,  6.07s/step, actions=0, phase=deep, pressure=1.000]
[Epoch 021] Sleep: 100%|#############| 11/11 [00:41<00:00,  3.81s/step, actions=0, phase=deep, pressure=1.000]
[MemoryTree][021/030] wake/event=2.470849 sleep_residual=0.000654 writes=410 memorize=434 queue_split=29 wake_actions=A44511/R19026/M434/Q29 novelty=0.0978 weighted_sim=0.8045 wm_grad_max=3.889e+00 global/event=2.480793 mix_diag=2.5296 global_steps=25 prior_KL=9.675e-03 seq_H_cond=0.2390 seq_H_marg=0.6351 seq_MI=3.961e-01 post_KL_diag=2.090e-01 branch_distill=3.647e-01 probe=1.511e-01/0.197/-0.146/0.020 frontier=3.97/6.95/2.97 enc_gate=0.258 enc_scale=0.013 teacher_conf=0.260 teacher_JS=1.232e-01 max_mass=0.2424 owner_hard=[0, 266, 0, 0, 0, 5, 316, 2, 211, 0, 0, 0, 0] mem_assign=[93, 15009, 40, 480, 470, 7603, 16665, 8423, 15217, 0, 0, 0, 0] prune=on leaves=7 sleep_mode=deep light_absorb=0 deep_pressure=1.000 merge=0/0 merge_keep=0.000 merge_lambda=0.000e+00 mem_prune=78/78/220 mem_keep=0.648 mem_lambda=0.000e+00 time=W62.5/G18.1/S41.9s cache=0/800 cuda_peak=5330MiB sleep_actions=[]

[Epoch 022] Wake:   0%|                                                              | 0/800 [00:00<?, ?seq/s]
[Epoch 022] Wake:   0%|                  | 1/800 [00:14<3:07:22, 14.07s/seq, events=80, loss=2.6946, writes=0]
[Epoch 022] Wake:   8%|#2             | 65/800 [00:23<04:12,  2.91seq/s, events=5200, loss=2.6506, writes=171]
[Epoch 022] Wake:  16%|##           | 129/800 [00:26<02:05,  5.36seq/s, events=10320, loss=2.5600, writes=274]
[Epoch 022] Wake:  24%|###1         | 193/800 [00:29<01:21,  7.49seq/s, events=15440, loss=2.4725, writes=274]
[Epoch 022] Wake:  32%|####1        | 257/800 [00:31<00:58,  9.35seq/s, events=20560, loss=2.4842, writes=274]
[Epoch 022] Wake:  40%|#####2       | 321/800 [00:34<00:43, 10.93seq/s, events=25680, loss=2.4918, writes=274]
[Epoch 022] Wake:  48%|######2      | 385/800 [00:37<00:33, 12.31seq/s, events=30800, loss=2.4856, writes=275]
[Epoch 022] Wake:  56%|#######2     | 449/800 [00:40<00:25, 13.53seq/s, events=35920, loss=2.5016, writes=276]
[Epoch 022] Wake:  64%|########3    | 513/800 [00:42<00:19, 14.62seq/s, events=41040, loss=2.4945, writes=276]
[Epoch 022] Wake:  72%|#########3   | 577/800 [00:45<00:14, 15.54seq/s, events=46160, loss=2.4913, writes=276]
[Epoch 022] Wake:  80%|##########4  | 641/800 [00:48<00:09, 16.35seq/s, events=51280, loss=2.4784, writes=277]
[Epoch 022] Wake:  88%|###########4 | 705/800 [00:51<00:05, 17.09seq/s, events=56400, loss=2.4754, writes=278]
[Epoch 022] Wake:  96%|############4| 769/800 [00:53<00:01, 17.82seq/s, events=61520, loss=2.4656, writes=278]
[Epoch 022] Wake: 100%|#############| 800/800 [00:53<00:00, 14.86seq/s, events=64000, loss=2.4683, writes=278]

[Epoch 022] Global:   0%|                                                       | 0/800 [00:00<?, ?seq-pass/s]
[Epoch 022] Global:  12%|##5                  | 96/800 [00:02<00:14, 47.85seq-pass/s, batch=3/25, phase=train]
[Epoch 022] Global:  24%|####8               | 192/800 [00:04<00:13, 45.93seq-pass/s, batch=6/25, phase=train]
[Epoch 022] Global:  36%|#######2            | 288/800 [00:06<00:11, 45.32seq-pass/s, batch=9/25, phase=train]
[Epoch 022] Global:  48%|#########1         | 384/800 [00:08<00:09, 45.03seq-pass/s, batch=12/25, phase=train]
[Epoch 022] Global:  60%|###########4       | 480/800 [00:10<00:07, 44.86seq-pass/s, batch=15/25, phase=train]
[Epoch 022] Global:  72%|#############6     | 576/800 [00:12<00:05, 44.74seq-pass/s, batch=18/25, phase=train]
[Epoch 022] Global:  84%|###############9   | 672/800 [00:14<00:02, 44.67seq-pass/s, batch=21/25, phase=train]
[Epoch 022] Global:  96%|##################2| 768/800 [00:17<00:00, 44.61seq-pass/s, batch=24/25, phase=train]
[Epoch 022] Global: 100%|###################| 800/800 [00:18<00:00, 44.33seq-pass/s, batch=25/25, phase=train]

[Epoch 022] Sleep:   0%|                                                             | 0/11 [00:00<?, ?step/s]
[Epoch 022] Sleep:   9%|#5               | 1/11 [00:00<00:05,  1.80step/s, absorbed=0, phase=light, replay=18]
[Epoch 022] Sleep:  18%|####9                      | 2/11 [00:02<00:12,  1.37s/step, leaf=root_L, phase=split]
[Epoch 022] Sleep:  27%|#######3                   | 3/11 [00:18<00:48,  6.05s/step, leaf=root_L, phase=split]
[Epoch 022] Sleep:  27%|######2                | 3/11 [00:18<00:48,  6.05s/step, leaf=root_R_L_L, phase=split]
[Epoch 022] Sleep:  36%|########3              | 4/11 [00:33<01:00,  8.58s/step, leaf=root_R_L_L, phase=split]
[Epoch 022] Sleep:  36%|#######6             | 4/11 [00:33<01:00,  8.58s/step, leaf=root_R_L_R_L, phase=split]
[Epoch 022] Sleep:  45%|#########5           | 5/11 [00:33<00:51,  8.58s/step, leaf=root_R_L_R_R, phase=split]
[Epoch 022] Sleep:  55%|############5          | 6/11 [00:33<00:42,  8.58s/step, leaf=root_R_R_L, phase=split]
[Epoch 022] Sleep:  64%|##############6        | 7/11 [01:08<00:40, 10.06s/step, leaf=root_R_R_L, phase=split]
[Epoch 022] Sleep:  64%|#############3       | 7/11 [01:08<00:40, 10.06s/step, leaf=root_R_R_R_L, phase=split]
[Epoch 022] Sleep:  73%|###############2     | 8/11 [01:08<00:30, 10.06s/step, leaf=root_R_R_R_R, phase=split]
[Epoch 022] Sleep:  82%|###########4  | 9/11 [01:08<00:20, 10.06s/step, actions=0, phase=deep, pressure=1.000]
[Epoch 022] Sleep: 100%|#############| 11/11 [01:08<00:00,  6.25s/step, actions=0, phase=deep, pressure=1.000]
[MemoryTree][022/030] wake/event=2.468319 sleep_residual=0.000659 writes=278 memorize=261 queue_split=50 wake_actions=A44447/R19242/M261/Q50 novelty=0.0709 weighted_sim=0.8581 wm_grad_max=4.225e+00 global/event=2.472265 mix_diag=2.5258 global_steps=25 prior_KL=9.853e-03 seq_H_cond=0.2398 seq_H_marg=0.6347 seq_MI=3.949e-01 post_KL_diag=2.183e-01 branch_distill=3.645e-01 probe=1.486e-01/0.199/-0.145/0.020 frontier=3.97/6.95/2.97 enc_gate=0.280 enc_scale=0.013 teacher_conf=0.270 teacher_JS=1.225e-01 max_mass=0.2333 owner_hard=[0, 228, 0, 0, 0, 4, 336, 2, 230, 0, 0, 0, 0] mem_assign=[104, 14358, 29, 689, 516, 7077, 16948, 8405, 15874, 0, 0, 0, 0] prune=on leaves=7 sleep_mode=deep light_absorb=0 deep_pressure=1.000 merge=0/0 merge_keep=0.000 merge_lambda=0.000e+00 mem_prune=113/113/313 mem_keep=0.638 mem_lambda=0.000e+00 time=W53.9/G18.1/S68.7s cache=0/800 cuda_peak=5330MiB sleep_actions=[]

[Epoch 023] Wake:   0%|                                                              | 0/800 [00:00<?, ?seq/s]
[Epoch 023] Wake:   0%|                  | 1/800 [00:07<1:35:07,  7.14s/seq, events=80, loss=2.4874, writes=3]
[Epoch 023] Wake:   8%|#3              | 65/800 [00:09<01:43,  7.10seq/s, events=5200, loss=2.4323, writes=68]
[Epoch 023] Wake:  16%|##2           | 129/800 [00:12<01:00, 11.14seq/s, events=10320, loss=2.4352, writes=68]
[Epoch 023] Wake:  24%|###3          | 193/800 [00:15<00:43, 13.80seq/s, events=15440, loss=2.4838, writes=69]
[Epoch 023] Wake:  32%|####4         | 257/800 [00:18<00:34, 15.68seq/s, events=20560, loss=2.4891, writes=69]
[Epoch 023] Wake:  40%|#####6        | 321/800 [00:20<00:28, 16.91seq/s, events=25680, loss=2.4595, writes=69]
[Epoch 023] Wake:  48%|######7       | 385/800 [00:23<00:23, 17.98seq/s, events=30800, loss=2.4793, writes=71]
[Epoch 023] Wake:  56%|#######8      | 449/800 [00:26<00:18, 18.84seq/s, events=35920, loss=2.4695, writes=71]
[Epoch 023] Wake:  64%|########9     | 513/800 [00:29<00:14, 19.55seq/s, events=41040, loss=2.4700, writes=71]
[Epoch 023] Wake:  72%|##########    | 577/800 [00:31<00:11, 20.05seq/s, events=46160, loss=2.4644, writes=72]
[Epoch 023] Wake:  80%|###########2  | 641/800 [00:34<00:07, 20.44seq/s, events=51280, loss=2.4607, writes=72]
[Epoch 023] Wake:  88%|############3 | 705/800 [00:37<00:04, 20.85seq/s, events=56400, loss=2.4688, writes=73]
[Epoch 023] Wake:  96%|#############4| 769/800 [00:39<00:01, 21.27seq/s, events=61520, loss=2.4656, writes=73]
[Epoch 023] Wake: 100%|##############| 800/800 [00:39<00:00, 20.01seq/s, events=64000, loss=2.4647, writes=73]

[Epoch 023] Global:   0%|                                                       | 0/800 [00:00<?, ?seq-pass/s]
[Epoch 023] Global:  12%|##5                  | 96/800 [00:02<00:14, 47.53seq-pass/s, batch=3/25, phase=train]
[Epoch 023] Global:  24%|####8               | 192/800 [00:04<00:13, 45.75seq-pass/s, batch=6/25, phase=train]
[Epoch 023] Global:  36%|#######2            | 288/800 [00:06<00:11, 45.19seq-pass/s, batch=9/25, phase=train]
[Epoch 023] Global:  48%|#########1         | 384/800 [00:08<00:09, 44.90seq-pass/s, batch=12/25, phase=train]
[Epoch 023] Global:  60%|###########4       | 480/800 [00:10<00:07, 44.65seq-pass/s, batch=15/25, phase=train]
[Epoch 023] Global:  72%|#############6     | 576/800 [00:12<00:05, 44.55seq-pass/s, batch=18/25, phase=train]
[Epoch 023] Global:  84%|###############9   | 672/800 [00:15<00:02, 44.56seq-pass/s, batch=21/25, phase=train]
[Epoch 023] Global:  96%|##################2| 768/800 [00:17<00:00, 44.52seq-pass/s, batch=24/25, phase=train]
[Epoch 023] Global: 100%|###################| 800/800 [00:18<00:00, 44.23seq-pass/s, batch=25/25, phase=train]

[Epoch 023] Sleep:   0%|                                                             | 0/11 [00:00<?, ?step/s]
[Epoch 023] Sleep:   9%|#5               | 1/11 [00:00<00:05,  1.94step/s, absorbed=0, phase=light, replay=18]
[Epoch 023] Sleep:  18%|####9                      | 2/11 [00:02<00:11,  1.23s/step, leaf=root_L, phase=split]
[Epoch 023] Sleep:  27%|#######3                   | 3/11 [00:25<01:08,  8.57s/step, leaf=root_L, phase=split]
[Epoch 023] Sleep:  27%|######2                | 3/11 [00:25<01:08,  8.57s/step, leaf=root_R_L_L, phase=split]
[Epoch 023] Sleep:  36%|########3              | 4/11 [00:34<01:00,  8.69s/step, leaf=root_R_L_L, phase=split]
[Epoch 023] Sleep:  36%|#######6             | 4/11 [00:34<01:00,  8.69s/step, leaf=root_R_L_R_L, phase=split]
[Epoch 023] Sleep:  45%|#########5           | 5/11 [00:34<00:52,  8.69s/step, leaf=root_R_L_R_R, phase=split]
[Epoch 023] Sleep:  55%|############5          | 6/11 [00:34<00:43,  8.69s/step, leaf=root_R_R_L, phase=split]
[Epoch 023] Sleep:  64%|##############6        | 7/11 [00:51<00:29,  7.27s/step, leaf=root_R_R_L, phase=split]
[Epoch 023] Sleep:  64%|#############3       | 7/11 [00:51<00:29,  7.27s/step, leaf=root_R_R_R_L, phase=split]
[Epoch 023] Sleep:  73%|###############2     | 8/11 [00:51<00:21,  7.27s/step, leaf=root_R_R_R_R, phase=split]
[Epoch 023] Sleep:  82%|###########4  | 9/11 [00:51<00:14,  7.27s/step, actions=0, phase=deep, pressure=1.000]
[Epoch 023] Sleep: 100%|#############| 11/11 [00:51<00:00,  4.71s/step, actions=0, phase=deep, pressure=1.000]
[MemoryTree][023/030] wake/event=2.464713 sleep_residual=0.000609 writes=73 memorize=74 queue_split=7 wake_actions=A44479/R19440/M74/Q7 novelty=0.0767 weighted_sim=0.8466 wm_grad_max=4.223e+00 global/event=2.469114 mix_diag=2.5130 global_steps=25 prior_KL=1.047e-02 seq_H_cond=0.2415 seq_H_marg=0.6374 seq_MI=3.958e-01 post_KL_diag=2.144e-01 branch_distill=3.717e-01 probe=1.499e-01/0.198/-0.145/0.020 frontier=3.97/6.95/2.97 enc_gate=0.276 enc_scale=0.013 teacher_conf=0.268 teacher_JS=1.220e-01 max_mass=0.2478 owner_hard=[0, 290, 0, 0, 0, 5, 278, 2, 225, 0, 0, 0, 0] mem_assign=[127, 15393, 40, 458, 603, 7028, 16302, 8383, 15666, 0, 0, 0, 0] prune=on leaves=7 sleep_mode=deep light_absorb=0 deep_pressure=1.000 merge=0/0 merge_keep=0.000 merge_lambda=0.000e+00 mem_prune=91/91/273 mem_keep=0.665 mem_lambda=0.000e+00 time=W40.0/G18.1/S51.8s cache=0/800 cuda_peak=5331MiB sleep_actions=[]

[Epoch 024] Wake:   0%|                                                              | 0/800 [00:00<?, ?seq/s]
[Epoch 024] Wake:   0%|                    | 1/800 [00:02<36:09,  2.72s/seq, events=80, loss=2.7862, writes=0]
[Epoch 024] Wake:   8%|#3               | 65/800 [00:05<00:58, 12.57seq/s, events=5200, loss=2.4589, writes=0]
[Epoch 024] Wake:  16%|##4            | 129/800 [00:08<00:41, 16.36seq/s, events=10320, loss=2.4286, writes=0]
[Epoch 024] Wake:  24%|###6           | 193/800 [00:10<00:32, 18.45seq/s, events=15440, loss=2.4625, writes=1]
[Epoch 024] Wake:  32%|####8          | 257/800 [00:13<00:27, 19.59seq/s, events=20560, loss=2.4699, writes=1]
[Epoch 024] Wake:  40%|######         | 321/800 [00:16<00:23, 20.40seq/s, events=25680, loss=2.4778, writes=2]
[Epoch 024] Wake:  48%|#######2       | 385/800 [00:19<00:19, 21.02seq/s, events=30800, loss=2.4766, writes=2]
[Epoch 024] Wake:  56%|########4      | 449/800 [00:21<00:16, 21.39seq/s, events=35920, loss=2.5095, writes=2]
[Epoch 024] Wake:  64%|#########6     | 513/800 [00:24<00:13, 21.65seq/s, events=41040, loss=2.5035, writes=3]
[Epoch 024] Wake:  72%|##########8    | 577/800 [00:27<00:10, 21.90seq/s, events=46160, loss=2.4948, writes=4]
[Epoch 024] Wake:  80%|############   | 641/800 [00:30<00:07, 21.98seq/s, events=51280, loss=2.4792, writes=4]
[Epoch 024] Wake:  88%|#############2 | 705/800 [00:33<00:04, 22.19seq/s, events=56400, loss=2.4708, writes=6]
[Epoch 024] Wake:  96%|##############4| 769/800 [00:35<00:01, 22.40seq/s, events=61520, loss=2.4590, writes=6]
[Epoch 024] Wake: 100%|###############| 800/800 [00:35<00:00, 22.37seq/s, events=64000, loss=2.4633, writes=7]

[Epoch 024] Global:   0%|                                                       | 0/800 [00:00<?, ?seq-pass/s]
[Epoch 024] Global:  12%|##5                  | 96/800 [00:02<00:15, 46.93seq-pass/s, batch=3/25, phase=train]
[Epoch 024] Global:  24%|####8               | 192/800 [00:04<00:13, 45.49seq-pass/s, batch=6/25, phase=train]
[Epoch 024] Global:  36%|#######2            | 288/800 [00:06<00:11, 44.98seq-pass/s, batch=9/25, phase=train]
[Epoch 024] Global:  48%|#########1         | 384/800 [00:08<00:09, 44.66seq-pass/s, batch=12/25, phase=train]
[Epoch 024] Global:  60%|###########4       | 480/800 [00:10<00:07, 44.80seq-pass/s, batch=15/25, phase=train]
[Epoch 024] Global:  72%|#############6     | 576/800 [00:12<00:05, 44.63seq-pass/s, batch=18/25, phase=train]
[Epoch 024] Global:  84%|###############9   | 672/800 [00:15<00:02, 44.50seq-pass/s, batch=21/25, phase=train]
[Epoch 024] Global:  96%|##################2| 768/800 [00:17<00:00, 44.41seq-pass/s, batch=24/25, phase=train]
[Epoch 024] Global: 100%|###################| 800/800 [00:18<00:00, 44.15seq-pass/s, batch=25/25, phase=train]

[Epoch 024] Sleep:   0%|                                                             | 0/11 [00:00<?, ?step/s]
[Epoch 024] Sleep:   9%|#5               | 1/11 [00:00<00:04,  2.01step/s, absorbed=1, phase=light, replay=18]
[Epoch 024] Sleep:  18%|####9                      | 2/11 [00:02<00:09,  1.02s/step, leaf=root_L, phase=split]
[Epoch 024] Sleep:  27%|#######3                   | 3/11 [00:22<01:01,  7.63s/step, leaf=root_L, phase=split]
[Epoch 024] Sleep:  27%|######2                | 3/11 [00:22<01:01,  7.63s/step, leaf=root_R_L_L, phase=split]
[Epoch 024] Sleep:  36%|########3              | 4/11 [00:32<00:57,  8.21s/step, leaf=root_R_L_L, phase=split]
[Epoch 024] Sleep:  36%|#######6             | 4/11 [00:32<00:57,  8.21s/step, leaf=root_R_L_R_L, phase=split]
[Epoch 024] Sleep:  45%|#########5           | 5/11 [00:32<00:49,  8.21s/step, leaf=root_R_L_R_R, phase=split]
[Epoch 024] Sleep:  55%|############5          | 6/11 [00:32<00:41,  8.21s/step, leaf=root_R_R_L, phase=split]
[Epoch 024] Sleep:  64%|##############6        | 7/11 [00:42<00:23,  5.88s/step, leaf=root_R_R_L, phase=split]
[Epoch 024] Sleep:  64%|#############3       | 7/11 [00:42<00:23,  5.88s/step, leaf=root_R_R_R_L, phase=split]
[Epoch 024] Sleep:  73%|###############2     | 8/11 [00:42<00:17,  5.88s/step, leaf=root_R_R_R_R, phase=split]
[Epoch 024] Sleep:  82%|###########4  | 9/11 [00:42<00:11,  5.88s/step, actions=0, phase=deep, pressure=1.000]
[Epoch 024] Sleep: 100%|#############| 11/11 [00:42<00:00,  3.87s/step, actions=0, phase=deep, pressure=1.000]
[MemoryTree][024/030] wake/event=2.463286 sleep_residual=0.000572 writes=7 memorize=7 queue_split=0 wake_actions=A44486/R19507/M7/Q0 novelty=0.0834 weighted_sim=0.8331 wm_grad_max=4.043e+00 global/event=2.462265 mix_diag=2.5120 global_steps=25 prior_KL=1.002e-02 seq_H_cond=0.2438 seq_H_marg=0.6358 seq_MI=3.920e-01 post_KL_diag=2.283e-01 branch_distill=3.725e-01 probe=1.476e-01/0.198/-0.145/0.020 frontier=3.97/6.95/2.97 enc_gate=0.293 enc_scale=0.014 teacher_conf=0.287 teacher_JS=1.215e-01 max_mass=0.2562 owner_hard=[0, 299, 0, 0, 0, 7, 274, 2, 218, 0, 0, 0, 0] mem_assign=[137, 15805, 40, 709, 394, 7068, 16248, 8006, 15593, 0, 0, 0, 0] prune=on leaves=7 sleep_mode=deep light_absorb=1 deep_pressure=1.000 merge=0/0 merge_keep=0.000 merge_lambda=0.000e+00 mem_prune=54/54/189 mem_keep=0.714 mem_lambda=0.000e+00 time=W35.8/G18.1/S42.6s cache=0/800 cuda_peak=5330MiB sleep_actions=[]

[Epoch 025] Wake:   0%|                                                              | 0/800 [00:00<?, ?seq/s]
[Epoch 025] Wake:   0%|                    | 1/800 [00:03<45:00,  3.38s/seq, events=80, loss=3.0486, writes=0]
[Epoch 025] Wake:   8%|#3               | 65/800 [00:07<01:16,  9.67seq/s, events=5200, loss=2.4384, writes=9]
[Epoch 025] Wake:  16%|##2           | 129/800 [00:10<00:51, 13.03seq/s, events=10320, loss=2.4662, writes=22]
[Epoch 025] Wake:  24%|###3          | 193/800 [00:13<00:41, 14.76seq/s, events=15440, loss=2.5087, writes=31]
[Epoch 025] Wake:  32%|####4         | 257/800 [00:17<00:36, 15.01seq/s, events=20560, loss=2.5300, writes=39]
[Epoch 025] Wake:  40%|#####6        | 321/800 [00:21<00:30, 15.60seq/s, events=25680, loss=2.5074, writes=59]
[Epoch 025] Wake:  48%|######7       | 385/800 [00:24<00:25, 16.25seq/s, events=30800, loss=2.5101, writes=72]
[Epoch 025] Wake:  56%|#######8      | 449/800 [00:28<00:21, 16.61seq/s, events=35920, loss=2.5022, writes=81]
[Epoch 025] Wake:  64%|########9     | 513/800 [00:31<00:16, 17.01seq/s, events=41040, loss=2.4864, writes=92]
[Epoch 025] Wake:  72%|#########3   | 577/800 [00:35<00:13, 17.14seq/s, events=46160, loss=2.4806, writes=100]
[Epoch 025] Wake:  80%|##########4  | 641/800 [00:38<00:09, 17.61seq/s, events=51280, loss=2.4704, writes=112]
[Epoch 025] Wake:  88%|###########4 | 705/800 [00:45<00:06, 15.35seq/s, events=56400, loss=2.4658, writes=117]
[Epoch 025] Wake:  96%|############4| 769/800 [00:48<00:01, 15.81seq/s, events=61520, loss=2.4570, writes=184]
[Epoch 025] Wake: 100%|#############| 800/800 [00:48<00:00, 16.37seq/s, events=64000, loss=2.4526, writes=193]

[Epoch 025] Global:   0%|                                                       | 0/800 [00:00<?, ?seq-pass/s]
[Epoch 025] Global:  12%|##5                  | 96/800 [00:02<00:14, 47.42seq-pass/s, batch=3/25, phase=train]
[Epoch 025] Global:  24%|####8               | 192/800 [00:04<00:13, 45.79seq-pass/s, batch=6/25, phase=train]
[Epoch 025] Global:  36%|#######2            | 288/800 [00:06<00:11, 45.77seq-pass/s, batch=9/25, phase=train]
[Epoch 025] Global:  48%|#########1         | 384/800 [00:08<00:09, 45.30seq-pass/s, batch=12/25, phase=train]
[Epoch 025] Global:  60%|###########4       | 480/800 [00:10<00:07, 45.04seq-pass/s, batch=15/25, phase=train]
[Epoch 025] Global:  72%|#############6     | 576/800 [00:12<00:04, 44.92seq-pass/s, batch=18/25, phase=train]
[Epoch 025] Global:  84%|###############9   | 672/800 [00:14<00:02, 44.80seq-pass/s, batch=21/25, phase=train]
[Epoch 025] Global:  96%|##################2| 768/800 [00:17<00:00, 44.73seq-pass/s, batch=24/25, phase=train]
[Epoch 025] Global: 100%|###################| 800/800 [00:17<00:00, 44.46seq-pass/s, batch=25/25, phase=train]

[Epoch 025] Sleep:   0%|                                                             | 0/11 [00:00<?, ?step/s]
[Epoch 025] Sleep:   9%|#5               | 1/11 [00:00<00:05,  1.84step/s, absorbed=2, phase=light, replay=18]
[Epoch 025] Sleep:  18%|####9                      | 2/11 [00:02<00:10,  1.20s/step, leaf=root_L, phase=split]
[Epoch 025] Sleep:  27%|#######3                   | 3/11 [00:18<00:48,  6.09s/step, leaf=root_L, phase=split]
[Epoch 025] Sleep:  27%|######2                | 3/11 [00:18<00:48,  6.09s/step, leaf=root_R_L_L, phase=split]
[Epoch 025] Sleep:  36%|########3              | 4/11 [00:51<01:33, 13.34s/step, leaf=root_R_L_L, phase=split]
[Epoch 025] Sleep:  36%|#######6             | 4/11 [00:51<01:33, 13.34s/step, leaf=root_R_L_R_L, phase=split]
[Epoch 025] Sleep:  45%|#########5           | 5/11 [00:51<01:20, 13.34s/step, leaf=root_R_L_R_R, phase=split]
[Epoch 025] Sleep:  55%|############5          | 6/11 [00:51<01:06, 13.34s/step, leaf=root_R_R_L, phase=split]
[Epoch 025] Sleep:  64%|##############6        | 7/11 [00:58<00:32,  8.12s/step, leaf=root_R_R_L, phase=split]
[Epoch 025] Sleep:  64%|#############3       | 7/11 [00:58<00:32,  8.12s/step, leaf=root_R_R_R_L, phase=split]
[Epoch 025] Sleep:  73%|###############2     | 8/11 [00:58<00:24,  8.12s/step, leaf=root_R_R_R_R, phase=split]
[Epoch 025] Sleep:  82%|###########4  | 9/11 [00:58<00:16,  8.12s/step, actions=0, phase=deep, pressure=1.000]
[Epoch 025] Sleep: 100%|#############| 11/11 [00:58<00:00,  5.29s/step, actions=0, phase=deep, pressure=1.000]
[MemoryTree][025/030] wake/event=2.452619 sleep_residual=0.000582 writes=193 memorize=212 queue_split=2 wake_actions=A44437/R19349/M212/Q2 novelty=0.0750 weighted_sim=0.8500 wm_grad_max=3.857e+00 global/event=2.460174 mix_diag=2.5071 global_steps=25 prior_KL=1.003e-02 seq_H_cond=0.2493 seq_H_marg=0.6360 seq_MI=3.867e-01 post_KL_diag=2.315e-01 branch_distill=3.689e-01 probe=1.497e-01/0.198/-0.146/0.020 frontier=3.97/6.95/2.97 enc_gate=0.292 enc_scale=0.015 teacher_conf=0.290 teacher_JS=1.194e-01 max_mass=0.2398 owner_hard=[0, 270, 0, 0, 0, 6, 284, 2, 238, 0, 0, 0, 0] mem_assign=[109, 15075, 22, 388, 458, 7534, 16287, 8422, 15705, 0, 0, 0, 0] prune=on leaves=7 sleep_mode=deep light_absorb=2 deep_pressure=1.000 merge=0/0 merge_keep=0.000 merge_lambda=0.000e+00 mem_prune=88/88/254 mem_keep=0.653 mem_lambda=0.000e+00 time=W48.9/G18.0/S58.2s cache=0/800 cuda_peak=5330MiB sleep_actions=[]

[Epoch 026] Wake:   0%|                                                              | 0/800 [00:00<?, ?seq/s]
[Epoch 026] Wake:   0%|                    | 1/800 [00:04<54:14,  4.07s/seq, events=80, loss=2.7695, writes=0]
[Epoch 026] Wake:   8%|#3              | 65/800 [00:07<01:24,  8.73seq/s, events=5200, loss=2.5381, writes=20]
[Epoch 026] Wake:  16%|##2           | 129/800 [00:11<00:55, 12.07seq/s, events=10320, loss=2.4916, writes=34]
[Epoch 026] Wake:  24%|###3          | 193/800 [00:14<00:41, 14.53seq/s, events=15440, loss=2.5450, writes=44]
[Epoch 026] Wake:  32%|####4         | 257/800 [00:16<00:33, 16.21seq/s, events=20560, loss=2.5122, writes=46]
[Epoch 026] Wake:  40%|#####6        | 321/800 [00:19<00:27, 17.42seq/s, events=25680, loss=2.5164, writes=47]
[Epoch 026] Wake:  48%|######7       | 385/800 [00:22<00:22, 18.44seq/s, events=30800, loss=2.4959, writes=48]
[Epoch 026] Wake:  56%|#######8      | 449/800 [00:25<00:18, 19.24seq/s, events=35920, loss=2.4746, writes=48]
[Epoch 026] Wake:  64%|########9     | 513/800 [00:27<00:14, 19.91seq/s, events=41040, loss=2.4622, writes=48]
[Epoch 026] Wake:  72%|##########    | 577/800 [00:30<00:10, 20.36seq/s, events=46160, loss=2.4550, writes=48]
[Epoch 026] Wake:  80%|###########2  | 641/800 [00:33<00:07, 20.72seq/s, events=51280, loss=2.4581, writes=49]
[Epoch 026] Wake:  88%|############3 | 705/800 [00:36<00:04, 21.01seq/s, events=56400, loss=2.4409, writes=50]
[Epoch 026] Wake:  96%|#############4| 769/800 [00:38<00:01, 21.37seq/s, events=61520, loss=2.4462, writes=51]
[Epoch 026] Wake: 100%|##############| 800/800 [00:38<00:00, 20.53seq/s, events=64000, loss=2.4498, writes=51]

[Epoch 026] Global:   0%|                                                       | 0/800 [00:00<?, ?seq-pass/s]
[Epoch 026] Global:  16%|###2                | 128/800 [00:02<00:14, 46.98seq-pass/s, batch=4/25, phase=train]
[Epoch 026] Global:  28%|#####6              | 224/800 [00:04<00:12, 45.80seq-pass/s, batch=7/25, phase=train]
[Epoch 026] Global:  40%|#######6           | 320/800 [00:07<00:10, 45.28seq-pass/s, batch=10/25, phase=train]
[Epoch 026] Global:  52%|#########8         | 416/800 [00:09<00:08, 45.07seq-pass/s, batch=13/25, phase=train]
[Epoch 026] Global:  64%|############1      | 512/800 [00:11<00:06, 44.88seq-pass/s, batch=16/25, phase=train]
[Epoch 026] Global:  76%|##############4    | 608/800 [00:13<00:04, 44.72seq-pass/s, batch=19/25, phase=train]
[Epoch 026] Global:  88%|################7  | 704/800 [00:15<00:02, 44.66seq-pass/s, batch=22/25, phase=train]
[Epoch 026] Global: 100%|###################| 800/800 [00:17<00:00, 44.62seq-pass/s, batch=25/25, phase=train]
[Epoch 026] Global: 100%|###################| 800/800 [00:18<00:00, 44.36seq-pass/s, batch=25/25, phase=train]

[Epoch 026] Sleep:   0%|                                                             | 0/11 [00:00<?, ?step/s]
[Epoch 026] Sleep:   9%|#5               | 1/11 [00:00<00:05,  1.94step/s, absorbed=1, phase=light, replay=18]
[Epoch 026] Sleep:  18%|####9                      | 2/11 [00:02<00:09,  1.09s/step, leaf=root_L, phase=split]
[Epoch 026] Sleep:  27%|#######3                   | 3/11 [00:16<00:42,  5.34s/step, leaf=root_L, phase=split]
[Epoch 026] Sleep:  27%|######2                | 3/11 [00:16<00:42,  5.34s/step, leaf=root_R_L_L, phase=split]
[Epoch 026] Sleep:  36%|########3              | 4/11 [00:43<01:19, 11.29s/step, leaf=root_R_L_L, phase=split]
[Epoch 026] Sleep:  36%|#######6             | 4/11 [00:43<01:19, 11.29s/step, leaf=root_R_L_R_L, phase=split]
[Epoch 026] Sleep:  45%|#########5           | 5/11 [00:43<01:07, 11.29s/step, leaf=root_R_L_R_R, phase=split]
[Epoch 026] Sleep:  55%|############5          | 6/11 [00:43<00:56, 11.29s/step, leaf=root_R_R_L, phase=split]
[Epoch 026] Sleep:  64%|##############6        | 7/11 [00:49<00:27,  6.94s/step, leaf=root_R_R_L, phase=split]
[Epoch 026] Sleep:  64%|#############3       | 7/11 [00:49<00:27,  6.94s/step, leaf=root_R_R_R_L, phase=split]
[Epoch 026] Sleep:  73%|###############2     | 8/11 [00:49<00:20,  6.94s/step, leaf=root_R_R_R_R, phase=split]
[Epoch 026] Sleep:  82%|###########4  | 9/11 [00:49<00:13,  6.94s/step, actions=0, phase=deep, pressure=1.000]
[Epoch 026] Sleep: 100%|#############| 11/11 [00:49<00:00,  4.52s/step, actions=0, phase=deep, pressure=1.000]
[MemoryTree][026/030] wake/event=2.449764 sleep_residual=0.000560 writes=51 memorize=54 queue_split=0 wake_actions=A44549/R19397/M54/Q0 novelty=0.0998 weighted_sim=0.8005 wm_grad_max=4.149e+00 global/event=2.454455 mix_diag=2.4998 global_steps=25 prior_KL=9.640e-03 seq_H_cond=0.2447 seq_H_marg=0.6362 seq_MI=3.915e-01 post_KL_diag=2.286e-01 branch_distill=3.678e-01 probe=1.333e-01/0.199/-0.145/0.020 frontier=3.97/6.95/2.97 enc_gate=0.289 enc_scale=0.015 teacher_conf=0.292 teacher_JS=1.196e-01 max_mass=0.2368 owner_hard=[0, 259, 0, 0, 0, 8, 310, 6, 217, 0, 0, 0, 0] mem_assign=[102, 14821, 68, 566, 526, 7476, 16282, 8879, 15280, 0, 0, 0, 0] prune=on leaves=7 sleep_mode=deep light_absorb=1 deep_pressure=1.000 merge=0/0 merge_keep=0.000 merge_lambda=0.000e+00 mem_prune=93/93/217 mem_keep=0.572 mem_lambda=0.000e+00 time=W39.0/G18.0/S49.7s cache=0/800 cuda_peak=5331MiB sleep_actions=[]

[Epoch 027] Wake:   0%|                                                              | 0/800 [00:00<?, ?seq/s]
[Epoch 027] Wake:   0%|                    | 1/800 [00:02<37:17,  2.80s/seq, events=80, loss=2.5007, writes=0]
[Epoch 027] Wake:   8%|#3               | 65/800 [00:05<01:00, 12.22seq/s, events=5200, loss=2.3721, writes=1]
[Epoch 027] Wake:  16%|##4            | 129/800 [00:08<00:42, 15.88seq/s, events=10320, loss=2.3932, writes=2]
[Epoch 027] Wake:  24%|###6           | 193/800 [00:11<00:33, 17.98seq/s, events=15440, loss=2.4059, writes=5]
[Epoch 027] Wake:  32%|####8          | 257/800 [00:13<00:28, 19.35seq/s, events=20560, loss=2.4115, writes=5]
[Epoch 027] Wake:  40%|######         | 321/800 [00:16<00:23, 20.24seq/s, events=25680, loss=2.4261, writes=5]
[Epoch 027] Wake:  48%|#######2       | 385/800 [00:19<00:19, 20.87seq/s, events=30800, loss=2.4366, writes=5]
[Epoch 027] Wake:  56%|########4      | 449/800 [00:22<00:16, 21.37seq/s, events=35920, loss=2.4523, writes=5]
[Epoch 027] Wake:  64%|#########6     | 513/800 [00:24<00:13, 21.61seq/s, events=41040, loss=2.4503, writes=5]
[Epoch 027] Wake:  72%|##########8    | 577/800 [00:27<00:10, 21.91seq/s, events=46160, loss=2.4508, writes=6]
[Epoch 027] Wake:  80%|############   | 641/800 [00:30<00:07, 22.16seq/s, events=51280, loss=2.4381, writes=6]
[Epoch 027] Wake:  88%|#############2 | 705/800 [00:33<00:04, 22.35seq/s, events=56400, loss=2.4374, writes=6]
[Epoch 027] Wake:  96%|##############4| 769/800 [00:35<00:01, 22.59seq/s, events=61520, loss=2.4446, writes=6]
[Epoch 027] Wake: 100%|###############| 800/800 [00:35<00:00, 22.43seq/s, events=64000, loss=2.4442, writes=6]

[Epoch 027] Global:   0%|                                                       | 0/800 [00:00<?, ?seq-pass/s]
[Epoch 027] Global:  12%|##5                  | 96/800 [00:02<00:14, 47.40seq-pass/s, batch=3/25, phase=train]
[Epoch 027] Global:  24%|####8               | 192/800 [00:04<00:13, 45.69seq-pass/s, batch=6/25, phase=train]
[Epoch 027] Global:  36%|#######2            | 288/800 [00:06<00:11, 45.13seq-pass/s, batch=9/25, phase=train]
[Epoch 027] Global:  48%|#########1         | 384/800 [00:08<00:09, 44.99seq-pass/s, batch=12/25, phase=train]
[Epoch 027] Global:  60%|###########4       | 480/800 [00:10<00:07, 44.80seq-pass/s, batch=15/25, phase=train]
[Epoch 027] Global:  72%|#############6     | 576/800 [00:12<00:05, 44.68seq-pass/s, batch=18/25, phase=train]
[Epoch 027] Global:  84%|###############9   | 672/800 [00:15<00:02, 44.63seq-pass/s, batch=21/25, phase=train]
[Epoch 027] Global:  96%|##################2| 768/800 [00:17<00:00, 44.67seq-pass/s, batch=24/25, phase=train]
[Epoch 027] Global: 100%|###################| 800/800 [00:18<00:00, 44.34seq-pass/s, batch=25/25, phase=train]

[Epoch 027] Sleep:   0%|                                                             | 0/11 [00:00<?, ?step/s]
[Epoch 027] Sleep:   9%|#5               | 1/11 [00:00<00:04,  2.09step/s, absorbed=1, phase=light, replay=17]
[Epoch 027] Sleep:  18%|####9                      | 2/11 [00:01<00:08,  1.12step/s, leaf=root_L, phase=split]
[Epoch 027] Sleep:  27%|#######3                   | 3/11 [00:14<00:38,  4.79s/step, leaf=root_L, phase=split]
[Epoch 027] Sleep:  27%|######2                | 3/11 [00:14<00:38,  4.79s/step, leaf=root_R_L_L, phase=split]
[Epoch 027] Sleep:  36%|########3              | 4/11 [00:35<01:03,  9.12s/step, leaf=root_R_L_L, phase=split]
[Epoch 027] Sleep:  36%|#######6             | 4/11 [00:35<01:03,  9.12s/step, leaf=root_R_L_R_L, phase=split]
[Epoch 027] Sleep:  45%|#########5           | 5/11 [00:35<00:54,  9.12s/step, leaf=root_R_L_R_R, phase=split]
[Epoch 027] Sleep:  55%|############5          | 6/11 [00:35<00:45,  9.12s/step, leaf=root_R_R_L, phase=split]
[Epoch 027] Sleep:  64%|##############6        | 7/11 [00:42<00:24,  6.00s/step, leaf=root_R_R_L, phase=split]
[Epoch 027] Sleep:  64%|#############3       | 7/11 [00:42<00:24,  6.00s/step, leaf=root_R_R_R_L, phase=split]
[Epoch 027] Sleep:  73%|###############2     | 8/11 [00:42<00:18,  6.00s/step, leaf=root_R_R_R_R, phase=split]
[Epoch 027] Sleep:  82%|###########4  | 9/11 [00:42<00:12,  6.00s/step, actions=0, phase=deep, pressure=1.000]
[Epoch 027] Sleep: 100%|#############| 11/11 [00:42<00:00,  3.90s/step, actions=0, phase=deep, pressure=1.000]
[MemoryTree][027/030] wake/event=2.444234 sleep_residual=0.000581 writes=6 memorize=5 queue_split=2 wake_actions=A44602/R19391/M5/Q2 novelty=0.0976 weighted_sim=0.8048 wm_grad_max=3.706e+00 global/event=2.450362 mix_diag=2.4991 global_steps=25 prior_KL=1.053e-02 seq_H_cond=0.2449 seq_H_marg=0.6374 seq_MI=3.925e-01 post_KL_diag=2.343e-01 branch_distill=3.668e-01 probe=1.410e-01/0.198/-0.146/0.020 frontier=3.97/6.95/2.97 enc_gate=0.305 enc_scale=0.015 teacher_conf=0.299 teacher_JS=1.193e-01 max_mass=0.2425 owner_hard=[0, 292, 0, 0, 0, 11, 260, 4, 233, 0, 0, 0, 0] mem_assign=[100, 15187, 37, 282, 707, 7717, 15993, 8342, 15635, 0, 0, 0, 0] prune=on leaves=7 sleep_mode=deep light_absorb=1 deep_pressure=1.000 merge=0/0 merge_keep=0.000 merge_lambda=0.000e+00 mem_prune=46/46/130 mem_keep=0.643 mem_lambda=0.000e+00 time=W35.7/G18.0/S42.9s cache=0/800 cuda_peak=5331MiB sleep_actions=[]

[Epoch 028] Wake:   0%|                                                              | 0/800 [00:00<?, ?seq/s]
[Epoch 028] Wake:   0%|                    | 1/800 [00:03<40:21,  3.03s/seq, events=80, loss=1.9877, writes=0]
[Epoch 028] Wake:   8%|#3               | 65/800 [00:05<01:02, 11.83seq/s, events=5200, loss=2.3407, writes=4]
[Epoch 028] Wake:  16%|##4            | 129/800 [00:08<00:41, 16.00seq/s, events=10320, loss=2.3689, writes=4]
[Epoch 028] Wake:  24%|###6           | 193/800 [00:11<00:33, 18.10seq/s, events=15440, loss=2.4021, writes=4]
[Epoch 028] Wake:  32%|####8          | 257/800 [00:13<00:27, 19.45seq/s, events=20560, loss=2.4358, writes=4]
[Epoch 028] Wake:  40%|######         | 321/800 [00:16<00:23, 20.18seq/s, events=25680, loss=2.4161, writes=4]
[Epoch 028] Wake:  48%|#######2       | 385/800 [00:19<00:19, 20.81seq/s, events=30800, loss=2.4333, writes=5]
[Epoch 028] Wake:  56%|########4      | 449/800 [00:22<00:16, 21.13seq/s, events=35920, loss=2.4517, writes=5]
[Epoch 028] Wake:  64%|#########6     | 513/800 [00:25<00:13, 21.51seq/s, events=41040, loss=2.4479, writes=7]
[Epoch 028] Wake:  72%|##########8    | 577/800 [00:27<00:10, 21.72seq/s, events=46160, loss=2.4354, writes=7]
[Epoch 028] Wake:  80%|############   | 641/800 [00:30<00:07, 21.90seq/s, events=51280, loss=2.4355, writes=8]
[Epoch 028] Wake:  88%|#############2 | 705/800 [00:33<00:04, 22.07seq/s, events=56400, loss=2.4444, writes=9]
[Epoch 028] Wake:  96%|##############4| 769/800 [00:36<00:01, 22.29seq/s, events=61520, loss=2.4448, writes=9]
[Epoch 028] Wake: 100%|##############| 800/800 [00:36<00:00, 22.19seq/s, events=64000, loss=2.4463, writes=10]

[Epoch 028] Global:   0%|                                                       | 0/800 [00:00<?, ?seq-pass/s]
[Epoch 028] Global:  12%|##5                  | 96/800 [00:02<00:14, 47.45seq-pass/s, batch=3/25, phase=train]
[Epoch 028] Global:  24%|####8               | 192/800 [00:04<00:13, 45.75seq-pass/s, batch=6/25, phase=train]
[Epoch 028] Global:  36%|#######2            | 288/800 [00:06<00:11, 45.24seq-pass/s, batch=9/25, phase=train]
[Epoch 028] Global:  48%|#########1         | 384/800 [00:08<00:09, 45.08seq-pass/s, batch=12/25, phase=train]
[Epoch 028] Global:  60%|###########4       | 480/800 [00:10<00:07, 44.91seq-pass/s, batch=15/25, phase=train]
[Epoch 028] Global:  72%|#############6     | 576/800 [00:12<00:05, 44.76seq-pass/s, batch=18/25, phase=train]
[Epoch 028] Global:  84%|###############9   | 672/800 [00:14<00:02, 44.69seq-pass/s, batch=21/25, phase=train]
[Epoch 028] Global:  96%|##################2| 768/800 [00:17<00:00, 44.62seq-pass/s, batch=24/25, phase=train]
[Epoch 028] Global: 100%|###################| 800/800 [00:18<00:00, 44.34seq-pass/s, batch=25/25, phase=train]

[Epoch 028] Sleep:   0%|                                                             | 0/11 [00:00<?, ?step/s]
[Epoch 028] Sleep:   9%|#5               | 1/11 [00:00<00:04,  2.17step/s, absorbed=1, phase=light, replay=17]
[Epoch 028] Sleep:  18%|####9                      | 2/11 [00:01<00:06,  1.33step/s, leaf=root_L, phase=split]
[Epoch 028] Sleep:  27%|#######3                   | 3/11 [00:11<00:31,  3.98s/step, leaf=root_L, phase=split]
[Epoch 028] Sleep:  27%|######2                | 3/11 [00:11<00:31,  3.98s/step, leaf=root_R_L_L, phase=split]
[Epoch 028] Sleep:  36%|########3              | 4/11 [00:25<00:45,  6.50s/step, leaf=root_R_L_L, phase=split]
[Epoch 028] Sleep:  36%|#######6             | 4/11 [00:25<00:45,  6.50s/step, leaf=root_R_L_R_L, phase=split]
[Epoch 028] Sleep:  45%|#########5           | 5/11 [00:25<00:38,  6.50s/step, leaf=root_R_L_R_R, phase=split]
[Epoch 028] Sleep:  55%|############5          | 6/11 [00:25<00:32,  6.50s/step, leaf=root_R_R_L, phase=split]
[Epoch 028] Sleep:  64%|##############6        | 7/11 [00:35<00:19,  4.97s/step, leaf=root_R_R_L, phase=split]
[Epoch 028] Sleep:  64%|#############3       | 7/11 [00:35<00:19,  4.97s/step, leaf=root_R_R_R_L, phase=split]
[Epoch 028] Sleep:  73%|###############2     | 8/11 [00:35<00:14,  4.97s/step, leaf=root_R_R_R_R, phase=split]
[Epoch 028] Sleep:  82%|###########4  | 9/11 [00:35<00:09,  4.97s/step, actions=0, phase=deep, pressure=1.000]
[Epoch 028] Sleep: 100%|#############| 11/11 [00:35<00:00,  3.19s/step, actions=0, phase=deep, pressure=1.000]
[MemoryTree][028/030] wake/event=2.446270 sleep_residual=0.000556 writes=10 memorize=11 queue_split=0 wake_actions=A44465/R19524/M11/Q0 novelty=0.0951 weighted_sim=0.8097 wm_grad_max=4.157e+00 global/event=2.444555 mix_diag=2.4949 global_steps=25 prior_KL=1.025e-02 seq_H_cond=0.2409 seq_H_marg=0.6385 seq_MI=3.976e-01 post_KL_diag=2.324e-01 branch_distill=3.699e-01 probe=1.432e-01/0.197/-0.146/0.020 frontier=3.97/6.95/2.97 enc_gate=0.301 enc_scale=0.015 teacher_conf=0.299 teacher_JS=1.196e-01 max_mass=0.2498 owner_hard=[0, 311, 0, 0, 0, 12, 251, 3, 223, 0, 0, 0, 0] mem_assign=[116, 15874, 34, 269, 810, 7794, 15816, 8119, 15168, 0, 0, 0, 0] prune=on leaves=7 sleep_mode=deep light_absorb=1 deep_pressure=1.000 merge=0/0 merge_keep=0.000 merge_lambda=0.000e+00 mem_prune=30/30/94 mem_keep=0.685 mem_lambda=0.000e+00 time=W36.1/G18.0/S35.1s cache=0/800 cuda_peak=5329MiB sleep_actions=[]

[Epoch 029] Wake:   0%|                                                              | 0/800 [00:00<?, ?seq/s]
[Epoch 029] Wake:   0%|                    | 1/800 [00:02<36:34,  2.75s/seq, events=80, loss=2.5806, writes=0]
[Epoch 029] Wake:   8%|#3               | 65/800 [00:05<00:59, 12.46seq/s, events=5200, loss=2.5059, writes=0]
[Epoch 029] Wake:  16%|##4            | 129/800 [00:08<00:40, 16.48seq/s, events=10320, loss=2.4064, writes=0]
[Epoch 029] Wake:  24%|###6           | 193/800 [00:11<00:33, 18.36seq/s, events=15440, loss=2.4152, writes=0]
[Epoch 029] Wake:  32%|####8          | 257/800 [00:13<00:27, 19.55seq/s, events=20560, loss=2.4248, writes=1]
[Epoch 029] Wake:  40%|######         | 321/800 [00:16<00:23, 20.39seq/s, events=25680, loss=2.4622, writes=1]
[Epoch 029] Wake:  48%|#######2       | 385/800 [00:19<00:19, 20.89seq/s, events=30800, loss=2.4484, writes=1]
[Epoch 029] Wake:  56%|########4      | 449/800 [00:22<00:16, 21.32seq/s, events=35920, loss=2.4383, writes=2]
[Epoch 029] Wake:  64%|#########6     | 513/800 [00:24<00:13, 21.63seq/s, events=41040, loss=2.4477, writes=2]
[Epoch 029] Wake:  72%|##########8    | 577/800 [00:27<00:10, 21.90seq/s, events=46160, loss=2.4482, writes=2]
[Epoch 029] Wake:  80%|############   | 641/800 [00:30<00:07, 22.15seq/s, events=51280, loss=2.4237, writes=2]
[Epoch 029] Wake:  88%|#############2 | 705/800 [00:33<00:04, 22.25seq/s, events=56400, loss=2.4282, writes=2]
[Epoch 029] Wake:  96%|##############4| 769/800 [00:35<00:01, 22.50seq/s, events=61520, loss=2.4245, writes=3]
[Epoch 029] Wake: 100%|###############| 800/800 [00:35<00:00, 22.42seq/s, events=64000, loss=2.4323, writes=3]

[Epoch 029] Global:   0%|                                                       | 0/800 [00:00<?, ?seq-pass/s]
[Epoch 029] Global:  12%|##5                  | 96/800 [00:02<00:14, 47.15seq-pass/s, batch=3/25, phase=train]
[Epoch 029] Global:  24%|####8               | 192/800 [00:04<00:13, 45.48seq-pass/s, batch=6/25, phase=train]
[Epoch 029] Global:  36%|#######2            | 288/800 [00:06<00:11, 45.05seq-pass/s, batch=9/25, phase=train]
[Epoch 029] Global:  48%|#########1         | 384/800 [00:08<00:09, 44.87seq-pass/s, batch=12/25, phase=train]
[Epoch 029] Global:  60%|###########4       | 480/800 [00:10<00:07, 44.73seq-pass/s, batch=15/25, phase=train]
[Epoch 029] Global:  72%|#############6     | 576/800 [00:12<00:05, 44.77seq-pass/s, batch=18/25, phase=train]
[Epoch 029] Global:  84%|###############9   | 672/800 [00:15<00:02, 44.68seq-pass/s, batch=21/25, phase=train]
[Epoch 029] Global:  96%|##################2| 768/800 [00:17<00:00, 44.62seq-pass/s, batch=24/25, phase=train]
[Epoch 029] Global: 100%|###################| 800/800 [00:18<00:00, 44.32seq-pass/s, batch=25/25, phase=train]

[Epoch 029] Sleep:   0%|                                                             | 0/11 [00:00<?, ?step/s]
[Epoch 029] Sleep:   9%|#5               | 1/11 [00:00<00:04,  2.50step/s, absorbed=2, phase=light, replay=15]
[Epoch 029] Sleep:  18%|####9                      | 2/11 [00:01<00:05,  1.52step/s, leaf=root_L, phase=split]
[Epoch 029] Sleep:  27%|#######3                   | 3/11 [00:09<00:25,  3.23s/step, leaf=root_L, phase=split]
[Epoch 029] Sleep:  27%|######2                | 3/11 [00:09<00:25,  3.23s/step, leaf=root_R_L_L, phase=split]
[Epoch 029] Sleep:  36%|########3              | 4/11 [00:14<00:24,  3.53s/step, leaf=root_R_L_L, phase=split]
[Epoch 029] Sleep:  36%|#######6             | 4/11 [00:14<00:24,  3.53s/step, leaf=root_R_L_R_L, phase=split]
[Epoch 029] Sleep:  45%|#########5           | 5/11 [00:14<00:21,  3.53s/step, leaf=root_R_L_R_R, phase=split]
[Epoch 029] Sleep:  55%|############5          | 6/11 [00:14<00:17,  3.53s/step, leaf=root_R_R_L, phase=split]
[Epoch 029] Sleep:  64%|##############6        | 7/11 [00:19<00:10,  2.75s/step, leaf=root_R_R_L, phase=split]
[Epoch 029] Sleep:  64%|#############3       | 7/11 [00:19<00:10,  2.75s/step, leaf=root_R_R_R_L, phase=split]
[Epoch 029] Sleep:  73%|###############2     | 8/11 [00:19<00:08,  2.75s/step, leaf=root_R_R_R_R, phase=split]
[Epoch 029] Sleep:  82%|###########4  | 9/11 [00:19<00:05,  2.75s/step, actions=0, phase=deep, pressure=1.000]
[Epoch 029] Sleep: 100%|#############| 11/11 [00:19<00:00,  1.79s/step, actions=0, phase=deep, pressure=1.000]
[MemoryTree][029/030] wake/event=2.432338 sleep_residual=0.000549 writes=3 memorize=4 queue_split=0 wake_actions=A44513/R19483/M4/Q0 novelty=0.0953 weighted_sim=0.8093 wm_grad_max=3.902e+00 global/event=2.437242 mix_diag=2.4833 global_steps=25 prior_KL=1.029e-02 seq_H_cond=0.2354 seq_H_marg=0.6389 seq_MI=4.035e-01 post_KL_diag=2.320e-01 branch_distill=3.692e-01 probe=1.417e-01/0.197/-0.146/0.020 frontier=3.97/6.95/2.97 enc_gate=0.290 enc_scale=0.015 teacher_conf=0.298 teacher_JS=1.212e-01 max_mass=0.2477 owner_hard=[0, 300, 0, 0, 0, 9, 281, 3, 207, 0, 0, 0, 0] mem_assign=[93, 15729, 21, 200, 703, 7542, 16223, 8478, 15011, 0, 0, 0, 0] prune=on leaves=7 sleep_mode=deep light_absorb=2 deep_pressure=1.000 merge=0/0 merge_keep=0.000 merge_lambda=0.000e+00 mem_prune=19/19/67 mem_keep=0.724 mem_lambda=0.000e+00 time=W35.7/G18.1/S19.7s cache=0/800 cuda_peak=5330MiB sleep_actions=[]

[Epoch 030] Wake:   0%|                                                              | 0/800 [00:00<?, ?seq/s]
[Epoch 030] Wake:   0%|                  | 1/800 [00:06<1:25:33,  6.43s/seq, events=80, loss=2.0215, writes=0]
[Epoch 030] Wake:   8%|#3              | 65/800 [00:09<01:43,  7.08seq/s, events=5200, loss=2.2355, writes=56]
[Epoch 030] Wake:  16%|##2           | 129/800 [00:12<01:01, 10.96seq/s, events=10320, loss=2.3213, writes=64]
[Epoch 030] Wake:  24%|###3          | 193/800 [00:15<00:46, 13.10seq/s, events=15440, loss=2.3702, writes=67]
[Epoch 030] Wake:  32%|####4         | 257/800 [00:18<00:36, 14.79seq/s, events=20560, loss=2.3719, writes=74]
[Epoch 030] Wake:  40%|#####6        | 321/800 [00:22<00:30, 15.54seq/s, events=25680, loss=2.3805, writes=77]
[Epoch 030] Wake:  48%|######7       | 385/800 [00:25<00:25, 16.31seq/s, events=30800, loss=2.3967, writes=87]
[Epoch 030] Wake:  56%|#######8      | 449/800 [00:28<00:20, 17.07seq/s, events=35920, loss=2.4268, writes=94]
[Epoch 030] Wake:  64%|########9     | 513/800 [00:31<00:15, 17.94seq/s, events=41040, loss=2.4172, writes=98]
[Epoch 030] Wake:  72%|##########    | 577/800 [00:34<00:11, 18.67seq/s, events=46160, loss=2.4320, writes=98]
[Epoch 030] Wake:  80%|###########2  | 641/800 [00:36<00:08, 19.25seq/s, events=51280, loss=2.4398, writes=98]
[Epoch 030] Wake:  88%|############3 | 705/800 [00:39<00:04, 19.78seq/s, events=56400, loss=2.4321, writes=98]
[Epoch 030] Wake:  96%|#############4| 769/800 [00:42<00:01, 20.24seq/s, events=61520, loss=2.4267, writes=98]
[Epoch 030] Wake: 100%|##############| 800/800 [00:42<00:00, 18.95seq/s, events=64000, loss=2.4329, writes=99]

[Epoch 030] Global:   0%|                                                       | 0/800 [00:00<?, ?seq-pass/s]
[Epoch 030] Global:  12%|##5                  | 96/800 [00:02<00:14, 47.52seq-pass/s, batch=3/25, phase=train]
[Epoch 030] Global:  24%|####8               | 192/800 [00:04<00:13, 46.02seq-pass/s, batch=6/25, phase=train]
[Epoch 030] Global:  36%|#######2            | 288/800 [00:06<00:11, 45.41seq-pass/s, batch=9/25, phase=train]
[Epoch 030] Global:  48%|#########1         | 384/800 [00:08<00:09, 45.11seq-pass/s, batch=12/25, phase=train]
[Epoch 030] Global:  60%|###########4       | 480/800 [00:10<00:07, 44.92seq-pass/s, batch=15/25, phase=train]
[Epoch 030] Global:  72%|#############6     | 576/800 [00:12<00:05, 44.78seq-pass/s, batch=18/25, phase=train]
[Epoch 030] Global:  84%|###############9   | 672/800 [00:14<00:02, 44.65seq-pass/s, batch=21/25, phase=train]
[Epoch 030] Global:  96%|##################2| 768/800 [00:17<00:00, 44.60seq-pass/s, batch=24/25, phase=train]
[Epoch 030] Global: 100%|###################| 800/800 [00:18<00:00, 44.33seq-pass/s, batch=25/25, phase=train]

[Epoch 030] Sleep:   0%|                                                             | 0/11 [00:00<?, ?step/s]
[Epoch 030] Sleep:   9%|#5               | 1/11 [00:00<00:04,  2.12step/s, absorbed=0, phase=light, replay=17]
[Epoch 030] Sleep:  18%|####9                      | 2/11 [00:01<00:08,  1.12step/s, leaf=root_L, phase=split]
[Epoch 030] Sleep:  27%|#######3                   | 3/11 [00:23<01:01,  7.73s/step, leaf=root_L, phase=split]
[Epoch 030] Sleep:  27%|######2                | 3/11 [00:23<01:01,  7.73s/step, leaf=root_R_L_L, phase=split]
[Epoch 030] Sleep:  36%|########3              | 4/11 [00:30<00:54,  7.72s/step, leaf=root_R_L_L, phase=split]
[Epoch 030] Sleep:  36%|#######6             | 4/11 [00:30<00:54,  7.72s/step, leaf=root_R_L_R_L, phase=split]
[Epoch 030] Sleep:  45%|#########5           | 5/11 [00:30<00:46,  7.72s/step, leaf=root_R_L_R_R, phase=split]
[Epoch 030] Sleep:  55%|############5          | 6/11 [00:30<00:38,  7.72s/step, leaf=root_R_R_L, phase=split]
[Epoch 030] Sleep:  64%|##############6        | 7/11 [00:41<00:23,  5.80s/step, leaf=root_R_R_L, phase=split]
[Epoch 030] Sleep:  64%|#############3       | 7/11 [00:41<00:23,  5.80s/step, leaf=root_R_R_R_L, phase=split]
[Epoch 030] Sleep:  73%|###############2     | 8/11 [00:41<00:17,  5.80s/step, leaf=root_R_R_R_R, phase=split]
[Epoch 030] Sleep:  82%|###########4  | 9/11 [00:41<00:11,  5.80s/step, actions=0, phase=deep, pressure=1.000]
[Epoch 030] Sleep: 100%|#############| 11/11 [00:41<00:00,  3.81s/step, actions=0, phase=deep, pressure=1.000]
[MemoryTree][030/030] wake/event=2.432866 sleep_residual=0.000565 writes=99 memorize=113 queue_split=0 wake_actions=A44401/R19486/M113/Q0 novelty=0.0883 weighted_sim=0.8234 wm_grad_max=4.324e+00 global/event=2.433623 mix_diag=2.4899 global_steps=25 prior_KL=1.039e-02 seq_H_cond=0.2345 seq_H_marg=0.6408 seq_MI=4.062e-01 post_KL_diag=2.327e-01 branch_distill=3.686e-01 probe=1.370e-01/0.196/-0.147/0.020 frontier=3.97/6.95/2.97 enc_gate=0.294 enc_scale=0.015 teacher_conf=0.294 teacher_JS=1.205e-01 max_mass=0.2534 owner_hard=[0, 334, 0, 0, 0, 10, 237, 5, 214, 0, 0, 0, 0] mem_assign=[136, 16057, 62, 542, 752, 7810, 15392, 8562, 14687, 0, 0, 0, 0] prune=on leaves=7 sleep_mode=deep light_absorb=0 deep_pressure=1.000 merge=0/0 merge_keep=0.000 merge_lambda=0.000e+00 mem_prune=54/54/147 mem_keep=0.630 mem_lambda=0.000e+00 time=W42.2/G18.1/S41.9s cache=0/800 cuda_peak=5330MiB sleep_actions=[]
[Training Plot] metrics=/home/xinye/Hawkes-Memory/HawkesMemory/Memory/Checkpoints/dws_8_posterior_frontier_v2_training_metrics.json figure=/home/xinye/Hawkes-Memory/HawkesMemory/Memory/Checkpoints/dws_8_posterior_frontier_v2_training_curves.png
