event_times,event_types
"[5.65084795,8.96428948,10.92124064,15.42236436,20.01435517,26.75858143,30.70516225,33.33955571,36.43817624,47.22554246,48.17948829,48.62057954,49.57700611,49.59357908,49.94321281,50.31487597,50.48066979,50.56217527,51.11990365,51.61191315,51.79750692,51.98253249,53.09994653,53.56240424,53.61581518,54.01885803,56.33264523,56.52708019,57.89345724,57.96746956,58.51644739,58.68417515,58.99406093,59.27340128,60.37187457,60.71302328,61.57687074,61.71004756,66.6980585,70.10392831,72.24325394,72.6022495,74.40033797,75.57182303,75.8573782,79.89564661,80.54055806,82.06458936,82.76608189,83.07359099,83.20819276,84.19736942,86.37119849,86.77584093,88.37885071,88.57906794,94.26209075,94.57124956,94.77878519,97.17756968,97.39812897,99.07798345,104.44403965,107.22955698]","[5,5,3,0,1,7,6,0,6,5,1,3,4,5,5,4,5,6,5,5,4,4,4,5,5,6,6,5,5,4,5,5,6,4,4,5,5,6,7,0,1,0,7,6,7,6,5,4,4,0,5,0,2,4,0,7,4,0,3,1,7,5,7,0]"
"[2.04017769,3.67716702,3.75988117,3.93431604,5.44805744,5.80096571,6.68800154,6.75336412,7.19202876,7.25491434,7.68995318,8.07461674,8.33554059,8.37134498,8.62783481,9.53131732,9.63340397,9.74487806,10.34782681,10.36904311,10.78329197,12.47945763,13.53559854,13.64399784,14.35160497,14.94096385,16.69101455,18.30257646,20.06462305,20.39000247,20.43574638,21.64440297,22.21468946,26.61170863,27.42148976,27.70181346,27.8573035,31.10479787,32.3146491,33.27887708,33.78100615,34.03994813,34.54278225,35.25160133,35.36777205,36.98354759,37.0902018,37.53479049,37.58392769,37.59272916,37.97166866,38.34660155,38.39978834,38.40278008,38.81988351,38.87519823,41.03367752,42.27025921,44.55065957,48.19504075,49.39574413,50.2839395,52.03504283,53.17894595]","[5,2,4,7,5,4,4,4,7,5,6,2,6,4,5,4,4,7,5,5,4,3,4,5,6,4,1,7,6,0,4,2,7,5,6,4,5,6,6,5,4,5,4,5,4,6,6,3,7,7,4,7,6,7,3,1,7,5,1,7,4,5,7,7]"
"[0.18939942,1.20856002,2.92658493,3.10423564,5.65106902,7.64352542,9.83015572,12.87325757,12.97627885,13.03826833,13.26486705,15.71454338,15.91074031,18.00692012,19.14070347,21.82600327,25.17470165,25.86175353,26.09866732,27.29149147,31.87860235,37.06436954,37.2715342,37.45258664,38.30314393,38.50734009,39.09210794,39.36999074,40.49062216,40.6580169,40.79294503,41.02598597,41.58358379,41.74453031,42.00314816,42.55694306,42.69666789,42.78713262,43.00135577,43.13650854,43.30236254,44.060306,44.57589568,44.65436096,44.71717708,44.76668101,46.41816249,46.87588696,47.66433691,47.72752447,48.38640148,48.71228693,49.64376163,50.5745781,50.60084898,52.93332257,53.05168745,53.52780176,53.66185857,55.30712214,55.31133823,55.32352523,56.68985316,57.67678872]","[4,5,6,2,6,2,7,3,4,5,6,6,5,2,3,0,3,0,4,1,0,5,4,7,4,4,5,6,1,4,2,4,5,6,5,5,5,6,4,6,4,4,5,4,6,6,6,4,4,5,1,5,6,4,4,6,5,5,4,5,6,7,5,3]"
"[0.42475822,4.12389076,4.76645463,8.20339626,16.89949502,17.05242122,19.93309646,20.28358289,21.07829831,23.49462583,25.03738034,26.65517509,29.11638467,35.64902495,37.24845028,50.61732078,55.15267844,60.26196378,60.45566534,61.75722431,63.0184622,63.19987673,64.3117115,64.46275384,64.73765213,64.92783518,65.29259977,65.68570217,66.03921681,66.09174215,66.13334154,66.2554774,66.41709906,67.00546433,67.07362974,67.15446157,67.93225849,71.38903832,72.61810126,73.4798509,78.15599033,79.07169085,79.63397331,84.85860725,89.46423835,92.35356499,92.83446743,92.86818138,93.84904374,93.88957537,94.58460009,95.42355683,95.67640627,95.99826169,96.54488846,97.85593647,98.37484233,101.62700291,101.72204708,111.2214481,112.74695812,114.80745793,117.65482051,119.84259167]","[7,6,6,1,5,6,4,1,7,0,6,1,2,5,1,1,7,5,4,1,5,4,6,5,4,4,6,7,5,5,6,4,5,6,4,7,7,4,4,7,7,1,6,3,2,0,5,6,7,3,6,2,0,0,7,1,1,2,5,0,6,7,5,2]"
"[1.53022073,2.61009718,2.72614054,5.35273862,6.07457293,6.52198953,7.13182205,7.58656893,7.89632015,8.379643,8.90733326,10.30166963,11.07693254,11.13328829,11.17694799,12.10899545,12.293507,12.44976911,13.04635873,13.19356005,13.34512146,13.79588409,14.35990039,14.97496095,18.09982052,22.16255548,22.24158875,25.38231172,28.64970825,29.2685567,36.19851555,38.9800853,38.98633022,40.05544534,43.99659714,49.14076998,49.22816564,50.55380384,51.01805722,51.23072402,52.44041055,53.76577216,55.42642163,56.04553049,56.84716305,57.56959282,60.45679832,62.6166326,74.21963427,74.53446611,75.52210568,76.22108199,81.83085803,87.07581882,87.24488745,88.13731756,92.05708281,92.74423046,93.24655307,93.66081218,94.46156779,94.50933656,95.12611339,96.01337005]","[1,5,2,5,1,6,0,7,7,0,5,1,1,6,6,6,5,5,0,1,7,1,0,7,2,3,3,4,4,2,5,0,7,1,2,2,5,4,5,7,5,0,2,7,4,0,5,3,6,1,3,1,3,6,1,5,1,6,1,3,7,3,1,4]"
"[1.09863346,1.22999058,3.02646129,7.45843783,9.86580939,19.67526849,21.2984112,21.63557842,21.7768462,22.11143415,22.38942313,23.43041527,23.48566457,23.74788483,23.91835404,25.45801558,27.87046526,29.66250812,29.81889579,29.90078055,30.69746359,30.76804632,31.03435121,32.43742487,32.46996343,32.60116298,32.65768834,32.66407747,33.16404618,33.68867962,33.74670802,35.02959614,35.07600239,35.27693801,36.64947571,37.18758197,37.29828004,38.22740029,38.69747227,41.29804274,41.32648867,41.37456482,42.01884614,42.04692516,42.09351907,42.21012736,42.43992808,54.1245177,54.97579086,55.38972942,56.48204027,60.04656748,61.14436986,69.74704722,70.31874866,70.7865828,71.16158799,73.24909269,73.45312926,76.38076853,76.71265983,76.90322306,76.93899514,77.51329324]","[6,0,1,2,4,5,7,0,0,5,7,7,7,1,0,0,7,0,7,0,7,5,5,0,0,1,6,6,5,1,6,7,5,7,1,6,7,1,0,2,5,4,0,5,7,5,6,7,7,0,7,5,7,7,3,0,1,5,3,1,6,1,4,0]"
"[6.10153156,9.19700453,9.45970058,11.8761757,14.89998805,17.06953442,17.11655067,17.2891483,17.46873408,20.19861341,25.58790242,27.35400232,29.66863999,32.39647821,38.62894412,39.76799903,40.04440311,40.11779059,40.61992073,40.68270419,40.79031671,40.8188345,42.14684548,43.13027587,43.9747217,46.52743007,46.721994,46.95563445,48.77090531,49.69383751,50.26929411,52.92076767,56.11397161,56.32060818,63.44192734,63.74495099,66.26706511,75.38546064,79.12991896,82.70057833,85.49403749,91.52500699,96.90546384,98.74003919,99.02757407,105.80224132,109.69790756,110.31635658,114.77753788,115.11070853,116.63889705,116.70647824,117.77627379,117.83505834,118.67221354,118.83025639,119.04136933,119.27351213,119.29007683,119.56766418,119.82991546,121.01874908,121.3291854,121.42425854]","[3,6,7,4,0,5,6,0,6,1,1,1,6,5,3,4,5,4,5,2,5,4,1,2,5,5,6,4,5,6,4,5,7,2,1,2,6,3,1,4,5,7,0,5,6,7,5,6,5,4,5,6,6,5,4,5,4,5,4,6,5,4,5,4]"
"[0.739145,1.8800485,3.48060321,3.8996824,4.39506814,4.50467468,5.17535697,5.96663994,6.40390067,6.43325385,7.03385921,7.04130206,8.31217052,11.70191634,15.38534991,16.76591621,17.2607917,18.3086075,18.31662491,19.26514189,19.31475427,20.27923081,20.29586177,20.58924123,20.76984235,20.82614841,23.96239792,24.4030065,26.02911763,33.01402551,33.72404542,33.85633102,36.09430094,46.55570073,47.33146025,47.66407578,47.66939378,48.86082355,56.34477664,56.90205039,59.53854994,73.57553061,75.32179537,76.33314225,76.84285185,81.47454933,82.52854611,87.00552738,87.03364686,88.27257645,89.79380038,90.3700824,90.73474449,96.8450887,101.03771968,101.72619865,102.17575686,102.32956664,103.51755476,103.75309411,104.07365453,104.8266658,105.23084077,125.19920645]","[3,6,4,6,6,7,5,1,5,6,6,1,7,7,3,5,4,5,6,4,5,3,3,5,6,4,6,5,7,7,6,3,1,3,1,2,2,3,2,2,2,0,7,6,7,0,3,7,3,1,3,6,0,1,1,4,5,5,6,6,4,7,7,4]"
"[0.2717124,2.26029411,2.71542782,3.80115199,4.08996531,4.69097343,5.16378104,5.18571142,5.41029671,6.31845744,7.48214129,9.90042234,12.00339777,12.56472009,12.92149507,13.08063166,15.73259734,17.30912537,18.49297947,21.37696088,22.46981495,23.70898601,24.93884176,32.1519666,33.12018213,33.84662146,35.12334436,35.61306499,39.14319954,40.72894876,41.07675817,41.55218427,41.83745608,41.8549003,41.86606673,41.90700735,48.06888661,49.70782971,50.63494619,50.74826575,51.02056087,51.45457161,52.0060051,53.21246744,53.71553687,54.39893248,64.04093495,64.10771177,64.14545568,68.94021987,69.87446627,71.11350602,71.44495436,72.613269,73.73355328,74.33393036,82.68171972,83.18653451,83.69421661,83.86595789,87.20829754,87.29886921,89.94046406,90.40663486]","[7,0,7,0,0,0,7,0,7,5,0,5,5,2,7,5,7,0,7,7,0,7,5,2,5,4,7,5,6,2,3,1,6,6,6,2,4,7,7,3,0,7,0,7,0,0,2,5,1,3,0,7,7,7,4,5,1,6,5,2,5,5,7,0]"
"[2.17775483,3.53020731,7.28289034,8.5726331,9.54634766,10.22060616,12.7495588,13.35911355,14.54337251,16.16586825,16.31768718,16.60499445,17.4859027,22.57707159,22.75899311,22.94145736,24.00268395,26.82479661,29.01632152,30.69305713,33.10286007,33.70089629,33.72729986,34.20886452,36.34860823,39.8337248,39.98617487,40.05858363,40.07896987,40.19781889,40.2316869,41.64596259,42.13869963,42.529134,42.55996555,43.12688278,43.69257092,48.15847159,48.78917058,49.16306683,52.19184672,52.30726387,57.31794511,60.23603428,60.2501612,60.66328346,60.83887406,60.97044613,63.01205534,63.34429937,65.45102506,71.34553533,71.66922047,76.79576598,77.10262132,77.2229789,78.12720995,78.29099224,79.9122612,80.2179218,81.71470022,81.90309958,82.41522937,82.6753748]","[5,1,7,2,7,5,5,7,0,6,0,1,6,7,0,7,2,5,5,5,4,7,0,0,0,1,0,6,7,7,0,7,0,2,5,2,2,7,0,7,7,4,4,7,2,5,5,5,5,2,1,3,3,4,5,7,2,0,7,0,1,7,0,2]"
"[0.26191937,0.7381755,2.47776337,8.90822073,10.29670435,10.88252685,11.21600148,11.59677648,11.63950211,11.65651883,11.81223586,12.40390457,12.49971359,13.22031486,13.32717138,14.85407052,15.36410098,17.90361746,20.22130841,21.31834299,22.92242903,23.22978615,23.84106177,25.49319544,26.04418781,29.31995206,33.58252176,42.78371188,44.30393797,46.50244707,47.17732183,51.24103151,51.65329234,52.00029927,52.18476138,58.29522711,58.87597697,59.63604934,60.83408002,61.35450298,61.80303535,65.00789365,67.63977478,67.72992569,70.38189763,70.75004398,71.23211263,72.02836705,72.29494673,72.61315108,73.22904028,73.60783038,79.7232426,80.58521584,80.7148998,81.63837704,81.70160134,83.16922588,83.31651221,84.5174701,86.27383851,90.24993034,90.53281528,92.07157773]","[7,4,2,5,7,1,6,1,6,6,1,2,6,5,6,1,1,6,3,3,5,7,0,7,3,7,7,1,1,7,5,4,1,6,6,2,5,7,2,3,5,0,0,7,0,7,0,1,7,0,0,7,5,0,7,7,0,7,7,0,7,0,5,7]"
"[5.59433865,11.34715062,12.91849203,14.26439419,18.27901794,18.55520121,19.57190776,20.54283421,22.86509965,23.50455271,23.77614258,26.39044269,26.56033389,30.18627588,30.49075805,30.502145,38.65112589,40.04375602,45.06207388,45.915528,47.77626068,49.23568601,49.5338838,52.6630344,59.461576,60.36511927,61.28874625,63.08995547,70.35142983,72.92803488,74.10663777,76.38392667,76.84819749,81.44640398,83.65323476,83.65661425,83.87464609,84.01228628,84.81117626,85.80775625,87.45379859,87.66310528,87.76701993,88.27298976,88.48616346,88.97057452,89.64609693,90.41645891,90.62175849,90.66284429,90.75916229,91.1018245,91.10368248,91.37516028,91.4015812,91.8982474,92.0605996,92.11468115,92.14714553,92.15225519,92.52276042,92.74924874,92.77511342,93.0132546]","[6,2,7,0,3,4,1,1,5,6,4,0,6,7,1,4,5,1,7,7,1,5,4,5,2,3,3,4,1,3,3,2,5,1,6,5,4,1,6,7,4,5,4,4,5,5,6,4,7,5,5,4,2,3,4,5,6,5,5,7,5,6,4,6]"
"[0.6552218,4.15137287,5.619095,6.73931287,6.88014126,10.8016789,12.95422212,14.65891869,15.00115729,15.59711805,18.56792334,18.91338841,18.9136392,19.12277185,19.78651908,20.02955584,20.61406231,21.88589438,29.16422473,29.2002196,30.40736609,30.72049059,30.82888357,31.08769642,32.50205767,33.17522456,33.825196,33.97202589,34.52441086,34.54038656,35.52900882,36.52136985,37.40733119,37.4292837,37.64113942,37.6803761,37.93310102,38.2957132,38.75633111,40.25204628,40.92189627,41.05526726,41.66340355,41.75034125,44.3251403,44.32872644,44.4348277,44.51410226,45.36810441,45.91578145,46.79484958,48.72760463,48.73358539,49.80686204,51.6587147,52.07710613,52.17218551,53.12028807,54.25677646,54.72577361,56.00952113,56.14930845,56.38640517,56.74379455]","[7,1,0,2,5,5,6,4,5,4,0,7,2,7,0,1,1,7,7,0,1,6,6,5,5,1,6,6,1,2,6,6,1,1,6,1,6,6,1,6,6,6,1,1,1,6,1,6,1,1,6,1,6,6,1,6,6,1,3,1,3,1,6,6]"
"[7.87820672,12.87487342,14.26080324,15.34207103,16.7026208,19.16649836,19.52728387,20.91605659,21.35860789,22.71699041,22.87611754,23.01100817,24.01266638,31.64887161,31.65887053,35.10976538,35.66353151,35.89173743,35.98783369,36.5876776,36.64558164,38.20270094,38.27993146,38.40838975,39.19578891,40.89603892,41.53430713,41.59784402,42.24842625,42.40104622,42.69449005,43.22488627,47.35611848,48.79381665,52.73736757,52.75876205,53.97898095,64.92897521,66.02625098,66.07255134,67.75515123,68.38335078,69.37090979,70.05705983,71.26841608,72.31907792,73.42072228,78.71195679,80.21975228,80.26343694,80.48201933,81.05706832,85.5448287,86.24702618,87.51073946,87.72465123,88.20367868,89.47411955,90.08352688,91.60378903,91.89817833,92.0367588,93.73798127,97.36996987]","[1,5,2,5,5,7,0,7,2,5,7,0,7,0,2,7,7,2,5,2,5,5,1,5,6,6,0,2,1,5,6,5,1,2,4,5,5,1,0,7,0,7,1,6,0,7,2,5,0,7,5,3,2,7,0,7,0,0,7,0,0,5,7,1]"
"[2.6895095,12.9031499,18.68830132,18.87682442,18.99853111,23.34887268,23.66767409,23.97052242,25.00201445,25.41005455,25.44048931,25.622733,27.39836566,27.99314057,28.48240306,34.46686621,35.2471286,36.98217811,37.48976808,41.4678691,41.76696441,42.04217696,43.69766535,46.50194951,49.18768697,52.7197883,56.7431774,56.88368737,57.29440352,58.40492906,58.64039907,58.79097551,59.04866298,59.05948488,59.23560532,59.3666493,59.74408618,60.01454518,60.09076671,60.2199157,60.3144545,60.34660697,60.66040995,60.88545502,61.36396893,62.60212399,62.7130866,62.76939196,62.80061007,63.25916815,63.28337923,64.0805752,64.38125571,64.66786275,64.80244711,65.56195403,67.42686669,69.43824776,69.98031487,77.89843572,82.12041933,82.9294307,86.86713673,88.0653114]","[4,5,1,6,6,4,2,6,1,7,0,0,7,0,7,1,5,6,1,1,1,4,0,7,1,6,0,3,3,7,3,0,7,0,7,7,7,0,7,0,7,1,7,0,0,0,7,7,0,7,0,7,7,0,0,0,0,2,0,2,5,5,1,3]"
"[2.08467244,2.43464493,3.90890986,4.43192057,4.69568526,5.0275573,5.84397044,5.87236974,5.95625898,6.47468071,7.36956784,7.66200444,8.21156015,8.48234627,10.49788106,10.9345599,15.90741185,16.90515786,16.93318455,19.10211057,20.93024787,23.62412784,24.63597909,27.93693445,28.39920049,30.85405131,32.48504332,35.20273862,37.12112507,37.14179001,38.92098399,40.38851094,55.99229293,65.61199368,71.21933424,74.3183803,77.54945881,80.06045425,80.28976068,80.62889106,86.3289106,87.02389003,87.07006805,87.27518743,87.42584792,88.21320876,88.86168675,89.19794814,89.69021505,94.78370377,95.24463954,96.72735712,98.03301575,98.29582385,98.59561552,102.6707176,103.28412287,104.52313224,110.77021468,111.77114643,119.23680043,119.84085291,119.883042,120.4761212]","[5,7,4,0,7,0,7,0,7,0,0,0,7,0,4,0,0,1,7,3,3,2,1,7,1,1,0,7,0,0,4,1,3,5,5,3,2,7,0,7,0,7,0,7,0,0,7,7,0,1,6,1,1,0,6,6,6,6,0,7,1,6,1,1]"
"[0.59541808,3.0711449,7.86980189,7.89927759,8.42436831,12.676133,15.98425102,20.89208467,22.32570474,22.68068868,22.93520911,23.10256903,24.80947365,24.92977185,28.53913633,29.60667742,32.8083283,36.81278104,38.80501229,38.87190294,38.94813183,39.38543819,39.38723743,39.9778648,40.38333198,41.12635597,41.18034848,42.05237998,43.37606887,44.05583581,44.85387967,46.14203209,48.1306131,49.11596301,51.82694855,52.76193167,53.67982797,58.74470145,61.9856121,62.2523187,63.40623713,67.59641126,67.93323394,69.89681719,72.6128661,73.47231079,74.22977201,75.87300722,76.9540442,79.44697422,81.3173374,82.15406061,82.39759442,83.9543042,85.841182,88.71692933,89.21894664,89.97210739,97.21225461,97.28520936,98.06648686,98.73991913,98.98319413,102.0859594]","[1,4,5,7,4,4,2,2,2,5,6,1,7,0,3,1,1,5,4,5,6,5,6,3,4,6,4,6,6,1,5,4,3,2,2,6,4,2,0,3,3,7,1,1,2,5,6,0,4,3,3,3,3,0,3,5,0,0,4,4,5,4,4,4]"
"[9.00091217,12.28111558,12.55389401,21.95607534,21.97799691,23.42464874,29.8833941,30.05933502,30.33888732,34.38776073,35.0542873,35.37043238,35.57669131,37.66099084,38.11008863,39.21230261,39.5265297,39.71258214,40.70799235,50.24436041,50.95264451,52.85030505,52.88455437,54.94853766,55.08581161,56.89201305,57.74243424,57.77326013,58.4363257,58.67085919,58.85889274,58.98867406,59.26535217,59.54686457,59.92853766,60.11792602,60.90525564,62.2007577,62.24630506,62.6808798,63.77577528,64.05171245,64.51809793,65.13445766,65.52519994,66.20915639,66.31960367,66.59954359,67.18487406,67.45756089,69.06816794,69.20163902,70.21450038,70.47407105,83.00826677,84.44286726,94.34609247,94.96601954,97.55446484,99.87075567,102.17980359,105.49669146,109.32092361,109.55722865]","[1,0,5,4,5,4,5,4,4,5,2,4,0,4,4,5,4,6,6,1,4,7,2,5,5,4,5,6,4,5,5,6,4,0,5,4,5,6,5,6,6,4,1,6,4,5,4,2,4,5,5,6,2,7,7,4,6,2,2,6,6,2,1,2]"
"[6.55825902,7.63722799,19.8557887,27.23655951,30.58080133,34.66520737,34.83805047,35.08939165,40.51159417,47.95788329,48.58039044,49.35763684,51.59340722,52.29669296,52.55091391,53.08720614,54.64064339,57.11308529,58.8675751,65.83289703,66.21545195,68.57524739,71.59955459,72.70323654,74.74967381,75.32041273,79.0118808,79.53117828,79.99864984,83.232238,84.70454109,86.07888296,86.13653118,86.36697378,87.39002766,88.75897456,88.78224199,89.2128504,97.82544833,103.1625952,104.2711824,104.51751172,105.00230661,105.4585379,106.30808563,106.95418184,107.20844634,108.24024315,109.02573555,109.95083124,111.02703029,113.07590626,115.42779519,116.14152256,116.75559739,117.80560143,118.19964589,118.40966088,119.31705781,120.10640896,125.46094036,126.9824968,129.20708038,130.3087855]","[3,0,5,6,0,3,1,7,7,0,7,6,7,0,5,6,2,0,1,5,4,6,6,7,1,6,7,7,1,5,1,0,6,7,0,2,3,7,2,2,5,4,5,6,4,5,6,4,5,4,4,7,3,5,5,4,4,6,6,7,2,1,7,6]"
"[0.24829773,1.78592472,1.8497427,2.00411475,9.83268458,16.36592104,17.09998944,17.20437414,17.93858061,23.27080563,23.97782383,24.12771284,24.94167714,25.44934006,26.12026458,28.42402314,28.77896666,29.8282877,32.39904201,33.32668073,33.65813914,34.25684928,34.62018478,35.86770862,35.87621792,35.95099645,37.50537179,37.95664436,40.0637749,42.52013269,43.43981156,43.87093289,44.20922937,44.9336386,45.76837392,47.18337803,50.39343198,51.01122827,53.59166637,58.44309432,61.00754693,61.26025931,61.89485708,63.04273238,66.91071702,68.24980606,73.3540484,74.32378659,81.86711289,84.35886145,84.96228007,86.08667743,87.73179854,89.12549362,97.55832865,97.61500445,99.53293414,99.68766249,100.34547625,101.70650478,102.3524789,102.97727075,103.15458547,103.50836414]","[7,3,4,0,6,5,6,6,5,2,5,6,5,1,6,1,3,2,7,0,7,0,1,7,2,7,0,7,0,3,5,1,6,3,6,0,4,1,5,5,0,2,7,5,1,6,7,0,1,6,1,6,4,2,2,5,1,6,1,6,1,1,6,1]"
"[0.80796087,0.82856465,0.88678379,1.62969184,2.22488119,2.33655069,2.48397653,2.49598275,2.80708007,2.87812822,2.979568,3.44550896,3.54850586,5.72288999,6.4112889,7.08721808,7.20267579,7.51550949,9.16510846,13.55444159,15.038457,16.29611618,16.9022146,17.00825513,18.38041936,19.7644752,20.3191502,25.06017458,27.513603,28.23275926,29.52848259,31.31244021,34.64652758,35.85956428,35.93814928,37.08155777,38.65069093,39.47636134,40.64587412,41.92837655,43.16987748,43.3344424,43.70955377,44.36739604,45.23125182,45.649143,46.26222503,47.91148162,50.30063622,51.98093101,53.7406483,53.7942804,53.91209184,54.52343849,56.62425903,57.9917156,58.32415865,60.13700142,61.09584662,66.69817539,67.62474091,69.45049807,71.02305255,72.0770586]","[6,6,1,6,1,7,6,6,1,6,1,6,1,1,6,5,6,1,1,3,1,6,1,6,6,4,4,1,6,5,7,6,6,0,1,6,6,6,0,1,1,7,0,7,0,6,1,3,7,2,7,1,5,5,1,6,6,7,2,6,2,5,6,7]"
"[3.9233794,5.54514882,5.6593582,6.82701634,9.54056327,10.13739948,10.1865655,10.52797882,22.06784172,29.26382383,34.25428198,34.91086178,35.69398998,37.8419578,37.96522197,38.35738325,39.02290607,39.16879163,39.95136751,39.9977424,40.13689199,40.19815609,40.95394326,42.65622886,42.8685867,45.62757592,46.08040624,56.36061896,57.2880775,59.21307522,59.30873905,62.26755737,63.01731652,63.52466102,63.74945893,64.44082762,64.65811942,64.75662824,66.00790552,66.27471384,66.31961447,67.78795507,67.81483339,67.84369511,68.14108998,68.9951007,70.11878943,70.94744723,71.73078053,72.01007897,72.52685777,72.73518913,72.90441223,73.10617666,73.89036011,74.52341836,74.65674122,74.7535458,74.96544342,74.996868,75.58171344,77.25431758,77.72490898,77.97442242]","[2,1,7,4,5,4,4,6,2,1,0,5,4,4,5,5,6,7,5,4,7,2,6,7,1,6,0,4,3,0,2,4,5,5,5,4,5,5,6,1,6,6,5,4,4,4,5,4,5,4,6,5,5,5,5,6,6,3,7,6,6,4,1,5]"
"[16.52210465,17.86990737,18.21558834,20.7921184,21.56182933,24.09803395,25.69369404,25.76486065,25.76655684,25.77916472,25.79425628,25.94718068,26.04374315,26.35208317,26.56541513,26.61891082,26.86935689,27.09310281,27.9961773,28.00585538,28.17840244,28.21649394,29.08060074,31.52357757,31.65078859,34.61680238,34.82206553,35.03804656,38.09949662,39.15793201,39.31862141,39.52113342,39.90192903,39.98194839,40.11217191,40.52162344,41.23634941,41.25938711,41.62614654,41.67673815,41.9151295,43.35280961,44.36343322,44.36581327,46.08690361,47.10263967,47.14500569,47.63066456,48.88900052,49.42626051,49.61074934,50.04892534,50.73099568,50.91201072,51.27361695,51.7612265,52.31386203,52.41021841,53.8929111,54.31825375,55.05896082,57.65322703,57.70383713,57.95542861]","[0,1,6,1,1,1,6,1,1,6,1,6,7,6,1,6,6,6,6,1,3,6,6,6,6,1,6,4,1,3,3,6,7,7,3,0,7,7,1,0,6,0,1,6,1,7,0,0,0,5,7,0,7,7,0,7,0,0,1,7,5,6,1,6]"
"[6.9274533,7.50753494,7.60882368,9.56888507,10.62649708,11.65589399,12.05182498,13.47383586,13.59608565,24.19304011,24.94884414,25.18662011,25.690561,28.56697941,30.43984057,31.67915188,32.9352021,33.45184458,34.24122877,34.49208966,35.06054843,35.15531445,38.34187525,48.20078168,48.75751763,52.03596707,58.31620125,58.92218798,61.33154503,62.94033831,68.19790395,68.38871337,68.71620113,70.22281829,71.94705652,73.98737203,84.55991704,84.59094437,85.53147963,86.17591833,86.5820085,90.37720871,91.97833972,93.65792689,95.49035441,100.53591267,100.67484097,102.20127049,109.64192505,111.13741575,111.28312866,112.29215123,112.71696068,114.33147131,114.40632772,114.81332476,115.06681199,115.37111914,119.96077797,120.61347564,123.1184405,124.77285588,127.14926273,128.53216996]","[1,5,6,1,4,0,3,4,5,2,5,5,1,7,0,4,2,1,3,6,1,6,6,4,0,3,5,1,1,3,2,7,5,6,2,5,2,5,0,6,7,2,3,3,5,2,5,7,4,1,6,6,4,1,3,1,1,6,3,2,5,3,5,5]"
"[8.7955454,11.5253674,15.09525776,17.12975915,18.7582832,19.10555072,19.57847796,20.09512955,20.11947674,20.25465411,20.26989545,20.56114988,20.73124441,20.8103505,21.08488176,21.11459694,21.19612688,21.59995123,21.79211905,22.1047199,22.18449879,22.59645823,22.61505776,22.84857535,23.17352918,23.36609867,23.44224185,23.58901299,23.70422678,24.15824396,24.5042744,24.57560324,25.8455477,26.30618039,26.36078354,26.46554504,26.66720812,26.76329155,26.88979956,26.93202944,26.93902342,27.62972331,28.27023233,28.31735335,28.56241225,29.419207,29.46525867,29.57302225,29.628166,29.68225678,30.29275671,30.36842815,30.39049637,30.54840238,30.57121967,31.47218244,31.83935801,34.66637137,34.77704035,35.08337595,40.67636134,41.38955695,41.67830346,41.79681251]","[1,6,1,6,1,1,0,7,6,0,7,1,7,0,7,6,6,0,7,0,1,2,6,7,0,7,7,0,7,7,0,0,0,0,7,0,0,2,0,7,7,5,7,0,0,0,0,7,0,7,7,7,0,7,3,7,0,5,7,0,7,0,0,7]"
"[3.08624677,10.78540456,12.28222755,15.16119192,15.35083742,16.53034507,17.18980815,17.91746187,19.44558622,21.51827363,21.84091484,23.039166,28.84500062,29.28008048,29.39407406,31.41250909,32.5509014,32.6404536,34.55464057,43.47316305,43.6713342,43.91972895,43.99003598,44.25809312,44.95635708,47.33324824,48.2901851,52.36518724,54.18899951,56.1673328,57.28519676,57.77059888,59.2527145,59.29297995,63.8564787,63.8961876,64.13552274,64.48786335,64.66203919,65.11229679,65.2600688,65.43429542,65.45739375,65.49956544,66.03212664,66.05846401,66.43020994,67.40857047,67.99052814,68.57773096,69.27391698,70.58088869,70.58533513,70.68916544,72.15120811,72.18646276,72.57795231,73.96385788,73.98465187,74.5750182,75.15995705,75.21009075,75.23073022,75.68879874]","[1,3,6,2,2,5,6,1,6,4,5,2,6,7,2,0,0,2,7,0,4,5,6,5,6,6,1,1,6,4,3,5,4,2,5,4,6,5,2,4,5,4,6,5,7,7,6,2,4,6,6,5,4,1,6,4,6,7,5,6,5,6,6,1]"
"[1.20426633,2.45465188,8.14652319,8.92575527,10.93127198,12.12490334,12.27967211,14.55786179,15.70373385,16.49160635,17.87284986,18.04263776,18.14317422,19.45447114,22.08051041,24.11805117,24.25055347,24.82670141,24.92197844,25.58633057,26.21127372,26.36984193,26.48076052,28.08561737,28.12941084,28.26919097,28.5002664,28.64939388,28.80215058,28.84378676,29.13625974,29.59407245,29.63738507,29.83245902,30.83715656,31.48747502,31.79833199,32.41730722,32.91728852,32.92401574,34.88618023,37.10870075,38.42917637,40.35344689,46.13247715,47.09647221,54.22532809,55.17487208,55.41863335,55.76553923,55.92632948,56.64633605,56.85796119,57.42728695,58.82105838,58.87105952,59.23302435,59.31921009,59.73087407,59.86273119,60.09441056,60.10887687,61.11600707,61.80442912]","[7,0,0,5,6,4,3,5,5,6,1,5,6,6,2,6,4,5,7,7,4,4,5,4,5,4,5,5,4,5,1,5,6,6,5,5,6,6,6,4,7,0,4,5,1,0,3,5,6,2,2,6,7,4,5,5,4,5,6,4,4,5,6,5]"
"[0.35372426,1.72569308,1.99165122,2.25921169,2.984227,4.35994402,4.9190448,5.19907842,5.4280884,5.65358,6.54951607,8.21581373,11.16309074,12.00620912,12.21525692,12.98985143,14.61489279,21.26502698,27.11745103,28.42195001,29.68612486,30.1919924,31.55439221,31.9484921,32.79175001,33.14462567,33.40006372,33.86143689,33.91079133,36.54332146,37.46915931,37.99964022,38.28987846,38.3985001,38.49111589,38.76920713,38.86175642,39.47102305,39.68919328,39.82730458,39.87688411,40.57735159,40.93058633,41.58794069,41.68453909,42.64857834,43.48443781,45.1718149,45.92547933,46.3986453,47.418705,47.65798961,47.9096227,48.1948267,49.32463032,49.64085247,50.75389218,50.93100159,50.9401587,51.07268328,51.08973599,51.75799434,52.43599588,52.43957519]","[6,5,4,7,6,6,0,5,3,3,4,4,5,6,7,1,0,2,2,2,4,2,5,2,4,6,3,4,7,4,5,5,4,2,5,4,4,5,4,4,4,5,4,4,5,5,6,4,7,1,5,4,6,6,6,4,6,6,5,6,7,4,7,4]"
"[0.65696065,2.16797748,2.79099124,3.80182581,3.96435686,3.99705562,4.46350556,4.86202495,5.60084606,6.66524122,6.93184515,6.97474003,7.02578414,7.84291712,8.1157356,8.39036509,8.43783511,8.4763319,10.71280326,10.83737673,11.61946116,12.27512174,12.3640562,13.8170074,15.32823028,15.57449971,16.42949435,16.71500143,17.28670255,19.54257867,22.5482091,23.7909041,26.35289516,26.48267614,28.23471304,28.88775872,29.09349704,29.48926568,29.59065585,29.684283,29.69851777,30.61450483,30.6368876,31.78325463,31.97008681,32.10874615,32.12769295,32.1632236,32.21723911,33.07441608,33.37117283,33.80290168,33.9381501,34.60562462,34.834384,35.44996537,35.46547014,36.96105295,37.1480999,37.15501501,37.76012668,37.78433122,37.97784678,38.86683316]","[1,7,1,6,1,6,6,1,1,6,0,2,1,6,1,7,0,5,6,1,1,0,1,4,2,5,3,2,2,3,7,0,0,2,7,0,0,7,7,0,7,0,7,0,7,0,7,0,7,7,0,0,7,7,0,0,3,0,7,0,7,7,1,0]"
"[2.16549044,3.98015443,4.07021004,4.78064245,5.47896407,5.58630246,6.4780007,6.96661457,7.42376757,7.58376461,8.79031635,9.61525157,9.69715695,11.2206988,12.70674593,12.78317714,12.80405136,12.98972398,13.23791537,13.30349144,13.96521701,15.38855314,15.59983722,16.57947896,17.11297954,17.49076843,17.76816976,17.95268343,18.49704225,18.93992848,19.26677697,19.45820081,19.69695769,20.71412715,21.17501605,21.7376176,21.93328166,21.97457775,22.42178443,22.67176403,22.76259366,22.77091091,22.81798064,24.74931334,25.59468874,26.13922373,26.65947197,32.20069356,32.31393142,33.28530174,33.76793801,39.65045793,39.79312877,44.05109492,44.57847476,45.90714873,47.45548595,48.3333773,49.18495021,50.03451703,50.09251926,51.08054659,51.42442008,51.49823004]","[0,1,6,6,6,1,6,1,6,7,2,5,6,1,6,1,6,6,1,1,1,6,6,1,5,6,1,1,5,1,1,6,6,1,6,1,2,5,6,6,6,5,6,6,1,3,6,1,6,4,5,6,1,6,1,1,5,2,6,7,1,0,2,5]"
"[2.04067496,6.69678966,8.9213663,10.86795004,23.23315829,28.47193071,31.47355257,31.68379215,36.1299741,37.86842463,38.47822784,39.10782397,39.25704093,39.71217717,40.99116341,41.96520684,43.52623956,45.23668459,47.96697501,48.28246966,49.40834239,49.4643697,50.81506027,52.08361491,53.8441207,54.08366589,56.23818096,57.02866113,58.62761326,60.50137442,61.53909066,64.1429401,64.54150584,65.56133213,65.92938031,67.24987907,67.36227374,67.78267721,67.84131481,68.3291454,68.48677905,68.50720581,69.01771527,69.63677503,69.7283297,71.23172001,73.95433955,74.50108842,75.00098169,75.92498872,76.36546868,77.33652487,78.17253475,78.28179419,78.97975666,79.55998973,79.61265105,80.25991487,80.3332801,87.51647821,87.63155635,89.35348445,90.90824836,92.58239655]","[2,7,2,4,1,5,0,1,2,6,5,4,5,6,6,3,7,0,4,5,6,6,6,1,5,2,6,5,4,5,6,4,5,6,7,4,5,5,6,4,1,6,5,6,5,4,4,5,6,6,5,5,4,6,6,7,7,6,5,1,6,6,5,0]"
"[8.08603249,8.29644031,9.11504151,9.5203066,16.24864023,16.28797002,17.37922136,19.92016095,21.43854467,22.16036951,23.05327554,23.13344345,26.60006262,27.09196104,27.19974869,29.88628426,30.76458662,30.99596825,31.50311819,32.13987135,32.36010835,32.50996689,33.57708221,33.58796171,33.71164326,33.79249863,33.90245795,34.07243445,34.11033052,34.26081357,34.70541625,35.52629334,36.92268881,37.32207083,37.81905799,37.97398032,39.13868487,39.34393797,40.49294758,43.6565077,43.67266406,45.37137198,46.15879866,46.47532991,49.3366772,49.85216777,50.19795803,50.29704985,50.74869632,51.24822603,57.16533558,58.99359294,59.14578322,59.35412246,60.01759457,62.61788228,63.72532445,66.23726813,67.52845186,81.01204714,85.315921,89.36254441,98.83568627,100.05590336]","[7,3,4,4,1,2,7,0,1,7,6,6,2,1,6,6,2,1,6,1,5,5,1,1,6,1,6,6,6,6,6,1,5,1,6,6,1,6,6,1,6,1,6,1,5,2,6,1,7,0,1,2,1,1,5,6,0,1,4,2,0,0,1,3]"
"[4.90176828,5.45272863,7.68032564,9.11590587,15.17756406,16.50099381,17.03462456,21.36558237,25.78583659,25.83209915,26.60934573,27.29531783,27.78158555,27.9043849,28.37481929,29.20959552,29.33142099,29.48298874,30.04700402,30.27676495,30.59209726,31.17186769,31.36483254,31.52518051,31.8680988,32.278211,32.3494365,32.50066142,33.0204166,33.94285999,34.61539467,34.93536163,35.40882262,35.73079633,36.73799395,36.9600258,37.0039138,37.09656258,37.12090973,37.30128366,37.47548563,37.60715234,37.79373719,37.90760963,37.91397447,38.1898205,38.8681269,38.91152987,39.1930908,39.22906961,39.37534854,39.56561646,39.66469919,39.8259957,40.12114245,40.48438048,41.33205155,41.87187477,42.04550454,42.19140824,42.29564073,42.55684876,43.36667524,43.64561904]","[7,3,0,5,2,7,1,6,4,5,7,5,6,4,0,5,4,4,6,5,4,6,5,4,7,5,4,7,3,4,4,5,5,5,4,4,5,4,5,4,5,5,6,6,5,5,4,5,3,6,4,4,5,4,5,6,7,5,2,4,2,5,4,5]"
"[0.97971203,2.93400903,4.51890232,5.56671761,8.08930685,11.43526368,18.13956225,21.73024418,22.49327744,25.82702802,26.48769683,26.88852299,31.48509275,35.68846649,41.15014976,47.35056612,48.38969481,48.44187585,48.71069249,49.14900784,51.85532975,52.82517107,53.44655696,54.77258541,55.29070936,62.30275526,64.43604574,64.92241754,67.0698114,67.53244701,67.97945698,69.04421101,69.2748542,69.46533087,69.83046451,70.59316949,70.75451473,71.17152395,71.23419583,71.3027617,71.51031823,71.68679759,72.39407945,73.34685284,73.47195058,73.71875767,73.75892217,74.43247143,75.51206519,75.87687936,76.50717581,76.53110418,77.01386529,77.93107898,78.05091871,78.20231564,78.36002643,79.41914615,79.7266148,80.64175234,80.83747628,82.16463913,84.30145852,85.18833918]","[5,0,1,0,2,5,6,1,6,5,1,4,5,6,4,1,7,2,0,5,2,5,7,7,0,3,5,5,0,1,6,7,6,1,0,6,6,1,6,1,6,6,1,1,0,5,6,1,7,0,1,6,5,1,6,6,6,1,6,1,6,6,2,2]"
"[1.24513725,3.22702875,5.34474873,6.03307062,7.50516567,7.54360046,8.05998269,9.2435763,9.99556117,10.36486841,11.01992011,11.81375836,11.85629065,11.98527903,12.01811484,12.92977542,15.56090179,19.84075084,20.9514702,21.26615374,22.16564932,26.25586146,26.87045973,27.09279923,28.66789092,28.72686349,31.78826408,33.91663865,34.22453096,36.31056236,42.0041887,44.50384151,46.45737931,48.7883063,50.52584687,50.70515777,58.36795982,60.96735415,62.88249458,63.36739315,63.90139142,65.04906589,65.09261818,65.32214477,65.36300136,65.51219387,65.89972443,66.91778531,67.05923793,67.06484726,67.51158987,67.5166624,67.59216404,68.11665729,68.84529016,68.90976493,69.1943699,69.230733,69.3608975,69.52681745,70.02043591,70.0307624,70.57408738,70.94104973]","[7,1,6,4,5,4,6,0,5,4,4,6,2,0,5,1,7,2,0,0,6,2,5,6,4,4,4,5,5,4,0,1,7,7,1,4,1,5,5,5,4,4,2,5,4,0,7,5,2,3,0,4,5,4,5,5,6,6,6,4,5,4,6,5]"
"[6.39152039,6.67450391,6.95551092,8.08862074,8.36859722,9.54391292,11.58094801,12.19028492,15.3046442,15.95907646,18.40408796,20.66943582,26.92655538,32.75339077,35.9483741,36.09511137,36.13622045,36.24398692,36.45351194,36.80242735,37.84978071,37.85727606,39.05496947,40.72002569,41.28351731,41.52521188,41.59975372,41.60960945,41.73473144,42.08395418,42.12097193,42.39313037,42.40573595,42.59407614,42.76066475,42.99928717,43.19180685,44.01952231,44.3872409,44.45171991,44.82242785,45.29081795,45.71055169,46.85723427,47.24521397,48.36359969,48.64829947,49.20860933,50.00400051,51.84800017,56.05234921,57.87850193,59.67961944,60.13461986,61.23911313,62.04280977,62.81882865,63.09076913,64.74629415,65.25651524,66.29945899,67.40493038,68.28516924,68.5773658]","[7,0,7,0,4,0,7,0,5,1,4,1,5,3,7,0,7,7,3,0,2,0,5,7,0,7,0,0,7,0,0,0,1,5,7,7,7,6,1,6,1,7,6,7,0,1,2,6,5,5,2,6,0,2,1,5,4,0,7,3,7,0,7,7]"
"[1.30191886,8.49185913,8.83282318,11.10148942,11.2342968,11.29371352,11.63797744,11.71942068,11.76205475,13.21944016,14.66805241,15.60536964,15.92738217,19.38397989,21.84682333,24.24796025,25.04487106,25.94953539,25.99778858,27.31272574,27.97022657,29.59872618,29.77621481,30.21076474,30.25904283,31.03086246,32.92811203,37.18407946,37.34039707,39.13279908,43.89687969,44.89259495,45.19317203,46.08090757,46.51213917,47.92082685,48.51697632,50.79897728,51.53801601,54.73097938,56.41279515,58.18780704,58.59834062,60.10719316,60.35931093,62.24699897,62.97275257,63.0195281,63.43630143,63.55281062,64.67256357,66.32930854,66.51595268,67.01181999,67.22577384,67.639985,68.76911842,68.82878392,69.43873002,69.50381998,70.19936607,70.65225805,71.12385696,72.14260427]","[2,1,6,0,2,1,5,2,3,7,0,1,6,1,5,7,1,3,4,6,1,1,6,5,1,7,2,4,5,5,7,0,7,7,4,7,3,1,7,0,7,7,0,7,5,0,7,0,0,0,7,1,7,2,7,0,0,7,0,7,2,7,0,2]"
"[9.59367044,10.04428597,11.09442971,11.24270591,11.4595596,12.47469551,12.92480159,13.62764897,13.64208846,14.1469137,14.98672139,15.07906448,15.37900003,15.68218293,15.6887362,15.74906395,15.88844142,16.06009071,16.09543424,16.17184174,16.17498999,16.23881238,16.302288,16.60651115,17.6641671,17.66481543,18.41275161,18.5674725,18.57091094,19.31419829,19.34753208,20.63794121,21.3988892,21.79135458,22.33899302,22.98109952,25.79249695,27.28258305,29.19829004,30.36308117,30.8341921,39.04410844,40.32074345,43.40189984,53.1820353,53.43376422,56.9729028,58.69345692,58.77829595,59.34060402,60.21396988,62.05215444,65.08446074,65.87680568,67.25859676,67.29571922,67.55274474,67.99663379,68.0866361,68.29528748,68.68257464,78.68340938,79.6970188,79.82336132]","[1,6,7,0,5,7,0,0,7,0,7,7,0,0,1,7,2,7,7,7,7,0,1,7,7,0,0,6,7,0,7,6,0,5,1,6,6,6,7,1,6,3,2,5,7,2,6,2,5,5,2,5,5,7,0,7,0,4,7,0,0,1,6,4]"
"[3.69127428,4.80153327,7.74892893,8.75754263,11.6930814,12.61829314,15.62674338,16.66634862,18.11008337,19.15561022,21.80053258,22.55699872,26.04528805,26.60166306,30.31532662,31.09268319,31.96177078,33.0255121,34.91132143,35.39029432,35.70995725,48.05527156,49.12937724,50.95696043,58.28403003,64.56767619,65.5069981,68.49861058,68.50513615,68.52865693,72.43629382,75.15475785,75.28555584,75.70269318,76.23978938,76.72391985,77.31239595,77.47401329,77.71508229,78.08951663,78.12333721,78.79567305,79.60564324,81.24985111,82.74312943,83.39526589,83.80271615,83.97238697,84.07846319,84.7027245,85.07046094,85.49923057,85.66124681,86.71855246,87.084263,90.67357365,92.90200891,93.05232285,93.19947064,96.93297836,97.71758174,98.2232239,98.42510447,100.57500462]","[5,3,4,2,4,5,4,2,5,4,0,2,5,6,1,2,5,5,6,1,6,6,4,1,7,6,1,2,1,7,6,1,6,2,6,1,2,6,2,1,5,6,0,1,0,7,7,0,7,6,6,7,0,4,0,4,0,2,5,1,7,2,5,4]"
"[0.48138823,1.61292532,3.52001359,4.85710319,7.45581256,7.90555146,8.71599891,9.54636183,9.64167641,10.38733758,12.67686684,16.25366833,16.94657307,18.56256253,19.59837335,19.60871166,20.58460985,23.03952733,23.04880665,23.12578573,23.19598148,23.57029789,24.93873541,25.41411255,25.67593649,26.15402194,26.53752119,28.68982537,29.69547161,30.30705966,31.93554853,33.95335278,34.05582541,35.02744621,36.09086439,37.43398772,38.37071861,39.64584643,45.33181362,45.55072014,47.4985534,49.04008332,49.10264897,49.22024741,49.32328093,49.55197733,49.85962335,50.32071196,50.39159478,50.48907017,50.51336703,50.60579418,50.80376803,50.9540297,51.7900599,52.75524693,53.23702709,54.19290039,57.51761093,57.83244872,58.46586145,58.70848995,59.59615192,59.75764171]","[3,2,2,6,3,1,7,2,7,2,6,5,6,5,6,6,7,5,6,4,4,5,2,5,7,5,4,0,4,6,5,6,6,7,7,0,5,6,5,6,4,6,5,6,6,4,5,6,5,5,4,4,7,6,7,6,7,0,4,5,4,4,7,5]"
"[3.00366127,3.67969471,9.3178852,9.53299652,10.24085859,12.84677044,12.90090568,14.3486346,14.77087461,15.91619453,16.83899307,17.12217276,18.23763809,18.75393713,18.86866989,20.12170923,22.83560447,23.01522316,23.20136393,24.50840385,24.70156126,24.97926817,26.72768236,27.66649842,28.7412671,29.44390991,29.91385236,30.01259243,30.87657058,31.15613566,32.327081,32.38661609,34.19738048,36.48927159,37.34417827,37.93871198,44.96688934,51.14537396,51.76872169,52.23719815,56.02415181,56.67028053,56.71697756,58.46216125,58.47265844,58.97631556,61.9088665,62.42522588,63.07285465,63.31644229,64.47458451,64.61169898,66.10895501,66.53430315,67.0514474,67.40443116,67.62121013,68.29241037,72.87767632,72.88591262,73.09286192,73.94002435,75.33650226,75.83333056]","[0,3,6,0,6,5,2,4,6,5,5,6,4,7,6,7,5,1,6,7,4,5,3,5,3,6,6,4,6,5,6,7,1,7,4,6,1,1,7,2,3,7,1,5,4,6,5,1,4,5,4,5,6,6,5,4,1,5,4,3,5,1,4,6]"
"[0.10697892,0.82727501,1.04000199,1.7434477,3.47929283,4.01763749,4.44357527,9.2218752,11.06653605,11.24698402,11.39841587,11.85812465,12.00311899,14.45214491,18.64476266,19.26365547,20.14474545,20.89199651,24.57327811,25.04673678,25.59594038,25.63895158,26.06153538,27.47801893,27.55755064,28.44986184,28.8697084,29.21425927,29.6694966,33.94158343,34.13572828,35.48736511,36.52053725,38.67380766,39.06587307,39.34037685,41.73318128,48.64626736,49.22129706,52.27038294,52.41135352,52.7466843,52.78907094,52.92273744,52.92948728,53.11723523,53.38354939,53.7026091,54.12387115,54.6650121,54.71184881,55.7981168,55.93606995,55.95936893,55.99712716,56.05487572,56.60190426,57.04156621,57.51825166,58.5803902,58.63282988,61.32609759,61.42237524,61.53114851]","[5,1,1,6,7,1,6,7,5,6,4,6,5,2,5,6,1,6,4,5,7,6,4,5,4,6,6,3,5,3,2,5,7,7,0,4,1,2,5,4,4,5,6,7,4,7,5,5,5,6,6,5,4,7,5,6,6,6,6,4,5,7,7,4]"
"[0.32177473,4.60404979,11.44054191,13.75747089,19.97881475,20.48623293,20.75828416,21.01270497,23.91972243,27.91241264,28.22250094,28.54142597,32.85813231,35.6077304,35.94309453,36.85172845,37.94178789,38.24963852,39.21570543,39.25252212,39.8228666,39.90435291,40.27920336,40.37484778,41.45032947,41.47827478,42.6094912,42.88257855,43.41800687,45.4811135,45.92045736,46.39083274,46.73955954,47.18056006,49.61419772,53.95478334,55.07932136,58.73406016,59.05885516,60.48494583,60.78976979,63.92914903,64.06885238,65.71580338,65.83516161,66.32075241,66.47309467,66.81525582,67.35740358,67.79061915,68.50671256,69.9360451,70.40925523,70.69293578,70.70282047,70.7711159,71.21839961,72.14576529,72.15448388,72.50005039,73.54642763,74.34635018,75.19846913,78.119143]","[4,3,5,0,7,0,0,7,2,0,7,6,7,5,5,0,6,7,0,7,7,0,0,7,7,7,0,7,3,0,7,7,7,0,5,0,1,4,1,1,3,1,6,5,3,1,6,6,1,1,7,5,6,1,6,1,1,1,1,7,6,6,4,7]"
"[3.10514605,3.22452619,3.48833375,11.22752224,11.5213461,11.72108986,12.4419431,12.76191778,17.04436605,18.02149766,19.31558832,20.26238438,21.45193595,22.16762576,23.52746087,23.98595237,25.11548996,27.71714287,28.23236072,29.45621591,29.67556901,31.6213474,35.4656197,35.75256013,37.07942855,37.26252069,38.32428568,38.4316223,43.28835947,45.17857892,45.46159001,46.15826729,49.18774945,51.75746132,53.05750018,53.90404725,54.47951163,55.4325114,57.98237104,59.01783455,59.30771277,63.75943186,65.07247124,65.10853629,65.14545142,71.15001223,71.17974602,73.33127005,75.19231125,76.00940114,76.34747952,78.72451114,78.86734234,79.04120722,80.30391417,81.31165848,82.4325019,82.55117535,84.77410901,89.60229932,89.72586414,90.30099265,90.3921448,90.40162836]","[7,0,0,4,7,0,5,4,3,4,4,7,1,7,1,0,4,4,7,7,0,7,2,1,6,4,2,5,7,3,5,0,5,3,7,4,0,0,7,3,5,4,1,0,7,1,6,6,6,1,7,7,1,6,0,7,0,0,7,7,0,7,0,7]"
"[5.10465463,6.08189756,6.589423,7.55627054,8.64451983,10.28829177,10.63985062,14.06719768,17.6105446,17.76153911,27.79479048,28.79550133,29.39654009,31.78177846,33.2408538,33.44323468,35.50415697,37.96023974,40.09212961,51.31026397,54.18617044,56.50471217,56.99194995,57.29939777,57.50917004,57.8464783,60.0902726,62.57802333,63.6907264,64.05552464,64.4618012,64.97271141,65.040109,65.12199056,65.61719505,65.93858036,66.15642624,66.43782269,67.16346146,67.64494034,70.93900193,71.34417592,71.48544762,72.33207393,72.8356152,74.06570441,75.06983824,78.93168659,81.33097764,81.73732648,82.71971461,84.90822978,92.32356424,93.92003729,95.04159999,95.55317764,96.00311626,96.57624282,97.79305915,98.25293545,99.05205941,100.26115742,100.59785678,101.50385796]","[7,5,0,7,5,1,7,6,2,5,3,5,7,3,1,6,7,0,3,3,5,7,6,4,0,2,0,1,0,7,0,7,0,0,7,7,7,7,0,7,2,5,0,7,0,5,2,5,5,5,5,0,3,5,1,6,6,2,2,7,0,0,7,5]"
"[0.38096176,1.88281757,2.14378335,3.59028517,4.81853234,5.50763349,5.76854261,7.94661546,9.03366105,9.61718614,15.91929418,16.98999604,17.00384661,17.46818074,17.63593516,18.31162689,23.1715111,26.62030581,26.67767868,27.45766757,28.81137727,29.08439619,29.10872948,29.29228835,29.99938065,30.14766689,30.76087519,32.34466936,32.75086094,33.78631624,36.55687557,38.15396334,38.91592845,44.0911447,45.22044479,45.48956936,45.80996138,46.00225727,46.11798961,46.27282016,46.93435419,48.08950525,48.80738231,49.35720434,49.40921349,49.58289313,50.35027948,50.3900197,51.00749217,51.44124489,51.75829366,51.89600228,52.07551381,52.31707405,52.86058429,54.42285998,57.61329545,58.08461287,58.54629395,59.76654593,60.15917091,60.1803302,60.24522325,65.09167312]","[3,7,5,1,2,2,5,5,1,6,1,6,2,5,5,0,6,2,5,5,6,1,1,6,6,6,6,3,7,3,1,3,6,5,0,7,0,6,7,3,1,0,7,0,1,7,7,0,7,1,1,6,6,1,1,0,6,6,1,0,6,7,7,5]"
"[0.48244783,0.93291855,4.74672393,5.62579032,6.5952222,7.32870891,7.70773459,10.88410914,12.37765402,15.98931212,19.90663263,20.02815336,22.11371835,23.28050127,23.3816732,23.79565839,23.8266717,24.36342297,25.44712835,25.46639261,25.46947024,25.69030734,25.91145195,26.14591609,26.43859044,26.6141305,26.97898768,26.98735545,28.5751782,30.7165117,30.81895031,31.68534643,31.76422729,32.49816317,33.16616191,33.17760693,33.30782572,33.88400087,33.95781811,34.03771955,34.51824497,35.05584838,35.23670032,35.29291443,35.75531086,36.36669932,36.68137109,37.08229173,37.25569471,37.82860603,38.02464746,38.1657296,38.79549594,42.49435447,44.12010635,44.7170798,44.957845,45.19870546,49.77172542,50.8730959,55.0063157,55.37147303,55.55969839,57.06306884]","[7,1,6,3,1,1,6,3,2,5,7,7,6,1,1,1,6,4,0,7,2,0,7,1,0,7,6,0,7,1,6,7,0,1,6,0,7,1,6,0,0,2,7,7,6,7,7,0,5,0,4,6,4,7,0,0,7,7,0,1,3,5,2,7]"
"[0.53692251,1.50686828,1.60812663,1.9487388,2.32649747,2.61849187,3.9740809,4.69321629,7.00931594,8.07698328,9.61268397,14.51305469,15.01578307,15.58547326,17.6873746,19.39568001,19.70902306,20.22647375,20.5969637,21.03019241,22.72556706,25.16022039,33.12046905,34.35647436,35.21230049,35.93312071,36.69776456,37.53183116,38.37346605,38.56053594,39.71342665,40.1500335,40.43420001,40.51300187,40.52166997,40.54418319,40.71772737,40.83438765,41.04498183,41.59820205,42.47733166,42.86381675,45.23785235,46.90013866,47.02474976,47.14046124,47.40593817,47.92758503,47.9506739,54.23980631,57.56053319,58.70796197,59.45741589,62.45111048,64.11679779,65.59643789,65.92371282,69.00797114,73.18067973,74.31732945,74.6426643,75.37445084,76.65843989,78.2275982]","[0,7,0,7,0,0,7,2,7,2,2,1,6,6,1,0,0,5,1,6,1,6,0,2,3,7,0,7,0,3,7,0,2,7,7,0,0,7,0,0,7,2,2,4,4,1,6,6,1,0,5,0,7,7,0,5,5,4,6,1,6,7,0,5]"
"[0.56783221,2.54191387,2.81880662,5.91463986,8.60229072,9.27783481,9.47641844,9.92520484,11.0318396,11.32065412,12.41808264,12.41923889,12.96959435,13.24635053,13.99391702,15.11979738,15.13340096,15.789572,15.98057739,16.66942275,16.8696393,21.15510491,22.80184266,23.3379393,23.49140846,23.49152864,24.12218408,24.88904217,25.29082279,27.00878045,31.20455881,39.45319635,41.31420131,44.88645473,45.21311476,45.85063547,46.22429978,47.02645153,47.2422718,48.77604216,51.64493412,54.2233132,55.71497716,57.30151979,57.30406645,57.79210548,59.73899024,60.12884367,62.2122549,62.32201012,62.99041133,68.00431481,69.54992142,71.34457775,72.16296433,72.5878324,73.20790583,74.74451802,77.28696621,77.30101188,77.81577813,82.52480311,83.43207502,84.24018486]","[7,5,4,4,5,2,5,0,2,4,4,5,5,4,4,4,6,5,5,6,4,2,2,1,4,5,6,6,5,6,7,1,4,4,0,5,3,1,6,1,6,3,4,5,4,5,2,4,5,5,5,5,6,0,1,2,5,7,0,6,7,4,1,7]"
"[2.20222732,2.7103424,4.25239557,5.1829655,6.34260255,6.36794385,7.57955005,8.92126033,9.72371436,9.73868523,9.84219704,9.95298366,12.16539449,12.88484046,19.648163,20.63126414,21.56172863,22.17106322,22.94454295,23.78515395,23.88026541,23.94665857,24.56873072,24.57745454,25.17875255,25.62220483,26.25827428,27.41119326,29.31749233,29.72882604,30.68572046,33.00573604,35.69888762,47.05613474,49.26693851,50.91536979,53.09979719,65.00071642,70.51818054,73.35828313,74.42157651,74.58165253,75.34802016,75.90508374,77.00248482,78.10831329,78.31545286,78.51284901,79.29449215,80.21887877,81.63697654,82.11250414,82.45325615,82.65188447,82.84120133,83.09640742,83.17067871,83.38928045,83.53626435,83.71507427,83.93306922,84.2384718,84.73316705,84.77066173]","[1,1,2,5,4,7,0,7,0,6,1,4,2,5,1,1,6,3,0,7,0,0,7,0,7,7,0,0,7,2,0,7,5,5,7,4,5,1,3,3,3,0,7,1,0,7,0,0,0,1,6,7,6,1,0,0,7,0,0,0,7,0,7,0]"
"[0.05766243,0.99872296,2.85954376,6.26999726,7.16749835,7.40442257,9.11487728,12.83349174,14.05779688,14.0745725,16.67465743,27.89064199,31.61219311,32.35029289,32.42921462,32.58627137,32.63054296,34.60865682,35.38261817,39.20796725,39.74307691,41.55170141,45.93364596,45.98292858,46.7134141,46.78689887,54.28620421,56.62897434,56.7083538,57.72171268,57.74545097,58.02577505,59.07016585,64.61577127,65.91800062,75.17280615,76.89087364,80.28275299,80.4380663,85.52879282,88.86491741,91.82049176,92.26812694,92.3618401,93.41633102,93.68822576,95.17397391,96.46788514,97.73275925,98.33620543,98.82038354,100.00195014,100.1927619,101.86325713,102.56868253,103.63820466,106.23930882,108.83472683,112.6496669,113.87638523,114.77136083,115.36382288,115.55859232,115.59698163]","[5,4,0,0,0,5,1,5,2,1,6,0,0,5,2,6,6,1,6,3,7,7,4,1,5,6,2,6,2,3,7,0,7,1,2,7,6,6,0,7,2,5,4,1,0,2,5,1,4,7,7,6,7,7,2,4,5,7,3,1,0,3,5,6]"
"[4.8155346,5.2938079,6.03926178,6.21920392,6.59608456,6.82608262,7.53096057,8.55003985,8.74641244,9.35701966,9.49259835,10.03478474,10.39154005,10.96000202,11.19546119,12.94760546,12.96324667,13.22100798,13.52245578,13.53298653,13.94348859,14.24267985,14.46209849,15.76052662,15.7637985,15.81944483,16.73047779,17.00338433,17.36202062,17.97664634,18.55741733,18.59254257,19.88705536,19.91657753,21.89563272,22.52920783,22.699756,22.77117445,23.06223716,23.21961797,23.25734112,23.3403394,24.89985143,25.20581108,25.5981389,25.61854803,25.99060339,26.52197293,26.53324761,26.66055192,29.29560946,35.24607737,35.77657615,36.72662496,37.81332718,37.89974349,38.14304254,39.32983149,41.78545333,42.91912016,45.12704255,45.13252789,45.91813205,46.47699294]","[0,6,7,0,0,7,0,7,1,6,0,7,0,7,0,7,0,7,3,7,1,5,6,7,1,0,7,0,0,7,7,0,0,7,0,0,0,7,7,0,7,5,0,7,0,7,4,0,7,7,0,7,4,3,6,1,3,5,4,2,0,7,7,7]"
"[7.21847022,7.73463006,7.94874885,9.10093044,11.02974318,11.48875826,12.38358914,14.03430669,14.79899457,14.80620736,15.84073971,16.00993614,16.03941949,16.10663137,17.2061159,17.79862845,17.82531579,18.26037365,18.69543062,20.0955251,20.26966037,20.52511441,20.94384562,21.74879532,23.40829304,23.6148394,32.08586319,32.98308276,35.6697514,36.44888515,36.61525599,37.27879021,37.33658981,37.85641114,37.88245246,38.00051016,38.367274,38.73334304,40.80578089,41.11035702,41.11465129,41.184334,41.36707959,43.11270265,48.59470263,48.72640988,52.76770745,52.98814613,53.66246386,53.83655965,55.05989178,55.2590037,59.22617604,62.11263905,62.72890891,63.58890863,63.618179,67.77158703,70.3241052,74.51597785,75.1535666,75.82168971,75.90380518,79.19566559]","[1,0,4,5,4,1,6,1,1,5,2,5,7,0,5,5,7,0,5,7,0,7,7,5,2,0,1,3,6,1,1,4,6,6,1,6,1,1,6,6,1,6,5,1,1,7,2,3,6,1,0,5,3,2,4,5,1,0,5,7,0,6,1,1]"
"[0.67793099,8.25228198,13.07377394,18.68449147,19.60449487,23.70367227,23.95729938,24.95390062,30.80757328,31.55616856,32.13489185,34.3572631,36.80604461,37.05656054,37.2729695,39.16651052,39.21571527,40.27352359,41.34054594,42.68428288,46.55775711,47.09993287,49.01427486,49.08606707,49.27166638,49.3025877,49.3474044,49.46239648,49.58445276,50.02085955,50.31063361,51.10467784,51.3288038,51.78818288,52.37547658,52.63201588,52.98352511,53.3142193,55.55638685,57.04286156,57.27010642,57.4054278,57.47046549,57.71403928,58.65762023,59.17905772,59.38771454,59.78870064,60.48377575,61.1680362,61.3576787,65.15990509,66.69717022,68.55285436,68.66055186,72.22074419,72.68428063,72.69867291,73.22452214,73.23614159,73.40426724,73.8111222,73.82330744,75.32458166]","[7,5,3,5,3,4,1,6,3,5,1,4,4,4,7,1,2,5,5,5,4,2,1,0,2,6,1,1,6,7,0,5,1,6,6,7,6,1,1,6,0,1,1,6,6,1,5,6,1,6,7,1,7,0,7,7,2,1,6,0,1,7,6,3]"
"[2.53746875,8.84892222,11.70667592,12.63526348,14.55269737,15.61262936,15.84042488,16.23323842,16.52714574,18.33194094,18.56619789,21.17173836,21.66689713,27.4565708,29.81321857,32.70789524,33.58489099,34.28643393,36.0860528,36.27337808,36.57280071,36.87461671,37.42210405,38.08303213,38.27725773,39.34013748,39.58179004,39.75520582,39.80465149,39.86866953,39.88512575,39.89534249,40.10523016,40.44437183,40.55148749,40.73289151,41.74851206,42.72702106,43.07986846,43.29785267,43.53898509,43.61601103,43.84511486,44.63771493,44.87370056,45.12472321,45.14958307,45.29896634,45.39213648,45.54001447,45.54356815,45.78902825,46.81863431,46.96015987,47.17484127,48.0997315,48.50667071,48.54780199,48.68898533,49.2026451,49.6822534,49.78746546,50.53727389,51.09471935]","[7,0,7,2,5,2,7,5,0,2,7,7,0,1,4,1,2,6,6,7,0,1,4,5,6,6,1,6,6,0,1,1,1,7,6,6,0,7,6,0,7,0,1,0,1,7,6,0,0,5,6,1,5,7,1,6,0,6,1,1,7,0,6,0]"
"[0.70806068,0.86765393,3.5467431,5.01393091,5.82987877,26.91761048,26.98860132,27.65213077,32.67178706,36.6970188,36.95863943,37.23580305,37.25760962,37.81543615,38.20307192,38.8381381,39.7040306,41.11095398,41.569479,42.17138976,44.49638826,45.06628646,45.94797269,46.22348012,48.63169435,52.45263478,54.10724019,54.49623397,54.88713766,55.1254845,56.0470599,56.2194494,56.43109787,58.86961294,60.63453298,60.70233645,61.63739224,61.80636276,65.59234347,69.95234951,70.35496034,70.91619204,71.17921372,73.90788311,75.32377065,77.83045209,78.31688632,78.57117497,78.78188639,78.80906625,80.11165971,81.67229933,83.52091702,83.7487423,84.38176021,85.24040519,85.47053267,86.06578962,88.43096202,89.54301331,90.9095029,92.47968455,100.34973745,103.61311518]","[0,7,7,4,0,5,2,5,5,7,0,0,0,0,7,7,1,0,0,7,7,3,3,2,0,5,2,5,1,6,6,0,7,5,5,5,4,4,2,1,6,0,7,5,4,5,4,1,6,1,1,6,1,6,2,7,1,6,0,7,0,5,7,2]"
"[0.10021648,0.54621243,2.07285905,3.83097322,4.12831632,4.82410795,8.08828542,11.99204787,12.10478565,12.46542736,12.79467863,13.73885385,14.06301782,16.55380879,17.55002155,21.44591101,22.67211654,23.62691144,25.08121709,26.39607104,28.47214663,29.66913744,33.4167652,35.43417996,39.75327015,44.05869616,44.43094916,47.48995309,50.66895633,50.83660606,50.86506856,51.62282892,52.95450899,53.48168787,53.52758512,54.49203503,54.74027689,55.53617739,55.7554623,55.80863942,55.95131107,56.44378236,56.85367152,58.70355404,61.22636034,62.83553002,63.06687476,63.28692793,63.59504165,63.88429687,64.03999745,64.2233309,66.89076899,66.91056682,66.92339117,67.35162204,72.14420784,77.33693467,77.94269485,79.9266911,83.0331572,86.66351341,91.98273036,92.15377345]","[6,5,0,2,5,7,2,3,3,7,2,5,5,3,5,0,2,1,5,1,7,4,5,0,7,2,7,5,5,5,0,7,7,2,0,1,5,7,1,6,0,7,6,0,4,3,4,7,4,1,1,0,5,0,2,1,6,2,2,2,5,5,7,0]"
"[4.58792343,8.35681172,10.0692761,12.90323756,12.94460656,13.71117755,16.64748963,17.41967556,23.5310111,24.03465223,24.38880877,28.4357821,28.50927579,31.27904986,32.29915385,32.83584087,38.58371336,39.91322432,40.59944023,40.79467748,40.96906849,41.11256359,42.31721038,42.82711563,43.17938041,46.17120769,48.10013008,48.29080037,49.21846225,50.84574701,56.06733865,57.30436902,57.57713149,63.5783005,65.3390675,69.31269718,70.13349769,70.45397561,74.91897706,77.5524468,81.75598341,84.36361859,84.56395019,86.75331565,87.95837138,88.28346725,89.7963034,90.63484632,91.03279911,93.20550448,93.40139063,93.72301662,93.78977501,95.28487187,96.1088751,96.74101229,99.41462443,100.71459205,101.98157037,102.03572794,102.14704408,104.57129907,105.19137421,111.40648657]","[6,3,4,0,3,7,4,3,2,5,5,5,4,1,5,6,2,6,1,6,1,6,7,6,6,1,6,1,6,1,1,7,2,1,7,0,7,0,1,0,3,3,5,4,1,3,0,7,4,7,2,2,3,0,7,3,2,1,2,5,6,6,1,7]"
"[0.18451065,4.00678716,5.34741364,6.0744273,8.24967116,8.59262011,9.71989211,12.2125787,12.93506839,14.834214,15.7560609,15.772493,16.4435392,18.59974142,23.80526844,24.37190524,24.58556918,25.25442589,26.23956941,27.0071888,28.52176565,30.07132893,31.14588992,32.68391262,34.30932512,34.94263028,35.75755355,36.40225475,37.96049822,39.19534572,40.31940002,40.79453979,41.37426319,42.63201699,50.50293663,53.62781836,54.27483359,55.8366315,58.77068643,69.53628406,72.23021513,77.21974509,79.41210057,80.3088062,80.39309783,81.04221336,83.02881764,87.10851983,88.60195958,88.85097256,89.94521445,93.79214587,94.2135783,94.24472125,94.44531988,95.6468489,96.80062991,97.29700178,97.64903555,98.1041821,98.33973893,98.85698337,99.61154101,103.29430057]","[2,3,6,6,7,3,5,2,6,2,1,3,3,4,1,6,0,7,5,6,7,4,5,4,1,2,1,2,2,7,1,5,7,2,7,5,3,4,4,7,0,7,7,2,2,6,3,5,6,2,0,5,6,7,3,2,0,2,3,6,5,4,2,7]"
"[2.11300065,6.13037614,6.36089947,8.49037751,12.89502683,13.15598042,23.05013293,28.48024235,29.79909949,39.43069025,42.28053471,42.8746747,43.53471632,50.512957,51.08510001,51.35787867,54.58023433,56.99087433,62.42775988,63.20470949,76.91322959,83.89326488,84.15408558,84.30239434,84.50669271,84.93190561,89.17449315,92.47735703,96.77692173,101.36533976,103.09903685,103.36856331,104.25487152,105.32427053,105.41459449,106.02624793,106.93757542,107.05477295,112.09598193,114.69255641,117.23780148,118.92933402,120.5835521,124.53102381,132.47904781,136.90134913,141.43148365,143.40618155,144.47203677,145.14361338,146.04845366,148.69008431,148.70903596,148.91831707,149.18746809,149.20947548,159.94977159,161.77110392,163.04456408,163.27973353,163.89152966,164.69810484,165.23265981,165.66165325]","[1,7,2,1,0,0,7,2,2,7,6,7,3,7,3,3,6,3,7,0,7,2,0,4,4,2,5,3,7,6,0,5,2,4,6,7,7,1,7,5,6,3,7,0,7,6,7,5,1,2,6,0,5,6,6,7,3,1,4,5,4,2,6,5]"
"[0.0967722,1.66689444,2.03672753,2.93982496,3.01513361,3.1050979,3.25334909,5.48990938,14.25372413,21.28321614,22.83665771,30.07589213,30.28409608,31.11283151,31.33144471,36.19196135,36.75709565,40.16770912,41.01668364,41.78481543,42.53875326,44.45826538,45.16206368,45.6175344,46.00304408,46.25045032,46.30626261,48.94303215,49.38392592,49.52013043,49.52768214,49.91432948,52.70561283,56.51073345,58.45175655,60.09313871,60.51940023,60.78720794,61.73660819,62.3436997,62.60527295,62.79094093,62.80030468,63.71161378,64.38546103,66.50031513,66.51035636,66.77725285,67.57361891,67.86360482,68.8067934,72.07172722,73.58857275,73.92655767,73.98157362,74.13702531,74.32863711,74.60579431,76.51174615,76.61857634,81.87779916,82.82803282,83.91737629,87.3927257]","[3,5,4,7,0,7,7,0,5,3,1,3,3,5,4,5,4,5,3,3,5,7,4,1,0,6,1,7,0,7,4,0,7,2,5,7,0,0,7,3,0,4,7,1,6,7,0,7,7,6,4,1,2,6,6,6,6,7,5,6,3,3,2,0]"
"[0.0583082,0.10526818,4.75806905,5.19347569,5.86325821,13.2579457,14.15334131,14.56556781,15.18270961,17.20869915,18.07167903,20.93151806,21.49952708,22.53094867,22.89117143,27.95884178,30.58125725,30.91516136,31.16995729,32.16614231,32.43595719,33.41820613,33.52179624,33.72479858,34.30897836,36.97404416,39.38645512,39.84459464,39.92814711,39.99929475,40.28677286,40.38052437,40.61768605,41.05977842,41.16791517,41.28745496,41.34707817,41.36462983,41.57812251,41.88640885,43.14388492,43.6359202,44.16757666,45.88680783,45.9382911,48.54772624,48.86232994,49.41685827,51.60951655,52.38561208,54.66032821,54.77960366,58.32108701,62.91220061,67.63655641,69.68036408,70.50821789,79.13832822,82.15115107,83.63362784,84.8670504,87.77630273,97.2845151,97.52607577]","[5,6,4,7,5,0,2,5,6,6,2,3,6,2,1,4,5,3,2,1,4,0,6,5,6,2,4,7,5,1,1,4,5,4,6,5,5,4,6,4,2,4,7,5,6,5,5,6,5,6,6,6,1,4,1,4,2,1,4,5,1,3,0,2]"
"[1.07904172,3.68935311,6.32204905,9.26049961,15.23735601,15.84468849,16.43710223,16.80604899,16.83046447,17.1785738,17.70507041,18.45604914,19.48789369,19.71784586,19.80920413,19.85674122,21.06414737,21.4275663,21.63724513,22.16330034,22.32493424,22.42154503,23.42693751,23.87201284,24.25412175,24.42455236,24.81804237,25.0324351,25.45249387,26.47055465,26.83821501,26.85483586,28.20501328,31.42078969,34.16032887,36.43184089,36.4985364,37.08095619,37.93950836,38.48899272,40.41378356,40.74053487,43.42567513,43.77018718,44.27973152,44.39985212,44.50609554,44.84055259,46.52442837,47.49907059,51.51701856,53.24671511,53.38175473,53.41573531,53.69094469,54.02714494,57.8569037,58.12660891,59.69456075,61.45612887,64.69843087,67.85120178,67.94783646,68.45741376]","[7,3,5,6,1,6,1,6,6,1,6,3,1,1,6,1,6,1,6,1,1,6,1,6,1,1,6,6,6,1,1,1,1,0,3,6,7,0,7,1,0,7,7,0,2,2,0,5,0,1,6,1,6,1,1,0,6,0,5,4,5,7,6,5]"
"[6.84303124,7.9170205,12.50342869,13.15649296,13.66381014,13.84068498,13.95444775,16.79506397,16.99369585,17.22005722,21.04782372,21.25448915,21.51778575,22.59258323,22.83070105,23.21483601,23.38217468,27.08725243,27.7619141,28.04568345,28.3314341,28.72442242,28.8270373,29.36126267,29.96266444,30.61746764,30.99071214,31.18207697,31.93466516,32.2746935,34.33027606,35.27038182,35.56667592,37.48083465,38.04914634,39.4112912,39.47019855,39.78477676,39.97217436,40.41885981,40.59878027,40.64361652,41.21141311,41.43241138,41.65112478,42.10169928,42.62748711,44.38778912,44.50853772,44.60220645,44.91208756,45.80365084,45.93878958,46.15215187,47.45811495,48.53529567,49.84669901,49.89717857,50.66153498,51.86871816,51.87591671,52.0712619,52.40151279,52.82269472]","[1,0,4,5,6,6,6,0,7,0,4,5,1,3,5,4,6,0,4,0,7,5,6,6,4,4,5,6,6,7,7,5,4,6,7,5,6,6,4,5,6,4,4,6,5,6,6,4,5,4,5,5,4,6,5,2,4,3,4,5,0,5,5,6]"
"[3.8424929,6.64956508,7.98420119,8.49612738,9.82852249,10.6989403,12.96385331,13.24202013,13.8736495,16.43171711,16.69366389,17.40256447,23.60677504,24.80222561,25.77944863,29.01725338,30.26787128,30.4314435,31.89921726,31.96755381,33.19012163,33.5169962,34.44674708,35.67426676,35.75529012,37.2324698,39.21539632,39.32871091,40.47538211,40.7251055,40.77986096,40.9068362,41.83918485,41.97692338,43.01423411,43.39662963,43.47338663,45.37731038,45.70054624,46.79409824,50.15966339,50.41762206,51.35512011,51.58612888,51.78481063,53.50453686,60.21272961,61.07398102,62.11749925,62.46698287,66.2250911,68.87957677,70.2769201,72.21717715,74.16278827,74.25862941,78.92797528,81.90730859,82.65777214,83.16915861,85.11958363,86.02678232,92.91726548,97.08195119]","[1,0,4,5,5,3,5,6,6,1,6,4,6,2,4,7,0,4,0,7,0,1,6,1,7,4,2,5,0,7,2,7,5,5,0,4,7,7,2,0,6,0,1,1,5,1,3,1,3,6,2,7,2,4,0,7,2,7,6,1,1,6,3,1]"
"[6.41444402,6.49229617,7.63436076,8.17017375,9.35312522,9.38627414,11.39792123,13.05521098,16.43891213,17.0887216,18.3632769,20.6092452,22.23845923,25.51187149,29.27437249,30.19666801,36.3847247,37.89637003,39.78543064,40.19758634,41.56395402,58.7805598,60.40449038,62.63504611,69.19012482,70.17312171,71.25077168,72.41627352,75.19997155,75.85110021,75.97966975,76.53954897,77.22176149,77.70148602,77.73362922,77.81808867,78.49261097,78.53220229,78.8605982,80.00319445,81.72403254,82.10402519,82.73893794,84.4982686,84.51788225,86.46574874,90.06230202,90.5122067,90.56643316,94.456003,96.9161388,97.07710179,106.05215746,107.90347171,115.94621167,117.12791618,118.25846712,118.73134915,119.92671989,128.59931387,128.79043738,129.79867166,131.93710784,132.04895976]","[3,3,0,5,0,1,5,6,5,6,6,1,5,4,7,6,0,0,1,0,3,1,2,7,2,4,2,0,4,2,5,4,6,5,5,6,4,6,4,5,5,4,5,4,6,5,1,1,1,3,6,7,5,2,6,4,5,6,6,1,0,2,7,5]"
"[3.8622188,5.44547154,10.14860427,12.5395542,16.29236034,21.48512168,29.6656942,32.73284723,35.85084609,36.60299522,36.77710007,38.73276223,38.86578656,38.89634421,43.65120999,45.0893314,48.97347138,49.09877105,49.90156353,50.69635181,50.93245397,52.74726574,54.16504321,54.55126578,54.88836027,56.4485167,57.95216634,58.52452591,59.21746915,59.69548588,61.54205249,62.09094792,62.22086838,62.32937725,62.7966552,63.47350894,65.12410742,65.46901934,65.55894116,65.73497279,66.50401991,67.0180061,67.25737665,67.85820545,68.60966527,68.93722104,68.96893014,69.07610223,69.09179027,69.18594167,69.42597345,70.07916789,70.14134672,70.84535458,72.1040205,72.30761956,72.40087087,72.84830876,73.64460492,74.08552659,74.79848866,75.68959439,76.48397596,76.52091421]","[4,4,5,5,5,1,1,3,1,5,6,0,7,0,6,1,2,5,7,0,0,7,0,0,5,7,7,0,0,0,2,7,7,7,5,3,0,7,0,0,7,7,7,0,7,0,0,0,0,7,7,0,5,5,0,7,7,0,7,7,0,7,1,0]"
"[0.57557203,1.14797377,4.29445232,9.57329179,9.82287769,9.87447904,10.28476223,11.70963916,12.27399432,12.37650804,13.22417909,15.3667111,15.37947724,15.41962354,16.55204789,16.62432134,16.95342827,17.02903224,17.07017193,17.8798326,18.4763713,19.71518137,22.82233417,25.56507352,27.38808656,28.19628954,30.52582254,32.41912523,33.57472139,37.9977862,39.48648461,42.34456156,42.40576139,42.74303158,44.13356139,44.47151119,44.62685075,46.67288924,47.50499955,53.909136,55.6916605,57.37115833,58.26988894,58.30039931,60.79274953,61.60761257,62.0579894,62.05886137,62.4910217,63.99269594,71.73424203,73.51128494,73.6760194,76.47082821,77.24354118,77.35723657,77.37584959,77.38901153,78.2698769,79.10143522,80.3955158,81.68118466,81.77987963,82.09215126]","[0,3,0,7,0,7,7,4,6,5,6,5,4,4,1,6,5,4,7,4,7,4,3,2,5,1,2,2,2,0,6,2,5,6,6,6,1,5,4,1,7,3,7,1,0,5,5,4,4,6,4,2,7,7,5,6,4,5,4,5,2,4,4,1]"
"[0.11881067,0.79487206,1.40964172,2.93229913,4.59340343,5.35405291,6.72364788,8.22389325,11.86191489,12.03271849,12.45789758,13.20550233,13.91374988,14.26999325,14.34975081,18.5231822,20.89656154,21.21422836,21.3810092,22.02165043,27.14693085,28.31475774,28.60379558,30.49601614,33.33500167,34.41164751,44.95787012,47.88056058,53.51909199,58.3689522,59.83326778,66.53583657,77.55130052,90.11493609,92.39450079,93.70182739,101.28009145,106.87120786,107.55300905,109.3399649,118.92121264,119.01046542,120.58124977,126.76234609,128.50847099,128.54831866,132.07947496,136.0002465,140.91820091,142.51549985,144.43120244,144.89673995,146.17460066,146.26859697,150.93418834,151.40093356,151.42290984,151.88711177,151.9714363,152.05254246,152.6466304,153.77747271,154.05776528,154.51523706]","[1,7,2,6,1,5,7,4,5,5,6,6,3,6,3,6,7,4,5,6,2,7,5,3,4,5,1,2,2,2,2,7,7,4,7,1,2,5,0,0,1,4,6,2,4,0,0,2,2,1,6,7,7,2,1,4,5,5,6,4,5,5,2,5]"
"[0.81282159,2.24095514,3.00672683,7.28362889,7.43915684,7.64160118,7.67423261,7.94587569,8.35504097,8.78552695,13.14206921,14.83700381,28.38293482,31.50565083,32.58871167,33.7703853,34.24316399,35.87779056,36.32308451,37.47635196,40.79541965,41.42013761,43.17502221,43.30882621,43.69209521,43.92655475,46.75271023,48.14685977,49.45228234,49.96609026,50.74586407,51.26448651,51.42466066,51.69759321,52.25248361,52.74742812,55.03075685,55.94391346,56.36711913,57.02859966,57.76570699,58.15420218,60.29151417,62.05411949,63.32164255,66.44404669,69.30400285,71.60776016,73.77163002,79.58432726,81.40351569,83.40195592,83.5720821,84.20155028,84.61695922,84.99087355,85.34692823,85.81553346,86.05349368,86.10427386,86.20099195,86.31641613,86.33188018,87.14200658]","[5,6,6,7,0,0,7,0,7,0,2,0,1,2,5,0,3,3,3,4,1,1,4,4,6,2,1,2,1,0,7,7,1,0,6,7,6,1,6,4,0,1,6,1,7,6,5,0,7,3,7,6,1,6,0,7,1,6,7,7,0,6,6,1]"
"[0.30596181,2.45442714,3.77396666,3.95276791,6.57922931,10.66617883,11.64463435,13.10742967,13.21671744,13.62559699,14.05042343,16.00185249,16.03523613,17.19836539,18.04407692,19.57424291,20.20258979,20.22937699,20.26101907,21.74783399,23.62258783,23.92144066,27.27428327,27.65515738,28.86151499,31.21325256,35.44447869,37.55664707,38.65839073,40.44789362,46.31081873,49.74913019,50.43979751,52.66861297,58.61000649,58.75831843,59.51747119,61.33391122,64.72497755,65.16285575,66.51247959,66.61872329,66.98148694,68.32934341,68.93677997,68.97523367,69.90024846,70.97427223,72.10393756,73.58809973,73.89750363,74.32675214,75.01923045,75.43517949,75.46688085,77.15413576,77.32939219,80.76333139,87.7573964,88.47905298,89.70175564,89.75174426,93.17175999,97.64525151]","[0,7,5,5,2,6,1,1,1,6,6,1,6,6,1,5,1,3,6,1,6,3,5,2,5,1,6,3,2,7,5,0,3,2,1,6,1,1,1,6,6,6,1,6,7,1,1,2,5,6,0,7,0,0,0,3,6,0,7,7,1,0,4,1]"
"[0.11042285,2.78587677,5.51540871,8.28947561,8.60534179,8.7585202,8.9983416,9.13819699,9.39776865,13.12297939,24.55218741,27.94155189,40.25289241,40.44808202,40.47660918,40.59328567,47.61074877,47.96398968,48.49046299,48.94446756,49.28365508,49.35649153,49.54623571,49.67368619,50.58888348,50.70047522,50.87155658,51.39559106,51.45129407,52.50943117,52.67086437,52.74503002,53.31312963,54.89116461,54.93440897,55.87891878,56.74793004,57.09129466,57.75266301,58.53481385,59.02952978,61.42024439,61.9177204,62.96564322,63.34104459,63.43224195,67.81838812,67.84301938,71.19956036,73.17169697,73.60093753,74.98008694,75.19749095,76.26678633,76.54298611,76.672688,76.93370889,79.53550341,79.92935866,80.18066381,81.26677016,81.83559592,89.54339399,91.05336043]","[7,0,7,5,7,0,1,5,5,7,5,4,7,0,7,0,7,4,0,7,0,7,0,0,7,7,0,7,7,7,0,5,0,7,0,0,7,0,7,0,0,4,7,1,0,7,1,6,2,7,0,7,0,2,7,5,7,0,0,7,1,0,0,0]"
"[1.02791005,1.68125475,3.35823113,6.19374281,7.28152896,7.28174835,7.63392346,11.08767252,12.36827831,13.04124283,13.95603458,16.91744569,20.31944163,20.56556311,24.51401206,24.95328226,25.77450624,26.48595194,26.79049343,28.83397033,29.09942174,29.4967915,32.11096238,33.0421047,34.43835651,36.80863806,37.95990389,38.1125664,38.32794133,39.63341417,39.71015282,39.72067221,39.84700572,39.99981571,40.01926571,40.11688993,40.1266031,40.30555143,40.33615307,40.38631343,40.43487255,40.67996148,40.97883819,40.98632047,41.07415138,41.16109028,41.31679275,41.45622081,41.5570697,41.56184377,41.83697562,41.92021607,41.97755862,42.16442528,42.46247281,42.56616696,42.92815237,42.93577191,43.16713535,43.45290726,43.50443602,43.98618886,44.41994792,44.67573211]","[5,6,4,5,4,6,4,4,7,7,0,1,3,5,5,7,0,7,6,5,2,7,6,4,4,5,5,6,4,4,4,5,4,5,5,4,4,5,5,4,5,5,6,4,4,5,6,6,5,4,4,5,6,5,5,5,4,6,7,5,5,4,4,3]"
"[0.99458482,2.68171271,3.34615084,3.72320852,4.05028253,4.10918375,5.4467912,8.46569241,8.84486199,9.03196255,9.16612058,11.135622,11.5511228,12.18003798,12.24167378,12.98581238,18.28967487,21.00973826,22.34734829,22.9056397,25.69748109,25.88264057,27.29865972,27.97254313,28.73332246,28.90922341,28.93404917,31.0448064,31.53995363,31.5741094,32.95630563,33.04812318,34.64884336,39.14098639,41.66532725,42.10957253,43.14735728,43.73848207,43.87933735,44.14527152,48.20115921,49.55390961,49.74252071,49.77034309,49.93963893,51.49608788,51.95014967,52.39658641,53.3416527,55.1041964,55.75108286,55.86694352,56.14403507,57.74173154,63.47843869,66.90170624,67.59433982,68.46713189,68.48455099,69.53221907,69.71419983,70.16713803,70.16728168,70.29998369]","[3,7,5,0,0,1,5,4,2,0,4,0,7,6,5,1,2,5,0,7,0,2,7,2,5,5,2,5,7,2,0,1,7,2,6,1,6,5,7,0,6,7,0,0,7,7,0,7,0,0,7,7,0,1,5,1,6,6,7,1,0,0,3,1]"
"[3.36192122,7.18969151,7.8986747,10.07641339,10.29491194,14.3820835,14.84946081,15.27719472,16.19366498,21.9339133,23.3026,24.16445945,24.53904183,27.36861624,27.7989512,29.0536339,29.83988002,31.58315236,31.65691237,31.76285207,32.36910497,32.49751819,32.90767654,34.29514446,34.29705342,35.02386165,35.17230244,35.23031525,39.96484923,40.28078629,40.35913142,40.94024305,41.47449804,41.6044811,41.77842029,42.66593494,43.62878832,43.69489408,44.59632759,44.82328438,45.4004628,46.69283639,46.92146603,46.98959699,47.36835236,47.83892878,48.79192625,49.53961304,50.90805977,52.81986331,53.62305364,55.59975364,59.64971449,60.01572752,66.47019134,68.2745584,68.7581246,74.73770609,76.17362931,79.3443681,79.36232449,82.49741799,84.55400185,86.37502314]","[0,6,0,7,4,7,7,2,7,0,5,6,4,5,4,0,4,5,4,5,5,6,5,7,5,6,1,6,5,6,4,6,5,6,7,6,7,7,5,7,1,6,4,6,5,6,5,2,6,4,4,5,5,6,1,1,0,4,7,5,4,3,3,1]"
"[2.32411405,4.4439095,8.30086771,11.11728559,11.49309062,19.7672782,20.93463069,27.38013348,33.23350184,35.68307445,36.04371438,37.75826279,44.12819312,47.4501785,47.55371499,48.03026988,48.71338483,52.24565383,52.80820897,53.32347207,54.37224522,56.21277924,59.97774709,60.5877135,62.11068316,62.41471888,65.1978534,65.44259859,67.1017277,76.28404575,78.61203625,83.44047463,83.68316427,84.88181915,85.01529067,85.02939731,85.48273518,85.8483743,86.0808287,86.22370264,89.22644672,93.95281669,97.63212034,98.2976865,100.46457517,103.1281489,103.41070475,104.4659188,104.54138249,104.77100551,104.8114954,105.14511115,106.7368625,107.25969047,108.83847061,113.6592387,115.11311943,119.08956493,120.09079763,120.36429769,122.34522578,123.57301287,123.92949285,125.10516583]","[3,0,5,6,2,1,5,3,5,2,6,2,1,5,6,7,6,2,5,6,1,6,1,6,2,3,7,4,6,0,1,4,4,7,5,4,5,4,4,5,2,1,3,0,6,4,5,5,4,4,6,4,6,1,7,4,0,2,1,6,7,4,1,1]"
"[0.78512851,1.37574363,6.03253947,10.00483315,13.350461,13.45525352,14.93039094,16.29917397,16.83450178,19.08196279,25.88376209,27.98185921,28.5793513,28.80758692,29.37360696,30.01577372,32.22228462,35.75720747,36.43446272,37.0015984,37.84375816,38.0013139,38.77266668,44.74127968,46.01173746,46.20912348,46.66514799,47.24177532,48.70679303,49.91886524,51.99360951,52.42387514,53.5933812,53.64741708,53.67490977,53.85000772,53.9509649,54.1076597,54.98795167,55.00090569,56.00406987,56.19372267,56.66780664,57.26821326,57.28281882,57.57126961,58.97659677,60.05380858,60.24007344,60.63470279,61.03584065,61.25520902,62.97146734,63.46573379,65.04390077,65.12596158,65.75061398,66.90139146,68.17594261,69.75843344,70.22639936,70.55856128,74.63980541,76.18722629]","[2,5,5,7,1,5,6,4,6,5,0,7,2,7,2,5,5,2,5,2,5,2,1,6,7,5,3,1,1,7,0,0,5,1,7,0,1,7,6,1,1,0,6,1,6,6,6,6,6,1,6,1,6,6,0,6,7,1,6,4,7,0,7,7]"
"[4.20508767,4.61601424,4.93414763,7.6348417,7.70948424,8.81547292,12.86048045,16.99783875,19.11078731,19.19604102,19.24187676,20.89378044,23.32709568,26.16846425,26.58118443,26.97905595,28.13848713,32.29539126,33.53448846,33.79934069,34.06020862,35.34128196,36.13535497,37.93811544,38.46007042,39.42660411,39.79073782,40.59137593,41.9318486,43.4464224,46.11756801,46.46993313,46.61096593,46.77478379,46.94533165,47.45442284,48.18468904,48.40911617,48.90351328,50.15597647,50.4836538,53.52196872,54.46862842,55.75062373,60.17393806,64.53956719,65.49915066,67.39641747,67.76281012,68.36887111,69.83922239,70.31995013,71.91074541,72.18715556,72.25010083,72.37746166,72.47120041,72.8872959,73.19056662,73.80485519,73.91678435,74.83223083,76.84789919,77.24057029]","[0,3,4,0,7,5,4,6,1,1,2,4,3,7,4,5,0,0,7,1,0,7,7,0,7,3,1,5,2,0,2,5,2,3,7,5,5,5,2,0,5,4,2,5,0,0,7,7,0,7,6,1,6,0,7,1,7,0,7,6,6,1,0,7]"
"[2.30050649,5.0663391,6.92337922,7.81933653,8.81102225,8.95054345,9.07387179,10.42733262,11.8613645,12.92423342,17.10716355,17.60584969,23.93595127,24.06009153,26.95604811,27.31051191,27.47071034,28.93975668,29.3775015,29.55447236,29.924115,30.41514737,30.71071185,30.9511482,31.26472917,31.37153737,32.2987152,32.36639191,32.86347827,33.12721864,33.19336053,33.62761251,36.06139105,36.48937938,37.42871658,41.49039391,46.74104754,46.84208438,47.0280461,49.28601949,49.86644851,50.06472857,52.35286559,54.55096054,56.71688655,57.60658752,58.3205021,58.79388177,60.04274071,63.32510804,63.78322215,65.70165534,66.21340404,67.11727471,67.42539147,67.83926249,69.13178548,69.33188979,71.40021833,72.16959122,72.58661499,75.79483505,76.78886328,77.62078284]","[4,1,6,3,6,3,1,1,6,4,3,3,1,7,7,0,7,2,7,5,6,5,0,2,4,7,0,0,5,7,7,1,0,1,1,1,2,6,1,6,1,6,5,6,7,3,3,0,4,2,5,2,7,0,7,4,0,7,2,0,5,0,6,1]"
"[4.022269,5.00559982,13.96511596,16.93267826,18.52743758,19.90183828,21.70063484,21.74229735,21.96878479,22.89120446,24.30276176,24.85899182,24.89736031,27.35673119,31.18268489,31.2004185,38.39759933,40.83955248,45.37428509,46.31795196,49.88069126,53.93485391,55.26990296,56.44592071,58.14325264,58.78315177,60.16673906,60.43532865,60.77522089,60.81318397,61.1026006,62.16673695,62.27556848,62.92336114,63.00534901,63.19836491,63.38219908,63.42210225,63.59226466,63.96493636,64.03253972,64.11685067,64.46807759,65.18508261,65.23888907,65.51995342,65.79354232,66.37281641,66.5721999,67.01854643,67.13148533,67.15314316,67.18537949,67.35532978,67.35667489,67.48611452,67.51061296,67.7627131,67.78075523,67.9138581,67.98303655,69.02091044,69.11924094,69.22985269]","[5,4,0,3,5,7,1,6,0,7,6,2,5,7,2,5,5,2,4,4,5,5,4,3,5,5,0,7,6,7,1,6,6,1,6,1,6,1,6,6,0,7,6,7,6,6,1,0,6,1,6,7,6,7,1,0,6,7,7,6,6,1,6,6]"
"[2.8069726,2.91882162,3.01953039,3.91423327,5.92006327,11.42267547,15.98871726,17.40907353,18.6025601,19.31421181,21.19324299,21.51688638,21.53575259,22.06257378,22.16969965,24.12710266,24.13178506,24.3881976,27.09865841,30.60723023,38.12721157,38.31719244,42.00296913,43.60781316,44.4335372,45.52843487,47.12040537,49.75448637,52.31720311,53.31507367,53.49178888,54.07145062,55.23866697,57.73550124,57.79848253,58.62848313,59.40284738,59.69755793,59.71496691,62.66988054,63.6272109,63.83187516,65.54218699,65.89753655,67.25204716,67.91612072,68.25706912,68.99860458,69.08985404,69.36972517,69.68878365,72.00714562,77.0665479,77.99842252,78.13385203,80.96614307,81.89885319,83.71858551,85.15540653,85.46144095,87.58234572,90.74908707,92.61261975,93.6366221]","[2,5,1,1,6,0,5,0,7,0,0,7,5,1,6,7,6,7,0,7,0,0,7,4,5,5,3,3,5,2,5,5,5,1,6,6,1,6,1,6,0,7,0,1,7,3,7,0,4,0,5,5,5,7,4,6,1,1,1,6,5,1,6,5]"
"[3.96038454,5.17472731,11.24300394,13.79854486,15.72211277,16.21538496,16.40805809,16.68479477,17.77876602,19.01552135,19.74394105,20.50089658,20.69183393,21.23364198,21.85922691,22.61000709,22.69299154,22.70600667,22.95861148,23.86869835,24.05521217,25.30273909,26.0538133,26.34148251,26.37962478,26.54688532,26.67096829,27.33498517,27.33776065,27.39198899,27.45111067,27.54832204,27.58917457,27.84042617,28.36638652,28.877146,28.91522902,29.4532011,29.46230742,29.82973464,31.10823746,31.15925293,32.07370941,34.20228537,34.36897258,34.58114689,34.70616506,34.75847898,35.01015904,35.16538409,35.2890198,35.32482935,35.34615863,35.47772673,35.5823838,35.67569164,35.94038365,36.02088315,36.60946834,37.14310751,37.53380561,37.74737149,37.75878389,37.92405171]","[4,2,7,6,1,3,1,6,1,6,1,0,7,6,5,7,6,5,6,1,0,7,1,6,6,1,0,1,6,0,1,7,6,0,3,1,6,7,6,6,0,1,7,6,7,2,2,5,7,5,6,0,1,1,6,7,1,0,5,7,6,0,7,6]"
"[1.31666001,1.52103642,1.70690548,3.65541647,3.71683356,5.80250111,6.4991235,6.99446553,7.16350506,7.7190179,8.16824787,9.79561242,10.89014696,11.83573843,13.2669209,13.34315978,13.42407051,13.44822756,13.67844249,14.51068333,14.51254923,15.07352927,15.76432815,16.0237887,17.67528129,17.71680195,18.17227319,19.57959391,19.60395515,22.48663032,23.18165944,24.1601017,24.657506,24.6911346,24.79352986,24.79567727,28.39304335,31.56609534,32.05399376,32.1785697,32.49759911,32.57776542,32.96851922,33.40683358,35.78087055,38.65366686,38.88298385,40.46019609,40.91878008,41.72339287,42.71776329,42.82954774,45.92685825,47.03397775,47.53953962,47.62924267,48.0217574,49.66104932,50.47378876,50.67578661,51.18377171,51.87366738,52.32157062,52.39549789]","[3,5,3,0,7,7,0,0,7,2,7,7,5,0,7,0,0,7,7,7,7,0,5,2,0,1,2,2,5,2,0,7,7,7,0,7,0,2,1,5,6,4,0,1,7,1,6,6,3,1,1,6,6,6,1,6,6,1,6,1,6,6,1,1]"
"[2.68076004,2.74870433,3.14606536,3.15707013,3.24623414,4.07833397,4.68456352,5.89523509,6.08006714,8.46678402,9.48583115,10.59291482,10.60299619,12.05149124,18.79922778,22.14843086,23.0201243,24.66631521,28.5846688,32.60632711,32.71074517,33.13581491,33.50495996,35.58764043,38.1106023,38.55862445,48.95067308,56.05191478,56.26553697,56.51374319,56.5475288,56.74966608,57.56998765,59.387514,59.89402143,62.60859831,63.62961267,63.6568792,64.84117732,70.92706872,71.24078904,73.67372996,74.87355429,76.12045766,77.06817968,78.93664441,80.23635313,80.76284507,86.71008158,88.75508913,89.57494548,90.20301337,92.20251003,95.5115212,95.88040038,102.19549209,104.90137825,105.71792687,106.20066186,107.51916915,108.75826777,109.53207462,112.7164109,112.77826908]","[0,7,6,0,2,5,5,7,5,1,6,6,0,7,3,4,3,6,7,5,1,6,7,1,7,4,6,1,0,7,7,0,7,2,2,7,0,1,5,6,1,7,4,7,3,6,7,0,1,4,2,6,1,2,5,5,6,1,6,4,2,6,6,2]"
"[1.03711552,4.46750086,6.01700518,20.87783682,28.63308105,29.19083379,30.66897945,33.25277754,40.54264637,41.41340954,44.68539622,47.16166041,49.30622465,50.67425797,51.66099724,52.46908547,53.0661541,53.44117223,54.37337496,54.45338075,55.09842309,55.62175588,55.73169988,55.75810373,57.27480641,57.83188217,58.14244845,58.16621666,58.19220437,58.75242531,59.10691882,59.47606013,61.91918941,62.94933,63.50296455,63.61425474,64.97455294,65.09175087,67.6481154,68.939827,69.36334175,69.55665721,69.64349842,70.94949245,71.17525694,71.24984619,71.76442162,71.80435815,71.89707332,72.04653272,72.08604102,72.71875656,75.98253939,78.44940472,79.61469829,80.59607143,87.99324524,89.12721199,89.44851275,89.78193493,89.83935116,89.94234924,90.72295147,91.13929726]","[7,7,3,1,6,7,1,6,1,0,2,0,2,5,2,4,7,5,5,1,0,6,4,5,4,4,5,6,5,7,6,7,6,1,5,6,0,4,7,6,7,5,6,4,4,5,4,6,7,7,5,7,6,3,2,6,5,4,5,4,4,4,4,5]"
"[3.3228232,3.32750754,3.6151849,3.71344191,4.54332744,5.47617289,7.58418849,7.6885202,9.60946906,9.68491786,10.65613038,13.45620501,17.13669965,18.13333658,20.35627904,21.19079182,21.27840486,21.50011049,22.40221303,23.18778526,24.3801305,24.41694329,24.77978599,25.16103764,25.26934017,25.49658984,25.77077914,26.4069511,26.73573761,27.41421266,28.22922913,29.22941806,29.43897151,31.82319132,34.2866049,34.77712047,36.11157427,38.07594661,38.83353052,39.21275724,39.86267149,40.90141862,44.12474873,44.21547917,46.88056748,47.86109671,48.05377046,48.29318904,49.18464058,50.24452259,51.59166437,53.98060828,57.77561119,58.57378608,64.78797761,69.11670502,70.2170705,73.6659368,77.19849232,77.39469612,81.87154894,84.71279223,85.84252232,87.96004194]","[0,7,3,7,7,7,0,7,7,5,5,7,4,6,5,1,6,0,6,6,1,7,6,0,1,6,7,1,1,6,6,6,5,1,4,2,6,1,4,3,6,0,0,7,2,7,5,1,0,3,3,7,5,5,5,4,2,4,6,5,4,6,2,6]"
"[5.59303257,8.11138764,14.23851855,15.83550506,26.44886916,27.02522072,35.53545976,35.56691955,39.85839012,42.74136626,42.81077513,43.78814316,44.22251537,45.61911614,45.73916686,46.4670858,49.01124858,49.33499441,52.94354779,53.5530778,57.07582185,67.31638804,71.18431598,72.57597213,86.42270451,88.63730405,88.90136339,89.15629041,92.66269859,92.86255481,97.15592202,98.81965561,102.85671962,107.90161674,111.2733889,111.940114,112.4832312,114.32888914,114.6099747,117.00527648,118.94196792,127.21683937,127.36404723,128.61036968,128.98694582,129.23955356,129.46456247,130.17347011,130.26905425,130.33245839,130.33351068,130.39059256,130.53468922,130.70854559,130.87367859,130.92849068,130.971585,131.11320899,131.13755344,132.62662825,133.6398203,133.72994558,133.7930863,134.06142449]","[3,1,7,1,7,1,5,6,1,5,4,4,7,6,5,4,1,2,7,0,0,1,1,6,1,6,2,4,5,4,1,0,7,5,7,3,7,7,2,0,4,7,1,4,5,4,6,4,5,6,5,6,6,6,4,4,6,7,6,6,5,6,7,4]"
"[2.28393689,2.52398711,2.89944733,3.64698426,13.92253762,13.99530698,14.54011257,14.60363552,17.82117594,18.18038442,18.68190244,20.71885695,23.77942253,24.4603324,24.9743203,27.00475344,27.22913226,27.91232007,28.32925592,29.19701586,29.60811466,29.64693742,30.13553825,30.23620019,30.58704829,30.7993362,30.84158477,30.95497839,31.20590929,33.37431607,33.71053561,35.50052788,36.24833305,36.52490025,39.53929933,41.06816752,41.69652356,42.41459437,42.98768505,43.19349562,46.07413073,46.24531559,48.22461359,50.14638405,50.78474205,62.74948554,63.39758461,63.41380082,66.08931562,66.57358888,66.85147376,68.12856289,71.72198852,75.75058693,76.216602,76.31656892,78.4343144,81.52852739,82.00652681,84.03881701,86.23793347,95.64005919,95.77930555,96.16786579]","[3,4,1,6,7,7,0,6,5,3,4,5,7,6,1,6,7,5,1,6,6,1,0,6,6,7,7,2,5,3,1,0,7,7,7,6,1,2,6,5,7,5,0,4,7,4,2,2,5,1,2,5,5,2,5,3,5,0,4,4,6,1,6,2]"
"[8.55455917,8.87964363,8.95519725,9.4873286,9.51925611,9.7559442,9.87277974,10.05028748,10.42540047,10.43454838,11.74467039,12.39813804,12.49663479,12.84866549,12.86763558,14.54941127,14.6853867,16.26914779,17.16067092,17.27496431,17.56953423,19.75796976,23.42958914,26.68689127,29.11403963,29.2950459,33.76987912,34.13129919,40.68391886,41.58450539,45.0326785,47.86136646,52.88323989,54.8014589,55.67834628,56.55449003,58.51556835,58.72360196,59.37825924,66.06116666,67.21260006,75.24907389,83.58345664,83.92834744,90.65839584,93.15642941,101.73388257,101.80135889,102.05143343,102.27459095,102.53899462,104.82876625,106.18678752,107.04677271,107.29384311,107.68514615,107.99646704,110.79945115,110.84498774,112.56480757,112.79079885,112.91312393,113.86585561,115.2522499]","[4,5,5,4,4,5,4,6,6,4,4,2,7,5,6,6,5,4,5,5,6,2,6,7,4,5,2,7,3,1,5,6,5,6,4,0,5,1,4,2,2,2,3,0,0,3,0,5,6,7,6,2,0,1,5,6,1,0,7,4,5,6,7,3]"
"[0.30457104,0.52854412,4.01947495,9.90971402,10.91278261,12.43554813,13.81585207,17.99176952,18.12182906,19.562784,20.10745978,20.2642674,20.46764395,25.48498449,26.14196273,29.28830452,32.4922344,41.31823224,41.40795603,48.07842416,48.60260094,51.71392927,52.47288499,52.97662246,54.16553851,54.20524829,64.93724995,71.74132384,74.91918797,75.68827355,75.78350151,76.08336994,76.42574703,76.65064337,76.70046437,77.09181423,77.20777667,77.28805998,77.55894207,77.57003702,77.66708518,77.8561019,77.87212159,77.91859658,77.98881844,78.32444291,79.05490625,79.11910498,79.1768206,79.81361463,79.84373126,80.26682466,80.34469164,80.93100413,81.50058131,82.20643182,82.41134499,82.47881473,82.55855429,82.92965805,83.95645811,84.00910856,84.22992143,84.38707987]","[0,5,1,3,0,7,1,4,2,6,6,1,5,7,5,6,1,7,0,0,5,5,2,0,4,5,1,1,2,0,7,0,5,0,7,0,7,7,0,7,7,7,0,0,0,7,0,0,6,0,7,1,7,7,6,7,0,6,1,1,6,1,6,1]"
"[0.2336553,0.47997748,0.52337161,1.26453029,1.60807525,1.73361192,1.85760401,1.8599588,1.88856661,1.9700964,2.03939081,2.11631214,2.44384665,3.11717281,3.19168845,3.45807514,3.88588457,3.94823537,4.13808384,4.27886557,4.41697784,4.71021707,5.04898998,5.62821458,5.65636127,6.18409532,6.22272752,6.32156924,6.60322729,7.1931144,7.93391739,10.34426447,10.4364321,10.7203608,11.7523925,11.99079109,12.56977928,14.49355434,14.92601135,15.0218332,18.43514962,18.44328267,19.71534381,20.25269194,22.75828799,23.32447278,24.69992837,25.03060704,25.29244935,25.31019165,25.62451099,25.75270162,25.82482713,26.1845498,26.40238208,26.55011045,26.57523109,26.61904006,26.64123915,27.09968416,27.19003871,27.58885029,27.79758571,28.17945794]","[5,6,4,6,5,6,4,7,5,4,5,6,5,6,3,6,5,7,6,7,7,2,7,4,5,6,6,7,4,0,4,5,1,4,6,5,7,5,5,4,5,6,6,6,4,5,6,6,5,5,6,4,4,4,5,6,6,5,5,4,7,4,4,5]"
"[9.09489572,11.61930869,11.70820062,13.38175125,15.26142499,15.64539267,16.8522874,17.29765134,23.75608958,26.80883513,29.38652419,39.92685979,41.83189618,42.26058089,45.04039715,45.05642396,45.06030688,45.5802916,46.97889647,51.50406223,54.82763368,55.40772785,57.66732856,59.07074316,61.15534218,62.15457753,65.62685875,66.67988122,67.26224125,68.78892339,74.01404929,81.09453053,84.10319672,84.28972944,86.64593054,88.94699022,93.12255093,93.64106243,93.69845711,94.55918834,97.02901913,98.25229992,100.45027861,102.88946097,107.28866145,107.72434488,107.80786419,107.81530453,107.84509023,108.74040287,109.65617806,109.77690958,109.97802855,110.3130993,110.59447338,110.76022885,110.79148682,111.31586525,111.66020081,112.9900383,114.49101859,122.09215183,127.23917772,128.16656826]","[1,3,3,2,1,1,6,1,3,6,7,7,5,2,1,6,1,6,1,6,0,7,7,0,1,7,5,7,2,0,3,4,7,0,7,1,7,1,6,5,6,4,5,3,7,7,0,7,7,0,0,7,0,7,0,2,7,0,5,5,5,6,0,4]"
"[0.29279877,0.71198236,1.56564773,2.26080133,3.33338248,6.55153718,14.1879812,22.91303075,23.07721164,25.2479,29.51775475,31.45220612,35.64235627,36.60015696,36.91336194,37.86065119,37.99348761,38.24987362,38.45042226,38.55901778,38.62630232,38.65135863,38.98412059,39.30116754,39.41034627,40.45124218,41.51677977,41.61675054,41.77565659,42.08288379,42.66740455,42.94368584,43.04739459,43.3426089,43.49694231,43.69531842,43.79878129,43.87293928,43.93791369,43.9609525,44.01573365,44.06521443,44.19654965,44.36033871,44.40425388,44.67124712,44.70160003,45.06396106,45.19087055,45.35576595,45.51996667,45.5659679,46.24503402,46.45958247,47.44303714,47.7840728,47.96197791,49.21139223,50.27777243,50.45682429,50.49985815,51.04471938,51.21379149,51.26640657]","[7,4,0,5,5,2,4,6,2,2,7,0,5,5,2,4,5,5,5,4,5,6,4,4,5,5,5,5,3,6,4,6,5,4,4,5,4,5,4,4,5,6,5,4,4,5,6,6,5,6,7,6,5,5,6,5,0,5,4,6,4,4,6,5]"
"[5.31244444,10.39048912,11.48400562,19.96258139,28.34024729,28.6147949,28.64843338,28.91601459,29.04576281,30.16416756,30.87459122,31.25861755,31.62375285,31.7239384,32.34247101,33.04206615,33.67663005,34.91121913,35.57966084,36.90838958,37.44696631,38.20359515,38.32146519,42.05317153,42.76324545,43.33634301,44.21512189,44.43764321,45.15570386,45.19184849,45.19237791,45.99483303,47.63878831,47.94278571,48.38072945,48.74896247,49.09682285,49.45310989,49.50203658,50.47458681,51.00371299,51.41178221,51.42369768,51.76293178,52.39176288,52.46129044,52.58358352,53.09345007,53.12467285,53.83815303,54.4787811,54.993197,55.27587819,55.28263577,55.44161549,55.85720172,56.10890806,56.22990926,57.13850902,57.58015164,57.82904713,58.27841276,58.72538084,59.15001066]","[0,1,0,6,4,5,7,6,4,6,1,4,1,7,5,5,7,6,4,6,7,6,5,5,3,3,3,7,6,4,3,5,7,0,4,4,5,5,5,4,4,5,6,5,5,0,4,5,6,6,6,4,5,5,6,6,6,7,6,6,5,6,7,6]"
"[1.84695977,8.58654579,17.70546678,17.75477458,20.80788729,21.43299988,21.65942052,22.73512132,23.4517043,24.0013033,24.70994313,24.84367463,25.30911985,25.49044799,25.71188874,28.98003062,35.50498733,46.11601637,52.27106702,54.41408472,55.509599,55.67191446,56.85249087,56.97343459,58.04602373,58.24640083,59.02630559,59.05530762,59.09861348,59.18578296,59.8027899,60.90729162,61.21523314,61.44805421,61.59518635,72.75998437,75.65163499,75.80591282,75.81071054,75.87184099,76.30677179,76.44510807,76.52834774,76.75091552,78.13100413,79.25887311,81.119499,81.57369472,81.94776077,82.77226592,83.37600595,83.7645741,84.41698454,84.51563763,84.75540982,85.59896927,85.68735752,86.62374218,87.19994997,89.20491287,89.56885859,90.44553198,91.0750824,93.90417488]","[4,0,4,7,2,0,1,7,7,0,0,7,7,6,6,3,6,2,2,3,3,1,1,6,7,6,6,2,1,5,6,7,1,5,0,6,0,2,5,1,7,0,4,0,1,5,6,1,6,6,0,7,2,1,5,1,6,4,1,6,1,6,1,4]"
"[1.43074283,5.65291241,9.81052991,12.10320324,20.63140778,20.75866648,24.0170499,25.43632011,28.23902114,28.24608588,28.40918647,29.15301498,29.72544622,30.31435959,31.52789358,34.21680051,40.0921816,40.82198442,42.40572837,42.48405265,42.67083298,42.75997438,43.08517338,44.93465297,45.92506666,47.52324328,49.52810096,56.94492403,58.06957339,58.40729866,58.93758902,58.97764515,59.25939243,59.29369027,59.55567093,60.04043666,60.66972042,61.02855404,61.45138078,62.28768369,62.65216275,62.93177196,63.46912224,64.40139552,64.76137802,64.86002886,65.27931124,65.47782474,65.77944513,65.82118319,65.88896906,66.71160728,67.38907321,67.38974844,67.65194573,68.06825972,68.10599789,69.10469617,69.64290319,73.94308525,75.18393736,75.45811111,75.93046934,76.4943271]","[5,3,3,1,1,0,5,3,1,1,6,6,1,6,1,6,5,6,1,1,0,6,0,7,5,0,7,7,1,1,0,7,6,1,0,6,1,6,1,7,1,5,1,0,6,1,6,7,6,1,1,2,1,1,6,4,6,5,0,5,1,7,7,0]"
"[0.69991263,2.74451379,2.74473617,4.15822636,4.27873684,5.71570329,5.97345559,6.10017805,10.49089406,13.11922062,14.02719108,18.63294655,18.97967167,19.99354297,20.07034544,20.96691039,21.07778283,23.51099047,23.55479636,35.0603756,35.13040201,35.51209816,36.35166843,44.04850945,44.11677418,46.36621879,47.32296728,47.442949,48.26310518,49.46888449,50.43679976,50.97201173,51.7047793,54.31954008,55.25468022,55.59847455,56.22078075,57.00049441,58.33372309,58.44900356,58.83071191,59.79899202,60.69609171,62.20527882,63.83930319,64.12851449,64.4861734,64.80193595,64.91157993,65.37058044,65.56331088,65.60593187,65.89144315,66.58669843,66.9698309,66.97115041,67.07858885,67.24566174,67.54009359,67.62544389,69.37043566,69.62163624,69.78869286,71.69003333]","[7,0,2,7,0,0,7,5,7,2,5,0,3,7,2,0,5,7,0,0,7,4,0,1,6,2,5,5,2,6,5,7,5,6,1,1,6,4,1,0,2,3,3,1,6,1,1,3,6,1,3,6,1,1,6,6,6,1,1,6,6,1,1,6]"
"[1.69606265,3.34700009,3.38073852,3.46880219,3.68464834,4.65599091,5.81465394,8.10915514,10.13129183,10.75519966,13.45970137,14.86688101,22.64579058,22.70984781,22.74844168,23.92477355,27.00070332,34.0942388,37.16715294,37.74731679,38.04321032,47.19993366,50.95941048,57.96167174,59.82079863,62.27676207,62.653589,69.14268481,70.31016123,70.47262792,72.52799635,73.01089629,73.85763251,75.12025863,76.48772456,77.56354157,77.90474347,78.32676845,78.51379567,80.02204046,82.39880587,82.62409109,83.67002208,84.59492786,84.8454792,85.24941993,85.28318363,86.06209521,86.35157904,86.90793263,87.30530421,87.35295448,87.7908067,88.29535033,88.50292135,88.52604409,88.67326998,89.68772132,89.84322497,91.0151739,92.11493772,92.76105359,95.07957885,96.05376314]","[3,1,6,6,4,4,4,1,3,6,0,0,2,5,6,4,4,1,4,6,1,3,4,7,2,1,6,4,1,5,4,6,1,2,2,1,5,5,1,6,2,2,5,5,2,6,1,6,1,1,4,1,1,1,6,6,5,6,7,7,6,1,6,1]"
"[1.04427554,3.00955913,4.08033326,4.43968288,6.85142083,7.20050802,7.51356059,7.62181215,7.65680628,9.18107813,14.3389657,14.66680297,14.79635936,14.87249488,15.14970724,15.15138698,15.56129642,16.97679551,17.24598659,17.74183972,17.82232878,18.08999676,18.5016327,18.62409079,18.66792632,18.80721775,18.85206691,19.49984927,20.33369213,20.63368644,20.85770621,21.17589036,21.40289995,21.86693194,22.34129748,22.34778103,22.39586499,22.39685715,22.5195587,22.67180654,23.25074999,23.26338055,23.52733703,24.28909146,25.90652087,26.31406926,28.1847102,28.36288693,28.64472657,28.80656533,28.89207769,29.04734035,29.22355974,29.70876507,29.86565499,30.41984018,31.14242923,31.17367138,31.21690255,32.27511153,33.44732519,33.70026418,33.88451675,33.96027089]","[0,7,0,1,3,7,0,4,1,7,2,5,7,0,0,0,7,2,5,1,6,0,7,7,0,6,1,0,6,7,6,7,7,0,7,7,2,0,0,7,0,7,7,7,0,0,6,0,7,7,7,6,0,7,0,7,0,2,4,1,7,0,5,0]"
"[5.18354967,8.35065616,10.05810636,10.10972406,10.27741067,10.83924611,11.01082872,11.53901707,11.99872312,12.10062364,12.41788072,12.42599674,13.60161257,14.03219118,14.40548281,14.9332408,15.80722499,15.97069946,16.08107204,16.67474514,17.0893709,17.252065,17.37877421,20.08627568,20.39445634,20.62314514,20.68215973,21.02407659,21.07829181,21.11023819,21.60521763,21.63126864,21.63626391,21.63937418,21.64820735,21.67943375,21.70602065,21.90401459,22.17900271,22.33818308,23.97863878,24.05932165,24.49357907,25.18303377,25.51569917,25.6681951,25.67480885,26.81413371,26.92357489,26.96894072,27.2788079,27.36900672,27.80920399,28.1306037,28.50839225,28.60867386,28.93100796,31.02036984,31.4448629,31.60179027,31.79136752,32.13220594,33.04203692,34.1600106]","[5,5,1,6,1,6,1,5,6,4,1,6,6,6,4,1,6,6,0,7,0,7,6,7,2,7,7,0,7,7,0,0,1,0,3,7,5,0,7,7,3,0,5,5,0,1,6,7,1,3,0,6,1,6,7,0,1,6,1,6,6,6,1,1]"
"[1.84504413,4.79685749,4.83190651,5.56041193,5.67665211,5.86799782,6.08494898,6.58236961,8.53029657,8.86965517,10.0103461,10.44235134,11.79635321,12.28959982,16.89436599,18.3781021,19.26691431,28.07261917,28.78782081,31.22019966,36.81747961,40.21049324,42.95046989,49.31952927,49.63021877,49.65011652,52.77558528,54.89109051,55.72135727,57.48907777,58.29818907,65.42572073,67.79391839,75.50690983,76.97207348,79.36173657,80.98574001,85.57764864,86.22440974,87.0169346,87.40488586,92.44056004,92.73058354,94.07365838,95.89354965,96.0475899,98.75142724,98.99189839,99.35383097,100.56789029,101.8170122,108.30367971,109.27490616,113.18292348,113.39137357,113.64403029,113.796012,118.01476341,118.27273412,118.31516562,120.80044574,120.89397512,122.29551507,122.3656717]","[4,5,6,6,5,6,7,7,6,7,7,0,6,7,7,4,0,7,2,0,2,3,5,7,4,5,3,5,6,1,4,7,7,3,7,5,6,5,6,6,3,7,0,5,6,0,5,6,7,7,6,1,2,3,1,7,4,2,6,5,0,4,7,4]"
"[2.53380092,3.06630992,3.2355907,3.51952812,5.38799809,5.5733076,5.68266147,5.84658484,5.98050851,5.99070473,6.05809617,7.32932852,7.60058369,11.89369276,12.0374607,12.54678196,13.64833989,13.66245806,14.52542499,14.55179971,14.91096848,16.35183812,16.80183733,17.29008692,18.7848048,23.89119835,23.94682516,24.40068909,24.95992434,25.30734186,25.41045911,25.87590853,26.10048347,27.26897556,27.73403591,27.93547906,28.08826352,28.31061844,28.40193112,29.38722652,29.42508138,29.63896413,29.91813499,30.75772965,31.05597591,31.20491429,31.39281376,31.63468196,31.89753207,31.96878201,32.36963779,32.45581633,32.75035066,32.93231782,33.30015492,33.91266687,34.05509369,34.68645598,35.34362938,35.43340198,36.45327646,36.90030061,37.3993118,45.08693681]","[0,5,0,7,0,0,7,0,0,2,0,7,0,7,0,7,4,0,0,7,0,0,7,7,5,2,3,5,7,3,0,1,6,6,4,6,1,6,6,6,1,6,6,1,6,1,6,6,6,6,6,6,1,6,6,1,6,0,1,2,7,0,6,0]"
"[0.92757379,3.49731292,5.27006411,7.32680036,8.55079396,9.27145442,17.81019251,18.92167929,22.21149849,22.30604203,23.51576884,27.43077304,28.39901927,30.51925862,31.07767536,31.77790079,32.0776107,37.05122975,37.48788099,40.9592092,41.11799178,42.84534034,44.69300732,52.95644519,57.7958151,58.23475251,61.48806229,61.94700771,67.08822331,67.72438336,68.55863904,70.52840209,70.95855418,71.12282332,71.49033161,73.03124778,73.36193763,76.89449486,78.30941327,78.79247448,79.46606999,79.48451537,79.54983645,80.23577421,80.51166,81.80109609,84.40499341,84.48482485,86.83053807,89.22669181,89.23704248,90.40212503,90.55762216,90.64907005,91.29196084,92.03523773,93.6030089,94.06468068,94.37859336,95.97310459,96.52190735,99.26376317,99.35180008,100.50391595]","[2,5,5,3,0,7,0,2,0,7,2,2,3,3,4,5,7,3,5,2,2,2,2,2,5,6,7,3,1,3,6,2,7,3,1,5,0,1,3,7,7,0,2,0,5,5,0,5,7,1,6,6,1,6,6,1,6,2,1,5,6,0,2,7]"
"[1.19820784,1.59396844,3.96260059,7.86814497,8.60168154,16.40316725,20.37878989,20.45680191,20.51887834,20.83472405,21.10918596,29.90291451,34.2940963,34.39632248,34.84185045,34.92880521,35.96760024,36.30029122,36.36620738,37.03670262,37.04985687,38.2729699,41.06821709,43.61080284,45.77345435,46.9918041,54.20124582,54.22275037,54.34961497,55.4933546,55.84556508,56.40232261,56.52785187,56.70953472,58.87656093,59.52377689,59.54704951,60.28114152,63.6204729,64.24494884,64.33382876,64.50007583,65.45640325,65.57588909,65.8843525,66.39154918,67.40048884,67.54970533,69.05761235,69.59443483,69.82915695,73.01277514,73.50949251,73.72736397,75.75355466,76.49387002,76.67363857,76.8434285,77.39995722,78.40401148,79.24092258,81.23980803,81.53156026,81.88681883]","[7,0,2,7,0,5,5,2,7,5,2,1,0,7,7,7,7,7,0,2,5,0,1,4,0,5,1,6,1,6,1,6,1,5,6,2,5,5,5,0,6,0,7,2,0,5,2,5,7,5,0,0,5,7,0,7,0,7,7,0,1,6,1,6]"
"[2.32609055,2.34535548,2.77009472,3.14432342,3.81533027,3.87151466,4.3664593,5.73126656,5.77823045,6.32878544,7.29410719,7.39041598,7.44519644,7.79931251,7.88231093,8.59011186,9.05392425,9.2104311,9.44931006,9.94740487,10.97411402,11.56585672,12.19598219,12.26953343,13.43446494,14.31867488,14.33403978,14.33412113,15.42206771,15.6761319,16.37479943,16.48924125,16.93337819,16.97987169,17.45708484,17.66144779,17.72415516,18.08784414,18.08952142,18.63184732,18.64498068,19.15716361,19.25859505,19.27693582,19.47729365,19.54195197,20.14019024,20.15134529,20.26589825,20.5369874,20.80447323,20.82418669,20.87698872,20.91523702,21.30395185,21.42377446,21.61735104,22.00591936,22.07144462,22.45068449,22.63116066,23.43933185,23.60047349,23.71231557]","[4,5,4,6,6,5,7,5,4,2,6,4,5,5,6,4,0,6,6,5,3,5,5,4,5,5,4,4,6,5,4,6,4,4,5,4,4,4,6,4,5,6,6,7,5,4,6,5,4,5,5,5,5,4,4,6,7,5,6,4,6,5,5,5]"
"[5.81648629,9.18436796,10.32339335,13.99236765,14.36162479,18.9949186,19.12017041,25.50350692,33.77066376,34.53833951,35.78653685,36.11926257,40.13772778,42.01873372,42.63331353,43.28055818,43.60393864,44.22240953,44.64819935,48.40628807,49.54710685,49.8396361,53.09143615,54.35222674,58.53880433,59.05833479,60.02716857,74.24339278,78.01472117,87.67564345,88.55691379,89.27407399,90.36667373,90.73145391,91.66187295,92.5998083,93.46630268,96.60769606,96.88894357,97.1689799,99.35784705,101.79634555,105.2119634,105.45210489,106.35987066,106.50276273,106.57293126,107.29090213,108.21325703,109.85884628,110.05519619,111.07658067,111.88239848,112.72220687,113.06205706,113.13071849,113.48255214,113.92674329,114.06664165,116.66466998,120.61894805,122.16606873,122.54676334,123.13824907]","[5,5,5,1,2,0,5,5,7,0,5,7,0,0,5,0,5,7,7,1,5,6,6,5,1,0,7,4,5,7,0,7,2,0,5,7,1,0,7,0,2,7,7,0,7,7,7,7,0,0,0,7,2,5,7,0,0,7,0,7,7,3,0,0]"
"[1.22079944,2.83910631,3.40094495,3.71801488,4.60203597,4.80804708,4.87140517,5.44598161,5.61707878,6.01315289,6.37936419,8.36351335,8.42572602,8.51845542,9.42335442,9.45284243,10.14740887,11.64730656,12.44687354,12.70695972,14.25730445,14.35367997,14.56381139,16.10225096,17.1666111,22.08393798,23.34243923,24.8899464,25.11619212,25.7651193,29.92746165,32.57041925,40.0103736,40.94023362,42.59056826,42.86319343,43.20084731,43.8590298,45.22658863,45.68691849,47.40428819,47.45309116,48.65364681,48.67248955,49.69041353,51.07048007,51.35001257,53.75544025,53.83662294,54.11600769,54.97904929,55.02180862,56.55973141,58.10085669,58.39310086,58.55085795,58.81119449,58.81611009,59.04857514,59.12832753,59.48152404,59.70226683,59.74712052,59.95913509]","[4,0,1,7,7,7,6,1,0,0,0,6,7,1,0,7,0,7,0,5,0,1,6,2,2,5,1,6,4,1,5,1,3,3,1,1,6,6,6,1,1,6,1,3,2,6,1,0,5,7,1,6,0,6,6,1,7,6,0,1,7,1,1,7]"
"[5.33962745,5.34430234,9.88726183,12.96958248,16.50988464,17.80171058,19.10954306,20.5644291,22.9078065,24.29073371,28.72152274,28.935713,30.99225926,33.7188739,34.26436095,34.44680289,35.4667032,40.44550464,40.82202315,41.06562428,41.12516265,41.20315827,41.69817975,42.98480836,45.40537112,48.19506937,48.75373486,52.08409425,52.26461648,53.53943013,56.56466357,56.59137823,56.74867403,57.10377013,57.12135728,57.57560021,59.08038601,61.1369603,61.95326015,62.37371145,63.44598781,63.56904357,63.94103633,65.43084107,71.02515674,72.6023357,73.92622125,74.69648515,75.44794022,75.76167679,76.34797915,76.59775814,79.42817653,79.5540069,80.14332532,83.48967892,83.78396054,83.95479032,84.15085262,85.6226248,87.08333093,87.88977072,88.17952198,89.84921885]","[7,5,7,7,2,5,7,0,7,0,7,0,7,3,0,3,2,2,5,1,3,3,6,3,6,6,1,7,2,7,2,6,4,1,6,2,3,7,2,0,1,6,4,0,3,0,6,0,1,6,6,6,1,6,2,5,5,1,6,6,1,1,6,2]"
"[6.49903158,6.72335093,14.90701607,15.08760484,15.6613766,16.04059562,16.5484978,16.64644553,16.75242235,17.29180684,17.47434005,17.54915529,17.55049541,17.62332396,17.79727793,17.80747503,18.95896394,19.33227191,19.52568247,19.61557665,19.89579618,19.96906126,20.8726502,20.89581842,21.46872464,21.66193088,22.45217438,23.42509034,24.50913938,24.80312556,26.08037625,26.83712842,28.13079784,28.51758633,29.47324684,31.74202175,33.26184678,35.06625414,35.24731464,35.42536241,38.71025249,38.93995286,39.33046821,40.81932739,43.8323892,44.27605612,44.30864537,44.3444432,44.36727943,45.04126263,45.56449372,45.83927539,47.3432128,50.07549944,60.30851214,74.0903993,74.3920591,76.04097756,77.09871425,91.11182439,92.64911486,94.70085998,94.77995517,99.07767477]","[5,0,6,5,4,4,5,6,6,7,5,6,4,7,4,6,5,6,5,4,6,6,5,6,6,6,2,5,5,1,2,4,7,5,6,7,1,5,6,3,5,4,6,7,6,7,5,4,6,6,7,0,6,1,5,1,4,4,1,6,6,6,1,3]"
"[0.61412697,0.83155179,1.18377031,2.81662286,3.83817323,4.00540239,4.35691746,5.53439607,6.60508744,8.28144151,8.29536415,8.65571252,9.26588292,10.07524621,11.53525424,12.15285226,12.15955336,13.09841162,13.42409399,14.42641178,16.63822155,17.29347737,18.45383522,18.86724875,19.53131402,19.57430622,21.0286601,24.1470428,25.79730576,32.52690827,32.60815382,32.78567987,33.5505977,34.16299598,35.07920291,35.23562516,35.43041267,35.44429196,36.22243604,36.74636212,37.31893151,37.65074355,37.89417295,37.99209384,38.36389997,39.10903137,39.23766919,39.42790107,39.78722815,39.82820687,39.95164393,40.19287536,40.34800784,40.51721509,40.72109628,41.26539077,41.73046786,41.82607084,42.00375258,42.0366363,42.06767544,42.19522916,42.24273154,42.30975978]","[5,1,6,5,7,7,1,4,5,6,6,6,7,6,7,6,0,7,1,4,5,5,6,3,1,1,6,3,7,4,5,3,5,6,5,4,5,4,5,7,5,4,5,4,5,4,7,0,4,5,5,6,6,6,4,5,5,6,6,4,6,6,7,6]"
"[0.54593517,5.88207362,6.06368788,15.65124328,20.78421595,21.65645861,22.54098075,26.95544945,27.28414243,33.21025442,33.30356549,33.81928819,34.01078589,34.41417547,34.42370678,35.2748328,35.50063931,35.77947606,35.78552974,36.52925361,36.65068334,37.41118394,37.70440702,37.79652076,40.15455465,40.93241631,41.38520173,42.76631191,43.67183125,43.73691734,43.75847971,43.96806078,44.0346046,44.46042785,44.49434264,44.63622873,45.15509801,47.02032219,49.99144409,55.54730333,57.31952064,57.33028854,57.39479137,57.4311877,57.5790736,57.98857492,58.19088797,58.29593619,58.70058281,58.70122091,58.96478674,59.07799394,59.08258975,59.1862237,59.33024758,59.91190039,59.92820009,60.29266956,61.43323151,62.57917797,63.10719578,64.12433447,64.89666732,67.84612982]","[1,3,4,7,4,6,2,2,5,5,0,7,2,0,5,7,1,5,7,5,0,0,6,1,6,5,1,6,2,7,0,1,6,6,1,7,1,5,1,5,6,1,0,7,5,0,0,7,7,6,7,1,1,5,1,7,6,5,0,1,6,1,6,4]"
"[4.14849445,6.51356023,6.63758941,10.05634586,13.6592612,14.17691271,14.34436618,20.89396954,22.12623017,22.37347759,22.76788276,26.5521412,26.92257906,28.21743413,31.65247698,32.37092785,32.45241302,33.84852138,40.50596866,44.62063031,52.42700998,54.73069025,56.09218145,56.63572167,57.3020388,60.84300125,61.07426721,62.60751569,63.72137403,65.7050437,67.08018454,67.55952262,69.01493346,70.79311442,72.71918807,73.42029415,80.06839317,82.49471806,85.71854835,88.97498689,90.10621008,101.06994481,102.1399231,104.3124154,106.61946822,111.80581825,112.4226279,113.74565648,114.67323965,116.91086637,119.28228559,119.38559758,129.92288263,129.94976768,131.49253848,133.85363927,135.02112921,135.85365679,136.44168327,136.58211524,137.34243563,138.74112678,140.50346396,142.95381309]","[0,2,5,6,0,5,4,2,1,6,0,1,6,5,7,4,0,7,4,1,7,0,2,2,5,2,5,2,5,5,3,5,3,2,5,1,1,6,3,1,7,7,0,0,3,2,3,3,2,2,5,5,0,7,7,7,0,7,0,5,7,7,2,7]"
"[0.6181952,2.6719688,3.22613318,3.96327454,4.7517222,4.8384391,5.44016526,5.58649907,5.82115878,5.95248178,6.58871254,10.92432306,12.04197707,16.01532165,16.20899475,16.5504698,16.84562009,16.96027058,17.1983546,18.39252717,18.51960749,21.57877059,21.67949087,22.77695377,24.83624576,25.09139271,25.31044699,30.51234861,31.63847356,31.79340456,32.33207728,32.90768255,34.26012786,46.84088252,48.03192142,48.15061429,48.82283616,49.93902645,50.84830008,51.78463819,54.97212159,55.66785855,56.15714713,57.24305661,62.68524587,66.05428791,66.5378988,77.46551833,83.82152309,85.64246821,87.85606932,89.79023679,90.57357893,93.52089429,93.86322411,96.92189213,97.22394001,98.31315611,100.049887,100.74470079,100.96078198,101.41674446,102.11975556,102.27160311]","[5,0,5,7,4,0,7,0,7,7,7,6,2,7,7,0,2,0,7,0,5,7,3,1,0,7,1,7,6,0,0,1,1,7,5,7,0,0,7,0,0,7,7,2,1,0,4,4,2,7,0,7,0,0,7,1,6,7,4,0,7,6,1,1]"
"[17.89495579,18.2907347,21.13293479,22.03106458,23.3156854,27.07401872,27.40512565,27.77267647,27.79837831,27.81676335,28.52652046,29.65175395,29.99095377,29.9910361,30.04102598,30.58128825,30.68920783,30.89787836,31.08378394,31.71205915,31.73815726,32.20062185,32.36899236,32.5793201,32.58120626,32.58409372,32.70106612,32.772918,32.8369978,33.05678962,33.15430018,33.70972662,34.05576795,34.20365018,34.68202245,34.83822756,35.67698294,35.98966603,36.02162638,36.22885544,36.41403174,36.9875369,38.1883135,39.83430915,40.1031233,40.40161027,40.50523036,40.76723671,40.89776939,41.01252848,41.4325322,47.82272975,47.82788067,48.60257714,49.78825192,52.52333363,54.09190731,55.25344126,58.08226375,60.52181608,61.0620374,63.38725503,64.5526728,64.65058993]","[5,5,3,4,4,6,1,6,1,1,1,6,6,1,6,1,6,6,1,1,6,1,6,6,1,5,6,6,1,1,1,6,1,6,6,1,1,1,6,1,6,1,6,7,1,6,0,6,1,6,1,6,1,1,0,6,4,5,4,5,4,7,0,0]"
"[3.89915447,10.79250645,18.95914594,19.39723122,20.46945335,21.21159632,21.4689285,23.18595817,23.25801256,23.28671522,24.97730131,24.99977641,25.2887317,27.39438664,27.81495353,28.25852449,33.77073717,34.06980983,34.44624248,36.11214652,37.96116001,41.4948622,42.98972592,43.21174781,43.48704325,45.52551004,45.76077792,45.814185,49.20482578,50.12255417,50.60973691,50.81298833,53.94817925,55.18148455,56.4318436,56.59095612,59.59543625,59.67612955,60.69020966,60.71524497,61.22831368,62.2554127,62.29879761,63.35641156,63.70197727,64.35626818,64.60459065,64.63855894,64.75756488,65.77599974,71.53806769,72.6091091,74.00651297,75.86315017,75.89716898,76.47176991,78.85644351,78.87268824,79.62420161,79.77887779,79.97057504,81.35248999,81.35868893,81.49765228]","[7,2,5,5,7,0,7,7,0,7,0,7,7,7,0,4,0,7,4,7,2,5,1,0,7,6,2,5,5,5,4,5,6,5,7,7,0,4,0,7,1,7,0,4,7,4,0,4,2,5,0,1,7,0,7,7,3,5,7,0,4,7,2,0]"
"[0.05622049,5.08427698,7.03680552,8.74148397,8.92202852,9.10415409,9.48407853,9.63088648,9.63168608,10.45681461,12.80725342,13.79379729,13.81322826,14.48983853,14.89682168,18.1634126,23.21955664,23.64272713,23.75560887,24.01461484,25.95854634,26.78495603,27.77061196,27.9885203,28.23109459,28.24147585,29.29024353,29.62319991,29.83306583,30.17007142,30.43534342,30.45941383,30.56547166,30.90447551,31.19580965,31.34286238,31.38360449,31.78261458,31.88606359,31.9534864,31.99749641,32.2829177,32.33105216,32.48999038,32.58004711,32.6665001,32.77314502,33.5300561,33.71586405,35.94604282,35.98244356,36.03455888,36.11946292,36.64385431,37.44732341,37.59185459,38.55488356,38.58354335,39.17674058,40.71407393,40.92542744,40.9299844,41.20201767,41.3592278]","[7,2,5,1,6,1,6,1,6,6,6,6,1,1,6,4,7,5,6,5,4,3,0,0,5,3,7,6,6,5,7,1,7,0,0,7,0,5,7,7,0,0,7,7,0,0,7,7,6,0,7,0,7,7,0,0,7,0,5,7,0,1,6,1]"
"[5.65753774,8.80188447,11.56587953,13.59190969,13.76009157,14.30277928,15.75654013,18.10388459,18.34320792,20.79832084,20.93082717,21.82051316,21.95922776,22.4077875,24.87085613,29.811623,37.26957283,38.73642566,39.25887184,40.83226486,41.6694803,44.431439,44.90970088,45.16773155,46.15342196,46.32758505,53.73664842,53.91239109,55.20985911,55.26987532,55.86176499,56.29664433,56.3289291,60.37088059,61.71360316,63.82953413,64.27294559,65.34381243,66.86244185,69.85521663,69.96098191,70.07919431,70.61164168,71.37449116,71.50965059,71.85893213,72.78674722,73.86240439,74.0116175,74.32601328,74.32605955,75.32906745,76.62237631,77.01841545,78.75912735,78.76975318,80.12319176,81.91446922,82.11407179,83.36788422,84.16997911,84.39843462,85.37931361,87.96217262]","[2,2,1,7,6,6,7,7,7,2,5,2,2,0,2,6,0,5,6,6,1,1,4,7,5,4,2,2,3,6,3,6,5,4,5,6,2,1,4,5,4,5,6,2,5,4,5,5,6,6,6,7,4,4,4,5,5,6,4,6,0,7,5,5]"
"[2.00139079,4.32031097,15.48104685,15.73365669,15.77164497,16.42686776,29.18578038,30.42732256,30.56019113,37.12533252,37.93294183,41.22187353,43.61337005,44.44315951,47.28128468,53.95396602,54.4695624,63.27963206,64.47110054,66.03558664,66.30561273,67.20328152,68.12023618,68.27798735,70.19612471,71.53219265,75.25279861,75.25339632,75.45980898,75.49765983,76.30798114,76.38420834,76.42971906,79.7525203,79.80822331,79.88278186,80.40214387,80.46118379,80.62829933,81.93235748,82.04366694,82.23862394,82.27381775,82.41628167,83.14844514,84.04409221,86.84563126,87.40556131,90.91344559,91.16743967,91.52489846,92.33492662,94.68934587,95.04746467,96.44912359,97.92152662,98.93979008,100.68515317,100.90903025,101.33115655,104.1224348,104.42486548,108.23779537,111.05123629]","[6,7,7,5,5,6,5,1,6,4,5,7,7,3,3,7,0,7,0,5,3,3,4,7,5,6,7,4,5,5,6,6,5,4,5,5,6,7,4,6,6,7,6,6,6,6,7,3,3,4,5,5,6,7,5,5,6,6,2,6,5,4,4,1]"
"[0.43357162,1.14993783,3.1841103,3.95390222,4.32151187,6.23719835,10.59926658,16.21026445,16.98807217,18.60907376,18.61018516,19.66700618,23.95685077,25.42880203,29.91710131,30.34401199,30.82302135,31.37992,31.92181641,32.52708889,33.61470211,37.61524787,39.11378789,40.66089862,41.01820722,41.61471271,44.20545295,44.70246712,45.63437724,45.77801522,48.06784348,49.26319706,56.4790691,60.29286148,60.57375766,61.94561702,63.40403757,65.67409083,68.98165566,72.16168048,73.96160778,75.23448191,75.37271106,75.38152766,75.57892211,77.05079868,82.65025398,83.51711791,84.35525325,84.38803662,84.85695173,86.60791674,86.64669145,88.00975344,88.0464645,88.11596794,88.8201627,88.91694519,89.68655026,90.66313719,90.80880359,97.16518572,99.24575649,112.26377012]","[2,5,5,5,3,1,1,1,6,1,1,6,1,2,0,1,1,5,6,1,4,6,2,6,1,7,2,0,5,0,5,5,5,5,3,7,5,3,0,7,0,7,7,3,4,7,2,5,0,3,7,6,5,2,1,6,6,7,0,1,7,5,7,4]"
"[3.06283597,3.06657924,3.32034926,3.72572924,4.13886153,4.66311107,4.81754111,5.90383356,6.31832956,6.36965289,14.90623015,15.33209514,16.68393065,16.86183989,17.42393314,17.5237298,18.06897198,18.45850946,19.26692593,21.22879714,21.31581349,21.6224479,21.91256569,22.35018049,22.45770557,22.89411621,23.43269929,23.63535458,24.38605936,25.22561963,25.31014776,25.6166093,25.64943191,25.78473502,25.94071468,26.14840851,26.38275213,26.52462771,27.11541626,27.54250966,29.0891179,29.58720891,30.31966802,30.64807782,30.65710839,31.94619062,32.79244883,34.02835709,34.59604925,36.06436778,36.87463059,37.50132302,41.03466192,41.13215836,41.34261594,42.67991663,44.07817404,44.68122945,45.11360755,45.4117487,45.66958125,46.27316223,47.12854998,47.18350549]","[0,7,6,2,1,5,0,6,1,7,1,6,0,7,7,1,6,0,0,7,0,7,1,0,7,0,7,1,6,1,6,1,6,6,1,6,1,6,6,4,6,1,1,6,1,2,2,5,1,6,4,1,0,7,0,7,0,7,0,0,1,1,7,1]"
"[0.75571316,7.23450152,11.62927793,12.17243892,12.19230106,12.81878113,16.34798857,17.20670662,17.31407435,17.49109689,30.24586689,32.2475081,32.64536037,35.4272805,37.97986947,39.6307143,39.69403313,42.58095957,44.71077542,44.80888874,46.00160088,52.40271443,53.08542689,53.63230674,55.19721182,55.45389743,56.76001081,60.30282387,60.3521914,60.85761811,61.19743259,62.43268818,68.66547772,72.52658568,74.61862362,74.96823495,75.50798853,79.03393104,80.69016984,81.57936591,82.17784545,82.22150248,82.90652845,84.49876526,84.54219274,85.63894189,85.95165155,85.99498996,86.17045167,86.37946492,86.44124272,86.58855159,86.76262178,87.03314633,87.47828836,87.71199139,88.78725512,89.92515081,90.77246679,91.3712385,91.53549304,91.96713194,93.43694687,104.15420971]","[5,6,2,5,5,5,5,5,2,1,7,0,7,5,7,1,6,6,0,7,1,3,3,1,7,0,7,4,3,1,5,1,7,1,5,1,6,7,2,5,1,6,0,1,6,7,6,1,6,0,7,0,6,7,0,6,6,5,1,1,6,1,5,5]"
"[1.4426453,7.71008415,8.27037096,10.11421661,12.65703094,12.9709136,12.97905917,13.57266202,18.0694649,21.56351984,21.9809621,22.29447443,22.48963596,22.89972871,23.82676008,23.90488062,24.05179861,24.2034757,25.00548836,25.24835178,25.62477874,28.83161104,29.82098255,30.74409353,32.21148748,32.86473127,40.75585178,50.92767915,62.23881182,66.33438593,67.867005,71.77538081,72.75939618,75.57650729,80.57269257,82.09873882,83.46976885,85.70571106,85.79647866,89.80463594,94.65103704,95.33805734,101.35114786,103.7020792,103.83831461,112.68426463,113.04471645,113.33825561,113.39485385,114.43730361,122.91501872,127.26060492,127.97543181,133.00357394,133.17043262,138.40368254,141.58784962,144.78225368,153.66951244,155.18343836,157.40745362,158.95556825,160.06501911,165.43599956]","[5,6,2,2,2,5,2,5,7,7,0,0,7,7,7,0,0,7,0,7,4,0,7,7,0,1,4,7,0,1,3,2,2,5,2,7,1,2,5,1,5,6,2,5,5,3,2,4,5,6,2,5,5,2,6,2,5,4,5,1,7,3,3,2]"
"[20.61155507,31.92840753,32.56761066,34.36518227,34.80195103,35.20679773,36.24914064,36.55278048,37.15482454,37.23864138,37.77902833,37.89626999,39.52345199,40.15574824,40.82156647,40.84200132,41.6466713,41.69316244,43.0723069,44.49648209,44.81012831,44.81664148,45.0027227,45.74747548,46.18000439,46.68868894,50.99097226,56.26918876,59.99118677,60.69528735,60.74714633,69.97368635,71.74565178,73.92164471,74.22174796,75.87828111,75.97422875,76.85351228,77.49874927,77.56517017,77.68619527,78.16606996,78.4660339,78.52261786,78.84476596,79.67047278,79.82671915,80.01590311,80.93498943,81.86613233,82.31736282,82.65425374,82.82871299,84.55902227,85.57088662,87.04161858,87.52026888,90.40786847,91.01068399,91.68909712,95.02794752,99.64573238,100.32586488,105.07002576]","[1,5,5,5,6,4,5,6,7,6,5,4,6,3,3,3,7,4,7,4,5,5,5,6,1,4,5,5,1,4,0,3,1,5,6,7,4,4,5,0,6,5,5,6,6,4,7,5,5,4,6,5,6,6,7,4,7,1,7,2,5,1,6,6]"
"[3.07170277,3.3255576,3.90870172,11.26728444,13.00285297,13.17997514,13.61535877,13.97209591,14.76129473,14.83351107,15.10685885,15.75892084,15.93630745,16.07443164,16.25204243,17.29152113,17.63558218,19.70581468,31.62056438,32.42590781,34.55139826,37.18799493,37.66129362,38.99248398,39.45592503,44.70035249,46.41458252,47.1423485,47.8681462,48.14826268,48.30377155,49.45880043,49.54519388,49.87019479,49.94120067,50.34520927,50.4687023,50.51703973,50.51764667,50.61659389,50.75635009,50.8961919,51.25617786,51.77301183,51.85438787,52.42033612,52.7547607,52.87653713,53.02412587,53.08239389,53.63720519,54.02592973,54.30432832,54.81524088,54.89230133,55.133654,55.15723035,55.41342316,55.4686484,55.59425483,55.79769308,56.63726931,56.7587823,56.85714755]","[5,1,6,1,7,0,0,7,6,7,7,0,5,0,3,6,7,0,7,2,5,2,6,1,6,3,1,1,0,7,6,6,1,1,6,4,1,6,1,2,1,1,1,2,6,6,1,6,1,6,1,0,1,6,6,6,6,6,6,1,6,6,6,1]"
"[1.90626175,3.10183154,4.07486445,4.64297639,4.66122095,9.92898715,10.21128934,10.51923138,10.94028904,10.98967578,11.07857082,11.56349339,11.73574435,13.75895267,13.96100286,14.09906923,14.21548404,14.26282715,14.93060343,15.36087239,15.37752224,17.7050359,18.54932908,18.91094734,19.87021052,19.88951624,21.63151439,21.73904896,22.41951616,23.67314687,28.14128434,29.86562666,31.36945722,33.11436924,33.38219541,35.7880374,36.80684498,37.21394621,37.9233456,39.25044786,40.1173623,41.92876846,43.23567316,43.27080446,44.65282332,47.22189427,48.73540945,54.03966533,54.60267612,55.69553799,56.55633013,56.73782385,57.02368065,57.48389444,57.58679288,58.14855743,61.36389946,63.75102076,63.88307454,65.4625378,69.20726215,70.70153697,71.52682372,80.0361049]","[1,3,4,0,3,2,7,5,0,1,6,1,7,6,7,1,0,6,1,2,7,0,7,0,0,7,1,6,7,0,5,2,7,0,7,0,7,0,7,5,7,5,7,0,0,7,0,0,7,7,0,7,7,3,0,0,7,1,6,1,3,1,0,7]"
"[4.43102736,8.55491994,8.97885514,10.27650362,10.60846563,11.52669135,13.87233344,15.38227939,18.73813963,19.71266907,20.83901563,24.45781042,24.79808123,26.8942555,28.19518444,36.14039265,38.2891941,39.81501655,40.67041007,41.29670922,46.1268773,48.48382613,48.53671063,49.50102549,52.68736036,52.8446438,53.32089474,56.55238181,56.7447589,60.29155879,62.10062847,67.86913409,68.80408077,69.22691991,69.25704444,69.60687746,69.69972706,69.73392946,70.11140668,70.61864492,70.74694352,70.83091464,71.7203644,72.12927822,73.54422784,73.64055285,73.76268939,75.07173746,75.12875315,75.39874377,77.86809164,78.59667074,78.98503087,82.0883357,83.38994901,84.07397887,86.10435347,87.3571958,87.42159002,88.98835772,89.08798295,90.24833817,91.13025094,91.33954941]","[5,1,6,1,1,6,1,5,7,7,0,0,4,1,6,2,2,2,5,6,1,5,3,5,2,2,6,1,7,7,5,0,7,0,0,7,0,2,0,5,0,5,7,7,0,7,7,7,7,7,0,7,0,3,1,4,7,7,5,2,5,5,5,1]"
"[0.58821269,0.74718165,5.89023756,6.24124257,6.32384516,8.48689143,9.13964723,9.23845431,9.51370715,10.66742679,11.20886112,15.44186745,15.81499494,16.52410254,17.63019324,18.37473535,18.55659482,19.70371121,20.16618875,22.05898549,22.52521303,24.46383343,25.62811716,28.56969983,33.98868262,34.51241309,37.34520492,40.30162211,40.65602178,42.68248073,44.24951375,44.59940266,44.62660028,44.87153056,45.18840614,45.28655159,46.00823372,47.66275321,48.28907286,52.48792287,52.62754887,56.82086526,57.7495792,59.71403373,61.21697243,68.35122994,69.59820748,69.7296219,72.80985145,73.32779222,77.96707998,78.46842563,78.59618546,80.09040985,81.87738021,85.28975639,86.16569694,88.41212269,90.57070073,92.57040091,93.16746601,93.73850795,94.02804553,94.32642518]","[5,6,5,0,6,6,3,7,2,5,4,5,5,5,7,2,4,5,4,7,5,5,6,1,7,2,7,7,1,6,4,2,0,5,6,7,6,5,6,7,4,6,3,5,1,1,5,0,3,7,4,5,6,3,7,1,1,7,2,2,3,1,1,4]"
"[3.48554985,13.87758996,14.02032435,14.19515116,16.81915487,18.3323369,18.72533122,19.04926989,24.37984915,26.17697308,31.14247729,32.02325486,32.76821494,33.04731587,33.50606437,33.55016528,33.6214479,34.02502686,34.26011425,34.41579166,34.68449928,34.69121765,35.13742074,35.53101794,36.76423906,37.30223608,38.10921954,38.30778674,38.52178617,38.59427348,38.73217402,39.73518786,40.08972892,44.43439187,45.00081238,45.01310927,46.1808656,46.22682075,46.27281776,46.36403672,46.57871626,46.68253769,55.91524295,58.1271964,61.8339463,75.23710526,76.09323776,78.86328047,78.87666954,79.40578222,81.81358053,82.941619,95.48485512,95.90394842,97.02216807,97.47107395,98.8081674,99.97590151,101.57861383,106.74167219,107.43222524,107.98379442,108.64985593,109.15035442]","[3,7,2,0,0,7,4,5,7,7,0,7,0,0,0,5,7,0,7,7,2,7,7,0,7,0,7,0,0,0,7,7,7,7,7,4,2,7,0,0,7,5,3,5,6,0,7,1,0,7,0,5,5,5,3,4,4,3,3,4,2,5,6,6]"
