event_times,event_types
"[0.67313606,0.68569025,1.07502696,3.61556343,5.62026191,6.15796321,11.77762912,17.61887005,26.13141213,30.51572063,30.7473748,32.65591911,34.0907375,34.70130888,34.82042395,34.99012115,36.39269966,36.62313269,37.84936084,40.1393769,40.41917954,40.76841885,40.80705926,41.75493295,41.78984052,41.87307242,42.46898028,43.32046577,43.50810856,43.77697968,44.21852808,45.64501846,46.08115624,46.45496829,47.05313113,48.77351559,49.67883782,51.20271095,53.72143639,54.14131408,54.46341664,56.27619539,57.7020582,58.85254221,59.57739525,61.58349382,65.20641851,75.08487661,80.22091651,83.46919771,83.93956462,86.03996709,87.91433411,88.1496352,88.38156607,88.61633638,89.98849485,91.53945727,99.28246927,100.46941757,101.93317145,102.98476443,104.07526807,107.47764706]","[4,7,2,1,5,1,6,0,4,3,0,5,4,6,5,6,3,3,3,5,4,5,6,4,5,5,4,4,6,5,4,4,5,4,5,7,1,2,5,4,6,6,6,5,4,0,6,2,3,4,0,1,4,5,4,7,1,7,5,6,4,5,5,6]"
"[0.42183363,5.96167721,6.35501943,7.62034241,7.92132951,11.18162332,12.50442032,14.21007752,14.54699164,14.94843171,17.43995485,17.73003893,19.05493906,22.46587473,22.87890389,23.76033158,24.65357932,25.36009068,26.61770161,28.38868835,32.67380025,32.86373761,34.57574102,36.51730746,36.95308416,37.00760283,37.39284385,37.98289731,38.53414265,38.5344762,38.94011311,39.08519226,39.4983843,53.50452558,54.17536731,56.00594782,56.49059677,57.06994534,59.07772211,59.21183245,59.89599794,61.64148063,63.05385438,63.90442136,63.90668225,65.69873197,66.19430861,66.60908078,66.81265426,66.91748883,70.43855742,72.94808704,75.52301888,75.83783645,76.34669257,76.34999493,77.56306054,77.57167373,78.10784851,79.85149479,80.49034005,81.29853215,87.50676116,88.20606573]","[6,7,1,7,2,5,1,6,7,3,1,7,2,4,5,5,6,1,7,7,5,4,4,6,5,6,6,6,7,5,7,2,0,2,0,5,6,2,2,1,3,3,5,4,5,4,3,6,2,6,4,0,4,5,4,6,5,4,7,0,5,4,2,7]"
"[7.80699907,11.22232903,12.99904416,13.81515629,13.91773046,18.07261906,18.33649966,24.22302455,24.65863371,24.98840691,25.32783887,25.68428336,26.91461339,27.78673384,30.45541514,33.06654812,33.17039705,34.37587107,37.54580603,38.29623289,38.35497267,39.13324679,39.74444036,43.28942451,45.25076161,46.5739096,48.10832232,48.44602812,53.88434297,58.01122349,59.00103413,60.52703482,63.28421557,67.79495089,71.38632511,74.13198616,77.54805205,77.96581598,79.91097285,80.21708782,80.90374824,87.96726775,89.80523444,91.00146405,92.75329466,93.11865533,93.20451959,93.2320805,93.92254046,94.27071459,94.44279732,94.50735609,94.85678615,95.95135238,95.99188901,96.38614665,96.77331578,97.03183116,97.51079585,97.80618923,98.77315429,100.90516105,100.9362658,101.5081659]","[1,1,5,6,6,5,4,4,5,6,7,6,7,6,1,5,6,4,2,2,2,7,2,1,3,0,2,1,3,0,6,1,1,4,7,2,2,3,0,7,1,7,1,5,5,4,2,4,4,5,4,6,4,4,4,5,5,6,4,4,4,2,5,5]"
"[2.56495284,2.5989855,21.37499053,21.38866799,22.00845399,24.63798814,26.12108625,26.70877978,26.75752938,26.96557496,28.14529518,28.51600015,32.7062399,32.90798259,40.14904713,40.33204566,45.77163549,47.83169206,48.44789919,48.93086299,49.12890589,49.44106725,49.68546493,49.99491035,50.26971731,51.59195135,51.85835392,52.09517845,52.18872488,52.47489484,52.53132334,52.67416595,53.1285287,53.30359512,53.75331982,53.80603967,54.43316204,54.51809171,55.28966281,55.86876561,56.56945012,56.76739433,57.05629884,57.42115583,57.50899824,58.4531928,58.60312059,58.85198367,59.79338701,59.95811697,60.13495913,60.22360149,60.4663366,60.48629466,60.48708986,60.74455305,60.951928,60.95496366,61.49624979,62.31175281,62.54476298,62.89763948,62.90879763,62.94948729]","[2,2,5,4,4,6,5,4,6,5,5,6,3,0,0,1,3,4,5,6,4,5,7,5,4,5,5,4,5,5,6,5,5,6,4,5,6,6,6,5,4,4,4,5,6,5,6,5,6,4,5,5,6,4,5,4,6,6,6,6,6,4,5,7]"
"[7.450215,8.98549737,10.28521418,19.2948665,24.87891491,27.10248121,32.93501774,39.32431494,40.99682641,43.85690422,44.00017847,44.50815084,45.42817665,48.27267049,51.1089406,52.17456095,57.48048001,58.8112586,68.67267589,74.33562313,79.62204788,82.91781191,83.80256145,83.82724718,92.47546355,94.61186163,97.46144565,99.35163922,99.71282,100.01483581,100.11740818,100.42279696,100.52485785,102.93266501,104.48900043,104.82000291,107.25132229,109.29382801,115.80843028,115.92000491,117.49247017,117.80365935,117.82589928,119.08140218,119.5051531,119.96535645,120.07926257,120.08288732,120.73522182,121.05008164,121.10021887,121.20526323,121.7075822,122.21801117,122.47554086,124.90014297,125.03180825,125.17091808,125.30600626,125.34140859,125.34879052,125.53452094,125.92357249,126.47639101]","[7,7,4,1,2,3,1,3,0,5,6,4,6,0,1,3,1,1,1,5,4,1,5,6,2,2,3,4,5,3,2,4,5,5,3,5,2,6,0,0,3,4,5,5,5,4,6,5,4,4,6,6,5,7,4,0,5,5,6,7,6,4,5,6]"
"[3.17127938,4.13434703,4.39523717,4.78466946,4.8356219,5.40701469,13.98316547,18.04557586,18.14635845,18.85266868,18.85997198,19.21744721,21.80745748,21.86592179,23.13389776,25.60082741,28.61574438,29.58719238,29.68884556,30.65657944,31.44004612,31.50006314,31.8744845,32.75358273,32.81224998,33.32949214,33.89502666,35.62379176,35.72600792,35.80247988,35.81899945,36.29672646,36.70480066,37.43636092,47.8156376,48.44380789,51.11133754,58.22685778,65.60878712,70.46051756,71.06591446,72.94896182,75.81801266,75.84124552,83.2715969,92.52464247,92.93781955,95.61764553,95.62287078,95.92696751,96.19068519,96.56991147,100.27577291,100.99125961,101.39786981,101.51595264,101.77897586,101.80795289,101.93902967,102.06589963,102.29408385,102.31772622,102.99137056,103.97693706]","[2,1,0,6,5,4,2,5,7,6,4,4,2,5,7,2,2,3,4,5,4,5,4,4,5,5,6,4,4,5,5,6,5,7,4,0,5,2,3,6,0,3,1,2,5,5,7,3,4,5,7,6,0,5,6,6,6,5,7,6,4,6,5,6]"
"[5.36754485,6.00233554,9.69988359,9.72691538,10.23239416,10.23749449,11.38587488,12.6038603,12.8534629,13.26503187,14.05523059,14.94051364,15.14117873,15.62428617,16.12728913,17.87167202,18.25685611,19.81468191,20.51799397,28.4883936,28.58185907,29.74091995,29.7638757,33.24497041,38.01075342,39.1915365,41.90198306,43.28403674,56.18059618,57.00172431,59.62002585,63.54783476,65.66659451,67.95494379,68.07804699,79.46337199,87.45699889,89.61020524,90.18057052,90.73988548,94.58415152,96.39767454,96.78393219,98.51386176,98.85932436,99.07354066,103.87626074,104.35394474,104.49982172,104.54998369,104.61966948,105.45219193,105.53470128,105.66844518,105.77768591,105.8262315,105.91580253,105.92173401,105.95635103,106.34950016,106.52972965,106.59635652,107.1831121,107.2186022]","[0,7,5,0,7,1,6,7,4,5,4,4,4,3,2,4,0,0,3,5,2,2,6,5,7,2,4,5,7,1,2,7,7,2,6,0,7,2,1,2,5,3,1,2,3,2,4,5,5,4,6,4,6,5,4,5,6,5,4,5,6,5,6,0]"
"[0.27878783,1.96046857,4.11388804,15.86432965,15.88914525,17.18206074,17.54569251,17.8909132,17.98739706,20.39358308,22.38467382,22.47597333,26.81675115,27.48016481,27.49142256,28.18380246,29.12124315,42.18681634,50.79911088,54.78671688,57.21947595,59.76596423,61.96870486,62.98075901,64.57595503,67.51919143,68.30073749,69.98705487,71.08542222,71.46864519,75.68479055,75.86078171,76.30392737,77.04471719,77.30605336,78.27577865,86.25274875,86.39067172,87.7375822,88.21110191,88.48834841,92.4097635,93.97715831,94.22040211,94.25087915,94.71658544,94.73096429,95.34508429,95.56102507,95.81418977,96.20445717,96.35998392,97.11243181,97.34021258,97.89365565,98.15325854,98.51174543,99.48681916,104.01708365,104.19816766,104.77015698,105.2709413,106.62059666,107.80537118]","[1,3,7,0,3,3,3,3,1,2,7,0,5,4,6,6,5,1,3,0,6,7,4,5,2,7,2,0,1,1,5,6,6,7,7,3,5,7,6,7,4,3,4,2,4,5,4,6,7,5,7,6,4,4,5,7,5,4,4,1,7,7,2,7]"
"[6.62094042,8.74438474,8.75249807,10.43761239,19.2933357,21.39992079,22.07223483,22.20851784,24.7879279,25.37715986,25.65354025,26.53555747,27.04488687,27.17715406,36.23189753,39.9590932,40.49388787,41.01806656,42.30905197,42.30976555,43.37579611,44.02888185,45.1749287,48.04838603,48.26791025,54.21128708,56.42495653,59.55613432,61.49103457,64.08090588,64.10301103,66.28800104,67.89272201,81.47338664,83.59248887,84.16640643,84.66575067,84.77036588,87.71292275,88.89621643,89.07980545,92.43081047,94.97459385,97.28417497,103.39838235,104.25775549,104.77591382,105.73048129,106.14655147,106.56546131,107.92743562,108.94977395,109.72284161,110.05969044,110.88372942,111.10272623,111.41777056,111.89841376,112.99909627,116.81763497,116.99306813,120.104546,120.21745694,123.41564452]","[7,7,2,3,1,2,3,4,2,5,6,7,6,7,0,1,6,0,1,7,1,0,2,4,5,7,7,2,0,5,6,6,7,5,2,4,5,4,7,5,3,2,1,2,4,2,5,4,4,5,2,4,4,6,4,5,6,5,4,1,1,0,1,0]"
"[3.69924697,7.21700846,9.06614211,9.95453288,11.38000109,12.81396977,13.96566622,14.60081237,30.18320314,31.45131159,31.72711819,32.41124127,32.43759554,33.82584671,35.19912612,36.82376132,37.05697218,37.76165252,41.48067198,46.74789961,47.25502058,47.84023316,51.35022425,52.57046953,53.44789363,53.74033614,53.98329523,55.26723987,55.64555172,56.28941502,57.06012415,57.89930723,58.21838649,58.96022734,59.73659365,64.45951713,64.63136284,64.66145015,64.87581652,68.18598849,69.72199607,73.78683169,76.11361902,76.14818879,77.57457817,78.12606564,82.53829434,85.76919293,87.14527285,89.7012468,94.45596053,95.26398339,97.29760424,97.58030947,98.59036496,99.99613015,103.82995767,104.04959519,104.57181937,105.73523869,106.15837012,106.74756459,107.52102819,116.98028425]","[2,1,4,7,5,2,1,6,4,5,5,4,6,4,7,1,6,7,1,2,2,4,5,4,5,4,5,4,5,4,5,4,6,7,1,5,4,7,5,0,1,5,2,0,7,5,6,2,2,4,4,7,3,2,5,6,5,6,6,7,7,4,6,7]"
"[6.79540412,7.53591184,7.6165244,8.00858258,8.03144636,8.95346619,10.15270678,11.36077893,12.48766812,13.45680847,14.3156598,16.65541959,19.14280587,19.24506816,19.80924998,37.71820544,41.48160582,41.82656129,42.0337436,42.57278892,43.12552378,43.31007983,44.94422629,45.29887556,46.80761116,47.31402863,49.19374803,49.45527715,49.57995823,50.18215874,50.7021201,53.32054138,53.39271081,53.91566944,56.00841072,57.94464109,64.01821168,64.38592191,67.68468824,68.51550565,71.69000848,77.0419443,80.76080567,81.15807993,81.69160881,84.79220734,84.89036806,88.70704037,88.75333287,88.87181396,88.99324505,89.31399817,89.4539813,89.45714715,89.53456721,89.65837806,90.51852641,90.78346447,91.35184186,91.47055086,92.28853161,92.65661054,93.00756666,93.59950373]","[2,5,7,5,6,7,3,3,6,7,3,7,3,3,1,2,0,4,7,5,6,7,6,5,1,5,6,0,6,4,4,5,6,6,3,5,3,3,3,2,0,0,4,7,7,5,6,4,4,5,6,5,4,6,4,5,5,1,5,6,5,6,4,5]"
"[3.88532377,4.70245407,5.20644521,5.61704362,6.2806921,7.02402959,7.39547925,7.75662545,8.29666901,8.36231768,9.54490735,10.48049331,10.49122648,13.98845339,16.07108081,16.12868042,16.57036034,17.05512699,17.49554944,18.4198816,18.81316701,19.77872892,20.35560462,20.43932856,21.75919363,21.94685314,22.73238754,23.75834319,24.30503071,25.63221769,25.8750743,26.86357089,31.61037124,33.21049309,36.51790542,36.65195975,36.7465463,37.20106479,37.28631299,37.31360848,37.51761284,39.67668956,40.00197444,40.81250471,41.46902321,42.05421671,42.62818513,43.65687621,43.70014761,43.98378432,44.05061171,44.55935562,44.64855246,48.38279709,49.00430687,61.45916317,61.57104855,63.34023652,64.16712675,64.45731277,70.91437626,78.65299553,80.20197968,80.81378798]","[0,5,4,6,0,1,6,2,4,4,3,6,5,2,4,5,5,5,5,6,7,5,6,3,6,4,6,1,0,3,1,7,1,1,6,1,5,4,5,4,4,5,2,6,4,4,5,4,6,5,6,2,5,0,0,5,4,6,3,2,6,7,0,1]"
"[0.12704811,5.55851828,8.56631983,18.47446061,19.97641289,21.02576907,21.3713462,21.93003215,22.17593195,22.44531238,23.27368591,23.53088579,23.65149712,23.90796297,24.58966102,24.82935548,24.92963366,25.28487949,25.73373971,25.8995614,26.20831429,26.26847449,26.81093611,28.16579364,28.26427587,28.43663497,28.45300347,29.76438919,30.59534201,31.74274041,32.73079108,34.91390922,37.64030042,39.31684772,40.47153743,44.40745205,46.59280539,50.36364005,50.75587073,51.0023367,51.23027014,51.58910962,60.7840919,60.84475755,62.43281593,62.58676025,64.08769872,65.89361855,66.48408615,71.01612091,71.53479294,71.82955876,72.92420886,73.2430277,73.54793611,74.76472746,84.78601917,85.04705641,85.16518865,85.26427898,85.77671047,85.8469458,85.91411603,86.4763728]","[4,0,3,5,4,5,6,5,6,5,4,5,4,4,0,6,5,5,6,5,6,4,4,6,6,5,7,4,6,7,7,6,4,5,3,7,4,5,6,2,6,6,5,6,1,6,7,1,0,4,6,5,6,3,3,5,5,6,4,5,6,0,6,6]"
"[1.32125813,3.85115472,11.12105575,11.37628313,12.51337334,12.80284272,12.98680213,13.58026898,17.11287016,18.98688506,19.59708877,20.35419716,20.53575695,22.02172782,22.88747363,23.5123885,25.17025591,25.42354473,25.85786986,27.54736934,30.89384935,31.68840166,31.99609983,32.46637515,32.77909661,32.90704172,33.37857325,33.63886361,34.5131702,34.70173135,34.76070215,35.40216142,36.50131128,40.97214241,42.77975685,42.85757674,44.82644242,44.87424116,45.04094137,45.7194356,46.23527361,46.74414029,46.98101271,47.44849736,48.04305888,48.07666419,48.46565438,48.64056558,48.81039878,49.14649954,49.65547935,49.86708163,50.04963389,50.54745017,50.68516555,51.04980023,51.20807956,51.55265694,51.67836106,51.8813283,52.016774,52.4300049,52.8022972,52.82679571]","[2,5,5,4,7,5,6,4,7,1,4,5,4,5,4,0,4,1,5,3,4,0,6,7,2,5,4,7,6,1,5,5,0,1,4,5,4,6,5,4,5,6,4,2,5,6,5,7,5,4,5,4,5,4,6,4,7,6,6,6,1,2,7,5]"
"[4.80882178,9.01559111,9.46303654,10.24034283,13.41211943,15.77856952,15.93506883,16.22033909,16.37617832,17.1311231,18.47518027,18.5443834,18.77551042,19.32074088,19.85591646,20.01613131,20.12928335,20.36942633,20.71307142,20.80176077,20.83392631,21.43159752,21.49187927,21.78458538,22.05916951,22.92273172,23.08171336,23.17979419,23.38939155,23.49673749,23.63872096,27.31362354,30.02573545,32.70606178,33.29762906,37.26613976,39.1419371,39.64512864,40.45014511,41.0632931,47.66630782,51.21867366,53.12259955,53.55687548,55.69416739,58.25629372,59.09429516,59.56770766,61.11413558,63.12035488,63.30862528,65.54917708,66.42526208,67.63475696,67.77898503,68.30314917,69.19564642,70.58664462,71.29509543,73.08346518,74.34365664,77.25578196,77.98224404,78.2303206]","[1,4,0,2,3,5,6,6,4,5,6,5,5,6,4,5,4,6,6,5,7,6,6,6,7,6,1,6,0,1,6,0,7,3,1,6,7,1,7,0,1,2,2,1,0,0,6,0,2,1,1,2,4,6,5,6,2,5,5,2,1,0,5,6]"
"[0.22378907,3.61165152,5.40342661,7.55030559,10.2690754,11.0777207,11.35332337,15.98755574,23.64854413,24.50575152,24.74013402,24.87801989,25.07198284,25.25733019,25.47382835,26.21227942,26.22376941,28.82108749,29.28260292,30.18978654,31.00930831,33.34930738,34.35502312,35.00420729,35.15298885,35.59498399,35.82777218,35.85406908,36.23920213,36.61972065,36.74913356,37.06387754,37.25808447,37.43417278,37.54077572,38.4501601,38.63512526,38.66868834,38.82133192,39.86477307,39.94872426,40.34190599,40.54645837,40.77139667,41.4331861,46.51747536,50.2372085,55.45094027,58.24722033,58.52802448,61.24344761,61.30189179,62.55047177,70.28519257,70.63396397,71.82442261,77.56430055,83.84830612,84.85040507,88.18702405,97.70530537,100.64592759,101.37382661,101.91588639]","[5,0,3,2,0,5,4,0,5,4,6,5,5,4,6,4,4,5,4,5,4,4,5,5,6,6,7,7,6,3,6,1,4,5,0,6,6,6,5,7,6,6,7,4,4,5,3,3,5,2,3,4,1,5,4,4,2,2,1,0,0,5,1,6]"
"[0.12668062,0.36296271,7.49174809,7.99383175,8.01218655,8.77528143,9.01288692,9.35960736,11.93606807,12.01832271,12.20364249,12.22845792,12.34461048,12.5533317,13.89877474,14.08885882,14.23053559,14.53571532,14.60602504,15.10097824,15.15512323,15.63690988,17.47975913,17.52782163,19.51041614,28.24766915,30.84383255,34.49042583,35.39938226,36.59967617,39.9329116,41.65482515,42.74822798,42.8020313,44.43154493,45.65071857,45.93653958,46.28930222,48.03064716,49.01144637,50.19582212,51.25804871,51.33097928,51.98185956,52.31852067,52.38752949,53.13706795,53.452952,53.70343234,54.57433593,54.59268403,54.81781206,56.82936608,59.63502335,61.60258043,62.46105928,71.50458134,72.34253064,73.31199576,73.50222607,73.61121724,74.64500331,76.59102375,77.84763784]","[2,0,0,0,5,1,6,5,5,4,4,4,6,7,5,5,5,6,3,4,6,5,4,6,5,2,4,2,5,4,4,1,5,5,4,5,3,6,5,5,6,4,5,4,6,5,6,7,7,7,4,5,6,4,4,2,3,7,4,4,5,4,6,5]"
"[0.19765127,5.31998215,6.77430324,8.55256049,10.03781107,12.18893667,12.64278667,14.03156205,15.53724856,15.67531441,24.79064627,26.19256309,30.96485865,31.80681826,32.25988634,32.56706894,33.56561132,33.73187123,35.16917848,35.36082836,35.95102912,38.27834644,38.74223217,44.7280546,53.37221036,56.36426792,57.2005385,57.90653372,58.03269751,58.48376849,58.53376275,58.74367078,59.93921324,66.34986571,69.14781544,70.44287483,70.97018025,72.97771879,73.1933292,74.06123475,75.23629413,75.58449931,76.20765521,76.47965506,77.05015597,78.92959713,81.50391281,82.33197176,82.85640453,83.11379879,83.35677802,83.36351995,83.77838781,83.96846801,83.98924077,84.31756867,84.91851572,85.32529588,85.9556802,86.13432019,86.18205636,86.20714386,86.26008359,86.3969089]","[7,7,0,7,2,4,5,0,0,7,7,1,1,4,5,5,6,0,6,7,6,6,7,3,0,1,4,5,5,4,4,6,5,3,5,4,3,5,1,2,4,4,5,7,4,5,4,5,5,4,4,5,5,5,5,6,4,5,5,6,4,6,4,7]"
"[0.3908261,2.93768543,6.39337376,7.34883078,12.24514379,13.03769813,14.7150802,14.84010713,15.75016242,16.05151202,16.5394923,17.58221122,18.19402254,19.14075361,21.229272,21.30373575,22.21608508,22.53855379,25.27593419,25.84897772,28.23025986,30.41879113,39.29262373,39.58081695,40.18292272,40.63883552,44.79330319,45.09118387,45.44019303,45.61101267,45.63261107,46.00333232,48.0039647,48.21399425,48.76918512,49.2219524,50.24315087,51.71001114,51.76186313,53.13937069,53.30322873,54.9132466,56.22687056,57.75225675,58.66364064,58.86781473,59.1044303,59.12801646,59.34163843,59.43140435,59.43677635,59.43768737,59.46582558,60.2649542,60.89274225,62.65870063,63.46089796,64.41419308,65.15600265,67.62940108,69.63780281,69.94624254,72.773551,73.21711578]","[5,4,5,4,0,0,1,5,4,6,5,4,2,5,6,2,6,1,6,2,6,2,0,7,7,4,4,5,5,6,6,3,6,5,7,5,4,6,0,6,5,7,5,4,1,4,5,5,4,5,6,5,5,5,4,4,5,4,5,6,0,0,6,7]"
"[2.9312214,5.66559452,7.84868417,12.67375919,16.05292193,19.54246522,20.05334167,26.43285905,27.05112452,27.89596889,28.8994849,29.23575379,29.63443378,30.95253145,34.33385939,39.47313073,39.48924833,40.34955533,40.37323048,42.40052151,42.52810578,43.0961058,43.92985273,44.15015181,44.18606042,44.63136674,45.1270811,45.45732885,45.72193888,45.80097632,46.38041861,46.93305699,49.13112658,49.25637854,49.28659188,51.56012834,52.7621774,52.7854737,53.81761158,55.22699647,55.6540453,55.71915625,56.06425889,56.42045252,58.07407929,60.44264597,60.80391324,61.65921943,64.36991404,64.99053063,67.61673664,69.31948302,70.49537348,70.59045369,71.3774493,73.29302189,74.41961808,75.05161829,79.2709947,80.01478517,80.21018098,80.92070323,81.26427572,82.24975785]","[2,3,3,6,3,1,2,5,2,6,6,7,3,1,3,4,1,5,4,5,5,1,4,4,5,4,5,4,4,5,5,6,0,4,6,5,3,4,6,5,4,5,7,0,2,3,1,6,4,5,1,5,1,4,3,4,5,7,7,1,0,4,2,2]"
"[1.10939167,11.63552195,14.05581086,14.7453935,17.94079976,23.30173094,29.44211012,30.44446821,30.74230002,32.49517664,32.61283814,34.00246961,38.8397609,42.04397787,43.02934518,44.10507275,45.43925404,50.30235964,51.86023432,53.20457109,53.68950864,59.10558619,59.81664708,59.93153732,60.41468007,64.3815144,64.90764215,65.38394284,65.41132823,69.22795922,69.23415823,69.70174623,70.11919201,74.05406448,77.45895459,77.81638481,79.39057766,83.00166289,97.35135135,98.45934209,100.95810804,104.65627752,106.81009705,110.34683963,117.92549377,123.2713464,124.00174772,124.30710081,125.28184741,128.35720191,140.10265531,141.61183757,144.33271752,145.83699415,146.43383667,152.79940983,154.60131244,157.3178877,160.08548269,165.84639157,176.7187958,176.82188401,185.32545257,187.503592]","[7,7,3,4,6,6,5,5,7,4,2,5,2,1,0,3,6,7,5,1,2,5,5,4,5,6,2,6,7,5,7,6,7,7,3,3,5,6,4,2,5,3,2,7,3,0,2,0,2,2,2,4,1,6,7,4,5,2,6,1,1,2,7,2]"
"[0.48915772,1.30053678,5.19675708,10.54284586,12.38831666,12.58345452,14.25546795,15.75168559,17.66046721,18.62773472,19.08508958,19.83286103,21.47820628,22.76143222,23.17916612,23.22243959,24.14929336,24.32944108,24.75834809,25.38112287,25.68448227,25.73189428,26.64207516,26.8957098,27.16261377,27.19085223,27.25331628,27.64018479,27.70907878,27.71115356,27.71953142,27.73388032,27.91167694,28.1025931,28.48861718,28.81948002,29.16701781,29.30956959,29.48587037,29.55781476,29.70850394,29.96434952,30.04497415,30.25502598,31.11856584,31.29013949,32.02589224,32.06581977,32.47721888,32.77155689,32.83088249,33.01825728,33.6155925,34.37822043,34.5133323,34.99961692,35.45205835,35.9323626,36.23238026,36.90309201,37.99607674,40.62357813,42.91985086,43.11649209]","[4,5,7,0,5,1,5,1,5,2,5,0,5,7,0,4,5,3,6,5,4,6,5,5,4,6,4,5,7,6,6,6,7,4,4,5,1,0,4,4,5,7,5,6,4,5,4,5,4,6,6,5,4,6,5,6,7,4,0,6,4,5,5,5]"
"[1.61943299,8.11833615,8.96486052,24.2800478,27.66683858,28.15026276,29.63949064,33.48859391,41.09054929,41.33554381,41.35817615,42.94274028,46.71690089,47.5923613,51.65652073,51.67404007,51.84219631,52.1686794,52.67745838,52.9928036,55.59232866,58.13188136,59.65697944,63.05991149,65.17790534,68.18593578,69.12845234,69.36953307,69.65213529,69.82002685,70.03940252,70.73629853,71.11873077,72.21728566,72.42278532,73.03973271,75.02731404,75.5237544,76.89983458,77.20063741,77.36642471,78.03279536,79.54988676,81.73514638,81.89649359,83.42207269,83.55637898,84.74443553,85.10155121,87.05656335,88.45427027,91.0219893,91.06238932,91.44624117,92.25885939,92.31492903,92.88100371,93.07914435,93.21508475,94.922277,94.94654577,95.37599281,95.52617244,95.61429278]","[1,6,2,1,1,5,4,3,0,3,0,4,5,7,6,4,7,2,7,7,4,7,2,6,5,1,4,5,5,5,4,6,6,6,5,7,5,4,4,5,5,6,6,6,6,4,7,5,4,5,6,4,7,4,5,6,7,5,5,6,6,7,1,6]"
"[0.59354801,1.00513867,2.18935108,4.12997118,5.29816848,6.42513123,11.60871279,14.52248786,17.98127095,18.51243689,19.13013904,20.62524466,24.67755733,25.83755963,26.41406837,30.09195965,30.35823269,30.94682575,31.1949969,31.99656426,32.95314436,32.96095677,33.7316297,34.53717475,34.73604773,35.66225821,35.82032482,35.8798585,37.48726668,38.30045913,40.90716602,44.09229879,45.76429998,45.98074998,47.69583057,48.13293292,48.73517391,48.76768738,48.88605719,49.43592643,49.83550109,49.96029129,50.28989949,50.44438012,50.61581351,50.76464636,50.77931572,53.66220276,58.68582834,59.96794681,66.04660705,66.31832888,66.89108054,67.5678971,67.60486957,69.55993828,81.71001471,81.8486647,85.42768007,91.5765577,92.41135366,94.7514409,95.42921948,100.76468008]","[4,5,1,6,5,4,1,0,2,7,7,5,4,5,4,5,4,6,4,3,5,6,7,4,6,7,5,4,5,6,6,4,0,5,5,4,4,5,5,5,5,4,6,6,6,4,7,7,4,1,1,1,2,5,6,4,4,3,6,4,4,5,6,4]"
"[10.87257188,14.70848226,17.15594912,17.84738467,18.12301259,22.30896516,24.39950717,27.02274291,29.7278289,31.3961145,35.87690153,40.76258533,49.38578226,50.8234751,50.84671926,53.76383157,54.55729185,57.52249431,61.55151232,67.84818877,67.85099057,68.18387508,68.31934737,68.51726291,69.83758101,70.95130357,71.67771151,72.06949656,72.42751504,73.38260684,75.72408675,79.16363298,79.85849856,79.92230455,83.33293613,87.63233928,89.14007172,89.32001691,90.02471311,90.24274934,95.29303913,98.20026335,102.01622655,102.11133652,106.60780441,110.19136234,110.63935769,110.86910945,111.52006392,111.62710126,111.65207895,111.95121926,112.20197752,112.40543154,112.54481497,113.29853306,113.38006193,113.81009566,114.43906325,115.40797186,116.20770092,118.53288991,119.43409474,120.81211673]","[4,1,5,6,4,1,3,1,1,0,5,2,7,1,4,7,1,2,4,5,6,5,5,6,7,6,4,4,6,0,3,5,6,6,0,2,7,2,6,7,0,1,2,4,7,1,4,7,5,5,2,4,6,6,5,6,7,5,6,5,5,7,6,7]"
"[5.01381775,7.82919894,8.91543352,18.71188077,19.80746411,20.66376774,20.82292935,26.00987644,27.97375642,28.18407682,33.61571252,34.6863566,35.6964495,37.24430646,37.70954285,42.0975487,42.26914272,43.69906397,44.19799527,45.77561412,46.27668839,46.5148692,46.76734589,50.23422285,50.82733044,52.12865938,58.48793056,58.78611266,58.79464059,59.46187733,59.95210377,60.22223273,60.65581835,62.57258253,62.98531914,64.70961775,65.35069431,67.51991809,68.2084403,68.77450166,70.12915195,79.30192117,80.52112654,80.61511641,80.70326858,81.6046538,81.7303154,82.69941329,85.12417519,88.03902672,88.15319344,88.35058919,88.61068869,89.21512571,89.36662083,89.51682435,90.64878136,93.66395238,96.18613972,96.86805383,96.8739231,97.27669683,97.39029479,98.22640323]","[2,1,1,4,5,4,5,2,7,7,2,1,5,2,6,2,0,2,2,5,4,5,2,4,4,5,7,5,2,6,7,2,4,0,2,7,3,6,7,0,5,2,5,4,6,0,4,5,4,4,5,5,6,4,5,4,6,1,4,5,4,6,5,1]"
"[2.64654173,3.7964295,6.70373792,13.05561625,18.52955307,19.3701056,19.83230305,22.55166695,24.39507508,40.49665029,47.57454565,47.83092551,48.38987111,48.44717375,48.48495304,48.89262863,49.25930912,49.43225186,50.56284838,52.12234123,52.55886991,59.36276845,59.97102453,60.28309542,60.93399631,62.27269046,65.76899628,66.52093806,67.72402019,67.74007983,68.92709334,69.04284671,69.56065918,69.7482113,70.63721465,71.55372929,77.01358627,80.03926195,83.65132648,86.73134067,88.33663453,89.98229162,93.62230146,101.80152846,103.25487907,105.37804596,107.0812284,108.3921356,109.71075607,110.63797899,111.09638063,111.62935036,111.84081481,112.0105323,112.27136928,113.07939298,113.12088149,113.13165681,113.17718608,113.41889731,113.598219,113.83731228,113.99268868,113.99404245]","[2,1,1,7,2,2,5,2,6,1,5,4,7,5,5,4,6,6,1,6,1,5,4,7,0,0,3,0,5,4,5,2,6,0,7,5,0,1,1,2,2,2,4,0,5,4,5,2,3,4,5,6,4,1,5,5,6,4,5,4,6,5,6,7]"
"[1.06229624,1.31057525,1.6437684,1.96746652,2.59662416,3.23173762,3.4406301,4.73039906,7.75796962,9.92997095,10.07271761,10.29836866,10.66511401,11.38870729,11.42251698,12.01442316,12.35975266,14.04189077,14.15585449,14.34308358,14.79000238,15.14643325,16.03365493,16.38723968,17.83744816,18.68786678,19.08075374,19.54113953,20.32968138,21.50902197,22.24268681,23.24003754,23.94362435,26.25622784,27.74011149,28.84855203,29.15948974,29.28464573,30.51798127,31.52644095,31.9153987,39.49075847,40.50145014,40.67446481,41.87856883,49.13702481,51.20900873,51.69384179,52.67915718,56.15521781,58.81278011,60.04825368,62.44510428,65.47115868,68.34684699,72.39686582,76.87288219,82.51068947,84.39865245,86.9806011,89.49690142,90.33106867,93.79819339,95.10935353]","[5,4,4,5,2,6,5,4,1,4,5,4,5,5,5,5,7,4,4,5,6,4,7,7,5,6,0,6,6,5,6,7,4,3,2,5,7,2,4,5,6,4,5,1,0,2,2,1,1,0,5,2,3,0,2,2,1,5,0,2,3,0,7,2]"
"[0.01396091,1.20715987,3.14587209,12.44691875,14.12857479,15.00698123,18.7441533,19.60403657,21.08097105,25.67931203,28.29166891,28.62088193,31.82847468,36.92511834,38.54051904,39.98322778,41.8847078,47.41193401,47.69675646,48.69913508,49.89247768,50.86291037,51.88611687,52.54255615,52.75667007,53.33197327,53.97237333,54.23081454,54.51720697,55.182717,55.23662024,55.54329779,55.7745544,57.43443941,58.04571564,58.44526915,63.86295823,64.44446489,64.76360901,65.25728064,65.8839972,66.44809283,67.11083731,68.63809177,68.70724107,69.1650325,70.03548271,71.02483735,71.13927113,71.2708084,72.17472261,75.87279317,79.32224328,82.02765299,89.31025548,94.62291721,98.07132941,98.3250625,98.51360058,99.04299987,99.08078544,100.75808268,101.14755861,102.20923973]","[3,6,6,1,7,5,1,2,4,2,7,6,1,5,4,6,2,3,5,5,7,6,4,7,4,5,6,7,5,2,4,5,5,4,5,6,4,5,6,6,5,4,5,5,5,1,4,6,6,7,6,7,6,4,6,0,3,2,5,4,4,4,5,5]"
"[4.29159326,4.77283638,5.64297447,6.10468745,6.126076,10.36633633,11.5463274,12.7566183,16.20017439,24.29719488,32.60993448,33.5547864,39.17389838,39.37903211,39.62132231,40.17914541,41.55383829,42.35777388,44.7783323,45.95774562,50.80618872,54.85610954,55.54012953,61.38672617,61.57335688,63.65949077,66.32697172,66.37735681,66.76184913,66.79890723,67.09848116,68.41277577,69.1519942,70.57323545,70.94848377,71.26518465,73.34403321,90.28628631,91.72582772,92.76610279,93.42015365,93.45911766,101.09983198,102.69747947,103.14883745,104.6929608,104.79289273,109.14804956,121.5543549,121.79466608,122.12272775,122.43709741,122.94410166,123.98136245,124.38877517,124.39371835,124.62987942,127.37502054,130.4372199,130.99575082,131.24461508,132.85453843,133.2229623,138.07468751]","[6,5,6,4,3,3,5,1,1,7,3,3,5,6,2,7,3,0,7,7,0,3,6,5,3,6,7,0,1,6,7,1,4,5,6,6,6,5,4,5,6,6,1,1,0,2,6,0,4,5,6,6,3,0,7,1,5,7,5,6,1,6,1,7]"
"[7.86228877,13.01593904,17.62621202,19.02644719,22.15856724,22.70300714,25.52692345,27.44168939,27.95988203,31.21411641,31.25579225,31.50969045,31.52561816,32.65477371,33.43176123,38.55493784,39.02366349,40.36595202,45.86717751,48.79714895,50.39966734,50.99581974,51.53134558,51.67355003,53.01112377,57.61114419,57.73229918,58.18403091,58.66302135,58.74892446,60.37567825,61.59365237,62.10591595,63.09910488,64.36463244,69.65035243,74.04275532,75.29913199,75.56864459,77.4884079,78.70798935,80.05067629,80.46488091,82.33548292,82.50708375,82.62881877,82.66794381,83.0416402,83.46070898,83.8787736,84.07132482,86.00777727,86.00830118,87.51542759,90.53879434,92.74729478,100.942773,102.32398253,104.34378793,104.58616469,105.27386828,105.93008462,106.19637981,108.00351066]","[2,6,7,1,1,1,5,1,7,4,4,5,5,7,4,4,6,4,7,2,6,3,2,7,3,5,4,4,5,4,4,5,6,6,2,2,1,4,5,4,4,5,4,5,6,6,4,6,7,4,1,6,5,7,7,2,0,1,4,5,5,6,4,1]"
"[2.16185023,3.68675736,4.23698077,5.36063667,6.34853715,7.67858919,9.39602189,13.36276087,15.8130874,17.55013822,21.67421171,21.79110203,21.96141432,22.16507933,27.31805518,28.17433191,28.86308072,35.0869294,35.43313825,35.95017566,40.93036135,44.56871642,44.95358278,45.11801266,45.91849096,47.37592522,50.98924702,52.88517438,53.24659644,54.04589809,54.31023571,55.38447013,55.56923601,55.60923011,55.70407738,56.08484319,56.66857802,56.70343874,56.72734672,56.74505292,57.14416241,57.28725884,57.42465069,57.42860071,57.44723799,57.47063545,57.51832075,57.91706381,58.09535351,58.43454644,58.49819989,59.00701646,59.35572902,60.39468082,61.38890414,63.62854096,64.56011746,68.7223537,69.28963542,71.62336592,76.51980014,79.85337808,81.36183184,88.98228299]","[5,2,4,5,6,0,7,0,4,1,1,6,3,6,6,1,2,0,2,1,0,3,1,2,6,7,2,5,4,7,6,5,6,4,4,5,4,4,5,4,6,5,4,5,5,6,4,4,6,6,1,5,5,4,4,5,4,6,6,2,0,2,1,5]"
"[1.07483949,2.68419554,2.79057803,5.12109783,5.61442719,5.7325368,6.20931493,7.26922133,7.34173569,8.30178911,9.31154839,9.49229028,10.70806373,11.33588327,12.56712851,12.97809883,13.08094998,13.59014231,15.93965987,20.49290528,20.84289152,21.31443465,22.42053307,24.63109232,26.62142189,31.63667986,33.50046103,37.60867975,41.52648228,46.43269985,46.91909448,49.32713929,52.75145212,53.49031894,55.50963116,56.20095084,56.68999123,59.25674409,60.68477093,63.69912801,66.21424532,66.47723285,66.72500333,68.10796715,69.27745766,69.29094562,70.80786251,71.31825689,71.97190485,72.39448908,73.98049513,84.88084524,97.87220523,98.58738661,99.33104189,100.76549621,101.18238497,101.60498728,104.44551048,107.95978148,111.03706308,111.16907121,112.76884838,113.91659975]","[1,5,4,5,6,5,6,4,6,6,4,6,5,6,1,4,6,7,6,2,6,7,3,0,1,1,2,7,1,6,2,0,5,6,7,4,5,2,6,7,5,5,6,2,5,4,5,4,2,3,5,2,2,7,3,2,2,0,2,0,6,7,4,5]"
"[3.40467223,6.2326154,8.1934416,11.40395394,18.31210744,20.88823141,22.62244479,23.35771013,23.72480299,28.49653341,28.63068086,29.53523615,29.63703866,30.07997872,30.43177801,30.52089072,31.78224622,32.52398774,37.75463261,43.69053092,49.29512652,52.47293785,54.37542916,66.26688115,69.18343833,71.13133037,71.48448099,71.55477595,71.61734029,72.05475661,72.50545114,73.77728795,73.84565591,75.0545876,77.14117528,81.08053889,86.46470267,87.53914615,88.22264334,88.43306873,89.01829743,89.09385593,90.36758716,90.67897376,91.04659372,92.84695983,93.9485477,93.95942805,94.07388802,94.10027209,94.15379186,94.94612862,95.48425311,96.6264832,96.77631067,97.09072071,100.38140879,100.84588459,101.12416504,101.86242382,102.37787675,102.73776342,102.95337442,103.41064328]","[1,7,1,2,1,0,5,0,6,4,5,5,4,5,6,6,7,7,0,1,0,1,1,4,5,5,6,6,4,4,1,1,5,2,5,2,5,2,6,4,5,4,6,6,7,5,4,6,5,5,1,1,5,4,7,5,7,4,6,5,5,5,5,6]"
"[2.6599658,3.21535885,5.62284477,6.40795254,8.24409079,9.89168164,11.81072133,13.91888428,16.79550617,17.44201754,17.52223895,18.19562123,20.1688208,24.33901464,25.40977527,26.55151777,26.5704551,27.36656545,27.70206228,28.67454538,32.36175452,32.60549243,33.36483312,35.45487432,36.0207906,37.59294226,37.60835246,43.25092486,43.49075467,44.26249602,48.38992325,48.49306016,58.91646323,59.92883365,67.24506454,67.60330307,68.83448755,68.85763691,69.37166813,69.41390255,70.0984569,70.12463694,70.22430248,70.39712349,71.21786375,71.2481507,71.395017,72.87635131,74.20198945,74.78415618,74.92771923,74.97229563,75.14450783,75.25218975,75.4082861,75.64535577,75.67093729,77.39083893,77.5129108,77.66567891,77.83869351,77.93579738,78.3884856,78.40592211]","[7,5,2,0,0,7,0,2,0,5,6,5,2,3,5,4,6,6,7,2,4,1,5,7,7,7,4,3,4,7,6,7,1,4,4,5,6,4,4,5,1,6,5,0,6,4,7,1,5,1,5,4,5,5,5,6,6,5,6,4,4,4,5,3]"
"[1.1105628,1.37504737,6.72239248,7.98392901,9.49770231,13.23373363,14.41844924,20.70729235,20.74113154,23.66682703,27.58896323,29.5838157,30.00455551,31.56638715,33.46112403,34.08064765,35.53294521,37.6519962,38.79671857,40.23598315,42.31488986,43.97102025,44.2770561,45.95911326,46.8383174,47.44545842,47.85181891,47.99962978,49.67561123,55.58573494,58.61656617,58.93281245,59.0247729,61.94567065,63.34129117,63.66622201,64.48332943,66.53899312,66.96583586,67.46783604,68.5327288,71.79461882,72.95068615,78.89968406,79.25930994,79.84113761,80.25735578,80.50567052,80.58755905,80.92676195,81.78332153,82.13732847,82.15682079,82.91446124,84.27543193,84.44105633,84.46192706,84.5534523,84.73404144,85.05128605,85.94943285,86.4725427,86.66975497,91.31518563]","[5,2,7,3,5,2,0,3,3,5,7,3,4,2,2,7,3,7,7,2,7,5,6,4,6,2,1,7,2,1,5,4,6,5,7,4,5,6,1,4,2,0,2,5,3,4,5,5,6,6,5,4,7,6,6,6,6,6,6,7,7,6,6,7]"
"[1.61121171,6.44934955,18.62087813,23.07741443,27.36912042,27.94334748,29.0284976,29.81562521,29.91000915,29.95746929,29.96302369,30.08969911,30.12404959,30.62941645,30.96404414,31.63751198,31.73362843,32.06008561,32.72226401,33.02204543,33.33465805,33.97014674,34.33564632,34.64618595,34.64985696,35.01158149,35.03027755,35.71273176,35.73448182,35.77501992,36.30183,36.32699671,36.59639055,37.04999192,37.53751277,37.95943519,38.36020066,38.73072514,38.76157253,38.91793505,39.3410565,39.34428624,39.61438305,40.45669597,43.7291181,45.66496292,47.02927612,52.48882434,67.84763952,68.16153553,71.53240307,71.64601193,71.70050967,72.1157952,72.45774974,72.95613924,73.12556226,73.29779935,73.53081085,73.68171278,74.18904635,74.21527635,74.28767208,74.33703282]","[1,4,1,7,2,0,0,5,4,6,5,6,6,5,4,4,4,5,6,5,5,4,5,5,6,7,4,4,6,5,6,5,6,7,6,6,7,4,7,7,5,5,4,6,1,2,3,0,2,7,5,4,5,6,7,4,6,5,5,6,4,4,5,4]"
"[3.30268056,3.55584678,4.2777825,4.54296659,4.82624384,5.72698376,5.79498855,5.84780225,6.84146718,7.96295995,9.7437452,11.13473537,13.71271695,18.75879787,21.27584013,24.63529894,25.15244621,26.61139344,26.90902204,27.1199248,27.70261359,30.46669963,30.51104124,39.14583509,39.76276343,40.12239511,40.24111825,40.27010228,43.12201928,45.49783258,45.80081402,46.87157205,47.21586221,47.54581276,48.28841906,49.89375607,50.37626593,50.4363791,50.50528887,50.62378185,50.76708836,50.91125651,51.98922907,52.12801949,52.47888358,52.6182814,52.71094006,52.84181264,53.62574996,54.57902414,54.8511065,54.98403362,55.44110804,56.53323786,57.2257835,57.38524579,57.39981485,57.70015367,58.2605631,58.73054434,59.04937804,59.36579214,59.44030583,59.96725504]","[5,4,6,4,5,7,3,6,4,7,7,2,7,2,0,5,5,4,3,3,5,6,6,5,7,6,0,7,1,7,5,4,4,5,3,5,4,5,4,5,1,6,6,4,5,4,7,2,6,5,0,5,4,5,5,0,6,5,6,7,4,5,4,7]"
"[0.32165648,2.01019558,2.08323617,3.53959344,5.73601058,6.43442732,6.51425119,6.80405083,6.93406989,7.25530942,7.67696415,7.76103978,8.57913668,11.00306727,11.17751694,11.22389963,11.31169249,15.10222942,20.16352521,22.59275492,24.71005066,25.17589803,28.03052456,28.84248322,31.34258135,32.45427612,34.00516788,39.79809982,40.94213886,41.14172939,41.45652934,42.56330838,42.97227561,44.41320545,44.76503255,44.84341347,45.12596408,45.52716304,47.27029816,47.63932136,47.65790929,47.84713842,48.23015199,48.69775516,48.74392547,48.88927659,48.89105625,49.09097287,49.24201946,49.9705335,50.96435251,51.77242787,52.15694435,52.21099989,52.39043409,53.01537496,53.35835023,53.72411927,54.09431945,54.14243032,54.555257,55.47166796,55.52210306,56.55583838]","[4,7,5,6,1,5,4,6,5,5,5,7,4,4,6,6,5,1,1,1,0,5,7,2,7,6,3,4,5,4,5,4,7,5,6,5,4,4,5,5,4,5,4,6,4,5,5,4,6,5,5,4,5,5,4,6,6,6,6,1,7,7,5,6]"
"[1.12909676,1.58461375,3.14961217,6.43945671,10.19788208,10.31763474,10.35830103,10.40866672,11.04193351,11.22215285,12.41290132,13.19952345,16.86396865,17.15767283,20.89603659,22.42445234,22.70925049,23.93044236,24.46008874,24.79725684,25.67150675,25.78192257,28.16815016,29.38481228,29.49428715,30.1587093,34.17720502,35.19693916,39.80479124,42.61894815,47.25757474,52.5876914,53.10811693,54.37306079,54.70316622,55.55616386,56.23016532,56.48157388,60.83751316,61.55734467,62.56657053,63.76657845,63.9371163,65.89442815,70.66584896,70.70320251,71.50771751,76.95179518,79.54585239,92.96831368,95.29410824,96.65373144,99.90441924,101.82441692,103.92390027,104.14425402,104.63953414,105.9576232,106.57763771,107.19519262,107.26497984,107.29503101,107.51320583,110.54790582]","[1,2,1,4,5,4,4,1,5,6,7,7,3,6,5,3,4,0,5,4,5,4,1,0,1,5,4,5,6,1,6,4,7,5,5,4,5,6,6,7,2,4,5,5,2,6,7,6,2,5,2,3,3,1,1,4,5,4,4,5,5,3,6,6]"
"[0.71853729,3.5132183,4.85794923,5.42054365,6.95898628,7.69110908,9.0634843,9.36660717,9.55013756,10.11886629,10.12618238,10.48842815,10.71806906,10.99650909,11.07482523,11.29036079,11.59941915,11.79320837,12.91942184,13.74434169,13.79180778,14.22312396,14.24474778,14.54673574,14.91067007,14.96920019,15.3836648,15.54519164,15.84666566,16.01681852,16.26183979,20.50768369,27.79571346,29.10759468,30.50020093,32.02450966,36.52692145,38.98242167,39.09950658,39.38248892,40.03669504,40.28634628,40.33759096,40.35149322,41.2135086,41.28584137,41.53059782,41.8330039,42.30629231,43.00320254,44.31536062,45.0060061,45.84887131,46.82082674,46.90313309,48.3339318,49.69722205,50.73883948,51.76003228,51.81160005,51.97402761,52.74371749,53.32909147,53.33538435]","[3,7,6,2,5,4,4,5,5,4,6,6,6,6,5,7,7,6,7,5,7,6,5,6,4,7,5,6,4,5,6,3,4,1,7,6,4,4,5,5,5,6,1,4,4,6,7,5,6,6,5,4,6,1,7,5,5,4,5,0,6,5,6,0]"
"[0.8885517,0.95694902,7.0438519,9.52517643,15.89593937,17.82384437,17.98755842,18.32427766,21.29661307,21.32852196,21.67196025,21.71246036,22.33884397,22.62977333,23.71214142,24.37274834,24.38961775,27.07389369,27.22682843,27.43272942,27.85077743,28.08345422,28.86502715,29.06005643,29.2703459,30.11358822,30.32373437,30.61330363,31.44663285,32.45307992,32.65224772,33.59326382,35.53022966,38.21977453,39.60847985,39.74963214,42.21175174,42.96920712,43.36720981,46.77136679,46.86001414,69.11189437,69.40188515,73.02126649,74.2061498,76.91212522,77.15292682,77.70442592,78.88664308,79.95679889,87.72201604,91.69110631,93.44744389,94.55741708,95.97643482,96.91506766,97.34701305,97.82872667,101.05630339,104.98655248,109.17385341,122.56686461,123.26745613,127.63354414]","[7,7,0,6,4,2,6,7,7,4,5,4,4,4,5,2,6,5,6,4,7,6,6,6,7,6,6,6,0,5,4,5,6,0,0,3,5,3,2,5,6,6,7,7,1,1,4,5,5,4,4,5,4,5,6,4,2,6,1,1,2,0,6,2]"
"[0.78267857,0.81812281,6.07465508,8.08286913,8.89690553,9.3752789,10.90115489,13.27137723,22.65003318,25.47652231,25.5246202,26.7691501,27.2786055,27.33249964,27.95893827,28.34648059,28.68106567,29.00253991,30.7828946,31.16331059,31.30930542,32.444347,34.07166026,35.78101117,35.79347,36.15024395,36.4411674,38.57472163,42.68393023,44.30023601,46.3414136,46.40561417,50.18224369,50.52233889,51.16758159,52.47403561,55.16143759,56.1342915,58.8752879,71.48670243,71.61728214,78.726695,79.07933149,79.26066606,81.69075844,82.53657931,89.02488355,89.59144189,89.87150324,91.01922394,91.25541481,95.08455273,104.23391814,104.69318946,107.1451523,108.73598894,112.14025002,113.32508996,114.60672433,114.73554524,123.65052724,125.21350309,125.65294128,127.79399637]","[7,0,5,7,4,0,6,6,3,4,5,4,5,4,5,5,5,4,4,5,6,3,5,5,6,6,6,7,1,4,3,2,5,4,6,6,0,7,2,5,7,7,4,2,4,5,4,1,5,5,7,7,2,2,1,7,0,7,3,3,5,6,0,5]"
"[4.46275454,4.51819136,4.84191063,6.7113795,6.92851096,7.11753746,7.33910975,8.56040305,8.92731111,10.2680294,10.63515933,11.50709681,16.23766965,19.13456926,21.03658804,26.72317591,28.8802716,29.75009134,31.50131203,31.62845396,32.61554818,32.64276706,33.45461008,35.0946559,35.1412077,36.59607217,40.71552679,41.1026422,42.70801102,43.24333507,44.09590206,49.79811509,51.84329248,52.66064479,53.54561435,54.72870394,56.77727295,59.18807965,59.39136282,60.77693493,62.03379415,63.77442062,64.68283895,65.03375897,65.96871293,67.11980099,69.31512331,70.65068238,70.76860838,70.83058879,71.47311136,71.88731454,72.20520205,72.42167631,72.67034252,73.31312619,78.16612834,80.01637568,80.40945859,80.53781808,80.86005094,83.88558049,85.58234814,87.08591275]","[5,6,7,6,4,5,4,5,1,3,2,0,1,4,5,6,7,5,7,6,0,6,1,5,6,1,0,2,5,6,6,2,4,5,6,6,6,1,7,3,7,5,0,5,4,7,2,4,5,6,2,4,6,5,4,5,7,5,2,1,4,0,3,3]"
"[4.15263086,12.5778915,12.73680722,13.59375153,19.26511346,22.89065012,24.98797324,25.88010282,28.86576649,29.99993797,30.1048577,31.54066987,36.58021547,41.41099977,42.53507366,53.86417283,54.0086403,54.16294678,56.1467515,58.76565886,60.17801783,64.21134603,69.46955816,69.77675799,69.96264787,70.26464293,70.32640298,70.47184558,70.49656205,70.51433984,70.5774812,70.95611594,71.13619482,71.77932424,71.87067324,72.45633288,72.66937019,72.97668449,75.15498217,75.32130824,76.33444204,76.76682276,77.88061259,82.90820696,84.1692152,84.54227717,87.16558937,91.57332694,92.88098871,99.29066282,100.148101,100.60029297,102.77484205,109.76797606,111.92963536,112.6710596,114.08076152,116.16231361,116.35235501,118.65747517,119.53534049,119.70428983,119.812411,120.50206005]","[7,2,0,7,0,0,3,5,3,0,4,0,1,1,0,7,5,7,0,5,0,1,1,5,7,6,5,4,4,6,6,6,6,6,7,7,7,4,1,4,7,6,1,3,7,1,1,7,2,3,5,6,2,5,2,6,3,5,6,0,5,4,5,6]"
"[5.1481871,5.33320078,15.01940707,15.71511187,18.56656117,23.53275329,24.06853381,24.83280171,29.22523547,30.84027008,30.95638245,30.97357948,32.2777527,33.42965781,34.25018516,34.84336232,34.9786604,35.78331922,36.84871296,36.87846268,37.33457625,37.74980961,37.79433683,37.99281469,38.00674933,38.6225261,39.67540756,40.6207599,42.61711329,43.46167095,44.79202121,46.06029782,49.54982939,56.44691212,56.46906764,57.18092257,58.29377847,58.51205042,58.75854184,59.30488554,59.52550201,60.85551177,61.19867443,61.25778069,61.61346986,63.05840058,63.74433403,66.05425796,83.56525838,84.96081039,91.97241013,93.08393891,93.50492335,95.1644552,95.20435408,95.26687592,96.21218328,96.50774807,97.09917279,97.66780949,98.74551675,100.77101884,102.55252184,103.72772458]","[2,7,0,1,2,5,4,6,6,5,6,6,6,2,4,4,0,5,5,6,7,4,6,7,1,4,4,7,0,0,2,1,2,5,4,4,4,6,6,5,6,6,4,6,5,5,1,2,0,0,6,5,4,6,6,1,5,5,5,7,6,3,7,4]"
"[1.05214908,1.07867858,5.55134511,8.98558609,9.91273822,10.24391721,13.67002496,14.43638155,14.96245594,15.06141604,17.17803162,17.48540989,19.76456195,23.02329489,24.15308358,26.02708,27.85478834,30.29068,30.3906145,31.34550446,31.59543963,31.65357625,33.70031259,34.23858938,35.98321976,39.94429849,43.83889522,49.38143297,49.50936553,52.22005803,52.67569774,55.73790481,63.67722631,67.84486419,68.01514726,68.34333636,69.8663454,71.17356494,72.25089282,74.80090007,75.98364014,77.75292129,77.82528582,78.53006301,79.30448408,79.43706797,80.04628278,81.79275993,86.96068184,88.85836139,94.03144586,97.16808001,107.50374868,108.23400483,111.03791895,112.84849116,113.07495251,114.565034,115.26032207,115.76092827,116.26344326,116.33327885,116.80176899,118.70338289]","[2,1,6,3,2,3,5,7,4,2,3,0,7,5,6,3,0,5,4,2,5,6,4,5,1,4,4,2,7,7,2,5,3,1,3,3,1,4,3,4,0,0,2,3,5,4,5,4,5,6,1,0,7,1,4,4,5,3,5,4,4,4,7,4]"
"[0.21480444,1.21515632,1.2163916,4.06964163,4.28947768,8.18218901,9.96919945,10.24417779,10.49602652,12.74616516,13.43724327,13.94367585,14.90564306,15.52813383,16.81580303,18.35825407,19.1082051,20.09280672,21.73334739,24.315466,24.7166326,24.71870155,24.79198609,26.99865654,32.63914331,32.74674801,33.45348794,33.76765035,33.90243178,34.45454622,34.59893011,34.74382212,34.96967167,35.3832324,35.50476539,36.11566919,36.59490018,37.34067373,38.1468574,38.84772994,40.3854131,40.86164195,41.08359516,41.30834897,41.44160942,41.60599828,42.03181533,42.21720276,42.27783834,42.54246642,42.95813705,43.97064011,44.30665379,45.84874677,46.75372051,47.35135265,47.48994881,47.86428443,48.22973904,48.28033632,48.5880837,48.739254,48.88917761,49.42200103]","[1,6,5,3,0,2,2,7,2,6,4,5,3,4,5,5,6,1,0,4,5,0,5,2,4,5,5,6,4,5,6,6,6,4,7,6,4,5,2,6,5,7,6,6,4,6,5,4,5,7,4,4,1,5,4,6,5,4,6,6,5,6,6,5]"
"[3.96262512,5.34043952,5.98372549,7.79817692,16.3545904,17.73821045,18.17257388,18.1744894,18.84433701,20.27732351,20.40622532,20.58081031,21.20806826,21.86754612,22.48874856,22.55578317,23.30459325,23.96246395,24.57529079,25.57013393,25.76374642,25.90795638,26.16910928,26.43940404,26.45566032,26.58616325,26.73798863,26.85107499,27.33927894,27.55884196,28.18911639,28.2346341,28.44309651,28.73307206,28.93885317,29.14847017,29.53075313,29.55537809,29.5714613,29.60359574,30.38025887,30.44437143,30.76458542,31.37798461,31.47466714,31.83929561,32.42258487,33.26146441,33.84300166,34.32540053,34.36938446,34.49385485,35.98296454,36.44932349,37.75463815,37.94708805,38.07283328,39.75985294,39.89064282,40.36117382,40.3700704,41.8581008,42.56265856,42.80330857]","[7,0,3,2,5,0,5,4,4,0,7,2,7,1,5,6,4,5,4,4,5,5,4,4,5,5,5,4,6,6,4,5,5,5,4,5,6,4,6,6,6,6,6,4,7,7,4,7,5,6,4,6,5,5,1,0,4,4,0,5,2,5,4,6]"
"[2.13288561,2.48590584,3.81433389,4.55677474,4.6027283,8.3881207,8.55769781,8.79332738,8.83938794,9.56005795,10.61216874,11.74487271,12.75018544,13.21713908,14.09042085,14.54915749,15.87960326,19.16061281,19.47476657,19.79536185,20.70435456,22.17388815,23.81485553,24.24141141,25.18536327,28.22001082,29.87258262,30.0014177,30.44352125,30.75108948,31.15026902,31.63758853,32.08982231,32.65240925,34.17919959,34.21176213,35.12734763,35.67256941,35.79608568,42.62624678,44.2106045,47.21000861,62.42591949,72.96521131,76.28069478,76.58518187,76.82046385,77.76576572,77.88714127,77.93437283,78.33289588,78.4837948,78.8356229,79.18912107,79.52436006,79.61503991,80.51508258,80.69239441,80.74722592,81.80434023,82.81523513,84.30449255,84.45752458,84.90797232]","[1,6,1,2,0,4,5,5,4,4,2,6,6,6,5,6,4,5,6,7,6,0,2,4,5,4,5,4,5,6,4,6,5,2,7,4,6,2,7,1,1,1,1,0,3,5,6,4,5,6,4,6,5,7,5,5,6,7,6,7,6,6,7,7]"
"[4.13234843,4.30846727,4.49045203,5.2942321,6.64826187,6.67113261,7.20539267,8.01490162,8.53779069,9.18583834,9.4474329,11.08323498,12.13624412,12.82700947,13.01736599,13.24777312,13.88502428,15.56415343,15.64768257,18.99586134,19.10131728,19.44717381,19.9362458,21.38602177,21.4926329,23.39114172,25.97765722,27.50319512,27.55467479,27.74050042,27.99525123,28.37550822,30.25870868,32.89048198,34.39842008,34.94578666,36.99951688,37.30399133,40.46570891,42.21440667,48.89257305,49.41005895,49.75056709,50.80631115,51.2491147,52.84142932,53.30666469,53.33866443,53.41261165,54.13355249,55.28951731,55.40928403,55.53843123,56.23970803,58.43256544,59.07341257,62.38326276,62.9701657,65.709626,69.04336463,75.00033247,76.70998283,77.41261952,78.32985883]","[5,4,6,7,4,2,5,4,5,6,5,6,6,7,5,6,6,6,3,5,6,4,4,5,4,1,6,5,6,4,4,4,6,7,1,7,3,3,7,5,3,3,3,3,4,4,5,4,6,6,5,4,4,5,4,6,2,7,4,6,5,7,6,7]"
"[0.28375771,1.39043294,4.4309088,13.94734817,14.29129594,16.22596428,16.7537882,17.79565464,20.20388121,20.34088135,21.42471987,21.80658195,23.47755619,27.11648023,31.56081478,31.72585272,31.77574806,33.7374766,34.59309339,34.79347157,35.60864533,36.12776722,36.38562336,36.52530435,36.80249148,37.53711838,37.94676448,38.05824567,39.27315617,39.51273537,39.74979142,41.65149532,41.89838313,42.34537848,43.73372367,44.08208983,44.27474263,45.11554695,46.29530436,47.55410904,51.87341944,52.62970939,56.68654469,57.19385944,58.39098815,64.85368223,66.5453591,68.44948372,68.54981998,69.2746759,69.90662834,70.72804017,75.28249203,76.03620684,78.36294591,85.76558091,86.39526088,87.01436559,88.17151431,89.00977726,89.47786288,91.19575325,95.32744196,97.65889365]","[1,2,4,4,5,5,6,4,4,5,4,5,5,6,7,7,4,5,0,6,1,5,5,6,4,4,3,2,7,7,7,4,5,7,7,7,6,7,0,2,4,4,1,1,0,2,0,5,6,4,5,6,4,6,5,5,6,6,6,2,3,7,7,3]"
"[4.94546645,13.08915018,14.16778584,14.44443629,17.3238446,18.26855996,18.39804112,19.76341052,27.5703875,28.26066793,28.6666903,29.58082767,38.38498387,38.3863689,45.04356305,46.25105286,46.76153857,49.30974829,49.96794308,50.1050245,50.74434835,51.28658507,51.37708408,51.49856804,52.01287567,52.36318785,53.98399509,55.40917128,56.29359419,59.43538811,65.6303343,68.97910847,69.15847433,70.03088959,70.66098564,70.97614429,72.4332947,75.24902883,75.93544652,75.96562191,77.41316839,77.69235301,83.17137252,87.25988209,88.29504938,96.24315807,98.9178947,103.65933348,106.60382735,112.00930833,114.55112621,115.96758,116.08496521,117.27904731,119.01577726,120.90295081,124.11739276,125.0048073,126.20179071,128.74859724,132.19632646,132.857623,132.99888204,133.1491038]","[0,2,2,4,5,6,6,3,4,5,5,4,4,5,3,5,4,4,4,5,5,2,3,7,5,6,0,7,6,7,2,3,0,5,7,1,6,6,6,7,7,7,1,5,4,2,0,5,4,1,2,5,6,7,6,6,3,3,5,0,4,5,6,4]"
"[0.77845276,0.78441132,2.34884013,2.58176936,3.0633832,3.13990216,3.72021422,4.74919623,5.08687576,5.29718206,5.59349352,7.35216859,14.37779914,14.48055648,16.86940553,19.1616431,20.20397863,20.5415863,22.73885044,23.17448684,24.42536621,24.93345095,26.31328233,26.6517371,26.86257503,27.17276452,28.73771314,34.15953984,34.71393429,35.00670417,35.24385987,39.20959539,41.15192379,41.19706173,41.21643218,41.45350061,41.65477337,42.12093752,42.15853274,42.34145994,42.51053984,42.61823384,42.90960648,43.41479089,44.15454634,44.22021682,44.26649211,44.45523734,45.60722076,47.19607287,49.40099379,49.63738231,51.28344417,51.6375954,51.93529789,52.31708686,52.68398018,53.57235594,54.09812224,54.36421851,55.10248401,57.83046687,60.06345241,60.69065274]","[5,6,5,6,7,6,6,7,7,2,1,6,2,0,0,4,7,2,1,4,4,7,2,5,5,4,6,0,6,7,0,7,4,1,5,5,4,4,6,5,5,4,6,4,5,4,2,5,6,0,5,6,4,7,1,1,6,0,5,1,2,5,1,6]"
"[0.82060083,2.438888,3.20852223,4.78637142,7.72897967,10.31733385,10.38628091,10.51719976,11.08023391,11.31079714,21.28238636,25.99238542,32.06072799,32.192208,41.18652443,41.63872911,43.12828483,43.14327774,44.15849333,44.41846576,48.77029068,53.12203819,53.62260176,56.36433381,56.5032633,58.18301651,59.69671718,60.58772512,62.27455734,62.96292149,63.14558753,64.88392975,70.5047413,71.83543065,73.30636402,75.02009668,76.29212238,80.46299011,82.71972926,83.94821945,88.41620249,91.95799066,93.86544822,98.27646676,106.722971,109.65736574,111.61038202,117.36350625,118.41794695,124.40145594,132.96355255,133.86562098,134.20076345,134.83973372,136.28183928,137.61639996,138.28657706,138.80942424,140.50552872,141.09136632,143.67524204,143.7647745,144.02360427,149.51759786]","[2,1,1,3,5,4,5,6,5,6,6,5,0,2,4,3,5,6,6,0,5,2,1,6,6,4,3,5,4,3,0,4,6,6,7,7,3,7,0,6,1,1,3,7,1,3,5,0,7,7,1,0,5,4,6,0,5,0,1,4,6,0,2,7]"
"[2.1884431,8.33948523,9.78956452,10.47801451,10.76651157,11.22571202,11.72826788,13.1486962,13.42237834,13.62332131,15.11982096,15.41651602,15.47814554,17.69394637,19.1968207,21.41479264,24.64071242,25.79807382,26.87735274,27.29135502,27.96714657,29.3467672,30.87314676,31.79810786,32.9091705,33.10022033,34.97745103,35.28905632,35.77728967,36.40980698,39.17196315,39.58306351,39.94292009,40.1890912,43.35132674,44.22843343,44.4391249,44.51678625,45.86257889,48.06115946,55.20982233,57.30819174,58.55993298,64.8554765,67.43826031,72.08668481,76.08359499,77.20108036,77.23026836,77.31276822,78.31643765,78.37645243,79.2575239,79.60982136,85.32554251,86.6873188,87.99057981,89.2072912,91.01729325,92.61010144,93.19161901,93.24508685,97.02657008,99.51161167]","[2,3,4,5,1,6,6,4,7,6,7,5,4,0,6,2,3,4,0,5,6,5,6,0,2,1,0,4,5,4,5,6,4,7,2,4,7,0,5,6,4,5,4,4,7,4,5,5,5,4,6,4,0,6,5,2,6,7,6,3,7,1,2,2]"
"[5.66998366,7.49794234,7.51691306,8.70926397,9.86816163,10.701789,10.87779774,11.42620073,12.20769397,12.25884793,13.00223363,13.14357515,15.40716734,19.88269107,21.56654512,23.23920286,24.2723677,27.23918549,28.25293823,29.08213278,30.69337257,33.19263675,35.15044848,35.20578055,35.48790724,36.534558,38.18895127,38.71291854,38.86441498,41.16790871,42.08398663,42.98509068,43.50218938,43.94191597,48.20218033,49.81069839,54.04403737,55.13449692,55.8505723,56.91078773,56.9965512,57.39680868,57.5640369,59.61590175,60.33308043,60.76272932,61.4042157,63.18620603,64.16227249,64.28738914,65.08701261,65.15296818,65.53334658,66.69702092,68.22817729,70.98331426,77.20160681,85.34888427,86.92186796,87.08897871,89.36300405,94.24985906,96.30682058,97.1671045]","[7,3,5,4,6,7,5,2,5,6,6,1,6,6,1,1,4,6,3,1,5,4,5,5,1,6,5,4,4,5,5,7,3,7,1,2,5,4,4,5,6,4,4,5,6,5,5,0,4,5,5,6,6,6,5,4,5,6,4,0,5,0,2,4]"
"[0.89163002,1.07268718,1.41759718,9.02779206,12.43916381,13.86321934,14.39771387,15.25315744,17.97250466,22.98981497,32.22218173,35.15254293,36.0655349,36.08135876,37.55725656,38.56697211,38.67298724,38.70561793,39.05114062,41.34864977,43.63221984,44.15740302,44.5093749,46.720986,48.72094938,51.11226183,53.85079772,54.44707121,57.4424579,60.97942925,64.61248463,65.25834953,67.09243578,73.65026867,79.72888091,79.81469331,80.1141989,80.13924224,81.01273721,82.55273255,85.03687454,94.65272642,96.78110945,96.82095571,97.83710379,104.56162076,105.35799039,105.66506187,105.69160755,106.40640037,106.72376348,106.72475779,109.17311222,109.47774759,109.50694143,112.48536567,114.47213482,115.17139769,117.21163838,117.30635578,118.59296001,121.47578071,125.90868766,128.11162688]","[3,3,2,2,7,1,4,5,3,6,3,5,4,5,7,4,4,2,0,1,6,5,6,4,6,1,7,2,2,0,6,7,5,0,4,1,5,4,4,2,7,6,1,7,4,1,5,6,6,1,5,2,6,0,6,2,6,7,6,7,2,1,5,0]"
"[0.36663575,2.74161182,6.71999379,10.83027576,10.90965316,12.06564631,12.68289799,17.75439237,20.93755275,22.84785557,30.46145546,30.87427985,31.67122789,33.04097759,34.4075116,34.97682458,35.01447856,35.58364314,36.0970464,36.18277783,38.50844414,38.55871339,39.05229106,39.09322248,39.78480754,39.95666326,41.26903653,43.39988723,43.9501331,44.29374816,44.30170268,47.92759742,52.27264983,53.17911822,57.57611503,79.85123289,80.09293347,80.65945357,80.88375211,82.25948717,82.37243626,84.38298718,84.94268652,85.15018898,85.51611436,87.7811138,92.86224943,99.95227296,103.12239932,105.26059452,110.09377631,110.53582382,112.04850572,113.04709781,113.0996978,113.12135448,113.21516323,113.25338953,113.95715465,114.1708666,115.30215036,115.52788222,115.96463659,122.74134692]","[0,1,3,0,5,1,0,1,1,7,3,0,5,6,0,0,5,5,4,4,5,4,5,4,5,6,4,5,5,4,6,4,1,5,7,5,6,6,6,1,7,6,7,3,1,4,1,0,5,3,0,0,5,5,4,5,5,6,6,6,3,5,6,0]"
"[0.82734959,3.11405178,3.55175478,4.94112765,6.50566435,8.37075357,14.80807045,17.50908273,20.90274377,25.53716612,32.69970465,33.43986516,34.15154346,40.5869951,41.11136117,41.32584961,41.61429609,42.07327138,42.21100863,42.2444338,42.35976747,42.64778001,42.78352611,42.83064001,42.83860544,43.00308337,43.09215273,43.15172125,43.29637128,43.3038375,43.37399828,43.50509114,43.51667706,43.55914936,43.77315481,43.84248048,43.8577787,44.07610803,44.1051355,44.53411528,44.65007599,44.66072427,44.81740276,45.00413718,45.07506642,45.37254816,45.40087227,45.40496829,45.55038752,45.56227581,45.61252423,45.87130645,45.93022162,45.97444495,45.99697999,46.07906233,46.18226461,46.20125112,46.34166157,46.35896377,46.35942122,46.411201,46.53370083,46.5629515]","[1,0,6,7,0,1,1,0,2,2,0,3,2,6,4,5,5,5,4,5,4,4,5,5,4,6,5,5,7,4,5,4,6,6,5,4,6,4,7,5,4,5,5,6,4,2,5,4,7,5,4,4,4,5,5,5,4,5,4,5,4,5,6,4]"
"[1.54223224,14.49730405,16.0178683,17.53208025,17.57620743,17.81137192,18.55746369,19.38456837,22.34502694,26.67461264,27.2230868,28.22579545,34.08489449,34.52554818,35.39733062,35.70928941,36.24845039,37.95517491,38.26886076,38.51925682,38.63567524,39.53347544,39.9616136,41.37935218,42.39132132,44.10241345,48.62487997,51.8434397,52.18026531,57.29214032,60.02901577,61.95659016,62.9904525,63.36587133,63.52782305,64.56006804,75.61954828,78.29783456,78.99297743,80.54027624,80.69765711,80.90897225,81.21880812,81.57975543,81.79500348,83.70539892,87.23891542,87.76470888,88.09917321,88.34315001,91.01049765,91.54173776,91.74567852,92.65821957,93.82713824,95.21273986,96.48750332,98.38483135,101.8658248,102.32567531,102.8867865,103.04437748,103.22153784,103.27482498]","[1,0,5,5,4,6,7,0,5,6,6,2,5,6,6,6,4,1,5,4,5,5,3,2,5,2,1,7,2,1,5,7,6,6,6,7,5,1,6,4,1,5,4,5,6,5,7,5,2,6,4,4,6,5,6,6,0,0,7,5,4,5,6,4]"
"[1.76683395,2.07225761,7.38367826,7.50909792,8.71809277,11.04501128,13.5469092,14.17525737,15.98652321,17.3971566,18.27940425,18.33720088,18.47060724,19.04844292,19.26111053,20.19587181,20.36858959,20.41692859,21.15773119,21.18718346,21.19605084,21.432797,21.45449594,21.67660372,22.42220899,22.77949015,22.79235314,22.85645665,23.00143779,23.06866405,23.30220092,23.532262,23.63443653,23.86035083,25.45045948,26.8816621,27.50687067,27.6994387,28.74112948,29.26821671,29.89339035,31.23767887,31.80874715,32.69775193,32.71403923,32.7260022,32.97826361,32.98770798,33.18935752,33.48642034,33.51258451,34.09770076,34.1809311,34.22412177,34.25630762,34.34873258,34.52087532,34.66438672,34.8184049,35.39103904,35.40928005,36.35331603,36.76622535,36.99374541]","[0,2,3,0,4,2,3,4,2,4,6,7,5,6,7,4,5,5,4,5,2,4,6,5,5,6,6,3,4,6,1,4,5,7,6,4,5,0,5,4,6,5,5,4,4,6,6,7,4,5,6,5,5,4,3,6,2,7,5,6,4,5,4,5]"
"[2.67221261,4.36978231,7.31421702,7.74152534,12.43887507,13.44409425,14.30673195,15.24514587,15.71754286,17.63145687,18.55685419,20.98549788,21.02518134,21.5123322,22.43849565,23.1510504,23.19024154,25.57900553,26.17505148,26.39660242,27.59519649,27.74903795,27.76203113,27.80498164,27.81960697,27.82550364,28.45202942,29.86102396,29.9645955,30.98240575,31.04074287,32.79895699,34.38384177,41.97304946,44.38393619,47.08380554,47.44550157,48.72399111,49.68332962,50.19605917,60.80947937,60.83586196,64.18815874,65.9217095,66.29195334,66.54495395,66.69711232,66.71288417,68.74181888,74.98258472,77.57650544,78.32842432,78.81498871,78.95196195,79.0485193,80.11557232,80.28497325,81.05602706,81.54039779,82.18940465,82.64331755,82.78635609,83.17845422,84.33961302]","[0,4,5,4,6,4,7,6,6,5,4,4,2,3,3,5,1,6,5,6,4,6,6,5,5,4,5,5,7,6,4,1,1,3,0,0,0,3,7,4,6,1,5,4,5,6,6,6,7,7,5,5,6,4,6,7,7,2,2,7,3,3,2,7]"
"[1.79589958,2.92065304,6.81204449,8.85380706,10.83714794,15.58712249,16.39526345,16.68823722,17.51113092,18.56282388,20.18278735,20.58959363,20.6871571,21.47917219,22.28781123,22.33823552,22.47619439,23.01626752,23.27173139,24.08011142,24.76017383,25.43824322,25.56548011,26.03006751,28.48277563,29.26019373,32.14633322,34.65768896,36.69162744,38.41318976,39.41999167,39.54153834,39.86122317,40.18038002,40.59971977,41.53505278,41.77905832,42.09695974,42.72759407,43.14460162,43.35063668,47.05813159,47.11246076,47.62836639,56.92196628,56.92296728,57.42961598,57.74341224,57.75223229,59.49986644,60.7635201,60.93839503,61.22436602,62.10658903,62.12841812,62.37068148,63.00794377,63.47355246,66.22506392,66.2394887,67.44256243,67.73723794,72.35431175,72.46180919]","[0,7,6,1,1,5,6,1,4,5,7,6,4,0,5,2,4,4,5,4,0,5,6,5,6,6,6,7,6,5,4,6,5,6,6,0,5,6,6,2,6,5,6,4,0,0,5,4,6,4,3,6,5,5,0,4,6,7,4,7,6,6,3,0]"
"[4.39849291,4.75687662,5.9892777,9.23496116,10.39938537,10.89824413,10.95987043,12.39241234,14.44348714,16.18527053,18.05587027,18.5504704,19.00142704,19.90872304,22.53414724,22.83511199,23.57538954,25.770821,31.51610786,33.13488594,33.86872362,34.27216855,40.28247984,40.64451348,40.70913026,41.4744163,46.47027609,47.63095577,49.42062153,50.03733623,50.82375365,62.08698582,70.20580393,70.82197218,72.16189372,73.95938585,75.31868141,77.31149337,81.33657499,82.45242099,84.29534444,84.41339329,89.04448709,89.45824998,90.31614236,90.83854718,91.33822691,91.68861379,91.7402238,100.9097656,101.37096428,101.78767411,104.02511666,106.89264231,116.09346878,116.40516289,123.22769305,123.75054695,124.18666454,126.13522676,130.33819714,130.67849821,130.99233563,131.26235096]","[5,4,4,0,5,1,4,6,5,5,7,1,2,4,4,4,5,6,0,7,0,0,3,3,7,7,0,3,6,3,3,6,5,6,7,2,7,6,4,6,5,6,6,5,4,7,6,7,7,7,5,7,1,0,5,6,7,7,0,5,2,6,7,7]"
"[0.7127714,3.75025239,5.96354914,6.41351694,7.44422526,8.76697012,10.18222575,12.45083491,13.82977595,21.499361,21.75416778,22.22022462,22.34107903,22.97583126,23.30758474,23.78117839,24.97275253,25.68660811,26.87944779,29.08349811,31.52539925,33.06587504,34.42142667,34.74720265,37.90210514,43.26211724,53.74866298,56.42858849,62.16917851,62.3635103,71.08428133,76.94911858,78.09765495,80.23183149,80.36942859,80.9961595,83.14148112,84.42965765,85.14222899,89.42510567,94.56923075,96.95484943,97.55016042,98.44638206,98.63007509,99.79961908,103.13986462,106.03461599,112.16494729,113.03900749,113.76968524,114.23014992,114.46855453,116.10083621,116.13612272,116.4376736,116.48366391,116.53214319,116.59869484,116.84593204,116.85828114,117.09477258,117.12469836,117.81563744]","[4,7,7,0,1,6,7,3,2,3,4,7,2,5,5,5,4,5,2,5,0,4,0,5,3,6,0,1,5,4,7,7,3,1,2,2,0,0,6,6,6,7,7,3,0,3,5,2,4,5,5,7,5,4,7,5,4,4,5,6,5,5,6,4]"
"[5.5101801,6.62246326,8.5735404,15.08043341,15.97019836,20.85301026,30.05566034,33.12013274,34.08753061,35.31785557,40.43329955,42.07287813,42.40979418,43.39188354,46.0217446,46.34488304,46.72164895,48.20216145,50.94964304,51.53157261,55.38590287,57.25154785,60.20011573,60.93257089,61.25289739,65.27796804,68.27869411,68.4005571,69.86741674,77.53803294,81.31488852,82.59727127,93.97162985,98.13565515,98.90572818,101.22405288,101.62883397,102.49550381,107.51639694,107.53788524,108.1961128,108.72620221,109.50362457,109.63312842,110.45765448,110.7403861,111.40306021,112.12409093,112.59399222,113.1445272,113.41102522,113.99611974,115.18701983,116.51783023,119.61021741,120.39045043,122.84842861,124.63835749,124.95452174,130.42532218,131.4345714,132.82659604,141.20292584,141.61501031]","[1,1,3,6,2,7,6,1,5,0,7,4,5,4,4,5,6,7,0,3,1,5,5,6,7,4,7,0,5,2,1,1,2,0,5,6,7,7,4,5,5,4,1,4,2,6,7,5,4,5,5,6,6,4,5,4,1,1,1,2,6,2,5,2]"
"[0.60266869,2.90758156,3.27089151,3.41403126,4.04404287,4.77886068,5.33126344,9.89102811,10.31974454,27.15660991,27.33288567,29.70282109,30.17502964,30.1786532,31.51152837,31.76333179,31.82859778,32.29079328,33.20854808,33.46626488,34.45330686,34.82614976,35.08997464,35.5098803,36.55648136,37.26974973,37.28809544,38.04090267,38.75662381,39.17718991,39.52268633,40.12948982,40.15562505,40.71014305,41.0335819,41.31155378,42.27226505,44.22597269,44.44763599,47.14826958,47.51922281,47.78752157,49.12903999,49.28389883,49.67971436,51.664065,51.93885903,52.26218141,52.39200476,52.56414999,52.56831481,52.72946749,53.44638339,53.95820056,54.09620662,54.39239481,54.56188961,54.62355757,55.97151699,56.80703093,60.88671169,61.65816423,61.90660078,67.89630345]","[4,1,0,5,4,1,2,4,3,4,3,0,2,0,5,4,4,5,0,4,5,6,0,6,7,6,7,5,4,5,6,4,5,5,1,6,0,4,7,5,6,4,6,4,6,7,5,5,6,6,7,5,6,4,5,7,5,6,5,2,7,4,5,7]"
"[2.63259812,4.98237055,5.9521412,8.0691084,10.99518302,12.33444323,12.64234743,12.75295051,12.91184845,13.4012838,17.12192781,17.70788394,18.57763809,20.19882576,22.34453344,25.61029678,29.33022372,30.12286919,30.15656507,30.83226302,33.95289599,34.01193818,35.85713812,37.84068047,40.95983054,47.35139112,47.51493906,47.72596286,49.82310909,50.12275619,54.51249303,55.11969415,55.70167348,56.95036439,57.79459859,58.58744824,58.72050625,58.72882299,58.7884478,60.44578338,61.56992191,61.6503047,62.59715098,62.66850694,63.47145331,64.18203419,65.11100407,67.08822733,71.88529736,80.1381129,80.75512584,81.3186673,83.26603244,84.7456231,90.36790212,90.39469941,93.30098329,95.68119019,95.79301368,96.83818461,97.28852713,97.6452448,97.71528346,98.73864818]","[0,3,1,5,4,2,5,6,7,2,3,0,2,7,1,1,7,1,2,2,1,1,4,4,0,5,4,4,5,5,4,1,5,4,5,4,5,5,6,5,4,5,5,4,5,6,7,5,1,4,2,2,5,5,0,1,2,4,5,2,5,6,6,4]"
"[0.18973988,4.8791968,5.2082228,5.77230962,6.68133049,6.69950024,15.28399955,22.00859555,22.92749992,23.53773109,23.89734082,24.11736989,24.44841784,24.47588269,24.640304,24.79312671,24.93404425,25.37784064,25.64183512,25.929894,25.96550765,26.03863322,26.25868476,27.09059319,27.72456726,27.92343296,27.9425887,27.95460428,28.95308374,28.95704352,29.0529573,29.07431048,29.15097811,29.23175949,29.76318211,29.85484524,30.28038068,30.31761331,30.39891172,30.43159199,30.5072839,30.64239599,30.64703144,30.66543471,30.79744537,30.86972605,30.92913905,31.08141698,31.13912384,31.1545636,31.23482128,31.26579708,31.41519611,31.45451337,31.63252044,31.77993481,31.81205677,32.03106995,32.30438428,32.45053097,32.88200192,33.0515495,34.02847263,34.09979234]","[0,5,6,6,2,1,2,5,6,0,4,4,5,4,5,4,6,5,7,4,5,6,4,4,5,1,5,6,5,2,4,0,5,4,6,5,6,5,5,5,6,4,5,4,5,6,6,6,5,6,4,4,7,5,4,4,6,6,6,6,1,6,6,5]"
"[0.42053341,2.45620934,3.0727454,7.34518709,9.99545616,11.97021696,13.59279634,23.21507294,26.28370535,26.64402452,27.31887766,27.34673652,27.51233267,29.19046318,30.00581516,30.05097192,30.13155729,31.10331741,31.82472196,33.58794393,33.62907612,33.69479939,34.15721236,35.01321149,35.01372827,36.1768139,37.06671079,37.09583801,37.11122704,37.2963993,37.95354382,38.95966575,39.02391184,39.64844752,39.77620416,40.19169362,40.56291857,40.97763044,41.80183763,43.23292108,44.50430165,45.99751846,46.07778773,47.05387709,47.31440078,47.58475648,52.70517119,52.99069933,53.33902262,53.39120541,54.91515077,55.39978676,56.27753209,56.85100421,57.46790398,57.68917321,57.90971261,58.11690549,58.21150341,58.40212328,59.32688958,60.1533516,60.53997511,60.99925859]","[0,5,4,6,2,5,1,2,7,5,1,4,5,4,1,4,7,4,5,5,6,6,4,5,0,4,4,6,5,5,4,6,5,5,6,4,6,4,7,1,7,2,4,5,4,3,5,4,7,4,4,5,4,5,3,4,6,3,4,6,7,5,4,7]"
"[7.08902533,14.58746097,15.6688803,16.36306146,19.11171634,21.12773214,24.75464612,25.66948281,27.11917233,27.48244958,29.47296962,32.66011538,33.16862914,38.37609069,41.25375502,42.628341,42.97196973,44.31276965,44.4619832,44.49904178,46.96263647,50.51462569,57.51634654,60.75976416,61.87838888,76.71595926,78.44142607,79.41203962,79.80680557,79.87455682,81.11153813,81.43609746,82.14537883,83.36842591,83.83218849,84.25514499,87.52758969,89.38086747,90.61951954,91.41397135,92.23303925,94.49252175,94.63045419,94.96198812,96.45338076,96.51156438,97.90551568,99.06341319,99.07083732,99.39064142,99.6233549,99.87385185,105.37307182,110.51178119,111.19069561,112.41835435,118.34765361,124.24100647,124.40478299,124.4173242,124.47259952,124.59097054,125.0424479,125.29430205]","[1,5,6,7,2,2,5,7,3,4,2,5,6,3,6,7,7,7,6,7,7,0,2,4,5,5,1,4,5,7,5,6,2,1,2,2,7,5,0,5,3,4,5,4,6,7,7,5,4,0,7,3,7,4,5,6,2,0,5,6,6,6,5,6]"
"[2.8447868,4.19170265,8.00365333,8.08344747,9.61794955,9.67940618,12.30018087,12.88676399,12.98747934,15.19013642,23.03101456,23.281427,25.47370376,25.93681508,26.39778825,27.1819569,30.13700458,32.22401678,33.53919586,35.60315603,39.0600413,40.16918826,41.17119086,41.81903091,45.99399344,46.18690554,46.42141547,47.34572809,49.01229609,51.16241693,52.02489368,55.43204085,64.30492551,67.00117085,67.17184556,72.99139824,73.90166,74.48922365,78.10832924,81.5010132,82.1047672,82.85277086,83.70993681,88.41580523,90.54714158,90.99005792,99.63820177,106.41824848,108.82631715,109.89838974,115.16551949,118.03945818,118.27770177,118.43786786,118.85249608,118.86202899,122.7758687,123.13268112,123.34137024,124.50803046,127.09040302,128.06154161,128.23236244,130.68252026]","[4,5,6,6,2,5,6,2,6,3,3,5,4,5,5,6,7,1,3,2,5,6,7,5,5,6,0,4,7,1,2,7,5,4,3,6,6,6,5,5,1,6,1,2,3,0,2,3,3,1,4,5,0,5,4,6,3,0,6,5,2,1,4,5]"
"[2.12633442,2.68135717,5.5149994,5.71855367,7.65352547,11.33723825,13.41478608,21.01980314,22.93956763,23.1814649,27.24537191,32.71658067,35.24473913,35.48971812,36.65588686,36.77171452,48.93591299,49.188711,51.47077859,52.35032925,52.80150246,53.43147237,53.6960966,56.41025567,56.65766097,57.55119347,57.72153985,67.17310306,67.42599133,69.01621958,69.70632189,69.8063086,70.05510227,70.42922238,70.53601345,70.87729381,71.57928674,71.79071772,72.00131816,72.05662254,75.62533818,76.48555706,76.51465511,77.56711806,78.91052679,84.12222289,85.71390328,86.44398892,88.36366691,88.41738552,89.31053072,89.48729498,89.72063348,89.7210209,89.77749718,90.44223051,91.67955171,91.87517946,91.94707173,92.78357311,94.84645514,99.4501138,103.0627136,104.4976542]","[3,1,4,3,6,7,2,5,2,6,4,1,2,0,5,1,7,5,5,4,4,5,6,5,4,6,7,1,6,7,4,5,7,4,7,6,4,5,7,6,5,6,6,6,6,0,4,5,5,5,6,4,5,6,6,7,7,5,4,7,2,1,1,5]"
"[4.44083997,4.61268722,6.14264826,8.28567512,8.38578505,9.27509243,10.82999053,11.28602514,11.62874155,11.75379987,12.39002257,12.47402845,13.85817078,13.92617296,14.33044029,15.64227448,16.11054464,17.30670379,18.69531985,18.81371433,19.41545896,22.25751467,22.41596257,23.58996084,23.6129184,25.29669209,26.63268694,26.97325568,27.19160675,29.86525621,32.07042497,33.7188841,36.91070848,39.89691857,40.50185688,41.94801672,41.96262241,42.31108702,43.73564082,43.79746064,43.81712865,43.96672865,44.0369777,44.07973065,44.45184762,44.91039787,45.42307775,45.82402009,45.87318751,45.93648755,46.01471486,47.81113934,47.8921609,48.04799701,48.31928398,49.58382635,49.72847277,50.72219765,58.31489115,58.44704378,64.94391555,68.15126992,70.2941535,71.2377017]","[5,4,6,0,4,5,1,2,4,5,6,6,6,6,2,1,7,6,7,3,7,5,6,7,6,7,2,1,4,3,3,5,2,4,5,4,5,5,6,5,6,4,6,0,6,0,7,4,5,4,5,6,7,2,6,4,5,4,2,1,1,5,4,6]"
"[3.33811055,3.59403632,4.02889855,4.02971781,5.06681889,5.51984592,6.13567335,6.56316301,6.56563054,7.04275458,8.99567665,11.19415724,14.66767032,16.8686529,17.57761044,19.20953004,19.36894866,20.31925232,23.12123541,24.80794527,29.71877588,30.37719673,33.37879066,36.8354766,37.15719122,39.32743878,44.73639875,45.18670748,56.23289949,61.66068285,63.15077847,65.10582713,66.01906501,70.1336518,70.50189271,75.9730814,76.44177029,76.60250075,76.6062553,81.12174521,82.1548383,85.06748139,85.1324622,85.13707799,85.27350743,85.85802417,87.30176055,87.52294619,87.69110174,88.16966768,88.39730248,88.43296449,88.46298191,88.62712413,88.64444722,88.64770413,89.30612664,89.50746052,89.53917791,89.5746785,89.6662653,90.04118907,90.29281349,91.32661109]","[5,6,4,6,7,5,3,6,6,5,7,6,7,5,0,6,5,1,3,6,7,7,3,0,2,2,7,2,3,2,0,2,3,2,2,2,3,5,4,3,5,5,4,6,0,4,6,7,6,6,5,7,7,5,4,6,4,5,6,6,4,7,6,7]"
"[1.22682559,11.16685849,14.24631825,15.96392818,17.09116803,25.15723176,25.53693882,26.35673178,28.15078598,29.30556481,29.92711944,29.94703175,30.06155992,30.45644402,30.53730417,30.58746668,35.62064702,35.83750913,38.88097727,38.96746704,40.59148895,41.81398682,42.63743154,43.57029677,55.63792002,60.766339,60.76817641,61.03460377,64.2433912,73.35229329,73.68346156,73.83017146,81.79030201,85.72215836,88.28668184,91.93692194,97.65584548,98.54373209,99.60530381,101.03136783,101.48817955,102.78004743,104.71872062,105.04740379,114.93287568,117.72903004,120.20322583,120.24478273,120.75492882,120.78471164,123.75376752,131.70873038,133.91126763,136.39464183,137.02294845,138.08697251,139.4286102,144.51746951,145.91933519,151.69594779,154.41092984,157.37049406,157.8242527,157.97386886]","[1,4,5,4,3,5,4,3,5,4,2,5,6,7,6,7,6,0,6,2,6,5,4,5,0,7,7,1,0,6,7,7,7,4,4,6,4,5,0,6,0,4,7,1,1,5,6,6,7,6,7,6,2,7,5,4,4,0,7,3,3,5,6,7]"
"[1.88467732,2.38083586,2.83172034,3.21019,4.86266164,4.96302545,4.97205311,6.59425573,7.983377,9.58932072,10.94509168,11.00292372,11.43399967,12.19806961,17.11674864,17.56266532,19.16619838,20.24111807,21.42769258,32.72491643,33.83622794,36.94667889,37.11949336,37.94999249,39.50473673,42.28361032,43.78919293,44.47294584,46.40565529,47.99270843,48.50198642,49.85333557,51.57326047,52.09164926,52.20128488,54.7958965,58.29084198,60.12120124,61.7930702,62.08629615,62.97502628,63.80560903,66.96377302,69.14877923,70.13070279,75.30167675,75.65898195,77.46015319,78.12837889,83.33988939,86.1515049,86.87937401,89.54682184,90.07535993,90.21062888,91.85795202,92.4024262,92.85670589,96.22038731,112.1087734,113.22363279,113.3376758,114.3429545,115.24218802]","[1,4,2,6,5,7,1,7,4,5,5,6,1,2,2,7,1,1,5,1,2,0,6,1,3,1,5,0,4,6,2,7,6,6,7,5,2,0,5,4,7,2,7,2,2,7,5,2,7,2,2,6,2,5,0,2,0,5,1,7,7,5,1,4]"
"[1.07079568,2.29892394,2.97362047,3.36802612,3.77577023,4.78670435,5.54275202,6.11777278,11.79893711,13.74282434,13.81852688,16.60865193,16.89651551,18.00137151,19.79291396,22.94359591,23.2323167,25.94085861,26.0824848,32.68668676,35.47231245,49.09524137,54.68946072,55.07298057,55.29106687,55.95642493,57.96619089,60.98171871,61.53585643,61.6238817,61.68561422,62.7062415,69.87070982,72.95294819,74.61643625,74.65216351,74.69401929,75.43253675,79.17220564,81.78273428,82.32184011,82.33464394,83.19059288,83.36157568,83.42666883,83.87155167,84.11246064,84.77341565,85.03279221,85.11833467,85.6946174,86.05693171,86.75726542,87.11525216,87.49630158,87.55087642,87.61852624,87.6669177,87.67766868,87.77817788,88.02378613,89.83607795,91.05070261,91.15779337]","[0,5,4,6,6,7,7,6,7,5,4,6,4,2,3,5,1,0,2,7,4,1,7,5,6,4,2,0,5,4,6,6,1,5,4,5,4,5,6,4,5,5,4,1,4,4,4,5,6,5,4,4,4,5,4,4,5,5,5,4,5,5,1,5]"
"[0.05102799,5.70251149,5.9667425,6.92678936,7.29097745,8.12215932,8.4896728,8.53302487,9.04873755,10.82585465,13.32775851,19.47908466,20.43726035,24.42701789,27.37080596,27.82579561,32.92097108,36.27038232,37.9937518,39.07334152,41.08525664,45.0841196,46.91372038,48.91550919,49.99759349,51.38449061,53.37445197,54.21822641,55.45172165,55.61261921,57.81501577,58.09373618,58.72546672,58.76641689,59.61999062,67.50040083,70.20853153,70.78463685,71.09491576,71.61906065,72.56515391,72.77839168,73.79644972,78.70754919,79.13556641,79.28276856,81.43171741,82.01629636,92.80194868,93.1898632,93.29080276,94.04551894,98.83525932,99.18165441,109.8386274,111.80524023,111.96551452,111.96592689,112.29492799,112.51420392,113.04365054,113.44941334,115.163636,115.41635887]","[3,5,1,5,6,6,6,7,4,2,3,1,1,1,6,7,6,2,5,4,7,2,4,5,4,5,5,6,4,2,4,5,5,6,4,1,5,1,4,2,5,4,6,7,4,5,6,1,0,0,2,2,7,7,0,5,4,5,5,4,4,4,6,5]"
"[0.63696753,17.31373299,17.50243695,24.45695716,32.61142357,34.00124069,38.95590835,45.00635831,47.67112061,48.73956089,61.05058312,61.86175732,63.01013884,64.5872625,65.28888289,65.33414291,65.95075562,65.97590705,66.00749057,66.03456977,66.76768724,68.56489862,69.05000041,69.4210764,69.6336079,74.50535162,78.05825855,78.18954026,85.02069464,88.81254318,90.3556896,93.20071714,93.24857337,93.42659987,94.42813439,97.93659421,100.19897403,105.04372096,121.49050407,122.98583932,123.44459067,123.63633118,124.68997714,124.76304759,125.25375995,125.42689929,125.78787173,126.23051749,126.33973362,126.47214813,127.020325,127.07267537,128.12896153,128.30962993,130.24625225,130.39713938,131.96188644,135.83546158,138.91950966,141.70398737,143.3844908,147.63929904,148.09830928,148.5822608]","[5,7,1,1,5,6,5,3,1,2,2,4,2,5,4,5,0,5,5,6,4,0,2,5,7,1,6,7,0,0,6,4,5,1,4,7,6,2,6,4,7,7,4,2,0,5,6,4,6,5,5,6,2,5,2,0,2,2,3,5,2,2,0,1]"
"[0.44107438,2.39356618,18.24289128,33.52697199,34.634433,36.690239,43.00476683,46.56832545,49.10731399,49.17015449,49.42298294,49.79664891,49.96578375,51.41462951,51.581796,51.74337163,51.74901224,52.26335162,55.81494739,57.03173904,61.61786373,62.73111224,63.85666095,69.20258133,69.65246992,80.28738359,80.51481992,81.29323093,81.6113897,82.06697952,82.30238845,82.4718675,83.16063772,83.17505858,83.84798715,83.88067065,83.91085063,84.12315735,84.12981839,84.16090207,84.34979956,84.54674928,84.55116947,85.25376356,85.81910226,86.18847514,86.20619209,87.24836633,87.8235888,88.16198688,88.36269838,88.6316788,88.89880006,89.07345362,89.09977347,89.22226085,89.34254754,89.34822812,89.37525536,89.60157392,89.66683863,90.0023263,91.72971369,91.8000913]","[2,0,2,0,1,5,6,4,5,4,5,6,5,6,6,6,4,7,6,2,1,7,0,0,2,5,7,4,5,4,5,5,4,4,5,6,3,4,5,5,5,5,6,1,6,6,4,6,4,5,6,2,5,4,5,6,6,6,5,4,5,4,5,4]"
"[18.32178005,24.98227031,25.43475155,25.48089673,25.90487271,34.70633531,37.41507212,45.40360204,46.10194306,50.08842935,50.21454289,51.18325382,52.72616131,52.73370541,53.6511568,56.19614051,58.16918021,61.33541177,63.48850792,66.04258031,66.42350386,67.41976188,68.51462932,68.62176437,70.30751085,70.61839704,72.23382803,72.54377206,72.97404642,77.12493372,78.15244149,80.76944624,83.14564399,84.30632509,87.33765331,95.42548691,105.55409491,107.97232556,112.22146859,113.93539594,114.55140222,114.92020268,114.96619197,115.12169057,115.49235925,117.09213143,120.62791584,122.01723807,122.24126762,123.95395852,124.67601072,124.74049472,126.15767461,127.35715845,129.24924571,131.16687907,139.15002194,140.13351886,144.22952148,145.40818027,147.13876974,154.69950676,155.24115784,171.3959626]","[7,7,1,7,1,7,0,4,3,4,5,6,4,6,4,2,0,1,7,5,1,4,4,5,7,4,5,6,4,3,5,4,5,3,1,1,3,2,7,7,5,5,6,6,6,6,5,1,4,1,2,5,0,1,5,2,2,7,1,1,0,0,7,5]"
"[1.87715807,1.96976499,3.66068681,3.8157169,4.02531171,4.21079362,5.09445697,6.36329913,7.21908893,7.413407,8.05696957,9.07084122,9.7256628,10.22025158,13.26444647,13.94591313,14.85396957,15.04120521,15.12626009,15.17139544,15.30410573,15.41114661,15.85131171,16.03775795,16.1432288,16.27632083,16.38779857,16.48799307,16.71646218,16.93187931,17.40956376,17.68149451,17.71131784,17.72185717,17.73395214,18.04125346,19.4774876,19.81734524,20.86518377,21.26764185,21.72721044,21.90812859,22.87893751,23.22561793,23.23102454,23.2996275,24.22345327,24.28930637,24.3453148,24.35317427,24.38587815,25.18569031,25.26206952,25.31774322,25.34544568,25.52058119,25.61563857,25.77199779,25.86033106,25.89969214,25.94765114,26.05157195,26.07909078,26.30548856]","[4,5,5,4,6,1,2,5,4,5,4,2,4,7,4,5,7,7,4,6,5,6,6,5,7,6,4,5,6,5,4,2,4,0,4,4,5,4,5,4,6,4,6,7,4,5,5,7,5,5,6,5,6,6,6,2,4,5,4,4,5,7,5,6]"
"[2.42442455,5.98537031,9.95255909,11.23929552,13.00549397,13.4487777,15.07889477,17.27284296,18.27605315,20.6995716,20.94515595,21.01794665,27.32569354,28.4192321,30.40934406,30.48950403,30.96057771,31.38058893,32.06972438,32.07419185,32.63628538,32.91377007,33.15567712,33.90145853,33.97106122,34.85346645,35.51983185,35.6044746,35.77556802,35.85901076,37.32993344,37.78034548,37.87189972,37.90507915,38.49706852,38.95551257,39.22536168,39.47035754,39.47659202,39.51549884,39.97577619,40.50241991,40.59267002,40.93804326,41.28245486,41.42776437,41.58749032,41.6693636,41.7843821,41.82416939,42.33459352,42.45758012,42.59658099,43.80586437,44.04313825,44.2266433,44.23203445,44.34957612,45.37135933,45.39446762,45.60007693,46.200439,46.55415315,47.18320898]","[1,3,0,2,4,5,2,6,6,7,3,2,4,1,5,6,5,7,4,6,2,4,6,4,5,4,5,7,5,0,4,6,6,4,3,5,4,5,7,4,7,5,6,4,3,5,6,4,6,4,4,6,5,6,4,6,7,5,4,6,5,4,6,5]"
"[3.42668374,3.60197965,7.27687557,8.04514735,8.27497569,8.44691272,10.39761154,10.91642782,11.13057124,13.32308711,13.62150047,13.85295701,14.14213591,15.47783753,15.53162903,17.05753098,17.1383097,17.15280636,18.10704368,20.53610149,23.0374641,23.0492742,36.64502507,37.20084113,38.21492768,41.06984746,44.37502636,46.20865244,47.04418384,48.40696015,49.47853726,49.51411251,49.97045412,50.46539447,51.42629056,51.48711804,53.6987508,54.57489008,60.50323244,61.34674164,61.59681686,61.8681558,64.6587972,65.68455756,66.5390968,66.64213187,67.39313457,67.73146983,67.82050411,67.88749307,68.89553493,69.82536965,69.88763402,69.89837907,70.70777401,71.03809118,72.04124302,73.22939921,75.63752792,85.50136546,85.62223989,86.05392431,86.19921688,92.08361551]","[5,7,4,6,0,7,0,2,3,2,2,4,1,2,1,5,6,6,2,6,7,6,2,1,1,4,2,1,4,5,5,5,4,2,6,5,6,1,6,0,0,2,5,4,6,4,4,3,5,7,4,5,5,1,1,5,2,1,1,5,6,7,6,7]"
"[3.27392067,3.86294144,14.28817545,16.64570822,19.38470369,20.6711699,21.20778191,22.00052256,24.01135801,29.16876119,35.27860941,36.21018166,37.36523001,37.39913702,38.26792641,38.97962246,39.14393629,39.51877003,40.22822807,40.26984096,40.63008872,40.97843818,42.11650608,42.45359158,43.64544067,43.86046643,43.99856303,46.47792544,50.18482988,58.50473365,58.86688519,60.62388091,66.8284048,73.4404716,74.22154469,74.29487857,74.42881614,74.53174529,74.8330327,75.52271223,77.53009986,82.4084612,84.21921968,84.98341806,85.02030987,86.8871886,88.55304081,88.99447361,89.1749548,89.47145267,89.63232419,89.78948699,91.43724198,94.02780939,96.37676395,96.40903136,96.42599779,96.46138857,100.93152475,102.18696482,107.32901008,120.21083861,124.43695084,126.08566404]","[6,3,0,4,2,5,1,2,2,1,7,0,5,4,5,1,4,5,5,7,6,4,6,4,5,6,4,6,0,5,6,2,5,5,6,2,6,6,4,7,1,0,6,6,2,7,6,1,5,1,4,4,5,2,5,6,6,6,2,7,3,2,5,4]"
"[0.20949952,4.99039562,12.24911925,12.44504981,14.24617972,16.10822286,16.7834257,18.0670184,21.90754987,22.35331447,23.74620446,27.57272745,32.29970442,32.60730664,36.67883039,36.77202769,37.6645381,41.26671789,43.20618519,51.22948854,51.79002899,52.5665465,60.66051998,60.78146533,61.44959325,67.88100416,71.14201939,71.8202069,74.06759443,76.74685444,77.48557022,78.84188366,78.94137544,79.32456452,80.32247563,81.06222073,84.83134637,89.44313215,102.65639702,104.21030237,105.3654972,105.56109431,106.10653498,106.25792925,109.71003013,111.16738888,111.17694927,111.40420235,111.54124857,112.95098195,115.8173535,117.48094132,119.33730052,119.36734843,120.39332905,120.41523605,120.62707845,120.96026057,121.70887294,122.22939992,123.80989715,124.72447758,126.94968991,127.12249127]","[6,1,7,3,5,5,6,7,3,4,5,3,2,0,2,5,0,7,5,6,2,3,5,2,1,4,5,0,4,5,5,7,4,1,0,4,1,3,3,5,4,5,4,5,5,4,1,6,5,4,5,6,4,7,5,5,7,5,4,5,3,3,0,1]"
"[6.32215017,11.32543855,12.22808428,15.40115718,16.22293993,17.70561431,18.03010383,20.81623916,21.34229939,32.18849847,33.82997203,34.26534192,34.58829185,35.56028636,36.68015895,40.14430183,48.1457919,49.31391058,53.73154591,54.97531438,55.73495957,56.17412901,57.52845148,59.16406872,59.82374307,60.20569006,64.42017866,64.62192107,65.92978941,67.64990055,69.08251136,71.31639457,72.02795584,80.72528785,81.08736214,84.90359477,86.22819235,87.87719371,97.14530406,101.78555302,105.2742268,106.56965321,106.8023002,110.05548586,111.00105291,112.77828442,116.29336015,121.84863155,122.85231956,125.13402751,125.36581866,126.58537837,126.63903918,126.7193656,135.89734647,137.90378499,138.38135279,138.46448515,140.97892195,141.17626056,146.39807904,151.18028941,151.96675147,152.28243417]","[7,2,2,1,0,2,4,0,2,7,7,2,3,1,0,2,2,1,4,5,7,3,1,6,5,6,5,6,5,4,6,5,6,2,7,4,3,7,6,1,5,0,3,1,1,6,5,1,5,3,3,0,2,7,2,4,5,6,7,7,5,6,7,7]"
"[4.20064242,4.80009539,4.87248747,5.04059587,25.57284665,27.09344983,30.60066229,31.38960627,32.28538804,32.45085115,32.63240218,32.90684108,34.36824753,34.82281651,35.36730731,38.25981964,39.56010573,39.60175918,39.907834,40.30152783,40.42106036,40.83671183,41.1076398,41.49877663,41.74980863,42.23161484,42.35225718,43.11374255,43.53056774,44.16929208,49.72413411,52.25633768,55.51549787,58.07689188,63.44074499,63.50633245,63.54561335,64.55712035,67.37367688,67.79235556,74.40503734,74.98009313,75.42958735,76.39318003,76.85185993,76.96610884,77.00430886,77.37887134,77.99726107,78.45222572,79.17193673,79.89724179,80.30778605,82.1565406,85.50671023,86.5502425,86.98153683,91.95168411,94.67954778,94.69992851,94.9247072,95.51215488,96.22826201,97.36785134]","[0,6,7,7,6,7,1,7,4,5,6,3,6,5,4,5,4,5,7,6,7,4,4,5,2,0,6,6,4,1,0,3,0,6,5,4,4,5,2,4,5,4,5,4,5,6,4,4,6,5,4,5,5,5,4,7,1,3,5,6,4,5,4,4]"
"[1.72071263,4.02824715,6.36532004,8.04467484,13.14516879,18.52543024,20.11056172,20.56084973,29.62839718,29.68801283,29.8202772,30.19558473,31.41096766,31.51795922,31.57293613,31.88832692,32.058054,32.15742558,32.26022023,32.49542266,32.52520039,32.59945263,33.61341092,33.90519368,33.96736895,34.51267416,34.76022651,34.77755974,35.03174605,35.96297899,36.05141642,36.22540786,36.34509857,36.68832692,38.53023296,38.94199078,39.65052783,40.61429549,41.95464946,42.80333222,45.86539818,48.50939242,48.9133477,50.43415676,52.16021801,56.84312746,64.81521303,67.34725516,69.74984497,83.88298338,84.30046576,84.82339192,85.14509507,86.92474221,99.44365406,101.50405062,104.76584018,105.38510694,113.99063969,114.6660318,118.21273009,118.61819094,120.33974719,122.30898672]","[1,0,0,4,5,1,3,7,4,5,6,7,5,1,5,1,4,6,3,4,5,6,3,2,4,5,5,0,5,5,6,6,5,4,7,1,0,6,6,7,7,6,2,6,4,7,0,5,6,1,1,3,5,5,7,7,7,1,1,2,2,2,0,7]"
"[2.47178436,5.92252694,8.11609954,8.73656605,10.6938451,11.41954508,13.16845178,18.84029187,18.8725027,19.47298094,25.5456623,25.99010771,27.16290264,27.55116564,29.02080421,29.0245947,31.34741051,32.43201741,32.74732922,33.25279264,34.2357875,34.81514495,34.85916475,35.07985164,36.91798495,37.04472659,38.3457684,38.42563689,38.69015756,38.9816934,41.53444641,42.14197255,43.03220089,44.66706379,44.76852661,45.39695572,46.29642577,46.67118106,47.14679092,47.18823527,47.40349293,47.78711825,47.94328406,48.48495098,48.54127069,49.48845569,50.06869785,51.75958973,51.83524497,52.26209435,55.59409837,56.43277783,62.6839575,65.59258788,65.94877606,66.19314355,66.49360914,66.58538189,68.45892882,69.93493986,70.39438168,70.80413015,71.03457382,71.14836001]","[1,2,7,0,1,7,0,4,7,7,7,0,5,0,3,7,6,4,5,4,4,0,6,5,5,6,4,4,5,6,3,5,4,5,6,7,4,5,6,4,4,4,1,6,5,7,7,4,5,1,7,1,2,1,7,5,6,2,4,5,4,5,5,6]"
"[1.22061483,4.67529737,9.51471088,10.45642383,13.50299376,18.58082619,18.7130518,20.05385392,21.09214266,27.12177417,28.93597134,45.9627231,49.80073422,52.15305724,52.8202677,55.88295121,70.80414042,77.48014273,78.46114439,80.44243934,80.62319452,80.72665726,80.95550157,81.10361414,81.30242878,81.35331222,81.44685794,81.55554147,81.76554313,82.08183798,82.09333274,82.20997963,82.54900994,82.69285947,82.9119389,83.0747107,83.27955619,83.45915561,83.64004497,83.69006057,83.85066563,85.16396898,85.2452974,85.44435395,85.46971675,85.85814855,86.52769487,87.05200795,87.23303326,87.23827463,87.3109642,87.39296764,89.12504876,89.38938121,89.60156105,89.6352528,90.11014041,90.1531109,90.98380365,91.75445434,92.17750205,92.28632234,93.64517313,94.05324692]","[3,7,4,6,4,5,3,6,7,1,7,5,7,1,4,6,7,6,7,4,5,3,6,5,5,4,6,6,6,5,6,7,4,2,7,7,6,5,7,4,7,6,7,2,7,4,5,5,2,4,7,4,0,5,6,4,5,6,6,6,5,6,5,4]"
"[1.56390077,2.0986747,9.99957922,10.56058148,11.78205047,12.13478502,18.4926506,19.61487511,20.65380654,23.24714641,23.7773401,24.7306336,24.86480716,24.87558975,26.09937137,30.72839205,32.0321187,32.08694856,42.57425381,45.28168133,48.92797776,71.21166951,71.69783916,71.95818169,74.51399675,76.17422355,76.76583467,77.18356746,84.1142698,84.35765548,84.97138618,85.39095323,86.18442711,86.79756267,87.54033547,90.77303827,92.69178015,96.29231987,97.22746125,98.97098401,99.40630629,100.75627737,100.84342887,100.91538839,106.00141826,107.08559491,107.15924639,107.25040917,108.45238772,109.48874009,109.76774711,113.90886483,117.83807651,118.71438554,119.38773149,120.13828978,120.64760183,121.08558473,122.47046022,124.39805219,125.45327561,129.84870691,130.59532836,132.54076698]","[1,3,7,0,3,4,3,7,4,0,4,5,6,7,1,3,6,0,3,7,2,5,7,6,6,1,1,7,6,3,2,3,4,5,6,5,7,1,5,4,4,0,6,5,0,6,3,4,7,6,0,3,2,0,5,5,6,2,4,6,1,7,7,7]"
"[0.85974165,1.2932067,1.66834931,3.79376744,3.8074087,4.79728007,5.18160945,6.82295124,7.77290562,8.58553887,8.79981344,11.34208914,13.3627499,13.54709968,13.60068169,13.97953566,14.80702777,14.83581046,15.23106873,15.24940355,15.37190966,15.3750465,15.57354667,16.84133441,18.55104038,19.2663302,20.16021724,20.37530322,22.18592491,23.17187477,23.78698814,24.43190813,25.59472784,26.2655029,27.69037302,30.45313617,34.41387584,41.74338971,42.21348635,42.59130909,44.17314733,45.41454745,45.91184637,46.51498263,46.5184071,46.90616642,47.07130495,49.31813655,49.59487778,49.81176252,52.02226271,54.39196729,56.66672987,57.11380601,57.68172132,59.59628186,62.04341724,66.30322847,80.05183493,80.24918011,81.65265698,82.25126537,82.35728703,82.46275416]","[0,5,6,4,4,5,6,7,0,5,4,0,6,6,1,6,4,5,5,4,5,4,6,4,7,5,4,5,6,5,6,0,4,7,3,4,1,5,4,6,7,6,7,6,6,7,7,7,1,4,4,6,2,3,2,7,5,3,4,5,2,5,2,5]"
"[1.31418522,5.65378309,9.14035585,10.08896627,11.17410581,12.25713749,12.36057904,13.51148559,15.64054942,15.92316088,16.02586631,16.18038886,16.31444655,16.34686506,16.4496052,16.68421783,17.24524769,17.61357745,17.94145024,18.36607457,18.95858346,19.06838909,19.18716149,19.27678626,19.93793904,20.09090534,20.83884204,27.39593185,28.55645683,29.48759409,30.1051231,32.11763029,33.2783553,33.76855244,35.68929116,35.71462237,35.76760225,37.23281157,37.98182823,43.02021485,44.5931276,45.73779691,46.21115131,46.26527945,46.33994753,46.35033627,46.39635719,46.52590698,48.63249073,49.19786269,50.07729133,51.25705316,51.93324919,53.24969651,55.71682487,57.22730322,58.9361256,60.06520245,60.48312276,60.60301972,60.81985019,61.05264475,61.22187266,62.141629]","[2,2,0,5,4,5,6,0,5,4,5,4,0,4,6,4,6,5,6,5,6,5,6,6,6,5,6,1,2,5,2,4,3,0,3,7,5,5,6,4,5,4,5,5,6,6,0,1,4,5,5,1,5,4,4,6,5,5,6,4,6,5,6,4]"
"[3.59814573,4.87633481,8.06160573,16.80234226,16.92167644,19.28139297,20.82080858,25.07506546,28.14667503,30.32105366,31.57355844,33.34334688,34.03576883,36.11274919,41.39522716,41.91566116,43.66942896,45.12144208,55.71345133,59.04589943,59.98415184,64.85340656,66.52589198,67.02053569,67.36182554,68.16343351,68.44320379,69.46152277,70.32963827,70.81567205,74.25133896,75.88729944,76.91495912,92.95444058,93.02811374,93.63222445,94.32351419,94.76041981,95.29736518,96.15655236,96.76804027,99.38406766,99.57170805,101.57274011,112.53809369,112.67619633,112.8236387,113.46509001,120.59868807,121.43914202,121.56259424,122.1636875,122.53197276,123.24585051,123.39085883,123.4342821,124.37310411,124.52559084,125.21322068,125.64553154,125.7235754,125.80543538,126.12021741,126.32446851]","[2,1,0,3,2,3,7,5,6,5,6,6,7,1,0,4,5,6,7,2,7,3,6,5,6,2,6,3,7,0,7,0,2,3,3,3,2,7,3,5,4,7,5,4,7,2,3,1,6,4,5,0,6,4,5,4,0,6,5,6,4,4,5,5]"
"[6.59901698,7.00289538,7.14025194,7.18931428,8.68212726,9.09208406,9.83778315,15.23993568,21.31318443,21.87116795,22.36886267,25.17681445,26.74872091,27.23377615,27.26026876,32.07330559,32.38880641,32.82709174,36.88634431,46.76137633,56.92884706,57.67645305,58.60984239,58.81601249,60.75899674,61.92353374,62.04677895,62.38118529,63.10037545,63.5607971,64.01062695,64.05793905,64.15206965,67.94945144,68.57532137,68.82006011,68.94188554,69.43934645,69.71421378,69.96047969,70.77395248,71.24904246,72.04704621,72.48812868,72.68481065,72.70927798,74.60264633,74.98575925,75.32925842,75.54291087,75.64804509,76.78989302,76.98794725,82.27862592,83.95969443,90.80782008,93.22580692,94.9779342,97.39663901,98.03820902,98.11063228,98.35892363,99.51919413,101.45147312]","[4,5,4,6,3,0,2,5,6,0,5,6,7,6,0,5,4,6,1,7,0,1,1,5,0,4,2,0,5,5,3,4,6,4,5,4,6,5,5,5,6,6,4,5,6,4,5,5,5,2,4,4,6,7,1,2,6,5,3,4,4,5,4,0]"
"[2.13598382,3.6087732,10.91764263,13.72897028,18.85279536,22.06274459,22.28826656,27.07024408,30.18873213,30.56692009,31.53314811,35.8973804,43.5132295,46.52043967,49.10239481,50.59863299,51.47344191,53.10988584,54.06427503,54.16074904,54.23168106,54.44421449,54.54200507,54.7849759,55.69736396,56.41191457,58.10034112,58.88192825,59.08732518,60.41641257,64.25448897,67.43765767,69.20334206,78.33429307,81.63842213,82.11777538,83.0615298,86.33510236,87.76308845,89.30179035,89.89297789,90.18949573,90.88179495,92.75552616,94.06327147,96.42180193,103.57727746,103.96439423,104.27912428,104.50177049,104.76239837,104.78961454,105.05146187,105.07480571,105.08308696,105.58764273,105.70144984,106.14763355,106.19836786,107.17511726,108.62527774,108.92640614,109.36817567,109.64281805]","[7,0,6,2,7,6,2,0,7,5,4,0,5,2,2,7,7,7,4,5,5,5,6,6,4,5,4,0,1,3,3,2,1,2,4,1,2,5,5,4,0,1,6,5,7,7,5,2,4,4,4,5,6,5,6,5,6,2,4,5,3,5,6,6]"
"[6.08473842,6.63916749,13.2689372,15.32729647,15.61320434,16.52389969,16.56170434,18.39128715,19.15746315,20.43775782,20.74771278,21.8437128,22.54128132,22.91822928,23.50914345,23.77031554,27.77182332,27.89079366,31.59489476,36.638936,36.86877026,37.5274819,38.51736997,39.04595022,40.07748688,41.08132135,41.82168303,45.52151491,49.11119423,52.23736002,62.25733249,64.72708981,65.80479024,66.58268536,68.08456138,68.66138411,69.05763888,69.06054572,69.06351346,69.10981142,69.15237112,69.23424057,69.71419995,69.75192504,69.79938909,70.94016937,70.95338152,70.96778764,71.30118282,71.55483105,72.29649448,72.51177768,72.54210594,73.25816613,73.62851077,73.78570193,74.15147794,74.38879286,74.51441189,75.18475076,75.60461228,75.75159437,76.32681803,78.99036968]","[5,0,6,5,6,2,4,4,5,5,5,6,6,6,6,7,4,5,7,5,6,6,7,6,7,1,7,0,7,2,2,5,4,1,5,6,5,6,4,6,7,4,4,5,6,5,2,6,5,6,5,7,7,4,4,5,6,6,7,5,6,6,7,7]"
"[0.56031786,4.04373705,4.18459127,5.0661548,8.93263243,16.3252629,17.54266057,19.62771751,22.51628491,22.53109484,22.75103139,23.55494656,24.0063567,24.75156536,24.94830703,24.96662041,26.77326966,29.20307649,32.12449428,32.85090812,33.13895053,33.1664268,33.5104282,33.79333585,34.86172175,34.8921077,35.36389317,36.36359976,36.70982623,39.66732372,40.84585097,44.13321634,45.719879,49.57903052,52.46543867,53.69522608,55.72960179,55.90557516,58.70475116,59.1464347,62.17655782,62.47053387,64.0144999,68.32237047,71.12112085,73.02073527,79.0927312,83.88634332,86.02287684,86.44094542,86.96926935,90.9368861,92.90416407,94.03168672,99.14398357,99.4309599,99.66874702,99.73369356,101.07337489,102.32600886,103.93420525,105.12473467,105.48840885,109.30613939]","[0,4,5,4,5,7,0,2,2,4,5,1,4,5,4,5,5,5,2,5,6,0,6,4,5,6,5,4,4,6,7,7,7,1,7,6,7,0,7,4,4,5,0,0,4,2,6,6,3,7,2,0,1,7,0,4,4,4,0,5,5,5,7,6]"
"[0.64955012,2.92881278,4.86944465,9.60620789,10.1426611,10.58605665,20.44903377,23.46912552,27.31778739,28.65151622,30.1659844,33.83145316,34.01506996,39.69511524,43.27884804,48.36518601,49.77558048,51.99304924,54.6459097,54.98655356,55.30166088,55.45165771,56.02795523,59.35098335,59.58892651,59.59722387,60.79706183,60.92252688,60.95456519,61.01358329,61.27517757,62.77377466,63.15872475,67.82585649,68.01521375,69.5554866,70.63977119,70.67256673,71.01103135,71.48647935,71.7144127,76.89433992,77.62104452,78.96582544,80.10570239,80.82032517,81.50205609,82.15924503,83.28729528,83.49092209,83.49343721,83.90737644,84.1319742,84.40230773,84.48800078,84.50708535,84.91456412,85.85679781,85.93637296,86.58549754,86.70329744,87.04733127,87.31080832,87.60618104]","[1,0,2,4,5,6,5,1,0,0,2,1,0,7,1,7,5,5,5,6,6,7,2,6,4,1,5,4,4,5,4,5,4,6,6,4,5,4,5,1,0,5,4,4,4,5,5,5,2,6,4,5,5,2,7,4,0,5,4,6,5,6,7,6]"
"[0.45870571,2.75473066,2.84352148,5.23988735,9.14611002,10.73624199,14.02171703,14.74462832,19.98271038,24.32916704,31.3440533,40.02313941,43.25183597,45.18204891,46.64467484,46.72077452,51.01996392,51.46821414,52.76455338,57.47329586,59.33822135,60.45882102,62.28579886,62.36800685,63.79323051,64.96742462,67.37070242,67.37510601,70.63511509,71.15182455,71.66215451,71.97846118,79.04666373,84.53812463,85.10452677,87.33140196,88.33039487,93.16508173,95.45634585,97.19838369,97.33418448,106.44282396,113.96523124,114.02860018,114.17249029,114.63734183,115.66797269,115.9318429,116.16108878,116.21654156,116.37411111,116.87925027,116.89167669,116.94655605,117.11277833,117.13289968,117.19458699,117.63623008,117.91185478,117.96282386,118.11104509,118.23297984,119.2537635,119.27410119]","[2,3,7,2,7,6,1,2,1,4,1,7,2,1,4,5,3,7,6,2,6,1,6,1,2,7,7,6,0,6,5,6,7,1,1,1,7,2,2,7,7,2,5,1,4,6,5,5,6,4,4,4,6,4,5,5,6,6,5,6,4,7,5,7]"
"[3.89682674,5.43707748,8.21734216,11.43028134,16.26574087,21.17972772,23.04437148,23.15050223,24.65877651,26.16800265,29.66926239,30.07897733,30.53693687,30.94228677,31.2071985,32.21029443,32.27812574,32.31620704,32.40765466,33.09674244,33.38339189,33.60281853,34.59358566,35.30846933,37.36282592,37.87756949,40.08036432,43.97169193,44.96801279,45.71461686,47.41232472,48.10857238,50.74505461,52.29097705,53.40131049,56.15533129,58.28356526,58.78098344,58.90109486,61.48063944,61.5318312,62.44130867,77.15264003,79.20440722,83.59478067,89.20277361,92.9891741,96.74034067,100.47379867,103.93871445,109.67591795,115.76181036,117.71487836,119.87714026,120.02915134,120.86605821,121.55642686,121.77274346,121.83409531,121.99968229,122.1193529,123.76392943,124.4163323,125.11340004]","[4,4,7,1,5,5,0,4,5,4,5,4,5,4,6,4,5,5,4,4,5,5,5,6,4,7,5,6,1,2,2,1,0,1,7,0,3,2,7,6,4,7,5,6,4,5,1,4,3,0,2,7,6,2,0,0,5,7,1,4,5,6,6,2]"
"[5.44222773,5.98161401,7.09897762,10.89471661,10.99893284,12.0921485,15.73783668,16.75619196,18.1071612,18.35789318,18.37734942,19.41037185,21.68796199,24.16307648,25.42244029,26.84336067,28.3869242,29.39983399,29.84132368,30.06885071,30.57922214,32.52349582,33.24853409,34.48710263,38.37670822,43.31467346,45.64051571,51.05090361,52.06593386,54.98974985,55.64125601,55.71615135,56.63746996,57.0608206,57.1615692,57.26775731,57.54201666,57.99029896,58.06960667,58.53909882,59.58247724,59.72647646,63.25575585,68.29385853,75.06525493,76.16359693,79.81636347,81.90313562,87.04941269,87.10170381,87.12559601,102.92142757,103.12335259,106.05803526,108.26266263,112.62979177,114.68015919,115.75451316,115.93915446,116.27685532,116.32645216,116.38148099,116.64687176,116.97013098]","[5,6,7,4,2,7,5,7,5,4,4,1,6,0,7,3,0,5,1,6,1,1,1,4,5,1,2,1,1,4,5,4,4,5,6,7,4,5,6,7,6,7,4,2,4,5,1,7,5,6,6,3,0,1,0,4,5,4,5,4,6,5,4,1]"
"[3.85786263,6.1886374,8.32440335,14.56683289,14.86699371,15.7340201,16.80455782,18.51737158,23.71997929,24.78495454,25.36384013,25.81643551,27.3504911,30.2855491,31.13200269,36.12832183,36.68140698,37.47674714,38.65707592,38.70769947,39.53976506,40.29887983,41.09166598,41.53748632,41.68682741,41.68987814,41.8345441,43.93536308,46.10655482,46.4992086,48.26234334,49.64874233,52.10787261,59.61804925,61.09472914,61.32252551,62.26899152,62.28519213,62.35054186,62.82737433,63.30094527,63.95972737,64.8592864,66.28466591,66.61563411,67.15341953,67.24843348,67.53392256,67.70569671,68.67842516,68.80882621,68.87056559,69.02068711,69.25989608,69.53239625,70.11663448,70.42443606,70.76905108,71.1045571,75.47061177,75.85910906,77.43893553,79.55477208,83.66142161]","[7,4,0,6,1,1,7,2,5,4,3,2,5,6,6,5,4,7,4,5,6,6,4,7,7,1,7,5,4,6,7,2,1,2,5,4,1,6,7,4,4,6,4,5,4,5,4,3,4,5,3,5,0,6,4,6,2,6,7,2,7,7,0,3]"
"[2.58487107,2.59491759,10.01719753,11.09761129,13.93584387,14.04438858,14.15291972,14.68473332,15.47974929,15.48120678,15.86074601,15.93276969,17.37839054,17.96807793,19.59195625,21.44575366,21.70308087,24.24186561,25.08192961,26.22420622,29.33039276,29.71459129,34.98488189,35.00659542,35.83913802,37.32167836,37.4270934,44.80253936,45.2640514,48.61197193,48.95901619,50.19154873,56.71920286,57.88697772,58.00415262,58.09871913,60.45729308,62.36050813,64.20592895,65.92739479,66.19327422,70.48013333,72.63725552,75.01477903,90.22436699,90.26073997,91.37513349,93.99379067,94.63826568,94.96553573,95.36185181,95.77904518,96.19560068,97.87642998,97.92865724,99.17789726,99.84016157,101.92624179,102.26124551,102.48749956,102.63189069,102.7037037,103.03866113,103.25120476]","[1,7,4,4,5,4,6,1,5,6,5,5,5,6,6,5,6,2,5,6,0,4,7,1,5,5,4,7,6,2,2,2,0,0,5,6,2,4,5,6,7,0,2,4,3,2,3,7,4,1,5,4,6,5,4,7,1,5,4,4,5,4,5,6]"
"[4.54976172,18.8504331,19.08784208,19.81245873,22.68110102,24.69215551,25.60378777,26.72999593,26.92223507,28.74709618,29.14670698,33.02055,38.45943172,40.27886314,40.43864185,40.95490561,41.0235002,41.1556871,42.9077263,43.6051446,43.71154246,46.20985902,46.50634342,46.64634673,46.77777467,47.21003845,47.50197689,47.52595992,47.80879789,49.30042631,49.86034764,50.28282284,50.35897657,50.60723735,50.71609065,51.63674087,52.4944817,52.55479014,53.92619775,57.44536968,58.7013085,59.73206889,61.65902795,63.39911723,63.72714649,64.2561209,72.2090812,72.66767282,73.08292474,74.30335325,74.54500293,75.72447165,77.08283787,77.54103327,77.83477956,77.86561644,78.04827333,78.51850498,78.58299132,80.32187199,80.42079916,80.94293361,82.24293238,82.38425636]","[4,6,0,2,2,4,3,4,5,4,7,7,3,5,6,7,6,6,5,4,5,2,5,4,5,6,5,6,6,7,7,5,7,7,7,7,1,2,1,1,3,1,5,4,2,0,6,4,5,2,5,7,4,6,6,5,6,6,7,2,0,5,6,7]"
"[0.22415865,9.42929231,15.90775684,23.22234811,29.41847156,30.42454822,30.4729206,37.98014626,39.49366401,40.27168012,40.80369405,43.65408035,45.87502927,47.83245076,48.93757126,49.30138037,50.63394783,50.7292894,50.89495365,51.00950301,51.8771473,52.49482841,57.63514471,58.53111954,64.38096701,77.45473978,79.9606952,80.44310014,80.54200095,83.07406881,84.07461337,84.23575052,88.69277681,88.75133932,89.31542477,89.41247183,90.8467733,91.23211228,91.87588641,92.45377175,92.95117966,93.37867811,94.22388873,94.27901069,95.03318931,95.04094363,95.86852464,97.49938008,98.91891376,99.88902455,100.0181247,100.13196051,101.06761441,103.10216506,104.21854716,105.11711221,105.94874505,106.07735085,106.54633068,107.29018912,109.34437189,109.57035381,109.57954164,110.32210709]","[1,0,2,0,5,2,1,0,7,7,1,7,1,6,7,0,7,5,6,0,2,2,0,2,7,7,1,7,1,5,6,2,0,1,3,1,7,3,6,2,5,7,5,4,4,4,5,4,5,7,4,2,0,1,5,5,4,5,0,5,6,0,7,4]"
"[1.65292932,13.26020509,13.28189673,13.49406445,14.14538888,15.08873478,15.62512124,17.48998115,17.72921899,20.06238289,20.29011791,20.34986099,22.12020543,22.63570219,37.25252894,39.60367446,39.96745497,41.18887013,42.04129573,43.23116372,43.34955048,43.54959837,43.69045701,43.71709457,43.88130294,45.12927196,45.5369992,45.96886546,46.06634486,46.14556266,46.38803632,46.51649208,46.52404184,46.85535249,47.56889965,47.78068115,49.13427653,49.54640282,49.86176073,50.44127837,51.22261505,52.40034565,52.98969053,54.70883724,55.17130182,55.59311162,55.76705013,55.95449322,56.96924977,57.00472996,57.52037356,58.77098205,61.02101133,65.92567616,66.9391008,69.6732751,70.28564418,70.84603395,71.98018654,72.39484919,73.43689479,73.48961188,77.33996321,77.68073188]","[4,5,6,7,6,1,7,1,2,5,6,4,4,3,2,4,5,4,4,7,5,5,1,4,4,5,5,4,5,6,4,1,4,5,4,7,5,3,5,6,6,3,4,5,4,5,5,6,0,5,4,3,7,7,4,5,6,6,4,7,5,6,6,7]"
"[0.03031135,1.54095579,2.1381335,2.70278281,3.79616145,3.94957034,4.61944242,4.72384066,9.03833841,9.06587389,11.21665282,11.80142453,13.24970615,14.89967283,16.23146851,16.74291173,16.9634814,18.00675687,18.02111474,18.43930971,18.45649655,20.03480142,20.53398155,21.25159555,24.03054058,24.71311573,24.82934162,25.31007311,25.73922693,26.01535904,30.83297395,32.18219128,34.75767387,36.46717276,37.00387436,37.19579922,40.44983084,41.37549264,43.78944152,43.85194389,43.92188947,50.24789302,53.27787371,56.38022053,56.99180608,58.14614319,59.09398832,59.10284418,59.3262945,60.22165972,67.31395628,67.83749232,67.99713408,68.42322138,68.71376077,68.92517593,69.41125671,69.50396825,69.55819649,69.75854638,69.89947124,69.93242561,69.96714101,70.20044236]","[5,4,6,5,6,2,6,3,5,2,5,6,6,4,6,5,4,7,5,6,3,4,6,5,7,5,6,3,4,6,7,7,7,5,6,6,2,5,6,6,6,4,1,1,5,4,5,6,7,6,5,4,5,4,5,4,7,5,6,5,4,4,6,5]"
"[3.27689719,3.56336002,3.60542797,3.75963759,4.51807883,4.63368512,8.00048757,8.76329881,9.72874873,9.91931036,15.92435498,18.6206796,26.98632249,29.04011142,33.84057795,34.28534908,36.641687,38.3026236,45.80150785,46.06336993,46.7435001,53.02713007,53.04488146,53.27224268,54.6842341,58.1331917,58.54662866,59.44327902,63.28468155,64.66778177,66.05614476,67.53135571,70.71803865,72.22594555,77.02400253,79.6646784,81.59832437,83.11718381,85.4429579,86.21132559,86.27527327,86.59364079,87.36489023,87.52670367,88.79504392,89.53705867,91.98588181,95.58108717,98.38806361,99.80976069,116.15676107,116.36709499,120.52541775,124.35498687,124.99529075,125.35012389,125.92268611,135.63928767,136.6883223,139.22248962,139.92329691,140.35847468,143.56051549,146.76601391]","[4,5,5,4,2,4,2,7,6,6,7,3,2,1,5,6,4,7,5,5,4,4,5,5,3,5,0,6,2,4,4,2,6,5,2,4,7,3,4,5,6,4,4,6,1,3,2,0,1,7,1,1,0,3,3,2,2,5,0,4,1,1,0,2]"
"[1.59906759,2.49442076,5.79073173,6.32614563,7.03034004,11.14159428,11.35314528,13.7521485,13.99830129,14.92679047,17.10349556,18.16609555,18.58881806,18.81681434,18.90954219,19.18001585,20.90934228,21.43733401,21.65328209,21.79936585,22.76328843,22.81541609,25.08715479,25.75266916,27.72703393,28.44958785,28.87803333,33.01139584,33.34888548,38.80915705,40.64998753,40.81095762,40.9302451,42.73740585,43.59283602,43.96931875,44.66489724,44.70837031,45.45652597,45.71205287,45.76078531,45.80891357,46.08165259,46.1500719,46.17939357,46.26155834,46.50330655,46.98685777,47.30558429,47.84245427,48.22106684,49.32306022,49.51312979,49.54914535,49.56972492,49.67828893,50.32362045,51.35052666,52.7603846,53.03405088,53.34310925,53.35536855,53.69033182,54.51529472]","[5,3,6,7,2,2,6,4,7,5,4,5,6,7,6,6,0,4,5,6,1,6,1,6,6,1,7,6,0,2,4,5,6,1,5,5,4,6,5,3,4,5,4,4,3,4,6,4,5,5,6,4,5,7,5,5,6,5,6,4,6,5,7,4]"
"[4.59670113,7.99347087,16.16299893,16.40091135,17.30239548,18.33872628,20.14771464,20.24387486,21.85356486,28.49522063,28.80772801,29.55190992,29.79860982,30.02296587,31.91312803,38.90471752,41.68830581,51.1122699,51.92278818,54.5593771,55.89740541,55.98383748,56.73438344,58.74801116,61.92863701,63.83768353,64.05783746,64.24216333,68.40877758,69.05776349,71.33950406,72.05021125,72.35177703,72.71054416,73.35351193,74.6591148,74.96050187,75.47988108,75.76119226,75.97642245,76.01338415,78.78335907,79.03384541,79.07318955,80.23509321,90.80299028,92.99144494,93.00982022,94.93316483,96.70238333,104.19624283,107.44589026,108.06985698,110.61686136,115.71006691,116.68533866,117.29807414,120.2177731,127.64931179,133.6095177,137.2498158,139.30889387,139.51333939,142.23885609]","[2,6,6,3,2,2,5,3,7,6,3,1,4,7,2,1,7,2,4,1,1,5,4,4,5,3,7,0,4,5,6,5,0,6,4,2,6,5,6,7,7,7,3,5,1,0,0,2,2,7,7,0,6,0,7,1,1,6,2,7,1,0,4,6]"
"[3.46263625,4.25750336,12.52053364,18.25481817,19.35002084,19.97776552,23.00341108,23.23013056,25.35020971,27.01172538,35.572984,35.59891167,35.66156047,37.47782389,39.27916229,39.50436454,40.47368164,40.69473811,44.75653912,45.32923693,46.27193654,46.54737302,47.78771318,47.91832348,48.35017685,48.65785402,48.81922052,48.92486915,49.03167102,49.84947144,50.67745533,50.82886774,51.33371404,51.44759406,52.05716733,53.15976123,53.63556706,53.97805784,54.2183298,54.25201334,54.85937077,55.17465355,55.94564656,58.32718409,58.6467878,58.91298812,61.53864101,65.73916218,74.64205117,75.27361364,77.57141067,79.35636524,79.54990796,80.61451612,80.66665866,80.73139015,81.14534261,83.77834349,84.44137086,85.43687314,86.27047265,86.58030549,87.53600761,89.06180932]","[1,1,6,3,2,7,2,5,6,2,7,2,6,6,5,4,5,5,0,5,4,4,2,7,1,5,5,6,4,5,4,6,6,5,4,1,2,6,5,4,7,6,4,4,6,7,7,7,3,4,4,6,5,4,5,5,6,4,5,6,0,7,3,5]"
"[5.78602931,6.27150075,13.28010527,13.33520097,16.0470959,20.14915337,21.79238187,24.63203934,28.05234198,29.12842409,29.74125095,31.37104812,37.98388581,38.25578857,40.1549771,42.40949374,42.76505961,43.00169724,43.14309679,43.54910171,44.02052635,44.24826396,44.99049528,45.66883127,45.82108753,48.77669614,49.23275641,49.4591823,50.39466452,51.1090406,52.83103057,57.95879828,60.5873888,60.92059051,64.23087003,64.29363863,64.32761222,64.53346531,64.644064,64.7418326,67.06388521,68.57282097,76.52595909,85.04025076,86.94420175,87.703896,91.37546848,91.96359743,92.96974943,94.23792332,96.35218606,97.41989305,98.89801245,99.47058916,102.94991496,102.96161763,103.77130974,106.69698238,106.90655535,107.05147037,108.42920507,108.76619688,108.98421215,109.15103532]","[0,2,7,0,2,5,6,4,7,6,0,2,3,4,5,2,5,6,4,6,7,7,4,5,3,4,5,6,7,4,7,2,3,0,5,6,6,7,2,6,0,6,7,7,7,2,6,0,2,4,5,3,6,7,0,7,2,5,6,5,4,5,6,4]"
"[0.68127907,3.86965163,7.13723262,11.07329369,11.34567044,14.66136,15.93399067,16.71127947,16.81249693,28.71676242,29.83978137,31.63349914,31.80672768,35.55799901,39.98553468,40.73744742,44.08018622,45.28573818,49.34036895,49.75112187,49.92200307,51.7340247,53.52498879,54.63140373,57.24124883,57.433282,57.78598337,57.86232562,58.71466449,62.54638839,65.34764153,66.29688881,66.84272587,69.23946946,71.61886638,72.86854006,81.97201719,82.40517726,84.32586469,85.97589163,88.497178,89.91280518,90.54726806,99.00090643,99.90339109,101.6457977,101.91409414,104.74313647,106.62248083,107.47061382,107.49093053,107.84564273,109.33132121,111.49711975,111.84751786,112.07444409,112.3555007,112.7029895,112.770323,112.86296226,113.26547217,113.45762347,114.05596236,114.43107822]","[7,0,2,3,4,5,4,5,6,0,2,5,4,5,0,1,6,4,5,4,6,5,4,3,5,1,4,4,4,2,5,4,2,2,2,2,3,6,3,3,7,5,1,1,5,4,6,5,6,4,7,5,5,4,5,6,5,4,4,5,4,6,4,6]"
"[4.04872908,10.35303311,13.04530942,13.72414261,22.94628675,27.21154716,32.90176906,33.17534537,33.34987342,35.60343889,37.95005189,39.71456803,44.31612001,45.12501731,45.40521351,46.31249131,46.68364499,47.24488505,47.45266552,47.51444228,48.53775091,48.63035872,49.55088722,50.47177761,50.76477823,51.34001846,52.29560354,53.43695366,53.92981246,58.38708526,58.65937199,58.94910271,62.48573152,63.40484805,64.77143826,66.83541566,77.19717575,77.43426913,79.51962726,80.03160891,82.08318528,82.90003929,83.18195777,83.59726354,84.10255876,85.42684426,85.75834056,86.71390657,87.35221685,102.40441455,103.2440499,108.57752228,110.01074081,110.1594948,110.72127251,111.19342808,112.50912246,113.56441681,113.84544853,116.35852084,116.52619388,116.88345626,117.17630269,117.58100501]","[1,7,4,7,1,2,2,5,6,7,1,1,5,4,4,5,4,6,5,5,7,6,2,6,6,6,6,5,1,6,4,6,1,5,7,6,0,5,4,5,5,4,5,3,5,4,6,7,4,1,0,7,4,5,6,4,5,0,5,5,6,5,6,6]"
"[4.85346982,6.55650792,7.86752348,8.43827602,8.85077028,9.97835065,13.15876326,15.61721324,16.14413132,17.60663603,18.18897942,19.44179582,25.10986793,28.24063102,28.70188971,30.25564094,30.27608424,37.50879529,39.3722925,42.17613029,43.34306964,43.48456874,44.22689078,46.41629799,56.7398661,56.7752546,56.9403602,61.3908061,61.95555151,62.22422709,64.98220668,69.93840957,73.32614706,73.89950288,74.20219144,75.30550805,76.27582988,76.47978625,76.54993554,77.01903278,77.19544531,78.39631539,78.6974073,78.99024192,80.06676099,80.50038488,80.81232983,80.81929686,81.90659105,81.907082,82.10062789,82.20714066,82.37571083,83.42955323,83.46227672,83.75656567,84.06874224,85.45146328,86.83903851,87.43865339,88.07065633,91.09429428,93.85635849,95.12229706]","[0,5,6,6,7,6,5,3,1,4,5,6,7,1,2,6,7,1,4,5,4,6,7,0,0,7,1,4,3,6,3,1,5,6,4,5,1,5,4,4,4,4,5,6,2,4,1,5,4,5,6,6,5,4,5,2,6,1,6,0,3,2,1,0]"
"[1.33145902,1.59482931,5.06670335,5.36049938,6.00083699,6.32570161,6.97768581,7.0967239,8.65327406,10.49374871,11.35721042,11.54726972,12.09043308,12.1454394,12.20180406,13.53178895,13.85204141,17.94475384,18.98836278,19.79449309,22.20806899,24.23154368,25.98385735,27.44583807,33.2957614,38.93173955,39.34197763,39.90472951,41.1339197,44.3303009,52.01927621,63.409516,66.29372201,67.9937226,68.75947306,68.77710433,69.16102153,74.59849184,80.59948617,81.0063526,81.17299991,83.89181474,85.30770121,85.68771323,88.44486558,89.28847165,89.45101197,89.62201844,90.64854606,92.77185274,94.96129935,95.6117066,96.42896892,98.64855698,99.27735074,99.53834077,100.31641678,101.54680645,101.67449011,101.83607468,102.37061196,104.27309947,108.01593743,109.20185412]","[5,1,5,1,4,5,6,4,6,4,5,4,4,6,5,5,0,5,6,0,7,3,2,7,0,5,6,7,1,7,7,4,5,4,0,4,5,6,2,5,2,4,5,4,1,0,5,6,7,5,3,4,5,4,5,6,6,7,0,6,5,7,1,1]"
"[2.30476325,9.82357271,10.55428946,11.83789355,11.89419572,13.05382853,13.51041422,14.23977448,14.72618771,14.97726875,15.77163671,15.84135007,16.42951356,18.04248026,18.34693313,18.65985446,19.63526062,19.73728838,19.79117225,20.7115489,21.5685173,23.32582682,23.94535518,25.51282228,25.70237721,28.38248658,30.6082823,33.06811247,34.19279025,34.4560577,34.68727675,34.91216285,35.37062351,36.31013471,37.46511469,37.83485785,37.99643503,39.75638971,40.98043435,42.39651686,42.84751418,43.08892485,46.349284,47.79596749,48.1396567,50.00199147,50.75808919,51.79097057,51.90773652,54.2385022,54.40809979,65.49049749,66.46165474,66.54486396,67.98970219,69.20096607,75.31057154,78.03248043,78.82163573,79.03862774,79.52311729,79.55522059,83.25394206,83.57516913]","[0,5,0,6,0,4,5,5,6,7,5,5,6,4,5,2,6,6,5,4,5,6,5,4,6,1,5,5,7,4,5,5,6,5,6,6,6,7,7,5,6,5,1,6,7,2,2,6,6,5,7,5,4,6,2,0,6,1,5,6,2,4,7,5]"
"[8.06250673,13.07568331,16.21680608,16.97243296,17.81926659,18.0775731,18.19306601,19.7076007,20.89303324,21.27549799,21.38478852,21.60756648,21.83405835,23.58862051,24.05960651,24.65265452,26.29435553,29.82469385,31.59347964,36.56749822,38.08197451,40.99220368,47.16487137,55.0037196,68.63289918,71.70021081,77.15544091,79.37109802,80.40707222,84.38414627,84.95277743,85.29600267,86.59688546,86.83272283,86.8553037,87.97859501,88.7505794,89.29438408,89.37131147,90.82879883,92.34739514,94.75246892,95.42833306,97.54437904,101.59378397,103.34608859,107.95652689,113.12078829,114.67767517,114.95240224,115.501654,116.67270072,116.94719247,117.11532313,118.37583264,120.13307046,125.12698367,129.71279427,130.93687781,131.27874789,134.72761996,135.35675056,136.51213589,136.59808447]","[2,0,6,0,7,4,1,5,4,3,5,4,4,7,6,5,6,6,5,7,2,6,2,7,1,1,7,6,2,1,4,1,5,6,6,7,4,7,5,2,5,7,4,5,3,0,2,2,1,4,5,6,6,0,5,5,1,1,1,2,0,1,5,6]"
"[4.00705762,5.00014747,5.39575081,6.1632633,6.66069795,10.65588803,12.58937965,12.65882243,12.72765983,13.0046525,13.24124921,13.36175213,13.5336462,20.62748242,22.01158948,26.50222751,26.91574563,29.46970164,30.03207096,30.65330332,30.99762544,31.99897998,32.24278294,32.48904448,32.76090183,33.06505759,33.38636065,33.74501584,34.61129962,34.91863806,35.23216599,35.83726801,36.40285076,36.44066845,36.77181113,36.79366198,36.9322216,40.07849219,40.37677588,41.18881615,41.61626762,41.77902357,42.90072975,43.30528241,45.22928334,46.03825758,46.49229254,47.78027411,47.85930036,48.79172994,51.91991133,56.9292449,56.95163033,58.02735686,58.52427718,61.82135422,65.80600212,67.27871762,71.89612689,78.80232907,80.10078195,82.9971444,83.68044814,85.33637925]","[1,6,5,2,3,7,5,4,4,5,6,6,1,2,2,2,0,5,0,5,6,5,4,7,2,4,4,5,5,7,2,4,5,1,5,6,7,2,3,2,0,6,1,2,5,6,4,7,4,5,4,6,7,4,3,6,2,5,6,7,2,6,2,7]"
"[3.94255148,4.28675469,5.24984676,5.28709319,5.58487988,5.87797289,5.90201693,6.56905685,7.07924796,7.30193964,7.48713766,7.6609993,7.93225076,10.17895974,12.80531738,13.74660708,14.45825211,14.51422152,15.39125292,16.04940327,19.97909845,21.07822922,21.62430471,21.88748564,24.98543559,28.1389276,28.32050188,28.52918189,29.51935173,31.36366803,36.38297877,36.72037605,48.63652141,50.1584571,52.07572267,56.38331116,58.94084546,60.48280285,62.43038333,62.99279484,63.50314594,64.0666229,68.16653788,69.18519223,69.48661366,69.70168633,72.03148816,77.58418152,79.2080017,79.58435971,81.38439399,84.75454536,87.90086275,92.59226732,92.60403643,96.10686628,96.62034431,102.05506616,102.48321752,103.04161528,104.90004988,105.57317945,108.01218612,108.06705259]","[5,4,6,5,2,5,4,6,6,4,5,7,4,1,4,5,1,4,6,5,1,1,0,2,0,7,5,2,4,6,7,4,7,2,2,7,4,3,2,3,3,2,1,5,1,4,1,0,5,2,6,1,7,5,6,1,0,1,7,3,5,6,5,6]"
"[5.73372827,6.18775856,7.03021391,13.00970303,14.05320962,14.40134125,14.72579662,14.86866604,15.02101757,15.23987612,16.42286452,17.4661305,18.53834745,23.476185,24.4805872,25.15841402,27.23260257,32.26517754,33.99922989,34.08081534,35.47102862,36.32316716,39.45361949,39.54572225,39.89659489,40.57400536,40.70277,41.20597284,41.38883879,43.15777126,44.32743745,45.43134032,50.15096536,55.09754564,56.46477449,56.59872402,56.9636834,57.98169829,58.2054784,64.23364923,69.27430971,71.43043419,72.04069223,72.2725047,72.89914251,73.00131756,73.05446649,75.09959777,76.54128447,78.58913666,78.70918785,79.8554544,79.92135755,85.65232225,85.73143512,85.96120855,86.66157904,87.0202469,87.25576764,87.26757617,87.36339715,87.64118776,87.68090186,87.92921448]","[3,6,7,5,4,4,4,4,5,6,6,6,5,6,7,7,1,1,4,5,4,5,5,4,5,4,5,6,4,6,4,4,0,1,1,1,7,3,7,7,5,7,1,7,6,7,1,4,5,6,7,7,0,5,6,4,4,2,5,5,3,6,7,5]"
"[2.00001696,2.50588708,4.88685264,5.28595957,5.70103302,8.24747327,8.73038504,9.40033862,9.97571726,10.96947928,12.74143622,13.75297599,15.15815517,15.38760847,21.72368715,22.04862633,22.65139932,23.39955726,23.49855937,24.17654311,24.42254076,25.09756037,25.24247611,25.33285595,25.71571637,28.14085757,28.51642986,29.78491157,31.00845002,32.1774489,34.94757202,35.14168891,45.4029034,47.06614781,47.14335969,47.89138228,49.34120369,49.59398569,51.75005796,56.30557351,57.16942484,57.85749493,64.25823586,65.06749907,73.44267566,79.27767165,80.55454981,82.49328176,84.97188652,88.11293297,89.51249883,89.97938794,92.66747437,96.46694595,98.14075596,99.03685457,99.06472365,99.35354628,99.62077719,99.70741416,99.91724022,100.15370372,100.39871873,100.64066946]","[4,6,5,6,4,5,6,6,2,7,7,7,5,6,0,7,4,5,5,4,5,6,7,5,6,2,4,6,1,2,0,1,2,7,0,7,1,1,6,2,7,1,0,7,3,4,5,3,2,7,5,6,4,7,5,5,6,4,4,5,5,5,6,6]"
"[0.79058111,1.00338796,1.46217922,2.70714491,2.75760412,3.29611976,3.67651493,4.12435239,5.18517686,6.70131172,7.02707989,7.51399744,7.59306811,7.72157907,8.49279023,8.79779711,9.17953296,9.27487041,9.34346876,9.44382328,10.05372461,14.83643618,14.92428743,15.44723639,16.88896393,18.82391884,19.16831061,23.65489776,25.28083214,26.68293485,27.01837661,27.25340545,27.33424355,27.42280812,27.49931709,28.09620976,28.63900446,29.28057566,29.44740472,29.82084419,30.03332909,30.07634245,30.12706885,30.90933359,31.00314496,31.48983612,32.42680654,33.2150056,38.28161623,40.47219888,40.62791637,40.68820522,41.44980808,41.68793022,42.50001018,44.26473446,44.89773892,49.30502688,49.66910375,50.99165642,51.08557068,51.23552936,53.11045512,54.86546006]","[0,5,5,4,4,5,6,6,6,4,5,4,6,5,6,5,6,4,6,6,4,0,5,6,5,6,4,5,4,6,0,5,4,3,4,4,5,5,6,7,6,4,6,2,7,6,6,7,1,5,5,6,4,4,6,6,6,6,5,6,6,1,2,2]"
"[0.54175014,1.36271147,2.94642915,3.96189764,4.23318559,6.32605518,6.70940004,6.92799537,7.66307124,9.78618425,10.96734336,11.99092206,12.18011137,12.78715673,13.28254343,13.68136412,14.24614762,14.59713868,14.92407885,15.98065564,16.03557384,16.32944385,16.69061507,16.98902068,17.36946159,17.46271057,17.47968933,17.82960276,17.91539196,17.95048479,18.18223609,18.2182739,18.38881585,18.51003323,18.79489341,18.85240455,19.05712842,19.24941736,19.49755432,20.43166956,20.47042171,21.15570248,22.00209708,22.18102207,22.83720276,23.05877294,23.3367687,24.41148838,24.7091138,25.58752267,26.36017021,26.44814448,26.54902543,27.015006,27.09853858,27.44646686,27.50796039,27.54598526,27.90754589,27.9356506,27.94240402,28.00750181,28.1558911,28.17581348]","[1,2,2,7,0,4,2,5,6,5,4,5,6,4,4,4,5,4,7,5,4,4,4,4,5,6,7,4,5,4,6,4,5,6,5,5,5,5,5,5,3,6,4,4,5,5,4,7,2,5,4,6,2,5,4,5,6,4,5,6,5,5,6,6]"
