event_times,event_types
"[4.42184028,6.86507486,7.29611994,8.29988684,8.31234973,11.77681755,14.98581679,23.07444096,23.83221734,27.81269258,27.94605817,28.37751625,33.0660329,33.66146363,34.14182768,36.68934726,36.85171825,36.91005888,39.31112849,40.25930613,40.99415919,41.07259576,41.66871047,42.79747507,43.82327762,44.03892801,44.25185293,44.63486138,45.26291502,46.49034989,46.77035548,46.94272172,47.77105392,47.80515611,48.02021509,49.26010825,51.9524436,53.5725192,54.20615324,57.00848353,57.0916246,57.31659927,58.14837383,58.43422651,58.55783853,58.88989845,60.15507816,60.15799443,60.1638751,60.34817753,60.58714463,60.77998446,60.7933451,60.95938791,61.99888157,62.40502987,64.18552379,64.64886867,65.39013767,65.41331386,66.79797734,67.08271619,67.44988391,67.58835711]","[1,3,2,7,3,7,6,5,0,3,7,2,2,4,6,7,1,3,2,3,7,3,3,7,3,1,3,7,7,7,3,2,5,4,4,7,3,3,4,4,7,7,3,7,7,7,3,3,3,7,7,7,3,3,2,4,6,7,3,7,3,4,7,3]"
"[3.91212106,6.59470436,8.54750824,11.24582112,18.1417981,18.75181911,30.66857024,34.46565483,35.9028224,42.70039585,43.2692453,43.84528219,49.7606669,51.55827421,52.11034351,56.77725405,57.10235636,57.69302936,57.84225659,57.9810141,58.1948466,58.25110204,58.96943884,60.14308407,60.17749891,60.53691541,60.79906807,60.907909,61.11577776,62.02596738,62.99081959,63.52679447,64.50728699,66.36384897,67.27404942,70.48570618,71.5835876,71.60147945,74.38625415,77.16794914,77.55251296,78.81392684,80.78968272,81.63369183,83.05186255,83.26180668,84.42441697,86.03036595,87.99898116,88.55016657,89.72382166,93.71305412,94.3646356,97.22176195,97.76695789,97.93799035,98.01537978,98.08079334,98.66161389,99.29963892,99.52193631,100.70299378,100.78955954,102.72030193]","[2,5,5,4,5,2,2,7,5,6,3,2,2,6,2,7,3,3,7,7,3,3,3,3,7,7,7,7,3,7,3,3,7,6,5,5,1,1,2,6,2,3,7,3,2,4,7,7,3,4,0,3,4,7,3,7,7,3,3,3,7,2,0,6]"
"[5.5233437,6.51801402,7.07028207,8.01668257,8.91344424,9.042641,11.99282415,12.60923567,15.11940823,19.59800271,19.67551079,21.06411844,22.14910169,22.59370594,23.03411174,24.64156218,27.17423142,28.59278859,29.1753904,30.54111053,32.02276751,32.22243144,32.79823132,33.92928686,34.42963446,35.20318885,37.07556528,37.2625702,38.65173007,41.17842786,46.82173707,47.77305843,51.90368287,52.62823017,54.03816555,54.78744897,55.02875766,55.69365354,55.7426617,56.32362078,56.46072816,57.21855211,62.30784197,62.63765613,63.73645563,66.7105221,67.61448344,72.93315244,74.23356264,74.47029051,74.87902996,75.23048236,75.50914303,76.00361098,77.13728075,78.84050024,80.26159307,80.6424921,81.23177482,81.89617397,82.82026567,84.32815875,84.34499539,84.40040821]","[6,2,7,3,5,7,6,2,5,2,1,6,7,2,6,0,2,6,2,6,3,3,7,3,0,3,5,1,7,6,6,2,2,6,2,6,5,2,6,3,6,7,5,4,5,3,7,1,4,2,6,5,3,7,7,7,3,6,3,3,2,6,4,6]"
"[4.64806569,23.08460124,25.16210303,27.13011596,27.42138008,34.24770111,37.33383229,38.63798067,40.76837565,41.68544212,42.24456603,42.43636649,42.75044092,44.1888201,44.82560496,45.33259459,45.65997455,46.53351767,47.14177547,47.48124973,48.12429908,48.17979074,48.33893144,48.72115868,49.0162702,49.52171516,49.52817474,49.55132952,50.6455793,51.06561413,51.30361046,51.74199445,56.82815095,57.3052022,58.39505186,58.5867018,65.68785297,68.76179349,70.97083147,83.50739015,89.99976758,90.11760603,93.06991117,96.20783287,98.60006132,99.2147424,99.68574701,102.04152116,103.79876841,104.48870532,106.13662559,106.9173508,108.80916363,109.35699898,109.42792344,110.25290146,113.59667894,114.70575829,115.02704391,115.27038522,116.54991752,116.77896333,117.03853486,124.68113364]","[1,7,4,6,2,2,6,6,2,6,6,6,2,6,2,6,6,2,2,2,6,6,2,2,6,2,6,6,6,1,4,6,4,6,2,6,2,0,5,0,6,4,7,2,7,2,3,6,3,4,2,3,2,6,7,3,7,3,7,6,3,7,3,7]"
"[1.17163516,1.76215071,2.83797124,3.09582564,5.32355735,5.89346793,6.81796044,6.96315932,7.55036401,7.61085706,8.64723011,9.19861974,9.88639417,10.52661147,10.81316213,12.15386388,12.38461591,12.68132912,12.73763711,12.88029987,12.91322695,14.44671536,14.67350695,14.71920053,26.85543458,29.46818349,30.67983027,30.75698077,31.15652681,31.17448337,31.30369693,31.99153321,32.7938236,33.18040211,33.28024901,33.56423397,34.00752531,44.27967831,47.14032898,47.82084504,48.06397485,54.86930611,73.26464369,77.87077888,78.56980207,80.78930344,82.99933083,87.25952456,92.63030778,93.31991222,93.85418344,103.30721847,104.44638404,105.59331075,106.0163739,108.0452758,119.67009141,123.55655477,125.52670372,126.4170271,127.23693033,127.74598674,130.00060913,136.67404417]","[3,7,2,6,3,2,6,6,6,2,2,6,6,2,6,6,2,2,6,2,6,6,6,6,1,2,2,6,6,6,6,2,6,5,6,3,1,6,1,5,0,4,3,4,5,0,4,5,5,2,1,7,3,0,7,1,3,1,7,3,7,2,1,1]"
"[1.42670697,2.39094916,8.1049559,8.11432939,8.17156839,8.57864288,9.22393958,9.2840147,10.05542581,10.24994108,10.56149809,10.71117267,11.60152648,12.09015124,12.11666985,12.35442361,12.62864356,12.68879839,12.71857986,13.29309067,13.56744047,15.60460295,15.86442769,17.17803147,19.99840238,21.58972772,24.24858841,24.26912241,27.08380609,27.12253809,34.47957202,45.42762468,47.95363188,49.85860171,51.60222242,52.68183023,52.85363097,52.9022121,52.98280025,52.98847102,53.97614058,54.03602645,54.10101776,54.91362254,55.00062853,55.66321428,56.24916229,56.40523801,57.58739267,58.17833414,58.37768348,59.34714496,59.71699046,60.6310397,62.1819717,63.66456808,64.07649132,64.33297811,64.53005117,65.31292727,65.67149837,66.0914135,66.35515882,66.8007832]","[4,1,2,6,4,6,2,6,6,2,2,6,2,6,6,2,6,6,2,1,2,5,6,5,0,5,6,2,0,4,5,3,3,3,2,6,2,0,2,2,7,6,2,6,6,6,1,2,6,5,6,5,4,2,6,7,2,3,2,6,2,4,6,6]"
"[6.86342133,10.45468296,13.4479433,16.2166292,18.63963104,18.86683193,21.14029192,21.20282645,28.13749022,30.38648044,30.60856582,33.35117415,39.13603205,43.81803589,48.09590219,53.13123076,55.13307753,56.41415753,58.96025738,74.5447921,78.21924974,80.19506994,81.07342433,89.28722392,91.06470322,91.78872231,92.31138432,93.91441191,93.94787329,95.2879351,95.341771,95.62556565,96.33633688,96.47018605,96.91487332,97.60751829,97.66923969,100.41270111,101.41737,102.53735516,103.25587234,103.88696095,104.2978479,105.5974393,107.20396039,108.10923711,108.52343388,109.77334042,110.62782559,111.04668597,113.43835937,113.88468864,114.13497312,115.16940554,115.82479411,118.56012863,118.99123342,119.45190385,121.0207163,121.16233191,122.90770067,123.00769835,130.85747681,135.07119091]","[4,5,7,4,2,6,6,2,1,7,3,7,1,4,7,6,0,5,1,5,6,1,2,5,1,6,3,7,3,2,7,3,3,7,7,7,4,3,5,7,2,1,1,0,7,5,2,7,3,3,4,2,3,7,5,2,6,7,6,0,7,3,1,7]"
"[2.30799034,2.40447796,2.83917988,3.87260099,6.89163262,7.07265698,8.0886727,8.12242456,8.58062229,11.43021939,11.93617225,14.34434515,16.99633994,19.80385878,20.4374856,20.80390349,21.33820782,21.4668707,22.27768019,24.17887858,25.87134408,26.05878671,27.00434419,29.24926775,30.17587075,31.4177269,34.92246863,35.57211046,35.80486224,37.91882594,37.92124425,38.13776177,38.90675984,39.48510497,39.65617955,40.27997843,41.68642662,41.93843672,44.6998302,44.83268681,47.24956912,47.32427086,48.32409404,48.87312046,50.77961719,51.01069355,55.72343238,56.52905516,60.74903401,62.34326267,63.60795236,64.07034762,64.70222902,66.26617604,66.46183347,66.9674893,67.01898965,67.04357281,67.05135614,67.64584016,68.40987925,68.47981792,71.50194071,72.49064946]","[2,6,6,2,7,1,7,6,3,7,0,4,2,2,6,6,2,6,0,6,5,1,4,7,1,5,2,6,2,6,6,2,6,2,2,6,2,0,2,1,5,0,5,0,0,0,2,4,0,0,2,6,1,3,7,1,7,3,7,3,3,4,1,3]"
"[0.0356227,3.66402982,4.03486908,4.53317347,6.78815254,6.9756265,7.89056106,9.93100494,10.01774377,10.51191214,10.97529129,13.11731684,16.3328897,17.52376527,19.25782211,21.15992375,23.56677448,25.18263212,26.12920541,26.79148523,32.23625697,32.41713213,46.50818623,49.50757798,52.07385132,60.54865278,63.06046237,73.48597723,73.88939023,73.98575887,75.17761182,76.14221344,80.20581772,82.69702827,86.81104049,88.20910978,88.45284673,93.32013957,94.16140413,95.94216775,104.07990307,104.55429817,105.47991453,106.31316849,106.57216208,107.53247831,109.15698432,115.0979061,116.66046003,122.4682605,125.37829281,125.60472542,126.04409616,126.17091689,127.24861249,127.69335147,128.3110809,128.53338285,134.53473907,134.609491,139.91503013,142.60230663,144.995373,146.84400169]","[0,2,7,3,3,7,7,3,7,7,7,2,6,0,2,6,3,1,6,2,1,5,7,3,4,1,5,3,7,3,7,3,3,1,5,1,7,1,6,2,7,5,0,5,0,0,5,1,1,0,2,1,6,1,2,5,1,6,5,5,5,1,0,3]"
"[0.95088047,1.40204247,1.88679007,2.1001528,2.29002198,2.5266572,2.70265845,3.35144299,10.8441424,10.87165448,11.88385571,14.55258605,20.14358045,27.98376825,36.13389284,41.65783642,45.28896983,45.7819871,46.32755406,50.15500462,50.42344481,50.51256661,50.61739575,51.82424214,52.05036981,52.06033111,52.32029187,52.90852504,56.09604989,56.2018856,58.63830183,59.13933471,60.01182956,60.36969746,60.88603879,61.80084032,62.31838753,63.24925851,63.31521349,63.56741535,63.98058595,64.61204014,65.2304545,65.45634187,66.22221943,66.94834593,67.25862498,67.87359464,68.26775877,68.56019815,69.28387823,70.12500549,70.84981511,71.17679405,71.41480177,72.15864439,76.34713485,79.29078471,79.63012264,79.7045559,83.94304682,93.87433967,94.51918102,98.82343612]","[2,0,7,6,6,3,5,1,7,1,3,3,5,0,1,2,4,5,5,2,6,6,6,6,2,6,3,7,4,4,3,7,5,2,6,7,0,2,6,7,3,3,2,6,7,3,1,3,7,7,3,7,7,3,3,7,3,7,7,7,0,3,1,1]"
"[0.45570734,0.62732089,7.72314864,7.85540948,7.92921649,10.81694242,13.97419431,14.26473881,14.34576872,15.54700428,15.80895541,17.01704153,18.56150249,18.58673093,19.05231905,20.15294696,20.36332175,20.57214488,20.8586542,21.03126463,21.28703662,23.36456849,30.60436009,31.8608469,38.07427254,39.21277213,39.44933576,40.70291823,41.03879081,41.22912289,41.79253659,44.21584787,44.7667993,45.75846635,48.45321212,49.86424506,51.44812796,52.2607646,52.49172306,56.84640315,56.95491943,57.13966738,57.56288058,57.71365673,57.80351043,58.00566703,59.61304075,59.74450744,61.47482199,61.50751391,61.74622484,61.78796831,61.8095606,62.35504061,62.47137867,62.6704398,63.38105435,63.57773456,64.52615167,64.70413952,65.91731266,66.77366307,69.45194591,71.93847437]","[0,4,0,4,2,7,6,2,2,7,1,4,7,3,7,3,3,7,4,3,0,1,2,0,3,7,7,2,6,6,7,6,2,5,6,2,0,6,1,3,2,7,6,3,3,7,7,2,1,3,7,3,0,3,7,7,6,3,7,2,6,2,2,7]"
"[4.34204051,5.56068883,10.00450826,12.65612087,13.81169895,14.02799091,14.55777527,14.63319815,14.63505662,15.17720385,15.68506652,15.95091373,16.0957346,16.52516261,17.52449958,17.63875227,17.78320312,18.09977264,18.61789674,19.75367254,20.64300729,20.84985618,21.06602481,21.31811082,22.25472612,22.61433616,23.35421815,24.1997208,25.99493945,26.21471996,29.44143157,30.80056271,31.10388818,31.91953311,34.7879267,35.77407819,36.01489987,36.140913,36.58161382,37.0108075,44.62912344,45.02754247,48.02892327,56.32729054,57.75134901,58.68588155,59.3411095,62.01635988,63.06716858,63.20756165,63.68736828,63.86058193,66.4327851,66.86179075,67.62814203,70.05331787,71.83681005,72.33794794,80.75771279,81.8046861,81.89850724,82.20720895,82.27619528,82.49116453]","[7,1,3,7,2,1,3,2,2,7,6,2,4,6,2,2,2,6,6,6,6,6,2,2,2,6,2,5,7,2,0,0,5,4,3,5,6,7,3,7,1,7,5,5,4,7,6,3,7,3,7,7,2,6,0,6,5,2,6,3,2,4,2,6]"
"[1.50023597,15.01615813,16.00615837,17.32126907,17.74823892,18.21563376,19.4638696,19.55133598,20.91354372,24.19064731,25.18557958,27.68407119,28.13898086,30.4439816,36.36200717,36.85745712,36.86914792,38.24926132,38.53229696,39.5634105,40.39171421,44.32140718,45.01593728,49.8227237,51.58934619,51.60736548,53.48065599,54.11361337,54.26981144,54.53739882,56.05142055,56.79149099,57.47404213,57.59517539,58.29293446,61.05161853,62.39110074,63.91422416,64.46462424,65.53283106,65.55596741,66.67359997,66.94875287,67.49166937,69.95689193,70.8819676,74.68654466,81.58006221,81.88490174,84.18473499,91.18286848,91.25041408,91.38435144,93.32729753,93.99392659,94.57109585,94.60742029,94.70054099,94.71717546,95.10387398,95.18216559,95.93996449,96.22222267,96.45781846]","[5,7,3,3,6,3,7,7,7,3,2,7,3,7,3,3,5,5,7,3,5,3,7,3,3,0,3,7,7,4,0,3,7,5,3,0,7,5,6,4,2,0,1,1,5,7,2,7,4,1,7,7,4,6,2,3,2,7,6,6,7,6,2,3]"
"[3.26616603,6.43529379,8.37635847,9.05761331,9.93088809,11.70411366,12.15463973,13.04081041,28.38718066,30.3827752,37.10488161,40.01568047,45.50392838,47.03352024,47.05637625,48.41105518,50.03712215,51.69500208,53.04976988,53.49016404,63.4556228,67.00950161,68.41005652,69.41877351,69.44421637,73.17698039,73.33551724,74.36777721,75.24378484,79.91904897,80.2778022,84.95386581,86.19382823,86.49392637,86.6264134,93.82537001,99.19687833,99.64977936,100.76461114,109.91311402,112.23987719,113.59523255,116.59155642,117.72193918,121.90133476,123.90431838,125.71963467,129.30844309,129.77198159,130.08667774,132.6543903,134.87814662,135.41264588,138.41216932,139.28168878,143.35218868,154.52603334,155.04744411,156.63732997,159.58875548,159.95719502,160.62116605,161.18344978,161.3310701]","[5,4,2,6,6,2,6,4,1,3,4,5,4,3,4,4,2,7,2,5,0,2,2,1,4,5,1,2,1,6,2,2,4,1,7,5,2,3,7,0,0,0,4,7,0,1,5,1,6,2,6,6,2,2,2,1,0,1,0,2,2,6,6,6]"
"[0.93026296,1.22292986,7.59506406,7.87797515,10.60785369,12.39721204,13.40047961,14.44401093,14.50830928,15.4162938,15.71804681,16.01985406,16.19186463,16.62568812,17.65656995,17.6824239,17.7921005,17.87431817,18.43540672,18.49038959,18.62127359,20.82795037,20.86125518,21.16992274,22.05660651,22.55856738,22.97315344,23.4903968,23.82165946,29.94714408,30.82288447,32.23587474,32.26726157,33.64752537,33.84361749,37.70420058,42.92007112,43.9084766,45.23028907,47.58586672,48.66459118,50.22007001,50.89353636,52.37089677,57.98979805,60.05484462,60.10662808,60.82909546,61.85033099,65.2781227,66.3698949,66.53653887,66.77529241,66.96757998,67.13576569,68.06068634,73.20704774,73.29971303,74.06369721,74.11972348,74.22726515,74.80711037,74.91958418,75.30723424]","[5,1,1,4,0,5,7,2,1,3,6,6,6,7,7,6,3,4,3,2,3,7,2,6,2,1,2,2,6,1,7,3,4,4,4,1,1,0,3,0,7,3,7,1,7,3,4,3,3,1,7,2,3,7,3,1,5,6,2,2,6,2,5,3]"
"[3.20256052,3.55431139,3.55919083,4.01757049,4.69201581,6.59159999,9.52670726,10.9694369,11.63782941,12.81786798,13.96558887,14.48224773,14.66394965,16.38213522,17.27384954,22.53621482,28.11321615,28.69068288,37.34291915,38.34327079,48.28968873,53.78225426,58.00028454,58.09197571,58.42667638,59.29931793,59.33891264,59.35952654,60.20289085,60.2419603,60.47973492,60.89371808,60.92431169,60.9526233,61.9947473,62.10722397,62.68713446,63.08930001,63.10035251,63.31675348,63.47811106,63.71153411,64.01760669,64.08304944,64.19133455,65.37457832,65.82769485,66.4341164,66.58086554,66.98242593,67.5088685,67.96723219,68.64905797,68.93438949,69.24685417,73.89948603,76.15292888,76.90294787,80.51176541,82.17374616,83.37947337,84.86355355,85.3515462,86.27993356]","[7,3,5,3,4,6,7,0,7,2,4,6,0,1,6,5,7,5,2,7,0,0,2,6,6,2,2,2,2,6,6,2,6,2,6,6,2,6,4,6,2,6,2,2,6,2,6,2,6,6,2,0,3,2,6,7,5,6,2,2,6,6,6,2]"
"[0.19648247,4.54743156,6.27094702,6.36170936,6.53141668,7.09174033,7.13025269,7.20820034,7.36755209,7.45643391,8.5133869,9.26070955,11.55322083,11.56065012,11.56870471,11.66554826,12.07077817,12.42509221,12.53167732,12.9640788,14.23293095,17.19695149,17.30842039,17.40857312,18.0518096,18.48661371,18.61528037,18.68497114,18.87248175,18.95249957,19.03896789,19.56586379,19.80042723,20.08718489,20.81489625,20.84165296,21.11471417,21.98281859,22.0351229,22.21501386,22.43866911,22.48590575,22.79206791,22.8121453,24.01327668,24.69108029,24.97510757,25.34731355,25.52344511,26.45115087,26.61066964,26.73001828,27.25388391,27.31161017,28.51258897,29.79247129,29.8962219,29.96172829,30.04254885,30.10450954,30.23449388,30.39975255,30.62533235,30.99300475]","[4,7,2,7,6,2,6,6,2,2,2,6,5,2,1,6,6,6,6,2,2,2,6,6,2,2,6,6,3,6,6,7,2,7,3,3,4,6,7,7,3,2,6,4,7,3,7,3,7,2,7,2,6,2,3,7,2,2,7,6,3,7,3,3]"
"[0.04870547,7.45762262,7.670518,9.17544339,13.06480323,13.643151,17.62102844,22.77173098,23.63719921,25.14931658,25.38864741,27.55180012,28.03241023,28.4963123,30.22465285,30.37037059,30.91654621,31.62927061,33.96181961,38.39727473,40.67440372,40.7245344,41.06604394,41.93608393,42.30379727,42.34151907,42.55081507,42.57218965,42.68691991,42.72320003,42.73780044,42.80232513,42.85987341,43.1119978,43.18026956,43.37883011,43.51178938,44.14324586,44.34457243,44.48242751,44.56100781,44.87328235,44.88638163,44.89052968,45.36850356,45.44905464,45.64883991,46.08330302,46.09302589,46.2297519,46.28954459,46.38522295,46.63279719,46.84330997,46.98313344,47.50745607,47.88642291,48.0352758,48.20733284,48.2583022,48.28365659,48.28367513,48.51231896,48.59664738]","[2,7,2,6,1,5,6,0,2,5,2,6,2,6,3,7,7,7,2,2,6,2,3,6,7,2,5,2,4,6,7,6,3,3,6,6,2,6,2,2,7,3,2,6,2,6,3,2,7,2,6,6,7,6,2,6,2,3,3,6,7,2,3,2]"
"[9.10015164,9.26179775,9.37395423,9.39520525,10.14099532,10.56415547,11.74226369,12.37979837,12.48390197,13.22856184,13.45047185,13.62526642,14.08435062,14.30764026,14.36684206,14.45080508,16.11653028,16.22591038,16.89150942,17.05716734,20.88398145,21.29297477,23.64728728,29.14844306,36.09643926,36.19459161,36.7339281,38.66970034,39.14338085,40.93000533,42.4759006,42.73704353,43.07622884,43.3751895,43.54105041,44.16516173,44.40862531,44.45975381,45.17061636,45.54767901,45.66491917,45.81059144,46.0322969,46.04969286,46.25034231,46.38161307,47.93639219,48.20688866,48.22852092,48.98433272,50.19331161,50.34347885,50.43304377,50.52395739,51.37611652,52.21689628,53.13321561,53.18859505,53.88689241,53.92358167,54.20860161,54.24658137,54.84267903,57.32812257]","[2,3,7,3,6,7,7,1,2,2,6,3,2,6,2,6,1,6,2,6,7,2,6,0,7,7,3,3,3,0,2,6,0,6,2,6,6,2,2,6,2,2,6,2,4,7,2,3,7,6,7,3,3,4,3,3,7,7,3,7,7,3,7,4]"
"[0.86587614,2.36078972,3.53797365,3.86076545,4.00613972,4.68317027,5.8887294,6.26820749,10.91774613,14.29617189,18.83995125,19.42308244,21.53379157,24.56680365,31.98906445,33.28325102,33.71517106,36.2022936,37.52758319,39.88492449,42.10781654,42.22084553,43.4015786,43.65245074,44.0080943,46.600708,47.83434913,48.80155671,49.62930266,52.56987028,52.8549496,53.48072333,53.76906519,54.62127386,55.59165927,56.28382012,56.91826448,58.48972967,62.17948014,65.51134289,65.89292391,67.2949936,67.89328887,68.08024516,69.55326819,70.31351991,70.36628918,70.48665364,70.72283675,70.74811515,71.34423463,71.58979913,71.83532052,72.75949039,72.80089484,73.11008731,73.26211471,73.36474954,73.89815875,74.32720483,76.79032486,77.48243679,78.62400493,79.65610041]","[2,3,7,3,7,1,3,5,0,5,3,6,7,7,5,2,6,6,0,2,6,6,6,2,5,7,3,7,3,7,3,7,7,7,3,3,7,0,5,2,6,2,6,3,2,6,7,2,4,3,3,6,6,3,4,7,1,0,4,7,7,3,6,7]"
"[6.12590453,8.76537482,8.94191799,10.60755563,11.00077126,11.18561066,11.5143482,11.58339711,12.28955756,12.78211977,14.02157719,14.20403057,14.87777313,16.42082861,18.21224276,18.9451258,19.63507671,19.83077516,19.84831001,20.18441855,20.33229543,20.93436872,22.01494958,22.73533478,23.13592798,24.20045633,26.25196706,27.20464544,29.58142965,30.88167022,33.97966009,34.74645787,38.01387088,38.23716804,43.13172955,44.85507363,44.89857194,48.76530347,49.43773797,50.04870686,51.29742114,51.99467486,54.61378289,56.78487363,61.5561133,63.11139847,65.39423009,73.37916092,73.38959108,75.08254129,78.49626415,88.4951985,102.00110387,103.88681367,105.26967304,106.05182179,106.06203414,106.39318576,106.58464223,112.83066443,115.57932812,116.39429076,117.32095138,120.35444636]","[3,5,7,3,7,7,3,7,7,3,4,4,3,4,1,7,3,6,3,7,0,7,7,3,4,7,3,1,7,2,0,5,4,4,4,7,5,5,4,0,2,6,5,2,5,4,6,1,3,4,2,7,3,4,3,2,7,3,7,0,3,7,1,4]"
"[1.64387797,1.97642742,4.48718305,4.84748474,4.85678109,5.42605308,6.5709846,9.59699543,9.80806159,16.66498758,17.80063818,18.65326736,19.03847998,19.93581061,20.76018882,21.09676662,21.19692424,21.43819252,22.11344246,25.97890633,26.01704602,28.26711407,28.49845311,29.44121523,29.56420035,30.15535341,30.80017858,31.13070067,31.55314324,33.0600726,33.42028773,33.57613756,34.07837254,34.86296625,35.63159246,36.76674528,37.01276753,37.15344547,37.27787854,38.49012761,41.53026247,41.54546872,41.70877926,42.38972876,43.57446306,43.75259003,43.89581834,45.72889749,47.00256385,49.06473279,49.33574282,52.89988933,53.67210008,59.14537557,59.93730917,60.83971426,61.02197022,61.14001158,61.18210133,61.56991309,61.58957555,61.63160145,61.66449188,61.91962551]","[3,0,7,7,4,3,7,6,3,7,0,4,2,6,7,3,6,5,2,0,6,2,1,2,2,6,4,6,2,5,6,2,2,2,2,6,0,6,2,6,7,6,3,5,3,7,3,3,5,7,0,6,4,2,0,0,6,6,2,6,2,1,2,6]"
"[1.61797598,2.05256928,3.86983956,13.11495301,13.53698608,14.61165989,16.29213401,17.27097771,17.41543609,17.43594729,17.50723928,17.53741399,17.92514924,18.07912735,18.4427036,18.73927099,18.78034434,19.02115055,19.41988326,20.84190451,29.20596547,29.4727026,30.00870759,32.20317268,33.99378037,34.28565663,35.19065855,35.99886765,37.65018231,37.84166466,43.88581781,43.98666753,54.25387408,55.43404368,59.08389633,60.91822272,61.7898232,67.62014659,72.28043537,82.10230781,82.9723259,85.317527,91.94986714,92.53539993,92.55398142,93.95046788,95.70657471,96.40995019,97.04044617,97.98456108,98.55627496,98.9377627,99.45650267,99.68019188,99.94708458,100.63979485,100.83462412,100.94680956,101.03933798,101.30047953,101.45770793,101.5461246,101.6494776,101.82096365]","[4,7,3,0,1,6,2,4,6,2,2,1,6,6,2,6,2,2,6,6,2,6,5,2,6,2,0,7,2,2,0,1,2,6,5,1,7,6,1,4,1,1,3,7,1,7,1,0,3,4,3,7,7,7,5,3,3,7,7,3,3,7,7,3]"
"[4.37449487,6.97278315,7.1787133,7.81242128,8.00425203,9.15138383,11.32577547,12.33237077,12.68192103,12.97206868,13.1798426,14.66358662,22.16493612,22.23273242,23.64708379,24.39449047,27.00785925,27.87551058,32.26065287,32.63140901,33.84791182,36.88840559,39.86002265,44.30171854,45.69941794,46.99294486,49.16106478,49.17934179,49.39075043,49.39612763,49.73381043,49.89949284,50.37662916,50.48177369,51.80269315,52.55882521,53.11806122,53.30421895,54.31328033,54.48276719,55.49157756,55.51223325,55.63438319,55.63593348,55.74612974,55.84759044,56.06298493,57.04910336,57.76300127,59.56520881,59.56868485,64.57750526,66.0744111,72.40786295,72.71173462,73.89460195,74.86498729,75.06672237,75.142639,75.57379833,79.42653046,82.75896172,83.45009953,85.40396411]","[2,6,7,0,7,0,3,2,7,0,3,2,5,0,6,2,0,7,2,0,3,5,7,2,4,6,2,6,6,2,3,7,3,6,2,3,6,2,6,2,6,6,2,6,2,2,5,7,6,6,1,0,2,6,2,1,2,7,2,6,5,2,5,4]"
"[11.66923916,12.43993618,13.1849945,15.29629247,16.77257552,18.39693492,20.88288059,21.33788375,23.69690799,25.75998455,26.12350691,27.30907783,27.45556333,27.82259614,27.87923348,27.93129873,28.10666185,28.93674731,29.04338267,29.05652063,29.46582404,29.74835931,30.66049996,30.71493936,31.70763145,32.39234408,32.93820421,34.87088834,35.06567153,35.48910559,37.36137022,38.13536784,38.44866628,38.57847216,39.32981195,39.48453359,42.31503715,44.64068482,44.95317382,46.02678602,46.92666931,47.4007053,48.00583526,48.20728888,48.2722586,48.90285901,49.26440371,49.41018837,50.69375897,51.26331363,53.31562836,56.14403534,58.6179036,60.52493222,62.18313298,63.07908301,63.47290553,69.52017517,71.44146453,77.65067163,79.77113104,80.38214473,83.64885312,83.97456841]","[3,7,5,1,1,0,5,1,6,1,3,7,3,3,3,7,0,3,7,7,3,3,7,2,6,6,2,3,6,6,6,2,2,1,6,6,7,6,1,0,7,3,3,3,6,7,3,7,2,3,7,5,7,3,7,4,2,1,0,1,5,3,3,7]"
"[1.47485984,5.76948363,7.9316655,8.1980415,9.97624704,10.05671098,10.99122818,12.73116276,15.42128542,16.80674753,18.00820768,19.66048125,22.56514481,22.66906104,27.81654778,28.6165719,38.21201962,41.99616616,45.49807513,46.9640461,50.32388876,51.12233958,52.66323313,53.24537785,53.38587721,53.62838284,59.06094449,60.52586338,60.92255142,62.91009115,63.88506744,65.03294972,65.694242,65.70579553,65.95551343,69.25241946,70.14096372,70.46416748,70.61254571,70.73658197,75.59228896,82.61491917,82.66594264,84.4377224,87.27995666,101.69502061,102.50010231,102.83893652,105.2392686,111.57421807,112.59551338,112.92148486,114.16052138,122.34848653,129.60930742,130.71571108,131.04240275,131.97521898,132.120474,133.06471031,134.06385186,134.09838251,135.83195789,138.19762535]","[0,4,3,7,3,4,0,7,2,5,1,6,2,6,1,0,5,2,1,6,2,6,6,1,2,4,7,3,7,3,1,3,7,3,0,0,3,7,0,4,1,1,5,5,0,4,0,4,0,2,6,0,2,5,7,3,7,7,2,0,3,7,0,5]"
"[0.68639923,0.82739833,1.58841967,3.44192326,11.27094972,17.33779081,20.76014079,21.4727437,24.36040695,24.45895543,24.52274451,24.89718237,25.09636075,25.97970236,26.11718653,26.75690841,29.34106908,29.58618254,29.59872166,34.43096038,34.54435119,41.07581787,54.86579151,69.30223961,76.07834074,78.81266627,81.11348626,81.23475631,81.46369191,81.94232472,83.38763238,83.98730861,86.74324901,87.10230564,87.26022068,87.48838144,88.46901133,88.83664152,88.94057645,89.24619951,90.51043713,90.56087554,92.64663151,92.6751458,92.75855607,93.38477127,93.48055425,93.65241645,94.11830996,94.49566586,94.92519496,94.93893188,95.20028636,95.2034855,96.06329791,97.79467814,98.6644776,98.77245786,100.20080568,100.37499096,100.4256979,102.59691088,103.13155299,104.2047358]","[1,2,3,7,7,3,1,3,7,3,7,3,7,7,7,7,2,6,7,0,5,6,6,0,7,1,1,3,1,7,3,3,7,7,3,3,4,3,4,2,3,6,2,2,7,6,2,6,6,2,6,2,7,1,2,2,7,5,1,3,2,6,2,6]"
"[0.17257052,0.41155431,0.50381447,5.67629953,11.45110318,12.22687175,12.83449294,13.17131454,16.63068973,17.47951459,17.74746768,17.81150038,17.84286384,18.86894505,18.92408859,20.62180627,22.7712728,24.63005484,25.07914999,26.22903392,26.61200172,27.53791089,27.68467887,28.39580401,29.03515272,29.93102535,34.72097296,39.11161226,41.75856841,46.50218229,46.81370545,47.41448003,47.53168838,47.82311154,47.89259399,48.45063651,49.34183062,49.54746078,51.43397038,51.93588812,52.53569017,54.46802596,55.84989952,56.01228874,65.79628055,65.96525615,66.99134601,69.81173413,72.82097445,75.36659334,75.43150649,75.44359569,75.64271002,77.14689896,80.38876659,96.06738536,97.6518956,99.98932436,102.99536921,112.66172274,115.14252246,120.06583109,122.1032694,124.09111713]","[7,3,7,4,3,7,7,3,7,4,3,7,2,3,4,7,7,3,4,3,3,7,4,3,3,7,0,1,0,7,3,3,7,3,7,7,7,3,1,2,5,4,7,4,2,6,6,1,2,6,6,7,1,1,2,7,1,5,6,5,2,2,5,0]"
"[2.49232649,4.92683235,11.70768175,17.44245658,18.22395573,18.3619677,22.62704298,22.7116458,24.62696887,24.78840986,26.46989155,31.99684589,34.29314159,34.84390659,34.90735628,42.06779362,46.32032869,47.04526312,58.41212405,64.25749585,64.33120568,66.00845024,66.56677837,68.33064234,68.96027601,69.50348506,69.81380464,72.28006156,73.20372643,73.7785094,74.24513176,75.43046041,77.33393984,78.11703256,79.22185619,79.49728678,81.30303192,81.71095376,82.7384317,87.21899482,87.4934321,91.18145666,91.44506366,108.64026223,108.95632438,109.43900605,117.21393849,121.91542785,124.23034713,124.29497988,125.82847425,127.6989383,128.6169319,130.0215928,133.45708217,134.66028527,136.41368633,140.46284953,154.87186784,156.38039144,157.02736266,157.03867818,158.86800862,161.47997668]","[5,4,0,2,6,5,7,4,3,7,1,1,2,2,6,2,7,1,5,7,7,3,0,7,7,3,1,2,6,6,2,0,0,7,6,1,3,7,7,6,6,5,5,2,0,1,5,2,1,2,2,7,6,2,3,2,5,1,3,7,7,3,7,1]"
"[0.44299284,1.86805644,3.12958743,3.56466648,7.88737993,8.70373726,9.750133,10.07286095,10.56196925,12.89000353,14.29097868,14.84973229,15.68185892,15.71823816,17.112594,20.38373089,23.18521047,27.00639259,27.87255266,28.18092204,28.73212173,36.75473699,39.23290329,39.66511665,44.04889862,44.60644938,44.98029051,45.02773945,45.11603999,45.61522237,45.8385801,46.35882119,46.37539746,47.52808189,47.67325102,47.73077932,47.84526595,48.5203475,49.7796919,49.99124257,50.40136327,50.49344486,52.52093527,52.80073045,54.48204183,55.01439523,56.35714256,56.5442876,56.70157308,56.87447286,57.17783038,58.46815187,59.7246563,60.36128565,62.26470196,62.52133105,62.92410387,66.66906038,67.59316993,71.63355956,72.80254484,74.39052942,78.65848652,78.74504373]","[4,5,0,5,4,7,0,0,7,3,7,7,7,1,3,4,1,7,5,3,0,0,2,6,6,2,6,6,2,1,2,6,6,6,4,2,2,3,2,6,2,6,2,6,2,1,6,2,2,6,6,2,6,0,5,2,6,5,6,1,3,2,2,6]"
"[0.45011674,0.71371456,1.5345459,1.78034201,1.80971685,2.89148159,2.951693,4.58628987,9.05715831,9.24622347,10.24604039,11.64096134,16.72511506,21.5476644,22.4588522,22.66263249,23.95525051,26.98987268,27.50601839,30.31160628,31.35604111,31.93540659,33.92630142,34.10973117,36.49553721,39.68143516,44.98465746,47.37391952,48.08715638,57.00114443,57.28018846,57.55075869,58.42113221,58.63330418,59.26891746,59.53851754,59.57378419,59.76250555,59.89594344,61.41410969,61.63053556,62.10622907,64.18545451,66.09268724,68.20687115,75.07376406,78.20753452,81.90453626,82.36659521,85.09589132,86.04916628,87.88910205,89.49552482,89.74822392,90.3699617,90.60472667,90.63553213,91.04793909,91.06927151,91.75217981,91.79207857,92.12177262,94.34122676,96.05188756]","[3,7,0,5,3,3,7,7,2,6,6,2,5,7,4,0,5,3,7,0,6,2,0,3,0,5,7,1,7,7,2,6,3,7,0,3,3,7,7,7,7,3,7,1,1,1,2,1,2,6,6,2,6,2,2,6,6,6,2,6,6,4,2,2]"
"[7.04951417,8.7803745,10.46080538,15.63588364,17.0211526,17.35454174,20.4736019,20.69552705,20.93335795,21.5673832,21.76480565,23.49945897,25.65558894,26.39442126,26.97681427,28.06854795,29.72942598,31.77933925,33.66424321,34.42730199,34.45881597,36.10423974,36.68592354,36.87867696,38.97719348,39.5120616,43.06723166,44.27218696,44.41769374,45.15762225,46.39862646,50.2297707,50.26717009,54.72381023,55.00826336,56.25104317,57.55154597,57.71922044,60.85071261,62.70736712,64.28042376,64.29755133,66.39190225,67.15414402,67.68101789,69.92556886,72.30494427,75.16539562,77.44092759,80.42225793,81.61568026,83.8292472,84.34430436,86.35643198,91.17145022,91.84096293,92.61297029,94.09508241,97.84833839,111.20871583,111.52817187,121.19732298,143.67749526,143.94876395]","[7,3,3,7,2,6,2,6,2,4,6,2,1,2,4,0,4,2,1,6,1,2,7,3,6,7,3,4,7,7,3,3,1,7,3,1,2,6,2,1,5,3,7,0,3,7,1,5,4,4,6,7,0,3,4,3,3,5,0,0,5,7,4,1]"
"[0.39606512,2.49131432,2.87565958,3.22888031,4.35781796,5.52591308,6.53012972,6.54892244,7.65198582,8.06976043,10.68610901,16.19428193,25.75600712,30.92020683,33.9734142,37.18781783,42.15281834,43.22712744,52.18707534,52.60053796,53.84245278,54.85821034,55.36346059,55.54015174,58.73560235,58.93526033,61.20459575,61.94328695,62.39755651,63.0132411,63.27237647,67.64047971,67.69609823,68.92032258,69.55026991,70.03453072,71.27967684,71.47672039,71.6304879,71.7806773,74.55671404,77.39517814,78.63242192,79.38344065,79.94896031,80.08365389,80.18788583,80.52156202,81.40839985,81.63176433,83.05234675,83.07013072,86.2629154,86.50665742,86.66756217,86.99690636,87.24647801,87.471706,87.8402971,87.98207497,88.83734168,89.53161503,91.43302768,95.41488478]","[1,1,7,5,1,0,5,0,7,4,5,4,7,2,1,5,6,2,3,3,3,7,7,7,3,7,0,6,2,7,6,3,7,7,3,3,3,3,4,7,7,0,6,2,6,2,2,1,3,7,0,6,5,6,6,7,3,2,3,3,7,1,7,1]"
"[4.93132932,5.71931989,7.32059406,8.10409042,12.9725459,17.34530916,19.70885824,27.21978589,27.69577382,28.5823607,30.65307348,36.40541552,49.54792872,51.48586516,58.70899723,59.67496715,59.85432971,60.05052104,60.20823909,62.26929231,64.07395697,64.50757754,64.57730295,64.83979788,65.47392091,67.36054494,68.43091354,68.58855631,70.68934122,70.88575111,71.53393163,72.38670202,72.949385,73.01896039,75.1459755,75.36412607,75.39208661,76.29368837,77.19694364,78.02292624,78.40891768,78.48759147,78.95863838,79.13372875,81.40319131,82.20449555,82.49223389,82.73388171,83.03379917,83.09722254,86.00663636,86.94326288,87.49676848,88.34677682,88.46050144,89.06287384,89.40622411,89.90643562,90.04081489,91.88108552,92.05415392,92.64725994,92.77428411,93.5254815]","[0,2,5,0,4,1,0,1,3,5,3,7,0,4,6,7,3,2,6,1,4,7,3,3,7,6,7,0,3,7,3,1,6,3,7,1,3,4,7,3,3,7,3,4,7,7,3,1,7,7,2,2,4,3,7,3,3,4,7,3,7,6,7,2]"
"[3.34722836,6.43823885,7.46274157,8.39584786,8.68533717,9.9453736,14.03012482,14.65108978,15.20515805,15.6855439,16.52168017,16.72595511,17.59410147,21.35733574,21.72244401,22.04822707,24.93181775,26.28799763,30.8560217,32.32233114,34.85544666,35.57302509,36.10345104,37.29475396,40.00623879,41.14462002,44.76971417,47.08884719,48.06321996,49.87946262,55.3785782,57.58181168,60.33004699,61.28343493,61.7555073,63.0200688,63.50019815,64.30673425,65.54820775,65.56420813,66.68582818,69.58600338,81.34206619,94.43312686,101.64297651,105.26186782,105.9989877,106.09309401,107.76564725,109.40057199,110.70918576,112.1143586,114.58991854,118.23518294,121.67048406,139.8447041,141.27197726,145.46285765,151.87194369,152.21701906,152.99037764,154.06281637,157.13687717,162.29842606]","[1,0,3,3,1,0,3,1,7,7,3,6,7,7,3,7,3,3,7,3,1,7,6,2,7,2,1,6,0,5,5,5,2,6,2,6,6,2,1,2,6,7,7,0,7,5,3,3,4,3,3,7,1,3,1,5,1,1,2,6,6,6,1,6]"
"[2.8746861,6.33274849,12.39891669,12.79655851,14.07004322,14.67185731,18.01416338,19.70903737,22.88975585,34.6103513,35.77125094,39.97495716,40.07135678,43.00842296,43.26526216,43.57964678,44.64637674,45.24006418,45.44501579,45.44951283,56.7534544,58.08615814,59.98465065,61.27083685,61.31322321,62.36995601,63.57913205,64.26384118,64.48753469,64.7486199,65.46471564,65.83998766,65.93726916,67.92163615,67.95452791,68.3706087,68.67357396,68.67618471,68.71470004,68.74415073,68.88087861,69.05562686,69.15595747,69.3921418,69.42056179,69.72255831,69.72405664,69.78068286,70.29731598,70.85770847,70.90212314,71.18700123,71.33709437,71.88156674,72.06865575,72.12205804,74.30196631,74.57179236,74.5982508,74.83480938,75.81533488,76.77389079,79.503827,82.86637716]","[5,7,2,6,1,5,6,5,5,5,1,7,6,7,6,2,4,2,6,2,1,1,2,7,2,6,2,7,3,1,7,5,3,7,3,7,3,7,3,3,3,4,7,3,7,5,2,3,3,1,7,6,7,2,7,7,7,6,7,7,7,4,6,5]"
"[6.77315684,7.84361346,13.43106132,17.07645479,18.56714463,21.75863017,24.17878554,24.2599235,24.28014792,24.48255016,25.5248445,25.66388636,45.20250262,45.89730327,48.4961829,50.76209637,54.54560633,56.82950677,57.8646253,59.57015197,60.2032779,60.76162707,60.77301948,61.17135436,63.43485289,64.1285446,67.04264038,72.56232953,72.60920178,73.28230893,73.60699133,76.63816909,76.83763836,77.04182818,77.42116177,77.5183764,77.91257413,78.32790456,79.04337791,79.76852642,79.77301106,79.80450177,80.57857052,80.63035306,80.74924091,80.87793297,80.96231454,81.53436869,81.5386968,81.84876645,82.44232011,82.50746903,82.52216644,82.74434532,84.77692792,85.00275952,89.04385175,90.71613302,91.25142459,95.73377125,98.69991087,100.04368069,101.2703795,101.61309444]","[5,1,2,6,2,2,6,7,6,1,2,1,2,7,4,2,3,6,2,6,6,2,2,2,6,4,3,1,3,7,7,3,7,3,2,3,7,7,7,7,7,3,7,0,3,3,3,7,4,3,7,7,1,3,5,0,5,0,5,7,0,5,2,0]"
"[2.67701343,2.85002629,4.31675185,4.73745783,5.12452065,7.26053821,9.44393484,17.15116871,17.51720978,17.97576297,18.62094835,19.21775399,20.81398558,20.99317591,21.40004177,21.46062097,21.92760817,23.81953365,23.88550034,24.41788611,27.03814134,27.05977421,27.1633827,27.25050015,27.63667895,28.32988694,28.53032546,29.77930196,30.18565064,31.33718451,32.29093051,35.88305672,35.93641773,36.10929312,36.13791922,36.75465969,37.20210273,37.45796313,37.51838783,37.66622597,37.6864472,38.14620517,38.23057449,38.30996722,38.50095294,38.50861137,38.99242085,40.21018167,41.51751381,43.10717826,44.80087893,45.3409372,46.13408006,48.59428481,52.04918601,52.37358716,53.10283002,53.15241014,54.59670297,54.66333274,54.97093601,55.06931724,55.10779528,55.42808238]","[7,7,1,2,7,7,0,2,6,2,6,2,6,6,6,2,2,6,6,6,1,6,2,7,1,2,2,2,2,0,1,6,2,6,2,2,6,2,2,2,6,6,6,2,3,6,6,6,0,7,3,7,7,3,4,3,6,7,2,6,2,2,6,6]"
"[1.27697537,3.15977313,4.35912203,5.27340868,5.3959521,6.09684354,6.80151553,7.2694873,7.34854119,8.17179442,8.99604895,9.32847693,9.35500539,9.97531283,11.92371084,12.06455965,12.17712701,12.31790208,12.87833819,13.90493411,14.10285634,14.8241218,16.67888995,19.86677006,20.88834492,22.47711373,23.0051881,25.31877365,35.69035803,43.20780322,49.79458133,51.19918308,51.70678674,53.98270342,54.63190562,57.11649637,62.7546779,63.42885934,63.53393482,64.07359396,64.09089993,65.14332149,65.46350755,65.78847149,65.83410462,65.94337995,67.72248358,67.89469704,69.12431956,69.25929897,69.32531865,69.5962628,71.24142754,71.3392435,72.58228584,73.95093768,74.01057259,75.41907555,76.6365021,76.89632262,77.50370696,78.6076651,78.7730286,79.01958955]","[7,6,6,2,2,2,6,2,6,6,6,2,2,6,2,6,6,2,2,6,2,6,0,2,0,3,6,2,0,7,1,0,1,3,7,5,2,2,6,6,6,2,6,6,1,6,6,2,6,2,2,2,0,6,2,6,2,6,2,6,2,2,6,2]"
"[0.33968274,1.04167741,5.28439628,9.77734976,11.59527841,16.34534133,20.55804585,21.23950919,21.73721173,28.38167354,29.14857337,35.44946652,36.67303558,39.29838963,40.22481285,40.52780243,48.58802514,51.77150554,53.81887646,54.38280234,55.17780592,57.2012786,59.2573692,71.76516162,71.86738444,73.3829158,76.30925487,76.78465307,77.31799834,77.81221638,78.40334632,78.88966242,78.90607424,80.49002852,80.74231465,81.27187741,82.97793023,83.29846556,83.32178812,83.7277454,83.75897143,83.84333746,86.10933494,86.32428535,86.67032818,86.70464166,87.03417345,87.05079762,87.27239754,87.45254526,88.05547028,88.4394311,89.92505332,94.04744649,95.13018569,99.2645867,100.11522129,101.37119115,107.79868945,109.53369509,110.45635385,111.4694096,111.81511498,112.40469264]","[1,4,3,7,5,6,3,7,1,0,5,2,6,4,4,2,6,4,4,5,7,3,7,5,0,2,0,2,6,2,6,0,6,3,6,7,2,2,5,3,4,2,2,6,6,7,0,2,3,2,2,6,7,5,6,5,1,0,1,2,6,2,2,6]"
"[0.88051232,2.37534402,3.43602933,8.67325463,11.3535242,13.28646343,15.40153716,16.61301169,17.46072657,17.82571004,18.07726328,18.7286011,19.23662877,19.29337375,20.29701073,21.04618035,22.2583903,23.99841942,25.2074799,25.58788481,25.71288149,26.07769389,26.13258272,26.33232448,26.49953599,26.90260825,26.9087422,29.02367101,32.53286094,36.74922032,39.39798809,39.55606084,39.74970329,39.85308256,39.95958173,43.43226198,52.13322989,52.31801373,52.6985029,52.95368462,53.0693569,53.70496451,53.97044514,54.59528163,54.96981612,55.44300962,55.76714592,55.86011441,55.94640525,56.02756676,57.47922659,57.70991949,57.93816729,58.60466426,59.16222562,59.25535587,59.30192133,59.42782246,59.46528412,59.71705272,60.03797321,60.29958267,61.30364699,61.4354764]","[5,1,6,1,7,1,1,3,3,7,7,3,3,7,7,3,3,3,2,6,6,2,6,4,2,6,6,2,6,5,2,1,5,6,6,2,7,4,3,7,3,7,7,1,3,3,7,3,5,3,3,7,7,7,5,7,0,3,7,7,3,7,3,7]"
"[3.99720874,8.59258867,8.64019856,9.45832827,12.81113433,13.13895848,28.22818219,28.29088265,29.34989705,31.75654458,31.88573357,33.68065517,34.79065313,35.02669117,37.6692551,43.49384756,43.83978588,47.77303302,51.76649577,51.78080716,51.78366226,51.8426442,54.05323445,54.16255291,54.33737524,54.43683539,55.43311093,56.85451737,57.60618419,57.69482842,58.3706529,58.48367617,58.70597734,59.481351,59.87310234,60.44940791,60.45411428,60.53750038,60.74697042,60.81299214,61.23860355,61.36418334,61.39336005,61.51127122,62.7254243,62.87952649,64.37312285,64.60061615,64.82422521,64.88099456,65.20973799,65.56477949,65.87894545,66.04051009,66.4263049,66.67330699,66.96873622,68.33731506,70.74582224,77.92111426,79.55544025,81.12021787,82.76814753,82.87722503]","[7,2,2,5,7,3,4,3,7,1,3,0,3,2,6,5,0,7,3,3,7,7,7,7,3,6,6,7,2,3,7,3,3,2,7,3,3,7,3,3,7,2,7,3,7,7,1,1,2,3,7,1,7,3,7,3,3,3,7,1,5,0,6,2]"
"[1.93900934,4.00367245,5.88940834,6.15205502,7.52600148,8.85649057,13.22148021,15.70065663,16.43210079,17.67090187,17.72953859,17.87811817,19.04843168,36.03209202,36.53172082,38.88404058,39.20883979,42.05352824,45.32904969,48.29534726,49.95023783,51.52018887,51.58010512,52.19245747,55.6659452,56.61752206,57.02986298,57.67928776,59.17446806,60.0519261,72.56615727,74.84085337,77.48062056,77.6585598,78.30690298,79.1137634,79.82960298,80.29642769,80.46343805,81.50309858,82.43210711,83.23581958,87.26699077,91.18007036,91.79424736,92.30781077,93.35940735,94.81136815,95.56855018,97.17743905,97.36654364,98.10541905,99.78544622,101.99181907,107.06774906,108.28409388,111.1466424,113.32408805,113.99799503,114.11927844,115.01342914,115.04052825,115.8908254,116.8010074]","[3,0,1,7,1,4,4,0,4,7,2,1,6,3,2,6,2,7,5,2,6,2,6,6,2,0,6,2,4,4,3,1,2,6,2,6,6,2,4,2,7,3,2,6,2,6,2,2,3,6,6,2,6,2,6,2,2,2,6,3,2,6,6,0]"
"[4.20062793,10.65289394,20.44076663,22.738474,23.99773002,25.10679959,25.43977481,25.54081614,25.9750462,26.01877488,26.90517106,28.15267359,28.22739761,30.05259651,31.53841216,32.55631743,36.15693565,36.60761914,41.12288208,41.4589381,42.13142996,45.05462566,47.79413572,53.14722111,53.51246226,53.6305457,62.97445127,64.06513244,64.24716953,67.30524362,67.5521785,68.24291048,74.94765298,79.08239487,84.51215254,91.07165138,92.26975706,94.07747371,95.4025237,99.73186183,100.86519936,103.12550095,103.53931019,104.39075684,104.98143191,105.05456088,106.72366241,115.14558792,115.85794778,121.71479128,121.78692383,123.07012449,126.8836098,127.51145773,128.26317996,129.25772548,130.04797572,130.57980164,130.90927168,131.96283021,132.44133013,135.76829204,139.93431557,140.57895675]","[0,0,7,7,6,3,3,7,1,2,7,7,1,1,1,3,1,5,3,4,1,6,0,2,2,6,3,7,0,4,5,1,5,5,0,5,3,7,0,2,0,7,3,3,7,3,2,0,5,1,6,2,2,6,2,2,6,3,6,2,6,4,2,6]"
"[1.01025869,1.03565336,3.02700134,8.67794088,12.91493073,15.01434194,15.58580384,15.71498028,15.91686742,16.08964515,18.06748767,19.51319624,19.66106424,21.71431833,21.89997106,22.50313414,25.1300602,25.20293101,25.81382912,27.5239232,27.58776266,28.17962692,28.37247935,28.47173501,28.71779965,29.38090286,29.76452036,29.79092251,30.28951441,30.48874502,32.49425566,33.59433976,34.10869767,34.5546003,35.00401177,35.29121523,38.31711983,39.74138199,39.88774261,39.93549796,40.07594861,42.25294452,46.73487606,52.06579037,52.95181843,53.67131275,56.00799197,56.55726812,56.99055843,57.10506831,64.12111293,64.35521497,65.58485942,65.74930592,68.19630387,69.51337844,69.89692023,70.52240134,74.41160705,78.41853313,79.94383065,81.32313634,81.63081343,85.17217409]","[3,7,1,7,0,5,6,7,5,5,2,3,7,7,3,7,3,5,7,7,3,3,7,6,7,3,7,7,5,3,4,7,4,3,7,7,5,7,3,3,7,7,1,3,4,1,0,5,1,3,7,3,0,6,2,6,6,1,0,2,0,6,2,6]"
"[2.65495057,10.11614136,13.22472014,15.5832285,16.25468429,16.5351401,17.0495555,17.41223403,18.20696214,20.03298086,24.01046404,24.82769614,25.43519068,26.22405343,27.40615782,30.38969126,36.3338212,42.27867585,42.94332083,43.29869862,48.90616993,54.41075403,56.23594731,58.46112828,58.81186468,64.32307693,64.83379645,68.83136748,69.46508049,73.79515157,76.1382587,77.96329182,80.01629816,83.70891686,84.99902502,85.97080694,87.15043301,88.59127082,89.00656092,89.16017242,89.73500463,89.97650532,90.23669695,91.54271277,93.20602767,97.00492273,100.67333639,104.71906955,109.56511207,110.69181037,119.69696728,128.27955142,135.19679045,139.55960334,146.1880498,146.67567927,163.17561377,163.34424121,164.92522895,170.97544512,172.94207072,173.22554734,174.77773507,174.95335328]","[3,5,5,6,2,2,6,4,1,1,0,3,7,4,2,5,0,4,4,1,6,1,7,3,7,4,0,5,2,7,7,7,3,1,7,3,4,2,6,7,1,3,7,6,2,5,7,1,3,5,5,1,0,1,2,5,0,7,1,3,3,7,4,5]"
"[8.89279813,10.45271906,11.5519104,11.59188845,11.64078249,11.91840456,11.98270627,13.94959429,14.11541936,14.69619388,14.72022956,15.09967567,15.33098295,15.39683273,15.53088942,16.71862697,17.05537466,17.13377682,17.46283491,17.77512182,17.80867993,18.31017246,18.75989288,18.76210787,18.93015364,19.39495269,19.73824136,20.01495722,20.14471105,20.6129791,21.25157876,21.73918147,22.06295164,23.01653558,25.57728598,26.29649309,26.96311929,28.75779374,30.60779533,34.72192897,35.9248006,40.60551374,40.67239384,40.87282907,41.14744583,41.92184873,42.35861783,42.98126961,43.53436749,45.05751066,45.73421553,45.7721195,46.62408251,47.05543702,47.20509347,48.32129478,49.38250907,49.77494657,49.78638854,49.87127025,51.41774846,51.42787279,51.56127833,57.76349995]","[5,2,6,2,2,6,6,4,6,7,0,2,2,0,6,6,6,2,6,7,2,3,6,6,2,6,2,3,2,2,2,6,5,2,2,2,6,5,0,4,2,5,5,2,3,7,3,4,7,3,3,7,3,2,3,3,0,7,5,3,7,5,7,0]"
"[5.90486152,6.38895012,10.74876887,15.84601729,20.32234042,20.85662029,24.83672621,26.28109137,27.62868207,28.95097621,29.40306074,30.16541893,30.98312129,40.56603539,44.52465779,44.84682391,47.36313233,47.36316759,49.93405041,52.87716857,54.72122257,58.18862244,58.49339551,59.85958606,60.25548088,60.39412861,60.65750593,61.65836306,61.82111159,64.85149288,66.01257906,67.60157821,71.02643552,72.50001271,72.86257391,73.91532977,75.42962676,75.69655807,75.73470325,76.44762785,78.03701836,81.25089027,84.22274155,84.49642403,87.84236677,87.97145484,89.1402258,89.3731858,90.16006101,93.61783804,93.84605958,94.13390237,95.74413383,96.38510472,97.27647935,97.61718672,97.71781263,99.09259857,99.45221564,99.74308664,101.84849218,102.61293691,105.28762088,107.2564371]","[1,0,0,0,0,7,3,7,1,5,3,5,2,4,4,0,5,4,1,6,5,3,4,6,7,2,6,7,3,1,0,6,4,7,5,1,3,0,7,5,4,2,6,2,7,3,3,7,5,7,3,7,2,4,6,6,2,2,6,6,2,2,6,6]"
"[3.50234933,4.41406745,8.39027042,8.66073445,9.22833833,13.90767286,14.63498046,16.65354003,17.06975848,19.88376134,20.83628261,21.84137822,21.89309391,32.92848113,33.91344799,36.64045257,39.60012885,39.97394054,44.34004096,44.92247753,47.41011743,54.46985702,54.54348009,55.68964036,55.92068007,59.83496585,60.9288301,61.85548621,62.69350904,63.19533722,65.12810074,66.51815033,67.85387119,72.03420964,73.04841007,73.39715097,78.96062905,79.44722959,79.50381446,80.0276671,80.85015959,87.92388013,95.92655523,96.66393582,98.00114905,100.68671276,100.69546581,100.7118487,101.21737855,102.70136508,102.78448259,102.8628082,105.63918632,109.85485059,110.20907117,110.29823224,110.55610913,112.54932811,113.11730518,114.08401017,114.46551144,116.25239596,117.78049124,117.87037935]","[0,1,4,0,5,7,3,3,7,7,7,0,1,7,0,5,3,5,1,2,4,2,5,5,0,5,2,7,3,6,4,3,4,2,5,6,2,6,0,7,5,2,3,1,7,3,7,2,3,7,3,3,4,7,0,3,7,3,1,4,3,1,7,1]"
"[11.17722749,11.71138123,11.96442594,13.10846089,13.6883647,21.72230734,23.13750183,24.38678251,25.08072939,25.15255956,26.38976791,26.47465015,26.59736214,27.82591649,28.21598275,28.28416896,28.64706869,28.80114797,29.11966704,29.37545176,29.39084888,29.53647723,30.0870177,30.8398496,30.84334595,32.06062759,32.84664803,33.45957372,33.75697947,34.19384065,34.27566743,34.67355579,34.79228866,35.68441228,35.95354032,36.69845538,36.758638,39.68435395,41.82257498,42.0851074,42.77462079,42.99717181,45.19465369,45.39167813,46.40995442,48.22645845,48.81926826,49.52361127,50.93479519,52.01779692,52.06724767,52.54846775,52.55614925,54.80145063,55.93045756,56.08078961,56.20471537,57.11020715,57.55329377,57.98124849,58.87068883,59.76646666,60.50569211,60.88900381]","[1,4,3,6,2,7,3,7,3,7,3,7,3,7,7,3,7,2,6,7,3,3,3,7,3,2,6,7,7,2,6,6,3,7,2,3,2,3,7,7,7,3,3,7,2,3,7,3,3,7,7,3,3,3,5,7,2,3,2,7,3,4,6,1]"
"[3.6984199,7.49425561,10.46882424,11.29230349,13.50734182,15.67211894,16.09986822,16.38238309,16.47708378,16.6792877,16.77972913,16.83995841,16.97849598,17.80077743,18.76520142,19.25855818,19.75170273,21.09335026,21.21969183,21.32461011,22.91055902,22.95733395,23.03929156,23.12926002,23.32184203,23.37847836,23.89766404,23.97040548,24.18840223,24.71908205,24.74113429,25.47682488,25.49174875,26.07879102,27.26540766,27.88062658,28.3281479,28.53449206,28.97779226,30.27208849,30.60633908,30.72079196,31.93475838,32.54887621,32.57321494,32.78496543,33.22467981,33.7654895,33.91666548,34.15635635,34.30513584,34.58602715,34.8047438,35.0840333,35.85011992,36.12422247,36.19284147,36.57886173,38.05920989,38.82376528,38.8771418,39.24179086,39.43058949,40.24596338]","[0,1,6,7,0,0,7,3,7,3,7,7,3,0,3,3,0,4,7,3,5,7,1,3,3,7,7,7,3,3,3,3,7,3,7,7,3,3,7,7,3,4,3,7,2,3,7,3,7,7,7,1,3,7,3,3,7,2,3,3,7,7,7,3]"
"[0.70738496,10.99062153,11.03977529,11.43587506,11.46933515,11.73813497,11.83565321,12.69523193,15.0821613,20.1374908,20.26978405,20.82213693,22.66365807,24.65710085,25.76323685,26.10936895,26.69598441,29.52288957,30.48876668,32.98975694,34.24859078,37.0790454,38.81862778,38.92577199,41.1142882,41.11515028,44.38414388,45.83512284,47.42626182,50.26351645,52.91725478,54.51500997,60.50347785,60.5956429,67.14728755,69.23132512,73.08782569,73.60440335,74.37321122,74.59174853,76.06131171,77.35511027,77.66605718,77.88994449,78.30093671,78.52632874,78.64578418,79.31314619,80.06113939,80.1685642,80.20204314,80.78495647,81.54721538,81.91928719,82.05809537,82.13035494,82.2836381,82.29133182,82.74930155,82.75592121,84.26825431,84.69808258,85.35333023,85.64393994]","[5,2,5,2,1,6,2,2,6,6,6,2,2,6,7,2,6,6,2,5,2,6,2,6,2,2,5,0,6,6,7,0,2,6,0,2,4,6,6,2,6,2,2,6,6,6,6,6,2,6,2,6,6,2,6,2,7,6,6,0,5,6,4,1]"
"[9.12124336,10.57299148,13.53113865,14.90692504,16.01153637,18.06778361,19.45261444,20.15123584,21.99044947,26.01722605,36.96639054,37.34674967,40.86044393,42.62989152,42.74115532,42.81259911,43.00059793,43.36556005,49.35052987,53.83549341,54.17321759,54.19989098,58.93482892,60.96973236,61.01442123,61.53248969,62.76173898,63.5221186,64.79039829,65.59966575,66.16010141,66.21162796,68.58600223,70.23819668,70.30744575,74.68223832,75.97226903,77.00696847,77.21327592,77.58896611,78.33869101,78.5236791,82.58506488,83.2287396,83.53421671,83.69598925,83.79620541,84.01473362,85.56374708,87.52098923,88.76732157,92.43888242,95.77120138,97.43069336,98.80940501,98.8941164,98.98513548,99.47068227,99.70768372,100.34725744,100.43971831,101.02385366,101.11426719,101.18509577]","[1,1,2,3,7,4,1,7,0,3,2,6,1,0,7,0,3,4,7,4,4,7,2,0,2,6,2,6,2,6,6,2,0,6,5,6,7,0,3,4,7,5,2,3,6,2,6,6,2,7,6,2,5,3,3,7,4,7,3,7,3,7,3,0]"
"[5.45191479,5.45925815,6.74058166,7.04983202,13.12088578,13.47159071,14.18841886,24.27255259,27.952646,33.99388161,34.43939898,34.9659844,37.78480091,40.48193965,42.30596971,43.79937882,45.24830677,50.03040225,50.0611464,52.5553322,52.94400864,57.64628908,58.7939186,63.46626876,63.54552539,66.51746527,66.53623742,70.44760311,71.70608274,72.01930791,72.61193068,75.3302845,75.48199418,77.63478761,79.70112009,81.44854147,81.65833711,82.77664451,82.81999882,85.04037012,86.78209062,87.55887575,89.63156211,90.24876513,94.93077605,95.63601853,96.51840067,96.81089059,97.6616582,107.67118828,115.97464701,124.71676675,127.70591178,134.84118654,135.97747385,145.50904096,148.11954315,149.14043707,150.35940551,150.89452296,151.05115,151.53063445,151.60185344,151.9328228]","[7,6,7,3,7,6,2,6,5,0,1,7,0,0,5,6,7,5,3,7,0,1,5,4,2,6,2,1,4,2,6,2,4,3,4,6,2,1,2,6,6,2,0,0,3,7,7,6,1,5,7,0,2,5,5,0,1,6,2,6,2,4,6,2]"
"[2.41257135,2.6247047,2.86148074,3.78319426,3.88978775,7.27716632,7.73199303,10.15151173,10.20447711,10.54968246,10.80255047,10.86084913,11.05976496,12.06951426,12.28250177,12.4499375,12.76680985,12.92773518,13.14405954,14.77258664,15.7715061,16.23083513,18.55228908,20.76796731,21.30186221,22.24934047,28.44237603,30.88918355,34.29974705,34.32367489,36.03541407,39.13903732,39.20976272,39.54733789,39.92097687,39.92621708,40.46191668,51.07557554,54.42009779,57.14598165,63.85649534,66.62319436,68.75139613,73.40635179,81.28312964,83.8049733,85.18760839,85.82058707,86.06713764,86.91777675,86.96125305,87.01793304,88.06419693,88.63472566,88.94588314,88.97453086,90.17728107,91.6424406,92.21014856,93.1372581,93.1880472,93.99293648,94.14169403,96.12940176]","[4,3,5,3,4,0,2,2,6,6,2,6,5,2,6,2,2,6,6,4,5,6,6,2,6,2,4,2,3,7,0,2,7,3,3,7,7,4,5,2,2,4,1,1,3,7,7,4,3,7,3,7,7,3,7,2,6,3,7,7,3,3,1,1]"
"[3.69223826,10.61677561,11.03358644,13.07393275,15.3605034,16.45830174,18.06487054,18.88241779,20.02330706,22.24975949,24.07596749,24.11003224,24.40537764,24.52314716,24.62426337,25.57065077,25.62998912,25.89725473,26.96289875,28.25010584,28.9441105,29.70763928,30.6949831,30.97190331,31.22577092,36.51286133,36.78408044,37.01789897,37.71932114,39.50006965,48.17241152,50.80265079,51.48512692,54.4100397,54.88990099,55.18262981,56.38376441,57.30282474,57.76468386,61.90988245,61.9202073,63.54132853,65.10489827,66.9511678,67.19076864,67.56598543,68.28598879,68.37723918,68.60886487,68.68154571,69.25988486,69.41684726,69.91588407,71.82727879,72.23830547,73.73927081,75.66117303,75.76215478,77.59919396,78.15660284,78.46204888,79.33513586,79.81854883,80.49827731]","[1,3,4,0,2,6,4,2,7,0,3,5,1,3,7,7,7,3,3,7,3,7,1,7,7,4,0,0,7,1,1,7,3,7,3,7,5,7,7,7,3,7,7,7,3,3,2,7,3,2,5,6,5,7,2,3,7,0,3,7,7,3,3,3]"
"[1.70808639,2.77411561,2.91564991,3.64079232,4.31684671,5.7947217,7.47467329,9.4719617,10.38687887,12.47626609,13.58146948,15.07048516,16.10475551,16.48575833,16.98423187,17.11812456,17.33691886,17.35918807,17.46024299,23.78998483,24.27604268,28.74482619,31.13027907,31.44417655,32.369563,33.15277988,33.57156349,38.65583398,40.39348397,40.42996032,41.11662269,41.96937618,43.56321562,43.59474411,44.66815751,46.15796338,46.24186751,46.90754855,47.02301515,47.25236604,47.27276679,47.39730684,48.1551167,49.1417941,49.21991349,49.90600116,50.33748108,50.42062325,50.72619042,51.95382518,52.51120084,52.57281878,53.52129897,53.90236305,54.12482987,54.47143807,54.6698079,54.80624942,56.08547186,56.47257591,58.69012999,59.50597882,60.25227478,69.72832597]","[7,4,2,6,3,4,0,7,2,7,2,6,2,6,2,4,6,2,6,6,0,3,2,6,2,2,6,5,2,4,6,6,6,2,6,2,6,6,3,2,6,2,7,2,7,2,3,3,6,6,2,2,6,7,3,3,2,1,3,7,7,7,5,2]"
"[3.21278854,4.40032991,4.47938046,4.51243462,4.89861881,5.15341247,15.27700437,15.40989456,15.84602652,15.95804803,16.02599003,17.8094392,18.24921151,20.19239532,21.20783842,21.41261049,22.15663172,22.30639423,22.65748363,22.84314141,23.39856268,23.60121486,23.85266325,24.11941387,24.25698312,24.59905814,25.21547207,26.3775213,27.03843157,28.92759676,29.5806053,30.42081722,31.16164573,31.38898655,32.08063567,32.12896893,32.38974786,32.77598794,32.80079935,33.12474267,33.18836279,33.29191034,33.78419963,33.79392979,33.80115914,33.97912792,34.10973109,34.37530918,34.91624826,35.18277532,35.37796956,35.65882179,35.93794251,35.93848408,36.20228323,36.53593769,36.6034683,36.65059787,36.88372015,37.75552867,38.01649222,38.12277157,38.74638222,38.76309839]","[5,7,2,6,2,6,6,5,2,2,2,5,7,2,3,6,7,5,7,2,2,6,2,6,6,2,2,2,6,6,7,3,2,1,6,6,2,6,2,2,6,2,6,6,6,2,4,6,2,3,2,2,6,6,6,6,6,2,2,2,6,2,6,2]"
"[2.40254691,5.77965557,6.16723632,10.08036643,10.67310772,17.76151697,18.06122249,18.96072435,19.17768744,19.68964331,19.92831622,20.24914682,20.44939657,21.00614349,21.06480724,21.34957321,21.46576206,21.61368962,22.2308552,22.53330933,22.5419014,22.60152363,23.18822159,23.75323097,23.82400044,24.03049537,24.49327608,25.39612972,25.64295287,26.20080796,26.25934453,26.43907124,27.12672932,27.55981858,27.56578521,27.86276605,28.67255894,28.73421132,28.85866374,29.37389026,29.69378009,29.83520871,29.8917166,29.92617592,30.03331665,30.1393729,30.28424874,30.34709955,30.62826375,31.06748349,31.20024168,32.24650177,32.57747438,32.72871713,33.41590702,33.91138254,33.92651532,35.21397029,35.46437873,36.45597523,36.81710342,36.96518012,38.18231865,38.57815129]","[6,7,3,7,1,2,7,6,2,3,6,2,6,6,2,6,6,2,6,2,6,2,2,2,6,6,6,2,1,6,2,2,7,2,7,3,3,5,3,3,3,2,7,1,7,6,6,2,2,7,6,7,2,6,0,6,2,6,3,2,6,2,6,2]"
"[1.17715371,2.21649276,2.47698263,2.53512223,3.99517687,5.54698634,6.00573116,7.81893813,8.02413986,11.15674683,15.80639962,18.5782471,27.9230206,28.49211215,36.98017893,38.29439425,38.35248106,39.27057693,43.5444047,45.88964804,46.41507839,47.05132522,47.42827626,47.5609743,47.62325334,47.64021282,47.87089658,48.43468046,48.73349035,48.92060587,49.18328288,49.30923471,49.41757054,49.58424674,50.55677663,51.26935984,51.88153981,51.95006423,51.96720478,52.1056113,52.13813869,52.28065832,52.34933644,52.41763098,52.77882758,53.08296702,54.0691925,54.72061863,54.81795701,56.17478336,56.33198117,56.82167367,57.48093248,57.52062961,57.62027159,58.94529438,59.58082984,60.02020347,60.87430577,61.84507722,63.76688322,63.87809476,66.36522228,66.96388128]","[2,6,5,1,0,7,0,5,6,4,4,5,4,0,3,4,0,4,3,2,6,6,6,2,2,2,6,2,2,7,0,6,6,1,2,2,6,2,6,2,6,2,2,2,2,6,2,2,6,2,6,6,2,2,6,2,6,6,2,6,6,1,6,2]"
"[4.11616101,7.4485459,11.28933303,12.40850876,12.73686376,13.77980304,14.82811072,15.36675707,16.19642887,16.84440598,16.93670893,21.84690726,22.00139444,22.2457709,22.68957171,23.05874899,23.36604636,24.16729216,24.95479884,25.8143605,25.9946364,26.44181051,26.91286054,29.4677362,29.56772148,29.78637099,30.53958702,33.27245158,35.24237111,47.1851132,59.75623462,60.34146338,60.72365347,60.80706934,60.89525558,60.96006856,61.45723286,61.85246685,62.23869622,62.38794615,63.33654824,71.88231469,73.7506203,76.55030666,77.96484222,78.2278799,83.49355817,84.69617086,91.06192843,92.1459964,92.45297777,104.80479804,110.54608348,112.92492813,113.29039012,113.42072675,113.55552846,114.00086952,114.34224206,115.11066162,115.71305705,115.87071514,115.96514967,116.00397033]","[2,0,7,3,3,0,7,7,3,3,7,3,4,7,3,7,4,3,7,3,3,7,7,7,7,1,1,3,3,7,2,6,2,6,6,2,6,6,6,1,1,0,0,3,1,5,7,2,2,0,5,5,0,2,6,6,2,2,6,2,6,6,6,6]"
"[0.57070068,3.95600386,6.59362009,9.21621582,9.74730616,11.98653789,12.26053512,12.29630057,12.78359908,12.86945751,14.36779348,15.15781903,15.57001713,15.66622306,15.77823764,17.01419341,22.25333415,23.68830946,23.72622403,25.48485404,25.50951462,28.04926734,28.22162865,29.76181369,30.40311003,30.53456298,31.17934919,32.76148162,32.79836462,32.93750884,33.13623854,33.66861503,33.69081249,33.70683038,33.76813407,34.28549091,34.56927573,34.63200181,34.85086974,34.88099194,35.08998239,35.19038436,35.21202185,35.37640739,35.64230601,35.9138409,35.99979262,36.20338288,36.76239753,38.2678758,39.30698072,39.70946026,42.18644447,42.59382836,42.61018919,45.20461498,47.16430207,47.40867765,48.62081217,50.01843585,50.27306609,52.41327515,52.69152508,53.56892615]","[4,5,1,2,6,7,3,6,3,3,0,3,7,3,7,7,7,1,1,3,6,7,6,2,6,2,2,2,6,2,2,6,2,2,6,2,2,6,6,3,7,7,6,6,7,6,2,3,6,7,7,1,3,3,7,7,5,3,7,1,6,6,2,6]"
"[1.93214278,9.86277147,10.14448956,14.01015358,21.01627928,24.23014102,25.05907495,28.63855533,29.40868984,30.50747018,34.26363204,34.77794659,35.28072779,40.25997487,45.60680906,52.16019578,56.66680567,62.77981757,64.69242668,65.43773871,66.36461596,66.79200363,70.58723825,75.21289,77.01606429,83.82802731,89.68347581,89.86383667,90.49121696,90.65753064,91.7202277,93.38377776,93.96206624,95.19006391,95.90485746,99.09449956,106.76413877,108.62152521,110.15137306,111.44337958,113.61383637,114.76153733,115.29522891,117.08282782,118.91383953,121.43150435,123.38640502,128.6913088,137.04821809,138.41205081,144.64836772,148.70550759,148.93892074,149.99886892,152.15255187,153.12118511,154.71162281,155.38961648,155.66386662,156.11423123,156.39194114,156.39268725,157.71133401,157.83361628]","[5,1,2,5,4,3,1,7,2,6,6,2,6,5,3,5,6,5,6,2,1,2,6,7,0,0,2,6,6,6,5,2,0,4,6,1,4,5,5,6,1,5,0,5,2,5,5,5,7,1,3,7,5,5,2,6,6,2,1,2,6,2,2,1]"
"[7.34522571,8.21499691,9.87269227,10.60542379,19.82228493,22.80065751,26.02739125,29.84588933,33.27269574,42.12540216,44.2311077,46.24438023,46.87653415,47.20819546,47.3933704,47.75053953,48.36306371,48.42030176,48.46260681,48.6306054,48.95344378,50.46423234,51.36959088,51.40395192,51.45425721,52.47537692,52.84946812,52.93101347,53.0055365,53.76697071,53.80175769,54.11579936,55.89804974,56.18493784,62.40375944,66.17242219,71.75248079,75.73943778,76.73128799,82.40440313,82.98625777,84.12925623,84.13666257,86.01365687,88.9313692,89.502823,89.69641495,90.10652032,90.21728002,90.24974807,90.6048755,90.66169997,90.66890989,91.63347616,91.95609851,92.05204671,92.67905667,92.99532272,94.02141848,96.10633397,97.25007366,97.9207504,98.47983319,99.52201248]","[0,5,2,6,4,1,1,5,4,6,0,7,3,0,3,2,6,2,6,7,6,7,6,2,2,6,6,7,2,6,6,2,6,2,4,4,1,3,1,2,6,2,6,2,6,6,2,6,2,2,6,2,6,2,2,6,6,6,2,2,1,7,5,6]"
"[2.33715505,4.23780061,4.41931021,5.42344912,13.45624698,17.11942598,22.95017904,28.95470716,37.21557534,52.60806093,53.26537369,53.42450108,53.66147952,60.61766068,60.67340833,70.54210006,75.77458439,84.0640598,89.4837254,90.08494196,90.70105665,91.87198105,97.30454958,98.3674457,100.64209368,103.80107216,104.32008501,105.90377953,109.17759956,115.60450461,115.62640571,120.73801633,120.84047172,121.16708845,121.63599623,121.85106271,121.87959028,123.34331842,123.49958074,123.69066139,123.69890151,124.73318326,126.37539456,128.02939792,128.24280111,128.70812169,130.1280553,131.39775417,133.80589227,135.50202654,136.9649075,137.28011214,138.52929086,143.35370147,144.14266732,144.3334445,144.38990947,144.59055342,144.62313488,150.63818842,150.94562649,153.65876545,153.90238821,155.84989882]","[5,0,3,1,4,4,1,5,0,5,3,5,7,5,4,1,0,2,6,7,2,2,7,0,3,5,5,5,5,7,3,6,2,6,6,0,2,6,2,4,6,6,2,2,6,6,4,7,5,6,3,7,7,7,7,3,4,3,7,2,6,6,7,3]"
"[0.12678957,1.68316173,2.91584536,3.31927342,3.75087841,4.07473981,5.6556961,6.95592654,7.69797947,10.1257628,11.65425951,12.34217008,12.72945222,12.94203223,14.29376639,19.58812174,29.29861123,29.39661729,32.43841665,32.68254638,33.61716571,34.30143344,34.73984227,36.63576752,41.89206518,43.48404666,44.84347241,46.46652359,47.29866977,57.15148756,63.21072091,63.76847931,63.8826221,64.53685757,67.82688025,68.19440663,69.74907953,70.18681818,72.03736777,73.34182754,73.52750864,74.31762646,76.80410374,76.9930994,77.38690593,83.04783261,97.81056367,98.68969656,99.4677598,100.5824204,100.79012337,100.938612,101.39276132,102.22299481,102.8682916,104.38278064,106.11016707,110.11363404,113.22444808,122.35072253,125.53433824,126.54106349,129.07607908,130.48136974]","[4,2,6,2,6,6,6,2,4,6,0,2,2,4,6,1,2,1,3,7,5,6,4,6,3,6,2,0,0,4,2,6,6,5,2,3,2,6,6,5,1,6,0,1,0,5,2,6,7,3,6,6,2,6,2,6,2,7,1,7,2,1,6,2]"
"[12.57463289,14.77132304,17.80897655,22.56118176,23.18323798,23.404066,25.32410308,25.6607112,25.74291158,26.04812408,26.37429882,26.74809869,27.46634882,28.47618981,32.73573724,32.88734753,34.8332289,37.8980716,39.63577869,39.84304435,39.9924555,40.45595738,40.4623951,40.48924588,40.53969732,40.65362834,41.10546324,43.81595015,45.06458018,45.68891275,46.11485284,46.51362399,48.18290685,48.61038592,48.82436052,50.28284603,53.69266685,55.57330412,56.18757186,58.8871221,67.6015497,70.14570936,70.25001506,71.45719584,71.87005533,72.47084046,72.73060013,73.81532942,73.98009538,74.13484893,74.69670252,74.74650784,74.85331676,75.15493411,75.2805252,76.63833859,76.68651653,77.00568042,77.10317467,77.27708254,77.40289016,79.45246188,79.71481843,79.88784627]","[1,0,2,5,6,2,1,7,3,3,7,7,3,4,3,4,0,7,3,7,5,3,3,7,0,7,7,3,3,7,7,7,7,7,7,7,3,2,6,7,1,7,0,3,3,7,7,3,7,1,2,4,7,7,3,3,0,3,6,2,6,7,7,7]"
"[0.08389072,0.23851631,1.67128098,1.98125572,3.76316848,3.83972426,5.55309521,6.07465985,6.51001632,6.64744548,6.7137369,7.43753299,14.95225057,15.02123385,15.5643108,15.60468425,15.62746293,16.06937249,16.45037423,17.77682857,17.79707704,19.03768474,19.16320031,19.238207,19.42457167,20.07911716,20.59211479,20.72357822,21.8725951,22.80562237,23.11073876,23.38796606,23.83196506,24.31081985,24.87718804,25.38389626,26.51413309,27.96789796,29.14084201,30.06638376,31.24040233,32.28047084,35.21373744,38.22298704,48.73545942,50.68397862,54.02831361,57.79717194,59.15640264,63.87176297,65.62580352,69.81741396,70.85259552,72.25677758,75.25920689,77.02686895,77.10044342,77.23544942,80.05851019,80.87200728,80.89722669,82.35006661,82.67573489,82.99053396]","[2,6,2,5,6,1,2,6,6,2,4,2,7,6,7,3,1,3,3,2,7,7,6,3,3,2,7,7,6,2,2,6,6,2,5,2,2,6,6,4,2,7,6,6,4,6,0,5,7,5,2,6,2,5,5,2,6,1,1,5,3,4,0,7]"
"[2.97041407,4.95955051,10.75729162,18.75907303,19.50892622,20.23570156,27.06375256,28.57420246,29.02582929,29.27764853,30.75089942,31.46447428,32.94580091,36.67203586,37.47164517,38.50800862,38.69031583,39.324208,42.33666554,45.2813064,46.86434611,49.27334399,49.53706858,49.73067956,49.77767161,50.12777713,52.0493526,52.08474094,52.20023215,53.37125024,53.91720108,54.75015083,55.13554735,55.1898978,55.22781331,55.38590328,55.9539021,55.97962336,55.99272932,56.63661352,58.91894616,60.52822449,60.6121802,62.28548246,62.73873957,63.27715433,63.54272856,64.40281099,64.47664609,64.51680287,64.53783117,64.61692,64.67904433,64.74661246,65.10090102,65.17582857,65.29108058,65.75110418,66.5489525,66.8176446,67.08751766,67.58957957,68.01470362,69.88696456]","[7,3,1,7,1,1,4,5,7,3,0,6,2,4,6,4,6,2,7,3,1,7,3,5,2,7,7,7,0,3,3,7,3,7,7,3,3,7,7,6,3,3,7,2,6,3,6,7,0,7,3,2,7,6,3,2,7,5,3,2,0,7,7,7]"
"[1.60025726,2.13380747,5.57502023,5.6607089,7.41721878,9.72140619,10.54406814,10.66159609,11.17996232,11.64356174,12.37587805,12.4932803,12.54553629,12.96376673,13.80622021,15.37982108,15.76056237,15.86889107,16.07569938,16.36576373,16.4938333,16.76606885,17.1902704,17.20126269,17.26172095,18.86880923,20.90491749,25.68316023,29.88899503,30.46298191,31.2710554,34.90901944,38.54307673,38.61896159,42.14532956,42.59704846,45.59961117,45.97041094,46.0267386,46.27511808,48.3346699,52.65994018,55.47281983,57.00418477,59.35992077,60.48012225,61.4291618,61.57018517,62.92669662,66.0060707,66.78303143,67.06623786,67.22781866,67.52886344,67.69256444,68.63449548,69.81670566,72.0806279,81.74830397,81.75596478,83.07734306,83.40842614,84.84875127,86.80524968]","[3,7,3,7,7,3,3,6,2,1,6,1,6,2,0,6,2,2,2,6,6,6,2,2,2,2,6,2,7,3,5,0,1,2,5,1,1,4,7,5,0,1,6,2,1,7,5,6,7,3,7,3,7,0,1,3,3,5,7,3,2,6,2,5]"
"[3.71792542,4.9770606,5.25661245,5.27668754,5.42044938,5.8805717,6.99138347,7.06319935,7.19230161,7.32779161,7.9329301,8.93699074,11.1337302,12.88558242,13.33569027,13.87901128,14.81333327,21.58995099,22.17393375,23.08383078,25.84584425,30.73408378,32.06893036,32.30353833,33.03042783,34.75214715,36.51853363,42.3983653,47.16987244,62.51551516,64.06538347,65.35726388,67.71921363,69.28041259,69.70184097,70.31514117,71.493231,74.23145479,75.23239688,84.49841181,86.03819498,86.44707205,87.08677118,87.51174305,87.5501703,87.70201203,88.33989357,88.98267925,89.01684614,89.46020353,89.6898139,89.9614655,90.03451347,90.87253067,92.78327777,92.81490447,95.9033211,98.30594453,98.89926432,99.64953234,103.40297132,105.505935,106.48555121,106.48859506]","[2,6,6,2,2,7,2,2,6,3,6,1,7,3,7,7,0,0,3,2,6,5,2,6,2,7,3,7,3,7,3,5,2,6,1,6,2,2,6,1,3,2,7,3,7,6,6,6,7,3,7,4,2,3,7,3,5,0,0,2,3,6,2,0]"
"[16.26311036,16.73050167,28.69503583,28.90210593,28.93983137,31.2139965,34.06376112,38.63263108,47.86013515,48.7013137,52.82774697,54.08700636,55.54635985,56.3028018,61.6556473,62.48628923,63.39516074,63.6628223,66.34878069,68.66558772,69.88814563,69.94743282,70.4148917,70.57540823,71.59407873,71.62115137,71.86651289,72.33478218,81.49227571,82.19714178,82.37245084,84.56094473,87.68021491,88.43883322,88.58912843,88.76254112,90.74881702,92.31978838,98.71178943,98.89033821,99.46834404,99.47476587,99.50836271,99.57502738,100.60351914,100.9707614,102.6864275,103.4950617,104.45673311,106.22111054,110.89109169,114.34062916,119.3062418,119.3406827,119.79794707,135.26634728,141.00684724,145.57276756,145.7383994,147.42011709,148.5008707,149.73730443,150.04143244,158.08415118]","[3,5,7,3,7,4,0,5,2,1,4,6,2,4,4,7,3,7,7,2,7,3,3,3,7,7,3,7,0,7,3,3,7,5,7,3,7,5,3,5,5,7,3,0,7,3,7,3,7,0,1,1,6,2,6,1,1,7,3,7,7,3,2,3]"
"[1.70144887,3.07193813,6.17489489,9.71087269,10.62956947,11.29297807,18.63910628,24.77500948,29.14305327,29.21756886,31.43336237,32.43524282,34.23958786,39.40780692,41.16069752,42.44650518,43.34997932,49.7838575,59.93127796,69.86040031,70.09567613,70.26910103,70.41832326,72.46968633,72.53973537,72.77072619,73.35879909,75.19721634,75.30547229,80.05867221,83.11087363,86.97902065,87.40978606,89.47415857,89.67885062,89.98788705,90.47561839,91.23367449,94.76317374,95.43508626,97.20591376,97.52143818,97.80668124,98.78227624,99.19451498,99.92435825,100.5439989,101.10451491,102.22109671,105.36494076,107.16542744,107.70766883,110.45822049,110.62865625,111.00774599,116.93107059,131.68310723,137.04086979,137.10218535,139.79519192,140.36940245,144.20635923,144.29340157,146.03370286]","[2,2,2,7,6,4,3,0,0,6,2,3,5,4,0,4,2,7,0,3,1,6,2,6,2,6,2,7,1,2,6,2,2,1,2,6,2,6,2,6,2,2,6,1,6,7,2,2,4,0,2,6,2,6,2,0,1,1,6,4,2,6,6,2]"
"[10.77465365,11.66659706,14.66054556,18.70044662,19.72332275,20.52466047,22.2479467,22.62691559,24.85843155,24.93887877,26.49909243,27.28454574,33.72426683,37.26204446,43.06014951,43.74788212,44.14123291,44.78531331,44.92605453,45.84074164,48.30396466,48.78961825,50.44978698,50.60742361,51.06339273,52.5972745,52.85061665,54.61496461,63.71544885,79.98403521,81.08549137,85.1109672,85.14012675,86.18220249,88.18392334,88.83314573,88.98935961,89.17243839,89.52495645,90.14996887,90.35059589,90.36813687,90.50766298,91.81208799,92.05861526,92.77913304,94.38030692,94.9729637,95.42695321,95.57245328,96.78180762,96.81495661,96.93567297,97.01172119,101.01152734,101.78423673,102.05214297,102.8083751,108.66457251,110.27809489,112.42285519,113.07067969,113.20567313,113.97997646]","[1,5,1,3,1,7,2,6,6,2,6,6,2,1,1,4,0,2,4,0,6,2,0,3,5,2,6,6,2,5,1,1,2,6,6,0,2,1,2,6,1,6,2,7,6,6,2,3,1,2,2,7,6,1,2,7,7,6,3,5,4,3,5,5]"
"[4.1423437,8.49651937,11.0304296,14.89142371,17.690978,18.578044,19.18734588,22.22011245,23.41827879,25.98582171,26.14977176,26.65159173,26.75754787,28.11097945,28.67031145,30.02583263,30.88018854,31.97526377,32.82423209,32.92680485,32.95635293,33.21626862,34.07871028,38.51550397,39.82844087,46.70968404,46.94776384,50.94139378,51.75922187,56.83743098,58.34842158,58.39577121,58.4194199,58.71219347,59.20306403,61.13588459,63.08292969,64.52560681,65.58738439,66.25094066,66.76391057,67.25117117,68.13225122,68.23715039,68.39792747,69.32376722,69.46334665,70.22917909,70.93902022,73.44004391,78.5245365,79.32633411,88.05562428,91.36567463,102.02531239,102.70136174,104.46899718,105.49801618,109.82416795,116.51047307,120.28382907,120.7572694,139.61817899,139.62403333]","[0,0,4,1,4,0,3,5,7,3,6,0,6,2,6,3,2,3,6,7,7,7,7,3,1,2,5,6,2,2,6,0,2,5,6,6,2,6,6,0,2,6,6,6,6,1,2,2,5,5,5,0,0,1,5,0,2,6,1,2,5,0,6,1]"
"[4.24060505,4.68259629,6.89913685,8.29065679,9.31876511,9.78608043,9.8115622,10.53143361,10.9112375,12.02233668,15.33079996,16.26164147,20.82418388,24.82381493,25.07997096,25.18238364,25.36436264,25.54251303,25.66041568,27.36747421,28.3486784,29.52411412,30.22214503,30.98255725,32.97097648,33.76738108,34.03645637,35.03358422,35.32585203,35.82797011,35.95237321,36.0723679,39.82437826,42.95326115,43.60540006,44.70684346,46.19761647,48.16809379,50.47455375,57.36556891,68.93438141,69.97390233,74.69305471,75.70400775,86.24572339,86.85245271,87.86309601,89.21899576,91.6549686,93.26175841,93.36290848,93.41941582,94.07828644,95.96005815,97.16573351,97.6447626,98.41352053,100.74126558,102.66783757,103.43475877,103.63264877,106.608866,109.41991577,109.8630927]","[5,5,2,6,6,2,7,6,6,2,2,2,6,6,3,2,2,6,6,1,6,6,0,6,2,5,7,7,3,7,7,7,3,1,2,1,1,3,4,5,4,0,6,1,2,2,3,7,3,7,5,6,7,1,3,3,3,7,3,3,4,0,2,6]"
"[4.86636066,14.15649558,14.23584073,14.4091105,15.62234635,21.39719648,23.82385037,25.72552971,26.90622893,27.28914689,27.72661001,28.10710191,28.33251173,28.63554226,28.96310861,29.05875149,29.51894501,29.62388168,30.30543631,30.4943662,30.51006896,30.96146748,32.24216994,32.2454892,32.3642043,33.09614405,33.19693068,33.54208738,34.02662732,34.1869611,34.51902376,34.65293992,34.89788007,36.02342208,37.15698883,37.26570421,37.29294126,37.43406582,38.46313419,39.95477152,40.46888085,42.39931457,42.47539819,42.77941798,42.99919327,43.24837726,44.08216619,44.43875524,45.38625652,46.68228206,46.8432937,47.09052578,50.93729639,51.89542765,52.1710872,53.53465933,54.76386967,56.1825443,56.34463721,57.51403176,59.33079816,59.98086319,60.53224989,67.66709013]","[1,4,5,1,1,5,3,7,3,7,3,3,7,3,7,3,3,7,3,7,7,3,7,3,7,7,3,0,7,0,7,3,7,4,0,7,3,3,3,3,4,7,3,3,7,7,7,7,7,7,7,3,3,7,1,3,7,7,7,2,0,0,1,3]"
"[2.36147545,4.21423626,8.51058672,8.65294385,11.18112593,14.21493397,16.42632583,24.27529413,31.90811663,32.10698485,32.75540658,33.27099126,33.39960101,38.14099245,39.26574939,39.70805904,41.17968258,42.46192572,43.36966976,44.10845554,45.50145162,47.24629117,47.63617733,48.29291372,48.92663844,49.31508508,49.41543926,55.90283412,58.57728108,62.12509897,62.2777932,64.72820017,64.77083246,65.15397925,65.57734906,66.41019977,66.85043674,69.12995231,75.34912719,76.02488081,77.80199835,82.64045865,90.89350805,91.08182638,112.51155888,115.70016429,121.10097323,123.47197417,123.54278631,123.82942852,125.6496801,126.79830944,127.37567046,127.38131045,127.77478541,127.80945689,127.85292441,128.11408953,128.75678481,128.97295806,129.0415776,129.45359432,129.6566684,131.23921397]","[1,1,1,0,1,5,7,6,2,6,2,6,2,5,1,6,3,7,7,7,5,7,3,3,7,3,7,4,0,0,1,2,0,5,6,6,2,3,4,1,7,2,2,0,4,1,7,3,3,7,7,3,7,7,7,3,3,7,3,7,7,3,0,3]"
"[2.82952766,3.38922418,5.0955059,5.99394594,8.11235507,9.90322116,12.97544424,13.01923593,13.97378555,16.34985273,17.05010981,18.126932,20.32861262,24.8007032,25.83657432,33.47777032,33.90862866,34.77472089,35.51012129,35.84154221,38.22063613,38.36971221,38.40494118,38.94057797,43.51557943,48.36469691,49.9176983,50.11142941,50.57869247,53.6197962,57.57711252,57.88883279,68.97924242,70.19730217,70.56260113,75.20505276,75.62521547,75.86273436,77.596889,81.01092163,85.7114061,87.79675048,88.99798993,89.60630303,90.0393,91.91594734,98.17661754,98.20364994,101.7130568,102.34047191,104.16189519,106.63836285,108.02784399,108.35683273,109.53128326,115.0290631,115.36148072,116.14971673,116.94275272,117.00578875,119.67142423,120.00601089,120.02512528,120.05517743]","[0,5,2,0,0,0,6,1,2,6,6,2,6,1,5,3,7,3,7,1,0,7,3,7,1,3,1,7,6,0,1,7,5,3,0,7,4,2,1,2,5,6,0,2,6,1,1,1,6,6,2,3,2,6,0,1,3,0,7,2,3,7,3,7]"
"[1.70376836,2.51022674,5.74394931,8.6635931,12.61522434,17.41436634,20.04950162,22.56395414,28.7636876,31.11040583,35.28830754,36.29199047,36.75367288,47.55276629,56.0103923,57.24623559,57.24646192,58.87206134,60.40533206,61.0027224,66.33886421,66.42858591,67.3512414,70.32032828,70.62712153,71.52675267,72.12807409,72.30987966,72.84497285,73.67704152,75.0819543,76.11985855,76.39526307,77.26156975,81.44821066,81.66774986,82.29650735,82.33793325,82.48554224,82.54874218,84.12714884,84.30225348,84.99765451,85.14035575,85.68182364,85.72347419,86.09702872,86.32410187,86.6697207,86.9506782,88.0434517,88.83808633,89.4297487,89.4989881,90.13185402,90.13379355,90.50066584,91.86533527,91.89152657,92.9813053,93.04252835,93.30427706,94.50391073,94.51740887]","[1,3,1,3,7,4,1,7,6,7,2,1,1,5,7,3,4,7,5,2,3,7,7,4,3,3,2,6,6,2,7,2,3,0,7,3,7,7,6,0,3,7,7,7,7,7,3,3,7,3,3,1,7,7,3,7,7,3,7,2,7,6,3,0]"
"[1.23699416,1.36937187,2.73648575,10.44673546,12.43981127,12.82401561,14.55245338,14.89957991,18.97560091,21.93743631,24.40671335,29.18820971,29.56589778,31.24611461,41.54813173,48.60626084,56.1526068,58.54352388,58.61557282,59.64555634,60.04801744,60.63024309,61.70718506,65.11990255,65.48398287,66.16285376,67.512399,67.71613791,68.75411867,69.0067314,70.16277477,70.20700198,73.53964876,75.42005099,75.96731445,76.05500918,78.65387627,81.96973272,82.80325608,84.68540799,84.76881279,85.35613836,86.34072861,86.79068514,87.027192,88.105862,88.45855843,88.64190224,89.49985428,90.33202214,92.32493133,93.09808781,93.14367437,94.08786651,95.02114394,95.79632878,97.35765623,100.38648959,103.3414356,103.58124511,105.19527597,106.45638931,107.33493598,108.27732223]","[7,1,0,0,6,4,1,2,2,7,1,1,5,1,7,2,6,5,2,6,2,5,3,7,5,3,5,7,3,2,3,7,6,3,7,7,1,2,6,0,5,2,6,2,3,1,6,7,6,0,6,2,7,5,5,2,0,6,3,7,3,7,3,6]"
"[0.73479756,2.68744865,6.37614609,11.18487243,11.62055744,11.993821,12.30889747,13.65084089,14.38671907,14.84212522,19.00013245,19.49388037,23.29769443,24.66049789,25.19791028,27.06932317,27.25570959,27.9360766,29.11475781,29.23802594,29.43365365,32.01826759,32.07658577,32.11023055,32.16799106,35.09152338,35.10571588,35.14936687,35.80144088,39.20717902,41.28272583,42.1127278,42.42381081,43.07490717,54.64544401,57.48238016,73.59741767,74.44465654,74.93892098,75.3371985,75.38339179,75.49877518,75.563739,75.82466152,76.16781141,76.37372184,76.60502551,76.89674679,79.30623375,86.2594729,93.87142113,94.49935602,94.70179748,96.85128328,97.02729134,98.65337222,98.85551315,99.06651293,99.76385478,100.71445125,101.49663367,102.03423539,104.35763493,104.98237042]","[4,0,5,2,6,6,6,1,0,2,6,7,0,6,2,2,6,1,2,6,2,6,2,0,6,6,4,4,6,5,1,7,2,2,5,0,4,5,7,1,7,3,7,3,2,7,3,3,3,7,3,7,3,7,3,7,3,7,4,7,7,3,3,7]"
"[0.48166086,0.73834235,1.19258058,1.55262032,4.01769559,4.55379102,6.14964198,6.55655706,6.92178981,8.15936359,10.88986446,10.9571541,12.01717689,12.1670717,13.0380461,13.97703331,14.53003487,15.63335242,29.98075999,31.12763868,38.321698,39.50902914,41.99134312,42.09773099,43.23987473,47.14313076,62.87009126,63.29855788,63.3447875,63.3494837,67.08316603,70.40089888,71.46942903,74.14580083,74.57556801,80.11299985,90.37775044,94.68686608,96.83497292,98.96799969,98.97563517,100.04672801,100.17863292,100.25576532,102.15756509,102.34510389,102.35124537,103.2006868,103.24147902,103.8208746,103.89688197,104.18751639,104.30473637,105.09024109,105.31034927,106.24169584,106.54574704,106.73720795,107.00566916,107.27590448,112.92347969,115.75762307,117.46746028,122.74908647]","[6,2,5,3,2,7,5,2,1,6,3,7,3,2,1,6,2,6,1,1,5,7,4,4,2,5,0,1,3,0,7,7,3,7,4,4,3,5,0,2,6,6,2,0,3,7,7,7,3,3,3,3,7,7,7,6,3,7,2,4,5,7,2,4]"
"[2.88517178,2.99219277,4.41923806,6.30907758,11.66930908,11.7748486,11.80503304,17.67351627,18.04736284,18.91991787,19.2006037,19.40901358,19.68686524,20.73864277,21.9939489,22.32142903,23.12902384,24.11431867,24.9544108,25.07928631,25.38282649,25.55703938,27.21325287,28.64904284,31.31135278,31.85368821,43.69960561,46.22223725,46.53069446,46.83754657,47.2577372,47.70663155,53.2618566,57.51198654,57.53483039,61.10767764,61.9643454,62.19633974,62.3310633,67.12178307,67.85506412,70.14038902,75.05910922,84.80925589,88.23119745,90.97251079,92.20017994,92.98624549,95.60814463,96.53658654,101.86441707,107.2118048,109.89962017,116.66593955,117.0037662,117.15639046,117.55824335,123.11641807,125.32176575,128.15965989,128.46452143,130.53936048,131.89173815,133.76040916]","[2,0,5,3,3,7,7,5,7,3,7,3,7,7,3,7,3,3,3,5,7,7,7,7,5,3,2,7,2,3,6,5,0,1,5,2,6,6,2,5,0,5,1,3,0,7,3,0,3,7,1,7,0,4,1,2,6,2,6,7,3,2,1,1]"
"[1.04392454,1.18609096,4.22744567,8.7392749,9.07574061,9.64612846,9.69032662,9.78015419,10.48329348,10.80996016,10.90007936,11.03559984,11.15210652,11.8093028,11.83878442,11.91197774,12.1325848,12.54627068,12.90287868,12.93787434,13.34467762,13.39350156,13.46819115,13.74008101,13.93969145,14.04322604,14.46913946,14.48869369,14.86936143,14.96985173,15.27714307,15.3904102,15.40534185,15.49808085,15.56231975,15.63045398,15.69700399,15.78926489,16.09497649,16.14830001,16.31652395,16.62434776,16.67164061,16.67247988,16.82876445,17.35198007,17.58463795,17.72616283,17.78722276,17.87052517,17.96603502,18.31095363,18.69908024,18.8486365,18.85320837,19.00980531,19.07339826,19.082731,19.18370722,19.86162004,20.54692992,20.56505281,21.06205602,21.15556972]","[6,5,5,2,7,1,3,7,2,3,7,1,6,2,3,6,6,2,7,2,7,3,6,6,2,6,6,7,2,6,3,6,2,6,2,2,2,6,6,2,2,2,6,2,2,7,2,6,6,6,6,2,6,6,1,6,6,6,2,6,5,6,2,2]"
"[0.36815798,0.67316067,2.01678976,3.07692287,3.4238557,4.57765374,5.7847528,6.58050786,6.58377892,7.37284684,7.39254681,7.58064363,7.65865878,7.77935165,7.79562519,8.40636274,8.42278905,8.82661699,10.04304099,12.61324005,12.67780888,14.56960587,15.79315894,16.2692709,16.95490401,17.2304473,18.19583157,23.31210468,23.53364304,23.87083999,27.61607208,30.95823129,31.98991498,32.2937722,32.29950539,32.34322422,32.58740343,33.39593087,33.61532133,33.80478896,33.98262143,34.01841281,34.02977519,34.30645689,34.54146472,37.37136129,37.77499842,38.25518537,39.7704133,40.38458578,40.61067444,44.05945299,48.71983522,52.11828218,58.01302539,58.48297283,60.2040835,60.76396509,60.95833972,61.67915193,62.13107838,62.59786626,65.67697278,68.50288227]","[2,5,6,2,2,6,7,6,2,3,7,7,3,6,2,2,2,7,5,2,4,3,7,3,3,3,5,3,7,3,1,2,7,3,7,7,3,7,3,7,2,7,3,3,3,7,3,7,0,0,3,1,0,1,1,2,1,6,1,7,3,1,5,1]"
"[5.59555119,11.95357223,12.90169913,18.30938961,18.51259268,31.27995307,31.7735476,32.31071135,32.34945708,32.35323422,40.53983554,40.96949815,42.40411112,42.7435294,44.38703382,45.48634097,45.59540944,51.48260834,52.33328816,52.35570743,52.70390681,52.91895047,53.21059497,53.79690931,53.97336053,55.58683905,55.61132785,55.89128692,56.64020724,57.32734031,61.26103151,62.26047396,68.63543395,68.7627879,68.92302513,70.15445383,71.42726306,75.84767382,78.19356572,80.07473045,81.91881235,82.24802148,82.8865021,84.640588,86.09534967,86.7027705,90.50659509,90.79373742,91.3390088,92.70109175,93.12932535,94.67360282,94.96385047,95.72290912,98.47201771,98.84902702,102.6627084,102.83578201,106.41655536,108.66225187,114.63316852,116.49485948,121.31219489,136.3540324]","[2,4,4,5,5,7,3,7,3,7,1,2,2,3,6,0,0,2,6,2,6,6,6,2,6,1,0,5,7,3,1,1,3,4,1,7,1,0,0,0,5,6,2,5,6,6,4,2,6,2,6,3,3,7,0,2,7,4,0,1,6,1,5,7]"
"[2.42355479,6.25795741,6.80758048,7.19107939,12.12422057,13.24050211,15.25742903,16.1427698,18.13356008,21.98804354,22.47002117,24.12696288,26.64936433,29.95039221,31.71860377,31.96505208,33.24109494,35.4838136,35.75459758,36.0957035,36.62032442,37.03520734,37.53811579,39.79246536,41.88747678,41.9113364,42.7427782,45.40508508,46.54613536,46.67423452,48.92850279,49.07286191,50.50179937,51.81200733,52.32936506,52.44011614,53.49595725,53.53587935,53.82287459,54.38964499,58.51187472,62.18905762,66.58790727,67.26551594,69.43545117,72.18464837,73.58711696,73.83342078,75.58874284,75.87533212,76.29659524,76.40598604,76.77132588,77.14213692,77.22795919,77.93943137,79.46034467,79.57073362,79.69826715,81.13459346,81.27196703,81.49786013,81.51953026,81.57447349]","[5,2,2,6,7,2,4,6,1,4,2,6,2,1,3,4,7,3,7,3,3,2,1,2,2,7,1,3,7,7,7,7,2,6,3,2,7,1,3,0,7,3,6,5,5,1,6,2,2,6,2,2,6,6,6,2,6,6,2,7,3,3,6,4]"
"[3.69717761,6.26223863,8.32922238,9.70835742,9.70840039,12.92533295,14.48399992,14.52047616,15.11070717,15.13884656,16.15456234,17.06872799,17.68385064,17.68857126,17.89657961,18.36471117,20.82898051,21.31739474,21.67484226,22.01556878,24.05178941,25.58806502,27.32525683,29.86603674,34.0236253,39.24013707,48.90813492,49.33104028,51.66800085,52.07424831,52.18472388,56.3745772,56.48352173,58.55496515,59.04454187,65.05154928,67.10917932,70.00421387,73.47514218,78.30553147,82.59632137,87.67294147,88.96163985,90.53495937,90.88513057,91.32499993,91.40793937,93.98987573,95.40422411,97.14102537,97.36823726,101.23776269,109.10904213,109.37538909,110.45872403,110.64074364,113.46121125,119.13596791,120.11826466,126.12204835,126.4137339,128.45516121,130.28511901,136.09456957]","[6,5,6,5,1,1,2,7,6,6,7,2,2,7,2,2,6,2,6,2,5,0,1,3,7,5,5,1,6,3,7,2,0,6,3,4,1,6,1,2,2,0,6,1,3,7,7,7,2,0,0,5,4,2,0,0,2,7,0,1,1,2,1,1]"
"[2.66864563,2.71944111,4.03449161,4.93739897,6.22714443,10.60635264,13.85928126,15.72477963,16.48918124,19.04419631,21.73232849,23.06341903,23.99782455,24.04640996,24.47760538,24.83475768,25.02399585,26.10975385,26.27805254,27.06605201,27.21039167,28.22279217,30.78019814,31.59400542,33.03975555,33.35386896,33.4956654,33.89468065,39.3035696,54.49273919,63.42006304,64.79350908,65.48149774,65.85969774,66.3205317,70.20800491,70.38500631,71.11436577,71.89234599,72.66443282,74.32033153,77.67263358,77.97156563,80.66488665,81.96531539,84.13666477,84.40737163,86.45594596,87.99124806,91.77207616,92.51019345,92.84902267,100.33876558,103.2154971,105.5233079,106.33293488,107.31243203,107.35456269,108.40776258,108.68203338,112.00289659,119.47172395,120.55671394,123.97829497]","[2,6,2,2,6,0,5,2,5,7,4,0,2,6,2,0,0,2,2,6,6,5,0,7,2,6,2,6,5,1,5,5,7,2,1,6,3,7,5,3,4,7,0,2,7,0,2,6,1,3,7,7,1,0,5,1,6,2,2,6,2,2,1,4]"
"[3.41558771,3.96912906,6.43266389,8.5551501,12.73110854,13.95132283,14.21318029,14.76540261,16.31250442,21.74648963,35.92395969,38.92038863,41.19846306,41.53158977,42.01546054,42.31405391,49.36670795,49.61813249,50.14063951,53.84373225,54.10237131,54.17134684,54.38310235,68.7046035,69.20984506,71.68787612,72.6010451,73.71468095,74.0254274,74.17905748,74.20135371,74.23584151,75.40285085,75.66568734,75.96460469,78.53987236,78.73946728,79.45757895,81.28371967,81.35905976,84.58689338,88.59498675,89.18329733,89.94653435,91.84945541,92.03044177,92.12074636,93.7776663,94.91457627,95.00991542,95.02133412,96.59713335,97.83570841,99.8376638,99.84384334,99.88209782,100.4227482,100.45229467,100.53104574,100.70603508,100.7660303,100.92678764,100.97219564,102.53362854]","[1,0,0,0,1,7,3,5,3,6,0,7,0,2,7,5,2,4,6,7,3,3,7,5,5,5,5,7,3,7,3,3,7,1,0,7,3,4,5,0,1,0,6,2,2,0,4,6,6,2,2,6,2,6,2,2,6,6,6,2,6,6,2,2]"
"[2.45697301,2.50743864,3.28785506,3.96698118,4.86598328,6.07533371,7.6601788,11.8869471,14.0111417,15.56347194,15.95839981,20.88127872,21.29650178,21.77784406,22.3399493,24.26765893,24.9310492,28.02915939,30.00195396,30.00619162,31.01650721,31.06229548,33.05268828,41.41313267,42.8957818,42.93287926,48.30276303,48.44409503,49.23750573,49.96389875,52.34131752,52.68477479,56.36408521,58.50377263,59.0687434,61.90064711,62.11825245,68.53450708,74.27332468,76.73417491,76.99639331,84.43493099,89.9793097,90.17724782,90.37445855,92.57030113,94.13984089,94.80892703,96.35328727,96.80022753,96.92330922,97.93082258,98.57450184,99.18138468,107.72633056,110.71785774,111.82541022,113.439285,118.93934051,119.90843962,120.4362241,131.2748539,133.17568406,139.00477684]","[7,7,3,7,3,7,5,3,1,1,6,1,7,3,7,3,0,4,0,1,4,2,5,7,5,0,6,4,0,1,1,0,2,3,7,1,7,1,5,2,6,1,0,0,1,4,1,1,7,5,3,7,3,7,7,3,3,1,5,0,3,1,1,4]"
"[1.49028656,5.31160181,7.59568833,10.5871122,10.72033581,15.68471269,17.82036745,19.99012326,20.59066664,21.20039189,23.97730635,24.21066094,25.7054992,27.55966248,29.26638759,30.04349932,34.86182053,35.18313217,45.82550203,49.49998712,49.70125729,50.12879933,59.35964149,62.08152644,65.0595655,67.30846851,67.69487176,68.10215811,75.22636623,76.06579839,83.04075868,83.55526401,88.13368217,89.68383519,90.55162057,92.05337842,93.35015825,96.64986494,96.72164445,97.16443374,98.27753925,100.45395285,103.67958288,103.7731317,106.67646386,115.33987432,115.34882533,115.99428864,117.53333448,118.51536515,118.86193975,125.83262811,134.42648062,134.5760945,137.0732696,139.50091698,146.48210484,148.75869568,151.74232115,162.71726785,163.45596765,164.11838889,164.41397506,164.85673951]","[6,5,2,6,1,1,2,6,7,7,0,4,2,6,6,2,5,0,2,4,6,2,0,4,2,7,5,3,6,7,4,4,7,3,5,5,5,7,3,5,4,7,6,2,7,2,6,2,1,2,4,4,6,2,5,0,2,6,2,3,7,3,0,7]"
"[6.30343009,7.34065461,11.82982604,13.35410504,14.81374268,15.38669249,16.5816573,16.82878015,17.43225066,17.69012797,17.69151918,17.83592003,18.29146732,18.70676141,18.74795655,18.84133606,19.86521698,20.10535324,30.57887065,35.64883594,40.54180177,41.79369314,43.7541783,50.54659958,51.66252371,56.74067973,57.16029466,57.53336955,58.17063831,58.27170333,58.59011433,59.84833018,60.19612169,61.25925718,63.34303428,65.16420383,69.94473426,73.08132226,73.31995315,73.50320375,74.18723705,75.28411117,75.61230572,77.13655763,77.20818644,77.44737765,77.88763501,77.95669023,79.9325985,84.06720848,84.76405163,87.66224615,90.19978994,91.80989748,92.54791328,93.05812692,95.82777865,106.11083572,108.17684016,108.18101843,108.81012536,110.40810604,110.42350693,110.93240403]","[1,6,5,6,2,6,2,7,6,6,6,2,2,2,6,1,1,2,4,6,0,1,2,5,2,0,6,7,3,3,2,2,6,4,3,2,6,3,0,7,3,3,7,3,7,4,7,2,0,7,3,3,5,2,5,1,6,6,4,7,2,6,1,3]"
"[5.43415967,7.43928439,9.21143104,19.86940734,21.3659229,28.89445442,38.58184249,39.02089957,41.1122413,43.49501027,44.58253619,44.96683199,46.8722696,47.06029806,47.17557117,50.92389637,51.49749919,61.1197607,61.33137707,62.16797326,62.3373514,62.51636408,62.62545583,63.80924296,66.56080264,70.08879947,70.36771295,70.9715664,72.082187,72.86702278,72.95279231,74.20981514,82.79176028,82.99024594,86.74456925,86.7983631,88.14407743,88.32601253,88.76432468,89.51928585,89.72319716,91.42622669,92.94149413,94.06917738,94.86708704,96.57987788,99.39981394,100.23171796,100.62454055,108.4207754,109.96272169,111.76878848,117.48050686,117.90183004,117.92804042,119.74339683,120.31604231,120.33100601,120.54339748,120.81337782,121.79002545,122.47833046,122.49434724,123.09725844]","[0,5,5,7,0,7,5,1,5,2,6,2,6,7,6,2,6,2,6,6,6,2,2,5,0,2,6,2,6,4,5,0,4,4,5,1,6,2,2,6,2,6,4,6,0,2,6,2,4,6,4,7,7,3,1,4,7,3,7,2,3,3,3,6]"
"[0.47463966,1.22757816,1.3743987,1.7948151,2.82051522,3.55970513,3.96543738,4.00234827,8.67549313,13.37301816,18.3827319,24.04129141,27.26779508,27.31264017,31.1002016,31.5958788,32.39049589,34.01968303,34.43421667,34.94788178,34.94847261,36.93918443,37.29106801,38.09782298,40.33052162,44.38626519,51.12227952,51.25506014,51.73165795,55.79751736,57.04100326,62.82541627,63.68229286,63.69974835,64.17988883,64.26423569,65.28989714,65.73324229,68.79944639,70.17687496,71.60381087,74.68667145,80.23077994,85.79998076,86.278586,86.61720764,86.77589934,93.21300133,95.5731988,96.36172599,97.93583283,98.04565687,99.55362173,100.33421937,101.21890124,102.04989069,102.99146774,107.35501692,108.94676276,126.32418583,131.19967825,132.61253149,134.20714954,134.2120032]","[2,6,7,5,6,2,6,6,4,4,1,2,4,0,3,7,0,3,7,1,7,6,3,2,4,1,3,7,7,7,5,0,3,7,3,3,3,5,3,4,0,6,0,0,2,6,2,4,1,4,2,6,6,5,5,1,2,0,5,3,2,6,2,6]"
"[0.30026664,2.1141451,8.40424314,8.62419257,8.8220324,9.41681649,9.96966424,10.27530125,10.42335262,10.53021766,11.19572645,11.68340679,12.54403437,14.54532394,15.10798146,16.13672556,16.14288164,16.64028168,16.64856866,19.02004785,19.04110627,19.6124179,20.91544146,21.14830439,22.04722582,22.60391231,23.6350176,24.25652192,24.41397025,25.83917879,25.94597654,26.43052545,32.16174147,33.71237915,33.81230802,33.95095002,34.58097331,35.4295413,35.6183417,35.90137919,36.51814972,36.63441702,36.73930356,37.42483982,37.47009007,38.2231084,38.31803628,38.43065221,38.90817392,44.41021544,45.03971314,45.09654536,45.19935945,45.55199108,49.65579986,51.03146158,58.61148608,59.64446271,59.77368842,59.96839139,61.90589392,62.01108474,63.37625562,65.177204]","[5,1,1,2,7,6,6,2,6,6,6,6,7,2,6,6,6,2,2,2,6,5,2,6,2,6,4,2,6,1,2,5,0,3,7,7,3,2,6,6,6,2,6,2,6,6,2,5,7,2,7,3,3,3,6,4,1,1,0,2,7,2,6,0]"
"[1.36449846,3.48747595,5.53342786,7.08724215,7.23474675,7.24950687,8.79131488,9.63111813,10.83618431,11.28935928,16.14332398,16.56955719,19.2453369,19.53946124,22.17241276,24.87284912,30.3685914,31.12719269,31.21587083,32.49052505,33.31098782,33.87914034,34.46305508,34.52172988,35.46437904,35.48523846,35.63922623,36.60031015,36.63523518,38.01566038,41.26708587,43.61978294,49.00829244,52.07410181,58.33699935,58.74973477,60.20213666,60.22776327,60.81065791,61.14132875,61.45116247,61.47977815,61.74740262,62.54822128,62.94133378,63.56851761,63.6072061,63.85995566,63.94038622,64.12577605,66.6203819,68.03415912,68.24801135,68.96029097,70.58854415,71.51055794,71.76304127,72.72818045,76.12291109,77.3853094,77.77493871,78.56450764,79.14800181,81.81790651]","[7,7,3,3,2,6,2,2,2,6,5,1,3,0,5,1,1,2,6,2,6,6,6,6,1,2,2,6,6,2,6,1,0,5,0,7,3,7,2,6,6,7,6,2,2,2,6,6,5,3,4,1,1,7,3,1,6,2,2,6,2,6,2,2]"
"[1.48257145,4.26508845,12.16995881,21.65230316,23.79744378,24.62363432,29.4143824,30.0208985,31.26118674,33.95527568,34.7324698,39.08373561,39.5391456,42.2970984,43.01558033,46.01417768,46.10435491,48.25186222,50.52512921,52.35034885,52.69093998,53.70579794,53.73909891,53.76938712,56.24779533,57.22087285,60.93451772,61.29933237,61.93834866,71.19615956,72.07882432,75.33801846,87.01237763,91.50189777,91.894097,99.78607566,100.20311317,100.86624418,101.34925659,101.35848928,101.36426552,102.13294271,102.30367182,102.33534215,102.82878389,103.21154203,104.21605833,104.23339776,104.54819296,107.60132731,108.72903823,109.07728941,109.32489366,110.07276146,110.42904536,110.53184543,111.78420231,113.45854811,113.96605762,115.32964942,116.5708021,122.2749949,122.70102317,123.97132871]","[4,1,4,2,0,1,4,4,1,5,0,1,7,3,3,7,7,6,2,6,2,2,6,6,6,1,2,2,1,2,6,0,0,0,6,2,6,3,1,6,7,5,6,1,2,2,2,3,6,3,6,6,7,3,2,3,7,1,6,2,7,7,0,0]"
"[0.13586144,0.31141212,1.00840056,4.16216371,9.72431437,10.21174734,11.82246512,20.60793633,21.82061603,34.2084746,37.90194458,44.11986915,48.87031022,49.91437705,58.35008573,58.58229052,59.35852819,62.00490693,64.36158041,77.40168472,77.82765682,78.23513021,86.50933327,88.70914416,88.7221157,89.25477451,90.19161555,90.20631797,90.39716564,99.20373431,103.07334719,103.67151292,103.86002604,104.7855569,109.99181112,111.23452614,111.3440511,111.69615461,111.79670877,111.88125905,112.34590828,113.11634695,113.79971052,118.20293185,118.78328036,118.86494147,118.94625054,119.0568864,119.48958086,119.5646863,119.6596642,120.09471781,120.90950748,121.00528471,121.51487428,121.59761098,122.62102191,122.65073529,123.22460868,123.70034445,124.34691479,124.37792445,124.38968439,125.56697219]","[3,7,1,4,1,0,7,4,0,3,7,4,4,1,1,7,1,0,2,0,0,5,7,6,3,1,5,0,1,0,2,1,6,2,5,7,3,5,5,0,7,7,3,7,3,7,3,6,3,3,3,7,7,7,2,3,3,3,3,7,7,7,3,7]"
"[1.73388001,5.3946065,6.64350013,7.61856142,7.81039416,8.40590386,8.95316568,9.76635622,10.11054875,11.11151981,13.04888361,13.65884833,16.59295263,16.85511201,17.1782944,17.73607425,18.29207089,19.1042961,19.56158979,20.42147154,21.44853681,22.42751191,22.75699252,22.92173309,23.07239471,23.15396009,25.01561722,29.74767212,33.87496443,34.90227195,35.90328903,45.83631824,46.53221309,48.2332426,52.61758987,61.37604798,61.67850958,61.86794272,67.97119805,68.38815457,68.46907838,68.55764716,68.68300793,71.88576438,72.83348961,73.03512999,74.09842318,74.42892916,74.4581235,74.59377148,74.64008135,74.76170036,74.88626049,74.93837982,76.52544003,76.61837416,76.71010762,76.76504074,77.2327781,77.28341843,77.32112884,79.48017036,79.56906449,79.69180166]","[2,1,1,6,2,0,3,6,1,0,0,2,1,5,5,7,2,6,3,7,3,7,3,4,7,1,4,4,3,7,0,7,2,2,1,1,1,0,6,2,6,6,3,7,2,7,6,2,2,3,2,6,6,6,2,2,6,6,6,6,2,6,2,6]"
"[0.28084642,0.6624659,1.27494243,1.99134596,7.7405479,8.0884107,8.86406087,9.14749768,9.35631551,11.87436496,12.20990193,12.48785742,12.55026838,16.12789874,17.62366514,19.17934612,19.60756656,21.09812012,23.38055713,23.86818666,24.06711267,30.00852382,35.84243453,36.30092051,38.31474267,41.24013819,43.09913241,46.43850875,56.59950917,71.74340326,71.88958267,74.6005464,75.36918856,75.76164736,75.88676739,76.29572041,77.6696552,78.07089737,78.47236632,78.58418976,78.6676499,79.64400652,79.87671118,81.08076872,86.72247342,90.21375124,92.91314708,95.74746216,96.31857502,96.82780006,97.82218484,98.68544908,99.20991885,100.93662212,104.81826159,109.79899957,112.10236757,112.9012218,116.48207549,116.84108545,118.73110065,120.06972304,121.02432272,121.75256364]","[2,6,6,2,6,2,2,1,6,6,5,2,6,6,0,4,6,7,3,0,6,2,1,2,2,5,1,0,1,2,6,2,6,2,6,2,6,6,7,2,6,0,2,2,0,4,6,1,7,3,3,4,7,1,5,6,7,3,1,5,1,2,7,6]"
"[4.02966512,5.03617641,5.06743043,5.33469022,5.3627985,5.4883145,5.52157003,5.57025727,6.51716854,6.67109644,7.01782305,11.39955131,11.71702187,16.89908596,21.75382863,22.4295233,22.71481975,22.87563113,23.98648891,24.42704861,26.44037941,27.70279966,28.36204588,28.36243579,28.36510554,28.37342555,29.41919844,32.26698029,34.8699896,37.20181699,37.50087806,37.95222436,37.96781134,38.06020609,40.50847908,44.67388195,45.3858798,46.15992147,49.38061504,50.93055771,52.26953922,52.3386481,52.35346376,52.46760961,52.53753734,52.86863739,52.87233555,54.08980421,55.2620757,57.55745885,59.71360339,61.36787224,68.56774454,70.17542484,70.33725749,73.13632857,76.38042425,77.30553173,78.43686998,78.53116237,78.9549401,79.102008,79.38042226,80.0943184]","[3,7,3,7,7,7,6,3,7,3,1,3,1,0,2,7,2,3,7,7,7,2,6,6,2,2,3,1,0,2,7,6,2,6,0,1,0,4,2,3,7,3,4,7,3,7,7,3,0,1,2,0,4,2,6,6,5,1,2,5,6,6,2,2]"
"[0.20032375,4.80813573,5.03707105,7.38957726,7.48007606,7.51407163,9.30634953,10.57181635,11.95299586,12.1714525,16.22099071,16.5550788,16.76335215,17.41415372,21.81479203,26.07026619,28.84687435,29.55499537,29.98161168,30.43337946,30.73858947,30.74433413,30.9748013,31.40351746,33.46684223,34.25807148,34.77504121,35.38452057,35.63542164,35.88560803,36.03398764,36.99021211,37.22438178,37.29970237,37.57958687,37.73975828,38.06828689,38.21532013,38.59981075,39.79327075,39.87946227,40.15833619,40.56049549,41.17255828,43.70705858,44.09810309,45.24824771,46.48432647,48.48510212,48.54436785,49.28508681,49.65041408,52.79477368,52.82804056,52.9550555,53.71465843,54.46669513,59.88647443,60.1343806,60.78678309,61.02742666,77.03995815,77.66765261,78.00491091]","[4,2,6,6,2,6,6,2,6,5,1,2,6,2,0,0,2,7,3,7,3,6,3,3,7,3,2,6,1,7,7,3,7,6,3,7,7,1,7,7,4,6,2,6,2,6,2,6,3,4,7,0,2,6,6,2,3,7,3,1,0,1,7,3]"
"[3.15828131,3.51074309,3.57812106,9.8546069,15.49686262,15.66514913,17.86496949,21.73044422,22.53781842,23.73054116,24.49794651,25.09682042,26.11050097,26.6115007,28.19320565,28.4074254,29.31501471,30.79331246,30.91921239,31.36163651,31.87711399,32.00090154,32.00405392,32.20722206,32.218822,32.21993323,32.44790764,32.64001131,32.84928788,33.8305895,34.64640058,34.88663412,35.23773783,35.57426319,36.70710569,37.02622067,37.40105175,37.76050025,37.77486512,39.08197116,44.44908251,46.1295197,46.26929717,46.94183557,48.55134869,54.86418725,60.86707272,67.08415958,67.3290449,67.42245461,72.46152367,73.91612387,78.55462192,80.24432822,82.89260782,83.10508811,84.37056791,84.65233752,86.98451827,88.09109912,89.04883119,89.26515916,89.2998902,89.32087859]","[5,2,6,0,7,0,6,7,2,1,2,6,2,2,6,2,6,6,6,2,2,6,2,6,6,6,7,2,6,2,6,6,2,2,2,6,2,4,6,4,0,3,7,1,3,4,1,7,3,6,7,5,0,1,2,3,6,2,1,2,2,6,3,6]"
"[1.80346631,4.21707605,8.96214911,9.53175951,9.85677726,10.1768813,10.53271394,11.9682222,12.14385825,12.73706584,13.33664119,13.85831281,22.36528431,23.54532929,24.15480902,24.21106785,24.969028,26.00096972,26.19192935,28.60848576,29.66458505,29.9819127,35.23762743,37.15141479,37.24548127,39.47110904,42.72689446,42.85816263,43.10870211,43.33397982,44.30155397,44.54066409,44.55136913,44.67990592,44.73289629,44.73533837,46.10986935,46.32934582,46.52593704,46.98610591,47.20330428,47.24453682,47.43159881,47.56792553,47.66596933,47.66996548,47.70502912,47.71036586,47.78493003,47.87649926,48.13925671,48.50777578,48.59951063,48.95812431,49.03412878,50.21621638,50.69334408,53.3995932,55.71891473,57.40208676,58.42263867,58.94955858,59.11049301,59.55682494]","[1,6,6,2,7,6,2,2,1,6,2,5,6,2,2,2,6,6,2,4,5,2,7,5,5,0,7,3,3,7,3,3,7,3,7,2,7,7,3,3,3,6,3,3,7,3,7,7,1,7,3,7,7,3,7,2,1,7,7,3,7,7,7,3]"
"[0.68141896,4.41579803,5.46794707,7.19799763,12.08257463,15.77315544,23.46166625,26.14759439,27.609026,29.02628825,31.28239455,33.16889695,34.17722799,34.28590125,34.76299809,34.99049567,35.13107185,36.89373618,37.00827198,37.66918296,38.14768837,38.44135451,38.82641308,38.83052555,39.24020447,39.51081569,40.44520213,40.73405567,40.81505566,41.57185668,41.98532354,42.14163136,42.22980816,42.42138167,42.55083371,42.61201942,42.7265732,43.8772485,44.15405311,44.23219247,44.37764874,44.44937194,44.6818802,46.97541292,47.46313457,51.65045561,55.82307499,56.63199187,57.06225477,57.16015477,66.30562385,67.7333056,69.05822398,69.12286568,70.7439842,72.04441741,73.120533,73.45742649,79.15493843,79.98737375,83.02347215,83.45112749,85.67225226,87.52740637]","[5,4,5,6,6,0,5,3,7,3,7,0,6,3,6,7,7,7,3,5,7,3,3,7,7,3,3,7,7,3,7,3,7,3,7,3,3,7,7,3,7,1,7,2,7,6,4,7,7,3,3,7,0,4,1,3,7,3,2,6,2,6,1,6]"
"[0.9236334,2.23071367,6.64448145,8.99947051,10.46815378,16.50448121,17.76242024,17.96230432,18.24344959,18.74250831,18.83508688,19.22514638,20.2304371,20.31135516,20.77048257,21.00472959,21.62688647,21.78917165,22.121161,22.31091164,22.81445889,22.83978237,22.90981968,23.25050093,23.32758341,23.95116348,24.2012084,24.54849751,25.7727619,26.96092915,27.24684112,28.41390994,31.98294649,33.78603834,35.94078481,36.94380565,38.51731082,39.91367319,40.33950005,40.39479907,41.90203999,42.53039778,44.25950981,46.88487331,47.84357661,48.18363851,49.3989659,50.82182522,53.21257226,66.05529458,71.03637236,71.44221673,71.95672485,72.12653107,72.45240972,73.34397703,74.32329976,75.86678627,76.53428212,78.75718067,79.30475133,79.49942525,82.734054,83.45018214]","[2,3,1,6,2,7,3,4,3,7,7,3,7,7,3,3,3,7,7,3,2,6,3,3,3,7,7,2,3,3,3,7,7,6,2,6,5,2,6,6,6,2,6,2,2,5,0,5,4,0,7,3,7,3,7,7,1,4,3,7,2,0,2,6]"
"[0.55378112,0.6465224,2.16820778,2.94658599,9.62793002,14.58735183,15.71774636,16.83530568,20.13871548,21.24611805,23.11456856,23.74126057,23.87811241,24.11427983,24.55587256,26.66470188,27.70945528,36.20299686,37.48091882,38.70469022,38.96881141,40.11036683,40.19659538,40.4179587,40.42814686,41.92818402,41.95881798,42.21015175,42.2442692,44.74132759,44.93363188,45.35113234,45.4387005,45.88845607,46.24867977,47.82348893,47.84216899,48.99708375,49.9746711,50.08723481,50.4615644,51.60059282,51.82326809,52.24824881,53.48482844,53.70535147,54.35068002,54.72595817,54.97411349,55.28479688,55.50568889,56.11515206,56.28361739,57.47584203,58.11792195,58.18872894,58.92842151,59.63988523,60.07346339,61.93274456,62.31798426,64.51428325,66.43859716,69.46805901]","[5,7,1,3,0,7,1,4,4,5,3,5,6,7,2,6,5,2,2,1,6,2,2,6,6,6,6,2,6,6,2,1,6,6,6,4,0,2,6,5,0,2,2,2,6,2,5,6,2,6,6,2,1,2,6,6,6,2,6,6,1,0,0,5]"
"[1.96081175,2.16442874,8.43843459,8.98444733,10.7308248,10.82374904,14.99945359,15.45031081,15.51046303,15.99881539,16.08515826,16.87287512,16.88717771,17.2010375,17.25234857,17.58343105,19.23113515,19.66534361,21.20306568,21.58566973,25.70460569,26.32178441,27.1296362,29.49451028,29.73088583,30.0316977,31.42169626,31.59543215,33.44670198,35.6336875,37.08950954,38.29916814,39.6682153,40.07788483,41.89364064,43.33631463,46.85996323,48.88004528,49.18688483,51.8643916,54.60959115,54.61730106,55.27530625,55.79251089,56.10938187,59.51601068,68.57056406,69.2114435,69.62576178,70.0461303,70.62766357,70.77724658,84.55118551,85.82103787,86.18568499,86.29431859,91.81101081,92.6828285,93.8485554,95.00983191,95.14989834,95.15207461,95.73141736,96.36503389]","[5,2,7,2,6,6,6,6,2,6,2,6,2,2,2,6,7,6,6,3,2,0,6,2,2,6,2,2,7,4,3,2,6,6,1,6,0,7,2,6,6,2,2,2,1,0,6,5,2,6,6,2,7,7,1,3,4,0,5,3,7,4,4,1]"
"[2.05142911,3.92689706,6.87629145,10.02672963,19.83029899,20.08953263,21.11366753,22.55513893,22.82500323,23.32210317,23.47573189,27.92638101,28.13957367,31.84211104,33.69926055,34.7587095,36.6611086,37.05292462,37.35110565,37.41120449,39.10500869,39.85472956,40.19836589,40.94924215,43.34072025,43.46143474,43.50700125,46.3404944,47.42008046,49.63153394,59.11373261,68.19012106,68.3615636,69.91474657,70.22354863,74.79923293,75.83257896,75.98585988,78.59123039,81.39170549,81.68151686,81.75016308,88.01265039,90.37813308,95.39250683,102.43163748,102.7213077,103.1655221,104.27545204,105.70414408,110.74040993,114.70227738,114.95376661,114.96353507,115.17572937,117.25404968,118.17885653,119.78123327,121.36665245,121.49609711,121.57283049,121.88043061,122.38934845,122.599003]","[0,5,0,7,2,6,6,2,6,2,1,1,6,0,1,0,2,6,2,6,6,1,2,6,4,5,2,3,7,7,0,0,2,3,6,7,1,1,5,0,5,4,7,2,1,7,3,3,5,7,3,3,5,7,1,7,1,7,7,3,3,3,3,7]"
"[1.1527277,4.85642975,8.16907863,8.51865595,8.89674639,9.0134005,9.47417333,9.81631551,10.25979351,15.71142335,17.77343317,25.99216115,27.43082108,28.78234308,32.0555178,35.75615136,36.09877897,36.31604401,38.27722237,39.80199726,42.09360623,42.22720734,42.78449249,43.63001355,43.69495544,43.8356737,44.07690687,44.70735916,45.21067702,45.74647742,45.99277954,46.69050953,46.7205591,48.62709919,48.95616154,50.11211515,50.69445205,51.51541772,52.02729316,52.4728246,52.54719217,52.69238733,52.75924523,53.79727468,54.18684696,54.75846536,54.77867962,55.25313822,55.47211225,55.65388024,55.89343463,55.9512765,55.96177124,56.09307683,56.32077222,56.59616277,56.99815635,57.03239282,57.22386696,57.82554387,57.96083262,58.19568127,58.26681217,58.520205]","[3,6,6,2,6,6,4,1,6,2,6,2,0,6,0,6,2,6,5,5,6,2,2,7,6,6,3,2,7,2,6,6,7,6,6,1,7,6,2,6,6,2,2,6,6,2,2,6,6,2,6,2,6,6,6,2,2,2,6,6,2,6,2,6]"
"[6.46528374,6.83872871,8.66022864,26.11036545,26.85123914,28.23361688,30.088834,31.02376094,32.9038374,37.595903,40.79948692,41.05048156,42.22645728,43.33451926,44.69692879,47.44201637,48.21218559,48.62858525,49.37203723,50.07390871,50.9337354,54.13403041,54.16868807,54.21492139,54.34072656,54.47328995,54.49720214,54.90589252,54.95122554,55.33469059,55.4359676,55.54959305,55.77383227,56.56314744,56.59459181,56.65447923,57.48922736,58.91364202,58.93862369,60.03715641,60.42965378,60.51025621,60.54726318,63.18202462,63.81162727,64.14115416,64.87404634,65.49133142,65.58220363,67.20118567,67.82301034,68.26955252,71.41132284,74.44093982,74.55061488,76.47457024,77.91981346,79.25611478,80.95995416,85.17617557,85.4316762,91.01552036,98.20580147,98.26423258]","[4,1,5,2,4,2,6,6,6,7,2,6,4,2,6,0,7,3,7,3,0,3,7,7,7,2,1,1,0,3,7,6,5,3,7,7,1,3,7,7,3,1,1,7,3,3,7,3,7,7,3,6,2,4,5,0,6,0,1,5,7,0,1,2]"
"[5.28049721,7.98738585,11.61616188,12.26912779,16.07077886,18.07401889,23.31520229,29.51636077,30.5924511,36.15336885,39.59683744,39.62786834,41.82439677,46.49055431,47.79801297,54.99353211,59.4206594,59.69106239,63.02796085,64.11718979,64.67340042,70.87904103,71.41509014,74.70244382,75.99388643,76.2454198,79.80050167,79.93018556,80.02797865,80.36015116,80.95297476,81.32007295,81.54564289,83.34480465,87.76570192,94.09039928,94.11923681,95.37680383,96.13770619,98.90674047,99.58293314,100.16613916,100.68736151,100.76165816,100.78260737,101.38282401,101.42661509,101.51880237,101.64521778,101.92237079,102.06930186,102.29967336,102.70950535,102.98497805,103.72777398,103.7293372,103.78261498,105.13367665,105.49597945,105.6450883,105.70537199,105.83156294,106.03103743,106.78740437]","[7,4,0,0,4,0,0,6,1,2,3,7,7,3,7,5,4,0,7,7,0,7,5,1,2,6,3,7,3,1,7,2,6,2,6,7,3,3,3,0,7,3,3,7,3,7,7,7,7,3,3,7,7,7,3,3,3,3,3,6,6,3,4,7]"
"[0.34251741,4.72156158,5.09436637,5.13886546,5.88863325,7.42072801,7.51909735,7.67768408,8.01188158,8.99736912,9.0563517,9.75785842,9.81030521,9.88138491,10.02606975,10.43167215,11.85799773,12.5524624,14.18781178,14.84194873,14.98210926,15.27473782,15.6968926,16.25222283,16.7361877,19.76250976,20.71286551,21.04020158,21.05459565,24.44511618,24.55092071,24.65233695,25.31458507,25.6074558,26.28703604,27.18299181,29.35770132,33.54288926,45.17086208,47.09276493,52.6825119,64.61476367,67.7594555,70.27570354,70.57543149,70.70271377,71.40153663,73.86158609,75.31745044,75.47756421,80.86109002,84.11837162,84.27965991,86.88388544,87.27157158,88.20773938,90.0451825,90.98458293,91.31451023,93.56125609,95.16584451,95.63401302,95.75366223,96.08718153]","[5,2,1,1,7,3,7,3,7,7,3,3,7,7,3,3,7,7,7,6,3,3,7,3,7,3,7,3,3,2,6,2,6,2,2,2,6,0,4,5,4,1,0,3,4,7,3,3,3,4,6,6,2,0,5,4,5,5,6,2,6,6,5,2]"
"[3.59635501,3.98875141,4.04271636,4.82185106,5.80345659,5.83083412,6.32799277,6.40543929,6.98441973,7.81539818,9.49333618,9.62752641,9.6572095,10.00164438,10.08295258,11.08617495,11.24189218,11.28508424,11.5198211,11.68086666,11.68420032,11.74367964,11.85565909,12.20476167,12.31843602,12.70795851,12.79914272,12.85213856,12.91089698,13.01463251,13.25132655,13.32711597,13.46445701,14.05395712,14.40742965,14.56636848,14.71498911,15.15639108,15.47064769,16.53645739,16.56826402,17.58062309,18.64958237,20.62095067,23.23172213,26.54560546,26.81581777,27.13325903,28.03967072,28.39968647,34.34971133,49.01635434,49.31143785,51.08142606,51.40692221,51.65370884,51.97718443,52.38106729,54.33938187,54.39088417,54.75752439,55.17100006,56.17323338,58.50845376]","[2,2,6,2,6,6,1,6,1,2,2,6,6,3,2,6,2,2,1,6,7,3,3,2,2,2,2,6,7,6,2,2,2,6,6,3,7,6,2,4,2,0,4,5,2,6,1,5,6,2,1,1,4,2,6,1,0,2,6,2,6,6,5,6]"
"[2.66311009,3.2287113,4.23023596,5.13711986,6.42432628,6.71846817,6.92798639,7.0421353,8.49219044,8.65642207,9.35874275,9.81761327,10.44795623,10.66297001,10.67546478,10.72920984,10.7945489,10.93636491,11.0139283,11.04827145,11.07163194,11.08183577,11.85228425,12.14256219,12.86574338,13.64588834,13.81013102,14.08842451,14.15746527,15.46440138,17.08521991,17.86035297,19.8415927,23.35383801,23.83202605,23.85677522,24.09679401,24.28781017,24.57072057,25.2964608,25.38974926,28.37808443,28.74202453,28.81596017,28.93756696,30.18508057,30.95128552,32.54760099,34.51917034,35.12189565,35.95284826,36.51092914,37.19486367,37.52074154,38.58193745,41.75234888,43.93734598,45.24369495,46.37896773,48.04173619,50.45411531,50.49655983,52.69323056,53.44035502]","[2,0,6,6,2,6,6,6,7,3,2,2,6,2,6,6,7,6,2,6,2,6,3,7,6,3,2,5,7,2,6,7,6,2,3,6,7,2,3,6,6,6,2,1,6,1,7,6,7,2,3,7,3,3,3,1,7,3,1,2,0,6,4,3]"
"[1.41550886,3.81454327,4.39250055,8.615862,16.57644768,16.85371817,21.19397616,22.62859168,25.560108,25.81787265,26.50149541,27.92213479,28.64660709,28.67962096,28.85323015,33.2840608,34.94222358,35.28753504,35.49987511,36.33756207,38.8383106,44.32022254,46.199774,47.2078431,48.75599019,48.92880842,52.39001692,52.74314364,52.91799782,53.02077821,53.11932186,54.02599111,54.05487864,54.19659597,55.05752769,58.70819897,59.88989371,61.24269437,61.2443719,61.98454399,64.0750782,72.10797082,72.68246911,73.05118373,74.00599425,79.95440616,85.1907929,89.54126183,93.81176529,94.26033841,102.07972482,107.62590575,108.52892477,109.1418411,109.54642833,112.17684653,112.43201515,112.44113668,112.54563779,113.6214557,113.65276923,113.86169106,113.88160565,113.996865]","[3,3,7,4,3,2,2,6,3,7,4,7,7,3,7,1,6,0,5,7,3,1,4,1,5,6,6,2,4,5,2,0,6,6,6,1,2,3,7,7,1,1,1,7,1,6,2,1,2,1,2,0,6,2,7,6,2,3,7,2,2,7,6,3]"
"[0.84576927,0.92527623,7.08172528,7.56894048,7.86763206,8.03268777,8.51137545,8.94519229,9.12756732,9.72700487,10.42260833,10.62359454,10.6687879,11.05841598,13.59537111,13.92306849,14.68253137,18.65225547,18.77747674,18.85673969,18.87347134,18.93664474,19.52834517,20.45748617,21.8271174,22.95103001,23.05855851,23.36873189,23.91090146,24.97336177,27.46740732,27.78973041,27.93827907,28.95867165,29.25894096,30.05100004,31.79775878,33.34079018,35.06403254,35.29456639,40.07686253,44.87238802,45.39400438,47.16188272,51.16835136,51.57024219,58.32180229,60.14557092,61.0931778,63.99729606,64.02976448,64.66423739,65.60960321,68.19300494,69.08962013,73.74357115,74.20959612,74.36695002,74.59491137,75.1744569,75.60861535,76.64739289,78.33107642,78.68718167]","[7,5,6,2,6,2,4,2,2,3,6,7,7,7,2,3,7,2,6,6,2,6,7,6,3,1,2,6,1,3,7,3,1,3,5,3,6,0,0,1,0,7,7,3,0,7,7,3,7,6,7,1,5,3,2,2,2,5,6,3,1,2,7,5]"
"[1.67160118,9.71907447,13.25679727,13.53449252,13.81806581,15.6715976,18.23283165,18.39698459,18.93857212,19.3884793,20.16516568,21.57083739,21.91713296,23.52584578,23.86042387,24.25576479,24.41955357,25.10647735,26.78295814,28.27687185,32.56603328,33.34462914,33.74373527,34.91041161,38.31067273,39.24883482,41.13606082,41.35423752,42.86222659,44.80884764,46.52726432,47.62709741,51.06173525,51.31819192,52.61500541,52.75721679,53.18731371,53.31638459,55.65152427,56.42763957,56.96725971,57.13297748,57.1906862,61.1128201,61.68321764,62.16539168,63.25433878,63.56283895,63.61445795,63.6264041,63.75752618,63.79746828,64.93849604,65.19371362,65.79898232,69.43048039,74.19139624,76.35574718,82.62881339,82.6921496,83.04458708,86.009897,87.89659927,89.45488051]","[7,0,7,0,3,7,7,3,7,3,4,3,7,0,7,2,3,5,7,7,1,3,5,7,7,2,6,1,1,0,1,1,4,7,3,4,3,0,7,7,2,3,3,5,5,2,5,4,6,2,2,2,3,6,4,1,7,3,2,6,6,2,5,2]"
"[1.96246917,7.49670842,10.3552456,16.03676703,22.17906432,25.70859874,26.88121043,29.25201037,30.52218233,33.54013147,34.8157747,39.57524337,41.73424035,43.5504002,44.40413343,62.63163975,63.78548523,63.99703713,64.98449932,65.07532274,65.72463522,66.64741215,67.90087717,69.42527233,76.22514427,76.24082574,78.04135151,78.08587937,80.52828985,84.66722834,84.94604162,85.70260006,85.7650525,86.14025657,86.23884822,86.44875257,87.09952718,87.46128526,88.1226069,93.24216879,97.17594534,97.7769832,98.0658652,99.63347746,100.34491896,100.71811064,106.43550346,108.59517043,110.57371956,112.65430972,114.75065769,120.13355604,124.58735848,132.27864063,133.44938835,133.46539766,136.67658518,136.9199573,137.15689155,138.83262534,150.69916865,156.63352907,165.94050611,167.65560163]","[5,2,6,4,5,0,0,2,4,1,0,0,3,6,6,0,7,3,2,2,6,6,6,5,2,1,7,3,3,5,3,7,7,3,3,4,0,3,7,6,7,5,3,3,7,3,1,4,1,5,1,1,5,5,7,3,7,6,3,7,1,5,5,6]"
"[2.79199834,3.15250039,7.24551143,9.78138624,11.11720686,12.09504636,14.18989087,15.74523104,18.01840249,18.75196991,19.49304852,19.84411118,22.20762258,22.29412777,22.86648495,23.73300383,24.99445318,25.70496221,34.44740428,34.99496679,36.76790297,39.74795447,42.05643633,47.09212733,47.21709718,49.23999706,50.47009138,50.57928948,53.59857068,54.73888567,56.21029275,56.80962959,56.94932453,63.67606372,67.95063873,69.28105225,71.12656638,71.23657027,71.4088754,71.68305556,73.06408351,79.20245368,85.38140282,86.66583643,89.25772092,90.20942209,92.12745855,102.26219474,104.94327896,105.14184103,107.3628963,108.35773205,109.21692946,109.49549473,110.67457658,111.85278302,113.93296102,117.3510786,118.94531805,122.96170725,126.47638464,128.35717553,135.1893328,135.69401984]","[6,1,1,1,3,0,2,6,6,6,1,4,2,6,2,2,5,5,7,4,2,0,5,7,3,7,7,5,4,3,0,7,4,2,7,2,6,6,6,5,2,4,0,2,6,3,2,2,4,0,7,3,7,7,7,3,1,7,1,3,4,1,1,2]"
"[3.34450056,5.22829434,7.02656751,8.35876311,8.59781424,9.07300276,16.45583888,20.63940631,23.59105701,24.34178776,26.29843946,26.33149443,27.75691185,27.99492226,29.41659787,30.33818578,30.61485356,30.74251958,30.75164453,31.20614638,31.42359402,31.54715679,31.96750874,32.28147361,32.37225696,32.48643136,32.86088658,33.15578701,33.24461315,33.75436709,33.78766747,34.8739156,36.21915401,36.69834126,37.53093739,38.20993147,39.8945236,41.20462546,44.1320209,45.25392819,46.1695027,46.47212398,46.80384328,48.41028117,48.75956144,49.81426679,51.78903546,52.95109773,56.73875108,56.94489857,58.0851158,58.36024311,59.03739722,59.41690853,59.57321648,59.83121763,62.63224495,65.11519744,68.74040457,73.69385346,84.58024903,84.74257185,92.86355216,93.91130501]","[4,1,5,3,5,1,1,1,2,0,0,6,5,7,3,2,6,2,6,3,1,7,1,3,6,7,7,6,2,6,3,7,1,7,0,1,2,6,5,6,2,6,2,1,1,6,2,0,6,2,2,6,2,6,4,6,2,7,3,1,0,3,2,1]"
"[1.34286165,5.76272884,8.75732967,10.17019559,10.30786383,12.1106736,13.03561714,14.59693183,15.42046853,17.64928982,18.31670322,19.27108899,26.10345408,26.55961265,26.93954133,27.13164816,27.20121636,27.50367838,27.65339463,27.8068159,28.22710649,28.43416338,30.11121801,30.13963714,32.52587022,34.6922645,42.26563795,42.68733552,42.95713499,43.18703508,43.34106563,44.31052561,44.49540947,45.50542369,45.91477802,46.55813453,46.73581044,47.40329132,49.051199,51.31588833,51.54997981,52.01393594,52.88036931,53.6440088,56.61157171,57.95937041,61.37426991,62.60219837,63.07522458,63.53382477,67.82685514,72.06115423,75.95358305,77.399417,78.62515066,78.91979856,79.27636352,80.02278986,80.29098669,80.37089555,80.69822494,80.74372466,81.05621939,81.48880479]","[5,2,6,7,3,3,0,5,7,2,5,4,5,3,7,7,3,7,3,6,2,7,2,7,5,5,6,7,3,7,7,5,3,7,3,3,7,3,0,7,3,7,7,0,3,3,7,1,2,6,4,7,6,4,5,4,2,1,6,6,2,6,2,2]"
"[10.29515638,10.42746038,10.95777898,11.34779232,11.77264863,12.33634998,13.04469562,14.00680403,14.18497715,16.72364704,17.99279328,18.86678881,22.48743418,25.22765198,25.71834746,28.94609312,31.5476438,34.62361005,38.80249392,39.13470688,39.78412572,40.06922189,40.33999839,60.49937734,61.8580509,66.433202,68.37634453,69.42736193,71.22193624,74.43541716,75.54685485,75.78511689,77.42558429,79.388864,80.29465495,80.81446502,84.78549528,84.94051118,85.53956608,85.58176481,85.63226272,87.66261186,89.13348627,90.71423225,91.27505857,91.41289162,91.79942992,91.93132191,92.14962658,95.53711654,96.8328673,97.06484287,97.80171357,98.07896431,98.90567887,99.01426794,110.45896699,112.06018722,117.50282682,118.42827124,118.71136374,119.96940131,120.33099475,120.4552623]","[0,6,2,2,6,2,6,6,2,2,0,6,5,2,1,1,0,3,5,7,7,3,7,2,1,1,1,1,1,2,6,2,2,6,0,2,7,6,6,2,3,6,7,6,2,6,6,2,2,3,2,7,6,2,0,6,4,5,3,3,7,7,3,5]"
"[2.947683,9.55127706,10.83018645,19.66014583,22.37437514,22.5607844,22.88851499,23.60023212,23.73243212,23.81935695,24.24395827,24.46303056,25.93588113,25.96353364,26.03028736,26.45748658,30.30089722,33.87208775,37.42332135,37.81786731,38.05803522,39.66107903,43.52228318,43.65186499,43.78394172,43.9786868,44.61242161,45.30189864,45.45588466,46.68464534,46.75891085,47.435789,47.51913442,48.01557526,50.46329398,50.78945731,51.29515116,52.66291064,52.80868107,53.32618313,54.1555778,54.23595327,56.10370542,56.52148217,56.60842151,57.27831273,61.68168259,63.42419606,64.29098741,65.34029152,66.23250265,66.53772078,66.61297243,67.36345823,67.79914933,68.19957282,68.7553396,69.89422774,70.10399269,70.21900417,71.34937845,71.8652216,72.05545805,72.29267711]","[4,2,1,7,5,7,7,3,7,7,3,3,2,7,6,2,0,2,6,2,3,6,2,2,2,6,2,2,7,7,3,6,7,3,3,3,7,6,6,5,1,4,2,3,3,7,3,7,7,0,2,3,3,5,4,3,1,7,3,7,3,3,7,7]"
"[0.50427375,5.31566101,7.37909268,9.99845803,10.65611631,12.79818286,13.07642114,13.20877435,20.98411691,25.10052891,25.37649014,25.60601527,26.46333905,27.00146726,28.04431524,28.95064564,34.83268667,37.72044524,41.1534245,42.60306621,42.77456152,46.11241071,55.4684647,56.70372864,57.02831989,57.76607552,58.63391051,58.77403,59.05391921,59.78829597,59.83878062,59.85802013,59.96374385,62.28715279,64.0565008,64.35471899,64.55027108,65.4660383,65.87534011,65.90772005,66.82185176,66.84153538,66.90520837,66.96615091,68.37582269,68.48609604,68.64199996,69.63174043,69.98837601,72.97047958,73.45428516,73.79937916,74.30762637,74.82200516,75.57203276,76.38109887,76.79446278,77.96936922,80.41141199,82.46242765,82.7373508,82.79210431,83.17593456,83.30049967]","[2,1,4,5,2,7,3,4,1,6,2,2,2,6,2,3,0,4,1,4,2,1,2,7,3,7,2,6,3,3,7,7,0,2,7,3,3,4,7,7,7,5,3,1,0,3,4,4,7,3,0,7,7,3,2,3,7,6,0,7,7,5,6,2]"
"[0.71336071,1.01352062,2.05573944,5.02567746,9.07550005,10.19549659,12.09950628,14.28962834,14.44348868,19.03745935,21.9351895,23.81980187,26.6281022,28.69422316,29.54670433,30.74723421,31.0283036,33.79725255,35.81105014,35.86128944,38.01103148,38.08350081,40.95717853,41.36138855,41.681212,41.69766188,41.73618506,42.02587364,43.05484519,45.11059747,50.80901634,51.44458062,55.23666992,57.92708146,69.795965,71.05788843,71.28508502,72.99458623,81.97680266,82.21344452,82.43448128,82.6080086,83.04876277,87.06018942,87.69227278,87.94832755,87.98182533,88.38904079,88.45212486,88.73744181,88.79531201,90.31834487,90.41192973,90.62649399,91.28013051,91.33812748,91.51824627,92.44411169,93.05456979,93.49061934,95.18619799,97.85323435,100.03618637,118.61305542]","[7,4,0,5,7,3,5,7,3,2,6,6,2,7,0,6,3,1,1,7,3,3,7,4,3,7,7,3,7,7,0,7,5,7,4,7,1,1,7,3,1,7,7,4,3,2,7,3,7,3,3,7,3,6,7,3,7,7,7,3,3,5,7,1]"
